cloud-0n58xq:1842463:1842463 [0] NCCL INFO ENV/Plugin: Could not find: libnccl-env.so
cloud-0n58xq:1842463:1842463 [0] NCCL INFO cudaDriverVersion 12080
cloud-0n58xq:1842463:1842463 [0] NCCL INFO NCCL version 2.28.9+cuda12.9
cloud-0n58xq:1842463:1842463 [0] NCCL INFO NET/Plugin: Could not find: libnccl-net.so
cloud-0n58xq:1842463:1842463 [0] NCCL INFO NET/IB : Using [0]mlx5_0:1/IB [1]mlx5_1:1/IB [2]mlx5_2:1/IB [3]mlx5_3:1/IB [4]mlx5_4:1/IB [5]mlx5_5:1/IB [6]mlx5_6:1/IB [7]mlx5_7:1/IB [RO]; OOB enp0s3:192.168.0.2<0>
cloud-0n58xq:1842463:1842463 [0] NCCL INFO Initialized NET plugin IB
cloud-0n58xq:1842463:1842463 [0] NCCL INFO Assigned NET plugin IB to comm
cloud-0n58xq:1842463:1842463 [0] NCCL INFO Assigned GIN plugin GIN_IB_GDAKI to comm
cloud-0n58xq:1842463:1842463 [0] NCCL INFO Using network IB
cloud-0n58xq:1842463:1842463 [0] NCCL INFO DMA-BUF is available on GPU device 0
cloud-0n58xq:1842463:1842463 [0] NCCL INFO ncclCommInitRankConfig comm 0x55f80d06f1d0 rank 1 nranks 4 cudaDev 0 nvmlDev 1 busId 8000 commId 0xb133a881a232639d - Init START
cloud-0n58xq:1842463:1842463 [0] NCCL INFO RAS client listening socket at 127.0.0.1<28028>
cloud-0n58xq:1842463:1842463 [0] NCCL INFO MNNVL busId 0x8000 fabric UUID 0.0 cliqueId 0x0 state 3 healthMask 0x0
cloud-0n58xq:1842463:1842463 [0] NCCL INFO Topology detection : could not read /sys/devices/system/node/node-1/cpumap, ignoring
cloud-0n58xq:1842463:1842463 [0] NCCL INFO Could not find real path of /sys/class/pci_bus/fffffff/../../fffffff:ff:f
cloud-0n58xq:1842463:1842463 [0] NCCL INFO TOPO/NET : Importing network plugins to topology
cloud-0n58xq:1842463:1842463 [0] NCCL INFO Topology detection : could not read /sys/devices/system/node/node-1/cpumap, ignoring
cloud-0n58xq:1842463:1842463 [0] NCCL INFO ncclTopoPopulateNics : Filled mlx5_0 in topo with pciPath=/sys/devices/pci0000:00/0000:00:04.0/0000:01:00.0/0000:02:03.0/0000:05:00.0 keep=1 coll=(null)
cloud-0n58xq:1842463:1842463 [0] NCCL INFO Topology detection : could not read /sys/devices/system/node/node-1/cpumap, ignoring
cloud-0n58xq:1842463:1842463 [0] NCCL INFO ncclTopoPopulateNics : Filled mlx5_1 in topo with pciPath=/sys/devices/pci0000:00/0000:00:05.0/0000:06:00.0/0000:07:03.0/0000:0a:00.0 keep=1 coll=(null)
cloud-0n58xq:1842463:1842463 [0] NCCL INFO Topology detection : could not read /sys/devices/system/node/node-1/cpumap, ignoring
cloud-0n58xq:1842463:1842463 [0] NCCL INFO ncclTopoPopulateNics : Filled mlx5_2 in topo with pciPath=/sys/devices/pci0000:00/0000:00:06.0/0000:0b:00.0/0000:0c:03.0/0000:0f:00.0 keep=1 coll=(null)
cloud-0n58xq:1842463:1842463 [0] NCCL INFO Topology detection : could not read /sys/devices/system/node/node-1/cpumap, ignoring
cloud-0n58xq:1842463:1842463 [0] NCCL INFO ncclTopoPopulateNics : Filled mlx5_3 in topo with pciPath=/sys/devices/pci0000:00/0000:00:07.0/0000:10:00.0/0000:11:03.0/0000:14:00.0 keep=1 coll=(null)
cloud-0n58xq:1842463:1842463 [0] NCCL INFO Topology detection : could not read /sys/devices/system/node/node-1/cpumap, ignoring
cloud-0n58xq:1842463:1842463 [0] NCCL INFO ncclTopoPopulateNics : Filled mlx5_4 in topo with pciPath=/sys/devices/pci0000:00/0000:00:08.0/0000:15:00.0/0000:16:03.0/0000:19:00.0 keep=1 coll=(null)
cloud-0n58xq:1842463:1842463 [0] NCCL INFO Topology detection : could not read /sys/devices/system/node/node-1/cpumap, ignoring
cloud-0n58xq:1842463:1842463 [0] NCCL INFO ncclTopoPopulateNics : Filled mlx5_5 in topo with pciPath=/sys/devices/pci0000:00/0000:00:09.0/0000:1a:00.0/0000:1b:03.0/0000:1e:00.0 keep=1 coll=(null)
cloud-0n58xq:1842463:1842463 [0] NCCL INFO Topology detection : could not read /sys/devices/system/node/node-1/cpumap, ignoring
cloud-0n58xq:1842463:1842463 [0] NCCL INFO ncclTopoPopulateNics : Filled mlx5_6 in topo with pciPath=/sys/devices/pci0000:00/0000:00:0a.0/0000:1f:00.0/0000:20:03.0/0000:23:00.0 keep=1 coll=(null)
cloud-0n58xq:1842463:1842463 [0] NCCL INFO Topology detection : could not read /sys/devices/system/node/node-1/cpumap, ignoring
cloud-0n58xq:1842463:1842463 [0] NCCL INFO ncclTopoPopulateNics : Filled mlx5_7 in topo with pciPath=/sys/devices/pci0000:00/0000:00:0b.0/0000:24:00.0/0000:25:03.0/0000:28:00.0 keep=1 coll=(null)
cloud-0n58xq:1842463:1842463 [0] NCCL INFO GPU Direct RDMA Enabled for GPU 0 / HCA 0 (distance 4 <= 5), read 0 mode Default
cloud-0n58xq:1842463:1842463 [0] NCCL INFO GPU Direct RDMA Enabled for GPU 1 / HCA 0 (distance 4 <= 5), read 0 mode Default
cloud-0n58xq:1842463:1842463 [0] NCCL INFO GPU Direct RDMA Enabled for GPU 2 / HCA 0 (distance 4 <= 5), read 0 mode Default
cloud-0n58xq:1842463:1842463 [0] NCCL INFO GPU Direct RDMA Enabled for GPU 3 / HCA 0 (distance 4 <= 5), read 0 mode Default
cloud-0n58xq:1842463:1842463 [0] NCCL INFO GPU Direct RDMA Enabled for GPU 0 / HCA 1 (distance 4 <= 5), read 0 mode Default
cloud-0n58xq:1842463:1842463 [0] NCCL INFO GPU Direct RDMA Enabled for GPU 1 / HCA 1 (distance 4 <= 5), read 0 mode Default
cloud-0n58xq:1842463:1842463 [0] NCCL INFO GPU Direct RDMA Enabled for GPU 2 / HCA 1 (distance 4 <= 5), read 0 mode Default
cloud-0n58xq:1842463:1842463 [0] NCCL INFO GPU Direct RDMA Enabled for GPU 3 / HCA 1 (distance 4 <= 5), read 0 mode Default
cloud-0n58xq:1842463:1842463 [0] NCCL INFO GPU Direct RDMA Enabled for GPU 0 / HCA 4 (distance 4 <= 5), read 0 mode Default
cloud-0n58xq:1842463:1842463 [0] NCCL INFO GPU Direct RDMA Enabled for GPU 1 / HCA 4 (distance 4 <= 5), read 0 mode Default
cloud-0n58xq:1842463:1842463 [0] NCCL INFO GPU Direct RDMA Enabled for GPU 2 / HCA 4 (distance 4 <= 5), read 0 mode Default
cloud-0n58xq:1842463:1842463 [0] NCCL INFO GPU Direct RDMA Enabled for GPU 3 / HCA 4 (distance 4 <= 5), read 0 mode Default
cloud-0n58xq:1842463:1842463 [0] NCCL INFO GPU Direct RDMA Enabled for GPU 0 / HCA 5 (distance 4 <= 5), read 0 mode Default
cloud-0n58xq:1842463:1842463 [0] NCCL INFO GPU Direct RDMA Enabled for GPU 1 / HCA 5 (distance 4 <= 5), read 0 mode Default
cloud-0n58xq:1842463:1842463 [0] NCCL INFO GPU Direct RDMA Enabled for GPU 2 / HCA 5 (distance 4 <= 5), read 0 mode Default
cloud-0n58xq:1842463:1842463 [0] NCCL INFO GPU Direct RDMA Enabled for GPU 3 / HCA 5 (distance 4 <= 5), read 0 mode Default
cloud-0n58xq:1842463:1842463 [0] NCCL INFO GPU Direct RDMA Enabled for GPU 0 / HCA 0 (distance 4 <= 5), read 0 mode Default
cloud-0n58xq:1842463:1842463 [0] NCCL INFO GPU Direct RDMA Enabled for GPU 1 / HCA 0 (distance 4 <= 5), read 0 mode Default
cloud-0n58xq:1842463:1842463 [0] NCCL INFO GPU Direct RDMA Enabled for GPU 2 / HCA 0 (distance 4 <= 5), read 0 mode Default
cloud-0n58xq:1842463:1842463 [0] NCCL INFO GPU Direct RDMA Enabled for GPU 3 / HCA 0 (distance 4 <= 5), read 0 mode Default
cloud-0n58xq:1842463:1842463 [0] NCCL INFO GPU Direct RDMA Enabled for GPU 0 / HCA 1 (distance 4 <= 5), read 0 mode Default
cloud-0n58xq:1842463:1842463 [0] NCCL INFO GPU Direct RDMA Enabled for GPU 1 / HCA 1 (distance 4 <= 5), read 0 mode Default
cloud-0n58xq:1842463:1842463 [0] NCCL INFO GPU Direct RDMA Enabled for GPU 2 / HCA 1 (distance 4 <= 5), read 0 mode Default
cloud-0n58xq:1842463:1842463 [0] NCCL INFO GPU Direct RDMA Enabled for GPU 3 / HCA 1 (distance 4 <= 5), read 0 mode Default
cloud-0n58xq:1842463:1842463 [0] NCCL INFO GPU Direct RDMA Enabled for GPU 0 / HCA 4 (distance 4 <= 5), read 0 mode Default
cloud-0n58xq:1842463:1842463 [0] NCCL INFO GPU Direct RDMA Enabled for GPU 1 / HCA 4 (distance 4 <= 5), read 0 mode Default
cloud-0n58xq:1842463:1842463 [0] NCCL INFO GPU Direct RDMA Enabled for GPU 2 / HCA 4 (distance 4 <= 5), read 0 mode Default
cloud-0n58xq:1842463:1842463 [0] NCCL INFO GPU Direct RDMA Enabled for GPU 3 / HCA 4 (distance 4 <= 5), read 0 mode Default
cloud-0n58xq:1842463:1842463 [0] NCCL INFO GPU Direct RDMA Enabled for GPU 0 / HCA 5 (distance 4 <= 5), read 0 mode Default
cloud-0n58xq:1842463:1842463 [0] NCCL INFO GPU Direct RDMA Enabled for GPU 1 / HCA 5 (distance 4 <= 5), read 0 mode Default
cloud-0n58xq:1842463:1842463 [0] NCCL INFO GPU Direct RDMA Enabled for GPU 2 / HCA 5 (distance 4 <= 5), read 0 mode Default
cloud-0n58xq:1842463:1842463 [0] NCCL INFO GPU Direct RDMA Enabled for GPU 3 / HCA 5 (distance 4 <= 5), read 0 mode Default
cloud-0n58xq:1842463:1842463 [0] NCCL INFO === System : maxBw 370.8 totalBw 370.8 ===
cloud-0n58xq:1842463:1842463 [0] NCCL INFO CPU/0-ffffffffffffff (1/1/3)
cloud-0n58xq:1842463:1842463 [0] NCCL INFO + PCI[0.2] - PCI/0-1000 (104c823200000000)
cloud-0n58xq:1842463:1842463 [0] NCCL INFO              + PCI[48.0] - GPU/0-3000 (0)
cloud-0n58xq:1842463:1842463 [0] NCCL INFO                            + NVL[370.8] - NVS/0-0
cloud-0n58xq:1842463:1842463 [0] NCCL INFO              + PCI[48.0] - NIC/0-5000
cloud-0n58xq:1842463:1842463 [0] NCCL INFO                            + NET[50.0] - NET/0-0 (0/ccf3690003c0639c/1/50.000000)
cloud-0n58xq:1842463:1842463 [0] NCCL INFO + PCI[0.2] - PCI/0-6000 (104c823200000000)
cloud-0n58xq:1842463:1842463 [0] NCCL INFO              + PCI[48.0] - NIC/0-a000
cloud-0n58xq:1842463:1842463 [0] NCCL INFO                            + NET[50.0] - NET/0-1 (0/74f3690003c0639c/1/50.000000)
cloud-0n58xq:1842463:1842463 [0] NCCL INFO              + PCI[48.0] - GPU/0-8000 (1)
cloud-0n58xq:1842463:1842463 [0] NCCL INFO                            + NVL[370.8] - NVS/0-0
cloud-0n58xq:1842463:1842463 [0] NCCL INFO + PCI[0.2] - PCI/0-b000 (104c823200000000)
cloud-0n58xq:1842463:1842463 [0] NCCL INFO              + PCI[48.0] - NIC/0-f000
cloud-0n58xq:1842463:1842463 [0] NCCL INFO                            + NET[50.0] - NET/0-2 (0/9e196b0003c0639c/1/50.000000)
cloud-0n58xq:1842463:1842463 [0] NCCL INFO + PCI[0.2] - PCI/0-10000 (104c823200000000)
cloud-0n58xq:1842463:1842463 [0] NCCL INFO              + PCI[48.0] - NIC/0-14000
cloud-0n58xq:1842463:1842463 [0] NCCL INFO                            + NET[50.0] - NET/0-3 (0/38036a0003c0639c/1/50.000000)
cloud-0n58xq:1842463:1842463 [0] NCCL INFO + PCI[0.2] - PCI/0-15000 (104c823200000000)
cloud-0n58xq:1842463:1842463 [0] NCCL INFO              + PCI[48.0] - NIC/0-19000
cloud-0n58xq:1842463:1842463 [0] NCCL INFO                            + NET[50.0] - NET/0-4 (0/1a016b0003c0639c/1/50.000000)
cloud-0n58xq:1842463:1842463 [0] NCCL INFO              + PCI[48.0] - GPU/0-17000 (2)
cloud-0n58xq:1842463:1842463 [0] NCCL INFO                            + NVL[370.8] - NVS/0-0
cloud-0n58xq:1842463:1842463 [0] NCCL INFO + PCI[0.2] - PCI/0-1a000 (104c823200000000)
cloud-0n58xq:1842463:1842463 [0] NCCL INFO              + PCI[48.0] - NIC/0-1e000
cloud-0n58xq:1842463:1842463 [0] NCCL INFO                            + NET[50.0] - NET/0-5 (0/70f3690003c0639c/1/50.000000)
cloud-0n58xq:1842463:1842463 [0] NCCL INFO              + PCI[48.0] - GPU/0-1c000 (3)
cloud-0n58xq:1842463:1842463 [0] NCCL INFO                            + NVL[370.8] - NVS/0-0
cloud-0n58xq:1842463:1842463 [0] NCCL INFO + PCI[0.2] - PCI/0-1f000 (104c823200000000)
cloud-0n58xq:1842463:1842463 [0] NCCL INFO              + PCI[48.0] - NIC/0-23000
cloud-0n58xq:1842463:1842463 [0] NCCL INFO                            + NET[50.0] - NET/0-6 (0/b8f3690003c0639c/1/50.000000)
cloud-0n58xq:1842463:1842463 [0] NCCL INFO + PCI[0.2] - PCI/0-24000 (104c823200000000)
cloud-0n58xq:1842463:1842463 [0] NCCL INFO              + PCI[48.0] - NIC/0-28000
cloud-0n58xq:1842463:1842463 [0] NCCL INFO                            + NET[50.0] - NET/0-7 (0/1c036a0003c0639c/1/50.000000)
cloud-0n58xq:1842463:1842463 [0] NCCL INFO ==========================================
cloud-0n58xq:1842463:1842463 [0] NCCL INFO GPU/0-3000 :GPU/0-3000 (0/5000.0/LOC) GPU/0-8000 (2/370.8/NVL) GPU/0-17000 (2/370.8/NVL) GPU/0-1c000 (2/370.8/NVL) NVS/0-0 (1/370.8/NVL) CPU/0-ffffffffffffff (2/0.2/PHB) NET/0-0 (3/48.0/PIX) NET/0-1 (5/48.0/PXN) NET/0-2 (5/0.2/PHB) NET/0-3 (5/0.2/PHB) NET/0-4 (5/48.0/PXN) NET/0-5 (5/48.0/PXN) NET/0-6 (5/0.2/PHB) NET/0-7 (5/0.2/PHB) 
cloud-0n58xq:1842463:1842463 [0] NCCL INFO GPU/0-8000 :GPU/0-3000 (2/370.8/NVL) GPU/0-8000 (0/5000.0/LOC) GPU/0-17000 (2/370.8/NVL) GPU/0-1c000 (2/370.8/NVL) NVS/0-0 (1/370.8/NVL) CPU/0-ffffffffffffff (2/0.2/PHB) NET/0-0 (5/48.0/PXN) NET/0-1 (3/48.0/PIX) NET/0-2 (5/0.2/PHB) NET/0-3 (5/0.2/PHB) NET/0-4 (5/48.0/PXN) NET/0-5 (5/48.0/PXN) NET/0-6 (5/0.2/PHB) NET/0-7 (5/0.2/PHB) 
cloud-0n58xq:1842463:1842463 [0] NCCL INFO GPU/0-17000 :GPU/0-3000 (2/370.8/NVL) GPU/0-8000 (2/370.8/NVL) GPU/0-17000 (0/5000.0/LOC) GPU/0-1c000 (2/370.8/NVL) NVS/0-0 (1/370.8/NVL) CPU/0-ffffffffffffff (2/0.2/PHB) NET/0-0 (5/48.0/PXN) NET/0-1 (5/48.0/PXN) NET/0-2 (5/0.2/PHB) NET/0-3 (5/0.2/PHB) NET/0-4 (3/48.0/PIX) NET/0-5 (5/48.0/PXN) NET/0-6 (5/0.2/PHB) NET/0-7 (5/0.2/PHB) 
cloud-0n58xq:1842463:1842463 [0] NCCL INFO GPU/0-1c000 :GPU/0-3000 (2/370.8/NVL) GPU/0-8000 (2/370.8/NVL) GPU/0-17000 (2/370.8/NVL) GPU/0-1c000 (0/5000.0/LOC) NVS/0-0 (1/370.8/NVL) CPU/0-ffffffffffffff (2/0.2/PHB) NET/0-0 (5/48.0/PXN) NET/0-1 (5/48.0/PXN) NET/0-2 (5/0.2/PHB) NET/0-3 (5/0.2/PHB) NET/0-4 (5/48.0/PXN) NET/0-5 (3/48.0/PIX) NET/0-6 (5/0.2/PHB) NET/0-7 (5/0.2/PHB) 
cloud-0n58xq:1842463:1842463 [0] NCCL INFO NET/0-0 :GPU/0-3000 (3/48.0/PIX) GPU/0-8000 (5/0.2/PHB) GPU/0-17000 (5/0.2/PHB) GPU/0-1c000 (5/0.2/PHB) CPU/0-ffffffffffffff (3/0.2/PHB) NET/0-0 (0/5000.0/LOC) NET/0-1 (6/0.2/PHB) NET/0-2 (6/0.2/PHB) NET/0-3 (6/0.2/PHB) NET/0-4 (6/0.2/PHB) NET/0-5 (6/0.2/PHB) NET/0-6 (6/0.2/PHB) NET/0-7 (6/0.2/PHB) 
cloud-0n58xq:1842463:1842463 [0] NCCL INFO NET/0-1 :GPU/0-3000 (5/0.2/PHB) GPU/0-8000 (3/48.0/PIX) GPU/0-17000 (5/0.2/PHB) GPU/0-1c000 (5/0.2/PHB) CPU/0-ffffffffffffff (3/0.2/PHB) NET/0-0 (6/0.2/PHB) NET/0-1 (0/5000.0/LOC) NET/0-2 (6/0.2/PHB) NET/0-3 (6/0.2/PHB) NET/0-4 (6/0.2/PHB) NET/0-5 (6/0.2/PHB) NET/0-6 (6/0.2/PHB) NET/0-7 (6/0.2/PHB) 
cloud-0n58xq:1842463:1842463 [0] NCCL INFO NET/0-2 :GPU/0-3000 (5/0.2/PHB) GPU/0-8000 (5/0.2/PHB) GPU/0-17000 (5/0.2/PHB) GPU/0-1c000 (5/0.2/PHB) CPU/0-ffffffffffffff (3/0.2/PHB) NET/0-0 (6/0.2/PHB) NET/0-1 (6/0.2/PHB) NET/0-2 (0/5000.0/LOC) NET/0-3 (6/0.2/PHB) NET/0-4 (6/0.2/PHB) NET/0-5 (6/0.2/PHB) NET/0-6 (6/0.2/PHB) NET/0-7 (6/0.2/PHB) 
cloud-0n58xq:1842463:1842463 [0] NCCL INFO NET/0-3 :GPU/0-3000 (5/0.2/PHB) GPU/0-8000 (5/0.2/PHB) GPU/0-17000 (5/0.2/PHB) GPU/0-1c000 (5/0.2/PHB) CPU/0-ffffffffffffff (3/0.2/PHB) NET/0-0 (6/0.2/PHB) NET/0-1 (6/0.2/PHB) NET/0-2 (6/0.2/PHB) NET/0-3 (0/5000.0/LOC) NET/0-4 (6/0.2/PHB) NET/0-5 (6/0.2/PHB) NET/0-6 (6/0.2/PHB) NET/0-7 (6/0.2/PHB) 
cloud-0n58xq:1842463:1842463 [0] NCCL INFO NET/0-4 :GPU/0-3000 (5/0.2/PHB) GPU/0-8000 (5/0.2/PHB) GPU/0-17000 (3/48.0/PIX) GPU/0-1c000 (5/0.2/PHB) CPU/0-ffffffffffffff (3/0.2/PHB) NET/0-0 (6/0.2/PHB) NET/0-1 (6/0.2/PHB) NET/0-2 (6/0.2/PHB) NET/0-3 (6/0.2/PHB) NET/0-4 (0/5000.0/LOC) NET/0-5 (6/0.2/PHB) NET/0-6 (6/0.2/PHB) NET/0-7 (6/0.2/PHB) 
cloud-0n58xq:1842463:1842463 [0] NCCL INFO NET/0-5 :GPU/0-3000 (5/0.2/PHB) GPU/0-8000 (5/0.2/PHB) GPU/0-17000 (5/0.2/PHB) GPU/0-1c000 (3/48.0/PIX) CPU/0-ffffffffffffff (3/0.2/PHB) NET/0-0 (6/0.2/PHB) NET/0-1 (6/0.2/PHB) NET/0-2 (6/0.2/PHB) NET/0-3 (6/0.2/PHB) NET/0-4 (6/0.2/PHB) NET/0-5 (0/5000.0/LOC) NET/0-6 (6/0.2/PHB) NET/0-7 (6/0.2/PHB) 
cloud-0n58xq:1842463:1842463 [0] NCCL INFO NET/0-6 :GPU/0-3000 (5/0.2/PHB) GPU/0-8000 (5/0.2/PHB) GPU/0-17000 (5/0.2/PHB) GPU/0-1c000 (5/0.2/PHB) CPU/0-ffffffffffffff (3/0.2/PHB) NET/0-0 (6/0.2/PHB) NET/0-1 (6/0.2/PHB) NET/0-2 (6/0.2/PHB) NET/0-3 (6/0.2/PHB) NET/0-4 (6/0.2/PHB) NET/0-5 (6/0.2/PHB) NET/0-6 (0/5000.0/LOC) NET/0-7 (6/0.2/PHB) 
cloud-0n58xq:1842463:1842463 [0] NCCL INFO NET/0-7 :GPU/0-3000 (5/0.2/PHB) GPU/0-8000 (5/0.2/PHB) GPU/0-17000 (5/0.2/PHB) GPU/0-1c000 (5/0.2/PHB) CPU/0-ffffffffffffff (3/0.2/PHB) NET/0-0 (6/0.2/PHB) NET/0-1 (6/0.2/PHB) NET/0-2 (6/0.2/PHB) NET/0-3 (6/0.2/PHB) NET/0-4 (6/0.2/PHB) NET/0-5 (6/0.2/PHB) NET/0-6 (6/0.2/PHB) NET/0-7 (0/5000.0/LOC) 
cloud-0n58xq:1842463:1842463 [0] NCCL INFO ncclTopoGetCpuAffinity: Affinity for GPU 1 is empty, ignoring. (GPU affinity =  ; CPU affinity = 0-191).
cloud-0n58xq:1842463:1842463 [0] NCCL INFO NVLS multicast support is available on dev 0 (NVLS_NCHANNELS 16)
cloud-0n58xq:1842463:1842463 [0] NCCL INFO Pattern 4, crossNic 0, nChannels 12, bw 30.000000/30.000000, type NVL/PIX, sameChannels 1
cloud-0n58xq:1842463:1842463 [0] NCCL INFO  0 : GPU/0-3000 GPU/0-8000 GPU/0-17000 GPU/0-1c000
cloud-0n58xq:1842463:1842463 [0] NCCL INFO  1 : GPU/0-3000 GPU/0-8000 GPU/0-17000 GPU/0-1c000
cloud-0n58xq:1842463:1842463 [0] NCCL INFO  2 : GPU/0-3000 GPU/0-8000 GPU/0-17000 GPU/0-1c000
cloud-0n58xq:1842463:1842463 [0] NCCL INFO  3 : GPU/0-3000 GPU/0-8000 GPU/0-17000 GPU/0-1c000
cloud-0n58xq:1842463:1842463 [0] NCCL INFO  4 : GPU/0-3000 GPU/0-8000 GPU/0-17000 GPU/0-1c000
cloud-0n58xq:1842463:1842463 [0] NCCL INFO  5 : GPU/0-3000 GPU/0-8000 GPU/0-17000 GPU/0-1c000
cloud-0n58xq:1842463:1842463 [0] NCCL INFO  6 : GPU/0-3000 GPU/0-8000 GPU/0-17000 GPU/0-1c000
cloud-0n58xq:1842463:1842463 [0] NCCL INFO  7 : GPU/0-3000 GPU/0-8000 GPU/0-17000 GPU/0-1c000
cloud-0n58xq:1842463:1842463 [0] NCCL INFO  8 : GPU/0-3000 GPU/0-8000 GPU/0-17000 GPU/0-1c000
cloud-0n58xq:1842463:1842463 [0] NCCL INFO  9 : GPU/0-3000 GPU/0-8000 GPU/0-17000 GPU/0-1c000
cloud-0n58xq:1842463:1842463 [0] NCCL INFO 10 : GPU/0-3000 GPU/0-8000 GPU/0-17000 GPU/0-1c000
cloud-0n58xq:1842463:1842463 [0] NCCL INFO 11 : GPU/0-3000 GPU/0-8000 GPU/0-17000 GPU/0-1c000
cloud-0n58xq:1842463:1842463 [0] NCCL INFO Pattern 1, crossNic 0, nChannels 12, bw 30.000000/30.000000, type NVL/PIX, sameChannels 1
cloud-0n58xq:1842463:1842463 [0] NCCL INFO  0 : GPU/0-3000 GPU/0-8000 GPU/0-17000 GPU/0-1c000
cloud-0n58xq:1842463:1842463 [0] NCCL INFO  1 : GPU/0-3000 GPU/0-8000 GPU/0-17000 GPU/0-1c000
cloud-0n58xq:1842463:1842463 [0] NCCL INFO  2 : GPU/0-3000 GPU/0-8000 GPU/0-17000 GPU/0-1c000
cloud-0n58xq:1842463:1842463 [0] NCCL INFO  3 : GPU/0-3000 GPU/0-8000 GPU/0-17000 GPU/0-1c000
cloud-0n58xq:1842463:1842463 [0] NCCL INFO  4 : GPU/0-3000 GPU/0-8000 GPU/0-17000 GPU/0-1c000
cloud-0n58xq:1842463:1842463 [0] NCCL INFO  5 : GPU/0-3000 GPU/0-8000 GPU/0-17000 GPU/0-1c000
cloud-0n58xq:1842463:1842463 [0] NCCL INFO  6 : GPU/0-3000 GPU/0-8000 GPU/0-17000 GPU/0-1c000
cloud-0n58xq:1842463:1842463 [0] NCCL INFO  7 : GPU/0-3000 GPU/0-8000 GPU/0-17000 GPU/0-1c000
cloud-0n58xq:1842463:1842463 [0] NCCL INFO  8 : GPU/0-3000 GPU/0-8000 GPU/0-17000 GPU/0-1c000
cloud-0n58xq:1842463:1842463 [0] NCCL INFO  9 : GPU/0-3000 GPU/0-8000 GPU/0-17000 GPU/0-1c000
cloud-0n58xq:1842463:1842463 [0] NCCL INFO 10 : GPU/0-3000 GPU/0-8000 GPU/0-17000 GPU/0-1c000
cloud-0n58xq:1842463:1842463 [0] NCCL INFO 11 : GPU/0-3000 GPU/0-8000 GPU/0-17000 GPU/0-1c000
cloud-0n58xq:1842463:1842463 [0] NCCL INFO Pattern 5, crossNic 0, nChannels 4, bw 60.000000/60.000000, type NVL/PIX, sameChannels 0
cloud-0n58xq:1842463:1842463 [0] NCCL INFO  0 : GPU/0-3000
cloud-0n58xq:1842463:1842463 [0] NCCL INFO  1 : GPU/0-8000
cloud-0n58xq:1842463:1842463 [0] NCCL INFO  2 : GPU/0-17000
cloud-0n58xq:1842463:1842463 [0] NCCL INFO  3 : GPU/0-1c000
cloud-0n58xq:1842463:1842463 [0] NCCL INFO comm 0x55f80d06f1d0 rank 1 nRanks 4 nNodes 1 localRanks 4 localRank 1 MNNVL 0
cloud-0n58xq:1842463:1842463 [0] NCCL INFO Tree 0 : 0 -> 1 -> 2/-1/-1
cloud-0n58xq:1842463:1842463 [0] NCCL INFO Tree 12 : 0 -> 1 -> 2/-1/-1
cloud-0n58xq:1842463:1842463 [0] NCCL INFO Tree 1 : 0 -> 1 -> 2/-1/-1
cloud-0n58xq:1842463:1842463 [0] NCCL INFO Tree 13 : 0 -> 1 -> 2/-1/-1
cloud-0n58xq:1842463:1842463 [0] NCCL INFO Tree 2 : 0 -> 1 -> 2/-1/-1
cloud-0n58xq:1842463:1842463 [0] NCCL INFO Tree 14 : 0 -> 1 -> 2/-1/-1
cloud-0n58xq:1842463:1842463 [0] NCCL INFO Tree 3 : 0 -> 1 -> 2/-1/-1
cloud-0n58xq:1842463:1842463 [0] NCCL INFO Tree 15 : 0 -> 1 -> 2/-1/-1
cloud-0n58xq:1842463:1842463 [0] NCCL INFO Tree 4 : 0 -> 1 -> 2/-1/-1
cloud-0n58xq:1842463:1842463 [0] NCCL INFO Tree 16 : 0 -> 1 -> 2/-1/-1
cloud-0n58xq:1842463:1842463 [0] NCCL INFO Tree 5 : 0 -> 1 -> 2/-1/-1
cloud-0n58xq:1842463:1842463 [0] NCCL INFO Tree 17 : 0 -> 1 -> 2/-1/-1
cloud-0n58xq:1842463:1842463 [0] NCCL INFO Tree 6 : 0 -> 1 -> 2/-1/-1
cloud-0n58xq:1842463:1842463 [0] NCCL INFO Tree 18 : 0 -> 1 -> 2/-1/-1
cloud-0n58xq:1842463:1842463 [0] NCCL INFO Tree 7 : 0 -> 1 -> 2/-1/-1
cloud-0n58xq:1842463:1842463 [0] NCCL INFO Tree 19 : 0 -> 1 -> 2/-1/-1
cloud-0n58xq:1842463:1842463 [0] NCCL INFO Tree 8 : 0 -> 1 -> 2/-1/-1
cloud-0n58xq:1842463:1842463 [0] NCCL INFO Tree 20 : 0 -> 1 -> 2/-1/-1
cloud-0n58xq:1842463:1842463 [0] NCCL INFO Tree 9 : 0 -> 1 -> 2/-1/-1
cloud-0n58xq:1842463:1842463 [0] NCCL INFO Tree 21 : 0 -> 1 -> 2/-1/-1
cloud-0n58xq:1842463:1842463 [0] NCCL INFO Tree 10 : 0 -> 1 -> 2/-1/-1
cloud-0n58xq:1842463:1842463 [0] NCCL INFO Tree 22 : 0 -> 1 -> 2/-1/-1
cloud-0n58xq:1842463:1842463 [0] NCCL INFO Tree 11 : 0 -> 1 -> 2/-1/-1
cloud-0n58xq:1842463:1842463 [0] NCCL INFO Tree 23 : 0 -> 1 -> 2/-1/-1
cloud-0n58xq:1842463:1842463 [0] NCCL INFO Ring 00 : 0 -> 1 -> 2
cloud-0n58xq:1842463:1842463 [0] NCCL INFO Ring 01 : 0 -> 1 -> 2
cloud-0n58xq:1842463:1842463 [0] NCCL INFO Ring 02 : 0 -> 1 -> 2
cloud-0n58xq:1842463:1842463 [0] NCCL INFO Ring 03 : 0 -> 1 -> 2
cloud-0n58xq:1842463:1842463 [0] NCCL INFO Ring 04 : 0 -> 1 -> 2
cloud-0n58xq:1842463:1842463 [0] NCCL INFO Ring 05 : 0 -> 1 -> 2
cloud-0n58xq:1842463:1842463 [0] NCCL INFO Ring 06 : 0 -> 1 -> 2
cloud-0n58xq:1842463:1842463 [0] NCCL INFO Ring 07 : 0 -> 1 -> 2
cloud-0n58xq:1842463:1842463 [0] NCCL INFO Ring 08 : 0 -> 1 -> 2
cloud-0n58xq:1842463:1842463 [0] NCCL INFO Ring 09 : 0 -> 1 -> 2
cloud-0n58xq:1842463:1842463 [0] NCCL INFO Ring 10 : 0 -> 1 -> 2
cloud-0n58xq:1842463:1842463 [0] NCCL INFO Ring 11 : 0 -> 1 -> 2
cloud-0n58xq:1842463:1842463 [0] NCCL INFO Ring 12 : 0 -> 1 -> 2
cloud-0n58xq:1842463:1842463 [0] NCCL INFO Ring 13 : 0 -> 1 -> 2
cloud-0n58xq:1842463:1842463 [0] NCCL INFO Ring 14 : 0 -> 1 -> 2
cloud-0n58xq:1842463:1842463 [0] NCCL INFO Ring 15 : 0 -> 1 -> 2
cloud-0n58xq:1842463:1842463 [0] NCCL INFO Ring 16 : 0 -> 1 -> 2
cloud-0n58xq:1842463:1842463 [0] NCCL INFO Ring 17 : 0 -> 1 -> 2
cloud-0n58xq:1842463:1842463 [0] NCCL INFO Ring 18 : 0 -> 1 -> 2
cloud-0n58xq:1842463:1842463 [0] NCCL INFO Ring 19 : 0 -> 1 -> 2
cloud-0n58xq:1842463:1842463 [0] NCCL INFO Ring 20 : 0 -> 1 -> 2
cloud-0n58xq:1842463:1842463 [0] NCCL INFO Ring 21 : 0 -> 1 -> 2
cloud-0n58xq:1842463:1842463 [0] NCCL INFO Ring 22 : 0 -> 1 -> 2
cloud-0n58xq:1842463:1842463 [0] NCCL INFO Ring 23 : 0 -> 1 -> 2
cloud-0n58xq:1842463:1842463 [0] NCCL INFO Trees [0] 2/-1/-1->1->0 [1] 2/-1/-1->1->0 [2] 2/-1/-1->1->0 [3] 2/-1/-1->1->0 [4] 2/-1/-1->1->0 [5] 2/-1/-1->1->0 [6] 2/-1/-1->1->0 [7] 2/-1/-1->1->0 [8] 2/-1/-1->1->0 [9] 2/-1/-1->1->0 [10] 2/-1/-1->1->0 [11] 2/-1/-1->1->0 [12] 2/-1/-1->1->0 [13] 2/-1/-1->1->0 [14] 2/-1/-1->1->0 [15] 2/-1/-1->1->0 [16] 2/-1/-1->1->0 [17] 2/-1/-1->1->0 [18] 2/-1/-1->1->0 [19] 2/-1/-1->1->0 [20] 2/-1/-1->1->0 [21] 2/-1/-1->1->0 [22] 2/-1/-1->1->0 [23] 2/-1/-1->1->0
cloud-0n58xq:1842463:1842463 [0] NCCL INFO P2P Chunksize set to 524288
cloud-0n58xq:1842463:1842463 [0] NCCL INFO PROFILER/Plugin: Could not find: libnccl-profiler.so
cloud-0n58xq:1842463:1842463 [0] NCCL INFO Check P2P Type isAllDirectP2p 1 directMode 0 isAllCudaP2p 1
cloud-0n58xq:1842463:1842463 [0] NCCL INFO ncclP2pSchedule: group size used is 4
cloud-0n58xq:1842463:1842575 [0] NCCL INFO [Proxy Service] Device 0 CPU core 7
cloud-0n58xq:1842463:1842576 [0] NCCL INFO [Proxy Service UDS] Device 0 CPU core 8
cloud-0n58xq:1842463:1842463 [0] NCCL INFO TUNER/Plugin: Could not find: libnccl-tuner.so
cloud-0n58xq:1842463:1842463 [0] NCCL INFO threadThresholds 8/8/64 | 32/8/64 | 512 | 512
cloud-0n58xq:1842463:1842463 [0] NCCL INFO 24 coll channels, 24 collnet channels, 16 nvls channels, 32 p2p channels, 32 p2p channels per peer
cloud-0n58xq:1842463:1842463 [0] NCCL INFO ncclCommInitRankConfig comm 0x55f80d06f1d0 rank 1 nranks 4 cudaDev 0 nvmlDev 1 busId 8000 commId 0xb133a881a232639d - Init COMPLETE
cloud-0n58xq:1842463:1842463 [0] NCCL INFO Init timings - ncclCommInitRankConfig: rank 1 nranks 4 total 1.40 (kernels 0.36, alloc 0.70, bootstrap 0.08, allgathers 0.01, topo 0.06, graphs 0.02, connections 0.16, rest 0.01)
cloud-0n58xq:1842463:1842575 [0] NCCL INFO Allocated shareable buffer 0x7f1581c00000 size 10485760 ipcDesc 0x7f151c008bb0
cloud-0n58xq:1842463:1842575 [0] NCCL INFO Allocated shareable buffer 0x7f1582600000 size 10485760 ipcDesc 0x7f151c00a510
cloud-0n58xq:1842463:1842575 [0] NCCL INFO Allocated shareable buffer 0x7f1583000000 size 10485760 ipcDesc 0x7f151c00bc10
cloud-0n58xq:1842463:1842575 [0] NCCL INFO Allocated shareable buffer 0x7f1583a00000 size 10485760 ipcDesc 0x7f151c00d2f0
cloud-0n58xq:1842463:1842575 [0] NCCL INFO Allocated shareable buffer 0x7f1584400000 size 10485760 ipcDesc 0x7f151c00e9b0
cloud-0n58xq:1842463:1842575 [0] NCCL INFO Allocated shareable buffer 0x7f1584e00000 size 10485760 ipcDesc 0x7f151c010070
cloud-0n58xq:1842463:1842575 [0] NCCL INFO Allocated shareable buffer 0x7f1585800000 size 10485760 ipcDesc 0x7f151c011730
cloud-0n58xq:1842463:1842575 [0] NCCL INFO Allocated shareable buffer 0x7f1586200000 size 10485760 ipcDesc 0x7f151c012df0
cloud-0n58xq:1842463:1842575 [0] NCCL INFO Allocated shareable buffer 0x7f1586c00000 size 10485760 ipcDesc 0x7f151c0144b0
cloud-0n58xq:1842463:1842575 [0] NCCL INFO Allocated shareable buffer 0x302000000 size 10485760 ipcDesc 0x7f151c015b70
cloud-0n58xq:1842463:1842575 [0] NCCL INFO Allocated shareable buffer 0x302a00000 size 10485760 ipcDesc 0x7f151c0176d0
cloud-0n58xq:1842463:1842575 [0] NCCL INFO Allocated shareable buffer 0x303400000 size 10485760 ipcDesc 0x7f151c018d90
cloud-0n58xq:1842463:1842575 [0] NCCL INFO Allocated shareable buffer 0x304000000 size 10485760 ipcDesc 0x7f151c01a450
cloud-0n58xq:1842463:1842575 [0] NCCL INFO Allocated shareable buffer 0x304a00000 size 10485760 ipcDesc 0x7f151c01bf60
cloud-0n58xq:1842463:1842575 [0] NCCL INFO Allocated shareable buffer 0x305400000 size 10485760 ipcDesc 0x7f151c01d620
cloud-0n58xq:1842463:1842575 [0] NCCL INFO Allocated shareable buffer 0x306000000 size 10485760 ipcDesc 0x7f151c01ece0
cloud-0n58xq:1842463:1842575 [0] NCCL INFO Allocated shareable buffer 0x306a00000 size 10485760 ipcDesc 0x7f151c0207f0
cloud-0n58xq:1842463:1842575 [0] NCCL INFO Allocated shareable buffer 0x307400000 size 10485760 ipcDesc 0x7f151c021eb0
cloud-0n58xq:1842463:1842575 [0] NCCL INFO Allocated shareable buffer 0x308000000 size 10485760 ipcDesc 0x7f151c023570
cloud-0n58xq:1842463:1842575 [0] NCCL INFO Allocated shareable buffer 0x308a00000 size 10485760 ipcDesc 0x7f151c025080
cloud-0n58xq:1842463:1842575 [0] NCCL INFO Allocated shareable buffer 0x309400000 size 10485760 ipcDesc 0x7f151c026740
cloud-0n58xq:1842463:1842575 [0] NCCL INFO Allocated shareable buffer 0x30a000000 size 10485760 ipcDesc 0x7f151c027e00
cloud-0n58xq:1842463:1842575 [0] NCCL INFO Allocated shareable buffer 0x30aa00000 size 10485760 ipcDesc 0x7f151c029910
cloud-0n58xq:1842463:1842575 [0] NCCL INFO Allocated shareable buffer 0x30b400000 size 10485760 ipcDesc 0x7f151c02afd0
cloud-0n58xq:1842463:1842575 [0] NCCL INFO Allocated shareable buffer 0x30c000000 size 10485760 ipcDesc 0x7f151c02c690
cloud-0n58xq:1842463:1842575 [0] NCCL INFO Allocated shareable buffer 0x30ca00000 size 10485760 ipcDesc 0x7f151c02e1a0
cloud-0n58xq:1842463:1842575 [0] NCCL INFO Allocated shareable buffer 0x30d400000 size 10485760 ipcDesc 0x7f151c02f860
cloud-0n58xq:1842463:1842575 [0] NCCL INFO Allocated shareable buffer 0x30e000000 size 10485760 ipcDesc 0x7f151c030f20
cloud-0n58xq:1842463:1842575 [0] NCCL INFO Allocated shareable buffer 0x30ea00000 size 10485760 ipcDesc 0x7f151c032a30
cloud-0n58xq:1842463:1842575 [0] NCCL INFO Allocated shareable buffer 0x30f400000 size 10485760 ipcDesc 0x7f151c0340f0
cloud-0n58xq:1842463:1842575 [0] NCCL INFO Allocated shareable buffer 0x310000000 size 10485760 ipcDesc 0x7f151c0357b0
cloud-0n58xq:1842463:1842575 [0] NCCL INFO Allocated shareable buffer 0x310a00000 size 10485760 ipcDesc 0x7f151c0372c0
cloud-0n58xq:1842463:1842463 [0] NCCL INFO Channel 00/1 : 1[1] -> 2[4] via P2P/CUMEM
cloud-0n58xq:1842463:1842575 [0] NCCL INFO Allocated shareable buffer 0x311400000 size 2097152 ipcDesc 0x7f151c038980
cloud-0n58xq:1842463:1842463 [0] NCCL INFO Channel 01/1 : 1[1] -> 2[4] via P2P/CUMEM
cloud-0n58xq:1842463:1842575 [0] NCCL INFO Allocated shareable buffer 0x311600000 size 2097152 ipcDesc 0x7f151c03a040
cloud-0n58xq:1842463:1842463 [0] NCCL INFO Channel 02/1 : 1[1] -> 2[4] via P2P/CUMEM
cloud-0n58xq:1842463:1842575 [0] NCCL INFO Allocated shareable buffer 0x311800000 size 2097152 ipcDesc 0x7f151c03b700
cloud-0n58xq:1842463:1842463 [0] NCCL INFO Channel 03/1 : 1[1] -> 2[4] via P2P/CUMEM
cloud-0n58xq:1842463:1842575 [0] NCCL INFO Allocated shareable buffer 0x311a00000 size 2097152 ipcDesc 0x7f151c03cdc0
cloud-0n58xq:1842463:1842463 [0] NCCL INFO Channel 04/1 : 1[1] -> 2[4] via P2P/CUMEM
cloud-0n58xq:1842463:1842575 [0] NCCL INFO Allocated shareable buffer 0x311c00000 size 2097152 ipcDesc 0x7f151c03e480
cloud-0n58xq:1842463:1842463 [0] NCCL INFO Channel 05/1 : 1[1] -> 2[4] via P2P/CUMEM
cloud-0n58xq:1842463:1842575 [0] NCCL INFO Allocated shareable buffer 0x311e00000 size 2097152 ipcDesc 0x7f151c03fb40
cloud-0n58xq:1842463:1842463 [0] NCCL INFO Channel 06/1 : 1[1] -> 2[4] via P2P/CUMEM
cloud-0n58xq:1842463:1842575 [0] NCCL INFO Allocated shareable buffer 0x30fe00000 size 2097152 ipcDesc 0x7f151c041160
cloud-0n58xq:1842463:1842463 [0] NCCL INFO Channel 07/1 : 1[1] -> 2[4] via P2P/CUMEM
cloud-0n58xq:1842463:1842575 [0] NCCL INFO Allocated shareable buffer 0x30de00000 size 2097152 ipcDesc 0x7f151c042500
cloud-0n58xq:1842463:1842463 [0] NCCL INFO Channel 08/1 : 1[1] -> 2[4] via P2P/CUMEM
cloud-0n58xq:1842463:1842575 [0] NCCL INFO Allocated shareable buffer 0x30be00000 size 2097152 ipcDesc 0x7f151c0438a0
cloud-0n58xq:1842463:1842463 [0] NCCL INFO Channel 09/1 : 1[1] -> 2[4] via P2P/CUMEM
cloud-0n58xq:1842463:1842575 [0] NCCL INFO Allocated shareable buffer 0x309e00000 size 2097152 ipcDesc 0x7f151c044c40
cloud-0n58xq:1842463:1842463 [0] NCCL INFO Channel 10/1 : 1[1] -> 2[4] via P2P/CUMEM
cloud-0n58xq:1842463:1842575 [0] NCCL INFO Allocated shareable buffer 0x307e00000 size 2097152 ipcDesc 0x7f151c045fe0
cloud-0n58xq:1842463:1842463 [0] NCCL INFO Channel 11/1 : 1[1] -> 2[4] via P2P/CUMEM
cloud-0n58xq:1842463:1842575 [0] NCCL INFO Allocated shareable buffer 0x305e00000 size 2097152 ipcDesc 0x7f151c047380
cloud-0n58xq:1842463:1842463 [0] NCCL INFO Channel 12/1 : 1[1] -> 2[4] via P2P/CUMEM
cloud-0n58xq:1842463:1842575 [0] NCCL INFO Allocated shareable buffer 0x303e00000 size 2097152 ipcDesc 0x7f151c048720
cloud-0n58xq:1842463:1842463 [0] NCCL INFO Channel 13/1 : 1[1] -> 2[4] via P2P/CUMEM
cloud-0n58xq:1842463:1842575 [0] NCCL INFO Allocated shareable buffer 0x7f1587600000 size 2097152 ipcDesc 0x7f151c049ac0
cloud-0n58xq:1842463:1842463 [0] NCCL INFO Channel 14/1 : 1[1] -> 2[4] via P2P/CUMEM
cloud-0n58xq:1842463:1842575 [0] NCCL INFO Allocated shareable buffer 0x7f1587800000 size 2097152 ipcDesc 0x7f151c04b180
cloud-0n58xq:1842463:1842463 [0] NCCL INFO Channel 15/1 : 1[1] -> 2[4] via P2P/CUMEM
cloud-0n58xq:1842463:1842575 [0] NCCL INFO Allocated shareable buffer 0x7f1587a00000 size 2097152 ipcDesc 0x7f151c04c840
cloud-0n58xq:1842463:1842463 [0] NCCL INFO Channel 16/1 : 1[1] -> 2[4] via P2P/CUMEM
cloud-0n58xq:1842463:1842575 [0] NCCL INFO Allocated shareable buffer 0x7f1587c00000 size 2097152 ipcDesc 0x7f151c04df00
cloud-0n58xq:1842463:1842463 [0] NCCL INFO Channel 17/1 : 1[1] -> 2[4] via P2P/CUMEM
cloud-0n58xq:1842463:1842575 [0] NCCL INFO Allocated shareable buffer 0x312000000 size 2097152 ipcDesc 0x7f151c04f480
cloud-0n58xq:1842463:1842463 [0] NCCL INFO Channel 18/1 : 1[1] -> 2[4] via P2P/CUMEM
cloud-0n58xq:1842463:1842575 [0] NCCL INFO Allocated shareable buffer 0x312200000 size 2097152 ipcDesc 0x7f151c050d10
cloud-0n58xq:1842463:1842463 [0] NCCL INFO Channel 19/1 : 1[1] -> 2[4] via P2P/CUMEM
cloud-0n58xq:1842463:1842575 [0] NCCL INFO Allocated shareable buffer 0x312400000 size 2097152 ipcDesc 0x7f151c0523d0
cloud-0n58xq:1842463:1842463 [0] NCCL INFO Channel 20/1 : 1[1] -> 2[4] via P2P/CUMEM
cloud-0n58xq:1842463:1842575 [0] NCCL INFO Allocated shareable buffer 0x312600000 size 2097152 ipcDesc 0x7f151c053a90
cloud-0n58xq:1842463:1842463 [0] NCCL INFO Channel 21/1 : 1[1] -> 2[4] via P2P/CUMEM
cloud-0n58xq:1842463:1842575 [0] NCCL INFO Allocated shareable buffer 0x312800000 size 2097152 ipcDesc 0x7f151c055150
cloud-0n58xq:1842463:1842463 [0] NCCL INFO Channel 22/1 : 1[1] -> 2[4] via P2P/CUMEM
cloud-0n58xq:1842463:1842575 [0] NCCL INFO Allocated shareable buffer 0x312a00000 size 2097152 ipcDesc 0x7f151c056810
cloud-0n58xq:1842463:1842463 [0] NCCL INFO Channel 23/1 : 1[1] -> 2[4] via P2P/CUMEM
cloud-0n58xq:1842463:1842575 [0] NCCL INFO Allocated shareable buffer 0x312c00000 size 2097152 ipcDesc 0x7f151c057ed0
cloud-0n58xq:1842463:1842463 [0] NCCL INFO Channel 24/1 : 1[1] -> 2[4] via P2P/CUMEM
cloud-0n58xq:1842463:1842575 [0] NCCL INFO Allocated shareable buffer 0x312e00000 size 2097152 ipcDesc 0x7f151c059590
cloud-0n58xq:1842463:1842463 [0] NCCL INFO Channel 25/1 : 1[1] -> 2[4] via P2P/CUMEM
cloud-0n58xq:1842463:1842575 [0] NCCL INFO Allocated shareable buffer 0x313000000 size 2097152 ipcDesc 0x7f151c05ac50
cloud-0n58xq:1842463:1842463 [0] NCCL INFO Channel 26/1 : 1[1] -> 2[4] via P2P/CUMEM
cloud-0n58xq:1842463:1842575 [0] NCCL INFO Allocated shareable buffer 0x313200000 size 2097152 ipcDesc 0x7f151c05c310
cloud-0n58xq:1842463:1842463 [0] NCCL INFO Channel 27/1 : 1[1] -> 2[4] via P2P/CUMEM
cloud-0n58xq:1842463:1842575 [0] NCCL INFO Allocated shareable buffer 0x313400000 size 2097152 ipcDesc 0x7f151c05d9d0
cloud-0n58xq:1842463:1842463 [0] NCCL INFO Channel 28/1 : 1[1] -> 2[4] via P2P/CUMEM
cloud-0n58xq:1842463:1842575 [0] NCCL INFO Allocated shareable buffer 0x313600000 size 2097152 ipcDesc 0x7f151c05f090
cloud-0n58xq:1842463:1842463 [0] NCCL INFO Channel 29/1 : 1[1] -> 2[4] via P2P/CUMEM
cloud-0n58xq:1842463:1842575 [0] NCCL INFO Allocated shareable buffer 0x313800000 size 2097152 ipcDesc 0x7f151c060750
cloud-0n58xq:1842463:1842463 [0] NCCL INFO Channel 30/1 : 1[1] -> 2[4] via P2P/CUMEM
cloud-0n58xq:1842463:1842575 [0] NCCL INFO Allocated shareable buffer 0x313a00000 size 2097152 ipcDesc 0x7f151c061e10
cloud-0n58xq:1842463:1842463 [0] NCCL INFO Channel 31/1 : 1[1] -> 2[4] via P2P/CUMEM
cloud-0n58xq:1842463:1842575 [0] NCCL INFO Allocated shareable buffer 0x313c00000 size 2097152 ipcDesc 0x7f151c0634d0
cloud-0n58xq:1842463:1842575 [0] NCCL INFO Allocated shareable buffer 0x314000000 size 10485760 ipcDesc 0x7f151c064b90
cloud-0n58xq:1842463:1842575 [0] NCCL INFO Allocated shareable buffer 0x314a00000 size 10485760 ipcDesc 0x7f151c0666a0
cloud-0n58xq:1842463:1842575 [0] NCCL INFO Allocated shareable buffer 0x315400000 size 10485760 ipcDesc 0x7f151c067d60
cloud-0n58xq:1842463:1842575 [0] NCCL INFO Allocated shareable buffer 0x316000000 size 10485760 ipcDesc 0x7f151c069420
cloud-0n58xq:1842463:1842575 [0] NCCL INFO Allocated shareable buffer 0x316a00000 size 10485760 ipcDesc 0x7f151c06af30
cloud-0n58xq:1842463:1842575 [0] NCCL INFO Allocated shareable buffer 0x317400000 size 10485760 ipcDesc 0x7f151c06c5f0
cloud-0n58xq:1842463:1842575 [0] NCCL INFO Allocated shareable buffer 0x318000000 size 10485760 ipcDesc 0x7f151c06dcb0
cloud-0n58xq:1842463:1842575 [0] NCCL INFO Allocated shareable buffer 0x318a00000 size 10485760 ipcDesc 0x7f151c06f7c0
cloud-0n58xq:1842463:1842575 [0] NCCL INFO Allocated shareable buffer 0x319400000 size 10485760 ipcDesc 0x7f151c070e80
cloud-0n58xq:1842463:1842575 [0] NCCL INFO Allocated shareable buffer 0x31a000000 size 10485760 ipcDesc 0x7f151c072540
cloud-0n58xq:1842463:1842575 [0] NCCL INFO Allocated shareable buffer 0x31aa00000 size 10485760 ipcDesc 0x7f151c074050
cloud-0n58xq:1842463:1842575 [0] NCCL INFO Allocated shareable buffer 0x31b400000 size 10485760 ipcDesc 0x7f151c075710
cloud-0n58xq:1842463:1842575 [0] NCCL INFO Allocated shareable buffer 0x31c000000 size 10485760 ipcDesc 0x7f151c076dd0
cloud-0n58xq:1842463:1842575 [0] NCCL INFO Allocated shareable buffer 0x31ca00000 size 10485760 ipcDesc 0x7f151c0788e0
cloud-0n58xq:1842463:1842575 [0] NCCL INFO Allocated shareable buffer 0x31d400000 size 10485760 ipcDesc 0x7f151c079fa0
cloud-0n58xq:1842463:1842575 [0] NCCL INFO Allocated shareable buffer 0x31e000000 size 10485760 ipcDesc 0x7f151c07b660
cloud-0n58xq:1842463:1842575 [0] NCCL INFO Allocated shareable buffer 0x31ea00000 size 10485760 ipcDesc 0x7f151c07d0d0
cloud-0n58xq:1842463:1842575 [0] NCCL INFO Allocated shareable buffer 0x31f400000 size 10485760 ipcDesc 0x7f151c07e790
cloud-0n58xq:1842463:1842575 [0] NCCL INFO Allocated shareable buffer 0x2ac0000000 size 10485760 ipcDesc 0x7f151c07fe50
cloud-0n58xq:1842463:1842575 [0] NCCL INFO Allocated shareable buffer 0x2ac0a00000 size 10485760 ipcDesc 0x7f151c081960
cloud-0n58xq:1842463:1842575 [0] NCCL INFO Allocated shareable buffer 0x2ac1400000 size 10485760 ipcDesc 0x7f151c083020
cloud-0n58xq:1842463:1842575 [0] NCCL INFO Allocated shareable buffer 0x2ac2000000 size 10485760 ipcDesc 0x7f151c0846e0
cloud-0n58xq:1842463:1842575 [0] NCCL INFO Allocated shareable buffer 0x2ac2a00000 size 10485760 ipcDesc 0x7f151c0861f0
cloud-0n58xq:1842463:1842575 [0] NCCL INFO Allocated shareable buffer 0x2ac3400000 size 10485760 ipcDesc 0x7f151c0878b0
cloud-0n58xq:1842463:1842575 [0] NCCL INFO Allocated shareable buffer 0x2ac4000000 size 10485760 ipcDesc 0x7f151c088f70
cloud-0n58xq:1842463:1842575 [0] NCCL INFO Allocated shareable buffer 0x2ac4a00000 size 10485760 ipcDesc 0x7f151c08aa80
cloud-0n58xq:1842463:1842575 [0] NCCL INFO Allocated shareable buffer 0x2ac5400000 size 10485760 ipcDesc 0x7f151c08c140
cloud-0n58xq:1842463:1842575 [0] NCCL INFO Allocated shareable buffer 0x2ac6000000 size 10485760 ipcDesc 0x7f151c08d800
cloud-0n58xq:1842463:1842575 [0] NCCL INFO Allocated shareable buffer 0x2ac6a00000 size 10485760 ipcDesc 0x7f151c08f310
cloud-0n58xq:1842463:1842575 [0] NCCL INFO Allocated shareable buffer 0x2ac7400000 size 10485760 ipcDesc 0x7f151c0909d0
cloud-0n58xq:1842463:1842575 [0] NCCL INFO Allocated shareable buffer 0x2ac8000000 size 10485760 ipcDesc 0x7f151c092090
cloud-0n58xq:1842463:1842575 [0] NCCL INFO Allocated shareable buffer 0x2ac8a00000 size 10485760 ipcDesc 0x7f151c093ba0
cloud-0n58xq:1842463:1842463 [0] NCCL INFO Channel 00/1 : 1[1] -> 3[5] via P2P/CUMEM
cloud-0n58xq:1842463:1842575 [0] NCCL INFO Allocated shareable buffer 0x2ac9400000 size 2097152 ipcDesc 0x7f151c095260
cloud-0n58xq:1842463:1842463 [0] NCCL INFO Channel 01/1 : 1[1] -> 3[5] via P2P/CUMEM
cloud-0n58xq:1842463:1842575 [0] NCCL INFO Allocated shareable buffer 0x2ac9600000 size 2097152 ipcDesc 0x7f151c096920
cloud-0n58xq:1842463:1842463 [0] NCCL INFO Channel 02/1 : 1[1] -> 3[5] via P2P/CUMEM
cloud-0n58xq:1842463:1842575 [0] NCCL INFO Allocated shareable buffer 0x2ac9800000 size 2097152 ipcDesc 0x7f151c097fe0
cloud-0n58xq:1842463:1842463 [0] NCCL INFO Channel 03/1 : 1[1] -> 3[5] via P2P/CUMEM
cloud-0n58xq:1842463:1842575 [0] NCCL INFO Allocated shareable buffer 0x2ac9a00000 size 2097152 ipcDesc 0x7f151c0996a0
cloud-0n58xq:1842463:1842463 [0] NCCL INFO Channel 04/1 : 1[1] -> 3[5] via P2P/CUMEM
cloud-0n58xq:1842463:1842575 [0] NCCL INFO Allocated shareable buffer 0x2ac9c00000 size 2097152 ipcDesc 0x7f151c09ad60
cloud-0n58xq:1842463:1842463 [0] NCCL INFO Channel 05/1 : 1[1] -> 3[5] via P2P/CUMEM
cloud-0n58xq:1842463:1842575 [0] NCCL INFO Allocated shareable buffer 0x2ac9e00000 size 2097152 ipcDesc 0x7f151c09c420
cloud-0n58xq:1842463:1842463 [0] NCCL INFO Channel 06/1 : 1[1] -> 3[5] via P2P/CUMEM
cloud-0n58xq:1842463:1842575 [0] NCCL INFO Allocated shareable buffer 0x2ac7e00000 size 2097152 ipcDesc 0x7f151c09da40
cloud-0n58xq:1842463:1842463 [0] NCCL INFO Channel 07/1 : 1[1] -> 3[5] via P2P/CUMEM
cloud-0n58xq:1842463:1842575 [0] NCCL INFO Allocated shareable buffer 0x2ac5e00000 size 2097152 ipcDesc 0x7f151c09ede0
cloud-0n58xq:1842463:1842463 [0] NCCL INFO Channel 08/1 : 1[1] -> 3[5] via P2P/CUMEM
cloud-0n58xq:1842463:1842575 [0] NCCL INFO Allocated shareable buffer 0x2ac3e00000 size 2097152 ipcDesc 0x7f151c0a0180
cloud-0n58xq:1842463:1842463 [0] NCCL INFO Channel 09/1 : 1[1] -> 3[5] via P2P/CUMEM
cloud-0n58xq:1842463:1842575 [0] NCCL INFO Allocated shareable buffer 0x2ac1e00000 size 2097152 ipcDesc 0x7f151c0a1520
cloud-0n58xq:1842463:1842463 [0] NCCL INFO Channel 10/1 : 1[1] -> 3[5] via P2P/CUMEM
cloud-0n58xq:1842463:1842575 [0] NCCL INFO Allocated shareable buffer 0x31fe00000 size 2097152 ipcDesc 0x7f151c0a28c0
cloud-0n58xq:1842463:1842463 [0] NCCL INFO Channel 11/1 : 1[1] -> 3[5] via P2P/CUMEM
cloud-0n58xq:1842463:1842575 [0] NCCL INFO Allocated shareable buffer 0x31de00000 size 2097152 ipcDesc 0x7f151c0a3ee0
cloud-0n58xq:1842463:1842463 [0] NCCL INFO Channel 12/1 : 1[1] -> 3[5] via P2P/CUMEM
cloud-0n58xq:1842463:1842575 [0] NCCL INFO Allocated shareable buffer 0x31be00000 size 2097152 ipcDesc 0x7f151c0a5280
cloud-0n58xq:1842463:1842463 [0] NCCL INFO Channel 13/1 : 1[1] -> 3[5] via P2P/CUMEM
cloud-0n58xq:1842463:1842575 [0] NCCL INFO Allocated shareable buffer 0x319e00000 size 2097152 ipcDesc 0x7f151c0a6620
cloud-0n58xq:1842463:1842463 [0] NCCL INFO Channel 14/1 : 1[1] -> 3[5] via P2P/CUMEM
cloud-0n58xq:1842463:1842575 [0] NCCL INFO Allocated shareable buffer 0x317e00000 size 2097152 ipcDesc 0x7f151c0a79c0
cloud-0n58xq:1842463:1842463 [0] NCCL INFO Channel 15/1 : 1[1] -> 3[5] via P2P/CUMEM
cloud-0n58xq:1842463:1842575 [0] NCCL INFO Allocated shareable buffer 0x315e00000 size 2097152 ipcDesc 0x7f151c0a8d60
cloud-0n58xq:1842463:1842463 [0] NCCL INFO Channel 16/1 : 1[1] -> 3[5] via P2P/CUMEM
cloud-0n58xq:1842463:1842575 [0] NCCL INFO Allocated shareable buffer 0x313e00000 size 2097152 ipcDesc 0x7f151c0aa100
cloud-0n58xq:1842463:1842463 [0] NCCL INFO Channel 17/1 : 1[1] -> 3[5] via P2P/CUMEM
cloud-0n58xq:1842463:1842575 [0] NCCL INFO Allocated shareable buffer 0x2aca000000 size 2097152 ipcDesc 0x7f151c0ab4a0
cloud-0n58xq:1842463:1842463 [0] NCCL INFO Channel 18/1 : 1[1] -> 3[5] via P2P/CUMEM
cloud-0n58xq:1842463:1842575 [0] NCCL INFO Allocated shareable buffer 0x2aca200000 size 2097152 ipcDesc 0x7f151c0acd30
cloud-0n58xq:1842463:1842463 [0] NCCL INFO Channel 19/1 : 1[1] -> 3[5] via P2P/CUMEM
cloud-0n58xq:1842463:1842575 [0] NCCL INFO Allocated shareable buffer 0x2aca400000 size 2097152 ipcDesc 0x7f151c0ae3f0
cloud-0n58xq:1842463:1842463 [0] NCCL INFO Channel 20/1 : 1[1] -> 3[5] via P2P/CUMEM
cloud-0n58xq:1842463:1842575 [0] NCCL INFO Allocated shareable buffer 0x2aca600000 size 2097152 ipcDesc 0x7f151c0afab0
cloud-0n58xq:1842463:1842463 [0] NCCL INFO Channel 21/1 : 1[1] -> 3[5] via P2P/CUMEM
cloud-0n58xq:1842463:1842575 [0] NCCL INFO Allocated shareable buffer 0x2aca800000 size 2097152 ipcDesc 0x7f151c0b1170
cloud-0n58xq:1842463:1842463 [0] NCCL INFO Channel 22/1 : 1[1] -> 3[5] via P2P/CUMEM
cloud-0n58xq:1842463:1842575 [0] NCCL INFO Allocated shareable buffer 0x2acaa00000 size 2097152 ipcDesc 0x7f151c0b2830
cloud-0n58xq:1842463:1842463 [0] NCCL INFO Channel 23/1 : 1[1] -> 3[5] via P2P/CUMEM
cloud-0n58xq:1842463:1842575 [0] NCCL INFO Allocated shareable buffer 0x2acac00000 size 2097152 ipcDesc 0x7f151c0b3ef0
cloud-0n58xq:1842463:1842463 [0] NCCL INFO Channel 24/1 : 1[1] -> 3[5] via P2P/CUMEM
cloud-0n58xq:1842463:1842575 [0] NCCL INFO Allocated shareable buffer 0x2acae00000 size 2097152 ipcDesc 0x7f151c0b55b0
cloud-0n58xq:1842463:1842463 [0] NCCL INFO Channel 25/1 : 1[1] -> 3[5] via P2P/CUMEM
cloud-0n58xq:1842463:1842575 [0] NCCL INFO Allocated shareable buffer 0x2acb000000 size 2097152 ipcDesc 0x7f151c0b6c70
cloud-0n58xq:1842463:1842463 [0] NCCL INFO Channel 26/1 : 1[1] -> 3[5] via P2P/CUMEM
cloud-0n58xq:1842463:1842575 [0] NCCL INFO Allocated shareable buffer 0x2acb200000 size 2097152 ipcDesc 0x7f151c0b8330
cloud-0n58xq:1842463:1842463 [0] NCCL INFO Channel 27/1 : 1[1] -> 3[5] via P2P/CUMEM
cloud-0n58xq:1842463:1842575 [0] NCCL INFO Allocated shareable buffer 0x2acb400000 size 2097152 ipcDesc 0x7f151c0b99f0
cloud-0n58xq:1842463:1842463 [0] NCCL INFO Channel 28/1 : 1[1] -> 3[5] via P2P/CUMEM
cloud-0n58xq:1842463:1842575 [0] NCCL INFO Allocated shareable buffer 0x2acb600000 size 2097152 ipcDesc 0x7f151c0bb0b0
cloud-0n58xq:1842463:1842463 [0] NCCL INFO Channel 29/1 : 1[1] -> 3[5] via P2P/CUMEM
cloud-0n58xq:1842463:1842575 [0] NCCL INFO Allocated shareable buffer 0x2acb800000 size 2097152 ipcDesc 0x7f151c0bc770
cloud-0n58xq:1842463:1842463 [0] NCCL INFO Channel 30/1 : 1[1] -> 3[5] via P2P/CUMEM
cloud-0n58xq:1842463:1842575 [0] NCCL INFO Allocated shareable buffer 0x2acba00000 size 2097152 ipcDesc 0x7f151c0bde30
cloud-0n58xq:1842463:1842463 [0] NCCL INFO Channel 31/1 : 1[1] -> 3[5] via P2P/CUMEM
cloud-0n58xq:1842463:1842575 [0] NCCL INFO Allocated shareable buffer 0x2acbc00000 size 2097152 ipcDesc 0x7f151c0bf4f0
cloud-0n58xq:1842463:1842575 [0] NCCL INFO Allocated shareable buffer 0x2acc000000 size 10485760 ipcDesc 0x7f151c0c47c0
cloud-0n58xq:1842463:1842575 [0] NCCL INFO Allocated shareable buffer 0x2acca00000 size 10485760 ipcDesc 0x7f151c0c62d0
cloud-0n58xq:1842463:1842575 [0] NCCL INFO Allocated shareable buffer 0x2acd400000 size 10485760 ipcDesc 0x7f151c0c7990
cloud-0n58xq:1842463:1842575 [0] NCCL INFO Allocated shareable buffer 0x2ace000000 size 10485760 ipcDesc 0x7f151c0c9050
cloud-0n58xq:1842463:1842575 [0] NCCL INFO Allocated shareable buffer 0x2acea00000 size 10485760 ipcDesc 0x7f151c0cab60
cloud-0n58xq:1842463:1842575 [0] NCCL INFO Allocated shareable buffer 0x2acf400000 size 10485760 ipcDesc 0x7f151c0cc220
cloud-0n58xq:1842463:1842575 [0] NCCL INFO Allocated shareable buffer 0x2ad0000000 size 10485760 ipcDesc 0x7f151c0cd8e0
cloud-0n58xq:1842463:1842575 [0] NCCL INFO Allocated shareable buffer 0x2ad0a00000 size 10485760 ipcDesc 0x7f151c0cf3f0
cloud-0n58xq:1842463:1842575 [0] NCCL INFO Allocated shareable buffer 0x2ad1400000 size 10485760 ipcDesc 0x7f151c0d0ab0
cloud-0n58xq:1842463:1842575 [0] NCCL INFO Allocated shareable buffer 0x2ad2000000 size 10485760 ipcDesc 0x7f151c0d2170
cloud-0n58xq:1842463:1842575 [0] NCCL INFO Allocated shareable buffer 0x2ad2a00000 size 10485760 ipcDesc 0x7f151c0d3c80
cloud-0n58xq:1842463:1842575 [0] NCCL INFO Allocated shareable buffer 0x2ad3400000 size 10485760 ipcDesc 0x7f151c0d5340
cloud-0n58xq:1842463:1842575 [0] NCCL INFO Allocated shareable buffer 0x2ad4000000 size 10485760 ipcDesc 0x7f151c0d6a00
cloud-0n58xq:1842463:1842575 [0] NCCL INFO Allocated shareable buffer 0x2ad4a00000 size 10485760 ipcDesc 0x7f151c0d8510
cloud-0n58xq:1842463:1842575 [0] NCCL INFO Allocated shareable buffer 0x2ad5400000 size 10485760 ipcDesc 0x7f151c0d9bd0
cloud-0n58xq:1842463:1842575 [0] NCCL INFO Allocated shareable buffer 0x2ad6000000 size 10485760 ipcDesc 0x7f151c0db290
cloud-0n58xq:1842463:1842575 [0] NCCL INFO Allocated shareable buffer 0x2ad6a00000 size 10485760 ipcDesc 0x7f151c0dcda0
cloud-0n58xq:1842463:1842575 [0] NCCL INFO Allocated shareable buffer 0x2ad7400000 size 10485760 ipcDesc 0x7f151c0de460
cloud-0n58xq:1842463:1842575 [0] NCCL INFO Allocated shareable buffer 0x2ad8000000 size 10485760 ipcDesc 0x7f151c0dfb20
cloud-0n58xq:1842463:1842575 [0] NCCL INFO Allocated shareable buffer 0x2ad8a00000 size 10485760 ipcDesc 0x7f151c0e1630
cloud-0n58xq:1842463:1842575 [0] NCCL INFO Allocated shareable buffer 0x2ad9400000 size 10485760 ipcDesc 0x7f151c0e2cf0
cloud-0n58xq:1842463:1842575 [0] NCCL INFO Allocated shareable buffer 0x2ada000000 size 10485760 ipcDesc 0x7f151c0e43b0
cloud-0n58xq:1842463:1842575 [0] NCCL INFO Allocated shareable buffer 0x2adaa00000 size 10485760 ipcDesc 0x7f151c0e5ec0
cloud-0n58xq:1842463:1842575 [0] NCCL INFO Allocated shareable buffer 0x2adb400000 size 10485760 ipcDesc 0x7f151c0e7580
cloud-0n58xq:1842463:1842575 [0] NCCL INFO Allocated shareable buffer 0x2adc000000 size 10485760 ipcDesc 0x7f151c0e8c40
cloud-0n58xq:1842463:1842575 [0] NCCL INFO Allocated shareable buffer 0x2adca00000 size 10485760 ipcDesc 0x7f151c0ea750
cloud-0n58xq:1842463:1842575 [0] NCCL INFO Allocated shareable buffer 0x2add400000 size 10485760 ipcDesc 0x7f151c0ebe10
cloud-0n58xq:1842463:1842575 [0] NCCL INFO Allocated shareable buffer 0x2ade000000 size 10485760 ipcDesc 0x7f151c0ed4d0
cloud-0n58xq:1842463:1842575 [0] NCCL INFO Allocated shareable buffer 0x2adea00000 size 10485760 ipcDesc 0x7f151c0eefe0
cloud-0n58xq:1842463:1842575 [0] NCCL INFO Allocated shareable buffer 0x2adf400000 size 10485760 ipcDesc 0x7f151c0f06a0
cloud-0n58xq:1842463:1842575 [0] NCCL INFO Allocated shareable buffer 0x2ae0000000 size 10485760 ipcDesc 0x7f151c0f1d60
cloud-0n58xq:1842463:1842575 [0] NCCL INFO Allocated shareable buffer 0x2ae0a00000 size 10485760 ipcDesc 0x7f151c0f3870
cloud-0n58xq:1842463:1842463 [0] NCCL INFO Channel 00/1 : 1[1] -> 0[0] via P2P/CUMEM
cloud-0n58xq:1842463:1842575 [0] NCCL INFO Allocated shareable buffer 0x2ae1400000 size 2097152 ipcDesc 0x7f151c0f4f30
cloud-0n58xq:1842463:1842463 [0] NCCL INFO Channel 01/1 : 1[1] -> 0[0] via P2P/CUMEM
cloud-0n58xq:1842463:1842575 [0] NCCL INFO Allocated shareable buffer 0x2ae1600000 size 2097152 ipcDesc 0x7f151c0f65f0
cloud-0n58xq:1842463:1842463 [0] NCCL INFO Channel 02/1 : 1[1] -> 0[0] via P2P/CUMEM
cloud-0n58xq:1842463:1842575 [0] NCCL INFO Allocated shareable buffer 0x2ae1800000 size 2097152 ipcDesc 0x7f151c0f7cb0
cloud-0n58xq:1842463:1842463 [0] NCCL INFO Channel 03/1 : 1[1] -> 0[0] via P2P/CUMEM
cloud-0n58xq:1842463:1842575 [0] NCCL INFO Allocated shareable buffer 0x2ae1a00000 size 2097152 ipcDesc 0x7f151c0f9370
cloud-0n58xq:1842463:1842463 [0] NCCL INFO Channel 04/1 : 1[1] -> 0[0] via P2P/CUMEM
cloud-0n58xq:1842463:1842575 [0] NCCL INFO Allocated shareable buffer 0x2ae1c00000 size 2097152 ipcDesc 0x7f151c0faa30
cloud-0n58xq:1842463:1842463 [0] NCCL INFO Channel 05/1 : 1[1] -> 0[0] via P2P/CUMEM
cloud-0n58xq:1842463:1842575 [0] NCCL INFO Allocated shareable buffer 0x2ae1e00000 size 2097152 ipcDesc 0x7f151c0fc0f0
cloud-0n58xq:1842463:1842463 [0] NCCL INFO Channel 06/1 : 1[1] -> 0[0] via P2P/CUMEM
cloud-0n58xq:1842463:1842575 [0] NCCL INFO Allocated shareable buffer 0x2adfe00000 size 2097152 ipcDesc 0x7f151c0fd710
cloud-0n58xq:1842463:1842463 [0] NCCL INFO Channel 07/1 : 1[1] -> 0[0] via P2P/CUMEM
cloud-0n58xq:1842463:1842575 [0] NCCL INFO Allocated shareable buffer 0x2adde00000 size 2097152 ipcDesc 0x7f151c0feab0
cloud-0n58xq:1842463:1842463 [0] NCCL INFO Channel 08/1 : 1[1] -> 0[0] via P2P/CUMEM
cloud-0n58xq:1842463:1842575 [0] NCCL INFO Allocated shareable buffer 0x2adbe00000 size 2097152 ipcDesc 0x7f151c0ffe50
cloud-0n58xq:1842463:1842463 [0] NCCL INFO Channel 09/1 : 1[1] -> 0[0] via P2P/CUMEM
cloud-0n58xq:1842463:1842575 [0] NCCL INFO Allocated shareable buffer 0x2ad9e00000 size 2097152 ipcDesc 0x7f151c1011f0
cloud-0n58xq:1842463:1842463 [0] NCCL INFO Channel 10/1 : 1[1] -> 0[0] via P2P/CUMEM
cloud-0n58xq:1842463:1842575 [0] NCCL INFO Allocated shareable buffer 0x2ad7e00000 size 2097152 ipcDesc 0x7f151c102590
cloud-0n58xq:1842463:1842463 [0] NCCL INFO Channel 11/1 : 1[1] -> 0[0] via P2P/CUMEM
cloud-0n58xq:1842463:1842575 [0] NCCL INFO Allocated shareable buffer 0x2ad5e00000 size 2097152 ipcDesc 0x7f151c103930
cloud-0n58xq:1842463:1842463 [0] NCCL INFO Channel 12/1 : 1[1] -> 0[0] via P2P/CUMEM
cloud-0n58xq:1842463:1842575 [0] NCCL INFO Allocated shareable buffer 0x2ad3e00000 size 2097152 ipcDesc 0x7f151c104cd0
cloud-0n58xq:1842463:1842463 [0] NCCL INFO Channel 13/1 : 1[1] -> 0[0] via P2P/CUMEM
cloud-0n58xq:1842463:1842575 [0] NCCL INFO Allocated shareable buffer 0x2ad1e00000 size 2097152 ipcDesc 0x7f151c106070
cloud-0n58xq:1842463:1842463 [0] NCCL INFO Channel 14/1 : 1[1] -> 0[0] via P2P/CUMEM
cloud-0n58xq:1842463:1842575 [0] NCCL INFO Allocated shareable buffer 0x2acfe00000 size 2097152 ipcDesc 0x7f151c107410
cloud-0n58xq:1842463:1842463 [0] NCCL INFO Channel 15/1 : 1[1] -> 0[0] via P2P/CUMEM
cloud-0n58xq:1842463:1842575 [0] NCCL INFO Allocated shareable buffer 0x2acde00000 size 2097152 ipcDesc 0x7f151c1087b0
cloud-0n58xq:1842463:1842463 [0] NCCL INFO Channel 16/1 : 1[1] -> 0[0] via P2P/CUMEM
cloud-0n58xq:1842463:1842575 [0] NCCL INFO Allocated shareable buffer 0x2acbe00000 size 2097152 ipcDesc 0x7f151c109b50
cloud-0n58xq:1842463:1842463 [0] NCCL INFO Channel 17/1 : 1[1] -> 0[0] via P2P/CUMEM
cloud-0n58xq:1842463:1842575 [0] NCCL INFO Allocated shareable buffer 0x2ae2000000 size 2097152 ipcDesc 0x7f151c10aef0
cloud-0n58xq:1842463:1842463 [0] NCCL INFO Channel 18/1 : 1[1] -> 0[0] via P2P/CUMEM
cloud-0n58xq:1842463:1842575 [0] NCCL INFO Allocated shareable buffer 0x2ae2200000 size 2097152 ipcDesc 0x7f151c10c780
cloud-0n58xq:1842463:1842463 [0] NCCL INFO Channel 19/1 : 1[1] -> 0[0] via P2P/CUMEM
cloud-0n58xq:1842463:1842575 [0] NCCL INFO Allocated shareable buffer 0x2ae2400000 size 2097152 ipcDesc 0x7f151c10de40
cloud-0n58xq:1842463:1842463 [0] NCCL INFO Channel 20/1 : 1[1] -> 0[0] via P2P/CUMEM
cloud-0n58xq:1842463:1842575 [0] NCCL INFO Allocated shareable buffer 0x2ae2600000 size 2097152 ipcDesc 0x7f151c10f500
cloud-0n58xq:1842463:1842463 [0] NCCL INFO Channel 21/1 : 1[1] -> 0[0] via P2P/CUMEM
cloud-0n58xq:1842463:1842575 [0] NCCL INFO Allocated shareable buffer 0x2ae2800000 size 2097152 ipcDesc 0x7f151c110bc0
cloud-0n58xq:1842463:1842463 [0] NCCL INFO Channel 22/1 : 1[1] -> 0[0] via P2P/CUMEM
cloud-0n58xq:1842463:1842575 [0] NCCL INFO Allocated shareable buffer 0x2ae2a00000 size 2097152 ipcDesc 0x7f151c112280
cloud-0n58xq:1842463:1842463 [0] NCCL INFO Channel 23/1 : 1[1] -> 0[0] via P2P/CUMEM
cloud-0n58xq:1842463:1842575 [0] NCCL INFO Allocated shareable buffer 0x2ae2c00000 size 2097152 ipcDesc 0x7f151c113940
cloud-0n58xq:1842463:1842463 [0] NCCL INFO Channel 24/1 : 1[1] -> 0[0] via P2P/CUMEM
cloud-0n58xq:1842463:1842575 [0] NCCL INFO Allocated shareable buffer 0x2ae2e00000 size 2097152 ipcDesc 0x7f151c115000
cloud-0n58xq:1842463:1842463 [0] NCCL INFO Channel 25/1 : 1[1] -> 0[0] via P2P/CUMEM
cloud-0n58xq:1842463:1842575 [0] NCCL INFO Allocated shareable buffer 0x2ae3000000 size 2097152 ipcDesc 0x7f151c1166c0
cloud-0n58xq:1842463:1842463 [0] NCCL INFO Channel 26/1 : 1[1] -> 0[0] via P2P/CUMEM
cloud-0n58xq:1842463:1842575 [0] NCCL INFO Allocated shareable buffer 0x2ae3200000 size 2097152 ipcDesc 0x7f151c117d80
cloud-0n58xq:1842463:1842463 [0] NCCL INFO Channel 27/1 : 1[1] -> 0[0] via P2P/CUMEM
cloud-0n58xq:1842463:1842575 [0] NCCL INFO Allocated shareable buffer 0x2ae3400000 size 2097152 ipcDesc 0x7f151c119440
cloud-0n58xq:1842463:1842463 [0] NCCL INFO Channel 28/1 : 1[1] -> 0[0] via P2P/CUMEM
cloud-0n58xq:1842463:1842575 [0] NCCL INFO Allocated shareable buffer 0x2ae3600000 size 2097152 ipcDesc 0x7f151c11ab00
cloud-0n58xq:1842463:1842463 [0] NCCL INFO Channel 29/1 : 1[1] -> 0[0] via P2P/CUMEM
cloud-0n58xq:1842463:1842575 [0] NCCL INFO Allocated shareable buffer 0x2ae3800000 size 2097152 ipcDesc 0x7f151c11c1c0
cloud-0n58xq:1842463:1842463 [0] NCCL INFO Channel 30/1 : 1[1] -> 0[0] via P2P/CUMEM
cloud-0n58xq:1842463:1842575 [0] NCCL INFO Allocated shareable buffer 0x2ae3a00000 size 2097152 ipcDesc 0x7f151c11d880
cloud-0n58xq:1842463:1842463 [0] NCCL INFO Channel 31/1 : 1[1] -> 0[0] via P2P/CUMEM
cloud-0n58xq:1842463:1842575 [0] NCCL INFO Allocated shareable buffer 0x2ae3c00000 size 2097152 ipcDesc 0x7f151c11ef40
cloud-0n58xq:1842463:1842463 [0] NCCL INFO UDS converted handle 0x7f8934008c00 to fd 102 on remote peer 2
cloud-0n58xq:1842463:1842463 [0] NCCL INFO Imported shareable buffer device 0 size 10485760 ptr 0x2ae4000000
cloud-0n58xq:1842463:1842463 [0] NCCL INFO UDS converted handle 0x7f9bec0389d0 to fd 105 on remote peer 0
cloud-0n58xq:1842463:1842463 [0] NCCL INFO Imported shareable buffer device 0 size 2097152 ptr 0x2ae4a00000
cloud-0n58xq:1842463:1842463 [0] NCCL INFO UDS converted handle 0x7f893400a560 to fd 109 on remote peer 2
cloud-0n58xq:1842463:1842463 [0] NCCL INFO Imported shareable buffer device 0 size 10485760 ptr 0x2ae4c00000
cloud-0n58xq:1842463:1842463 [0] NCCL INFO UDS converted handle 0x7f9bec03a090 to fd 109 on remote peer 0
cloud-0n58xq:1842463:1842463 [0] NCCL INFO Imported shareable buffer device 0 size 2097152 ptr 0x2ae5600000
cloud-0n58xq:1842463:1842463 [0] NCCL INFO UDS converted handle 0x7f893400bc60 to fd 109 on remote peer 2
cloud-0n58xq:1842463:1842463 [0] NCCL INFO Imported shareable buffer device 0 size 10485760 ptr 0x2ae6000000
cloud-0n58xq:1842463:1842463 [0] NCCL INFO UDS converted handle 0x7f9bec03b750 to fd 109 on remote peer 0
cloud-0n58xq:1842463:1842463 [0] NCCL INFO Imported shareable buffer device 0 size 2097152 ptr 0x2ae6a00000
cloud-0n58xq:1842463:1842463 [0] NCCL INFO UDS converted handle 0x7f893400d340 to fd 109 on remote peer 2
cloud-0n58xq:1842463:1842463 [0] NCCL INFO Imported shareable buffer device 0 size 10485760 ptr 0x2ae6c00000
cloud-0n58xq:1842463:1842463 [0] NCCL INFO UDS converted handle 0x7f9bec03ce10 to fd 109 on remote peer 0
cloud-0n58xq:1842463:1842463 [0] NCCL INFO Imported shareable buffer device 0 size 2097152 ptr 0x2ae7600000
cloud-0n58xq:1842463:1842463 [0] NCCL INFO UDS converted handle 0x7f893400ea00 to fd 109 on remote peer 2
cloud-0n58xq:1842463:1842463 [0] NCCL INFO Imported shareable buffer device 0 size 10485760 ptr 0x2ae8000000
cloud-0n58xq:1842463:1842463 [0] NCCL INFO UDS converted handle 0x7f9bec03e4d0 to fd 109 on remote peer 0
cloud-0n58xq:1842463:1842463 [0] NCCL INFO Imported shareable buffer device 0 size 2097152 ptr 0x2ae8a00000
cloud-0n58xq:1842463:1842463 [0] NCCL INFO UDS converted handle 0x7f89340100c0 to fd 109 on remote peer 2
cloud-0n58xq:1842463:1842463 [0] NCCL INFO Imported shareable buffer device 0 size 10485760 ptr 0x2ae8c00000
cloud-0n58xq:1842463:1842463 [0] NCCL INFO UDS converted handle 0x7f9bec03fb90 to fd 109 on remote peer 0
cloud-0n58xq:1842463:1842463 [0] NCCL INFO Imported shareable buffer device 0 size 2097152 ptr 0x2ae9600000
cloud-0n58xq:1842463:1842463 [0] NCCL INFO UDS converted handle 0x7f8934011780 to fd 109 on remote peer 2
cloud-0n58xq:1842463:1842463 [0] NCCL INFO Imported shareable buffer device 0 size 10485760 ptr 0x2aea000000
cloud-0n58xq:1842463:1842463 [0] NCCL INFO UDS converted handle 0x7f9bec0411b0 to fd 109 on remote peer 0
cloud-0n58xq:1842463:1842463 [0] NCCL INFO Imported shareable buffer device 0 size 2097152 ptr 0x2aeaa00000
cloud-0n58xq:1842463:1842463 [0] NCCL INFO UDS converted handle 0x7f8934012e40 to fd 109 on remote peer 2
cloud-0n58xq:1842463:1842463 [0] NCCL INFO Imported shareable buffer device 0 size 10485760 ptr 0x2aeac00000
cloud-0n58xq:1842463:1842463 [0] NCCL INFO UDS converted handle 0x7f9bec042550 to fd 109 on remote peer 0
cloud-0n58xq:1842463:1842463 [0] NCCL INFO Imported shareable buffer device 0 size 2097152 ptr 0x2aeb600000
cloud-0n58xq:1842463:1842463 [0] NCCL INFO UDS converted handle 0x7f8934014500 to fd 109 on remote peer 2
cloud-0n58xq:1842463:1842463 [0] NCCL INFO Imported shareable buffer device 0 size 10485760 ptr 0x2aec000000
cloud-0n58xq:1842463:1842463 [0] NCCL INFO UDS converted handle 0x7f9bec0438f0 to fd 109 on remote peer 0
cloud-0n58xq:1842463:1842463 [0] NCCL INFO Imported shareable buffer device 0 size 2097152 ptr 0x2aeca00000
cloud-0n58xq:1842463:1842463 [0] NCCL INFO UDS converted handle 0x7f8934015bc0 to fd 109 on remote peer 2
cloud-0n58xq:1842463:1842463 [0] NCCL INFO Imported shareable buffer device 0 size 10485760 ptr 0x2aecc00000
cloud-0n58xq:1842463:1842463 [0] NCCL INFO UDS converted handle 0x7f9bec044c90 to fd 109 on remote peer 0
cloud-0n58xq:1842463:1842463 [0] NCCL INFO Imported shareable buffer device 0 size 2097152 ptr 0x2aed600000
cloud-0n58xq:1842463:1842463 [0] NCCL INFO UDS converted handle 0x7f8934017720 to fd 109 on remote peer 2
cloud-0n58xq:1842463:1842463 [0] NCCL INFO Imported shareable buffer device 0 size 10485760 ptr 0x2aee000000
cloud-0n58xq:1842463:1842463 [0] NCCL INFO UDS converted handle 0x7f9bec046030 to fd 109 on remote peer 0
cloud-0n58xq:1842463:1842463 [0] NCCL INFO Imported shareable buffer device 0 size 2097152 ptr 0x2aeea00000
cloud-0n58xq:1842463:1842463 [0] NCCL INFO UDS converted handle 0x7f8934018de0 to fd 109 on remote peer 2
cloud-0n58xq:1842463:1842463 [0] NCCL INFO Imported shareable buffer device 0 size 10485760 ptr 0x2aeec00000
cloud-0n58xq:1842463:1842463 [0] NCCL INFO UDS converted handle 0x7f9bec0473d0 to fd 109 on remote peer 0
cloud-0n58xq:1842463:1842463 [0] NCCL INFO Imported shareable buffer device 0 size 2097152 ptr 0x2aef600000
cloud-0n58xq:1842463:1842463 [0] NCCL INFO UDS converted handle 0x7f893401a4a0 to fd 109 on remote peer 2
cloud-0n58xq:1842463:1842463 [0] NCCL INFO Imported shareable buffer device 0 size 10485760 ptr 0x2af0000000
cloud-0n58xq:1842463:1842463 [0] NCCL INFO UDS converted handle 0x7f9bec048770 to fd 109 on remote peer 0
cloud-0n58xq:1842463:1842463 [0] NCCL INFO Imported shareable buffer device 0 size 2097152 ptr 0x2af0a00000
cloud-0n58xq:1842463:1842463 [0] NCCL INFO UDS converted handle 0x7f893401bfb0 to fd 109 on remote peer 2
cloud-0n58xq:1842463:1842463 [0] NCCL INFO Imported shareable buffer device 0 size 10485760 ptr 0x2af0c00000
cloud-0n58xq:1842463:1842463 [0] NCCL INFO UDS converted handle 0x7f9bec049b10 to fd 109 on remote peer 0
cloud-0n58xq:1842463:1842463 [0] NCCL INFO Imported shareable buffer device 0 size 2097152 ptr 0x2af1600000
cloud-0n58xq:1842463:1842463 [0] NCCL INFO UDS converted handle 0x7f893401d670 to fd 109 on remote peer 2
cloud-0n58xq:1842463:1842463 [0] NCCL INFO Imported shareable buffer device 0 size 10485760 ptr 0x2af2000000
cloud-0n58xq:1842463:1842463 [0] NCCL INFO UDS converted handle 0x7f9bec04b1d0 to fd 109 on remote peer 0
cloud-0n58xq:1842463:1842463 [0] NCCL INFO Imported shareable buffer device 0 size 2097152 ptr 0x2af2a00000
cloud-0n58xq:1842463:1842463 [0] NCCL INFO UDS converted handle 0x7f893401ed30 to fd 109 on remote peer 2
cloud-0n58xq:1842463:1842463 [0] NCCL INFO Imported shareable buffer device 0 size 10485760 ptr 0x2af2c00000
cloud-0n58xq:1842463:1842463 [0] NCCL INFO UDS converted handle 0x7f9bec04c890 to fd 109 on remote peer 0
cloud-0n58xq:1842463:1842463 [0] NCCL INFO Imported shareable buffer device 0 size 2097152 ptr 0x2af3600000
cloud-0n58xq:1842463:1842463 [0] NCCL INFO UDS converted handle 0x7f8934020840 to fd 109 on remote peer 2
cloud-0n58xq:1842463:1842463 [0] NCCL INFO Imported shareable buffer device 0 size 10485760 ptr 0x2af4000000
cloud-0n58xq:1842463:1842463 [0] NCCL INFO UDS converted handle 0x7f9bec04df50 to fd 109 on remote peer 0
cloud-0n58xq:1842463:1842463 [0] NCCL INFO Imported shareable buffer device 0 size 2097152 ptr 0x2af4a00000
cloud-0n58xq:1842463:1842463 [0] NCCL INFO UDS converted handle 0x7f8934021f00 to fd 109 on remote peer 2
cloud-0n58xq:1842463:1842463 [0] NCCL INFO Imported shareable buffer device 0 size 10485760 ptr 0x2af4c00000
cloud-0n58xq:1842463:1842463 [0] NCCL INFO UDS converted handle 0x7f9bec04f4d0 to fd 109 on remote peer 0
cloud-0n58xq:1842463:1842463 [0] NCCL INFO Imported shareable buffer device 0 size 2097152 ptr 0x2af5600000
cloud-0n58xq:1842463:1842463 [0] NCCL INFO UDS converted handle 0x7f89340235c0 to fd 109 on remote peer 2
cloud-0n58xq:1842463:1842463 [0] NCCL INFO Imported shareable buffer device 0 size 10485760 ptr 0x2af6000000
cloud-0n58xq:1842463:1842463 [0] NCCL INFO UDS converted handle 0x7f9bec050d60 to fd 109 on remote peer 0
cloud-0n58xq:1842463:1842463 [0] NCCL INFO Imported shareable buffer device 0 size 2097152 ptr 0x2af6a00000
cloud-0n58xq:1842463:1842463 [0] NCCL INFO UDS converted handle 0x7f89340250d0 to fd 109 on remote peer 2
cloud-0n58xq:1842463:1842463 [0] NCCL INFO Imported shareable buffer device 0 size 10485760 ptr 0x2af6c00000
cloud-0n58xq:1842463:1842463 [0] NCCL INFO UDS converted handle 0x7f9bec052420 to fd 109 on remote peer 0
cloud-0n58xq:1842463:1842463 [0] NCCL INFO Imported shareable buffer device 0 size 2097152 ptr 0x2af7600000
cloud-0n58xq:1842463:1842463 [0] NCCL INFO UDS converted handle 0x7f8934026790 to fd 109 on remote peer 2
cloud-0n58xq:1842463:1842463 [0] NCCL INFO Imported shareable buffer device 0 size 10485760 ptr 0x2af8000000
cloud-0n58xq:1842463:1842463 [0] NCCL INFO UDS converted handle 0x7f9bec053ae0 to fd 109 on remote peer 0
cloud-0n58xq:1842463:1842463 [0] NCCL INFO Imported shareable buffer device 0 size 2097152 ptr 0x2af8a00000
cloud-0n58xq:1842463:1842463 [0] NCCL INFO UDS converted handle 0x7f8934027e50 to fd 109 on remote peer 2
cloud-0n58xq:1842463:1842463 [0] NCCL INFO Imported shareable buffer device 0 size 10485760 ptr 0x2af8c00000
cloud-0n58xq:1842463:1842463 [0] NCCL INFO UDS converted handle 0x7f9bec0551a0 to fd 109 on remote peer 0
cloud-0n58xq:1842463:1842463 [0] NCCL INFO Imported shareable buffer device 0 size 2097152 ptr 0x2af9600000
cloud-0n58xq:1842463:1842463 [0] NCCL INFO UDS converted handle 0x7f8934029960 to fd 109 on remote peer 2
cloud-0n58xq:1842463:1842463 [0] NCCL INFO Imported shareable buffer device 0 size 10485760 ptr 0x2afa000000
cloud-0n58xq:1842463:1842463 [0] NCCL INFO UDS converted handle 0x7f9bec056860 to fd 109 on remote peer 0
cloud-0n58xq:1842463:1842463 [0] NCCL INFO Imported shareable buffer device 0 size 2097152 ptr 0x2afaa00000
cloud-0n58xq:1842463:1842463 [0] NCCL INFO UDS converted handle 0x7f893402b020 to fd 109 on remote peer 2
cloud-0n58xq:1842463:1842463 [0] NCCL INFO Imported shareable buffer device 0 size 10485760 ptr 0x2afac00000
cloud-0n58xq:1842463:1842463 [0] NCCL INFO UDS converted handle 0x7f9bec057f20 to fd 109 on remote peer 0
cloud-0n58xq:1842463:1842463 [0] NCCL INFO Imported shareable buffer device 0 size 2097152 ptr 0x2afb600000
cloud-0n58xq:1842463:1842463 [0] NCCL INFO UDS converted handle 0x7f893402c6e0 to fd 109 on remote peer 2
cloud-0n58xq:1842463:1842463 [0] NCCL INFO Imported shareable buffer device 0 size 10485760 ptr 0x2afc000000
cloud-0n58xq:1842463:1842463 [0] NCCL INFO UDS converted handle 0x7f9bec0595e0 to fd 109 on remote peer 0
cloud-0n58xq:1842463:1842463 [0] NCCL INFO Imported shareable buffer device 0 size 2097152 ptr 0x2afca00000
cloud-0n58xq:1842463:1842463 [0] NCCL INFO UDS converted handle 0x7f893402e1f0 to fd 109 on remote peer 2
cloud-0n58xq:1842463:1842463 [0] NCCL INFO Imported shareable buffer device 0 size 10485760 ptr 0x2afcc00000
cloud-0n58xq:1842463:1842463 [0] NCCL INFO UDS converted handle 0x7f9bec05aca0 to fd 109 on remote peer 0
cloud-0n58xq:1842463:1842463 [0] NCCL INFO Imported shareable buffer device 0 size 2097152 ptr 0x2afd600000
cloud-0n58xq:1842463:1842463 [0] NCCL INFO UDS converted handle 0x7f893402f8b0 to fd 109 on remote peer 2
cloud-0n58xq:1842463:1842463 [0] NCCL INFO Imported shareable buffer device 0 size 10485760 ptr 0x2afe000000
cloud-0n58xq:1842463:1842463 [0] NCCL INFO UDS converted handle 0x7f9bec05c360 to fd 109 on remote peer 0
cloud-0n58xq:1842463:1842463 [0] NCCL INFO Imported shareable buffer device 0 size 2097152 ptr 0x2afea00000
cloud-0n58xq:1842463:1842463 [0] NCCL INFO UDS converted handle 0x7f8934030f70 to fd 109 on remote peer 2
cloud-0n58xq:1842463:1842463 [0] NCCL INFO Imported shareable buffer device 0 size 10485760 ptr 0x2afec00000
cloud-0n58xq:1842463:1842463 [0] NCCL INFO UDS converted handle 0x7f9bec05da20 to fd 109 on remote peer 0
cloud-0n58xq:1842463:1842463 [0] NCCL INFO Imported shareable buffer device 0 size 2097152 ptr 0x2aff600000
cloud-0n58xq:1842463:1842463 [0] NCCL INFO UDS converted handle 0x7f8934032a80 to fd 109 on remote peer 2
cloud-0n58xq:1842463:1842463 [0] NCCL INFO Imported shareable buffer device 0 size 10485760 ptr 0x2b00000000
cloud-0n58xq:1842463:1842463 [0] NCCL INFO UDS converted handle 0x7f9bec05f0e0 to fd 109 on remote peer 0
cloud-0n58xq:1842463:1842463 [0] NCCL INFO Imported shareable buffer device 0 size 2097152 ptr 0x2b00a00000
cloud-0n58xq:1842463:1842463 [0] NCCL INFO UDS converted handle 0x7f8934034140 to fd 109 on remote peer 2
cloud-0n58xq:1842463:1842463 [0] NCCL INFO Imported shareable buffer device 0 size 10485760 ptr 0x2b00c00000
cloud-0n58xq:1842463:1842463 [0] NCCL INFO UDS converted handle 0x7f9bec0607a0 to fd 109 on remote peer 0
cloud-0n58xq:1842463:1842463 [0] NCCL INFO Imported shareable buffer device 0 size 2097152 ptr 0x2b01600000
cloud-0n58xq:1842463:1842463 [0] NCCL INFO UDS converted handle 0x7f8934035800 to fd 109 on remote peer 2
cloud-0n58xq:1842463:1842463 [0] NCCL INFO Imported shareable buffer device 0 size 10485760 ptr 0x2b02000000
cloud-0n58xq:1842463:1842463 [0] NCCL INFO UDS converted handle 0x7f9bec061e60 to fd 109 on remote peer 0
cloud-0n58xq:1842463:1842463 [0] NCCL INFO Imported shareable buffer device 0 size 2097152 ptr 0x2b02a00000
cloud-0n58xq:1842463:1842463 [0] NCCL INFO UDS converted handle 0x7f8934037310 to fd 109 on remote peer 2
cloud-0n58xq:1842463:1842463 [0] NCCL INFO Imported shareable buffer device 0 size 10485760 ptr 0x2b02c00000
cloud-0n58xq:1842463:1842463 [0] NCCL INFO UDS converted handle 0x7f9bec063520 to fd 109 on remote peer 0
cloud-0n58xq:1842463:1842463 [0] NCCL INFO Imported shareable buffer device 0 size 2097152 ptr 0x2b03600000
cloud-0n58xq:1842463:1842463 [0] NCCL INFO UDS converted handle 0x7f212c064be0 to fd 110 on remote peer 3
cloud-0n58xq:1842463:1842463 [0] NCCL INFO Imported shareable buffer device 0 size 10485760 ptr 0x2b04000000
cloud-0n58xq:1842463:1842463 [0] NCCL INFO UDS converted handle 0x7f212c0952b0 to fd 113 on remote peer 3
cloud-0n58xq:1842463:1842463 [0] NCCL INFO Imported shareable buffer device 0 size 2097152 ptr 0x2b04a00000
cloud-0n58xq:1842463:1842463 [0] NCCL INFO UDS converted handle 0x7f212c0666f0 to fd 113 on remote peer 3
cloud-0n58xq:1842463:1842463 [0] NCCL INFO Imported shareable buffer device 0 size 10485760 ptr 0x2b04c00000
cloud-0n58xq:1842463:1842463 [0] NCCL INFO UDS converted handle 0x7f212c096970 to fd 113 on remote peer 3
cloud-0n58xq:1842463:1842463 [0] NCCL INFO Imported shareable buffer device 0 size 2097152 ptr 0x2b05600000
cloud-0n58xq:1842463:1842463 [0] NCCL INFO UDS converted handle 0x7f212c067db0 to fd 113 on remote peer 3
cloud-0n58xq:1842463:1842463 [0] NCCL INFO Imported shareable buffer device 0 size 10485760 ptr 0x2b06000000
cloud-0n58xq:1842463:1842463 [0] NCCL INFO UDS converted handle 0x7f212c098030 to fd 113 on remote peer 3
cloud-0n58xq:1842463:1842463 [0] NCCL INFO Imported shareable buffer device 0 size 2097152 ptr 0x2b06a00000
cloud-0n58xq:1842463:1842463 [0] NCCL INFO UDS converted handle 0x7f212c069470 to fd 113 on remote peer 3
cloud-0n58xq:1842463:1842463 [0] NCCL INFO Imported shareable buffer device 0 size 10485760 ptr 0x2b06c00000
cloud-0n58xq:1842463:1842463 [0] NCCL INFO UDS converted handle 0x7f212c0996f0 to fd 113 on remote peer 3
cloud-0n58xq:1842463:1842463 [0] NCCL INFO Imported shareable buffer device 0 size 2097152 ptr 0x2b07600000
cloud-0n58xq:1842463:1842463 [0] NCCL INFO UDS converted handle 0x7f212c06af80 to fd 113 on remote peer 3
cloud-0n58xq:1842463:1842463 [0] NCCL INFO Imported shareable buffer device 0 size 10485760 ptr 0x2b08000000
cloud-0n58xq:1842463:1842463 [0] NCCL INFO UDS converted handle 0x7f212c09adb0 to fd 113 on remote peer 3
cloud-0n58xq:1842463:1842463 [0] NCCL INFO Imported shareable buffer device 0 size 2097152 ptr 0x2b08a00000
cloud-0n58xq:1842463:1842463 [0] NCCL INFO UDS converted handle 0x7f212c06c640 to fd 113 on remote peer 3
cloud-0n58xq:1842463:1842463 [0] NCCL INFO Imported shareable buffer device 0 size 10485760 ptr 0x2b08c00000
cloud-0n58xq:1842463:1842463 [0] NCCL INFO UDS converted handle 0x7f212c09c470 to fd 113 on remote peer 3
cloud-0n58xq:1842463:1842463 [0] NCCL INFO Imported shareable buffer device 0 size 2097152 ptr 0x2b09600000
cloud-0n58xq:1842463:1842463 [0] NCCL INFO UDS converted handle 0x7f212c06dd00 to fd 114 on remote peer 3
cloud-0n58xq:1842463:1842463 [0] NCCL INFO Imported shareable buffer device 0 size 10485760 ptr 0x2b0a000000
cloud-0n58xq:1842463:1842463 [0] NCCL INFO UDS converted handle 0x7f212c09da90 to fd 114 on remote peer 3
cloud-0n58xq:1842463:1842463 [0] NCCL INFO Imported shareable buffer device 0 size 2097152 ptr 0x2b0aa00000
cloud-0n58xq:1842463:1842463 [0] NCCL INFO UDS converted handle 0x7f212c06f810 to fd 114 on remote peer 3
cloud-0n58xq:1842463:1842463 [0] NCCL INFO Imported shareable buffer device 0 size 10485760 ptr 0x2b0ac00000
cloud-0n58xq:1842463:1842463 [0] NCCL INFO UDS converted handle 0x7f212c09ee30 to fd 110 on remote peer 3
cloud-0n58xq:1842463:1842463 [0] NCCL INFO Imported shareable buffer device 0 size 2097152 ptr 0x2b0b600000
cloud-0n58xq:1842463:1842463 [0] NCCL INFO UDS converted handle 0x7f212c070ed0 to fd 114 on remote peer 3
cloud-0n58xq:1842463:1842463 [0] NCCL INFO Imported shareable buffer device 0 size 10485760 ptr 0x2b0c000000
cloud-0n58xq:1842463:1842463 [0] NCCL INFO UDS converted handle 0x7f212c0a01d0 to fd 114 on remote peer 3
cloud-0n58xq:1842463:1842463 [0] NCCL INFO Imported shareable buffer device 0 size 2097152 ptr 0x2b0ca00000
cloud-0n58xq:1842463:1842463 [0] NCCL INFO UDS converted handle 0x7f212c072590 to fd 110 on remote peer 3
cloud-0n58xq:1842463:1842463 [0] NCCL INFO Imported shareable buffer device 0 size 10485760 ptr 0x2b0cc00000
cloud-0n58xq:1842463:1842463 [0] NCCL INFO UDS converted handle 0x7f212c0a1570 to fd 114 on remote peer 3
cloud-0n58xq:1842463:1842463 [0] NCCL INFO Imported shareable buffer device 0 size 2097152 ptr 0x2b0d600000
cloud-0n58xq:1842463:1842463 [0] NCCL INFO UDS converted handle 0x7f212c0740a0 to fd 114 on remote peer 3
cloud-0n58xq:1842463:1842463 [0] NCCL INFO Imported shareable buffer device 0 size 10485760 ptr 0x2b0e000000
cloud-0n58xq:1842463:1842463 [0] NCCL INFO UDS converted handle 0x7f212c0a2910 to fd 114 on remote peer 3
cloud-0n58xq:1842463:1842463 [0] NCCL INFO Imported shareable buffer device 0 size 2097152 ptr 0x2b0ea00000
cloud-0n58xq:1842463:1842463 [0] NCCL INFO UDS converted handle 0x7f212c075760 to fd 114 on remote peer 3
cloud-0n58xq:1842463:1842463 [0] NCCL INFO Imported shareable buffer device 0 size 10485760 ptr 0x2b0ec00000
cloud-0n58xq:1842463:1842463 [0] NCCL INFO UDS converted handle 0x7f212c0a3f30 to fd 114 on remote peer 3
cloud-0n58xq:1842463:1842463 [0] NCCL INFO Imported shareable buffer device 0 size 2097152 ptr 0x2b0f600000
cloud-0n58xq:1842463:1842463 [0] NCCL INFO UDS converted handle 0x7f212c076e20 to fd 114 on remote peer 3
cloud-0n58xq:1842463:1842463 [0] NCCL INFO Imported shareable buffer device 0 size 10485760 ptr 0x2b10000000
cloud-0n58xq:1842463:1842463 [0] NCCL INFO UDS converted handle 0x7f212c0a52d0 to fd 114 on remote peer 3
cloud-0n58xq:1842463:1842463 [0] NCCL INFO Imported shareable buffer device 0 size 2097152 ptr 0x2b10a00000
cloud-0n58xq:1842463:1842463 [0] NCCL INFO UDS converted handle 0x7f212c078930 to fd 114 on remote peer 3
cloud-0n58xq:1842463:1842463 [0] NCCL INFO Imported shareable buffer device 0 size 10485760 ptr 0x2b10c00000
cloud-0n58xq:1842463:1842463 [0] NCCL INFO UDS converted handle 0x7f212c0a6670 to fd 114 on remote peer 3
cloud-0n58xq:1842463:1842463 [0] NCCL INFO Imported shareable buffer device 0 size 2097152 ptr 0x2b11600000
cloud-0n58xq:1842463:1842463 [0] NCCL INFO UDS converted handle 0x7f212c079ff0 to fd 114 on remote peer 3
cloud-0n58xq:1842463:1842463 [0] NCCL INFO Imported shareable buffer device 0 size 10485760 ptr 0x2b12000000
cloud-0n58xq:1842463:1842463 [0] NCCL INFO UDS converted handle 0x7f212c0a7a10 to fd 114 on remote peer 3
cloud-0n58xq:1842463:1842463 [0] NCCL INFO Imported shareable buffer device 0 size 2097152 ptr 0x2b12a00000
cloud-0n58xq:1842463:1842463 [0] NCCL INFO UDS converted handle 0x7f212c07b6b0 to fd 114 on remote peer 3
cloud-0n58xq:1842463:1842463 [0] NCCL INFO Imported shareable buffer device 0 size 10485760 ptr 0x2b12c00000
cloud-0n58xq:1842463:1842463 [0] NCCL INFO UDS converted handle 0x7f212c0a8db0 to fd 114 on remote peer 3
cloud-0n58xq:1842463:1842463 [0] NCCL INFO Imported shareable buffer device 0 size 2097152 ptr 0x2b13600000
cloud-0n58xq:1842463:1842463 [0] NCCL INFO UDS converted handle 0x7f212c07d120 to fd 114 on remote peer 3
cloud-0n58xq:1842463:1842463 [0] NCCL INFO Imported shareable buffer device 0 size 10485760 ptr 0x2b14000000
cloud-0n58xq:1842463:1842463 [0] NCCL INFO UDS converted handle 0x7f212c0aa150 to fd 114 on remote peer 3
cloud-0n58xq:1842463:1842463 [0] NCCL INFO Imported shareable buffer device 0 size 2097152 ptr 0x2b14a00000
cloud-0n58xq:1842463:1842463 [0] NCCL INFO UDS converted handle 0x7f212c07e7e0 to fd 114 on remote peer 3
cloud-0n58xq:1842463:1842463 [0] NCCL INFO Imported shareable buffer device 0 size 10485760 ptr 0x2b14c00000
cloud-0n58xq:1842463:1842463 [0] NCCL INFO UDS converted handle 0x7f212c0ab4f0 to fd 114 on remote peer 3
cloud-0n58xq:1842463:1842463 [0] NCCL INFO Imported shareable buffer device 0 size 2097152 ptr 0x2b15600000
cloud-0n58xq:1842463:1842463 [0] NCCL INFO UDS converted handle 0x7f212c07fea0 to fd 114 on remote peer 3
cloud-0n58xq:1842463:1842463 [0] NCCL INFO Imported shareable buffer device 0 size 10485760 ptr 0x2b16000000
cloud-0n58xq:1842463:1842463 [0] NCCL INFO UDS converted handle 0x7f212c0acd80 to fd 114 on remote peer 3
cloud-0n58xq:1842463:1842463 [0] NCCL INFO Imported shareable buffer device 0 size 2097152 ptr 0x2b16a00000
cloud-0n58xq:1842463:1842463 [0] NCCL INFO UDS converted handle 0x7f212c0819b0 to fd 114 on remote peer 3
cloud-0n58xq:1842463:1842463 [0] NCCL INFO Imported shareable buffer device 0 size 10485760 ptr 0x2b16c00000
cloud-0n58xq:1842463:1842463 [0] NCCL INFO UDS converted handle 0x7f212c0ae440 to fd 114 on remote peer 3
cloud-0n58xq:1842463:1842463 [0] NCCL INFO Imported shareable buffer device 0 size 2097152 ptr 0x2b17600000
cloud-0n58xq:1842463:1842463 [0] NCCL INFO UDS converted handle 0x7f212c083070 to fd 114 on remote peer 3
cloud-0n58xq:1842463:1842463 [0] NCCL INFO Imported shareable buffer device 0 size 10485760 ptr 0x2b18000000
cloud-0n58xq:1842463:1842463 [0] NCCL INFO UDS converted handle 0x7f212c0afb00 to fd 114 on remote peer 3
cloud-0n58xq:1842463:1842463 [0] NCCL INFO Imported shareable buffer device 0 size 2097152 ptr 0x2b18a00000
cloud-0n58xq:1842463:1842463 [0] NCCL INFO UDS converted handle 0x7f212c084730 to fd 114 on remote peer 3
cloud-0n58xq:1842463:1842463 [0] NCCL INFO Imported shareable buffer device 0 size 10485760 ptr 0x2b18c00000
cloud-0n58xq:1842463:1842463 [0] NCCL INFO UDS converted handle 0x7f212c0b11c0 to fd 114 on remote peer 3
cloud-0n58xq:1842463:1842463 [0] NCCL INFO Imported shareable buffer device 0 size 2097152 ptr 0x2b19600000
cloud-0n58xq:1842463:1842463 [0] NCCL INFO UDS converted handle 0x7f212c086240 to fd 114 on remote peer 3
cloud-0n58xq:1842463:1842463 [0] NCCL INFO Imported shareable buffer device 0 size 10485760 ptr 0x2b1a000000
cloud-0n58xq:1842463:1842463 [0] NCCL INFO UDS converted handle 0x7f212c0b2880 to fd 114 on remote peer 3
cloud-0n58xq:1842463:1842463 [0] NCCL INFO Imported shareable buffer device 0 size 2097152 ptr 0x2b1aa00000
cloud-0n58xq:1842463:1842463 [0] NCCL INFO UDS converted handle 0x7f212c087900 to fd 114 on remote peer 3
cloud-0n58xq:1842463:1842463 [0] NCCL INFO Imported shareable buffer device 0 size 10485760 ptr 0x2b1ac00000
cloud-0n58xq:1842463:1842463 [0] NCCL INFO UDS converted handle 0x7f212c0b3f40 to fd 114 on remote peer 3
cloud-0n58xq:1842463:1842463 [0] NCCL INFO Imported shareable buffer device 0 size 2097152 ptr 0x2b1b600000
cloud-0n58xq:1842463:1842463 [0] NCCL INFO UDS converted handle 0x7f212c088fc0 to fd 114 on remote peer 3
cloud-0n58xq:1842463:1842463 [0] NCCL INFO Imported shareable buffer device 0 size 10485760 ptr 0x2b1c000000
cloud-0n58xq:1842463:1842463 [0] NCCL INFO UDS converted handle 0x7f212c0b5600 to fd 114 on remote peer 3
cloud-0n58xq:1842463:1842463 [0] NCCL INFO Imported shareable buffer device 0 size 2097152 ptr 0x2b1ca00000
cloud-0n58xq:1842463:1842463 [0] NCCL INFO UDS converted handle 0x7f212c08aad0 to fd 114 on remote peer 3
cloud-0n58xq:1842463:1842463 [0] NCCL INFO Imported shareable buffer device 0 size 10485760 ptr 0x2b1cc00000
cloud-0n58xq:1842463:1842463 [0] NCCL INFO UDS converted handle 0x7f212c0b6cc0 to fd 114 on remote peer 3
cloud-0n58xq:1842463:1842463 [0] NCCL INFO Imported shareable buffer device 0 size 2097152 ptr 0x2b1d600000
cloud-0n58xq:1842463:1842463 [0] NCCL INFO UDS converted handle 0x7f212c08c190 to fd 114 on remote peer 3
cloud-0n58xq:1842463:1842463 [0] NCCL INFO Imported shareable buffer device 0 size 10485760 ptr 0x2b1e000000
cloud-0n58xq:1842463:1842463 [0] NCCL INFO UDS converted handle 0x7f212c0b8380 to fd 114 on remote peer 3
cloud-0n58xq:1842463:1842463 [0] NCCL INFO Imported shareable buffer device 0 size 2097152 ptr 0x2b1ea00000
cloud-0n58xq:1842463:1842463 [0] NCCL INFO UDS converted handle 0x7f212c08d850 to fd 114 on remote peer 3
cloud-0n58xq:1842463:1842463 [0] NCCL INFO Imported shareable buffer device 0 size 10485760 ptr 0x2b1ec00000
cloud-0n58xq:1842463:1842463 [0] NCCL INFO UDS converted handle 0x7f212c0b9a40 to fd 114 on remote peer 3
cloud-0n58xq:1842463:1842463 [0] NCCL INFO Imported shareable buffer device 0 size 2097152 ptr 0x2b1f600000
cloud-0n58xq:1842463:1842463 [0] NCCL INFO UDS converted handle 0x7f212c08f360 to fd 114 on remote peer 3
cloud-0n58xq:1842463:1842463 [0] NCCL INFO Imported shareable buffer device 0 size 10485760 ptr 0x2b20000000
cloud-0n58xq:1842463:1842463 [0] NCCL INFO UDS converted handle 0x7f212c0bb100 to fd 114 on remote peer 3
cloud-0n58xq:1842463:1842463 [0] NCCL INFO Imported shareable buffer device 0 size 2097152 ptr 0x2b20a00000
cloud-0n58xq:1842463:1842463 [0] NCCL INFO UDS converted handle 0x7f212c090a20 to fd 114 on remote peer 3
cloud-0n58xq:1842463:1842463 [0] NCCL INFO Imported shareable buffer device 0 size 10485760 ptr 0x2b20c00000
cloud-0n58xq:1842463:1842463 [0] NCCL INFO UDS converted handle 0x7f212c0bc7c0 to fd 114 on remote peer 3
cloud-0n58xq:1842463:1842463 [0] NCCL INFO Imported shareable buffer device 0 size 2097152 ptr 0x2b21600000
cloud-0n58xq:1842463:1842463 [0] NCCL INFO UDS converted handle 0x7f212c0920e0 to fd 114 on remote peer 3
cloud-0n58xq:1842463:1842463 [0] NCCL INFO Imported shareable buffer device 0 size 10485760 ptr 0x2b22000000
cloud-0n58xq:1842463:1842463 [0] NCCL INFO UDS converted handle 0x7f212c0bde80 to fd 114 on remote peer 3
cloud-0n58xq:1842463:1842463 [0] NCCL INFO Imported shareable buffer device 0 size 2097152 ptr 0x2b22a00000
cloud-0n58xq:1842463:1842463 [0] NCCL INFO UDS converted handle 0x7f212c093bf0 to fd 114 on remote peer 3
cloud-0n58xq:1842463:1842463 [0] NCCL INFO Imported shareable buffer device 0 size 10485760 ptr 0x2b22c00000
cloud-0n58xq:1842463:1842463 [0] NCCL INFO UDS converted handle 0x7f212c0bf540 to fd 114 on remote peer 3
cloud-0n58xq:1842463:1842463 [0] NCCL INFO Imported shareable buffer device 0 size 2097152 ptr 0x2b23600000
cloud-0n58xq:1842463:1842463 [0] NCCL INFO UDS converted handle 0x7f9bec0c4810 to fd 114 on remote peer 0
cloud-0n58xq:1842463:1842463 [0] NCCL INFO Imported shareable buffer device 0 size 10485760 ptr 0x2b24000000
cloud-0n58xq:1842463:1842463 [0] NCCL INFO UDS converted handle 0x7f89340f4f80 to fd 114 on remote peer 2
cloud-0n58xq:1842463:1842463 [0] NCCL INFO Imported shareable buffer device 0 size 2097152 ptr 0x2b24a00000
cloud-0n58xq:1842463:1842463 [0] NCCL INFO UDS converted handle 0x7f9bec0c6320 to fd 114 on remote peer 0
cloud-0n58xq:1842463:1842463 [0] NCCL INFO Imported shareable buffer device 0 size 10485760 ptr 0x2b24c00000
cloud-0n58xq:1842463:1842463 [0] NCCL INFO UDS converted handle 0x7f89340f6640 to fd 114 on remote peer 2
cloud-0n58xq:1842463:1842463 [0] NCCL INFO Imported shareable buffer device 0 size 2097152 ptr 0x2b25600000
cloud-0n58xq:1842463:1842463 [0] NCCL INFO UDS converted handle 0x7f9bec0c79e0 to fd 114 on remote peer 0
cloud-0n58xq:1842463:1842463 [0] NCCL INFO Imported shareable buffer device 0 size 10485760 ptr 0x2b26000000
cloud-0n58xq:1842463:1842463 [0] NCCL INFO UDS converted handle 0x7f89340f7d00 to fd 114 on remote peer 2
cloud-0n58xq:1842463:1842463 [0] NCCL INFO Imported shareable buffer device 0 size 2097152 ptr 0x2b26a00000
cloud-0n58xq:1842463:1842463 [0] NCCL INFO UDS converted handle 0x7f9bec0c90a0 to fd 114 on remote peer 0
cloud-0n58xq:1842463:1842463 [0] NCCL INFO Imported shareable buffer device 0 size 10485760 ptr 0x2b26c00000
cloud-0n58xq:1842463:1842463 [0] NCCL INFO UDS converted handle 0x7f89340f93c0 to fd 114 on remote peer 2
cloud-0n58xq:1842463:1842463 [0] NCCL INFO Imported shareable buffer device 0 size 2097152 ptr 0x2b27600000
cloud-0n58xq:1842463:1842463 [0] NCCL INFO UDS converted handle 0x7f9bec0cabb0 to fd 114 on remote peer 0
cloud-0n58xq:1842463:1842463 [0] NCCL INFO Imported shareable buffer device 0 size 10485760 ptr 0x2b28000000
cloud-0n58xq:1842463:1842463 [0] NCCL INFO UDS converted handle 0x7f89340faa80 to fd 114 on remote peer 2
cloud-0n58xq:1842463:1842463 [0] NCCL INFO Imported shareable buffer device 0 size 2097152 ptr 0x2b28a00000
cloud-0n58xq:1842463:1842463 [0] NCCL INFO UDS converted handle 0x7f9bec0cc270 to fd 114 on remote peer 0
cloud-0n58xq:1842463:1842463 [0] NCCL INFO Imported shareable buffer device 0 size 10485760 ptr 0x2b28c00000
cloud-0n58xq:1842463:1842463 [0] NCCL INFO UDS converted handle 0x7f89340fc140 to fd 114 on remote peer 2
cloud-0n58xq:1842463:1842463 [0] NCCL INFO Imported shareable buffer device 0 size 2097152 ptr 0x2b29600000
cloud-0n58xq:1842463:1842463 [0] NCCL INFO UDS converted handle 0x7f9bec0cd930 to fd 114 on remote peer 0
cloud-0n58xq:1842463:1842463 [0] NCCL INFO Imported shareable buffer device 0 size 10485760 ptr 0x2b2a000000
cloud-0n58xq:1842463:1842463 [0] NCCL INFO UDS converted handle 0x7f89340fd760 to fd 114 on remote peer 2
cloud-0n58xq:1842463:1842463 [0] NCCL INFO Imported shareable buffer device 0 size 2097152 ptr 0x2b2aa00000
cloud-0n58xq:1842463:1842463 [0] NCCL INFO UDS converted handle 0x7f9bec0cf440 to fd 114 on remote peer 0
cloud-0n58xq:1842463:1842463 [0] NCCL INFO Imported shareable buffer device 0 size 10485760 ptr 0x2b2ac00000
cloud-0n58xq:1842463:1842463 [0] NCCL INFO UDS converted handle 0x7f89340feb00 to fd 114 on remote peer 2
cloud-0n58xq:1842463:1842463 [0] NCCL INFO Imported shareable buffer device 0 size 2097152 ptr 0x2b2b600000
cloud-0n58xq:1842463:1842463 [0] NCCL INFO UDS converted handle 0x7f9bec0d0b00 to fd 114 on remote peer 0
cloud-0n58xq:1842463:1842463 [0] NCCL INFO Imported shareable buffer device 0 size 10485760 ptr 0x2b2c000000
cloud-0n58xq:1842463:1842463 [0] NCCL INFO UDS converted handle 0x7f89340ffea0 to fd 114 on remote peer 2
cloud-0n58xq:1842463:1842463 [0] NCCL INFO Imported shareable buffer device 0 size 2097152 ptr 0x2b2ca00000
cloud-0n58xq:1842463:1842463 [0] NCCL INFO UDS converted handle 0x7f9bec0d21c0 to fd 114 on remote peer 0
cloud-0n58xq:1842463:1842463 [0] NCCL INFO Imported shareable buffer device 0 size 10485760 ptr 0x2b2cc00000
cloud-0n58xq:1842463:1842463 [0] NCCL INFO UDS converted handle 0x7f8934101240 to fd 114 on remote peer 2
cloud-0n58xq:1842463:1842463 [0] NCCL INFO Imported shareable buffer device 0 size 2097152 ptr 0x2b2d600000
cloud-0n58xq:1842463:1842463 [0] NCCL INFO UDS converted handle 0x7f9bec0d3cd0 to fd 114 on remote peer 0
cloud-0n58xq:1842463:1842463 [0] NCCL INFO Imported shareable buffer device 0 size 10485760 ptr 0x2b2e000000
cloud-0n58xq:1842463:1842463 [0] NCCL INFO UDS converted handle 0x7f89341025e0 to fd 114 on remote peer 2
cloud-0n58xq:1842463:1842463 [0] NCCL INFO Imported shareable buffer device 0 size 2097152 ptr 0x2b2ea00000
cloud-0n58xq:1842463:1842463 [0] NCCL INFO UDS converted handle 0x7f9bec0d5390 to fd 114 on remote peer 0
cloud-0n58xq:1842463:1842463 [0] NCCL INFO Imported shareable buffer device 0 size 10485760 ptr 0x2b2ec00000
cloud-0n58xq:1842463:1842463 [0] NCCL INFO UDS converted handle 0x7f8934103980 to fd 114 on remote peer 2
cloud-0n58xq:1842463:1842463 [0] NCCL INFO Imported shareable buffer device 0 size 2097152 ptr 0x2b2f600000
cloud-0n58xq:1842463:1842463 [0] NCCL INFO UDS converted handle 0x7f9bec0d6a50 to fd 114 on remote peer 0
cloud-0n58xq:1842463:1842463 [0] NCCL INFO Imported shareable buffer device 0 size 10485760 ptr 0x2b30000000
cloud-0n58xq:1842463:1842463 [0] NCCL INFO UDS converted handle 0x7f8934104d20 to fd 114 on remote peer 2
cloud-0n58xq:1842463:1842463 [0] NCCL INFO Imported shareable buffer device 0 size 2097152 ptr 0x2b30a00000
cloud-0n58xq:1842463:1842463 [0] NCCL INFO UDS converted handle 0x7f9bec0d8560 to fd 114 on remote peer 0
cloud-0n58xq:1842463:1842463 [0] NCCL INFO Imported shareable buffer device 0 size 10485760 ptr 0x2b30c00000
cloud-0n58xq:1842463:1842463 [0] NCCL INFO UDS converted handle 0x7f89341060c0 to fd 115 on remote peer 2
cloud-0n58xq:1842463:1842463 [0] NCCL INFO Imported shareable buffer device 0 size 2097152 ptr 0x2b31600000
cloud-0n58xq:1842463:1842463 [0] NCCL INFO UDS converted handle 0x7f9bec0d9c20 to fd 114 on remote peer 0
cloud-0n58xq:1842463:1842463 [0] NCCL INFO Imported shareable buffer device 0 size 10485760 ptr 0x2b32000000
cloud-0n58xq:1842463:1842463 [0] NCCL INFO UDS converted handle 0x7f8934107460 to fd 114 on remote peer 2
cloud-0n58xq:1842463:1842463 [0] NCCL INFO Imported shareable buffer device 0 size 2097152 ptr 0x2b32a00000
cloud-0n58xq:1842463:1842463 [0] NCCL INFO UDS converted handle 0x7f9bec0db2e0 to fd 114 on remote peer 0
cloud-0n58xq:1842463:1842463 [0] NCCL INFO Imported shareable buffer device 0 size 10485760 ptr 0x2b32c00000
cloud-0n58xq:1842463:1842463 [0] NCCL INFO UDS converted handle 0x7f8934108800 to fd 114 on remote peer 2
cloud-0n58xq:1842463:1842463 [0] NCCL INFO Imported shareable buffer device 0 size 2097152 ptr 0x2b33600000
cloud-0n58xq:1842463:1842463 [0] NCCL INFO UDS converted handle 0x7f9bec0dcdf0 to fd 114 on remote peer 0
cloud-0n58xq:1842463:1842463 [0] NCCL INFO Imported shareable buffer device 0 size 10485760 ptr 0x2b34000000
cloud-0n58xq:1842463:1842463 [0] NCCL INFO UDS converted handle 0x7f8934109ba0 to fd 115 on remote peer 2
cloud-0n58xq:1842463:1842463 [0] NCCL INFO Imported shareable buffer device 0 size 2097152 ptr 0x2b34a00000
cloud-0n58xq:1842463:1842463 [0] NCCL INFO UDS converted handle 0x7f9bec0de4b0 to fd 114 on remote peer 0
cloud-0n58xq:1842463:1842463 [0] NCCL INFO Imported shareable buffer device 0 size 10485760 ptr 0x2b34c00000
cloud-0n58xq:1842463:1842463 [0] NCCL INFO UDS converted handle 0x7f893410af40 to fd 114 on remote peer 2
cloud-0n58xq:1842463:1842463 [0] NCCL INFO Imported shareable buffer device 0 size 2097152 ptr 0x2b35600000
cloud-0n58xq:1842463:1842463 [0] NCCL INFO UDS converted handle 0x7f9bec0dfb70 to fd 114 on remote peer 0
cloud-0n58xq:1842463:1842463 [0] NCCL INFO Imported shareable buffer device 0 size 10485760 ptr 0x2b36000000
cloud-0n58xq:1842463:1842463 [0] NCCL INFO UDS converted handle 0x7f893410c7d0 to fd 114 on remote peer 2
cloud-0n58xq:1842463:1842463 [0] NCCL INFO Imported shareable buffer device 0 size 2097152 ptr 0x2b36a00000
cloud-0n58xq:1842463:1842463 [0] NCCL INFO UDS converted handle 0x7f9bec0e1680 to fd 114 on remote peer 0
cloud-0n58xq:1842463:1842463 [0] NCCL INFO Imported shareable buffer device 0 size 10485760 ptr 0x2b36c00000
cloud-0n58xq:1842463:1842463 [0] NCCL INFO UDS converted handle 0x7f893410de90 to fd 114 on remote peer 2
cloud-0n58xq:1842463:1842463 [0] NCCL INFO Imported shareable buffer device 0 size 2097152 ptr 0x2b37600000
cloud-0n58xq:1842463:1842463 [0] NCCL INFO UDS converted handle 0x7f9bec0e2d40 to fd 114 on remote peer 0
cloud-0n58xq:1842463:1842463 [0] NCCL INFO Imported shareable buffer device 0 size 10485760 ptr 0x2b38000000
cloud-0n58xq:1842463:1842463 [0] NCCL INFO UDS converted handle 0x7f893410f550 to fd 114 on remote peer 2
cloud-0n58xq:1842463:1842463 [0] NCCL INFO Imported shareable buffer device 0 size 2097152 ptr 0x2b38a00000
cloud-0n58xq:1842463:1842463 [0] NCCL INFO UDS converted handle 0x7f9bec0e4400 to fd 110 on remote peer 0
cloud-0n58xq:1842463:1842463 [0] NCCL INFO Imported shareable buffer device 0 size 10485760 ptr 0x2b38c00000
cloud-0n58xq:1842463:1842463 [0] NCCL INFO UDS converted handle 0x7f8934110c10 to fd 114 on remote peer 2
cloud-0n58xq:1842463:1842463 [0] NCCL INFO Imported shareable buffer device 0 size 2097152 ptr 0x2b39600000
cloud-0n58xq:1842463:1842463 [0] NCCL INFO UDS converted handle 0x7f9bec0e5f10 to fd 114 on remote peer 0
cloud-0n58xq:1842463:1842463 [0] NCCL INFO Imported shareable buffer device 0 size 10485760 ptr 0x2b3a000000
cloud-0n58xq:1842463:1842463 [0] NCCL INFO UDS converted handle 0x7f89341122d0 to fd 114 on remote peer 2
cloud-0n58xq:1842463:1842463 [0] NCCL INFO Imported shareable buffer device 0 size 2097152 ptr 0x2b3aa00000
cloud-0n58xq:1842463:1842463 [0] NCCL INFO UDS converted handle 0x7f9bec0e75d0 to fd 114 on remote peer 0
cloud-0n58xq:1842463:1842463 [0] NCCL INFO Imported shareable buffer device 0 size 10485760 ptr 0x2b3ac00000
cloud-0n58xq:1842463:1842463 [0] NCCL INFO UDS converted handle 0x7f8934113990 to fd 114 on remote peer 2
cloud-0n58xq:1842463:1842463 [0] NCCL INFO Imported shareable buffer device 0 size 2097152 ptr 0x2b3b600000
cloud-0n58xq:1842463:1842463 [0] NCCL INFO UDS converted handle 0x7f9bec0e8c90 to fd 114 on remote peer 0
cloud-0n58xq:1842463:1842463 [0] NCCL INFO Imported shareable buffer device 0 size 10485760 ptr 0x2b3c000000
cloud-0n58xq:1842463:1842463 [0] NCCL INFO UDS converted handle 0x7f8934115050 to fd 114 on remote peer 2
cloud-0n58xq:1842463:1842463 [0] NCCL INFO Imported shareable buffer device 0 size 2097152 ptr 0x2b3ca00000
cloud-0n58xq:1842463:1842463 [0] NCCL INFO UDS converted handle 0x7f9bec0ea7a0 to fd 114 on remote peer 0
cloud-0n58xq:1842463:1842463 [0] NCCL INFO Imported shareable buffer device 0 size 10485760 ptr 0x2b3cc00000
cloud-0n58xq:1842463:1842463 [0] NCCL INFO UDS converted handle 0x7f8934116710 to fd 114 on remote peer 2
cloud-0n58xq:1842463:1842463 [0] NCCL INFO Imported shareable buffer device 0 size 2097152 ptr 0x2b3d600000
cloud-0n58xq:1842463:1842463 [0] NCCL INFO UDS converted handle 0x7f9bec0ebe60 to fd 114 on remote peer 0
cloud-0n58xq:1842463:1842463 [0] NCCL INFO Imported shareable buffer device 0 size 10485760 ptr 0x2b3e000000
cloud-0n58xq:1842463:1842463 [0] NCCL INFO UDS converted handle 0x7f8934117dd0 to fd 114 on remote peer 2
cloud-0n58xq:1842463:1842463 [0] NCCL INFO Imported shareable buffer device 0 size 2097152 ptr 0x2b3ea00000
cloud-0n58xq:1842463:1842463 [0] NCCL INFO UDS converted handle 0x7f9bec0ed520 to fd 114 on remote peer 0
cloud-0n58xq:1842463:1842463 [0] NCCL INFO Imported shareable buffer device 0 size 10485760 ptr 0x2b3ec00000
cloud-0n58xq:1842463:1842463 [0] NCCL INFO UDS converted handle 0x7f8934119490 to fd 114 on remote peer 2
cloud-0n58xq:1842463:1842463 [0] NCCL INFO Imported shareable buffer device 0 size 2097152 ptr 0x2b3f600000
cloud-0n58xq:1842463:1842463 [0] NCCL INFO UDS converted handle 0x7f9bec0ef030 to fd 114 on remote peer 0
cloud-0n58xq:1842463:1842463 [0] NCCL INFO Imported shareable buffer device 0 size 10485760 ptr 0x2b40000000
cloud-0n58xq:1842463:1842463 [0] NCCL INFO UDS converted handle 0x7f893411ab50 to fd 114 on remote peer 2
cloud-0n58xq:1842463:1842463 [0] NCCL INFO Imported shareable buffer device 0 size 2097152 ptr 0x2b40a00000
cloud-0n58xq:1842463:1842463 [0] NCCL INFO UDS converted handle 0x7f9bec0f06f0 to fd 114 on remote peer 0
cloud-0n58xq:1842463:1842463 [0] NCCL INFO Imported shareable buffer device 0 size 10485760 ptr 0x2b40c00000
cloud-0n58xq:1842463:1842463 [0] NCCL INFO UDS converted handle 0x7f893411c210 to fd 114 on remote peer 2
cloud-0n58xq:1842463:1842463 [0] NCCL INFO Imported shareable buffer device 0 size 2097152 ptr 0x2b41600000
cloud-0n58xq:1842463:1842463 [0] NCCL INFO UDS converted handle 0x7f9bec0f1db0 to fd 114 on remote peer 0
cloud-0n58xq:1842463:1842463 [0] NCCL INFO Imported shareable buffer device 0 size 10485760 ptr 0x2b42000000
cloud-0n58xq:1842463:1842463 [0] NCCL INFO UDS converted handle 0x7f893411d8d0 to fd 114 on remote peer 2
cloud-0n58xq:1842463:1842463 [0] NCCL INFO Imported shareable buffer device 0 size 2097152 ptr 0x2b42a00000
cloud-0n58xq:1842463:1842463 [0] NCCL INFO UDS converted handle 0x7f9bec0f38c0 to fd 114 on remote peer 0
cloud-0n58xq:1842463:1842463 [0] NCCL INFO Imported shareable buffer device 0 size 10485760 ptr 0x2b42c00000
cloud-0n58xq:1842463:1842463 [0] NCCL INFO UDS converted handle 0x7f893411ef90 to fd 114 on remote peer 2
cloud-0n58xq:1842463:1842463 [0] NCCL INFO Imported shareable buffer device 0 size 2097152 ptr 0x2b43600000
cloud-0n58xq:1842463:1842575 [0] NCCL INFO Allocated shareable buffer 0x7f152e000000 size 10485760 ipcDesc 0x7f151c120600
cloud-0n58xq:1842463:1842575 [0] NCCL INFO Allocated shareable buffer 0x7f152ea00000 size 10485760 ipcDesc 0x7f151c121f40
cloud-0n58xq:1842463:1842575 [0] NCCL INFO Allocated shareable buffer 0x7f152f400000 size 10485760 ipcDesc 0x7f151c123600
cloud-0n58xq:1842463:1842575 [0] NCCL INFO Allocated shareable buffer 0x7f152fe00000 size 10485760 ipcDesc 0x7f151c124cc0
cloud-0n58xq:1842463:1842575 [0] NCCL INFO Allocated shareable buffer 0x7f1530800000 size 10485760 ipcDesc 0x7f151c126380
cloud-0n58xq:1842463:1842575 [0] NCCL INFO Allocated shareable buffer 0x7f1531200000 size 10485760 ipcDesc 0x7f151c127a40
cloud-0n58xq:1842463:1842575 [0] NCCL INFO Allocated shareable buffer 0x7f1531c00000 size 10485760 ipcDesc 0x7f151c129100
cloud-0n58xq:1842463:1842575 [0] NCCL INFO Allocated shareable buffer 0x7f1532600000 size 10485760 ipcDesc 0x7f151c12a7c0
cloud-0n58xq:1842463:1842575 [0] NCCL INFO Allocated shareable buffer 0x7f1533000000 size 10485760 ipcDesc 0x7f151c12be80
cloud-0n58xq:1842463:1842575 [0] NCCL INFO Allocated shareable buffer 0x7f1533a00000 size 10485760 ipcDesc 0x7f151c12d540
cloud-0n58xq:1842463:1842575 [0] NCCL INFO Allocated shareable buffer 0x7f1534400000 size 10485760 ipcDesc 0x7f151c12ec00
cloud-0n58xq:1842463:1842575 [0] NCCL INFO Allocated shareable buffer 0x7f1534e00000 size 10485760 ipcDesc 0x7f151c1302c0
cloud-0n58xq:1842463:1842575 [0] NCCL INFO Allocated shareable buffer 0x7f1535800000 size 10485760 ipcDesc 0x7f151c131980
cloud-0n58xq:1842463:1842575 [0] NCCL INFO Allocated shareable buffer 0x7f1536200000 size 10485760 ipcDesc 0x7f151c133040
cloud-0n58xq:1842463:1842575 [0] NCCL INFO Allocated shareable buffer 0x7f1536c00000 size 10485760 ipcDesc 0x7f151c134700
cloud-0n58xq:1842463:1842575 [0] NCCL INFO Allocated shareable buffer 0x7f1537600000 size 10485760 ipcDesc 0x7f151c135dc0
cloud-0n58xq:1842463:1842575 [0] NCCL INFO Allocated shareable buffer 0x7f1538000000 size 10485760 ipcDesc 0x7f151c137480
cloud-0n58xq:1842463:1842575 [0] NCCL INFO Allocated shareable buffer 0x7f1538a00000 size 10485760 ipcDesc 0x7f151c138b40
cloud-0n58xq:1842463:1842575 [0] NCCL INFO Allocated shareable buffer 0x7f1539400000 size 10485760 ipcDesc 0x7f151c13a200
cloud-0n58xq:1842463:1842575 [0] NCCL INFO Allocated shareable buffer 0x7f1539e00000 size 10485760 ipcDesc 0x7f151c13b8c0
cloud-0n58xq:1842463:1842575 [0] NCCL INFO Allocated shareable buffer 0x7f153a800000 size 10485760 ipcDesc 0x7f151c13cf80
cloud-0n58xq:1842463:1842575 [0] NCCL INFO Allocated shareable buffer 0x7f153b200000 size 10485760 ipcDesc 0x7f151c13e640
cloud-0n58xq:1842463:1842575 [0] NCCL INFO Allocated shareable buffer 0x7f153bc00000 size 10485760 ipcDesc 0x7f151c13fd00
cloud-0n58xq:1842463:1842575 [0] NCCL INFO Allocated shareable buffer 0x7f153c600000 size 10485760 ipcDesc 0x7f151c1413c0
cloud-0n58xq:1842463:1842463 [0] NCCL INFO Channel 00/0 : 1[1] -> 2[4] via P2P/CUMEM
cloud-0n58xq:1842463:1842575 [0] NCCL INFO Allocated shareable buffer 0x7f151ba00000 size 2097152 ipcDesc 0x7f151c142a80
cloud-0n58xq:1842463:1842463 [0] NCCL INFO Channel 01/0 : 1[1] -> 2[4] via P2P/CUMEM
cloud-0n58xq:1842463:1842575 [0] NCCL INFO Allocated shareable buffer 0x7f151bc00000 size 2097152 ipcDesc 0x7f151c1443c0
cloud-0n58xq:1842463:1842463 [0] NCCL INFO Channel 02/0 : 1[1] -> 2[4] via P2P/CUMEM
cloud-0n58xq:1842463:1842575 [0] NCCL INFO Allocated shareable buffer 0x7f151be00000 size 2097152 ipcDesc 0x7f151c145a80
cloud-0n58xq:1842463:1842463 [0] NCCL INFO Channel 03/0 : 1[1] -> 2[4] via P2P/CUMEM
cloud-0n58xq:1842463:1842575 [0] NCCL INFO Allocated shareable buffer 0x2b43800000 size 2097152 ipcDesc 0x7f151c1470a0
cloud-0n58xq:1842463:1842463 [0] NCCL INFO Channel 04/0 : 1[1] -> 2[4] via P2P/CUMEM
cloud-0n58xq:1842463:1842575 [0] NCCL INFO Allocated shareable buffer 0x2b43a00000 size 2097152 ipcDesc 0x7f151c148760
cloud-0n58xq:1842463:1842463 [0] NCCL INFO Channel 05/0 : 1[1] -> 2[4] via P2P/CUMEM
cloud-0n58xq:1842463:1842575 [0] NCCL INFO Allocated shareable buffer 0x2b43c00000 size 2097152 ipcDesc 0x7f151c149e20
cloud-0n58xq:1842463:1842463 [0] NCCL INFO Channel 06/0 : 1[1] -> 2[4] via P2P/CUMEM
cloud-0n58xq:1842463:1842575 [0] NCCL INFO Allocated shareable buffer 0x2b43e00000 size 2097152 ipcDesc 0x7f151c14b4e0
cloud-0n58xq:1842463:1842463 [0] NCCL INFO Channel 07/0 : 1[1] -> 2[4] via P2P/CUMEM
cloud-0n58xq:1842463:1842575 [0] NCCL INFO Allocated shareable buffer 0x2b41800000 size 2097152 ipcDesc 0x7f151c14cb00
cloud-0n58xq:1842463:1842463 [0] NCCL INFO Channel 08/0 : 1[1] -> 2[4] via P2P/CUMEM
cloud-0n58xq:1842463:1842575 [0] NCCL INFO Allocated shareable buffer 0x2b41a00000 size 2097152 ipcDesc 0x7f151c14e1c0
cloud-0n58xq:1842463:1842463 [0] NCCL INFO Channel 09/0 : 1[1] -> 2[4] via P2P/CUMEM
cloud-0n58xq:1842463:1842575 [0] NCCL INFO Allocated shareable buffer 0x2b41c00000 size 2097152 ipcDesc 0x7f151c14f880
cloud-0n58xq:1842463:1842463 [0] NCCL INFO Channel 10/0 : 1[1] -> 2[4] via P2P/CUMEM
cloud-0n58xq:1842463:1842575 [0] NCCL INFO Allocated shareable buffer 0x2b41e00000 size 2097152 ipcDesc 0x7f151c150f40
cloud-0n58xq:1842463:1842463 [0] NCCL INFO Channel 11/0 : 1[1] -> 2[4] via P2P/CUMEM
cloud-0n58xq:1842463:1842575 [0] NCCL INFO Allocated shareable buffer 0x2b3f800000 size 2097152 ipcDesc 0x7f151c1522e0
cloud-0n58xq:1842463:1842463 [0] NCCL INFO Channel 12/0 : 1[1] -> 2[4] via P2P/CUMEM
cloud-0n58xq:1842463:1842575 [0] NCCL INFO Allocated shareable buffer 0x2b3fa00000 size 2097152 ipcDesc 0x7f151c1539a0
cloud-0n58xq:1842463:1842463 [0] NCCL INFO Channel 13/0 : 1[1] -> 2[4] via P2P/CUMEM
cloud-0n58xq:1842463:1842575 [0] NCCL INFO Allocated shareable buffer 0x2b3fc00000 size 2097152 ipcDesc 0x7f151c155060
cloud-0n58xq:1842463:1842463 [0] NCCL INFO Channel 14/0 : 1[1] -> 2[4] via P2P/CUMEM
cloud-0n58xq:1842463:1842575 [0] NCCL INFO Allocated shareable buffer 0x2b3fe00000 size 2097152 ipcDesc 0x7f151c156720
cloud-0n58xq:1842463:1842463 [0] NCCL INFO Channel 15/0 : 1[1] -> 2[4] via P2P/CUMEM
cloud-0n58xq:1842463:1842575 [0] NCCL INFO Allocated shareable buffer 0x2b3d800000 size 2097152 ipcDesc 0x7f151c157ac0
cloud-0n58xq:1842463:1842463 [0] NCCL INFO Channel 16/0 : 1[1] -> 2[4] via P2P/CUMEM
cloud-0n58xq:1842463:1842575 [0] NCCL INFO Allocated shareable buffer 0x2b3da00000 size 2097152 ipcDesc 0x7f151c159180
cloud-0n58xq:1842463:1842463 [0] NCCL INFO Channel 17/0 : 1[1] -> 2[4] via P2P/CUMEM
cloud-0n58xq:1842463:1842575 [0] NCCL INFO Allocated shareable buffer 0x2b3dc00000 size 2097152 ipcDesc 0x7f151c15a840
cloud-0n58xq:1842463:1842463 [0] NCCL INFO Channel 18/0 : 1[1] -> 2[4] via P2P/CUMEM
cloud-0n58xq:1842463:1842575 [0] NCCL INFO Allocated shareable buffer 0x2b3de00000 size 2097152 ipcDesc 0x7f151c15bf00
cloud-0n58xq:1842463:1842463 [0] NCCL INFO Channel 19/0 : 1[1] -> 2[4] via P2P/CUMEM
cloud-0n58xq:1842463:1842575 [0] NCCL INFO Allocated shareable buffer 0x2b3b800000 size 2097152 ipcDesc 0x7f151c15d2a0
cloud-0n58xq:1842463:1842463 [0] NCCL INFO Channel 20/0 : 1[1] -> 2[4] via P2P/CUMEM
cloud-0n58xq:1842463:1842575 [0] NCCL INFO Allocated shareable buffer 0x2b3ba00000 size 2097152 ipcDesc 0x7f151c15e960
cloud-0n58xq:1842463:1842463 [0] NCCL INFO Channel 21/0 : 1[1] -> 2[4] via P2P/CUMEM
cloud-0n58xq:1842463:1842575 [0] NCCL INFO Allocated shareable buffer 0x2b3bc00000 size 2097152 ipcDesc 0x7f151c160020
cloud-0n58xq:1842463:1842463 [0] NCCL INFO Channel 22/0 : 1[1] -> 2[4] via P2P/CUMEM
cloud-0n58xq:1842463:1842575 [0] NCCL INFO Allocated shareable buffer 0x2b3be00000 size 2097152 ipcDesc 0x7f151c1616e0
cloud-0n58xq:1842463:1842463 [0] NCCL INFO Channel 23/0 : 1[1] -> 2[4] via P2P/CUMEM
cloud-0n58xq:1842463:1842575 [0] NCCL INFO Allocated shareable buffer 0x2b39800000 size 2097152 ipcDesc 0x7f151c162a80
cloud-0n58xq:1842463:1842463 [0] NCCL INFO UDS converted handle 0x7f8934120650 to fd 114 on remote peer 2
cloud-0n58xq:1842463:1842463 [0] NCCL INFO Imported shareable buffer device 0 size 10485760 ptr 0x7f153d000000
cloud-0n58xq:1842463:1842463 [0] NCCL INFO UDS converted handle 0x7f9bec142ad0 to fd 114 on remote peer 0
cloud-0n58xq:1842463:1842463 [0] NCCL INFO Imported shareable buffer device 0 size 2097152 ptr 0x2b39a00000
cloud-0n58xq:1842463:1842463 [0] NCCL INFO UDS converted handle 0x7f8934121f90 to fd 114 on remote peer 2
cloud-0n58xq:1842463:1842463 [0] NCCL INFO Imported shareable buffer device 0 size 10485760 ptr 0x7f153da00000
cloud-0n58xq:1842463:1842463 [0] NCCL INFO UDS converted handle 0x7f9bec144410 to fd 114 on remote peer 0
cloud-0n58xq:1842463:1842463 [0] NCCL INFO Imported shareable buffer device 0 size 2097152 ptr 0x2b39c00000
cloud-0n58xq:1842463:1842463 [0] NCCL INFO UDS converted handle 0x7f8934123650 to fd 114 on remote peer 2
cloud-0n58xq:1842463:1842463 [0] NCCL INFO Imported shareable buffer device 0 size 10485760 ptr 0x7f153e400000
cloud-0n58xq:1842463:1842463 [0] NCCL INFO UDS converted handle 0x7f9bec145ad0 to fd 114 on remote peer 0
cloud-0n58xq:1842463:1842463 [0] NCCL INFO Imported shareable buffer device 0 size 2097152 ptr 0x2b39e00000
cloud-0n58xq:1842463:1842463 [0] NCCL INFO UDS converted handle 0x7f8934124d10 to fd 114 on remote peer 2
cloud-0n58xq:1842463:1842463 [0] NCCL INFO Imported shareable buffer device 0 size 10485760 ptr 0x7f153ee00000
cloud-0n58xq:1842463:1842463 [0] NCCL INFO UDS converted handle 0x7f9bec1470f0 to fd 114 on remote peer 0
cloud-0n58xq:1842463:1842463 [0] NCCL INFO Imported shareable buffer device 0 size 2097152 ptr 0x2b37800000
cloud-0n58xq:1842463:1842463 [0] NCCL INFO UDS converted handle 0x7f89341263d0 to fd 114 on remote peer 2
cloud-0n58xq:1842463:1842463 [0] NCCL INFO Imported shareable buffer device 0 size 10485760 ptr 0x7f153f800000
cloud-0n58xq:1842463:1842463 [0] NCCL INFO UDS converted handle 0x7f9bec1487b0 to fd 114 on remote peer 0
cloud-0n58xq:1842463:1842463 [0] NCCL INFO Imported shareable buffer device 0 size 2097152 ptr 0x2b37a00000
cloud-0n58xq:1842463:1842463 [0] NCCL INFO UDS converted handle 0x7f8934127a90 to fd 114 on remote peer 2
cloud-0n58xq:1842463:1842463 [0] NCCL INFO Imported shareable buffer device 0 size 10485760 ptr 0x7f1540200000
cloud-0n58xq:1842463:1842463 [0] NCCL INFO UDS converted handle 0x7f9bec149e70 to fd 114 on remote peer 0
cloud-0n58xq:1842463:1842463 [0] NCCL INFO Imported shareable buffer device 0 size 2097152 ptr 0x2b37c00000
cloud-0n58xq:1842463:1842463 [0] NCCL INFO UDS converted handle 0x7f8934129150 to fd 114 on remote peer 2
cloud-0n58xq:1842463:1842463 [0] NCCL INFO Imported shareable buffer device 0 size 10485760 ptr 0x7f1540c00000
cloud-0n58xq:1842463:1842463 [0] NCCL INFO UDS converted handle 0x7f9bec14b530 to fd 114 on remote peer 0
cloud-0n58xq:1842463:1842463 [0] NCCL INFO Imported shareable buffer device 0 size 2097152 ptr 0x2b37e00000
cloud-0n58xq:1842463:1842463 [0] NCCL INFO UDS converted handle 0x7f893412a810 to fd 114 on remote peer 2
cloud-0n58xq:1842463:1842463 [0] NCCL INFO Imported shareable buffer device 0 size 10485760 ptr 0x7f1541600000
cloud-0n58xq:1842463:1842463 [0] NCCL INFO UDS converted handle 0x7f9bec14cb50 to fd 114 on remote peer 0
cloud-0n58xq:1842463:1842463 [0] NCCL INFO Imported shareable buffer device 0 size 2097152 ptr 0x2b35800000
cloud-0n58xq:1842463:1842463 [0] NCCL INFO UDS converted handle 0x7f893412bed0 to fd 114 on remote peer 2
cloud-0n58xq:1842463:1842463 [0] NCCL INFO Imported shareable buffer device 0 size 10485760 ptr 0x7f1542000000
cloud-0n58xq:1842463:1842463 [0] NCCL INFO UDS converted handle 0x7f9bec14e210 to fd 114 on remote peer 0
cloud-0n58xq:1842463:1842463 [0] NCCL INFO Imported shareable buffer device 0 size 2097152 ptr 0x2b35a00000
cloud-0n58xq:1842463:1842463 [0] NCCL INFO UDS converted handle 0x7f893412d590 to fd 114 on remote peer 2
cloud-0n58xq:1842463:1842463 [0] NCCL INFO Imported shareable buffer device 0 size 10485760 ptr 0x7f1542a00000
cloud-0n58xq:1842463:1842463 [0] NCCL INFO UDS converted handle 0x7f9bec14f8d0 to fd 114 on remote peer 0
cloud-0n58xq:1842463:1842463 [0] NCCL INFO Imported shareable buffer device 0 size 2097152 ptr 0x2b35c00000
cloud-0n58xq:1842463:1842463 [0] NCCL INFO UDS converted handle 0x7f893412ec50 to fd 114 on remote peer 2
cloud-0n58xq:1842463:1842463 [0] NCCL INFO Imported shareable buffer device 0 size 10485760 ptr 0x7f1543400000
cloud-0n58xq:1842463:1842463 [0] NCCL INFO UDS converted handle 0x7f9bec150f90 to fd 114 on remote peer 0
cloud-0n58xq:1842463:1842463 [0] NCCL INFO Imported shareable buffer device 0 size 2097152 ptr 0x2b35e00000
cloud-0n58xq:1842463:1842463 [0] NCCL INFO UDS converted handle 0x7f8934130310 to fd 114 on remote peer 2
cloud-0n58xq:1842463:1842463 [0] NCCL INFO Imported shareable buffer device 0 size 10485760 ptr 0x7f1543e00000
cloud-0n58xq:1842463:1842463 [0] NCCL INFO UDS converted handle 0x7f9bec152330 to fd 114 on remote peer 0
cloud-0n58xq:1842463:1842463 [0] NCCL INFO Imported shareable buffer device 0 size 2097152 ptr 0x2b33800000
cloud-0n58xq:1842463:1842463 [0] NCCL INFO UDS converted handle 0x7f89341319d0 to fd 114 on remote peer 2
cloud-0n58xq:1842463:1842463 [0] NCCL INFO Imported shareable buffer device 0 size 10485760 ptr 0x7f1544800000
cloud-0n58xq:1842463:1842463 [0] NCCL INFO UDS converted handle 0x7f9bec1539f0 to fd 114 on remote peer 0
cloud-0n58xq:1842463:1842463 [0] NCCL INFO Imported shareable buffer device 0 size 2097152 ptr 0x2b33a00000
cloud-0n58xq:1842463:1842463 [0] NCCL INFO UDS converted handle 0x7f8934133090 to fd 114 on remote peer 2
cloud-0n58xq:1842463:1842463 [0] NCCL INFO Imported shareable buffer device 0 size 10485760 ptr 0x7f1545200000
cloud-0n58xq:1842463:1842463 [0] NCCL INFO UDS converted handle 0x7f9bec1550b0 to fd 114 on remote peer 0
cloud-0n58xq:1842463:1842463 [0] NCCL INFO Imported shareable buffer device 0 size 2097152 ptr 0x2b33c00000
cloud-0n58xq:1842463:1842463 [0] NCCL INFO UDS converted handle 0x7f8934134750 to fd 114 on remote peer 2
cloud-0n58xq:1842463:1842463 [0] NCCL INFO Imported shareable buffer device 0 size 10485760 ptr 0x7f1545c00000
cloud-0n58xq:1842463:1842463 [0] NCCL INFO UDS converted handle 0x7f9bec156770 to fd 114 on remote peer 0
cloud-0n58xq:1842463:1842463 [0] NCCL INFO Imported shareable buffer device 0 size 2097152 ptr 0x2b33e00000
cloud-0n58xq:1842463:1842463 [0] NCCL INFO UDS converted handle 0x7f8934135e10 to fd 116 on remote peer 2
cloud-0n58xq:1842463:1842463 [0] NCCL INFO Imported shareable buffer device 0 size 10485760 ptr 0x7f1546600000
cloud-0n58xq:1842463:1842463 [0] NCCL INFO UDS converted handle 0x7f9bec157b10 to fd 114 on remote peer 0
cloud-0n58xq:1842463:1842463 [0] NCCL INFO Imported shareable buffer device 0 size 2097152 ptr 0x2b31800000
cloud-0n58xq:1842463:1842463 [0] NCCL INFO UDS converted handle 0x7f89341374d0 to fd 114 on remote peer 2
cloud-0n58xq:1842463:1842463 [0] NCCL INFO Imported shareable buffer device 0 size 10485760 ptr 0x7f1547000000
cloud-0n58xq:1842463:1842463 [0] NCCL INFO UDS converted handle 0x7f9bec1591d0 to fd 115 on remote peer 0
cloud-0n58xq:1842463:1842463 [0] NCCL INFO Imported shareable buffer device 0 size 2097152 ptr 0x2b31a00000
cloud-0n58xq:1842463:1842463 [0] NCCL INFO UDS converted handle 0x7f8934138b90 to fd 114 on remote peer 2
cloud-0n58xq:1842463:1842463 [0] NCCL INFO Imported shareable buffer device 0 size 10485760 ptr 0x7f1547a00000
cloud-0n58xq:1842463:1842463 [0] NCCL INFO UDS converted handle 0x7f9bec15a890 to fd 114 on remote peer 0
cloud-0n58xq:1842463:1842463 [0] NCCL INFO Imported shareable buffer device 0 size 2097152 ptr 0x2b31c00000
cloud-0n58xq:1842463:1842463 [0] NCCL INFO UDS converted handle 0x7f893413a250 to fd 114 on remote peer 2
cloud-0n58xq:1842463:1842463 [0] NCCL INFO Imported shareable buffer device 0 size 10485760 ptr 0x7f1548400000
cloud-0n58xq:1842463:1842463 [0] NCCL INFO UDS converted handle 0x7f9bec15bf50 to fd 114 on remote peer 0
cloud-0n58xq:1842463:1842463 [0] NCCL INFO Imported shareable buffer device 0 size 2097152 ptr 0x2b31e00000
cloud-0n58xq:1842463:1842463 [0] NCCL INFO UDS converted handle 0x7f893413b910 to fd 114 on remote peer 2
cloud-0n58xq:1842463:1842463 [0] NCCL INFO Imported shareable buffer device 0 size 10485760 ptr 0x7f1548e00000
cloud-0n58xq:1842463:1842463 [0] NCCL INFO UDS converted handle 0x7f9bec15d2f0 to fd 114 on remote peer 0
cloud-0n58xq:1842463:1842463 [0] NCCL INFO Imported shareable buffer device 0 size 2097152 ptr 0x2b2f800000
cloud-0n58xq:1842463:1842463 [0] NCCL INFO UDS converted handle 0x7f893413cfd0 to fd 114 on remote peer 2
cloud-0n58xq:1842463:1842463 [0] NCCL INFO Imported shareable buffer device 0 size 10485760 ptr 0x7f1549800000
cloud-0n58xq:1842463:1842463 [0] NCCL INFO UDS converted handle 0x7f9bec15e9b0 to fd 114 on remote peer 0
cloud-0n58xq:1842463:1842463 [0] NCCL INFO Imported shareable buffer device 0 size 2097152 ptr 0x2b2fa00000
cloud-0n58xq:1842463:1842463 [0] NCCL INFO UDS converted handle 0x7f893413e690 to fd 114 on remote peer 2
cloud-0n58xq:1842463:1842463 [0] NCCL INFO Imported shareable buffer device 0 size 10485760 ptr 0x7f154a200000
cloud-0n58xq:1842463:1842463 [0] NCCL INFO UDS converted handle 0x7f9bec160070 to fd 114 on remote peer 0
cloud-0n58xq:1842463:1842463 [0] NCCL INFO Imported shareable buffer device 0 size 2097152 ptr 0x2b2fc00000
cloud-0n58xq:1842463:1842463 [0] NCCL INFO UDS converted handle 0x7f893413fd50 to fd 114 on remote peer 2
cloud-0n58xq:1842463:1842463 [0] NCCL INFO Imported shareable buffer device 0 size 10485760 ptr 0x7f154ac00000
cloud-0n58xq:1842463:1842463 [0] NCCL INFO UDS converted handle 0x7f9bec161730 to fd 114 on remote peer 0
cloud-0n58xq:1842463:1842463 [0] NCCL INFO Imported shareable buffer device 0 size 2097152 ptr 0x2b2fe00000
cloud-0n58xq:1842463:1842463 [0] NCCL INFO UDS converted handle 0x7f8934141410 to fd 114 on remote peer 2
cloud-0n58xq:1842463:1842463 [0] NCCL INFO Imported shareable buffer device 0 size 10485760 ptr 0x7f154b600000
cloud-0n58xq:1842463:1842463 [0] NCCL INFO UDS converted handle 0x7f9bec162ad0 to fd 114 on remote peer 0
cloud-0n58xq:1842463:1842463 [0] NCCL INFO Imported shareable buffer device 0 size 2097152 ptr 0x2b2d800000
cloud-0n58xq:1842463:1842463 [0] NCCL INFO Connected all rings, use ring PXN 0 GDR 1
cloud-0n58xq:1842463:1842463 [0] NCCL INFO comm 0x55f80d06f1d0 rank 1 nranks 4 cudaDev 0 busId 8000 - Destroy COMPLETE
cloud-0n58xq:1842463:1842463 [0] NCCL INFO ENV/Plugin: Closing env plugin ncclEnvDefault
