id,batch,cache_ratio,eviction,substitution,rho,fixed_duplicate_cap,duplicate_cap,full_first_copy_fetches,full_reload_fetches,full_replica_fetches,full_total_fetches,full_expert_h2d_bytes,full_peer_activation_bytes,full_dispatch_bytes,full_combine_bytes,full_remote_token_rank_pairs,full_remote_expert_routes,full_raw_expert_routes,full_pre_event_local_exact_hits,full_pre_event_global_hits,full_global_resident_remote_services,full_final_local_services,full_greedy_peer_bytes_saved,full_global_miss_expert_events,full_substituted_sources,full_substituted_routes,full_substituted_gate_mass,full_raw_gate_mass,full_raw_routes,full_protected_exact_misses,full_residual_exact_misses,full_tier_active_exact_hit,full_tier_protected_exact_miss,full_tier_inactive_resident,full_events,full_mean_duplicate_slots,full_peak_duplicate_slots,full_mean_unique_resident_experts,full_mean_resident_copies,full_rank_evictions,full_local_service_fraction,full_substituted_route_fraction,full_substituted_gate_mass_fraction,full_accepted_similarity_mean,full_accepted_similarity_p10,full_replica_admissions,full_replica_reused,full_replica_evicted,full_replica_reused_before_eviction,full_replica_right_censored,full_replica_lifetime_p50,full_replica_lifetime_p90,full_replica_survived48,full_replica_survival48_fraction,full_replica_survival48_unknown,full_replica_survival48_known_fraction,decode_first_copy_fetches,decode_reload_fetches,decode_replica_fetches,decode_total_fetches,decode_expert_h2d_bytes,decode_peer_activation_bytes,decode_dispatch_bytes,decode_combine_bytes,decode_remote_token_rank_pairs,decode_remote_expert_routes,decode_raw_expert_routes,decode_pre_event_local_exact_hits,decode_pre_event_global_hits,decode_global_resident_remote_services,decode_final_local_services,decode_greedy_peer_bytes_saved,decode_global_miss_expert_events,decode_substituted_sources,decode_substituted_routes,decode_substituted_gate_mass,decode_raw_gate_mass,decode_raw_routes,decode_protected_exact_misses,decode_residual_exact_misses,decode_tier_active_exact_hit,decode_tier_protected_exact_miss,decode_tier_inactive_resident,decode_events,decode_mean_duplicate_slots,decode_peak_duplicate_slots,decode_mean_unique_resident_experts,decode_mean_resident_copies,decode_rank_evictions,decode_local_service_fraction,decode_substituted_route_fraction,decode_substituted_gate_mass_fraction,decode_accepted_similarity_mean,decode_accepted_similarity_p10,decode_replica_admissions,decode_replica_reused,decode_replica_evicted,decode_replica_reused_before_eviction,decode_replica_right_censored,decode_replica_lifetime_p50,decode_replica_lifetime_p90,decode_replica_survived48,decode_replica_survival48_fraction,decode_replica_survival48_unknown,decode_replica_survival48_known_fraction
B8_c30_lru_s0_rho0,8,0.3,lru,False,0,,0,5462,17441,0,22903,216139825152,3911540736,1074626560,2836914176,262360,692606,1027200,1759,6588,4829,334594,0,22903,0,0,0.0,128399.13746643066,1027200,0,0,0,0,0,432,0.0,0,1806.5509259259259,1806.5509259259259,"[6749,4548,4436,5327]",0.32573403426791275,0.0,0.0,,,0,0,0,0,0,,,0,,0,,194,17441,0,17635,166424739840,334970880,94941184,240029696,23179,58601,98304,1759,6588,4829,39703,0,17635,0,0,0.0,12287.794921875,98304,0,0,0,0,0,384,0.0,0,1843.0,1843.0,"[6136,3971,3930,3598]",0.4038798014322917,0.0,0.0,,,0,0,0,0,0,,,0,,0,
B8_c30_lru_s0_rho0.125,8,0.3,lru,False,0.125,,230,5462,17850,3722,27034,255124832256,3225755648,944058368,2281697280,230483,557055,1027200,1358,4211,2508,470145,681144320,23312,0,0,0.0,128399.13746643066,1027200,0,0,0,0,0,432,230.0,230,1587.3101851851852,1817.3101851851852,"[7862,5577,5438,6314]",0.45769567757009344,0.0,0.0,,,3722,126,3430,126,292,29.0,42.0,187,0.05024180548092423,292,0.05451895043731778,194,17850,2818,20862,196878532608,262500352,75128832,187371520,18342,45745,98304,1358,4211,2508,52559,67829760,18044,0,0,0.0,12287.794921875,98304,0,0,0,0,0,384,230.0,230,1613.0,1843.0,"[7001,4743,4687,4431]",0.5346577962239584,0.0,0.0,,,2818,41,2526,41,292,34.0,41.0,44,0.015613910574875798,292,0.01741884402216944
B8_c30_lru_s0_rho0.25,8,0.3,lru,False,0.25,,460,5462,18157,8622,32241,304264249344,2519945216,807571456,1712373760,197161,418060,1027200,628,1792,656,609140,1385570304,23619,0,0,0.0,128399.13746643066,1027200,0,0,0,0,0,432,459.7384259259259,460,1365.2337962962963,1824.9722222222222,"[8901,6793,6955,7749]",0.5930101246105919,0.0,0.0,,,8622,116,8100,116,522,25.0,34.0,195,0.022616562282533056,522,0.024074074074074074,194,18157,6575,24926,235231248384,194297856,58884096,135413760,14376,33060,98304,628,1792,656,65244,134647808,18351,0,0,0.0,12287.794921875,98304,0,0,0,0,0,384,460.0,460,1383.0,1843.0,"[7729,5621,5907,5669]",0.6636962890625,0.0,0.0,,,6575,49,6053,49,522,28.0,33.0,57,0.008669201520912547,522,0.009416818106723939
B8_c30_lru_s0_rho0.5,8,0.3,lru,False,0.5,,921,5462,18388,26023,49873,470660677632,1200066560,428376064,771690496,104584,188401,1027200,0,0,0,838799,2704764928,23850,0,0,0.0,128399.13746643066,1027200,0,0,0,0,0,432,918.574074074074,921,915.2708333333334,1833.8449074074074,"[12052,10942,12404,12632]",0.8165878115264797,0.0,0.0,,,26023,0,25077,0,946,16.0,21.0,0,0.0,946,0.0,194,18388,20165,38747,365662568448,50286592,16465920,33820672,4020,8257,98304,0,0,0,90047,277975040,18582,0,0,0.0,12287.794921875,98304,0,0,0,0,0,384,920.3854166666666,921,922.6145833333334,1843.0,"[9827,8691,10322,9907]",0.9160054524739584,0.0,0.0,,,20165,0,19219,0,946,17.0,22.0,0,0.0,946,0.0
B8_c30_lru_s0_rho0.75,8,0.3,lru,False,0.75,,1382,5462,18388,41332,65182,615134527488,0,0,0,0,0,1027200,0,0,0,1027200,3904831488,23850,0,0,0.0,128399.13746643066,1027200,0,0,0,0,0,432,1094.1990740740741,1344,742.4004629629629,1836.599537037037,"[15408,14681,16732,16518]",1.0,0.0,0.0,,,41332,0,40287,0,1045,13.0,18.0,0,0.0,1045,0.0,194,18388,27304,45886,433034625024,0,0,0,0,0,98304,0,0,0,98304,328261632,18582,0,0,0.0,12287.794921875,98304,0,0,0,0,0,384,1070.1171875,1334,772.8828125,1843.0,"[11139,10295,12412,12040]",1.0,0.0,0.0,,,27304,0,26259,0,1045,14.0,19.0,0,0.0,1045,0.0
B8_c30_lru_s1_rho0,8,0.3,lru,True,0,,0,4766,7275,0,12041,113633132544,3854704640,1068732416,2785972224,260921,680169,996180,12421,46558,34137,316011,0,12041,5203,60518,5258.694244384766,128399.13746643066,1027200,4760,12041,1968,3150,85,432,0.0,0,1801.2453703703704,1801.2453703703704,"[2609,2172,2308,3109]",0.3172227910618563,0.058915498442367605,0.040955837773907364,0.7726628827448421,0.6630434989929199,0,0,0,0,0,,,0,,0,,216,7275,0,7491,70693945344,334901248,104038400,230862848,25400,56363,84896,12421,46558,34137,28533,0,7491,4485,18003,1749.4268188476562,12287.794921875,98304,1760,7491,1968,2432,85,384,0.0,0,1843.0,1843.0,"[2210,1771,1934,1576]",0.3360935733132303,0.183135986328125,0.14237109505573603,0.7723858990663934,0.6626015901565552,0,0,0,0,0,,,0,,0,
B8_c30_lru_s1_rho0.125,8,0.3,lru,True,0.125,,230,4780,11463,2707,18950,178834636800,3261476864,942243840,2319233024,230040,566219,995099,5676,18469,10792,428880,564625408,16243,5330,61188,5344.129180908203,128399.13746643066,1027200,5708,16243,1003,4289,38,432,230.0,230,1582.9074074074074,1812.9074074074074,"[5108,3785,3735,4479]",0.4309922932291159,0.059567757009345794,0.04162122336924109,0.7743421272645524,0.6643518209457397,2707,290,2432,286,275,40.0,91.0,371,0.1370520871813816,271,0.15229885057471265,230,11463,1940,13633,128657129472,251305984,78450688,172855296,19153,42201,83815,5676,18469,10792,41614,54992896,11693,4612,18673,1834.8617553710938,12287.794921875,98304,2708,11693,1003,3571,38,384,230.0,230,1613.0,1843.0,"[4499,3163,3145,2826]",0.49649824017180694,0.18995157877604166,0.14932392402681077,0.7743341970319657,0.6642857193946838,1940,203,1665,199,275,44.0,88.0,209,0.1077319587628866,271,0.12522468544038345
B8_c30_lru_s1_rho0.25,8,0.3,lru,True,0.25,,460,4790,13106,6543,24439,230635339776,2538737664,801845248,1736892416,195763,424046,994442,2100,5476,2423,570396,1274634240,17896,5360,61508,5375.014068603516,128399.13746643066,1027200,6131,17896,121,5234,5,432,459.724537037037,460,1361.8310185185185,1821.5555555555557,"[6580,4994,5141,5881]",0.5735839797595034,0.059879283489096574,0.041861761493598715,0.7748028396448092,0.6657142639160156,6543,259,6021,259,522,34.0,45.0,397,0.06067553110194101,522,0.06593589104799867,240,13106,4764,18110,170907402240,183156736,58298368,124858368,14233,30483,83158,2100,5476,2423,52675,110411776,13346,4642,18993,1865.7466430664062,12287.794921875,98304,3131,13346,121,4516,5,384,460.0,460,1383.0,1843.0,"[5695,4086,4288,4041]",0.6334327424901994,0.193206787109375,0.1518373845697053,0.7748662212166176,0.6655369162559509,4764,122,4242,122,522,37.0,45.0,141,0.02959697732997481,522,0.03323903818953324
B8_c30_lru_s1_rho0.5,8,0.3,lru,True,0.5,,921,4795,13617,20125,38537,363680759808,1280548864,453865472,826683392,110807,201827,993931,27,114,7,792104,2531102720,18412,5427,61923,5414.321319580078,128399.13746643066,1027200,6277,18412,5,5421,1,432,918.3425925925926,921,912.9606481481482,1831.3032407407406,"[9229,8372,9410,9683]",0.7969406326998554,0.06028329439252336,0.04216789478820001,0.7744335848058985,0.6657142639160156,20125,12,19184,12,941,21.0,30.0,18,0.0008944099378881987,941,0.0009382819015846538,245,13617,14981,28843,272196698112,55402496,19283968,36118528,4708,8818,82647,27,114,7,73829,236445696,13862,4709,19408,1905.0538940429688,12287.794921875,98304,3277,13862,5,4703,1,384,920.7317708333334,921,922.2682291666666,1843.0,"[7415,6486,7663,7279]",0.8933052621389767,0.19742838541666666,0.15503627023035274,0.7744397628228865,0.6656748533248902,14981,11,14040,11,941,23.0,30.0,12,0.000801014618516788,941,0.0008547008547008547
B8_c30_lru_s1_rho0.75,8,0.3,lru,True,0.75,,1382,4795,13628,33894,52317,493725155328,0,0,0,0,0,993928,0,0,0,993928,3811557376,18423,5427,61904,5412.300079345703,128399.13746643066,1027200,6277,18423,0,5427,0,432,1114.1273148148148,1364,720.011574074074,1834.138888888889,"[12273,11762,13345,13094]",1.0,0.06026479750778816,0.04215215293607968,0.7744447490622902,0.6657142639160156,33894,0,32800,0,1094,16.0,24.0,0,0.0,1094,0.0,245,13628,21552,35425,334312243200,0,0,0,0,0,82644,0,0,0,82644,291753984,13873,4709,19389,1903.0326538085938,12287.794921875,98304,3277,13873,0,4709,0,384,1093.4921875,1354,749.5078125,1843.0,"[8586,7980,9621,9238]",1.0,0.197235107421875,0.15487177853373624,0.7744526293379508,0.6656748533248902,21552,0,20458,0,1094,18.0,25.0,0,0.0,1094,0.0
B8_c30_gate_s0_rho0,8,0.3,gate,False,0,,0,5462,8186,0,13648,128798687232,3970920448,1103511552,2867408896,269412,700051,1027200,18997,72320,53323,327149,0,13648,0,0,0.0,128399.13746643066,1027200,0,0,0,0,0,432,0.0,0,1806.5509259259259,1806.5509259259259,"[2943,2491,2611,3760]",0.31848617601246104,0.0,0.0,,,0,0,0,0,0,,,0,,0,,194,8186,0,8380,79083601920,394350592,123826176,270524416,30231,66046,98304,18997,72320,53323,32258,0,8380,0,0,0.0,12287.794921875,98304,0,0,0,0,0,384,0.0,0,1843.0,1843.0,"[2330,1914,2105,2031]",0.3281453450520833,0.0,0.0,,,0,0,0,0,0,,,0,,0,
B8_c30_gate_s0_rho0.125,8,0.3,gate,False,0.125,,230,5462,9118,540,15120,142690222080,3697950720,1056583680,2641367040,257955,644865,1027200,22392,68619,45355,382335,245866496,14580,0,0,0.0,128399.13746643066,1027200,0,0,0,0,0,432,230.0,230,1586.3958333333333,1816.3958333333333,"[3427,2867,2974,4009]",0.3722108644859813,0.0,0.0,,,540,326,296,85,244,190.5,403.0,452,0.837037037037037,2,0.8401486988847584,194,9118,189,9501,89662685184,360599552,115089408,245510144,28098,59939,98304,22392,68619,45355,38365,6647808,9312,0,0,0.0,12287.794921875,98304,0,0,0,0,0,384,230.0,230,1613.0,1843.0,"[2719,2186,2361,2235]",0.3902689615885417,0.0,0.0,,,189,175,37,26,152,230.0,362.2000000000001,179,0.9470899470899471,2,0.9572192513368984
B8_c30_gate_s0_rho0.25,8,0.3,gate,False,0.25,,460,5462,10206,1152,16820,158733434880,3372654592,1002405888,2370248704,244728,578674,1027200,26052,63984,36253,448526,540225536,15668,0,0,0.0,128399.13746643066,1027200,0,0,0,0,0,432,459.7384259259259,460,1364.4074074074074,1824.1458333333333,"[4008,3310,3337,4322]",0.4366491433021807,0.0,0.0,,,1152,642,669,167,483,149.5,406.0,846,0.734375,5,0.7375762859633828,194,10206,353,10753,101478039552,324263936,105836544,218427392,25839,53327,98304,26052,63984,36253,44977,12046336,10400,0,0,0.0,12287.794921875,98304,0,0,0,0,0,384,460.0,460,1383.0,1843.0,"[3172,2498,2602,2481]",0.4575297037760417,0.0,0.0,,,353,321,76,51,277,206.0,330.0,326,0.9235127478753541,5,0.9367816091954023
B8_c30_gate_s0_rho0.5,8,0.3,gate,False,0.5,,921,5462,12596,2941,20999,198171426816,2684514304,855834624,1828679680,208944,446455,1027200,33056,52312,16176,580745,1159573504,18058,0,0,0.0,128399.13746643066,1027200,0,0,0,0,0,432,919.1620370370371,921,914.5555555555555,1833.7175925925926,"[5424,4350,4202,5180]",0.5653670171339564,0.0,0.0,,,2941,1454,1947,498,994,97.0,400.0,1767,0.6008160489629377,29,0.6067994505494505,194,12596,982,13772,129968898048,239693824,80015360,159678464,19535,38984,98304,33056,52312,16176,59320,27824128,12790,0,0,0.0,12287.794921875,98304,0,0,0,0,0,384,921.0,921,922.0,1843.0,"[4270,3217,3157,3128]",0.6034342447916666,0.0,0.0,,,982,771,361,188,621,167.0,293.0,790,0.8044806517311609,29,0.8289611752360966
B8_c30_gate_s0_rho0.75,8,0.3,gate,False,0.75,,1382,5462,15264,33670,54396,513345060864,0,0,0,0,0,1027200,34923,35270,0,1027200,3789783040,20726,0,0,0.0,128399.13746643066,1027200,0,0,0,0,0,432,1348.298611111111,1376,488.3009259259259,1836.599537037037,"[12645,12143,14042,13723]",1.0,0.0,0.0,,,33670,2250,32317,1161,1353,1.0,21.0,2734,0.0811998811998812,238,0.08177793730557549,194,15264,19642,35100,331245158400,0,0,0,0,0,98304,34923,35270,0,98304,213213184,15458,0,0,0.0,12287.794921875,98304,0,0,0,0,0,384,1351.1145833333333,1376,491.8854166666667,1843.0,"[8376,7757,9722,9245]",1.0,0.0,0.0,,,19642,1500,18569,691,1073,1.0,16.0,1622,0.08257814886467774,238,0.08359101216244073
B8_c30_gate_s1_rho0,8,0.3,gate,True,0,,0,4751,4820,0,9571,90323288064,3900116992,1087459328,2812657664,265493,686684,1001666,19313,73833,54520,314982,0,9571,4259,54747,4673.485382080078,128399.13746643066,1027200,3738,9571,3127,1104,28,432,0.0,0,1801.2453703703704,1801.2453703703704,"[1744,1510,1708,2766]",0.3144581127841017,0.05329731308411215,0.036398105737290784,0.7756648820648453,0.66576087474823,0,0,0,0,0,,,0,,0,,201,4820,0,5021,47384100864,380313600,122765312,257548288,29972,62878,90382,19313,73833,54520,27504,0,5021,3541,12232,1164.2179565429688,12287.794921875,98304,738,5021,3127,386,28,384,0.0,0,1843.0,1843.0,"[1345,1109,1334,1233]",0.3043083799871656,0.12443033854166667,0.09474588109135859,0.7759227650679292,0.6657142639160156,0,0,0,0,0,,,0,,0,
B8_c30_gate_s1_rho0.125,8,0.3,gate,True,0.125,,230,4754,5559,524,10837,102270763008,3624968192,1041604608,2583363584,254298,630704,1000938,22818,70279,46520,370234,246165504,10313,4443,55539,4749.778228759766,128399.13746643066,1027200,3829,10313,3248,1160,35,432,230.0,230,1582.0,1812.0,"[2157,1866,2008,2963]",0.36988704595089805,0.05406834112149533,0.036992290777666414,0.7759092875007786,0.6657142639160156,524,327,276,84,248,193.0,409.0,445,0.8492366412213741,0,0.8492366412213741,204,5559,179,5942,56075747328,344875008,114192384,230682624,27879,56319,89654,22818,70279,46520,33335,6455296,5763,3725,13024,1240.5108032226562,12287.794921875,98304,829,5763,3248,442,35,384,230.0,230,1613.0,1843.0,"[1654,1363,1538,1387]",0.37181832377808016,0.13248697916666666,0.10095471246954747,0.7762015416798176,0.6657142639160156,179,164,30,19,149,229.0,363.40000000000003,169,0.9441340782122905,0,0.9441340782122905
B8_c30_gate_s1_rho0.25,8,0.3,gate,True,0.25,,460,4756,6388,1108,12252,115624378368,3264593920,979587072,2285006848,239157,557863,1000335,26981,66216,37663,442472,572604416,11144,4615,56132,4808.512603759766,128399.13746643066,1027200,3956,11144,3385,1196,34,432,459.724537037037,460,1360.914351851852,1820.638888888889,"[2627,2228,2342,3212]",0.4423238215197909,0.05464563862928349,0.037449726677618284,0.7755107846575207,0.66576087474823,1108,620,629,150,479,167.0,411.0,825,0.7445848375451264,4,0.7472826086956522,206,6388,312,6906,65173192704,306597888,104812544,201785344,25589,49264,89051,26981,66216,37663,39787,10797056,6594,3897,13617,1299.2451782226562,12287.794921875,98304,956,6594,3385,478,34,384,460.0,460,1383.0,1843.0,"[2006,1589,1740,1571]",0.44678891870950355,0.138519287109375,0.10573460791648726,0.7757167178819141,0.6657142639160156,312,290,47,34,265,224.0,362.80000000000007,296,0.9487179487179487,4,0.961038961038961
B8_c30_gate_s1_rho0.5,8,0.3,gate,True,0.5,,921,4773,8456,2940,16169,152589828096,2554212352,818016256,1736196096,199711,423876,999169,33767,54950,18178,575293,1211858944,13229,4840,57221,4913.820159912109,128399.13746643066,1027200,4284,13229,3172,1648,20,432,918.6342592592592,921,912.5625,1831.1967592592594,"[3862,3177,3254,4033]",0.5757714660883194,0.05570580218068536,0.0382698844935528,0.775982076299092,0.6672413349151611,2940,1413,1946,458,994,97.0,399.0999999999999,1743,0.5928571428571429,29,0.5987633115767778,223,8456,1006,9685,91399127040,218734592,77438976,141295616,18906,34496,87885,33767,54950,18178,53389,27533312,8679,4122,14706,1404.552734375,12287.794921875,98304,1284,8679,3172,930,20,384,921.0,921,922.0,1843.0,"[2928,2241,2332,2184]",0.6074870569494225,0.14959716796875,0.1143047018041117,0.7762588616397299,0.6672413349151611,1006,732,396,161,610,159.0,305.0,753,0.7485089463220675,29,0.7707267144319345
B8_c30_gate_s1_rho0.75,8,0.3,gate,True,0.75,,1382,4779,10753,26781,42313,399315566592,0,0,0,0,0,996538,36927,37272,0,996538,3692511232,15532,5186,59699,5165.875152587891,128399.13746643066,1027200,4788,15532,2572,2594,20,432,1349.4814814814815,1382,484.6574074074074,1834.138888888889,"[9725,9398,10833,10514]",1.0,0.05811818535825545,0.04023294279479474,0.7753926895665147,0.6653225421905518,26781,2225,25402,1131,1379,1.0,48.0,2727,0.10182592136215975,259,0.10282030012819546,229,10753,14439,25421,239902654464,0,0,0,0,0,85254,36927,37272,0,85254,172707840,10982,4468,17184,1656.6077270507812,12287.794921875,98304,1788,10982,2572,1876,20,384,1354.1979166666667,1379,488.8020833333333,1843.0,"[6038,5616,7109,6658]",1.0,0.1748046875,0.1348173319609731,0.7755533273239272,0.6653159439563752,14439,1419,13397,662,1042,1.0,53.0,1513,0.10478564997576009,259,0.10669957686882933
B8_c30_coverage_s0_rho0,8,0.3,coverage,False,0,,0,5462,9459,0,14921,140812222464,3959189504,1096404992,2862784512,267677,698922,1027200,15317,57990,42673,328278,0,14921,0,0,0.0,128399.13746643066,1027200,0,0,0,0,0,432,0.0,0,1806.5509259259259,1806.5509259259259,"[3630,2742,2781,3925]",0.31958528037383177,0.0,0.0,,,0,0,0,0,0,,,0,,0,,194,9459,0,9653,91097137152,382619648,116719616,265900032,28496,64917,98304,15317,57990,42673,33387,0,9653,0,0,0.0,12287.794921875,98304,0,0,0,0,0,384,0.0,0,1843.0,1843.0,"[3017,2165,2275,2196]",0.339630126953125,0.0,0.0,,,0,0,0,0,0,,,0,,0,
B8_c30_coverage_s0_rho0.125,8,0.3,coverage,False,0.125,,230,5462,9717,36329,51508,486090473472,1215488000,371027968,844460032,90583,206167,1027200,15150,57268,203,821033,2741735424,15179,0,0,0.0,128399.13746643066,1027200,0,0,0,0,0,432,119.20370370370371,230,1698.0347222222222,1817.2384259259259,"[11831,11275,13115,13444]",0.7992922507788162,0.0,0.0,,,36329,3952,34834,3536,1495,1.0,49.0,5339,0.1469624817638801,797,0.1502589215355173,194,9717,29348,39259,370494406656,2629632,1015808,1613824,248,394,98304,15150,57268,203,97910,378023936,9911,0,0,0.0,12287.794921875,98304,0,0,0,0,0,384,105.35416666666667,230,1737.6458333333333,1843.0,"[9312,8750,10732,10465]",0.9959920247395834,0.0,0.0,,,29348,3615,27870,3209,1478,1.0,49.0,4633,0.15786424969333515,797,0.16227102378200414
B8_c30_coverage_s0_rho0.25,8,0.3,coverage,False,0.25,,460,5462,9721,39911,55094,519932215296,763531264,228847616,534683648,55871,130538,1027200,15139,57281,0,896662,3194515456,15183,0,0,0.0,128399.13746643066,1027200,0,0,0,0,0,432,138.42361111111111,460,1686.1875,1824.611111111111,"[12760,12264,14058,14169]",0.8729186137071651,0.0,0.0,,,39911,4097,38385,3646,1526,1.0,49.0,5504,0.13790684272506326,788,0.14068450783426628,194,9721,29523,39438,372183662592,0,0,0,0,0,98304,15139,57281,0,98304,381476864,9915,0,0,0.0,12287.794921875,98304,0,0,0,0,0,384,112.5703125,306,1730.4296875,1843.0,"[9432,8840,10730,10436]",1.0,0.0,0.0,,,29523,3712,28021,3274,1502,1.0,49.0,4680,0.15852047556142668,788,0.16286758308682792
B8_c30_coverage_s0_rho0.5,8,0.3,coverage,False,0.5,,921,5462,9738,41965,57165,539476623360,307400704,92954624,214446080,22694,52355,1027200,15101,57097,0,974845,3649966080,15200,0,0,0.0,128399.13746643066,1027200,0,0,0,0,0,432,150.15277777777777,921,1683.6226851851852,1833.775462962963,"[13230,12797,14749,14546]",0.9490313473520249,0.0,0.0,,,41965,4117,40432,3646,1533,1.0,49.0,5621,0.13394495412844037,772,0.13645522297477727,194,9738,29517,39449,372287471616,0,0,0,0,0,98304,15101,57097,0,98304,380796928,9932,0,0,0.0,12287.794921875,98304,0,0,0,0,0,384,112.9140625,306,1730.0859375,1843.0,"[9350,8815,10871,10413]",1.0,0.0,0.0,,,29517,3681,28017,3227,1500,1.0,49.0,4663,0.15797675915574075,772,0.16221951643764132
B8_c30_coverage_s0_rho0.75,8,0.3,coverage,False,0.75,,1382,5462,9749,43534,58745,554387374080,0,0,0,0,0,1027200,14988,56959,0,1027200,3957829632,15211,0,0,0.0,128399.13746643066,1027200,0,0,0,0,0,432,154.27083333333334,1343,1682.3287037037037,1836.599537037037,"[13624,13211,15173,14894]",1.0,0.0,0.0,,,43534,4097,42009,3630,1525,1.0,49.0,5672,0.13028896954104838,759,0.13260081823495032,194,9749,29506,39449,372287471616,0,0,0,0,0,98304,14988,56959,0,98304,381259776,9943,0,0,0.0,12287.794921875,98304,0,0,0,0,0,384,111.87760416666667,304,1731.1223958333333,1843.0,"[9355,8825,10853,10416]",1.0,0.0,0.0,,,29506,3621,28019,3169,1487,1.0,49.0,4611,0.1562733003456924,759,0.160399346018715
B8_c30_coverage_s1_rho0,8,0.3,coverage,True,0,,0,4732,4144,0,8876,83764445184,3867238400,1078079488,2789158912,263203,680947,993234,16060,61035,44975,312287,0,8876,5950,63863,5601.328765869141,128399.13746643066,1027200,4283,8876,2413,3344,193,432,0.0,0,1801.2453703703704,1801.2453703703704,"[1658,1349,1468,2558]",0.31441432733877417,0.06217192367601246,0.0436243488577451,0.7671048068599541,0.6620689630508423,0,0,0,0,0,,,0,,0,,182,4144,0,4326,40825257984,347435008,113385472,234049536,27682,57141,81950,16060,61035,44975,24809,0,4326,5232,21348,2092.0613403320312,12287.794921875,98304,1283,4326,2413,2626,193,384,0.0,0,1843.0,1843.0,"[1259,948,1094,1025]",0.3027333740085418,0.2171630859375,0.1702552291630208,0.7661046214082737,0.6620370149612427,0,0,0,0,0,,,0,,0,
B8_c30_coverage_s1_rho0.125,8,0.3,coverage,True,0.125,,230,4732,4419,30124,39275,370645401600,1178546176,347725824,830820352,84894,202837,993201,15839,60039,0,790364,2687074304,9151,5951,63871,5603.769927978516,128399.13746643066,1027200,4310,9151,2425,3332,194,432,103.07407407407408,230,1710.099537037037,1813.173611111111,"[8836,8562,9847,10187]",0.7957744706257847,0.06217971183800623,0.04364336115142202,0.7671230352039078,0.662109375,30124,4111,28596,3679,1528,1.0,49.0,5453,0.18101845704421723,815,0.1860520659183186,182,4419,23396,27997,264212840448,0,0,0,0,0,81917,15839,60039,0,81917,345817088,4601,5233,21356,2094.5025024414062,12287.794921875,98304,1310,4601,2425,2614,194,384,87.8359375,190,1755.1640625,1843.0,"[6591,6269,7672,7465]",1.0,0.21724446614583334,0.170453894759647,0.7661255419242913,0.6620434045791626,23396,3764,21886,3342,1510,1.0,50.0,4709,0.20127372200376134,815,0.20853815154333288
B8_c30_coverage_s1_rho0.25,8,0.3,coverage,True,0.25,,460,4732,4428,32402,41562,392228241408,769585152,228069376,541515776,55681,132206,993147,15894,60133,0,860941,3095814144,9160,5953,63882,5605.280914306641,128399.13746643066,1027200,4295,9160,2375,3385,193,432,115.03472222222223,460,1706.3865740740741,1821.4212962962963,"[9362,9228,10468,10661]",0.8668817405681133,0.06219042056074767,0.0436551290367672,0.7671083323338364,0.662109375,32402,4161,30875,3713,1527,1.0,49.0,5619,0.17341522128263687,801,0.1778108287712414,182,4428,23424,28034,264562016256,0,0,0,0,0,81863,15894,60133,0,81863,345595904,4610,5235,21367,2096.0134887695312,12287.794921875,98304,1295,4610,2375,2667,193,384,89.53385416666667,190,1753.4661458333333,1843.0,"[6557,6333,7666,7478]",1.0,0.21735636393229166,0.17057686119404242,0.766109203586378,0.6620497941970825,23424,3743,21924,3310,1500,1.0,50.0,4734,0.2021004098360656,801,0.20925606683463732
B8_c30_coverage_s1_rho0.5,8,0.3,coverage,True,0.5,,921,4732,4436,34395,43563,411112046592,325124096,100192256,224931840,24461,54915,993115,15754,60127,0,938200,3539730432,9168,5954,63883,5605.358062744141,128399.13746643066,1027200,4295,9168,2368,3393,193,432,125.96527777777777,921,1705.3310185185185,1831.2962962962963,"[9933,9733,11057,10997]",0.9447042890299714,0.06219139408099689,0.04365572988533225,0.7671102041820972,0.662109375,34395,4213,32857,3782,1538,1.0,49.0,5808,0.16886175316179677,817,0.1729703972839359,182,4436,23472,28090,265090498560,0,0,0,0,0,81831,15754,60127,0,81831,345051136,4618,5236,21368,2096.0906372070312,12287.794921875,98304,1295,4618,2368,2675,193,384,89.59114583333333,191,1753.4088541666667,1843.0,"[6600,6308,7728,7454]",1.0,0.21736653645833334,0.1705831396547419,0.7661115229357464,0.6620529890060425,23472,3744,21967,3329,1505,1.0,50.0,4784,0.2038173142467621,817,0.21116751269035533
B8_c30_coverage_s1_rho0.75,8,0.3,coverage,True,0.75,,1382,4732,4449,35760,44941,424116486144,0,0,0,0,0,993115,15734,60112,0,993115,3865485312,9181,5954,63883,5605.358062744141,128399.13746643066,1027200,4301,9181,2369,3392,193,432,129.4398148148148,1310,1704.6990740740741,1834.138888888889,"[10259,10010,11484,11345]",1.0,0.06219139408099689,0.04365572988533225,0.7671102041820972,0.662109375,35760,4303,34198,3832,1562,1.0,49.0,5934,0.16593959731543625,797,0.1697222778365701,182,4449,23418,28049,264703574016,0,0,0,0,0,81831,15734,60112,0,81831,345681920,4631,5236,21368,2096.0906372070312,12287.794921875,98304,1301,4631,2369,2674,193,384,89.09114583333333,190,1753.9088541666667,1843.0,"[6572,6228,7760,7489]",1.0,0.21736653645833334,0.1705831396547419,0.7661115229357464,0.6620529890060425,23418,3776,21900,3324,1518,1.0,50.0,4772,0.20377487402852507,797,0.2109544228813934
B8_c40_lru_s0_rho0,8,0.4,lru,False,0,,0,5462,9897,0,15359,144945709056,3949608960,1090351104,2859257856,266199,698061,1027200,14644,54843,40199,329139,0,15359,0,0,0.0,128399.13746643066,1027200,0,0,0,0,0,432,0.0,0,2390.935185185185,2390.935185185185,"[3361,2853,2932,3756]",0.3204234813084112,0.0,0.0,,,0,0,0,0,0,,,0,,0,,194,9897,0,10091,95230623744,373039104,110665728,262373376,27018,64056,98304,14644,54843,40199,34248,0,10091,0,0,0.0,12287.794921875,98304,0,0,0,0,0,384,0.0,0,2457.0,2457.0,"[2902,2429,2579,2181]",0.348388671875,0.0,0.0,,,0,0,0,0,0,,,0,,0,
B8_c40_lru_s0_rho0.125,8,0.4,lru,False,0.125,,307,5462,15513,3454,24429,230540967936,3340664832,966549504,2374115328,235974,579618,1027200,6898,21160,12118,447582,574590976,20975,0,0,0.0,128399.13746643066,1027200,0,0,0,0,0,432,307.0,307,2103.016203703704,2410.016203703704,"[6678,4909,4779,5606]",0.4357301401869159,0.0,0.0,,,3454,325,3078,320,376,39.0,86.0,453,0.13115228720324262,371,0.14693480376256893,194,15513,2515,18222,171964366848,277671936,81735680,195936256,19955,47836,98304,6898,21160,12118,50468,61014016,15707,0,0,0.0,12287.794921875,98304,0,0,0,0,0,384,307.0,307,2150.0,2457.0,"[5952,4218,4175,3877]",0.5133870442708334,0.0,0.0,,,2515,224,2139,219,376,42.0,47.0,240,0.09542743538767395,371,0.11194029850746269
B8_c40_lru_s0_rho0.25,8,0.4,lru,False,0.25,,614,5462,17414,8399,31275,295147929600,2612797440,804708352,1808089088,196462,441428,1027200,3717,8696,3527,585772,1290596352,22876,0,0,0.0,128399.13746643066,1027200,0,0,0,0,0,432,613.3819444444445,614,1810.5162037037037,2423.8981481481483,"[8468,6411,6599,7340]",0.5702609034267913,0.0,0.0,,,8399,431,7693,431,706,32.0,44.0,654,0.07786641266817479,706,0.08501234888860003,194,17414,6316,23924,225775190016,198516736,60243968,138272768,14708,33758,98304,3717,8696,3527,64546,128307200,17608,0,0,0.0,12287.794921875,98304,0,0,0,0,0,384,614.0,614,1843.0,2457.0,"[7440,5394,5686,5404]",0.6565958658854166,0.0,0.0,,,6316,282,5610,282,706,36.0,44.0,314,0.04971500949968334,706,0.055971479500891264
B8_c40_lru_s0_rho0.5,8,0.4,lru,False,0.5,,1228,5462,18329,26070,49861,470547431424,1320513536,449212416,871301120,109671,212720,1027200,199,474,67,814480,2584309760,23791,0,0,0.0,128399.13746643066,1027200,0,0,0,0,0,432,1223.326388888889,1228,1216.2152777777778,2439.5416666666665,"[11958,10702,12242,12502]",0.7929127725856698,0.0,0.0,,,26070,53,24813,53,1257,22.0,29.0,126,0.0048331415420023015,1257,0.005077983315197679,194,18329,20020,38543,363737382912,54976512,17707008,37269504,4323,9099,98304,199,474,67,89205,273276928,18523,0,0,0.0,12287.794921875,98304,0,0,0,0,0,384,1226.9869791666667,1228,1230.0130208333333,2457.0,"[9849,8566,10257,9871]",0.907440185546875,0.0,0.0,,,20020,29,18763,29,1257,22.0,28.0,38,0.001898101898101898,1257,0.0020252624846772904
B8_c40_lru_s0_rho0.75,8,0.4,lru,False,0.75,,1842,5462,18388,41332,65182,615134527488,0,0,0,0,0,1027200,0,0,0,1027200,3904831488,23850,0,0,0.0,128399.13746643066,1027200,0,0,0,0,0,432,1459.9884259259259,1788,984.3564814814815,2444.3449074074074,"[15254,14528,16579,16364]",1.0,0.0,0.0,,,41332,0,39952,0,1380,17.0,24.0,0,0.0,1380,0.0,194,18388,27304,45886,433034625024,0,0,0,0,0,98304,0,0,0,98304,328261632,18582,0,0,0.0,12287.794921875,98304,0,0,0,0,0,384,1431.2421875,1787,1025.7578125,2457.0,"[11139,10295,12412,12040]",1.0,0.0,0.0,,,27304,0,25924,0,1380,19.0,25.0,0,0.0,1380,0.0
B8_c40_lru_s1_rho0,8,0.4,lru,True,0,,0,4740,3149,0,7889,74449944576,3893940224,1079701504,2814238720,263599,687070,1000952,20102,75761,55659,313882,0,7889,4334,55671,4764.485015869141,128399.13746643066,1027200,3544,7889,3003,1257,74,432,0.0,0,2382.6180555555557,2382.6180555555557,"[956,1160,1142,2174]",0.3135834685379519,0.054196845794392524,0.0371068303875078,0.7794421110276424,0.6648749828338623,0,0,0,0,0,,,0,,0,,190,3149,0,3339,31510757376,374136832,115007488,259129344,28078,63264,89668,20102,75761,55659,26404,0,3339,3616,13156,1255.2175903320312,12287.794921875,98304,544,3339,3003,539,74,384,0.0,0,2457.0,2457.0,"[711,912,921,795]",0.29446402283980905,0.13382975260416666,0.10215157384320156,0.7804446591773128,0.664634108543396,0,0,0,0,0,,,0,,0,
B8_c40_lru_s1_rho0.125,8,0.4,lru,True,0.125,,307,4740,4944,1433,11117,104913174528,3387518976,976351232,2411167744,238367,588664,998629,23294,65201,39745,409965,456929280,9684,4803,57991,4997.892120361328,128399.13746643066,1027200,3979,9684,2881,1825,97,432,307.0,307,2096.840277777778,2403.840277777778,"[1943,1960,1950,2807]",0.41052783365994777,0.05645541277258567,0.03892465493911906,0.7757633324094347,0.6643518209457397,1433,457,1061,367,372,40.0,333.0,616,0.42986741102581993,282,0.5351867940920938,190,4944,624,5758,54339305472,305020928,97566720,207454208,23820,50648,87345,23294,65201,39745,36697,19623936,5134,4085,15476,1488.6246948242188,12287.794921875,98304,979,5134,2881,1107,97,384,307.0,307,2150.0,2457.0,"[1460,1489,1507,1302]",0.420138531112256,0.15743001302083334,0.12114660964711713,0.7760041772224912,0.6642857193946838,624,296,271,225,353,47.0,315.0,302,0.483974358974359,282,0.8830409356725146
B8_c40_lru_s1_rho0.25,8,0.4,lru,True,0.25,,614,4769,7389,4471,16629,156930932736,2602647552,818147328,1784500224,199743,435669,996894,21198,48597,22765,561225,1210789888,12158,5089,59579,5168.741485595703,128399.13746643066,1027200,4694,12158,1859,3174,56,432,613.324074074074,614,1805.7476851851852,2419.071759259259,"[3564,3277,3296,4035]",0.5629735959891423,0.05800136292834891,0.0402552664105477,0.7741117572639189,0.664634108543396,4471,976,3803,968,668,39.0,191.0,1278,0.28584209349138895,660,0.33534505379165575,219,7389,2599,10207,96325337088,226861056,74944512,151916544,18297,37089,85610,21198,48597,22765,48521,66772992,7608,4371,17064,1659.4740600585938,12287.794921875,98304,1694,7608,1859,2456,56,384,614.0,614,1843.0,2457.0,"[2787,2491,2570,2359]",0.5667679009461511,0.173583984375,0.13505059863135915,0.7740655481828974,0.6643518209457397,2599,737,1931,729,668,44.0,191.0,802,0.3085802231627549,660,0.4136152656008252
B8_c40_lru_s1_rho0.5,8,0.4,lru,True,0.5,,1228,4791,13261,19814,37866,357348409344,1399926784,476819456,923107328,116411,225368,994164,2262,3646,819,768796,2407858176,18052,5378,61705,5392.984039306641,128399.13746643066,1027200,6180,18052,72,5303,3,432,1221.5,1228,1213.8912037037037,2435.391203703704,"[8960,8033,9084,9332]",0.77330903150788,0.060071066978193144,0.042001715476605986,0.7747513181150691,0.6657142639160156,19814,414,18565,414,1249,29.0,39.0,710,0.03583324921772484,1249,0.03824400754107191,241,13261,14695,28197,266100277248,60936192,20447232,40488960,4992,9885,82880,2262,3646,819,72995,227045376,13502,4660,19190,1883.7166137695312,12287.794921875,98304,3180,13502,72,4585,3,384,1226.421875,1228,1230.578125,2457.0,"[7309,6316,7483,7089]",0.8807311776061776,0.19521077473958334,0.15329980893610928,0.7748065165695714,0.6657142639160156,14695,287,13446,287,1249,30.0,39.0,390,0.026539639333106498,1249,0.02900490852298081
B8_c40_lru_s1_rho0.75,8,0.4,lru,True,0.75,,1842,4795,13623,33894,52312,493677969408,0,0,0,0,0,993928,23,77,0,993928,3811569664,18418,5428,61924,5414.436065673828,128399.13746643066,1027200,6277,18418,0,5427,1,432,1486.0578703703704,1821,954.2407407407408,2440.2986111111113,"[12114,11609,13192,12940]",1.0,0.06028426791277258,0.04216878845536954,0.7744250359259376,0.6657142639160156,33894,1,32453,1,1441,22.0,31.0,1,2.9503746975865936e-05,1441,3.0813792253412625e-05,245,13623,21552,35420,334265057280,0,0,0,0,0,82644,23,77,0,82644,291766272,13868,4710,19409,1905.1686401367188,12287.794921875,98304,3277,13868,0,4709,1,384,1462.6354166666667,1806,994.3645833333334,2457.0,"[8581,7980,9621,9238]",1.0,0.19743855794270834,0.15504560844721588,0.7744299094261891,0.6656945586204529,21552,1,20111,1,1441,25.0,32.0,1,4.639940608760208e-05,1441,4.972403162448411e-05
B8_c40_gate_s0_rho0,8,0.4,gate,False,0,,0,5462,5812,0,11274,106394812416,3981344768,1106513920,2874830848,270145,701863,1027200,21249,80807,59558,325337,0,11274,0,0,0.0,128399.13746643066,1027200,0,0,0,0,0,432,0.0,0,2390.935185185185,2390.935185185185,"[1972,1799,1953,3093]",0.3167221573208723,0.0,0.0,,,0,0,0,0,0,,,0,,0,,194,5812,0,6006,56679727104,404774912,126828544,277946368,30964,67858,98304,21249,80807,59558,30446,0,6006,0,0,0.0,12287.794921875,98304,0,0,0,0,0,384,0.0,0,2457.0,2457.0,"[1513,1375,1600,1518]",0.3097127278645833,0.0,0.0,,,0,0,0,0,0,,,0,,0,
B8_c40_gate_s0_rho0.125,8,0.4,gate,False,0.125,,307,5462,6956,640,13058,123230748672,3671277568,1050644480,2620633088,256505,639803,1027200,25224,76793,50716,387397,279314432,12418,0,0,0.0,128399.13746643066,1027200,0,0,0,0,0,432,307.0,307,2101.511574074074,2408.511574074074,"[2544,2262,2357,3438]",0.37713882398753895,0.0,0.0,,,640,390,306,65,334,220.0,419.1,529,0.8265625,4,0.8317610062893082,194,6956,186,7336,69231181824,367960064,118161408,249798656,28848,60986,98304,25224,76793,50716,37318,6062080,7150,0,0,0.0,12287.794921875,98304,0,0,0,0,0,384,307.0,307,2150.0,2457.0,"[1957,1705,1878,1796]",0.3796183268229167,0.0,0.0,,,186,173,22,14,164,240.0,336.0,176,0.946236559139785,4,0.967032967032967
B8_c40_gate_s0_rho0.25,8,0.4,gate,False,0.25,,614,5462,8142,1417,15021,141755940864,3326345216,991875072,2334470144,242157,569939,1027200,29718,72427,40739,457261,589520896,13604,0,0,0.0,128399.13746643066,1027200,0,0,0,0,0,432,613.3819444444445,614,1808.8773148148148,2422.259259259259,"[3190,2765,2787,3822]",0.44515284267912775,0.0,0.0,,,1417,823,757,179,660,192.0,408.4000000000001,1108,0.7819336626676077,10,0.7874911158493249,194,8142,440,8776,82820726784,325357568,107671552,217686016,26287,53146,98304,29718,72427,40739,45158,13938688,8336,0,0,0.0,12287.794921875,98304,0,0,0,0,0,384,614.0,614,1843.0,2457.0,"[2454,2064,2156,2102]",0.4593709309895833,0.0,0.0,,,440,408,71,51,369,220.0,338.20000000000005,413,0.9386363636363636,10,0.9604651162790697
B8_c40_gate_s0_rho0.5,8,0.4,gate,False,0.5,,1228,5462,10953,3529,19944,188215197696,2550874112,820219904,1730654208,200249,422523,1027200,38470,60817,18640,604677,1284300800,16415,0,0,0.0,128399.13746643066,1027200,0,0,0,0,0,432,1224.2407407407406,1228,1215.1550925925926,2439.3958333333335,"[4779,3960,3898,4850]",0.5886653037383177,0.0,0.0,,,3529,1758,2231,517,1298,122.0,403.0,2257,0.6395579484273165,39,0.6467048710601719,194,10953,1130,12277,115860307968,227667968,77791232,149876736,18992,36591,98304,38470,60817,18640,61713,30937088,11147,0,0,0.0,12287.794921875,98304,0,0,0,0,0,384,1228.0,1228,1229.0,2457.0,"[3669,2861,2888,2859]",0.627777099609375,0.0,0.0,,,1130,921,332,179,798,193.0,319.0,952,0.8424778761061947,39,0.8725939505041247
B8_c40_gate_s0_rho0.75,8,0.4,gate,False,0.75,,1842,5462,14203,31510,51175,482947891200,0,0,0,0,0,1027200,42726,43162,0,1027200,3763687424,19665,0,0,0.0,128399.13746643066,1027200,0,0,0,0,0,432,1798.9722222222222,1836,645.3726851851852,2444.3449074074074,"[11663,11245,13071,12739]",1.0,0.0,0.0,,,31510,2825,29700,1358,1810,1.0,71.0,3601,0.11428118057759441,285,0.11532425940752603,194,14203,17482,31879,300847988736,0,0,0,0,0,98304,42726,43162,0,98304,187117568,14397,0,0,0.0,12287.794921875,98304,0,0,0,0,0,384,1806.0234375,1836,650.9765625,2457.0,"[7548,7012,8904,8415]",1.0,0.0,0.0,,,17482,1822,16120,803,1362,1.0,76.0,2000,0.11440338634023567,285,0.11629935453858231
B8_c40_gate_s1_rho0,8,0.4,gate,True,0,,0,4743,3182,0,7925,74789683200,3912376320,1090326528,2822049792,266193,688977,1003178,21340,81186,59846,314201,0,7925,3837,53303,4523.643585205078,128399.13746643066,1027200,3506,7925,2835,956,46,432,0.0,0,2382.6180555555557,2382.6180555555557,"[1086,996,1115,2271]",0.3132056324999153,0.05189154984423676,0.0352311057104084,0.7738231206145297,0.6657142639160156,0,0,0,0,0,,,0,,0,,193,3182,0,3375,31850496000,392572928,125632512,266940416,30672,65171,91894,21340,81186,59846,26723,0,3375,3119,10788,1014.3761596679688,12287.794921875,98304,506,3375,2835,238,46,384,0.0,0,2457.0,2457.0,"[841,748,894,892]",0.2908024462968202,0.1097412109375,0.08255152092928848,0.7736919179831074,0.6656748533248902,0,0,0,0,0,,,0,,0,
B8_c40_gate_s1_rho0.125,8,0.4,gate,True,0.125,,307,4746,3889,616,9251,87303389184,3582148608,1030950912,2551197696,251697,622851,1002416,25610,78003,51585,379565,297644032,8635,4052,54147,4612.663360595703,128399.13746643066,1027200,3602,8635,3023,994,35,432,307.0,307,2095.0833333333335,2402.0833333333335,"[1484,1344,1462,2504]",0.37865018116231186,0.052713200934579436,0.03592441079911196,0.7752209185141802,0.66576087474823,616,370,279,55,337,235.5,432.0,506,0.8214285714285714,3,0.8254486133768353,196,3889,168,4253,40136343552,354217984,116563968,237654016,28458,58021,91132,25610,78003,51585,33111,5771264,4085,3334,11632,1103.3959350585938,12287.794921875,98304,602,4085,3023,276,35,384,307.0,307,2150.0,2457.0,"[1111,965,1116,1061]",0.3633301145591011,0.11832682291666667,0.0897960897031496,0.7753992022228012,0.6657142639160156,168,146,27,11,141,234.0,360.1000000000001,150,0.8928571428571429,3,0.9090909090909091
B8_c40_gate_s1_rho0.25,8,0.4,gate,True,0.25,,614,4748,4851,1341,10940,103242792960,3239985152,970076160,2269908992,236835,554177,1001779,30342,73999,41868,447602,603480064,9599,4234,54711,4666.524322509766,128399.13746643066,1027200,3724,9599,3173,1032,29,432,613.324074074074,614,1803.900462962963,2417.224537037037,"[2005,1781,1887,2810]",0.4468071301155245,0.053262266355140184,0.03634389151352209,0.7738295421884147,0.6666666269302368,1341,780,678,139,663,196.0,417.0,1069,0.7971662938105891,7,0.8013493253373314,198,4851,391,5440,51338280960,311156736,106553344,204603392,26014,49952,90495,30342,73999,41868,40543,12505088,5049,3516,12196,1157.2568969726562,12287.794921875,98304,724,5049,3173,314,29,384,614.0,614,1843.0,2457.0,"[1486,1267,1396,1291]",0.44801370241449806,0.12406412760416667,0.09417937915878481,0.773714465306345,0.6661230027675629,391,355,53,28,338,235.0,360.0,361,0.9232736572890026,7,0.9401041666666666
B8_c40_gate_s1_rho0.5,8,0.4,gate,True,0.5,,1228,4767,7017,3337,15121,142699659264,2430148608,780627968,1649520640,190583,402715,1000234,39695,63313,20366,597519,1327386624,11784,4646,56225,4813.131317138672,128399.13746643066,1027200,4033,11784,3282,1336,28,432,1222.9467592592594,1228,1212.2337962962963,2435.1805555555557,"[3304,2815,2900,3645]",0.5973792132640962,0.05473617601246106,0.037485698207256585,0.7758478088287563,0.6666666269302368,3337,1710,2037,453,1300,136.0,406.0,2182,0.6538807311956848,22,0.6582202111613876,217,7017,1009,8243,77790707712,209870848,76042240,133828608,18565,32673,88950,39695,63313,20366,56277,27860992,7234,3928,13710,1303.8638916015625,12287.794921875,98304,1033,7234,3282,618,28,384,1228.0,1228,1229.0,2457.0,"[2417,1931,2028,1867]",0.632681281618887,0.13946533203125,0.10611048604663768,0.7761137215401636,0.6666666269302368,1009,825,279,137,730,193.0,329.0,860,0.8523290386521308,22,0.8713272543059777
B8_c40_gate_s1_rho0.75,8,0.4,gate,True,0.75,,1842,4778,9838,24940,39556,373297250304,98304,49152,49152,12,12,997610,44726,45145,0,997598,3668910080,14616,5051,58631,5056.182952880859,128399.13746643066,1027200,4543,14616,2820,2212,19,432,1799.4189814814815,1842,640.8796296296297,2440.2986111111113,"[8877,8595,9987,9640]",0.9999879712512906,0.057078465732087226,0.039378636435176785,0.7758083140772184,0.6657142639160156,24940,2776,23114,1287,1826,1.0,109.0,3563,0.14286287089013633,275,0.14445570646665315,228,9838,12601,22667,213912649728,0,0,0,0,0,86326,44726,45145,0,86326,149204992,10066,4333,16116,1546.91552734375,12287.794921875,98304,1543,10066,2820,1494,19,384,1809.5833333333333,1839,647.4166666666666,2457.0,"[5344,4967,6417,5939]",1.0,0.1639404296875,0.12589040891217165,0.7760428277856891,0.6657142639160156,12601,1685,11270,691,1331,1.0,134.0,1850,0.1468137449408777,275,0.15008924225214992
B8_c40_coverage_s0_rho0,8,0.4,coverage,False,0,,0,5462,7889,0,13351,125995843584,3964092416,1096753152,2867339264,267762,700034,1027200,16778,63288,46510,327166,0,13351,0,0,0.0,128399.13746643066,1027200,0,0,0,0,0,432,0.0,0,2390.935185185185,2390.935185185185,"[2937,2261,2227,3469]",0.3185027258566978,0.0,0.0,,,0,0,0,0,0,,,0,,0,,194,7889,0,8083,76280758272,387522560,117067776,270454784,28581,66029,98304,16778,63288,46510,32275,0,8083,0,0,0.0,12287.794921875,98304,0,0,0,0,0,384,0.0,0,2457.0,2457.0,"[2478,1837,1874,1894]",0.3283182779947917,0.0,0.0,,,0,0,0,0,0,,,0,,0,
B8_c40_coverage_s0_rho0.125,8,0.4,coverage,False,0.125,,307,5462,8010,36791,50263,474341179392,1560199168,468664320,1091534848,114420,266488,1027200,16881,62777,305,760712,2402918400,13472,0,0,0.0,128399.13746643066,1027200,0,0,0,0,0,432,147.4976851851852,307,2262.824074074074,2410.321759259259,"[11232,10920,12661,12993]",0.7405685358255452,0.0,0.0,,,36791,4322,34883,3727,1908,1.0,49.0,5838,0.1586801119839091,887,0.16260026737967914,194,8010,29966,38170,360217313280,2437120,995328,1441792,243,352,98304,16881,62777,305,97952,384110592,8204,0,0,0.0,12287.794921875,98304,0,0,0,0,0,384,128.51822916666666,307,2328.4817708333335,2457.0,"[9001,8616,10456,10097]",0.9964192708333334,0.0,0.0,,,29966,3989,28112,3414,1854,1.0,49.0,5164,0.17232863912434093,887,0.1775851989408164
B8_c40_coverage_s0_rho0.25,8,0.4,coverage,False,0.25,,614,5462,7934,39806,53202,502077063168,973295616,287784960,685510656,70260,167361,1027200,16727,62965,0,859839,2991779840,13396,0,0,0.0,128399.13746643066,1027200,0,0,0,0,0,432,163.65277777777777,614,2259.875,2423.527777777778,"[11975,11693,13463,13614]",0.8370706775700935,0.0,0.0,,,39806,4506,37842,3895,1964,1.0,49.0,6198,0.1557051700748631,901,0.15931114252666753,194,7934,30270,38398,362368991232,0,0,0,0,0,98304,16727,62965,0,98304,388505600,8128,0,0,0.0,12287.794921875,98304,0,0,0,0,0,384,130.28645833333334,322,2326.7135416666665,2457.0,"[9027,8655,10514,10202]",1.0,0.0,0.0,,,30270,4048,28409,3473,1861,1.0,49.0,5229,0.17274529236868186,901,0.1780448772515237
B8_c40_coverage_s0_rho0.5,8,0.4,coverage,False,0.5,,1228,5462,7933,42335,55730,525934264320,424280064,128536576,295743488,31381,72203,1027200,16875,63105,0,954997,3540697088,13395,0,0,0.0,128399.13746643066,1027200,0,0,0,0,0,432,182.66435185185185,1228,2256.863425925926,2439.527777777778,"[12677,12368,14191,14037]",0.9297089174454829,0.0,0.0,,,42335,4651,40333,4040,2002,1.0,49.0,6518,0.15396244242352664,913,0.15735599439911158,194,7933,30269,38396,362350116864,0,0,0,0,0,98304,16875,63105,0,98304,388407296,8127,0,0,0.0,12287.794921875,98304,0,0,0,0,0,384,130.6796875,319,2326.3203125,2457.0,"[9063,8638,10557,10138]",1.0,0.0,0.0,,,30269,4093,28393,3523,1876,1.0,49.0,5304,0.1752287819220985,913,0.18067856656220194
B8_c40_coverage_s0_rho0.75,8,0.4,coverage,False,0.75,,1842,5462,7970,44285,57717,544685948928,0,0,0,0,0,1027200,16722,62876,0,1027200,3964321792,13432,0,0,0.0,128399.13746643066,1027200,0,0,0,0,0,432,188.66203703703704,1796,2255.6828703703704,2444.3449074074074,"[13195,12857,14764,14444]",1.0,0.0,0.0,,,44285,4764,42246,4135,2039,1.0,49.0,6748,0.15237665123631025,883,0.15547670614257408,194,7970,30257,38421,362586046464,0,0,0,0,0,98304,16722,62876,0,98304,387751936,8164,0,0,0.0,12287.794921875,98304,0,0,0,0,0,384,128.78645833333334,315,2328.2135416666665,2457.0,"[9080,8624,10597,10120]",1.0,0.0,0.0,,,30257,4071,28406,3499,1851,1.0,49.0,5254,0.1736457679214727,883,0.17886566351194935
B8_c40_coverage_s1_rho0,8,0.4,coverage,True,0,,0,4732,2633,0,7365,69504860160,3871404032,1077325824,2794078208,263019,682148,993385,17461,66190,48729,311237,0,7365,5935,63664,5580.438385009766,128399.13746643066,1027200,4110,7365,2501,3246,188,432,0.0,0,2382.6180555555557,2382.6180555555557,"[994,876,927,2111]",0.3133095426244608,0.06197819314641745,0.04346165009456348,0.7672388728868088,0.662109375,0,0,0,0,0,,,0,,0,,182,2633,0,2815,26565672960,351600640,112631808,238968832,27498,58342,82101,17461,66190,48729,23759,0,2815,5217,21149,2071.1709594726562,12287.794921875,98304,1110,2815,2501,2528,188,384,0.0,0,2457.0,2457.0,"[749,628,706,732]",0.28938746178487473,0.21513875325520834,0.1685551372431772,0.7662542627898354,0.6620370149612427,0,0,0,0,0,,,0,,0,
B8_c40_coverage_s1_rho0.125,8,0.4,coverage,True,0.125,,307,4732,2739,29803,37274,351761596416,1581764608,467361792,1114402816,114102,272071,993238,17485,65532,0,721167,2289606656,7471,5948,63807,5598.593414306641,128399.13746643066,1027200,4140,7471,2472,3283,193,432,119.40046296296296,307,2285.1921296296296,2404.5925925925926,"[8058,8007,9126,9626]",0.726076730854035,0.062117406542056074,0.04360304535355906,0.7671296345702577,0.662109375,29803,4537,27874,3982,1929,1.0,51.0,6147,0.20625440391906855,931,0.21290523690773067,182,2739,24093,27014,254936088576,0,0,0,0,0,81954,17485,65532,0,81954,351567872,2921,5230,21292,2089.3259887695312,12287.794921875,98304,1140,2921,2472,2565,193,384,99.734375,199,2357.265625,2457.0,"[6281,6160,7353,7220]",1.0,0.21659342447916666,0.17003262196784125,0.7661324751080792,0.6620657682418823,24093,4186,22209,3645,1884,1.0,51.0,5419,0.22492010127422904,931,0.23396079785856144
B8_c40_coverage_s1_rho0.25,8,0.4,coverage,True,0.25,,614,4732,2696,32285,39713,374778888192,970563584,287191040,683372544,70115,166839,993148,17456,65584,0,826309,2900533248,7428,5952,63881,5605.157867431641,128399.13746643066,1027200,4127,7428,2376,3383,193,432,134.6226851851852,614,2284.449074074074,2419.071759259259,"[8726,8612,9805,10113]",0.832009932054437,0.06218944704049844,0.04365417072133434,0.7671272565300266,0.662109375,32285,4663,30316,4123,1969,1.0,52.0,6454,0.19990707759021217,966,0.2060729908362336,182,2696,24167,27045,255228641280,0,0,0,0,0,81864,17456,65584,0,81864,351293440,2878,5234,21366,2095.8904418945312,12287.794921875,98304,1127,2878,2376,2665,193,384,100.359375,200,2356.640625,2457.0,"[6295,6106,7391,7253]",1.0,0.21734619140625,0.17056684744659772,0.766130532911364,0.6620689630508423,24167,4172,22273,3655,1894,1.0,52.0,5421,0.22431414739107047,966,0.23365372182233524
B8_c40_coverage_s1_rho0.5,8,0.4,coverage,True,0.5,,1228,4732,2656,34569,41957,395955929088,437661696,130383872,307277824,31832,75019,993139,17480,65849,0,918120,3434061824,7388,5952,63880,5604.949615478516,128399.13746643066,1027200,4122,7388,2419,3340,193,432,151.8773148148148,1228,2283.511574074074,2435.3888888888887,"[9269,9247,10538,10446]",0.9244627388512585,0.06218847352024922,0.04365254881049262,0.7671774426495196,0.662109375,34569,4831,32535,4239,2034,1.0,54.0,6784,0.19624519077786456,934,0.2016946632971607,182,2656,24154,26992,254728470528,0,0,0,0,0,81855,17480,65849,0,81855,351920128,2838,5234,21365,2095.6821899414062,12287.794921875,98304,1122,2838,2419,2622,193,384,100.59635416666667,197,2356.4036458333335,2457.0,"[6233,6114,7489,7156]",1.0,0.21733601888020834,0.17054989957641847,0.7661876035615784,0.6620689630508423,24154,4236,22239,3684,1915,1.0,52.0,5486,0.2271259418729817,934,0.23626184323858743
B8_c40_coverage_s1_rho0.75,8,0.4,coverage,True,0.75,,1842,4732,2671,36566,43969,414943543296,0,0,0,0,0,993139,17471,65770,0,993139,3871711232,7403,5952,63880,5604.949615478516,128399.13746643066,1027200,4129,7403,2418,3341,193,432,157.90046296296296,1791,2282.3981481481483,2440.2986111111113,"[9775,9763,11106,10868]",1.0,0.06218847352024922,0.04365254881049262,0.7671774426495196,0.662109375,36566,4929,34487,4307,2079,1.0,58.0,7046,0.19269266531750806,922,0.1976770283918752,182,2671,24224,27077,255530631168,0,0,0,0,0,81855,17471,65770,0,81855,351907840,2853,5234,21365,2095.6821899414062,12287.794921875,98304,1129,2853,2418,2623,193,384,100.171875,195,2356.828125,2457.0,"[6242,6134,7535,7166]",1.0,0.21733601888020834,0.17054989957641847,0.7661876035615784,0.6620689630508423,24224,4174,22326,3617,1898,1.0,52.0,5413,0.22345607661822986,922,0.23229765685348897
B8_c50_lru_s0_rho0,8,0.5,lru,False,0,,0,5462,4383,0,9845,92909076480,3977953280,1100271616,2877681664,268621,702559,1027200,21918,82323,60405,324641,0,9845,0,0,0.0,128399.13746643066,1027200,0,0,0,0,0,432,0.0,0,2967.462962962963,2967.462962962963,"[1281,1549,1437,2506]",0.31604458722741435,0.0,0.0,,,0,0,0,0,0,,,0,,0,,194,4383,0,4577,43193991168,401383424,120586240,280797184,29440,68554,98304,21918,82323,60405,29750,0,4577,0,0,0.0,12287.794921875,98304,0,0,0,0,0,384,0.0,0,3072.0,3072.0,"[975,1279,1238,1085]",0.3026326497395833,0.0,0.0,,,0,0,0,0,0,,,0,,0,
B8_c50_lru_s0_rho0.125,8,0.5,lru,False,0.125,,384,5462,7589,1950,15001,141567197184,3353788416,971354112,2382434304,237147,581649,1027200,24324,68739,42129,445551,574816256,13051,0,0,0.0,128399.13746643066,1027200,0,0,0,0,0,432,383.91435185185185,384,2613.4583333333335,2997.372685185185,"[2853,2847,2679,3550]",0.43375292056074766,0.0,0.0,,,1950,616,1512,582,438,40.0,284.0,809,0.4148717948717949,403,0.5229476405946994,194,7589,944,8727,82358304768,327036928,99438592,227598336,24277,55566,98304,24324,68739,42129,42738,24997888,7783,0,0,0.0,12287.794921875,98304,0,0,0,0,0,384,384.0,384,2688.0,3072.0,"[2287,2268,2206,1966]",0.43475341796875,0.0,0.0,,,944,392,511,363,433,45.0,239.0,404,0.4279661016949153,403,0.7467652495378928
B8_c50_lru_s0_rho0.25,8,0.5,lru,False,0.25,,768,5462,12716,6853,25031,236222152704,2619670528,822452224,1797218304,200794,438774,1027200,17176,40650,17880,588426,1283637248,18178,0,0,0.0,128399.13746643066,1027200,0,0,0,0,0,432,766.8703703703703,768,2252.324074074074,3019.1944444444443,"[6039,5086,5038,5796]",0.5728446261682243,0.0,0.0,,,6853,1034,5966,1034,887,40.0,139.0,1426,0.20808405078067999,887,0.23902111967817632,194,12716,4622,17532,165452709888,230129664,73285632,156844032,17892,38292,98304,17176,40650,17880,60012,96608256,12910,0,0,0.0,12287.794921875,98304,0,0,0,0,0,384,768.0,768,2304.0,3072.0,"[5121,4160,4248,4003]",0.6104736328125,0.0,0.0,,,4622,765,3735,765,887,42.0,138.0,812,0.17568152315015145,887,0.2174029451137885
B8_c50_lru_s0_rho0.5,8,0.5,lru,False,0.5,,1536,5462,17975,25881,49318,465423040512,1394106368,462749696,931356672,112976,227382,1027200,1685,3889,533,799818,2509135872,23437,0,0,0.0,128399.13746643066,1027200,0,0,0,0,0,432,1525.451388888889,1536,1518.2175925925926,3043.6689814814813,"[11703,10490,11834,12219]",0.7786390186915888,0.0,0.0,,,25881,245,24317,245,1564,27.0,37.0,614,0.023723967389204435,1564,0.02524982522515113,194,17975,19776,37945,358093946880,59121664,18436096,40685568,4501,9933,98304,1685,3889,533,88371,267550720,18169,0,0,0.0,12287.794921875,98304,0,0,0,0,0,384,1531.3802083333333,1536,1540.6197916666667,3072.0,"[9731,8491,9975,9748]",0.898956298828125,0.0,0.0,,,19776,124,18212,124,1564,28.0,35.0,146,0.007382686084142395,1564,0.008016692290797276
B8_c50_lru_s0_rho0.75,8,0.5,lru,False,0.75,,2304,5462,18365,41329,65156,614889160704,0,0,0,0,0,1027200,94,207,0,1027200,3904786432,23827,0,0,0.0,128399.13746643066,1027200,0,0,0,0,0,432,1826.611111111111,2233,1224.423611111111,3051.034722222222,"[15087,14362,16425,16210]",1.0,0.0,0.0,,,41329,16,39596,16,1733,22.0,30.0,65,0.0015727455297732827,1733,0.0016415799575714718,194,18365,27301,45860,432789258240,0,0,0,0,0,98304,94,207,0,98304,328216576,18559,0,0,0.0,12287.794921875,98304,0,0,0,0,0,384,1794.890625,2231,1277.109375,3072.0,"[11125,10283,12412,12040]",1.0,0.0,0.0,,,27301,9,25568,9,1733,23.0,31.0,18,0.0006593165085528003,1733,0.0007040050062578222
B8_c50_lru_s1_rho0,8,0.5,lru,True,0,,0,4739,2005,0,6744,63644368896,3905372160,1080991744,2824380416,263914,689546,1003162,21840,82124,60284,313616,0,6744,3600,53211,4520.646392822266,128399.13746643066,1027200,3371,6744,2405,1148,47,432,0.0,0,2954.564814814815,2954.564814814815,"[573,713,628,1758]",0.3126274719337455,0.05180198598130841,0.035207762933798264,0.7882463618781832,0.6655172109603882,0,0,0,0,0,,,0,,0,,189,2005,0,2194,20705181696,385568768,116297728,269271040,28393,65740,91878,21840,82124,60284,26138,0,2194,2882,10696,1011.3789672851562,12287.794921875,98304,371,2194,2405,430,47,384,0.0,0,3072.0,3072.0,"[481,619,561,533]",0.28448594875813576,0.10880533854166667,0.08230760471796916,0.7916976686859197,0.6653225421905518,0,0,0,0,0,,,0,,0,
B8_c50_lru_s1_rho0.125,8,0.5,lru,True,0.125,,384,4740,2699,1139,8578,80952164352,3418611712,984522752,2434088960,240362,594260,1002151,28677,79097,48975,407891,441143296,7439,3958,54256,4620.142974853516,128399.13746643066,1027200,3450,7439,2683,1208,67,432,383.900462962963,384,2604.7314814814813,2988.6319444444443,"[997,1256,1108,2145]",0.40701550963876704,0.052819314641744546,0.03598266363791914,0.7830787794104485,0.6654860973358154,1139,505,700,92,439,123.0,400.0,682,0.5987708516242318,26,0.6127583108715184,190,2699,318,3207,30265049088,329449472,104185856,225263616,25436,54996,90867,28677,79097,48975,35871,10502144,2889,3240,11741,1110.8755493164062,12287.794921875,98304,450,2889,2683,490,67,384,384.0,384,2688.0,3072.0,"[678,923,813,793]",0.3947637756281158,0.11943562825520833,0.09040479242852609,0.7850035763265174,0.6653225421905518,318,283,48,39,270,263.5,363.0,292,0.9182389937106918,26,1.0
B8_c50_lru_s1_rho0.25,8,0.5,lru,True,0.25,,768,4736,3785,3090,11611,109575143424,2724450304,839372800,1885077504,204925,460224,1000314,33436,73305,35615,540090,1089761280,8521,4474,56247,4823.168853759766,128399.13746643066,1027200,3644,8521,2929,1465,80,432,766.6111111111111,768,2246.002314814815,3012.613425925926,"[1849,2070,1894,2726]",0.5399204649739981,0.054757593457943926,0.03756387269362117,0.7784227679150948,0.6655172109603882,3090,1098,2175,526,915,47.0,353.0,1537,0.49741100323624593,340,0.5589090909090909,186,3785,1157,5128,48393879552,260628480,86601728,174026752,21143,42487,89030,33436,73305,35615,46543,33779712,3971,3756,13732,1313.9014282226562,12287.794921875,98304,644,3971,2929,747,80,384,768.0,768,2304.0,3072.0,"[1217,1419,1293,1199]",0.5227788385937324,0.13968912760416666,0.10692735650101226,0.7791930889359678,0.6655172109603882,1157,744,390,320,767,148.0,335.0,790,0.682800345721694,340,0.966952264381885
B8_c50_lru_s1_rho0.5,8,0.5,lru,True,0.5,,1536,4788,12588,19344,36720,346533396480,1437274112,480456704,956817408,117299,233598,994576,6082,10278,1824,760978,2364694528,17376,5371,61387,5363.805206298828,128399.13746643066,1027200,5991,17376,176,5173,22,432,1526.8449074074074,1536,1510.9189814814815,3037.7638888888887,"[8417,7562,8729,8940]",0.7651280545679767,0.05976148753894081,0.04177446447178174,0.774419468367173,0.6653005480766296,19344,996,17797,996,1547,36.0,47.0,1620,0.0837468982630273,1547,0.091026577513064,238,12588,14119,26945,254284922880,64438272,22183936,42254336,5416,10316,83292,6082,10278,1824,72976,217726976,12826,4653,18872,1854.5377807617188,12287.794921875,98304,2991,12826,176,4455,22,384,1535.4244791666667,1536,1536.5755208333333,3072.0,"[6916,6003,7224,6802]",0.8761465686980743,0.19197591145833334,0.15092518979627745,0.7744235424438959,0.664814829826355,14119,736,12572,736,1547,38.0,46.0,894,0.0633189319356895,1547,0.07111040407254215
B8_c50_lru_s1_rho0.75,8,0.5,lru,True,0.75,,2304,4791,13252,33678,51721,488100593664,0,0,0,0,0,993993,2130,3927,0,993993,3807121408,18043,5419,61880,5407.930816650391,128399.13746643066,1027200,6165,18043,62,5355,2,432,1860.6087962962963,2271,1184.3958333333333,3045.0046296296296,"[11793,11212,12889,12755]",1.0,0.06024143302180685,0.04211812418182535,0.7741916888445193,0.6657142639160156,33678,431,31893,431,1785,28.0,38.0,916,0.027198764772254885,1785,0.02872103596400464,241,13252,21336,34829,328687681536,0,0,0,0,0,82709,2130,3927,0,82709,287318016,13493,4701,19365,1898.6633911132812,12287.794921875,98304,3165,13493,62,4637,2,384,1836.5390625,2263,1235.4609375,3072.0,"[8413,7737,9472,9207]",1.0,0.196990966796875,0.15451620109098985,0.7741609317676688,0.6655172109603882,21336,314,19551,314,1785,31.0,39.0,452,0.02118485189351331,1785,0.023119022044908188
B8_c50_gate_s0_rho0,8,0.5,gate,False,0,,0,5462,4036,0,9498,89634373632,3987357696,1107509248,2879848448,270388,703088,1027200,22868,86446,63578,324112,0,9498,0,0,0.0,128399.13746643066,1027200,0,0,0,0,0,432,0.0,0,2967.462962962963,2967.462962962963,"[1286,1246,1333,2561]",0.3155295950155763,0.0,0.0,,,0,0,0,0,0,,,0,,0,,194,4036,0,4230,39919288320,410787840,127823872,282963968,31207,69083,98304,22868,86446,63578,29221,0,4230,0,0,0.0,12287.794921875,98304,0,0,0,0,0,384,0.0,0,3072.0,3072.0,"[980,976,1134,1140]",0.2972513834635417,0.0,0.0,,,0,0,0,0,0,,,0,,0,
B8_c50_gate_s0_rho0.125,8,0.5,gate,False,0.125,,384,5462,5092,723,11277,106423123968,3649380352,1043480576,2605899776,254756,636206,1027200,27387,83188,54936,390994,306094080,10554,0,0,0.0,128399.13746643066,1027200,0,0,0,0,0,432,383.91435185185185,384,2611.0,2994.9143518518517,"[1811,1718,1767,2909]",0.3806405763239875,0.0,0.0,,,723,458,308,67,415,239.0,432.0,609,0.8423236514522822,3,0.8458333333333333,194,5092,191,5477,51687456768,372912128,119222272,253689856,29107,61936,98304,27387,83188,54936,36368,5992448,5286,0,0,0.0,12287.794921875,98304,0,0,0,0,0,384,384.0,384,2688.0,3072.0,"[1358,1297,1416,1406]",0.3699544270833333,0.0,0.0,,,191,179,19,11,172,232.0,336.0,181,0.9476439790575916,3,0.9627659574468085
B8_c50_gate_s0_rho0.25,8,0.5,gate,False,0.25,,768,5462,6392,1561,13415,126599823360,3305283584,986984448,2318299136,240963,565991,1027200,32272,78683,44453,461209,613494784,11854,0,0,0.0,128399.13746643066,1027200,0,0,0,0,0,432,766.8703703703703,768,2249.5439814814813,3016.4143518518517,"[2452,2270,2303,3318]",0.44899630062305296,0.0,0.0,,,1561,930,736,141,825,224.0,430.0,1281,0.820627802690583,11,0.8264516129032258,194,6392,437,7023,66277343232,328589312,108953600,219635712,26600,53622,98304,32272,78683,44453,44682,13619200,6586,0,0,0.0,12287.794921875,98304,0,0,0,0,0,384,768.0,768,2304.0,3072.0,"[1831,1672,1791,1729]",0.45452880859375,0.0,0.0,,,437,412,43,31,394,238.0,347.0,415,0.9496567505720824,11,0.9741784037558685
B8_c50_gate_s0_rho0.5,8,0.5,gate,False,0.5,,1536,5462,9442,3982,18886,178230657024,2441568256,788533248,1653035008,192513,403573,1027200,43359,67591,20392,623627,1384267776,14904,0,0,0.0,128399.13746643066,1027200,0,0,0,0,0,432,1529.6435185185185,1536,1513.7476851851852,3043.391203703704,"[4182,3594,3583,4455]",0.6071135124610592,0.0,0.0,,,3982,2056,2360,488,1622,145.0,406.0,2692,0.6760421898543445,27,0.6806573957016435,194,9442,1196,10832,102223577088,217640960,76230656,141410304,18611,34524,98304,43359,67591,20392,63780,31625216,9636,0,0,0.0,12287.794921875,98304,0,0,0,0,0,384,1536.0,1536,1536.0,3072.0,"[3119,2559,2618,2536]",0.6488037109375,0.0,0.0,,,1196,1016,294,164,902,197.5,327.0,1053,0.8804347826086957,27,0.9007698887938409
B8_c50_gate_s0_rho0.75,8,0.5,gate,False,0.75,,2304,5462,13199,29656,48317,455976419328,0,0,0,0,0,1027200,48892,49574,0,1027200,3743358976,18661,0,0,0.0,128399.13746643066,1027200,0,0,0,0,0,432,2245.5555555555557,2298,805.4791666666666,3051.034722222222,"[10803,10403,12186,11853]",1.0,0.0,0.0,,,29656,3363,27391,1502,2265,1.0,140.0,4405,0.14853655246830322,322,0.15016704165814412,194,13199,15628,29021,273876516864,0,0,0,0,0,98304,48892,49574,0,98304,166789120,13393,0,0,0.0,12287.794921875,98304,0,0,0,0,0,384,2258.0677083333335,2298,813.9322916666666,3072.0,"[6841,6324,8173,7683]",1.0,0.0,0.0,,,15628,2113,13979,868,1649,1.0,139.3000000000011,2326,0.14883542359866905,322,0.15196654906572585
B8_c50_gate_s1_rho0,8,0.5,gate,True,0,,0,4740,1980,0,6720,63417876480,3919159296,1090576384,2828582912,266254,690572,1004266,22789,86306,63517,313694,0,6720,3428,52017,4398.906280517578,128399.13746643066,1027200,3329,6720,2574,798,56,432,0.0,0,2954.564814814815,2954.564814814815,"[531,584,664,1869]",0.31236146598610326,0.05063960280373832,0.03425962484886358,0.7750034880332101,0.664814829826355,0,0,0,0,0,,,0,,0,,190,1980,0,2170,20478689280,399355904,125882368,273473536,30733,66766,92982,22789,86306,63517,26216,0,2170,2710,9502,889.6388549804688,12287.794921875,98304,329,2170,2574,80,56,384,0.0,0,3072.0,3072.0,"[439,490,597,644]",0.28194704351379835,0.09665934244791667,0.07240020366849664,0.7751652160033968,0.6643518209457397,0,0,0,0,0,,,0,,0,
B8_c50_gate_s1_rho0.125,8,0.5,gate,True,0.125,,384,4740,2659,666,8065,76110888960,3568050176,1029406720,2538643456,251320,619786,1003732,27577,83648,55355,383946,318283776,7399,3665,52700,4464.455841064453,128399.13746643066,1027200,3430,7399,2780,829,56,432,383.900462962963,384,2601.8564814814813,2985.7569444444443,"[960,928,1017,2088]",0.3825184411775255,0.05130451713395639,0.03477013887442713,0.7742554999308566,0.6653225421905518,666,432,250,53,416,308.0,432.0,563,0.8453453453453453,8,0.8556231003039514,190,2659,140,2989,28207742976,361754624,117526528,244228096,28693,59626,92448,27577,83648,55355,32822,4775936,2849,2947,10185,955.1884155273438,12287.794921875,98304,430,2849,2780,111,56,384,384.0,384,2688.0,3072.0,"[716,682,802,789]",0.3550320179993077,0.103607177734375,0.07773472959146613,0.7742219835893963,0.6653137445449829,140,127,12,8,128,232.0,332.0,129,0.9214285714285714,8,0.9772727272727273
B8_c50_gate_s1_rho0.25,8,0.5,gate,True,0.25,,768,4745,3570,1459,9774,92239036416,3234697216,959655936,2275041280,234291,555430,1003213,32591,80121,45669,447783,615387136,8315,3833,53214,4519.584014892578,128399.13746643066,1027200,3548,8315,2927,863,43,432,766.6111111111111,768,2242.8194444444443,3009.4305555555557,"[1452,1386,1451,2413]",0.44634888104520176,0.05180490654205607,0.03519948890680205,0.7700699095062945,0.665413498878479,1459,898,632,120,827,236.0,431.0,1247,0.8546949965729952,7,0.8588154269972452,195,3570,396,4161,39268122624,317603840,107388928,210214912,26218,51322,91929,32591,80121,45669,40607,12677120,3765,3115,10699,1010.3165893554688,12287.794921875,98304,548,3765,2927,145,43,384,768.0,768,2304.0,3072.0,"[1066,980,1073,1042]",0.44172132841649536,0.10883585611979167,0.08222114673779925,0.7690734322725483,0.6653225421905518,396,369,30,14,366,235.0,367.5,374,0.9444444444444444,7,0.961439588688946
B8_c50_gate_s1_rho0.5,8,0.5,gate,True,0.5,,1536,4756,5798,3788,14342,135348092928,2321956864,754413568,1567543296,184183,382701,1001023,44089,69529,22130,618322,1429471232,10554,4462,55462,4740.590728759766,128399.13746643066,1027200,3861,10554,3281,1151,30,432,1527.4814814814815,1536,1509.888888888889,3037.3703703703704,"[2788,2508,2597,3377]",0.6176901030246058,0.05399338006230529,0.036920736558679536,0.7742951580597541,0.6657142639160156,3788,1982,2162,410,1626,152.0,409.0,2594,0.6847940865892291,24,0.6891604675876727,206,5798,1091,7095,66956820480,203620352,74813440,128806912,18265,31447,89739,44089,69529,22130,58292,28004352,6004,3744,12947,1231.3233032226562,12287.794921875,98304,861,6004,3281,433,30,384,1535.9869791666667,1536,1536.0130208333333,3072.0,"[1979,1660,1766,1690]",0.6495726495726496,0.13170369466145834,0.10020701932700941,0.7742763818520256,0.6657142639160156,1091,901,257,116,834,202.0,331.0,938,0.8597616865261228,24,0.8791002811621368
B8_c50_gate_s1_rho0.75,8,0.5,gate,True,0.75,,2304,4777,8931,23335,37043,349581606912,0,0,0,0,0,998315,51011,51612,0,998315,3649277952,13708,4928,57924,4980.460418701172,128399.13746643066,1027200,4337,13708,2942,1968,18,432,2242.6805555555557,2304,802.324074074074,3045.0046296296296,"[8095,7843,9165,8868]",1.0,0.056390186915887854,0.03878889311077568,0.776195705892494,0.6666666269302368,23335,3254,21051,1361,2284,1.0,175.0,4323,0.18525819584315406,309,0.18774428906453575,227,8931,10993,20151,190168694784,0,0,0,0,0,87031,51011,51612,0,87031,129474560,9158,4210,15409,1471.1929931640625,12287.794921875,98304,1337,9158,2942,1250,18,384,2259.4713541666665,2303,812.5286458333334,3072.0,"[4715,4368,5748,5320]",1.0,0.15674845377604166,0.11972799045864711,0.7765031394369528,0.6666666269302368,10993,1914,9412,724,1581,1.0,182.0,2129,0.1936686982625307,309,0.1992699363534257
B8_c50_coverage_s0_rho0,8,0.5,coverage,False,0,,0,5462,6745,0,12207,115199705088,3969187840,1098346496,2870841344,268151,700889,1027200,17825,67155,49330,326311,0,12207,0,0,0.0,128399.13746643066,1027200,0,0,0,0,0,432,0.0,0,2967.462962962963,2967.462962962963,"[2521,1877,1720,3017]",0.3176703660436137,0.0,0.0,,,0,0,0,0,0,,,0,,0,,194,6745,0,6939,65484619776,392617984,118661120,273956864,28970,66884,98304,17825,67155,49330,31420,0,6939,0,0,0.0,12287.794921875,98304,0,0,0,0,0,384,0.0,0,3072.0,3072.0,"[2215,1607,1521,1596]",0.3196207682291667,0.0,0.0,,,0,0,0,0,0,,,0,,0,
B8_c50_coverage_s0_rho0.125,8,0.5,coverage,False,0.125,,384,5462,6936,35921,48319,455995293696,1873702912,559665152,1314037760,136637,320810,1027200,18167,66016,0,706390,2092892160,12398,0,0,0.0,128399.13746643066,1027200,0,0,0,0,0,432,175.29166666666666,384,2822.6805555555557,2997.972222222222,"[10673,10403,11890,12281]",0.687684968847352,0.0,0.0,,,35921,4602,33756,3924,2165,1.0,49.0,6147,0.17112552545864537,1002,0.17603596895672843,194,6936,30487,37617,354998550528,0,0,0,0,0,98304,18167,66016,0,98304,390025216,7130,0,0,0.0,12287.794921875,98304,0,0,0,0,0,384,152.49739583333334,348,2919.5026041666665,3072.0,"[8990,8607,10193,9827]",1.0,0.0,0.0,,,30487,4291,28395,3642,2092,1.0,49.0,5567,0.1826024207039066,1002,0.18880786840766492
B8_c50_coverage_s0_rho0.25,8,0.5,coverage,False,0.25,,768,5462,6870,39205,51537,486364151808,1138081792,343113728,794968064,83768,194084,1027200,18258,66163,0,833116,2828226560,12332,0,0,0.0,128399.13746643066,1027200,0,0,0,0,0,432,202.1712962962963,768,2816.650462962963,3018.821759259259,"[11509,11050,12808,13098]",0.8110552959501558,0.0,0.0,,,39205,4788,36958,4078,2247,1.0,49.0,6555,0.16719806147175106,973,0.17145323289391087,194,6870,30565,37629,355111796736,0,0,0,0,0,98304,18258,66163,0,98304,389738496,7064,0,0,0.0,12287.794921875,98304,0,0,0,0,0,384,157.55208333333334,343,2914.4479166666665,3072.0,"[8937,8389,10266,10037]",1.0,0.0,0.0,,,30565,4283,28484,3621,2081,1.0,49.0,5546,0.18144937019466711,973,0.18741551770748852
B8_c50_coverage_s0_rho0.5,8,0.5,coverage,False,0.5,,1536,5462,6838,42240,54540,514704015360,521007104,155709440,365297664,38015,89184,1027200,18339,66354,0,938016,3445575680,12300,0,0,0.0,128399.13746643066,1027200,0,0,0,0,0,432,233.52777777777777,1536,2810.1388888888887,3043.6666666666665,"[12346,11882,13620,13620]",0.9131775700934579,0.0,0.0,,,42240,4992,39832,4250,2408,1.0,49.0,7049,0.16687973484848484,965,0.17078134463961236,194,6838,30617,37649,355300540416,0,0,0,0,0,98304,18339,66354,0,98304,390012928,7032,0,0,0.0,12287.794921875,98304,0,0,0,0,0,384,161.54166666666666,352,2910.4583333333335,3072.0,"[9004,8422,10259,9964]",1.0,0.0,0.0,,,30617,4315,28503,3642,2114,1.0,49.0,5616,0.18342750759382043,965,0.18939700526102793
B8_c50_coverage_s0_rho0.75,8,0.5,coverage,False,0.75,,2304,5462,6847,44683,56992,537843990528,0,0,0,0,0,1027200,18418,66380,0,1027200,3966406656,12309,0,0,0.0,128399.13746643066,1027200,0,0,0,0,0,432,245.69444444444446,2205,2805.340277777778,3051.034722222222,"[13046,12458,14372,14044]",1.0,0.0,0.0,,,44683,5189,42140,4477,2543,1.0,50.0,7495,0.1677371707360741,997,0.17156526118207205,194,6847,30655,37696,355744088064,0,0,0,0,0,98304,18418,66380,0,98304,389836800,7041,0,0,0.0,12287.794921875,98304,0,0,0,0,0,384,162.8984375,352,2909.1015625,3072.0,"[9084,8379,10359,9874]",1.0,0.0,0.0,,,30655,4324,28534,3695,2121,1.0,49.0,5626,0.1835263415429783,997,0.18969586620810575
B8_c50_coverage_s1_rho0,8,0.5,coverage,True,0,,0,4732,1595,0,6327,59709063168,3878555648,1079373824,2799181824,263519,683394,994087,18668,70560,51892,310693,0,6327,5823,62979,5513.458587646484,128399.13746643066,1027200,3976,6327,2688,2973,162,432,0.0,0,2954.564814814815,2954.564814814815,"[608,523,459,1665]",0.3125410552597509,0.06131133177570094,0.042939997078157564,0.768106614726527,0.662109375,0,0,0,0,0,,,0,,0,,182,1595,0,1777,16769875968,358752256,114679808,244072448,27998,59588,82803,18668,70560,51892,23215,0,1777,5105,20464,2004.191162109375,12287.794921875,98304,976,1777,2688,2255,162,384,0.0,0,3072.0,3072.0,"[516,429,392,440]",0.2803642380107001,0.20817057291666666,0.16310421640757286,0.7672224477852944,0.6620689630508423,0,0,0,0,0,,,0,,0,
B8_c50_coverage_s1_rho0.125,8,0.5,coverage,True,0.125,,384,4732,1700,28631,35063,330895982592,1926758400,563122176,1363636224,137481,332919,993182,18408,68413,0,660263,1947009024,6432,5950,63842,5602.110015869141,128399.13746643066,1027200,4033,6432,2375,3382,193,432,139.10185185185185,384,2850.613425925926,2989.715277777778,"[7343,7438,8363,8847]",0.6647955762387961,0.06215147975077882,0.04363043340017596,0.7671306585764684,0.662109375,28631,4633,26480,3966,2151,1.0,67.0,6245,0.21812021934267053,961,0.22569569931333575,182,1700,24447,26329,248471617536,0,0,0,0,0,81898,18408,68413,0,81898,353964032,1882,5232,21327,2092.8425903320312,12287.794921875,98304,1033,1882,2375,2664,193,384,113.49739583333333,212,2958.5026041666665,3072.0,"[6141,6134,7157,6897]",1.0,0.216949462890625,0.17031880851187606,0.7661340208183006,0.6620689630508423,24447,4335,22346,3678,2101,1.0,65.0,5666,0.231766678938111,961,0.2412501064463936
B8_c50_coverage_s1_rho0.25,8,0.5,coverage,True,0.25,,768,4732,1637,31785,38154,360066318336,1139204096,341438464,797765632,83359,194767,993259,18479,68733,0,798492,2735476736,6369,5945,63786,5596.796539306641,128399.13746643066,1027200,4025,6369,2423,3329,193,432,163.38425925925927,768,2849.546296296296,3012.9305555555557,"[8247,8077,9181,9577]",0.803911165164373,0.06209696261682243,0.04358905090596809,0.767198242702035,0.662109375,31785,4848,29497,4168,2288,1.0,77.0,6687,0.2103822557810288,1012,0.21730088064212133,182,1637,24585,26404,249179406336,0,0,0,0,0,81975,18479,68733,0,81975,354877440,1819,5227,21271,2087.5291137695312,12287.794921875,98304,1025,1819,2423,2611,193,384,116.703125,214,2955.296875,3072.0,"[6209,5958,7164,7073]",1.0,0.21637980143229166,0.1698863894654741,0.7662099351932197,0.6620689630508423,24585,4337,22453,3690,2132,1.0,66.0,5648,0.2297335773845841,1012,0.23959614813557883
B8_c50_coverage_s1_rho0.5,8,0.5,coverage,True,0.5,,1536,4732,1631,34703,41066,387547398144,516382720,153206784,363175936,37404,88666,993127,18207,68656,0,904461,3360018432,6363,5951,63870,5604.124176025391,128399.13746643066,1027200,4023,6363,2368,3390,193,432,188.8564814814815,1536,2848.9074074074074,3037.7638888888887,"[9015,8876,10016,10087]",0.9107203811798491,0.06217873831775701,0.04364612011113051,0.7671572853789332,0.662109375,34703,5023,32268,4299,2435,1.0,92.0,7194,0.20730196236636603,983,0.21334519572953736,182,1631,24639,26452,249632391168,0,0,0,0,0,81843,18207,68656,0,81843,356597760,1813,5233,21355,2094.8567504882812,12287.794921875,98304,1023,1813,2368,2672,193,384,116.0546875,218,2955.9453125,3072.0,"[6237,5994,7204,7017]",1.0,0.21723429361979166,0.17048272402064357,0.7661644914353893,0.6620689630508423,24639,4351,22502,3690,2137,1.0,70.0,5672,0.23020414789561264,983,0.23977003719986473
B8_c50_coverage_s1_rho0.75,8,0.5,coverage,True,0.75,,2304,4732,1589,36970,43291,408545132544,0,0,0,0,0,993127,18408,68720,0,993127,3876024320,6321,5951,63870,5604.124176025391,128399.13746643066,1027200,4018,6321,2368,3390,193,432,201.07638888888889,2196,2843.928240740741,3045.0046296296296,"[9543,9463,10706,10507]",1.0,0.06217873831775701,0.04364612011113051,0.7671572853789332,0.662109375,36970,5294,34386,4531,2584,1.0,97.0,7736,0.20925074384636191,1006,0.21510399288177065,182,1589,24628,26399,249132220416,0,0,0,0,0,81843,18408,68720,0,81843,356220928,1771,5233,21355,2094.8567504882812,12287.794921875,98304,1018,1771,2368,2672,193,384,119.48697916666667,216,2952.5130208333335,3072.0,"[6163,5988,7289,6959]",1.0,0.21723429361979166,0.17048272402064357,0.7661644914353893,0.6620689630508423,24628,4380,22452,3707,2176,1.0,76.0,5743,0.23318986519408802,1006,0.24312081957497247
B8_c60_lru_s0_rho0,8,0.6,lru,False,0,,0,5462,2704,0,8166,77064044544,3983712256,1100886016,2882826240,268771,703815,1027200,23342,87455,64113,323385,0,8166,0,0,0.0,128399.13746643066,1027200,0,0,0,0,0,432,0.0,0,3534.3680555555557,3534.3680555555557,"[731,963,790,1996]",0.31482184579439254,0.0,0.0,,,0,0,0,0,0,,,0,,0,,194,2704,0,2898,27348959232,407142400,121200640,285941760,29590,69810,98304,23342,87455,64113,28494,0,2898,0,0,0.0,12287.794921875,98304,0,0,0,0,0,384,0.0,0,3686.0,3686.0,"[579,847,744,728]",0.28985595703125,0.0,0.0,,,0,0,0,0,0,,,0,,0,
B8_c60_lru_s0_rho0.125,8,0.6,lru,False,0.125,,460,5462,3917,1398,10777,101704531968,3416088576,993193984,2422894592,242479,591527,1027200,31349,84445,51078,435673,517844992,9379,0,0,0.0,128399.13746643066,1027200,0,0,0,0,0,432,459.7384259259259,460,3117.5856481481483,3577.324074074074,"[1363,1737,1471,2520]",0.4241364875389408,0.0,0.0,,,1398,615,874,150,524,112.0,395.0,829,0.5929899856938483,58,0.6186567164179104,194,3917,417,4528,42731569152,344281088,107368448,236912640,26213,57840,98304,31349,84445,51078,40464,13082624,4111,0,0,0.0,12287.794921875,98304,0,0,0,0,0,384,460.0,460,3226.0,3686.0,"[947,1341,1150,1090]",0.41162109375,0.0,0.0,,,417,350,66,58,351,239.0,333.80000000000007,356,0.8537170263788969,58,0.9916434540389972
B8_c60_lru_s0_rho0.25,8,0.6,lru,False,0.25,,921,5462,7123,4492,17077,161158791168,2735493120,844029952,1891463168,206062,461783,1027200,33448,71433,33514,565417,1152114688,12585,0,0,0.0,128399.13746643066,1027200,0,0,0,0,0,432,919.1620370370371,921,2689.4328703703704,3608.5949074074074,"[3108,3271,3108,3904]",0.5504448987538941,0.0,0.0,,,4492,1384,3440,1294,1052,40.0,287.0,1849,0.4116206589492431,960,0.5234994337485843,194,7123,2294,9611,90700775424,258523136,84283392,174239744,20577,42539,98304,33448,71433,33514,55765,52514816,7317,0,0,0.0,12287.794921875,98304,0,0,0,0,0,384,921.0,921,2765.0,3686.0,"[2357,2523,2457,2274]",0.5672709147135416,0.0,0.0,,,2294,1008,1251,927,1043,46.0,287.0,1052,0.45858761987794244,960,0.7886056971514243
B8_c60_lru_s0_rho0.5,8,0.6,lru,False,0.5,,1843,5462,17356,25095,47913,452163796992,1474768896,489054208,985714688,119398,240653,1027200,6506,8997,1230,786547,2414166016,22818,0,0,0.0,128399.13746643066,1027200,0,0,0,0,0,432,1831.7291666666667,1843,1812.3773148148148,3644.1064814814813,"[11086,10011,11447,11683]",0.7657194314641744,0.0,0.0,,,25095,1177,23231,1177,1864,32.0,43.0,1869,0.07447698744769875,1864,0.08045284318367699,194,17356,19163,36713,346467336192,55554048,17850368,37703680,4358,9205,98304,6506,8997,1230,89099,256811008,17550,0,0,0.0,12287.794921875,98304,0,0,0,0,0,384,1841.4427083333333,1843,1844.5572916666667,3686.0,"[9356,8229,9778,9350]",0.9063618977864584,0.0,0.0,,,19163,971,17299,971,1864,33.0,42.0,1214,0.0633512498043104,1864,0.07017746690560148
B8_c60_lru_s0_rho0.75,8,0.6,lru,False,0.75,,2764,5462,17978,41150,64590,609547714560,0,0,0,0,0,1027200,2022,4117,0,1027200,3900760064,23440,0,0,0.0,128399.13746643066,1027200,0,0,0,0,0,432,2193.733796296296,2681,1460.6157407407406,3654.349537037037,"[14756,13952,16139,16057]",1.0,0.0,0.0,,,41150,404,39070,404,2080,26.0,36.0,933,0.02267314702308627,2080,0.023880214998720246,194,17978,27122,45294,427447812096,0,0,0,0,0,98304,2022,4117,0,98304,324190208,18172,0,0,0.0,12287.794921875,98304,0,0,0,0,0,384,2161.1432291666665,2676,1524.8567708333333,3686.0,"[10948,10027,12279,12040]",1.0,0.0,0.0,,,27122,310,25042,310,2080,28.0,36.0,449,0.016554826340240397,2080,0.01792987780528712
B8_c60_lru_s1_rho0,8,0.6,lru,True,0,,0,4737,1183,0,5920,55868129280,3913711616,1082896384,2830815232,264379,691117,1004520,23124,86690,63566,313403,0,5920,3107,51598,4364.227691650391,128399.13746643066,1027200,3263,5920,2072,983,52,432,0.0,0,3502.011574074074,3502.011574074074,"[247,307,257,1423]",0.31199279257754947,0.05023169781931464,0.03398954056674561,0.7898303169624039,0.667119562625885,0,0,0,0,0,,,0,,0,,187,1183,0,1370,12928942080,393908224,118202368,275705856,28858,67311,93236,23124,86690,63566,25925,0,1370,2389,9083,854.9602661132812,12287.794921875,98304,263,1370,2072,265,52,384,0.0,0,3673.484375,3673.484375,"[247,307,257,351]",0.2780578317388133,0.09239705403645833,0.06957800578127019,0.7944698925046254,0.6672169804573059,0,0,0,0,0,,,0,,0,
B8_c60_lru_s1_rho0.125,8,0.6,lru,True,0.125,,460,4739,1751,1160,7650,72194457600,3326205952,968806400,2357399552,236525,575537,1003643,29161,83921,53825,428106,547082240,6490,3385,52529,4454.577789306641,128399.13746643066,1027200,3326,6490,2198,1147,40,432,459.724537037037,460,3105.1944444444443,3564.9189814814813,"[669,869,698,1728]",0.42655207080605356,0.05113804517133956,0.03469320649035722,0.7932551650916456,0.6674418449401855,1160,514,651,19,509,119.0,395.0,663,0.571551724137931,8,0.5755208333333334,189,1751,182,2122,20025704448,347877376,108371968,239505408,26458,58473,92359,29161,83921,53825,33886,5607424,1940,2667,10014,945.3103637695312,12287.794921875,98304,326,1940,2198,429,40,384,460.0,460,3226.0,3686.0,"[469,628,509,516]",0.3668944011953356,0.10186767578125,0.07693083826510395,0.7983331504411629,0.668648076057434,182,167,1,0,181,119.0,234.9,174,0.9560439560439561,8,1.0
B8_c60_lru_s1_rho0.25,8,0.6,lru,True,0.25,,921,4737,2479,2665,9881,93248815104,2735480832,831053824,1904427008,202894,464948,1002547,38082,80502,39411,537599,1080463360,7216,3827,53775,4573.147979736328,128399.13746643066,1027200,3408,7216,2580,1187,60,432,918.6342592592592,921,2681.1643518518517,3599.7986111111113,"[1203,1473,1259,2260]",0.536233214003932,0.05235105140186916,0.0356166565443787,0.7854691112916775,0.6656354427337646,2665,1161,1629,219,1036,117.0,400.0,1573,0.5902439024390244,83,0.6092176607281178,187,2479,700,3366,31765561344,275656704,92221440,183435264,22515,44784,91263,38082,80502,39411,46479,20484096,2666,3109,11260,1063.8805541992188,12287.794921875,98304,408,2666,2580,469,60,384,921.0,921,2765.0,3686.0,"[730,973,801,862]",0.5092863482462773,0.11454264322916667,0.08658026610659618,0.7880270399821844,0.6653953075408936,700,592,95,81,605,236.0,330.0,617,0.8814285714285715,83,1.0
B8_c60_lru_s1_rho0.5,8,0.6,lru,True,0.5,,1843,4772,7477,14547,26796,252878782464,1410727936,472248320,938479616,115295,229121,997511,30755,50278,8713,768390,2350116864,12249,4999,58722,5079.930328369141,128399.13746643066,1027200,4656,12249,1986,2975,38,432,1829.9930555555557,1843,1806.4421296296296,3636.435185185185,"[5507,5016,6174,6413]",0.7703072948568989,0.057167056074766354,0.039563586084815125,0.7755847020515515,0.6653225421905518,14547,2711,12674,2711,1873,41.0,143.0,4194,0.28830686739533923,1873,0.3309136815527852,222,7477,9101,16800,158544691200,93761536,33591296,60170240,8201,14690,86227,30755,50278,8713,71537,147279872,7699,4281,16207,1570.6629028320312,12287.794921875,98304,1656,7699,1986,2257,38,384,1842.8098958333333,1843,1843.1901041666667,3686.0,"[4088,3556,4762,4394]",0.8296357289480093,0.16486612955729166,0.12782300753049702,0.7757845606043138,0.664814829826355,9101,2300,7228,2300,1873,44.0,144.0,2718,0.29864850016481703,1873,0.37603763143331487
B8_c60_lru_s1_rho0.75,8,0.6,lru,True,0.75,,2764,4788,12340,33202,50330,474973470720,0,0,0,0,0,994363,6996,12881,0,994363,3797110784,17128,5398,61588,5379.261749267578,128399.13746643066,1027200,5902,17128,416,4970,12,432,2241.9814814814813,2718,1404.6226851851852,3646.6041666666665,"[11401,10438,12556,12249]",1.0,0.05995716510903427,0.04189484334093724,0.7737855825127385,0.6653862118721008,33202,1208,31053,1208,2149,34.0,45.0,2245,0.06761640865008132,2149,0.07229575242327634,238,12340,20860,33438,315560558592,0,0,0,0,0,83079,6996,12881,0,83079,277307392,12578,4680,19073,1869.9943237304688,12287.794921875,98304,2902,12578,416,4252,12,384,2220.0859375,2718,1465.9140625,3686.0,"[8175,7117,9292,8854]",1.0,0.19402058919270834,0.1521830674762861,0.7736923830758812,0.6653005480766296,20860,947,18711,947,2149,37.0,45.0,1214,0.058197507190795784,2149,0.06488162043717599
B8_c60_gate_s0_rho0,8,0.6,gate,False,0,,0,5462,2591,0,8053,75997642752,3992756224,1108312064,2884444160,270584,704210,1027200,24022,90863,66841,322990,0,8053,0,0,0.0,128399.13746643066,1027200,0,0,0,0,0,432,0.0,0,3534.3680555555557,3534.3680555555557,"[692,775,787,2113]",0.31443730529595015,0.0,0.0,,,0,0,0,0,0,,,0,,0,,194,2591,0,2785,26282557440,416186368,128626688,287559680,31403,70205,98304,24022,90863,66841,28099,0,2785,0,0,0.0,12287.794921875,98304,0,0,0,0,0,384,0.0,0,3686.0,3686.0,"[540,659,741,845]",0.2858378092447917,0.0,0.0,,,0,0,0,0,0,,,0,,0,
B8_c60_gate_s0_rho0.125,8,0.6,gate,False,0.125,,460,5462,3573,771,9806,92541026304,3653795840,1048903680,2604892160,256080,635960,1027200,28654,87936,58511,391240,307343360,9035,0,0,0.0,128399.13746643066,1027200,0,0,0,0,0,432,459.7384259259259,460,3113.9375,3573.675925925926,"[1204,1241,1267,2408]",0.380880062305296,0.0,0.0,,,771,497,285,51,486,303.0,432.0,676,0.8767833981841764,6,0.8836601307189542,194,3573,171,3938,37163630592,379445248,120537088,258908160,29428,63210,98304,28654,87936,58511,35094,5124096,3767,0,0,0.0,12287.794921875,98304,0,0,0,0,0,384,460.0,460,3226.0,3686.0,"[890,946,1043,1059]",0.35699462890625,0.0,0.0,,,171,159,7,3,164,239.0,335.0,161,0.9415204678362573,6,0.9757575757575757
B8_c60_gate_s0_rho0.25,8,0.6,gate,False,0.25,,921,5462,4842,1670,11974,113000841216,3297026048,980553728,2316472320,239393,565545,1027200,34513,83961,47617,461655,623472640,10304,0,0,0.0,128399.13746643066,1027200,0,0,0,0,0,432,919.1620370370371,921,2685.5324074074074,3604.6944444444443,"[1876,1778,1795,2839]",0.4494304906542056,0.0,0.0,,,1670,1025,688,112,982,250.0,431.0,1425,0.8532934131736527,6,0.8563701923076923,194,4842,418,5454,51470401536,331325440,109604864,221720576,26759,54131,98304,34513,83961,47617,44173,12603392,5036,0,0,0.0,12287.794921875,98304,0,0,0,0,0,384,921.0,921,2765.0,3686.0,"[1371,1297,1397,1389]",0.4493509928385417,0.0,0.0,,,418,395,24,11,394,237.0,351.6,403,0.9641148325358851,6,0.9781553398058253
B8_c60_gate_s0_rho0.5,8,0.6,gate,False,0.5,,1843,5462,8104,4404,17970,169586196480,2353160192,767021056,1586139136,187261,387241,1027200,47071,72837,21805,639959,1466773504,13566,0,0,0.0,128399.13746643066,1027200,0,0,0,0,0,432,1833.298611111111,1843,1810.3402777777778,3643.6388888888887,"[3618,3291,3264,4111]",0.6230130451713396,0.0,0.0,,,4404,2328,2455,458,1949,167.0,410.0,3089,0.7014078110808356,42,0.7081613938560294,194,8104,1282,9580,90408222720,211136512,75292672,135843840,18382,33165,98304,47071,72837,21805,65139,32227328,8298,0,0,0.0,12287.794921875,98304,0,0,0,0,0,384,1843.0,1843,1843.0,3686.0,"[2637,2297,2349,2297]",0.662628173828125,0.0,0.0,,,1282,1081,274,137,1008,206.5,331.0,1117,0.8712948517940717,42,0.9008064516129032
B8_c60_gate_s0_rho0.75,8,0.6,gate,False,0.75,,2764,5462,12205,28016,45683,431118876672,0,0,0,0,0,1027200,54280,55123,0,1027200,3725910016,17667,0,0,0.0,128399.13746643066,1027200,0,0,0,0,0,432,2688.5208333333335,2758,965.8287037037037,3654.349537037037,"[9986,9647,11337,11027]",1.0,0.0,0.0,,,28016,3828,25291,1576,2725,1.0,178.0,5179,0.18485865219874356,370,0.18733270635896693,194,12205,13988,26387,249018974208,0,0,0,0,0,98304,54280,55123,0,98304,149340160,12399,0,0,0.0,12287.794921875,98304,0,0,0,0,0,384,2708.3515625,2758,977.6484375,3686.0,"[6178,5722,7477,7010]",1.0,0.0,0.0,,,13988,2324,12113,922,1875,1.0,170.0,2633,0.1882327709465256,370,0.19334704068145103
B8_c60_gate_s1_rho0,8,0.6,gate,True,0,,0,4740,1105,0,5845,55160340480,3924107264,1090605056,2833502208,266261,691773,1005015,23680,89620,65940,313242,0,5845,3082,51108,4308.562164306641,128399.13746643066,1027200,3208,5845,2266,774,42,432,0.0,0,3493.5324074074074,3493.5324074074074,"[160,259,245,1495]",0.3116789301652214,0.04975467289719626,0.03355600551002995,0.7751162639691566,0.6649214625358582,0,0,0,0,0,,,0,,0,,190,1105,0,1295,12221153280,404303872,125911040,278392832,30740,67967,93731,23680,89620,65940,25764,0,1295,2364,8593,799.2947387695312,12287.794921875,98304,208,1295,2266,56,42,384,0.0,0,3663.9453125,3663.9453125,"[160,259,245,423]",0.27487170733268607,0.08741251627604167,0.06504785796405256,0.7753359153740701,0.6644365072250367,0,0,0,0,0,,,0,,0,
B8_c60_gate_s1_rho0.125,8,0.6,gate,True,0.125,,460,4740,1730,682,7152,67494739968,3592712192,1030594560,2562117632,251610,625517,1004655,28268,87587,58773,379138,301305856,6470,3271,51573,4352.674713134766,128399.13746643066,1027200,3287,6470,2458,766,47,432,459.724537037037,460,3100.590277777778,3560.314814814815,"[492,586,618,1770]",0.3773812900946096,0.050207359813084114,0.03389956349412979,0.7745199042042983,0.6649214625358582,682,462,186,27,496,395.5,432.0,619,0.907624633431085,2,0.9102941176470588,190,1730,105,2025,19110297600,370950144,118890496,252059648,29026,61538,93371,28268,87587,58773,31833,3264512,1920,2553,9058,843.4072875976562,12287.794921875,98304,287,1920,2458,48,47,384,460.0,460,3226.0,3686.0,"[401,472,536,616]",0.3409302674277881,0.09214274088541667,0.06863780629152626,0.7745555758102707,0.6643518209457397,105,101,0,0,105,242.0,334.40000000000003,103,0.9809523809523809,2,1.0
B8_c60_gate_s1_rho0.25,8,0.6,gate,True,0.25,,921,4740,2554,1554,8848,83500204032,3217772544,951967744,2265804800,232414,553175,1004207,34224,84573,48627,451032,635658240,7294,3462,52026,4393.049591064453,128399.13746643066,1027200,3404,7294,2638,769,55,432,918.6342592592592,921,2676.4305555555557,3595.064814814815,"[1017,1029,1064,2052]",0.44914245768053795,0.050648364485981305,0.03421401169624675,0.768561366921832,0.6643518209457397,1554,996,556,97,998,300.5,431.0,1372,0.8828828828828829,11,0.8891769280622165,190,2554,366,3110,29349642240,322433024,107077632,215355392,26142,52577,92923,34224,84573,48627,40346,11194368,2744,2744,9511,883.7821655273438,12287.794921875,98304,404,2744,2638,51,55,384,921.0,921,2765.0,3686.0,"[744,746,804,816]",0.4341874455194085,0.09675089518229167,0.07192357710609375,0.7670354339193672,0.6641294658184052,366,342,16,8,350,237.5,332.5,348,0.9508196721311475,11,0.9802816901408451
B8_c60_gate_s1_rho0.5,8,0.6,gate,True,0.5,,1843,4748,4855,4147,13750,129761280000,2222247936,723849216,1498398720,176721,365820,1002024,48184,74241,22619,636204,1521045504,9603,4191,54445,4643.181793212891,128399.13746643066,1027200,3719,9603,3147,1011,33,432,1830.3125,1843,1805.5046296296296,3635.8171296296296,"[2417,2255,2324,3068]",0.6349189240976264,0.053003309968847355,0.036162094892785615,0.7738637419169059,0.6666666269302368,4147,2211,2190,332,1957,192.0,413.0,2969,0.7159392331806125,24,0.7201067184089256,198,4855,1135,6188,58397294592,194138112,71757824,122380288,17519,29878,90740,48184,74241,22619,60862,29351936,5053,3473,11930,1133.9143676757812,12287.794921875,98304,719,5053,3147,293,33,384,1842.984375,1843,1843.015625,3686.0,"[1674,1489,1557,1468]",0.6707295569759754,0.12135823567708333,0.09227972755772171,0.7737543106147751,0.6666666269302368,1135,948,224,85,911,220.0,343.0000000000001,983,0.866079295154185,24,0.8847884788478848
B8_c60_gate_s1_rho0.75,8,0.6,gate,True,0.75,,2764,4773,8116,22058,34947,329801269248,49152,24576,24576,6,6,999279,56371,57177,0,999273,3634606080,12889,4789,56971,4886.927093505859,128399.13746643066,1027200,4217,12889,3084,1686,19,432,2681.928240740741,2764,964.675925925926,3646.6041666666665,"[7408,7204,8479,8170]",0.9999939956708787,0.05546242211838006,0.03806043552888759,0.7763952048568145,0.6672413349151611,22058,3715,19319,1426,2739,2.0,203.0,5022,0.22767249977332488,350,0.23134328358208955,223,8116,9718,18057,170407231488,0,0,0,0,0,87995,56371,57177,0,87995,114851840,8339,4071,14456,1377.65966796875,12287.794921875,98304,1217,8339,3084,968,19,384,2706.9557291666665,2763,979.0442708333334,3686.0,"[4182,3883,5216,4776]",1.0,0.14705403645833334,0.11211610193104787,0.7767483209163953,0.6672413349151611,9718,2114,7922,767,1796,1.0,205.0,2361,0.24295122453179666,350,0.2520281810418446
B8_c60_coverage_s0_rho0,8,0.6,coverage,False,0,,0,5462,4225,0,9687,91418001408,3979698176,1100763136,2878935040,268741,702865,1027200,22226,83736,61510,324335,0,9687,0,0,0.0,128399.13746643066,1027200,0,0,0,0,0,432,0.0,0,3534.3680555555557,3534.3680555555557,"[1420,1156,1022,2403]",0.31574669003115263,0.0,0.0,,,0,0,0,0,0,,,0,,0,,194,4225,0,4419,41702916096,403128320,121077760,282050560,29560,68860,98304,22226,83736,61510,29444,0,4419,0,0,0.0,12287.794921875,98304,0,0,0,0,0,384,0.0,0,3686.0,3686.0,"[1268,1040,976,1135]",0.2995198567708333,0.0,0.0,,,0,0,0,0,0,,,0,,0,
B8_c60_coverage_s0_rho0.125,8,0.6,coverage,False,0.125,,460,5462,6184,30577,42223,398466220032,2624278528,802009088,1822269440,195803,444890,1027200,22975,69819,3030,582310,1324167168,11646,0,0,0.0,128399.13746643066,1027200,0,0,0,0,0,432,332.03472222222223,460,3246.0856481481483,3578.1203703703704,"[8820,8564,10210,10943]",0.5668905763239875,0.0,0.0,,,30577,4431,28210,3646,2367,1.0,68.0,5895,0.1927919678189489,1024,0.19947213480864887,194,6184,28770,35148,331698143232,19226624,6000640,13225984,1465,3229,98304,22975,69819,3030,95075,352649216,6378,0,0,0.0,12287.794921875,98304,0,0,0,0,0,384,316.3333333333333,460,3369.6666666666665,3686.0,"[8191,7908,9670,9379]",0.9671529134114584,0.0,0.0,,,28770,4081,26442,3312,2328,1.0,51.0,5381,0.1870351060132082,1024,0.1939378649174656
B8_c60_coverage_s0_rho0.25,8,0.6,coverage,False,0.25,,921,5462,6159,37803,49424,466423382016,1408884736,424103936,984780800,103541,240425,1027200,21130,69481,0,786775,2548641792,11621,0,0,0.0,128399.13746643066,1027200,0,0,0,0,0,432,305.46527777777777,921,3302.9675925925926,3608.4328703703704,"[10589,10343,12230,12576]",0.7659413940809969,0.0,0.0,,,37803,4797,35279,3964,2524,1.0,55.0,6616,0.17501256514033278,1000,0.17976795369942666,194,6159,30347,36700,346344652800,0,0,0,0,0,98304,21130,69481,0,98304,380956672,6353,0,0,0.0,12287.794921875,98304,0,0,0,0,0,384,249.78385416666666,380,3436.2161458333335,3686.0,"[8493,8157,10151,9899]",1.0,0.0,0.0,,,30347,4299,28045,3526,2302,1.0,51.0,5646,0.1860480442877385,1000,0.19238763757794664
B8_c60_coverage_s0_rho0.5,8,0.6,coverage,False,0.5,,1843,5462,6136,41546,53144,501529706496,623661056,189657088,434003968,46303,105958,1027200,21379,69511,0,921242,3334803456,11598,0,0,0.0,128399.13746643066,1027200,0,0,0,0,0,432,351.0925925925926,1843,3293.0046296296296,3644.097222222222,"[11737,11194,13316,13211]",0.8968477414330218,0.0,0.0,,,41546,5182,38759,4265,2787,1.0,66.0,7400,0.17811582342463775,992,0.18247275237954333,194,6136,30344,36674,346099286016,0,0,0,0,0,98304,21379,69511,0,98304,381894656,6330,0,0,0.0,12287.794921875,98304,0,0,0,0,0,384,257.7838541666667,386,3428.2161458333335,3686.0,"[8660,8011,10211,9792]",1.0,0.0,0.0,,,30344,4429,27979,3617,2365,1.0,52.0,5811,0.19150408647508568,992,0.19797628781684382
B8_c60_coverage_s0_rho0.75,8,0.6,coverage,False,0.75,,2764,5462,6144,44346,55952,528029319168,0,0,0,0,0,1027200,21497,69479,0,1027200,3958075392,11606,0,0,0.0,128399.13746643066,1027200,0,0,0,0,0,432,374.2962962962963,2676,3280.053240740741,3654.349537037037,"[12469,11915,14140,13742]",1.0,0.0,0.0,,,44346,5460,41340,4491,3006,1.0,87.0,8046,0.1814368826951698,986,0.18556273062730627,194,6144,30318,36656,345929416704,0,0,0,0,0,98304,21497,69479,0,98304,381505536,6338,0,0,0.0,12287.794921875,98304,0,0,0,0,0,384,267.3802083333333,386,3418.6197916666665,3686.0,"[8661,7990,10280,9725]",1.0,0.0,0.0,,,30318,4454,27962,3629,2356,1.0,52.29999999999927,5804,0.19143742990962465,986,0.197872630574117
B8_c60_coverage_s1_rho0,8,0.6,coverage,True,0,,0,4732,759,0,5491,51819577344,3908374528,1086103552,2822270976,265162,689031,1000974,22558,85183,62625,311943,0,5491,4370,56110,4808.404327392578,128399.13746643066,1027200,3379,5491,3302,989,79,432,0.0,0,3489.703703703704,3489.703703703704,"[151,184,122,1348]",0.3116394631628794,0.05462422118380062,0.037448883398065756,0.7701928440302406,0.662857174873352,0,0,0,0,0,,,0,,0,,182,759,0,941,8880390144,388571136,121409536,267161600,29641,65225,89690,22558,85183,62625,24465,0,941,3652,13595,1299.1369018554688,12287.794921875,98304,379,941,3302,271,79,384,0.0,0,3659.6380208333335,3659.6380208333335,"[151,184,122,276]",0.2727728843795295,0.13829549153645834,0.10572579621610684,0.7693670610086288,0.6620730042457581,0,0,0,0,0,,,0,,0,
B8_c60_coverage_s1_rho0.125,8,0.6,coverage,True,0.125,,460,4732,1068,24776,30576,288551337984,2638012416,786210816,1851801600,191946,452100,993962,24011,72152,1340,541862,1217171456,5800,5870,63172,5532.008575439453,128399.13746643066,1027200,3885,5800,2640,3016,214,432,329.4537037037037,460,3237.3611111111113,3566.814814814815,"[6071,5910,7102,7807]",0.5451536376642165,0.06149922118380062,0.04308446835856487,0.7676256469100257,0.6620689630508423,24776,4582,22399,3829,2377,1.0,97.0,6034,0.24354213755247014,1067,0.25450250959551224,182,1068,23197,24447,230710837248,8818688,3059712,5758976,747,1406,82678,24011,72152,1340,81272,326561792,1250,5152,20657,2022.7411499023438,12287.794921875,98304,885,1250,2640,2298,214,384,313.4713541666667,460,3372.5286458333335,3686.0,"[5709,5504,6747,6487]",0.9829942669150197,0.21013387044270834,0.16461384347336527,0.7666825166446452,0.6616847515106201,23197,4247,20854,3508,2343,1.0,97.0,5539,0.23878087683752208,1067,0.2502937189335743
B8_c60_coverage_s1_rho0.25,8,0.6,coverage,True,0.25,,921,4732,958,30596,36286,342437658624,1371926528,411967488,959959040,100578,234365,993702,21692,72148,0,759337,2493870080,5690,5895,63350,5547.880645751953,128399.13746643066,1027200,3909,5690,2721,2985,189,432,275.31481481481484,921,3325.0,3600.314814814815,"[7522,7320,8698,9060]",0.7641496142706767,0.061672507788161995,0.04320808344372578,0.7676960400345975,0.662109375,30596,4982,28001,4172,2595,1.0,97.0,6798,0.22218590665446464,1056,0.23012863913337847,182,958,24452,25592,241516412928,0,0,0,0,0,82418,21692,72148,0,82418,345993216,1140,5177,20835,2038.6132202148438,12287.794921875,98304,909,1140,2721,2267,189,384,215.94791666666666,316,3470.0520833333335,3686.0,"[5924,5645,7115,6908]",1.0,0.211944580078125,0.1659055374195463,0.7667672270417835,0.6620689630508423,24452,4422,22074,3650,2378,1.0,88.0,5740,0.23474562407982988,1056,0.24534108394597368
B8_c60_coverage_s1_rho0.5,8,0.6,coverage,True,0.5,,1843,4732,964,34173,39869,376251088896,609275904,183177216,426098688,44721,104028,993356,20663,71393,0,889328,3261267968,5696,5925,63634,5577.588165283203,128399.13746643066,1027200,3933,5696,2594,3140,191,432,283.0162037037037,1843,3353.4189814814813,3636.435185185185,"[8510,8277,9732,9664]",0.8952762151736134,0.06194898753894081,0.043439451972498155,0.7673313993341309,0.662109375,34173,5353,31355,4508,2818,1.0,97.0,7657,0.2240657829280426,1075,0.23134328358208955,182,964,24572,25718,242705498112,0,0,0,0,0,82072,20663,71393,0,82072,350740480,1146,5207,21119,2068.3207397460938,12287.794921875,98304,933,1146,2594,2422,191,384,184.09375,243,3501.90625,3686.0,"[6008,5680,7202,6828]",1.0,0.21483357747395834,0.16832318189686127,0.7663576568938135,0.6620689630508423,24572,4606,22218,3846,2354,1.0,87.90000000000146,5967,0.24283737587497964,1075,0.2539473124228625
B8_c60_coverage_s1_rho0.75,8,0.6,coverage,True,0.75,,2764,4732,958,36988,42678,402760138752,0,0,0,0,0,993370,20636,71453,0,993370,3871031296,5690,5922,63620,5576.334259033203,128399.13746643066,1027200,3929,5690,2598,3133,191,432,300.6041666666667,2649,3346.0,3646.6041666666665,"[9316,8955,10544,10177]",1.0,0.06193535825545171,0.043429686281896626,0.7673456094547608,0.662109375,36988,5604,33914,4706,3074,1.0,97.0,8320,0.22493781767059587,1052,0.2315227070347284,182,958,24646,25786,243347226624,0,0,0,0,0,82086,20636,71453,0,82086,351227904,1140,5204,21105,2067.0668334960938,12287.794921875,98304,929,1140,2598,2415,191,384,189.578125,244,3496.421875,3686.0,"[6090,5634,7280,6782]",1.0,0.214691162109375,0.16822113704194855,0.7663732662533541,0.6620689630508423,24646,4624,22244,3838,2402,1.0,89.0,6008,0.2437718088127891,1052,0.2546410104263796
B32_c30_lru_s0_rho0,32,0.3,lru,False,0,,0,5692,24671,0,30363,286541217792,16263438336,4406497280,11856941056,1075805,2894761,4070016,1528,5818,4290,1175255,0,30363,0,0,0.0,508749.99809265137,4070016,0,0,0,0,0,432,0.0,0,1804.6990740740741,1804.6990740740741,"[9355,7511,5506,6148]",0.28875930708871905,0.0,0.0,,,0,0,0,0,0,,,0,,0,,130,24671,0,24801,234051600384,1467256832,402190336,1065066496,98191,260026,393216,1528,5818,4290,133190,0,24801,0,0,0.0,49151.819427490234,393216,0,0,0,0,0,384,0.0,0,1843.0,1843.0,"[7917,6919,5307,4658]",0.3387196858723958,0.0,0.0,,,0,0,0,0,0,,,0,,0,
B32_c30_lru_s0_rho0.125,32,0.3,lru,False,0.125,,230,5692,24863,4863,35418,334246182912,12802830336,3828322304,8974508032,934649,2191042,4070016,620,2417,1439,1878974,3458277376,30555,0,0,0.0,508749.99809265137,4070016,0,0,0,0,0,432,230.0,230,1587.023148148148,1817.023148148148,"[10317,9001,6800,7457]",0.4616625585747083,0.0,0.0,,,4863,22,4612,22,251,23.0,32.0,23,0.004729590787579683,251,0.004986990459670425,130,24863,3854,28847,272234446848,1073909760,313192448,760717312,76463,185722,393216,620,2417,1439,207494,391016448,24993,0,0,0.0,49151.819427490234,393216,0,0,0,0,0,384,230.0,230,1613.0,1843.0,"[8641,8129,6313,5764]",0.5276845296223959,0.0,0.0,,,3854,7,3603,7,251,23.0,31.0,7,0.0018162947586922678,251,0.0019428254232583958
B32_c30_lru_s0_rho0.25,32,0.3,lru,False,0.25,,460,5692,24961,11326,41979,396163547136,9881952256,3217104896,6664847360,785426,1627160,4070016,227,894,277,2442856,6378164224,30653,0,0,0.0,508749.99809265137,4070016,0,0,0,0,0,432,459.775462962963,460,1365.7592592592594,1825.5347222222222,"[11610,11018,7981,9527]",0.6002079598704281,0.0,0.0,,,11326,13,10841,13,485,19.0,27.0,15,0.0013243863676496556,485,0.0013836361959228853,130,24961,9025,34116,321958969344,714551296,233492480,481058816,57005,117446,393216,227,894,277,275770,749383680,25091,0,0,0.0,49151.819427490234,393216,0,0,0,0,0,384,460.0,460,1383.0,1843.0,"[9621,9792,7120,7583]",0.7013193766276041,0.0,0.0,,,9025,8,8540,8,485,19.0,27.0,9,0.000997229916897507,485,0.001053864168618267
B32_c30_lru_s0_rho0.5,32,0.3,lru,False,0.5,,921,5692,25005,33518,64215,606008770560,4790571008,1711087616,3079483392,417746,751827,4070016,0,0,0,3318189,11468836864,30697,0,0,0.0,508749.99809265137,4070016,0,0,0,0,0,432,919.2592592592592,921,914.9699074074074,1834.2291666666667,"[16097,16266,14078,15931]",0.8152766475610906,0.0,0.0,,,33518,0,32576,0,942,12.0,16.0,0,0.0,942,0.0,130,25005,27082,52217,492781436928,181604352,70529024,111075328,17219,27118,393216,0,0,0,366098,1281622016,25135,0,0,0.0,49151.819427490234,393216,0,0,0,0,0,384,920.9895833333334,921,922.0104166666666,1843.0,"[13180,13872,11965,13200]",0.9310353597005209,0.0,0.0,,,27082,0,26140,0,942,13.0,16.0,0,0.0,942,0.0
B32_c30_lru_s0_rho0.75,32,0.3,lru,False,0.75,,1382,5692,25005,60441,91138,860086075392,0,0,0,0,0,4070016,0,0,0,4070016,16259407872,30697,0,0,0.0,508749.99809265137,4070016,0,0,0,0,0,432,1166.0416666666667,1367,670.8842592592592,1836.9259259259259,"[21519,22503,21679,23594]",1.0,0.0,0.0,,,60441,0,59225,0,1216,9.0,12.0,0,0.0,1216,0.0,130,25005,44861,69996,660565131264,0,0,0,0,0,393216,0,0,0,393216,1463226368,25135,0,0,0.0,49151.819427490234,393216,0,0,0,0,0,384,1147.5807291666667,1351,695.4192708333334,1843.0,"[16675,17668,16879,18774]",1.0,0.0,0.0,,,44861,0,43645,0,1216,9.0,12.0,0,0.0,1216,0.0
B32_c30_lru_s1_rho0,32,0.3,lru,True,0,,0,5150,17674,0,22824,215394287616,16010342400,4353159168,11657183232,1062783,2845992,3987953,6383,24965,18582,1141961,0,22824,6800,171873,14657.59536743164,508749.99809265137,4070016,8802,22824,492,6296,12,432,0.0,0,1800.8148148148148,1800.8148148148148,"[7032,5317,3982,4650]",0.28635267266188946,0.04222907231814322,0.028810998373236873,0.7738092485596152,0.6653225421905518,0,0,0,0,0,,,0,,0,,202,17674,0,17876,168699101184,1346555904,393445376,953110528,96056,232693,344923,6383,24965,18582,112230,0,17876,6186,65359,6167.079742431641,49151.819427490234,393216,5129,17876,492,5682,12,384,0.0,0,1843.0,1843.0,"[5813,4871,3883,3309]",0.325376968192901,0.1662165323893229,0.12547001950821865,0.7744146671508687,0.6653225421905518,0,0,0,0,0,,,0,,0,
B32_c30_lru_s1_rho0.125,32,0.3,lru,True,0.125,,230,5151,18224,3737,27112,255860932608,12886716416,3834040320,9052676096,936045,2210126,3987269,3704,11939,6830,1777143,3112783872,23375,6849,172305,14699.653350830078,508749.99809265137,4070016,8938,23375,239,6602,8,432,230.0,230,1583.9930555555557,1813.9930555555557,"[7951,6550,5095,5673]",0.44570431540987077,0.04233521440701953,0.02889366762838403,0.77317078883917,0.6649081826210022,3737,126,3482,126,255,30.0,42.0,157,0.042012309339042014,255,0.045089029293509476,203,18224,2816,21243,200474099712,1017303040,310259712,707043328,75747,172618,344239,3704,11939,6830,171621,318410752,18427,6235,65791,6209.137725830078,49151.819427490234,393216,5265,18427,239,5988,8,384,230.0,230,1613.0,1843.0,"[6512,5853,4728,4150]",0.49855187820090113,0.1673151652018229,0.12632569451452197,0.7737085763511413,0.664814829826355,2816,22,2561,22,255,31.0,41.0,23,0.008167613636363636,255,0.008980866848887154
B32_c30_lru_s1_rho0.25,32,0.3,lru,True,0.25,,460,5152,18466,8710,32328,305085284352,10090823680,3244519424,6846304256,792119,1671461,3986367,1361,4557,1957,2314906,5903294464,23618,6889,172925,14750.417877197266,508749.99809265137,4070016,8992,23618,128,6761,0,432,459.7615740740741,460,1363.4328703703704,1823.1944444444443,"[8956,8133,6169,7227]",0.5807056901685168,0.04248754796049942,0.02899345048156832,0.7731162441245771,0.6654964685440063,8710,70,8236,70,474,25.0,36.0,82,0.009414466130884041,474,0.00995628946090335,204,18466,6650,25320,238949498880,708931584,234147840,474783744,57165,115914,343337,1361,4557,1957,227423,621400064,18670,6275,66411,6259.902252197266,49151.819427490234,393216,5319,18670,128,6147,0,384,460.0,460,1383.0,1843.0,"[7261,7129,5448,5482]",0.6623900133105375,0.16889190673828125,0.1273585052417439,0.7736452663847174,0.6654549837112427,6650,20,6176,20,474,26.0,35.0,21,0.003157894736842105,474,0.003400259067357513
B32_c30_lru_s1_rho0.5,32,0.3,lru,True,0.5,,921,5152,18606,26009,49767,469660336128,5193228288,1855942656,3337285632,453111,814767,3985905,0,0,0,3171138,10797977600,23758,6939,173324,14777.191619873047,508749.99809265137,4070016,9031,23758,0,6939,0,432,918.9652777777778,921,913.6342592592592,1832.599537037037,"[12482,12434,10760,12248]",0.7955879530495584,0.04258558197314212,0.02904607700299566,0.7728453173574169,0.665413498878479,26009,0,25082,0,927,16.0,24.0,0,0.0,927,0.0,204,18606,20279,39089,368890085376,205422592,79679488,125743104,19453,30699,342875,0,0,0,312176,1121996800,18810,6325,66810,6286.675994873047,49151.819427490234,393216,5358,18810,0,6325,0,384,920.9765625,921,922.0234375,1843.0,"[9925,10378,8966,9820]",0.9104659132336858,0.1699066162109375,0.12790322043209976,0.7733438573807124,0.665413498878479,20279,0,19352,0,927,17.0,24.0,0,0.0,927,0.0
B32_c30_lru_s1_rho0.75,32,0.3,lru,True,0.75,,1382,5152,18606,49292,73050,689386291200,0,0,0,0,0,3985905,0,0,0,3985905,15991205888,23758,6939,173324,14777.191619873047,508749.99809265137,4070016,9031,23758,0,6939,0,432,1187.9791666666667,1375,647.3888888888889,1835.3680555555557,"[17277,17853,17426,18651]",1.0,0.04258558197314212,0.02904607700299566,0.7728453173574169,0.665413498878479,49292,0,48030,0,1262,11.0,17.0,0,0.0,1262,0.0,204,18606,35238,54048,510060920832,0,0,0,0,0,342875,0,0,0,342875,1327419392,18810,6325,66810,6286.675994873047,49151.819427490234,393216,5358,18810,0,6325,0,384,1172.8046875,1367,670.1953125,1843.0,"[12977,13554,13159,14358]",1.0,0.1699066162109375,0.12790322043209976,0.7733438573807124,0.665413498878479,35238,0,33976,0,1262,12.0,18.0,0,0.0,1262,0.0
B32_c30_gate_s0_rho0,32,0.3,gate,False,0,,0,5692,13157,0,18849,177881481216,16438935552,4496621568,11942313984,1097808,2915604,4070016,77002,305223,228221,1154412,0,18849,0,0,0.0,508749.99809265137,4070016,0,0,0,0,0,432,0.0,0,1804.6990740740741,1804.6990740740741,"[4824,4677,3072,4433]",0.28363819699971693,0.0,0.0,,,0,0,0,0,0,,,0,,0,,130,13157,0,13287,125391863808,1642754048,492314624,1150439424,120194,280869,393216,77002,305223,228221,112347,0,13287,0,0,0.0,49151.819427490234,393216,0,0,0,0,0,384,0.0,0,1843.0,1843.0,"[3386,4085,2873,2943]",0.28571319580078125,0.0,0.0,,,0,0,0,0,0,,,0,,0,
B32_c30_gate_s0_rho0.125,32,0.3,gate,False,0.125,,230,5692,14432,598,20722,195557326848,15263027200,4316237824,10946789376,1053769,2672556,4070016,94034,292270,194011,1397460,1062023168,20124,0,0,0.0,508749.99809265137,4070016,0,0,0,0,0,432,230.0,230,1584.4884259259259,1814.4884259259259,"[5311,5255,3541,4772]",0.3433549155580715,0.0,0.0,,,598,372,361,139,237,120.5,395.30000000000007,507,0.8478260869565217,4,0.8535353535353535,130,14432,238,14800,139670323200,1495625728,458338304,1037287424,111899,253244,393216,94034,292270,194011,139972,33243136,14562,0,0,0.0,49151.819427490234,393216,0,0,0,0,0,384,230.0,230,1613.0,1843.0,"[3777,4562,3247,3214]",0.3559672037760417,0.0,0.0,,,238,227,81,74,157,224.0,379.0,234,0.9831932773109243,4,1.0
B32_c30_gate_s0_rho0.25,32,0.3,gate,False,0.25,,460,5692,15840,1309,22841,215554719744,13961547776,4107046912,9854500864,1002697,2405884,4070016,112601,276472,155852,1664132,2238291968,21532,0,0,0.0,508749.99809265137,4070016,0,0,0,0,0,432,459.775462962963,460,1363.7384259259259,1823.513888888889,"[5858,5884,4078,5178]",0.40887603390256944,0.0,0.0,,,1309,781,838,331,471,105.0,394.0,1023,0.7815126050420168,21,0.7942546583850931,130,15840,506,16476,155487043584,1335980032,421572608,914407424,102923,223244,393216,112601,276472,155852,169972,67678208,15970,0,0,0.0,49151.819427490234,393216,0,0,0,0,0,384,460.0,460,1383.0,1843.0,"[4233,5065,3645,3533]",0.4322611490885417,0.0,0.0,,,506,471,193,179,313,194.0,370.0,483,0.9545454545454546,21,0.9958762886597938
B32_c30_gate_s0_rho0.5,32,0.3,gate,False,0.5,,921,5692,18838,3721,28251,266609885184,11207970816,3544150016,7663820800,865271,1871050,4070016,146813,233263,67107,2198966,4722884608,24530,0,0,0.0,508749.99809265137,4070016,0,0,0,0,0,432,919.2685185185185,921,914.6574074074074,1833.9259259259259,"[7341,7387,5417,6263]",0.5402843625184766,0.0,0.0,,,3721,2132,2749,1313,972,61.0,264.0,2561,0.6882558452029024,146,0.7163636363636363,130,18838,1767,20735,195680010240,940818432,317403136,623415296,77491,152201,393216,146813,233263,67107,241015,193855488,18968,0,0,0.0,49151.819427490234,393216,0,0,0,0,0,384,921.0,921,922.0,1843.0,"[5460,6249,4636,4390]",0.6129328409830729,0.0,0.0,,,1767,1519,989,894,778,122.0,259.0,1544,0.8737973967176005,146,0.9524984577421345
B32_c30_gate_s0_rho0.75,32,0.3,gate,False,0.75,,1382,5692,21870,51496,79058,746084892672,0,0,0,0,0,4070016,160331,161913,0,4070016,15702761472,27562,0,0,0.0,508749.99809265137,4070016,0,0,0,0,0,432,1350.0902777777778,1379,486.83564814814815,1836.9259259259259,"[18470,19506,18643,20596]",1.0,0.0,0.0,,,51496,4047,50125,3192,1371,1.0,22.0,4488,0.08715240018642224,513,0.08802934311437145,130,21870,35916,57916,546563948544,0,0,0,0,0,393216,160331,161913,0,393216,906579968,22000,0,0,0.0,49151.819427490234,393216,0,0,0,0,0,384,1352.2135416666667,1377,490.7864583333333,1843.0,"[13626,14671,13843,15776]",1.0,0.0,0.0,,,35916,3345,34636,2581,1280,1.0,28.0,3388,0.09433121728477559,513,0.09569810468039432
B32_c30_gate_s1_rho0,32,0.3,gate,True,0,,0,5124,8041,0,13165,124240527360,16223625216,4445261824,11778363392,1085269,2875577,4005084,75325,297742,222417,1129507,0,13165,5956,154982,12950.398162841797,508749.99809265137,4070016,5275,13165,4020,1924,12,432,0.0,0,1800.8148148148148,1800.8148148148148,"[3368,2952,1888,3114]",0.2820183047346822,0.0380789657829355,0.02545532817964419,0.7720079550693466,0.6653005480766296,0,0,0,0,0,,,0,,0,,176,8041,0,8217,77545340928,1559838720,485548032,1074290688,118542,262278,362054,75325,297742,222417,99776,0,8217,5342,48468,4459.882537841797,49151.819427490234,393216,1602,8217,4020,1310,12,384,0.0,0,1843.0,1843.0,"[2149,2506,1789,1773]",0.2755832002960884,0.123260498046875,0.09073687586318359,0.7725019882409058,0.6653005480766296,0,0,0,0,0,,,0,,0,
B32_c30_gate_s1_rho0.125,32,0.3,gate,True,0.125,,230,5134,8969,535,14638,138141499392,15032352768,4267626496,10764726272,1041901,2628107,4002556,92743,285261,189089,1374449,1069735936,14103,6186,157210,13184.720184326172,508749.99809265137,4070016,5475,14103,3844,2330,12,432,230.0,230,1581.4837962962963,1811.4837962962963,"[3754,3369,2260,3412]",0.3433928219867505,0.03862638377834387,0.025915912007384474,0.7731572306160013,0.666015625,535,325,298,95,237,153.0,405.0,444,0.8299065420560747,5,0.8377358490566038,186,8969,180,9335,88096112640,1411608576,452780032,958828544,110542,234089,359526,92743,285261,189089,125437,26693632,9155,5572,50696,4694.204559326172,49151.819427490234,393216,1802,9155,3844,1716,12,384,230.0,230,1613.0,1843.0,"[2445,2823,2063,2004]",0.34889549017317245,0.12892659505208334,0.09550418710849876,0.7737575142463162,0.666015625,180,167,43,37,137,276.0,379.0,173,0.9611111111111111,5,0.9885714285714285
B32_c30_gate_s1_rho0.25,32,0.3,gate,True,0.25,,460,5135,10138,1217,16490,155619164160,13774401536,4060434432,9713967104,991317,2371574,4000221,111155,270204,151897,1628647,2196987904,15273,6343,158956,13348.697845458984,508749.99809265137,4070016,5719,15273,3710,2624,9,432,459.7615740740741,460,1361.3078703703704,1821.0694444444443,"[4178,3914,2764,3791]",0.4071392555561305,0.03905537472088562,0.02623822682163033,0.7729118893655076,0.6655172109603882,1217,709,746,266,471,118.0,404.0,938,0.770747740345111,25,0.7869127516778524,187,10138,425,10750,101449728000,1247408128,414945280,832462848,101305,203238,357191,111155,270204,151897,153953,60194816,10325,5729,52442,4858.182220458984,49151.819427490234,393216,2046,10325,3710,2010,9,384,460.0,460,1383.0,1843.0,"[2784,3248,2430,2288]",0.4310102998115854,0.13336690266927084,0.09884033342094027,0.773469428353169,0.6655172109603882,425,387,129,119,296,221.0,377.0,395,0.9294117647058824,25,0.9875
B32_c30_gate_s1_rho0.5,32,0.3,gate,True,0.5,,921,5140,12749,3429,21318,201181888512,10971594752,3491135488,7480459264,852328,1826284,3996139,142543,231176,73719,2169855,4737376256,17889,6612,163120,13743.645050048828,508749.99809265137,4070016,6292,17889,3387,3220,5,432,919.0023148148148,921,913.2199074074074,1832.2222222222222,"[5408,5341,3960,4766]",0.5429878690405914,0.04007846652199893,0.02701453582619158,0.7730269916603512,0.66576087474823,3429,1944,2471,1130,958,64.0,360.2000000000003,2347,0.68445610965296,136,0.7127239599149712,192,12749,1526,14467,136527740928,879529984,314748928,564781056,76843,137886,353109,142543,231176,73719,215223,165654528,12941,5998,56606,5253.129425048828,49151.819427490234,393216,2619,12941,3387,2606,5,384,921.0,921,922.0,1843.0,"[3751,4361,3299,3056]",0.6095086786233146,0.14395650227864584,0.10687558438804796,0.7735713087109257,0.66576087474823,1526,1296,815,729,711,135.0,283.0,1319,0.86435124508519,136,0.9489208633093525
B32_c30_gate_s1_rho0.75,32,0.3,gate,True,0.75,,1382,5145,15555,40624,61324,578725871616,73728,36864,36864,9,9,3990864,162728,164126,0,3990855,15425511424,20700,6843,168999,14341.39419555664,508749.99809265137,4070016,7109,20700,2505,4336,2,432,1352.2916666666667,1382,483.0763888888889,1835.3680555555557,"[14301,14968,14484,15728]",0.9999977448492356,0.04152293258798,0.028189472725943573,0.7728938360181483,0.6655172109603882,40624,3841,39242,2922,1382,1.0,48.0,4303,0.10592260732571879,458,0.10713040880346562,197,15555,26571,42323,399409938432,0,0,0,0,0,347834,162728,164126,0,347834,761798656,15752,6229,62485,5850.878570556641,49151.819427490234,393216,3436,15752,2505,3722,2,384,1355.7526041666667,1377,487.2473958333333,1843.0,"[10001,10669,10217,11436]",1.0,0.1589075724283854,0.11903686656376934,0.7734048419749685,0.6655172109603882,26571,3074,25313,2279,1258,1.0,49.0,3120,0.11742124872981823,458,0.11948071841611457
B32_c30_coverage_s0_rho0,32,0.3,coverage,False,0,,0,5692,14335,0,20027,188998483968,16398811136,4473647104,11925164032,1092199,2911417,4070016,59935,235932,175997,1158599,0,20027,0,0,0.0,508749.99809265137,4070016,0,0,0,0,0,432,0.0,0,1804.6990740740741,1804.6990740740741,"[5584,4824,3320,4456]",0.28466693988426583,0.0,0.0,,,0,0,0,0,0,,,0,,0,,130,14335,0,14465,136508866560,1602629632,469340160,1133289472,114585,276682,393216,59935,235932,175997,116534,0,14465,0,0,0.0,49151.819427490234,393216,0,0,0,0,0,384,0.0,0,1843.0,1843.0,"[4146,4232,3121,2966]",0.2963612874348958,0.0,0.0,,,0,0,0,0,0,,,0,,0,
B32_c30_coverage_s0_rho0.125,32,0.3,coverage,False,0.125,,230,5692,14930,54067,74689,704853835776,4268195840,1333649408,2934546432,325598,716442,4070016,59920,232188,497,3353574,12124798976,20622,0,0,0.0,508749.99809265137,4070016,0,0,0,0,0,432,153.1712962962963,230,1664.3634259259259,1817.5347222222222,"[17514,18501,17280,19551]",0.8239707165770356,0.0,0.0,,,54067,5463,52491,5126,1576,1.0,49.0,6609,0.12223722418480774,1125,0.12483472479316989,130,14930,46442,61502,580405690368,5840896,1830912,4009984,447,979,393216,59920,232188,497,392237,1590972416,15060,0,0,0.0,49151.819427490234,393216,0,0,0,0,0,384,143.56770833333334,230,1699.4322916666667,1843.0,"[14361,15783,14780,16578]",0.9975102742513021,0.0,0.0,,,46442,5058,44872,4722,1570,1.0,49.0,5828,0.1254898583179019,1125,0.12860515921177484
B32_c30_coverage_s0_rho0.25,32,0.3,coverage,False,0.25,,460,5692,14972,58395,79059,746094329856,2827591680,844701696,1982889984,206226,484104,4070016,59632,232045,0,3585912,13566992384,20664,0,0,0.0,508749.99809265137,4070016,0,0,0,0,0,432,172.67824074074073,460,1652.2685185185185,1824.9467592592594,"[18381,19567,18551,20717]",0.881055995848665,0.0,0.0,,,58395,5577,56806,5243,1589,1.0,49.0,6778,0.11607158147101636,1149,0.11840128567934878,130,14972,46565,61667,581962825728,0,0,0,0,0,393216,59632,232045,0,393216,1598402560,15102,0,0,0.0,49151.819427490234,393216,0,0,0,0,0,384,148.64322916666666,321,1694.3567708333333,1843.0,"[14341,15759,14864,16703]",1.0,0.0,0.0,,,46565,5132,44984,4802,1581,1.0,49.0,5917,0.12706968753355524,1149,0.1302844812400916
B32_c30_coverage_s0_rho0.5,32,0.3,coverage,False,0.5,,921,5692,14962,60483,81137,765704798208,1095258112,323350528,771907584,78943,188454,4070016,59779,231901,0,3881562,15296495616,20654,0,0,0.0,508749.99809265137,4070016,0,0,0,0,0,432,184.02777777777777,921,1650.0694444444443,1834.0972222222222,"[18821,20147,19204,21122]",0.953696987923389,0.0,0.0,,,60483,5637,58899,5288,1584,1.0,49.0,6910,0.11424697848982358,1121,0.11640443381287692,130,14962,46610,61702,582293127168,0,0,0,0,0,393216,59779,231901,0,393216,1595572224,15092,0,0,0.0,49151.819427490234,393216,0,0,0,0,0,384,148.95052083333334,323,1694.0494791666667,1843.0,"[14330,15785,14905,16682]",1.0,0.0,0.0,,,46610,5123,45036,4779,1574,1.0,49.0,5936,0.12735464492598156,1121,0.1304930862406296
B32_c30_coverage_s0_rho0.75,32,0.3,coverage,False,0.75,,1382,5692,15006,62154,82852,781889568768,0,0,0,0,0,4070016,59607,231236,0,4070016,16390475776,20698,0,0,0.0,508749.99809265137,4070016,0,0,0,0,0,432,187.71296296296296,1361,1649.212962962963,1836.9259259259259,"[19137,20625,19736,21511]",1.0,0.0,0.0,,,62154,5613,60560,5255,1594,1.0,49.0,6924,0.11140071435466743,1120,0.11344496510141888,130,15006,46574,61710,582368624640,0,0,0,0,0,393216,59607,231236,0,393216,1594294272,15136,0,0,0.0,49151.819427490234,393216,0,0,0,0,0,384,147.68229166666666,317,1695.3177083333333,1843.0,"[14293,15790,14936,16691]",1.0,0.0,0.0,,,46574,5103,44992,4750,1582,1.0,49.0,5898,0.12663717954223386,1120,0.1297575570906851
B32_c30_coverage_s1_rho0,32,0.3,coverage,True,0,,0,5099,7311,0,12410,117115453440,16131166208,4414296064,11716870144,1077709,2860564,3985471,62961,247828,184867,1124907,0,12410,7449,177413,15154.629669189453,508749.99809265137,4070016,6008,12410,3370,3912,167,432,0.0,0,1800.8148148148148,1800.8148148148148,"[3311,2607,1748,2901]",0.28225195968054967,0.043590246328269966,0.029787969977406382,0.7685300487530345,0.6637930870056152,0,0,0,0,0,,,0,,0,,151,7311,0,7462,70420267008,1467379712,454582272,1012797440,110982,247265,342441,62961,247828,184867,95176,0,7462,6835,70899,6664.114044189453,49151.819427490234,393216,2335,7462,3370,3298,167,384,0.0,0,1843.0,1843.0,"[2092,2161,1649,1560]",0.27793400907017557,0.18030548095703125,0.13558224541454644,0.768603741616861,0.6630434989929199,0,0,0,0,0,,,0,,0,
B32_c30_coverage_s1_rho0.125,32,0.3,coverage,True,0.125,,230,5099,7892,44188,57179,539608743936,4076531712,1241067520,2835464192,302995,692252,3985391,62496,244403,0,3293139,12064555008,12991,7454,177232,15138.514678955078,508749.99809265137,4070016,6098,12991,3510,3782,162,432,137.9375,230,1677.1666666666667,1815.1041666666667,"[13368,13960,13237,14771]",0.8263026137209624,0.043545774758625026,0.029756294320807283,0.7682541330698063,0.6637930870056152,44188,5723,42593,5384,1595,1.0,49.0,6998,0.1583687879062189,1117,0.16247591186645308,151,7892,36574,44617,421058838528,0,0,0,0,0,342361,62496,244403,0,342361,1477300224,8043,6840,70718,6647.999053955078,49151.819427490234,393216,2425,8043,3510,3168,162,384,126.49739583333333,221,1716.5026041666667,1843.0,"[10464,11376,10848,11929]",1.0,0.17984517415364584,0.1352543838944221,0.7683030041947699,0.6637671589851379,36574,5328,34985,4991,1589,1.0,49.0,6206,0.16968338163722863,1117,0.17502890825506953
B32_c30_coverage_s1_rho0.25,32,0.3,coverage,True,0.25,,460,5099,7910,47101,60110,567269130240,2837712896,829923328,2007789568,202618,490183,3985224,63027,244993,0,3495041,13299843072,13009,7456,177273,15141.501983642578,508749.99809265137,4070016,6091,13009,3498,3796,162,432,149.4537037037037,460,1673.4699074074074,1822.923611111111,"[13975,14694,14094,15504]",0.876999887584738,0.043555848429097085,0.0297621661727949,0.7683030175676673,0.6637930870056152,47101,5836,45501,5459,1600,1.0,49.0,7151,0.15182267892401435,1105,0.15547004087311941,151,7910,36520,44581,420719099904,0,0,0,0,0,342194,63027,244993,0,342194,1473769472,8061,6842,70759,6650.986358642578,49151.819427490234,393216,2418,8061,3498,3182,162,384,125.82552083333333,224,1717.1744791666667,1843.0,"[10425,11347,10867,11942]",1.0,0.1799494425455729,0.13531516098715834,0.7683562612941272,0.6637930870056152,36520,5355,34929,4984,1591,1.0,49.0,6196,0.1696604600219058,1105,0.17495411548778766
B32_c30_coverage_s1_rho0.5,32,0.3,coverage,True,0.5,,921,5099,7909,49052,62060,585671639040,1057325056,316989440,740335616,77390,180746,3985268,62778,244577,0,3804522,15079124992,13008,7454,177211,15136.562530517578,508749.99809265137,4070016,6098,13008,3498,3794,162,432,160.77083333333334,921,1671.7847222222222,1832.5555555555557,"[14373,15205,14684,15955]",0.9546464629229452,0.043540615073749095,0.029752457173987,0.7683241898456336,0.6637930870056152,49052,5928,47458,5567,1594,1.0,49.0,7291,0.1486381798907282,1111,0.15208276840282847,151,7909,36508,44568,420596416512,0,0,0,0,0,342238,62778,244577,0,342238,1472663552,8060,6840,70697,6646.046905517578,49151.819427490234,393216,2425,8060,3498,3180,162,384,126.34375,222,1716.65625,1843.0,"[10388,11328,10868,11984]",1.0,0.1797917683919271,0.13521466718687722,0.7683793496928717,0.6637671589851379,36508,5396,34928,5041,1580,1.0,49.0,6216,0.17026405171469267,1111,0.17560810238155775
B32_c30_coverage_s1_rho0.75,32,0.3,coverage,True,0.75,,1382,5099,7927,50615,63641,600591826944,0,0,0,0,0,3985268,62860,244587,0,3985268,16139264000,13026,7454,177211,15136.562530517578,508749.99809265137,4070016,6090,13026,3498,3794,162,432,164.73842592592592,1353,1670.6296296296296,1835.3680555555557,"[14723,15608,15168,16299]",1.0,0.043540615073749095,0.029752457173987,0.7683241898456336,0.6637930870056152,50615,5934,49012,5561,1603,1.0,49.0,7396,0.14612269090190655,1102,0.14937491163936745,151,7927,36561,44639,421266456576,0,0,0,0,0,342238,62860,244587,0,342238,1475477504,8078,6840,70697,6646.046905517578,49151.819427490234,393216,2417,8078,3498,3180,162,384,126.1796875,217,1716.8203125,1843.0,"[10423,11309,10901,12006]",1.0,0.1797917683919271,0.13521466718687722,0.7683793496928717,0.6637671589851379,36561,5366,34970,4999,1591,1.0,49.0,6238,0.17061896556439923,1102,0.17592148678755745
B32_c40_lru_s0_rho0,32,0.4,lru,False,0,,0,5692,23495,0,29187,275443089408,16271925248,4409077760,11862847488,1076435,2896203,4070016,8639,33504,24865,1173813,0,29187,0,0,0.0,508749.99809265137,4070016,0,0,0,0,0,432,0.0,0,2388.8958333333335,2388.8958333333335,"[8784,6993,5124,5829]",0.2884050087272384,0.0,0.0,,,0,0,0,0,0,,,0,,0,,130,23495,0,23625,222953472000,1475743744,404770816,1070972928,98821,261468,393216,8639,33504,24865,131748,0,23625,0,0,0.0,49151.819427490234,393216,0,0,0,0,0,384,0.0,0,2457.0,2457.0,"[7500,6554,5078,4493]",0.335052490234375,0.0,0.0,,,0,0,0,0,0,,,0,,0,
B32_c40_lru_s0_rho0.125,32,0.4,lru,False,0.125,,307,5692,24196,4754,34642,326922928128,13445988352,3878256640,9567731712,946840,2335872,4070016,6794,20104,11446,1734144,2812948480,29888,0,0,0.0,508749.99809265137,4070016,0,0,0,0,0,432,307.0,307,2103.6041666666665,2410.6041666666665,"[9910,8586,6496,7193]",0.4260779318803661,0.0,0.0,,,4754,213,4408,213,346,30.0,42.0,271,0.05700462768195204,346,0.06147912885662432,130,24196,3724,28050,264713011200,1090572288,318550016,772022272,77771,188482,393216,6794,20104,11446,204734,372183040,24326,0,0,0.0,49151.819427490234,393216,0,0,0,0,0,384,307.0,307,2150.0,2457.0,"[8398,7858,6153,5641]",0.5206654866536459,0.0,0.0,,,3724,100,3378,100,346,31.0,41.0,101,0.027121374865735768,346,0.02989934872705743
B32_c40_lru_s0_rho0.25,32,0.4,lru,False,0.25,,614,5692,24722,11283,41697,393502261248,10300444672,3265654784,7034789888,797279,1717478,4070016,2276,7097,2735,2352538,5959204864,30414,0,0,0.0,508749.99809265137,4070016,0,0,0,0,0,432,613.4189814814815,614,1811.8078703703704,2425.2268518518517,"[11395,10786,7785,9274]",0.5780168923168852,0.0,0.0,,,11283,123,10642,123,641,25.0,36.0,156,0.013826110077107153,641,0.014658898703251268,130,24722,8917,33769,318684266496,726999040,235245568,491753472,57433,120057,393216,2276,7097,2735,273159,736468992,24852,0,0,0.0,49151.819427490234,393216,0,0,0,0,0,384,614.0,614,1843.0,2457.0,"[9539,9679,7065,7486]",0.6946792602539062,0.0,0.0,,,8917,55,8276,55,641,26.0,35.0,59,0.006616575081305372,641,0.007129047849202513
B32_c40_lru_s0_rho0.5,32,0.4,lru,False,0.5,,1228,5692,25005,33461,64158,605470851072,5590671360,1918087168,3672584192,468283,896627,4070016,0,0,0,3173389,10668736512,30697,0,0,0.0,508749.99809265137,4070016,0,0,0,0,0,432,1224.0277777777778,1228,1216.3657407407406,2440.3935185185187,"[15902,16086,13927,15786]",0.7796993918451426,0.0,0.0,,,33461,0,32199,0,1262,16.0,21.0,0,0.0,1262,0.0,130,25005,27109,52244,493036240896,192958464,74416128,118542336,18168,28941,393216,0,0,0,364275,1270267904,25135,0,0,0.0,49151.819427490234,393216,0,0,0,0,0,384,1227.5104166666667,1228,1229.4895833333333,2457.0,"[13157,13889,11980,13218]",0.9263992309570312,0.0,0.0,,,27109,0,25847,0,1262,17.0,21.0,0,0.0,1262,0.0
B32_c40_lru_s0_rho0.75,32,0.4,lru,False,0.75,,1842,5692,25005,60441,91138,860086075392,0,0,0,0,0,4070016,0,0,0,4070016,16259407872,30697,0,0,0.0,508749.99809265137,4070016,0,0,0,0,0,432,1554.2916666666667,1817,890.7893518518518,2445.0810185185187,"[21365,22350,21526,23440]",1.0,0.0,0.0,,,60441,0,58822,0,1619,12.0,16.0,0,0.0,1619,0.0,130,25005,44861,69996,660565131264,0,0,0,0,0,393216,0,0,0,393216,1463226368,25135,0,0,0.0,49151.819427490234,393216,0,0,0,0,0,384,1532.6848958333333,1800,924.3151041666666,2457.0,"[16675,17668,16879,18774]",1.0,0.0,0.0,,,44861,0,43242,0,1619,13.0,16.0,0,0.0,1619,0.0
B32_c40_lru_s1_rho0,32,0.4,lru,True,0,,0,5142,12264,0,17406,164263624704,16096161792,4388634624,11707527168,1071444,2858283,3994392,37985,147652,109667,1136109,0,17406,6367,166035,14086.697052001953,508749.99809265137,4070016,7258,17406,2015,4321,31,432,0.0,0,2380.7893518518517,2380.7893518518517,"[4955,3783,2621,3590]",0.2844260152734133,0.04079467992263421,0.027688839518062357,0.7762495096482118,0.6656354427337646,0,0,0,0,0,,,0,,0,,194,12264,0,12458,117568438272,1432375296,428920832,1003454464,104717,244984,351362,37985,147652,109667,106378,0,12458,5753,59521,5596.181427001953,49151.819427490234,393216,3585,12458,2015,3707,31,384,0.0,0,2456.1770833333335,2456.1770833333335,"[3890,3490,2621,2403]",0.3027589779202077,0.1513697306315104,0.11385502087583053,0.7771609366800025,0.6655566215515136,0,0,0,0,0,,,0,,0,
B32_c40_lru_s1_rho0.125,32,0.4,lru,True,0.125,,307,5148,16437,3595,25180,237628293120,13180436480,3843985408,9336451072,938473,2279407,3989784,19137,64261,36661,1710377,2835435520,21585,6700,170077,14501.768829345703,508749.99809265137,4070016,8369,21585,851,5834,15,432,307.0,307,2099.3171296296296,2406.3171296296296,"[7142,5883,4496,5202]",0.42868912201763304,0.04178779641161116,0.028504705422533885,0.7745232277307937,0.6653005480766296,3595,366,3260,366,335,41.0,87.0,444,0.12350486787204451,335,0.1361963190184049,200,16437,2623,19260,181760163840,1058504704,321196032,737308672,78417,180007,346754,19137,64261,36661,166747,293580800,16637,6086,63563,6011.253204345703,49151.819427490234,393216,4696,16637,851,5220,15,384,307.0,307,2150.0,2457.0,"[5853,5317,4267,3823]",0.4808798168153792,0.1616490681966146,0.12229970882794332,0.7752106254660217,0.6653005480766296,2623,145,2288,145,335,42.0,47.0,147,0.05604269919939001,335,0.06424825174825174
B32_c40_lru_s1_rho0.25,32,0.4,lru,True,0.25,,614,5151,17804,8566,31521,297469476864,10525224960,3312386048,7212838912,808688,1760947,3987765,10723,28019,11085,2226818,5463982080,22955,6799,171868,14669.68716430664,508749.99809265137,4070016,8782,22955,298,6494,7,432,613.4050925925926,614,1808.5740740740741,2421.9791666666665,"[8602,7773,5812,6877]",0.558412544370092,0.04222784382174419,0.028834766033031138,0.7737785886098119,0.6653225421905518,8566,433,7924,433,642,33.0,45.0,575,0.06712584636936726,642,0.07256436143361938,203,17804,6417,24424,230493782016,731561984,241160192,490401792,58877,119727,344735,10723,28019,11085,225008,593858560,18007,6185,65354,6179.171539306641,49151.819427490234,393216,5109,18007,298,5880,7,384,614.0,614,1843.0,2457.0,"[7037,6874,5227,5286]",0.6526984495336998,0.16620381673177084,0.12571602864919945,0.7743810613982217,0.6653225421905518,6417,192,5775,192,642,35.0,44.0,201,0.031323048153342685,642,0.034805194805194804
B32_c40_lru_s1_rho0.5,32,0.4,lru,True,0.5,,1228,5152,18569,25893,49614,468216446976,5453242368,1852215296,3601027072,452201,879157,3985990,315,1207,411,3106833,10538950656,23721,6930,173360,14777.548370361328,508749.99809265137,4070016,9022,23721,27,6900,3,432,1223.0462962962963,1228,1214.587962962963,2437.634259259259,"[12251,12228,10642,12036]",0.7794382324090126,0.04259442714721515,0.029046778232459283,0.7727074563159227,0.6653225421905518,25893,18,24647,18,1246,21.0,30.0,21,0.0008110300081103001,1246,0.0008520306731042318,204,18569,19924,38697,365190709248,261935104,94871552,167063552,23162,40787,342960,315,1207,411,302173,1066471424,18773,6316,66846,6287.032745361328,49151.819427490234,393216,5349,18773,27,6286,3,384,1227.2994791666667,1228,1229.7005208333333,2457.0,"[9820,10271,8919,9687]",0.8810735945882902,0.1699981689453125,0.12791047856602922,0.7731933047908858,0.6653225421905518,19924,10,18678,10,1246,23.0,30.0,12,0.0006022886970487854,1246,0.00064246707356248
B32_c40_lru_s1_rho0.75,32,0.4,lru,True,0.75,,1842,5152,18606,49292,73050,689386291200,0,0,0,0,0,3985905,0,0,0,3985905,15991205888,23758,6939,173324,14777.191619873047,508749.99809265137,4070016,9031,23758,0,6939,0,432,1582.9560185185185,1832,859.5324074074074,2442.488425925926,"[17123,17700,17273,18497]",1.0,0.04258558197314212,0.02904607700299566,0.7728453173574169,0.665413498878479,49292,0,47627,0,1665,15.0,22.0,0,0.0,1665,0.0,204,18606,35238,54048,510060920832,0,0,0,0,0,342875,0,0,0,342875,1327419392,18810,6325,66810,6286.675994873047,49151.819427490234,393216,5358,18810,0,6325,0,384,1566.1614583333333,1826,890.8385416666666,2457.0,"[12977,13554,13159,14358]",1.0,0.1699066162109375,0.12790322043209976,0.7733438573807124,0.665413498878479,35238,0,33573,0,1665,16.0,23.0,0,0.0,1665,0.0
B32_c40_gate_s0_rho0,32,0.4,gate,False,0,,0,5692,10077,0,15769,148814954496,16452972544,4497543168,11955429376,1098033,2918806,4070016,84026,331867,247841,1151210,0,15769,0,0,0.0,508749.99809265137,4070016,0,0,0,0,0,432,0.0,0,2388.8958333333335,2388.8958333333335,"[3855,3617,2213,3627]",0.28285146790577725,0.0,0.0,,,0,0,0,0,0,,,0,,0,,130,10077,0,10207,96325337088,1656791040,493236224,1163554816,120419,284071,393216,84026,331867,247841,109145,0,10207,0,0,0.0,49151.819427490234,393216,0,0,0,0,0,384,0.0,0,2457.0,2457.0,"[2571,3178,2167,2291]",0.27757008870442706,0.0,0.0,,,0,0,0,0,0,,,0,,0,
B32_c40_gate_s0_rho0.125,32,0.4,gate,False,0.125,,307,5692,11509,717,17918,169095462912,15075471360,4294414336,10781057024,1048441,2632094,4070016,104911,320372,210882,1437922,1253871616,17201,0,0,0.0,508749.99809265137,4070016,0,0,0,0,0,432,307.0,307,2100.3356481481483,2407.3356481481483,"[4391,4249,2752,4069]",0.35329639981759287,0.0,0.0,,,717,444,392,120,325,182.0,406.4,603,0.8410041841004184,1,0.8421787709497207,130,11509,249,11888,112189243392,1499009024,464109568,1034899456,113308,252661,393216,104911,320372,210882,140555,34152448,11639,0,0,0.0,49151.819427490234,393216,0,0,0,0,0,384,307.0,307,2150.0,2457.0,"[2999,3674,2572,2643]",0.35744984944661456,0.0,0.0,,,249,243,58,53,191,239.0,382.0,248,0.9959839357429718,1,1.0
B32_c40_gate_s0_rho0.25,32,0.4,gate,False,0.25,,614,5692,13076,1552,20320,191763578880,13641519104,4040028160,9601490944,986335,2344114,4070016,128699,306316,168088,1725902,2538733568,18768,0,0,0.0,508749.99809265137,4070016,0,0,0,0,0,432,613.4189814814815,614,1808.3217592592594,2421.740740740741,"[5000,4929,3381,4553]",0.42405287841620276,0.0,0.0,,,1552,911,923,301,629,145.0,402.0,1234,0.7951030927835051,18,0.8044328552803129,130,13076,537,13743,129695219712,1312538624,423272448,889266176,103338,217106,393216,128699,306316,168088,176110,71532544,13206,0,0,0.0,49151.819427490234,393216,0,0,0,0,0,384,614.0,614,1843.0,2457.0,"[3482,4207,3031,3023]",0.4478708902994792,0.0,0.0,,,537,507,144,133,393,235.0,376.0,519,0.9664804469273743,18,1.0
B32_c40_gate_s0_rho0.5,32,0.4,gate,False,0.5,,1228,5692,16752,4238,26682,251802943488,10618396672,3403837440,7214559232,831015,1761367,4070016,171424,266372,74223,2308649,5245329408,22444,0,0,0.0,508749.99809265137,4070016,0,0,0,0,0,432,1224.4699074074074,1228,1215.4722222222222,2439.9421296296296,"[6598,6812,4965,5850]",0.5672333966254678,0.0,0.0,,,4238,2446,2969,1326,1269,97.0,365.0,3059,0.7218027371401604,137,0.7459156303340648,130,16752,1850,18732,176777330688,865906688,300040192,565866496,73252,138151,393216,171424,266372,74223,255065,201637888,16882,0,0,0.0,49151.819427490234,393216,0,0,0,0,0,384,1228.0,1228,1229.0,2457.0,"[4776,5709,4209,4038]",0.6486638387044271,0.0,0.0,,,1850,1658,887,844,963,145.0,304.10000000000014,1693,0.9151351351351351,137,0.9883245767659078
B32_c40_gate_s0_rho0.75,32,0.4,gate,False,0.75,,1842,5692,20700,48332,74724,705184137216,0,0,0,0,0,4070016,195078,196480,0,4070016,15568420864,26392,0,0,0.0,508749.99809265137,4070016,0,0,0,0,0,432,1803.6134259259259,1840,641.4675925925926,2445.0810185185187,"[17218,18305,17413,19331]",1.0,0.0,0.0,,,48332,5031,46499,3793,1833,1.0,49.0,5853,0.12109989241082512,583,0.1225784833190224,130,20700,32752,53582,505663193088,0,0,0,0,0,393216,195078,196480,0,393216,772239360,20830,0,0,0.0,49151.819427490234,393216,0,0,0,0,0,384,1809.8489583333333,1838,647.1510416666666,2457.0,"[12528,13623,12766,14665]",1.0,0.0,0.0,,,32752,4162,31109,3114,1643,1.0,49.0,4269,0.13034318514899854,583,0.13270539960831856
B32_c40_gate_s1_rho0,32,0.4,gate,True,0,,0,5107,5717,0,10824,102148079616,16254894080,4445220864,11809673216,1085259,2883221,4012079,82799,326824,244025,1128858,0,10824,5352,148142,12313.44497680664,508749.99809265137,4070016,4766,10824,4165,1157,30,432,0.0,0,2380.1805555555557,2380.1805555555557,"[2604,2058,1228,2477]",0.28136484849874593,0.0363983827090606,0.024203331740483208,0.771067301810946,0.664814829826355,0,0,0,0,0,,,0,,0,,159,5717,0,5876,55452893184,1591107584,485507072,1105600512,118532,269922,369049,82799,326824,244025,99127,0,5876,4738,41628,3822.9293518066406,49151.819427490234,393216,1093,5876,4165,543,30,384,0.0,0,2455.4921875,2455.4921875,"[1539,1765,1228,1290]",0.268601188460069,0.105865478515625,0.07777798251082656,0.7715024145382172,0.664634108543396,0,0,0,0,0,,,0,,0,
B32_c40_gate_s1_rho0.125,32,0.4,gate,True,0.125,,307,5111,6705,635,12451,117502377984,14878527488,4238888960,10639638528,1034885,2597568,4008876,104495,315026,206725,1411308,1241255936,11816,5695,150889,12566.542205810547,508749.99809265137,4070016,4992,11816,4258,1418,19,432,307.0,307,2095.6875,2402.6875,"[3010,2549,1628,2807]",0.35204581034684035,0.03707331863068843,0.024700820153166825,0.7716009151736721,0.6657142639160156,635,387,308,68,327,225.0,418.0,523,0.8236220472440945,4,0.8288431061806656,163,6705,175,7043,66466086912,1429094400,457596928,971497472,111718,237182,365846,104495,315026,206725,128664,26902528,6868,5081,44375,4076.026580810547,49151.819427490234,393216,1319,6868,4258,804,19,384,307.0,307,2150.0,2457.0,"[1837,2128,1548,1530]",0.3516889620222717,0.11285146077473958,0.08292727773431835,0.7720711381035137,0.6657142639160156,175,170,23,23,152,324.0,379.0,171,0.9771428571428571,4,1.0
B32_c40_gate_s1_rho0.25,32,0.4,gate,True,0.25,,614,5122,7974,1443,14539,137207218176,13429792768,3971416064,9458376704,969584,2309174,4006873,127185,301519,166141,1697699,2542026752,13096,5891,153225,12794.52230834961,508749.99809265137,4070016,5233,13096,3994,1883,14,432,613.4050925925926,614,1804.7824074074074,2418.1875,"[3501,3187,2172,3222]",0.4236967330883709,0.037647272148315876,0.025148938292515778,0.7702890608938415,0.6653225421905518,1443,855,795,218,648,178.0,409.0,1144,0.7927927927927928,8,0.797212543554007,174,7974,436,8584,81008787456,1247756288,418734080,829022208,102230,202398,363843,127185,301519,166141,161445,60276736,8148,5277,46711,4304.006683349609,49151.819427490234,393216,1560,8148,3994,1269,14,384,614.0,614,1843.0,2457.0,"[2208,2613,1925,1838]",0.4437216051978463,0.11879221598307292,0.08756556183436846,0.7705891791767122,0.6653225421905518,436,417,83,74,353,252.5,377.0,425,0.9747706422018348,8,0.9929906542056075
B32_c40_gate_s1_rho0.5,32,0.4,gate,True,0.5,,1228,5137,10920,3908,19965,188413378560,10298785792,3309486080,6989299712,807980,1706372,3999820,166564,262566,80163,2293448,5352759296,16057,6413,159545,13394.057525634766,508749.99809265137,4070016,5864,16057,3696,2706,11,432,1223.673611111111,1228,1213.3194444444443,2436.9930555555557,"[4868,4761,3515,4364]",0.5733878024511103,0.039200091596691515,0.026327385898477187,0.7720793019437053,0.6655172109603882,3908,2195,2635,1052,1273,94.0,390.3000000000002,2770,0.7088024564994883,117,0.7306779213927723,189,10920,1583,12692,119776739328,822296576,298831872,523464704,72957,127799,356790,166564,262566,80163,228991,165462016,11109,5799,53031,4903.541900634766,49151.819427490234,393216,2191,11109,3696,2092,11,384,1227.9921875,1228,1229.0078125,2457.0,"[3277,3826,2876,2713]",0.6418089072003139,0.13486480712890625,0.09976318186692093,0.7725419562260516,0.6655172109603882,1583,1358,726,631,857,146.0,355.0,1401,0.885028427037271,117,0.9556616643929059
B32_c40_gate_s1_rho0.75,32,0.4,gate,True,0.75,,1842,5140,14434,37750,57324,540977135616,188416,94208,94208,23,23,3991680,194186,195714,0,3991657,15304314880,19574,6796,167917,14242.04751586914,508749.99809265137,4070016,6735,19574,3225,3568,3,432,1802.5532407407406,1842,639.9351851851852,2442.488425925926,"[13135,13845,13336,14551]",0.9999942380150714,0.041257085967229615,0.027994196696341688,0.7729656030371864,0.66576087474823,37750,4696,35904,3392,1846,1.0,50.0,5567,0.14747019867549668,529,0.1495661051556917,192,14434,23698,38324,361670639616,0,0,0,0,0,348650,194186,195714,0,348650,640716800,14626,6182,61403,5751.531890869141,49151.819427490234,393216,3062,14626,3225,2954,3,384,1810.5729166666667,1837,646.4270833333334,2457.0,"[8989,9699,9223,10413]",1.0,0.1561559041341146,0.11701564576574663,0.7734876219719523,0.66576087474823,23698,3763,22106,2713,1592,1.0,91.0,3887,0.16402228036121191,529,0.16776727523846519
B32_c40_coverage_s0_rho0,32,0.4,coverage,False,0,,0,5692,11982,0,17674,166792790016,16405340160,4471177216,11934162944,1091596,2913614,4070016,64302,252418,188116,1156402,0,17674,0,0,0.0,508749.99809265137,4070016,0,0,0,0,0,432,0.0,0,2388.8958333333335,2388.8958333333335,"[4826,3937,2628,3826]",0.28412713856653143,0.0,0.0,,,0,0,0,0,0,,,0,,0,,130,11982,0,12112,114303172608,1609158656,466870272,1142288384,113982,278879,393216,64302,252418,188116,114337,0,12112,0,0,0.0,49151.819427490234,393216,0,0,0,0,0,384,0.0,0,2457.0,2457.0,"[3542,3498,2582,2490]",0.29077402750651044,0.0,0.0,,,0,0,0,0,0,,,0,,0,
B32_c40_coverage_s0_rho0.125,32,0.4,coverage,False,0.125,,307,5692,12319,56090,74101,699304771584,4831444992,1427972096,3403472896,348626,830926,4070016,65023,251743,254,3239090,11572957184,18011,0,0,0.0,508749.99809265137,4070016,0,0,0,0,0,432,174.41666666666666,307,2237.5555555555557,2411.972222222222,"[17163,18319,17008,19154]",0.7958420802276944,0.0,0.0,,,56090,6330,54013,5823,2077,1.0,49.0,7751,0.13818862542342664,1329,0.14154233852559303,130,12319,47333,59782,564173733888,2699264,1220608,1478656,298,361,393216,65023,251743,254,392855,1605521408,12449,0,0,0.0,49151.819427490234,393216,0,0,0,0,0,384,157.91145833333334,307,2299.0885416666665,2457.0,"[13964,15463,14356,15999]",0.9990819295247396,0.0,0.0,,,47333,5843,45276,5342,2057,1.0,49.0,6876,0.14526862865231446,1329,0.1494652638900965
B32_c40_coverage_s0_rho0.25,32,0.4,coverage,False,0.25,,614,5692,12273,58510,76475,721708646400,3538083840,1036263424,2501820416,252994,610796,4070016,65618,252832,0,3459220,12869005312,17965,0,0,0.0,508749.99809265137,4070016,0,0,0,0,0,432,191.2060185185185,614,2233.462962962963,2424.6689814814813,"[17626,18838,17774,19780]",0.8499278626914489,0.0,0.0,,,58510,6440,56433,5898,2077,1.0,49.0,7975,0.1363014869253119,1304,0.13940845365870713,130,12273,47513,59916,565438316544,0,0,0,0,0,393216,65618,252832,0,393216,1610907648,12403,0,0,0.0,49151.819427490234,393216,0,0,0,0,0,384,160.39583333333334,328,2296.6041666666665,2457.0,"[13920,15401,14481,16114]",1.0,0.0,0.0,,,47513,5872,45473,5343,2040,1.0,49.0,6925,0.1457495843242902,1304,0.14986258088251206
B32_c40_coverage_s0_rho0.5,32,0.4,coverage,False,0.5,,1228,5692,12321,61102,79115,746622812160,1480531968,433446912,1047085056,105822,255636,4070016,65225,252409,0,3814380,14929063936,18013,0,0,0.0,508749.99809265137,4070016,0,0,0,0,0,432,208.86342592592592,1228,2231.4375,2440.300925925926,"[18121,19613,18672,20252]",0.9371904189074441,0.0,0.0,,,61102,6619,58988,6137,2114,1.0,49.0,8331,0.13634578246211254,1372,0.1394776494224008,130,12321,47530,59981,566051733504,0,0,0,0,0,393216,65225,252409,0,393216,1613414400,12451,0,0,0.0,49151.819427490234,393216,0,0,0,0,0,384,159.46614583333334,328,2297.5338541666665,2457.0,"[13851,15471,14621,16038]",1.0,0.0,0.0,,,47530,5941,45462,5476,2068,1.0,49.0,7048,0.14828529349884284,1372,0.15269292430347936
B32_c40_coverage_s0_rho0.75,32,0.4,coverage,False,0.75,,1842,5692,12348,63154,81194,766242717696,0,0,0,0,0,4070016,64396,251381,0,4070016,16411959296,18040,0,0,0.0,508749.99809265137,4070016,0,0,0,0,0,432,214.90277777777777,1793,2230.178240740741,2445.0810185185187,"[18610,20129,19286,20712]",1.0,0.0,0.0,,,63154,6693,61034,6197,2120,1.0,49.0,8515,0.1348291477974475,1363,0.13780323995403862,130,12348,47574,60052,566721773568,0,0,0,0,0,393216,64396,251381,0,393216,1615777792,12478,0,0,0.0,49151.819427490234,393216,0,0,0,0,0,384,158.01041666666666,323,2298.9895833333335,2457.0,"[13920,15447,14639,16046]",1.0,0.0,0.0,,,47574,5905,45512,5427,2062,1.0,49.0,7013,0.14741245217976207,1363,0.15176040336716365
B32_c40_coverage_s1_rho0,32,0.4,coverage,True,0,,0,5099,5003,0,10102,95334432768,16139718656,4412530688,11727187968,1077278,2863083,3985989,67078,263342,196264,1122906,0,10102,7421,176902,15113.952911376953,508749.99809265137,4070016,5700,10102,3394,3873,154,432,0.0,0,2379.814814814815,2379.814814814815,"[2557,1750,1064,2274]",0.28171327116055767,0.04346469399628896,0.029708015661996063,0.7685525054848752,0.6637930870056152,0,0,0,0,0,,,0,,0,,151,5003,0,5154,48639246336,1475932160,452816896,1023115264,110551,249784,342959,67078,263342,196264,93175,0,5154,6807,70388,6623.437286376953,49151.819427490234,393216,2027,5154,3394,3259,154,384,0.0,0,2455.0807291666665,2455.0807291666665,"[1492,1457,1064,1087]",0.27167970515426043,0.17900594075520834,0.1347546716179649,0.7686285271034448,0.6630434989929199,0,0,0,0,0,,,0,,0,
B32_c40_coverage_s1_rho0.125,32,0.4,coverage,True,0.125,,307,5099,5323,45330,55752,526141882368,4818731008,1405632512,3413098496,343172,833276,3985268,67317,262923,0,3151992,11331948544,10422,7454,177211,15136.562530517578,508749.99809265137,4070016,5736,10422,3499,3794,161,432,151.9976851851852,307,2256.5578703703704,2408.5555555555557,"[12817,13584,12685,14209]",0.7909109249365412,0.043540615073749095,0.029752457173987,0.768316898751841,0.6637930870056152,45330,6575,43247,6051,2083,1.0,49.0,8118,0.17908669755129053,1307,0.18440360720532448,151,5323,37447,42921,405053374464,0,0,0,0,0,342238,67317,262923,0,342238,1486893056,5474,6840,70697,6646.046905517578,49151.819427490234,393216,2063,5474,3499,3180,161,384,134.6484375,229,2322.3515625,2457.0,"[10025,11092,10383,11421]",1.0,0.1797917683919271,0.13521466718687722,0.7683714041061569,0.6635338068008423,37447,6048,35392,5531,2055,1.0,49.0,7182,0.19179106470478277,1307,0.19872717210846708
B32_c40_coverage_s1_rho0.25,32,0.4,coverage,True,0.25,,614,5099,5262,47176,57537,542987255808,3573051392,1024753664,2548297728,250184,622143,3985268,67617,263980,0,3363125,12584280064,10361,7454,177211,15136.562530517578,508749.99809265137,4070016,5713,10361,3499,3794,161,432,165.56712962962962,614,2256.2291666666665,2421.796296296296,"[13147,14009,13271,14653]",0.8438892942707994,0.043540615073749095,0.029752457173987,0.768316898751841,0.6637930870056152,47176,6709,45081,6162,2095,1.0,49.0,8318,0.17631846701712736,1293,0.18128718697556828,151,5262,37450,42863,404506017792,0,0,0,0,0,342238,67617,263980,0,342238,1493544960,5413,6840,70697,6646.046905517578,49151.819427490234,393216,2040,5413,3499,3180,161,384,134.8671875,229,2322.1328125,2457.0,"[9941,11041,10436,11445]",1.0,0.1797917683919271,0.13521466718687722,0.7683714041061569,0.6635338068008423,37450,6122,35392,5588,2058,1.0,49.0,7214,0.192630173564753,1293,0.19951876538429628
B32_c40_coverage_s1_rho0.5,32,0.4,coverage,True,0.5,,1228,5099,5293,49666,60058,566778396672,1358336000,397864960,960471040,97135,234490,3985268,67517,264068,0,3750778,14796226560,10392,7454,177211,15136.562530517578,508749.99809265137,4070016,5709,10392,3499,3794,161,432,183.2037037037037,1228,2254.428240740741,2437.6319444444443,"[13699,14677,14098,15127]",0.9411607952087538,0.043540615073749095,0.029752457173987,0.768316898751841,0.6637930870056152,49666,6835,47540,6327,2126,1.0,49.0,8642,0.17400233560182016,1342,0.17883453356510223,151,5293,37476,42920,405043937280,0,0,0,0,0,342238,67517,264068,0,342238,1490776064,5444,6840,70697,6646.046905517578,49151.819427490234,393216,2036,5444,3499,3180,161,384,134.67708333333334,230,2322.3229166666665,2457.0,"[9936,11040,10543,11401]",1.0,0.1797917683919271,0.13521466718687722,0.7683714041061569,0.6635338068008423,37476,6110,35400,5620,2076,1.0,49.0,7252,0.19351051339523961,1342,0.2006974041069353
B32_c40_coverage_s1_rho0.75,32,0.4,coverage,True,0.75,,1842,5099,5340,51501,61940,584539176960,0,0,0,0,0,3985268,67263,263131,0,3985268,16156614656,10439,7454,177211,15136.562530517578,508749.99809265137,4070016,5720,10439,3499,3794,161,432,188.36342592592592,1806,2254.125,2442.488425925926,"[14068,15153,14722,15540]",1.0,0.043540615073749095,0.029752457173987,0.768316898751841,0.6637930870056152,51501,6983,49346,6471,2155,1.0,49.0,8891,0.17263742451602881,1339,0.17724572385471074,151,5340,37447,42938,405213806592,0,0,0,0,0,342238,67263,263131,0,342238,1492828160,5491,6840,70697,6646.046905517578,49151.819427490234,393216,2047,5491,3499,3180,161,384,133.17447916666666,225,2323.8255208333335,2457.0,"[9922,11007,10608,11401]",1.0,0.1797917683919271,0.13521466718687722,0.7683714041061569,0.6635338068008423,37447,6151,35362,5658,2085,1.0,49.0,7284,0.19451491441236948,1339,0.20172814888667331
B32_c50_lru_s0_rho0,32,0.5,lru,False,0,,0,5692,18597,0,24289,229219762176,16325316608,4436840448,11888476160,1083213,2902460,4070016,35023,133952,98929,1167556,0,24289,0,0,0.0,508749.99809265137,4070016,0,0,0,0,0,432,0.0,0,2962.909722222222,2962.909722222222,"[6855,5632,3845,4885]",0.2868676683334906,0.0,0.0,,,0,0,0,0,0,,,0,,0,,130,18597,0,18727,176730144768,1529135104,432533504,1096601600,105599,267725,393216,35023,133952,98929,125491,0,18727,0,0,0.0,49151.819427490234,393216,0,0,0,0,0,384,0.0,0,3069.7369791666665,3069.7369791666665,"[5724,5347,3845,3703]",0.31914011637369794,0.0,0.0,,,0,0,0,0,0,,,0,,0,
B32_c50_lru_s0_rho0.125,32,0.5,lru,False,0.125,,384,5692,22772,4607,33071,312097112064,13424656384,3872030720,9552625664,945320,2332184,4070016,18587,58604,32379,1737832,2834440192,28464,0,0,0.0,508749.99809265137,4070016,0,0,0,0,0,432,383.9513888888889,384,2615.037037037037,2998.988425925926,"[9261,8046,5955,6737]",0.4269840708242916,0.0,0.0,,,4607,385,4183,385,424,38.0,72.0,557,0.12090297373561971,424,0.13315802055940712,130,22772,3496,26398,249122783232,1118568448,323506176,795062272,78981,194107,393216,18587,58604,32379,199109,344346624,22902,0,0,0.0,49151.819427490234,393216,0,0,0,0,0,384,384.0,384,2688.0,3072.0,"[7866,7451,5751,5330]",0.5063603719075521,0.0,0.0,,,3496,145,3072,145,424,38.0,47.0,147,0.04204805491990847,424,0.0478515625
B32_c50_lru_s0_rho0.25,32,0.5,lru,False,0.25,,768,5692,23904,11067,40663,383744212992,10594648064,3274924032,7319724032,799542,1787042,4070016,13252,33648,13372,2282974,5649649664,29596,0,0,0.0,508749.99809265137,4070016,0,0,0,0,0,432,766.9768518518518,768,2254.675925925926,3021.652777777778,"[10958,10341,7390,8902]",0.5609250676164418,0.0,0.0,,,11067,522,10254,522,813,32.0,45.0,693,0.06261859582542695,813,0.06758338209479228,130,23904,8662,32696,308558168064,741339136,238288896,503050240,58176,122815,393216,13252,33648,13372,270401,706777088,24034,0,0,0.0,49151.819427490234,393216,0,0,0,0,0,384,768.0,768,2304.0,3072.0,"[9281,9372,6788,7255]",0.6876653035481771,0.0,0.0,,,8662,308,7849,308,813,32.0,43.0,318,0.036712075733087046,813,0.040514715250350365
B32_c50_lru_s0_rho0.5,32,0.5,lru,False,0.5,,1536,5692,25005,33629,64326,607056297984,6155984896,2032418816,4123566080,496196,1006730,4070016,0,0,0,3063286,10103422976,30697,0,0,0.0,508749.99809265137,4070016,0,0,0,0,0,432,1528.9814814814815,1536,1516.1203703703704,3045.1018518518517,"[15768,15948,13787,15751]",0.7526471640406328,0.0,0.0,,,33629,0,32048,0,1581,20.0,26.0,0,0.0,1581,0.0,130,25005,27226,52361,494140391424,225333248,82812928,142520320,20218,34795,393216,0,0,0,358421,1237893120,25135,0,0,0.0,49151.819427490234,393216,0,0,0,0,0,384,1534.8515625,1536,1537.1484375,3072.0,"[13217,13871,11990,13283]",0.9115117390950521,0.0,0.0,,,27226,0,25645,0,1581,21.0,26.0,0,0.0,1581,0.0
B32_c50_lru_s0_rho0.75,32,0.5,lru,False,0.75,,2304,5692,25005,60441,91138,860086075392,0,0,0,0,0,4070016,0,0,0,4070016,16259407872,30697,0,0,0.0,508749.99809265137,4070016,0,0,0,0,0,432,1943.263888888889,2269,1109.0555555555557,3052.3194444444443,"[21212,22196,21372,23286]",1.0,0.0,0.0,,,60441,0,58423,0,2018,15.0,19.0,0,0.0,2018,0.0,130,25005,44861,69996,660565131264,0,0,0,0,0,393216,0,0,0,393216,1463226368,25135,0,0,0.0,49151.819427490234,393216,0,0,0,0,0,384,1920.1223958333333,2256,1151.8776041666667,3072.0,"[16675,17668,16879,18774]",1.0,0.0,0.0,,,44861,0,42843,0,2018,16.0,20.0,0,0.0,2018,0.0
B32_c50_lru_s1_rho0,32,0.5,lru,True,0,,0,5117,4086,0,9203,86850404352,16255668224,4440956928,11814711296,1084218,2884451,4012167,81258,320888,239630,1127716,0,9203,4901,147196,12260.68930053711,508749.99809265137,4070016,4602,9203,3476,1403,22,432,0.0,0,2944.6666666666665,2944.6666666666665,"[2024,1392,702,2013]",0.2810740430296147,0.03616595119036387,0.02409963507912239,0.7831645852399101,0.666015625,0,0,0,0,0,,,0,,0,,169,4086,0,4255,40155217920,1591881728,481243136,1110638592,117491,271152,369137,81258,320888,239630,97985,0,4255,4287,40682,3770.1736755371094,49151.819427490234,393216,929,4255,3476,789,22,384,0.0,0,3059.546875,3059.546875,"[1112,1253,702,980]",0.26544345324364665,0.10345967610677083,0.07670466158631109,0.7853780902847421,0.6664062261581422,0,0,0,0,0,,,0,,0,
B32_c50_lru_s1_rho0.125,32,0.5,lru,True,0.125,,384,5116,6628,1801,13545,127826657280,13753405440,3944443904,9808961536,962999,2394766,4004545,95227,276426,172796,1609779,2311090176,11744,5749,156120,13113.06576538086,508749.99809265137,4070016,5435,11744,3813,1865,71,432,383.9375,384,2608.752314814815,2992.689814814815,"[3158,2669,1791,2855]",0.4019879911450614,0.03835857156335503,0.025775067940133463,0.7778235945956233,0.6657142639160156,1801,621,1385,586,416,44.0,335.0,773,0.4292059966685175,381,0.5443661971830986,168,6628,848,7644,72137834496,1301917696,406429696,895488000,99226,218625,361515,95227,276426,172796,142890,98791424,6796,5135,49606,4622.550140380859,49151.819427490234,393216,1762,6796,3813,1251,71,384,384.0,384,2688.0,3072.0,"[2032,2264,1723,1625]",0.39525330899132816,0.12615458170572916,0.09404636886738525,0.7790329281636083,0.6657142639160156,848,353,452,338,396,46.0,331.0,353,0.41627358490566035,381,0.7558886509635975
B32_c50_lru_s1_rho0.25,32,0.5,lru,True,0.25,,768,5144,15184,8012,28340,267449794560,10643824640,3272499200,7371325440,798950,1799640,3991841,36836,100999,40499,2192201,5345910784,20328,6594,168465,14369.738677978516,508749.99809265137,4070016,7972,20328,1174,5407,13,432,766.7893518518518,768,2250.2060185185187,3016.9953703703704,"[7403,6791,4984,6090]",0.5491704203649393,0.04139172917256345,0.028245186696514858,0.77505269828333,0.6654446125030518,8012,927,7196,927,816,43.0,94.0,1211,0.15114827758362456,816,0.16828793774319067,196,15184,5797,21177,199851245568,800526336,261107712,539418624,63747,131694,348811,36836,100999,40499,217117,525422592,15380,5980,61951,5879.223052978516,49151.819427490234,393216,4299,15380,1174,4793,13,384,768.0,768,2304.0,3072.0,"[5977,6032,4545,4623]",0.6224488333223436,0.1575495402018229,0.11961353865347071,0.7758066443595599,0.665413498878479,5797,521,4981,521,816,43.0,47.0,526,0.09073658789028809,816,0.1056012848825537
B32_c50_lru_s1_rho0.5,32,0.5,lru,True,0.5,,1536,5152,18313,25915,49380,466008145920,6394331136,2044022784,4350308352,499029,1062087,3986791,4238,11108,3030,2924704,9595416576,23465,6852,172320,14702.56802368164,508749.99809265137,4070016,8937,23465,95,6757,0,432,1526.1805555555557,1536,1514.9490740740741,3041.1296296296296,"[12097,12008,10464,11739]",0.7335985257315971,0.04233889989621662,0.02889939671509163,0.7733115462865735,0.6655172109603882,25915,211,24368,211,1547,28.0,37.0,346,0.013351340922245804,1547,0.014198949441891005,204,18313,19840,38357,361982066688,306843648,106348544,200495104,25964,48949,343761,4238,11108,3030,294812,1019117568,18517,6238,65806,6212.052398681641,49151.819427490234,393216,5264,18517,95,6143,0,384,1533.2447916666667,1536,1538.7552083333333,3072.0,"[9838,10137,8855,9527]",0.8576074656520082,0.16735331217447916,0.12638499390334446,0.7738629297764494,0.6655172109603882,19840,54,18293,54,1547,29.0,36.0,60,0.0030241935483870967,1547,0.0032799431476521076
B32_c50_lru_s1_rho0.75,32,0.5,lru,True,0.75,,2304,5152,18606,49292,73050,689386291200,0,0,0,0,0,3985905,0,0,0,3985905,15991205888,23758,6939,173324,14777.191619873047,508749.99809265137,4070016,9031,23758,0,6939,0,432,1978.0416666666667,2291,1070.4189814814815,3048.4606481481483,"[16970,17546,17119,18343]",1.0,0.04258558197314212,0.02904607700299566,0.7728453173574169,0.665413498878479,49292,0,47227,0,2065,18.0,27.0,0,0.0,2065,0.0,204,18606,35238,54048,510060920832,0,0,0,0,0,342875,0,0,0,342875,1327419392,18810,6325,66810,6286.675994873047,49151.819427490234,393216,5358,18810,0,6325,0,384,1961.4088541666667,2281,1110.5911458333333,3072.0,"[12977,13554,13159,14358]",1.0,0.1699066162109375,0.12790322043209976,0.7733438573807124,0.665413498878479,35238,0,33173,0,2065,20.0,27.0,0,0.0,2065,0.0
B32_c50_gate_s0_rho0,32,0.5,gate,False,0,,0,5692,7473,0,13165,124240527360,16465977344,4499820544,11966156800,1098589,2921425,4070016,88614,349760,261146,1148591,0,13165,0,0,0.0,508749.99809265137,4070016,0,0,0,0,0,432,0.0,0,2960.8356481481483,2960.8356481481483,"[3043,2627,1507,2916]",0.28220798149196463,0.0,0.0,,,0,0,0,0,0,,,0,,0,,130,7473,0,7603,71750909952,1669795840,495513600,1174282240,120975,286690,393216,88614,349760,261146,106526,0,7603,0,0,0.0,49151.819427490234,393216,0,0,0,0,0,384,0.0,0,3067.4036458333335,3067.4036458333335,"[1912,2342,1507,1734]",0.2709096272786458,0.0,0.0,,,0,0,0,0,0,,,0,,0,
B32_c50_gate_s0_rho0.125,32,0.5,gate,False,0.125,,384,5692,8965,761,15418,145502502912,14968008704,4259880960,10708127744,1040010,2614289,4070016,111518,340971,225528,1455727,1368363008,14657,0,0,0.0,508749.99809265137,4070016,0,0,0,0,0,432,383.9513888888889,384,2609.9166666666665,2993.8680555555557,"[3600,3315,2049,3382]",0.3576710754945435,0.0,0.0,,,761,483,352,81,409,239.0,431.0,631,0.8291721419185283,4,0.8335535006605019,130,8965,196,9291,87680876544,1512808448,467714048,1045094400,114188,255150,393216,111518,340971,225528,138066,27381760,9095,0,0,0.0,49151.819427490234,393216,0,0,0,0,0,384,384.0,384,2688.0,3072.0,"[2337,2872,1996,2086]",0.3511199951171875,0.0,0.0,,,196,192,25,25,171,300.0,382.0,192,0.9795918367346939,4,1.0
B32_c50_gate_s0_rho0.25,32,0.5,gate,False,0.25,,768,5692,10652,1721,18065,170482728960,13461585920,3992989696,9468596224,974851,2311669,4070016,138240,328236,179916,1758347,2713669632,16344,0,0,0.0,508749.99809265137,4070016,0,0,0,0,0,432,766.9768518518518,768,2249.7453703703704,3016.722222222222,"[4243,4098,2728,3924]",0.4320245915495172,0.0,0.0,,,1721,1048,906,255,815,193.0,410.0,1391,0.8082510168506682,19,0.8172737955346651,130,10652,532,11314,106772299776,1306312704,422326272,883986432,103107,215817,393216,138240,328236,179916,177399,72761344,10782,0,0,0.0,49151.819427490234,393216,0,0,0,0,0,384,768.0,768,2304.0,3072.0,"[2851,3482,2478,2503]",0.45114898681640625,0.0,0.0,,,532,506,97,90,435,248.0,377.90000000000003,512,0.9624060150375939,19,0.9980506822612085
B32_c50_gate_s0_rho0.5,32,0.5,gate,False,0.5,,1536,5692,14836,4797,25325,238996684800,10174586880,3269058560,6905528320,798110,1685920,4070016,189284,289170,78175,2384096,5640417280,20528,0,0,0.0,508749.99809265137,4070016,0,0,0,0,0,432,1530.0324074074074,1536,1514.3912037037037,3044.4236111111113,"[6048,6220,4542,5443]",0.5857706701890115,0.0,0.0,,,4797,2756,3208,1301,1589,97.0,381.40000000000055,3564,0.7429643527204502,128,0.7633326194045834,130,14836,2008,16974,160186761216,809238528,284950528,524288000,69568,128000,393216,189284,289170,78175,265216,209584128,14966,0,0,0.0,49151.819427490234,393216,0,0,0,0,0,384,1536.0,1536,1536.0,3072.0,"[4284,5159,3831,3700]",0.6744791666666666,0.0,0.0,,,2008,1813,883,822,1125,147.0,347.0,1854,0.9233067729083665,128,0.9861702127659574
B32_c50_gate_s0_rho0.75,32,0.5,gate,False,0.75,,2304,5692,19521,45464,70677,666991853568,0,0,0,0,0,4070016,220708,222398,0,4070016,15473876992,25213,0,0,0.0,508749.99809265137,4070016,0,0,0,0,0,432,2250.722222222222,2301,801.5972222222222,3052.3194444444443,"[16035,17179,16246,18145]",1.0,0.0,0.0,,,45464,5886,43174,4252,2290,1.0,51.0,7135,0.15693735702973782,641,0.15918167012471277,130,19521,29884,49535,467470909440,0,0,0,0,0,393216,220708,222398,0,393216,677695488,19651,0,0,0.0,49151.819427490234,393216,0,0,0,0,0,384,2261.8645833333335,2299,810.1354166666666,3072.0,"[11498,12651,11753,13633]",1.0,0.0,0.0,,,29884,4852,27894,3518,1990,1.0,97.0,5075,0.16982331682505689,641,0.17354580583387477
B32_c50_gate_s1_rho0,32,0.5,gate,True,0,,0,5106,3959,0,9065,85548072960,16280137728,4447117312,11833020416,1085722,2888921,4017742,87839,345494,257655,1128821,0,9065,4638,141570,11731.433135986328,508749.99809265137,4070016,4415,9065,3763,841,34,432,0.0,0,2936.3564814814813,2936.3564814814813,"[1985,1336,682,1990]",0.280959056106639,0.03478364704217379,0.023059328117874214,0.7705364841718826,0.664634108543396,0,0,0,0,0,,,0,,0,,158,3959,0,4117,38852886528,1616351232,487403520,1128947712,118995,275622,374712,87839,345494,257655,99090,0,4117,4024,35056,3240.917510986328,49151.819427490234,393216,742,4117,3763,227,34,384,0.0,0,3050.1979166666665,3050.1979166666665,"[1073,1197,682,957]",0.26444309229488244,0.08915201822916667,0.06593687779487788,0.7709678067542449,0.6643518209457397,0,0,0,0,0,,,0,,0,
B32_c50_gate_s1_rho0.125,32,0.5,gate,True,0.125,,384,5106,4991,691,10788,101808340992,14775099392,4202233856,10572865536,1025936,2581266,4015030,110375,336239,223034,1433764,1370624000,10097,5024,144389,11995.204498291016,508749.99809265137,4070016,4612,10097,4046,960,18,432,383.9375,384,2600.622685185185,2984.560185185185,"[2410,1871,1110,2325]",0.3570991997569134,0.035476273311947665,0.023577797628033602,0.7715029459043293,0.66534982919693,691,470,275,62,416,342.0,432.0,574,0.8306801736613604,3,0.8343023255813954,158,4991,136,5285,49875517440,1462378496,461783040,1000595456,112740,244286,372000,110375,336239,223034,127714,19558400,5149,4410,37875,3504.6888732910156,49151.819427490234,393216,939,5149,4046,346,18,384,384.0,384,2686.515625,3070.515625,"[1368,1578,1110,1176]",0.34331720430107526,0.09632110595703125,0.07130333961413583,0.7720310750596918,0.6653225421905518,136,133,6,6,130,323.0,377.0,133,0.9779411764705882,3,1.0
B32_c50_gate_s1_rho0.25,32,0.5,gate,True,0.25,,768,5110,6190,1569,12869,121447120896,13308239872,3943792640,9364447232,962840,2286242,4012071,136347,324493,179759,1725829,2675191808,11300,5390,147831,12301.137237548828,508749.99809265137,4070016,4834,11300,4092,1275,23,432,766.7893518518518,768,2244.7314814814813,3011.5208333333335,"[2911,2499,1659,2728]",0.430159137263523,0.03632197023304085,0.024179139623915238,0.7678680306573524,0.6653005480766296,1569,958,751,169,818,216.0,430.0,1279,0.8151688973868706,18,0.8246292714377821,162,6190,424,6776,63946358784,1258708992,419278848,839430144,102363,204939,369041,136347,324493,179759,164102,60936192,6352,4776,41317,3810.621612548828,49151.819427490234,393216,1161,6352,4092,661,23,384,768.0,768,2304.0,3072.0,"[1749,2036,1522,1469]",0.44467145926875334,0.10507456461588542,0.07752757999468025,0.7678883848477848,0.6653005480766296,424,402,59,56,365,305.5,378.0,403,0.9504716981132075,18,0.9926108374384236
B32_c50_gate_s1_rho0.5,32,0.5,gate,True,0.5,,1536,5136,9311,4338,18785,177277501440,9925009408,3197771776,6727237632,780706,1642392,4002561,183384,281933,80571,2360169,5684482048,14447,6190,157395,13198.488983154297,508749.99809265137,4070016,5513,14447,3804,2373,13,432,1528.648148148148,1536,1511.701388888889,3040.349537037037,"[4382,4187,3182,3962]",0.5896647171648353,0.03867183814510803,0.02594297598552648,0.7720477671634784,0.6657562136650086,4338,2456,2753,968,1585,99.0,402.0,3202,0.7381281696634394,89,0.7535890797834784,188,9311,1622,11121,104950923264,773554176,285618176,487936000,69731,119125,359531,183384,281933,80571,240406,172150784,9499,5576,50881,4707.973358154297,49151.819427490234,393216,1840,9499,3804,1759,13,384,1535.9791666666667,1536,1536.0208333333333,3072.0,"[2864,3294,2576,2387]",0.6686655670860093,0.1293970743815104,0.09578431506690399,0.7725254518529093,0.66576087474823,1622,1447,643,565,979,179.0,365.0,1487,0.9167694204685574,89,0.9699934768427919
B32_c50_gate_s1_rho0.75,32,0.5,gate,True,0.75,,2304,5138,13377,35335,53850,508192358400,0,0,0,0,0,3994679,217001,218528,0,3994679,15227269120,18515,6696,164348,13875.520538330078,508749.99809265137,4070016,6468,18515,3344,3349,3,432,2247.453703703704,2304,801.0069444444445,3048.4606481481483,"[12102,12857,12312,13507]",1.0,0.04038018523760103,0.02727375054614374,0.7729258729565528,0.66576087474823,35335,5335,33032,3709,2303,1.0,97.0,6632,0.18768925994056884,658,0.19125068489200334,190,13377,21281,34848,328866988032,0,0,0,0,0,351649,217001,218528,0,351649,563482624,13567,6082,57834,5385.004913330078,49151.819427490234,393216,2795,13567,3344,2735,3,384,2261.1197916666665,2301,810.8802083333334,3072.0,"[8109,8865,8352,9522]",1.0,0.1470794677734375,0.10955860792242182,0.7734524640096955,0.665786349773407,21281,4214,19344,2954,1937,1.0,99.0,4470,0.21004652037028335,658,0.2167482907433448
B32_c50_coverage_s0_rho0,32,0.5,coverage,False,0,,0,5692,9889,0,15581,147040763904,16414085120,4471943168,11942141952,1091783,2915562,4070016,69950,273688,203738,1154454,0,15581,0,0,0.0,508749.99809265137,4070016,0,0,0,0,0,432,0.0,0,2959.9675925925926,2959.9675925925926,"[4083,3203,1988,3235]",0.2836485163694688,0.0,0.0,,,0,0,0,0,0,,,0,,0,,130,9889,0,10019,94551146496,1617903616,467636224,1150267392,114169,280827,393216,69950,273688,203738,112389,0,10019,0,0,0.0,49151.819427490234,393216,0,0,0,0,0,384,0.0,0,3066.4270833333335,3066.4270833333335,"[2952,2918,1988,2053]",0.28582000732421875,0.0,0.0,,,0,0,0,0,0,,,0,,0,
B32_c50_coverage_s0_rho0.125,32,0.5,coverage,False,0.125,,384,5692,10304,56041,72037,679826423808,6092341248,1812193280,4280147968,442430,1044958,4070016,67656,263163,0,3025058,10323234816,15996,0,0,0.0,508749.99809265137,4070016,0,0,0,0,0,432,199.3935185185185,384,2801.886574074074,3001.2800925925926,"[16539,17688,16286,18452]",0.7432545719721987,0.0,0.0,,,56041,6964,53549,6349,2492,1.0,49.0,8568,0.15288806409592975,1522,0.15715622076707203,130,10304,48322,58756,554491183104,0,0,0,0,0,393216,67656,263163,0,393216,1619394560,10434,0,0,0.0,49151.819427490234,393216,0,0,0,0,0,384,179.17708333333334,351,2892.8229166666665,3072.0,"[13730,15270,14107,15649]",1.0,0.0,0.0,,,48322,6412,45892,5822,2430,1.0,49.0,7697,0.1592856255949671,1522,0.16446581196581198
B32_c50_coverage_s0_rho0.25,32,0.5,coverage,False,0.25,,768,5692,10273,58593,74558,703617564672,4239601664,1230434304,3009167360,300399,734660,4070016,68074,263621,0,3335356,12176171008,15965,0,0,0.0,508749.99809265137,4070016,0,0,0,0,0,432,221.24074074074073,768,2799.8310185185187,3021.071759259259,"[17072,18234,17097,19083]",0.8194945670975249,0.0,0.0,,,58593,7141,56081,6479,2512,1.0,49.0,8890,0.15172460874165855,1496,0.1556999492092404,130,10273,48368,58771,554632740864,0,0,0,0,0,393216,68074,263621,0,393216,1619591168,10403,0,0,0.0,49151.819427490234,393216,0,0,0,0,0,384,180.29947916666666,351,2891.7005208333335,3072.0,"[13709,15149,14187,15726]",1.0,0.0,0.0,,,48368,6458,45945,5822,2423,1.0,49.0,7746,0.16014720476348,1496,0.16525857654889914
B32_c50_coverage_s0_rho0.5,32,0.5,coverage,False,0.5,,1536,5692,10281,61543,77516,731532754944,1853452288,546865152,1306587136,133512,318991,4070016,67971,264031,0,3751025,14566309888,15973,0,0,0.0,508749.99809265137,4070016,0,0,0,0,0,432,247.94212962962962,1536,2797.1388888888887,3045.0810185185187,"[17485,19184,18132,19643]",0.9216241410353178,0.0,0.0,,,61543,7287,58953,6633,2590,1.0,49.0,9261,0.15048015208878346,1504,0.15424973767051417,130,10281,48335,58746,554396811264,0,0,0,0,0,393216,67971,264031,0,393216,1623580672,10411,0,0,0.0,49151.819427490234,393216,0,0,0,0,0,384,179.06770833333334,348,2892.9322916666665,3072.0,"[13457,15290,14345,15654]",1.0,0.0,0.0,,,48335,6436,45891,5813,2444,1.0,49.0,7737,0.16007034240198614,1504,0.16521107813200658
B32_c50_coverage_s0_rho0.75,32,0.5,coverage,False,0.75,,2304,5692,10311,64033,80036,755314458624,0,0,0,0,0,4070016,67967,263432,0,4070016,16422907904,16003,0,0,0.0,508749.99809265137,4070016,0,0,0,0,0,432,258.1550925925926,2253,2794.1643518518517,3052.3194444444443,"[18074,19727,18979,20184]",1.0,0.0,0.0,,,64033,7573,61358,6933,2675,1.0,49.0,9864,0.15404557025283838,1545,0.1578543080271412,130,10311,48453,58894,555793514496,0,0,0,0,0,393216,67967,263432,0,393216,1626726400,10441,0,0,0.0,49151.819427490234,393216,0,0,0,0,0,384,178.79947916666666,343,2893.2005208333335,3072.0,"[13537,15199,14486,15672]",1.0,0.0,0.0,,,48453,6564,45977,5958,2476,1.0,49.0,7968,0.16444802179431614,1545,0.16986441545152212
B32_c50_coverage_s1_rho0,32,0.5,coverage,True,0,,0,5099,3112,0,8211,77488717824,16157073408,4416905216,11740168192,1078346,2866252,3987878,72389,283648,211259,1121626,0,8211,7279,174784,14887.94644165039,508749.99809265137,4070016,5325,8211,3572,3565,142,432,0.0,0,2927.1689814814813,2927.1689814814813,"[1868,1063,489,1719]",0.2812588549599562,0.04294430292165927,0.029263776899197277,0.7684445960915732,0.6637930870056152,0,0,0,0,0,,,0,,0,,151,3112,0,3263,30793531392,1493286912,457191424,1036095488,111619,252953,344848,72389,283648,211259,91895,0,3263,6665,68270,6397.430816650391,49151.819427490234,393216,1652,3263,3572,2951,142,384,0.0,0,3039.8619791666665,3039.8619791666665,"[956,924,489,686]",0.2664797244003155,0.17361958821614584,0.1301565413277938,0.7685122964351766,0.662857174873352,0,0,0,0,0,,,0,,0,
B32_c50_coverage_s1_rho0.125,32,0.5,coverage,True,0.125,,384,5099,3328,44903,53330,503285022720,6035099648,1789554688,4245544960,436903,1036510,3985396,70878,274030,0,2948886,10118094848,8427,7453,177209,15136.417999267578,508749.99809265137,4070016,5478,8427,3511,3781,161,432,168.94907407407408,384,2827.511574074074,2996.4606481481483,"[12101,12907,11807,13443]",0.7399229587222951,0.04354012367518948,0.029752173083076844,0.7682946401043544,0.6637930870056152,44903,7208,42396,6603,2507,1.0,50.0,8876,0.19767053426274414,1511,0.2045538348082596,151,3328,38276,41755,394049617920,0,0,0,0,0,342366,70878,274030,0,342366,1489408000,3479,6839,70695,6645.902374267578,49151.819427490234,393216,1805,3479,3511,3167,161,384,147.671875,245,2924.328125,3072.0,"[9740,10917,10042,11056]",1.0,0.17978668212890625,0.1352117266802656,0.7683471550647235,0.6635338068008423,38276,6649,35834,6065,2442,1.0,49.0,7959,0.20793708851499634,1511,0.21648306813545493
B32_c50_coverage_s1_rho0.25,32,0.5,coverage,True,0.25,,768,5099,3313,47197,55609,524792365056,4217733120,1216630784,3001102336,297029,732691,3985294,70643,274369,0,3252603,11939221504,8412,7453,177183,15134.676055908203,508749.99809265137,4070016,5470,8412,3498,3794,161,432,189.90509259259258,768,2827.1388888888887,3017.0439814814813,"[12530,13383,12627,13997]",0.8161513303660909,0.04353373549391452,0.029748749115772855,0.7683291740262651,0.6637930870056152,47197,7311,44645,6659,2552,1.0,50.0,9146,0.193783503188762,1492,0.20010939722131058,151,3313,38236,41700,393530572800,0,0,0,0,0,342264,70643,274369,0,342264,1493168128,3464,6839,70669,6644.160430908203,49151.819427490234,393216,1797,3464,3498,3180,161,384,148.171875,244,2923.828125,3072.0,"[9651,10759,10180,11110]",1.0,0.1797205607096354,0.13517628662169473,0.7683847894147746,0.6635338068008423,38236,6623,35790,5999,2446,1.0,49.0,7969,0.208416152317188,1492,0.21687894622251253
B32_c50_coverage_s1_rho0.5,32,0.5,coverage,True,0.5,,1536,5099,3323,49934,58356,550716309504,1916731392,567472128,1349259264,138543,329409,3985268,70798,274547,0,3655859,14245556224,8422,7454,177211,15136.562530517578,508749.99809265137,4070016,5470,8422,3499,3794,161,432,216.0810185185185,1536,2825.046296296296,3041.127314814815,"[13012,14248,13588,14436]",0.9173433254676975,0.043540615073749095,0.029752457173987,0.768316898751841,0.6637930870056152,49934,7611,47300,6979,2634,1.0,50.0,9710,0.19445668282132414,1529,0.20059911166201838,151,3323,38280,41754,394040180736,0,0,0,0,0,342238,70798,274547,0,342238,1498501120,3474,6840,70697,6646.046905517578,49151.819427490234,393216,1797,3474,3499,3180,161,384,147.49479166666666,242,2924.5052083333335,3072.0,"[9554,10894,10327,10979]",1.0,0.1797917683919271,0.13521466718687722,0.7683714041061569,0.6635338068008423,38280,6788,35812,6186,2468,1.0,49.0,8139,0.21261755485893416,1529,0.22146336154118254
B32_c50_coverage_s1_rho0.75,32,0.5,coverage,True,0.75,,2304,5099,3309,52416,60824,574007279616,0,0,0,0,0,3985294,70702,274558,0,3985294,16159305728,8408,7453,177183,15134.676055908203,508749.99809265137,4070016,5469,8408,3498,3794,161,432,225.4398148148148,2229,2823.0208333333335,3048.4606481481483,"[13528,14824,14338,15062]",1.0,0.04353373549391452,0.029748749115772855,0.7683291740262651,0.6637930870056152,52416,7785,49693,7149,2723,1.0,50.0,10151,0.19366224053724054,1543,0.19953609969925107,151,3309,38362,41822,394681909248,0,0,0,0,0,342264,70702,274558,0,342264,1495519232,3460,6839,70669,6644.160430908203,49151.819427490234,393216,1796,3460,3498,3180,161,384,147.40625,240,2924.59375,3072.0,"[9535,10832,10378,11077]",1.0,0.1797205607096354,0.13517628662169473,0.7683847894147746,0.6635338068008423,38362,6740,35876,6154,2486,1.0,49.0,8140,0.2121891455085762,1543,0.2210815068307124
B32_c60_lru_s0_rho0,32,0.6,lru,False,0,,0,5692,6367,0,12059,113803001856,16456380416,4491673600,11964706816,1096600,2921071,4070016,83770,329825,246055,1148945,0,12059,0,0,0.0,508749.99809265137,4070016,0,0,0,0,0,432,0.0,0,3519.4953703703704,3519.4953703703704,"[2721,2070,1073,2509]",0.28229495903701607,0.0,0.0,,,0,0,0,0,0,,,0,,0,,130,6367,0,6497,61313384448,1660198912,487366656,1172832256,118986,286336,393216,83770,329825,246055,106880,0,6497,0,0,0.0,49151.819427490234,393216,0,0,0,0,0,384,0.0,0,3669.1041666666665,3669.1041666666665,"[1744,1939,1073,1480]",0.2718098958333333,0.0,0.0,,,0,0,0,0,0,,,0,,0,
B32_c60_lru_s0_rho0.125,32,0.6,lru,False,0.125,,460,5692,15338,3403,24433,230578716672,13714132992,3945525248,9768607744,963263,2384914,4070016,67395,198071,117233,1685102,2564947968,21030,0,0,0.0,508749.99809265137,4070016,0,0,0,0,0,432,459.775462962963,460,3120.1203703703704,3579.8958333333335,"[6438,5539,3833,4937]",0.41402834780010694,0.0,0.0,,,3403,690,2894,684,509,45.0,190.0,950,0.2791654422568322,503,0.3275862068965517,130,15338,2265,17733,167349583872,1255014400,377778176,877236224,92231,214169,393216,67395,198071,117233,179047,227885056,15468,0,0,0.0,49151.819427490234,393216,0,0,0,0,0,384,460.0,460,3226.0,3686.0,"[5202,5086,3762,3683]",0.45534006754557294,0.0,0.0,,,2265,381,1757,376,508,45.0,142.0,382,0.1686534216335541,503,0.21679909194097616
B32_c60_lru_s0_rho0.25,32,0.6,lru,False,0.25,,921,5692,22390,10679,38761,365794689024,10691592192,3266232320,7425359872,797420,1812832,4070016,26654,71219,25675,2257184,5544357888,28082,0,0,0.0,508749.99809265137,4070016,0,0,0,0,0,432,919.2685185185185,921,2693.2824074074074,3612.550925925926,"[10106,9773,6826,8370]",0.5545884831902381,0.0,0.0,,,10679,726,9701,726,978,39.0,66.0,1165,0.10909261166775916,978,0.12009071229770127,130,22390,8121,30641,289164754944,790454272,250839040,539615232,61240,131742,393216,26654,71219,25675,261474,649314304,22520,0,0,0.0,49151.819427490234,393216,0,0,0,0,0,384,921.0,921,2765.0,3686.0,"[8540,8915,6334,6852]",0.6649627685546875,0.0,0.0,,,8121,302,7143,302,978,39.0,46.0,311,0.03829577638221894,978,0.04353912921741565
B32_c60_lru_s0_rho0.5,32,0.6,lru,False,0.5,,1843,5692,24676,33408,63776,601865846784,6113521664,1969238016,4144283648,480771,1011788,4070016,4680,10042,810,3058228,10135179264,30368,0,0,0.0,508749.99809265137,4070016,0,0,0,0,0,432,1831.4398148148148,1843,1814.8240740740741,3646.2638888888887,"[15482,15717,13569,15322]",0.7514044170833727,0.0,0.0,,,33408,289,31529,289,1879,24.0,32.0,590,0.01766044061302682,1879,0.018712930952456467,130,24676,26428,51234,483504685056,281673728,97886208,183787520,23898,44870,393216,4680,10042,810,348346,1170845696,24806,0,0,0.0,49151.819427490234,393216,0,0,0,0,0,384,1840.3229166666667,1843,1845.6770833333333,3686.0,"[12952,13656,11752,12874]",0.8858896891276041,0.0,0.0,,,26428,137,24549,137,1879,25.0,31.0,162,0.006129862267292265,1879,0.006599046804350483
B32_c60_lru_s0_rho0.75,32,0.6,lru,False,0.75,,2764,5692,25005,60441,91138,860086075392,0,0,0,0,0,4070016,0,0,0,4070016,16259407872,30697,0,0,0.0,508749.99809265137,4070016,0,0,0,0,0,432,2330.7199074074074,2722,1325.9282407407406,3656.6481481481483,"[21058,22042,21219,23133]",1.0,0.0,0.0,,,60441,0,58039,0,2402,18.0,23.0,0,0.0,2402,0.0,130,25005,44861,69996,660565131264,0,0,0,0,0,393216,0,0,0,393216,1463226368,25135,0,0,0.0,49151.819427490234,393216,0,0,0,0,0,384,2307.5104166666665,2704,1378.4895833333333,3686.0,"[16675,17668,16879,18774]",1.0,0.0,0.0,,,44861,0,42459,0,2402,19.0,23.0,0,0.0,2402,0.0
B32_c60_lru_s1_rho0,32,0.6,lru,True,0,,0,5103,2210,0,7313,69014126592,16281038848,4440059904,11840978944,1083999,2890864,4018120,87685,345497,257812,1127256,0,7313,4016,139933,11580.066864013672,508749.99809265137,4070016,4116,7313,3057,920,39,432,0.0,0,3469.238425925926,3469.238425925926,"[1381,641,185,1420]",0.280543139577713,0.03438143732113092,0.02276180227504347,0.7906091636662702,0.6666666269302368,0,0,0,0,0,,,0,,0,,155,2210,0,2365,22318940160,1617252352,480346112,1136906240,117272,277565,375090,87685,345497,257812,97525,0,2365,3402,33419,3089.551239013672,49151.819427490234,393216,443,2365,3057,306,39,384,0.0,0,3625.9609375,3625.9609375,"[623,641,185,540]",0.26000426564291235,0.08498891194661458,0.06285731179435668,0.7947421052538599,0.6666666269302368,0,0,0,0,0,,,0,,0,
B32_c60_lru_s1_rho0.125,32,0.6,lru,True,0.125,,460,5101,3171,1363,9635,90927267840,13569458176,3943854080,9625604096,962855,2350001,4016894,120471,341081,215930,1666893,2531782656,8272,4450,141185,11682.582489013672,508749.99809265137,4070016,4273,8272,3410,971,69,432,459.7615740740741,460,3110.0046296296296,3569.766203703704,"[1900,1345,758,1946]",0.4149706215797579,0.034689052819448375,0.02296330718980384,0.7863738050487604,0.6654044032096863,1363,637,792,113,571,118.0,398.0,860,0.6309611151870873,47,0.6534954407294833,153,3171,286,3610,34068234240,1399140352,434958336,964182016,106191,235396,373864,120471,341081,215930,138468,38313984,3324,3836,34671,3192.066864013672,49151.819427490234,393216,600,3324,3410,357,69,384,460.0,460,3225.4140625,3685.4140625,"[914,1056,758,842]",0.37036997410823186,0.08817291259765625,0.0649430051866681,0.7893612286905303,0.6653680205345154,286,236,20,17,266,240.5,378.0,238,0.8321678321678322,47,0.99581589958159
B32_c60_lru_s1_rho0.25,32,0.6,lru,True,0.25,,921,5116,6180,4209,15505,146323537920,10961362944,3355652096,7605710848,819251,1856863,4007116,127482,289006,145976,2150253,4966281216,11296,5423,152122,12715.873626708984,508749.99809265137,4070016,5192,11296,3519,1854,50,432,919.0023148148148,921,2687.634259259259,3606.636574074074,"[3373,3078,2191,3177]",0.5366086232592219,0.03737626584268956,0.024994346288711385,0.7806870622452875,0.6666666269302368,4209,1414,3186,1306,1023,40.0,335.0,1767,0.41981468282252316,915,0.5364298724954463,168,6180,1886,8234,77705773056,1070419968,350580736,719839232,85591,175742,364086,127482,289006,145976,188344,193437696,6348,4809,45608,4225.358001708984,49151.819427490234,393216,1519,6348,3519,1240,50,384,921.0,921,2765.0,3686.0,"[2089,2435,1861,1849]",0.5173063506973627,0.11598714192708333,0.08596544443166175,0.7823439757425836,0.6666666269302368,1886,821,908,758,978,43.0,332.0,827,0.4384941675503712,915,0.8516992790937178
B32_c60_lru_s1_rho0.5,32,0.6,lru,True,0.5,,1843,5151,17840,25280,48271,455542308864,6687383552,2128306176,4559077376,519606,1113056,3987661,15939,26723,6953,2874605,9267904512,22991,6803,171702,14653.090606689453,508749.99809265137,4070016,8785,22991,145,6652,6,432,1829.798611111111,1843,1811.3055555555557,3641.1041666666665,"[11684,11585,10004,11312]",0.7208749690608104,0.04218705774129635,0.028802143806634265,0.773725125074001,0.6654342412948608,25280,1010,23421,1010,1859,33.0,42.0,1273,0.050356012658227846,1859,0.054352931130182316,203,17840,19508,37551,354375696384,281276416,98033664,183242752,23934,44737,344631,15939,26723,6953,299894,1010225152,18043,6189,65188,6162.574981689453,49151.819427490234,393216,5112,18043,145,6038,6,384,1840.6432291666667,1843,1845.3567708333333,3686.0,"[9656,9982,8646,9267]",0.8701886945747771,0.16578165690104166,0.12537836957959633,0.7743219044544062,0.665413498878479,19508,761,17649,761,1859,34.0,42.0,860,0.044084478162805,1859,0.04872797325627514
B32_c60_lru_s1_rho0.75,32,0.6,lru,True,0.75,,2764,5152,18520,49353,73025,689150361600,0,0,0,0,0,3986146,905,3596,0,3986146,15990300672,23672,6914,173103,14754.23617553711,508749.99809265137,4070016,9000,23672,67,6847,0,432,2372.5810185185187,2747,1279.0046296296296,3651.5856481481483,"[16743,17409,16981,18206]",1.0,0.04253128243230493,0.02900095573631851,0.7726647345651462,0.6653225421905518,49353,44,46912,44,2441,22.0,31.0,89,0.001803335156930683,2441,0.001897169167803547,204,18520,35299,54023,509824991232,0,0,0,0,0,343116,905,3596,0,343116,1326514176,18724,6300,66589,6263.720550537109,49151.819427490234,393216,5327,18724,67,6233,0,384,2357.6354166666665,2741,1328.3645833333333,3686.0,"[12904,13571,13174,14374]",1.0,0.1693445841471354,0.12743618900572903,0.7731476532656049,0.6653225421905518,35299,22,32858,22,2441,24.0,32.0,27,0.0007648941896371002,2441,0.0008217176943210177
B32_c60_gate_s0_rho0,32,0.6,gate,False,0,,0,5692,5176,0,10868,102563315712,16472932352,4499263488,11973668864,1098453,2923259,4070016,92407,363272,270865,1146757,0,10868,0,0,0.0,508749.99809265137,4070016,0,0,0,0,0,432,0.0,0,3508.0393518518517,3508.0393518518517,"[2318,1753,825,2286]",0.28175736901279996,0.0,0.0,,,0,0,0,0,0,,,0,,0,,130,5176,0,5306,50073698304,1676750848,494956544,1181794304,120839,288524,393216,92407,363272,270865,104692,0,5306,0,0,0.0,49151.819427490234,393216,0,0,0,0,0,384,0.0,0,3656.2161458333335,3656.2161458333335,"[1341,1622,825,1257]",0.2662455240885417,0.0,0.0,,,0,0,0,0,0,,,0,,0,
B32_c60_gate_s0_rho0.125,32,0.6,gate,False,0.125,,460,5692,6743,845,13280,125325803520,14993768448,4249669632,10744098816,1037517,2623071,4070016,114609,355146,236604,1446945,1350963200,12435,0,0,0.0,508749.99809265137,4070016,0,0,0,0,0,432,459.775462962963,460,3110.6805555555557,3570.4560185185187,"[2890,2487,1434,2783]",0.35551334441928484,0.0,0.0,,,845,576,346,88,499,294.0,432.0,734,0.8686390532544379,3,0.8717339667458432,130,6743,223,7096,66966257664,1521274880,464244736,1057030144,113341,258064,393216,114609,355146,236604,135152,27275264,6873,0,0,0.0,49151.819427490234,393216,0,0,0,0,0,384,460.0,460,3223.90625,3683.90625,"[1775,2181,1434,1628]",0.3437093098958333,0.0,0.0,,,223,215,21,18,202,300.0,383.0,219,0.9820627802690582,3,0.9954545454545455
B32_c60_gate_s0_rho0.25,32,0.6,gate,False,0.25,,921,5692,8562,1822,16076,151712169984,13447663616,3976282112,9471381504,970772,2312349,4070016,142352,343853,192005,1757667,2743136256,14254,0,0,0.0,508749.99809265137,4070016,0,0,0,0,0,432,919.2685185185185,921,2686.3819444444443,3605.650462962963,"[3539,3357,2140,3354]",0.431857516039249,0.0,0.0,,,1822,1141,849,208,973,237.0,430.0,1535,0.8424807903402854,22,0.8527777777777777,130,8562,511,9203,86850404352,1329098752,432005120,897093632,105470,219017,393216,142352,343853,192005,174199,65519616,8692,0,0,0.0,49151.819427490234,393216,0,0,0,0,0,384,921.0,921,2765.0,3686.0,"[2279,2847,2004,2073]",0.44301096598307294,0.0,0.0,,,511,484,72,68,439,293.0,380.0,488,0.9549902152641878,22,0.9979550102249489
B32_c60_gate_s0_rho0.5,32,0.6,gate,False,0.5,,1843,5692,13042,5193,23927,225803501568,9769234432,3159748608,6609485824,771423,1613644,4070016,201539,306477,82499,2456372,6019178496,18734,0,0,0.0,508749.99809265137,4070016,0,0,0,0,0,432,1833.8935185185185,1843,1811.5532407407406,3645.446759259259,"[5492,5621,4083,5045]",0.6035288313362895,0.0,0.0,,,5193,2994,3300,1218,1893,101.0,398.0,3939,0.7585210860774119,108,0.7746312684365781,130,13042,2037,15209,143530131456,786468864,281690112,504778752,68772,123237,393216,201539,306477,82499,269979,205762560,13172,0,0,0.0,49151.819427490234,393216,0,0,0,0,0,384,1842.96875,1843,1843.03125,3686.0,"[3819,4604,3417,3369]",0.6865921020507812,0.0,0.0,,,2037,1851,802,732,1235,180.0,361.0,1904,0.9347079037800687,108,0.9870399170554691
B32_c60_gate_s0_rho0.75,32,0.6,gate,False,0.75,,2764,5692,18342,42961,66995,632244142080,0,0,0,0,0,4070016,240239,242631,0,4070016,15401140224,24034,0,0,0.0,508749.99809265137,4070016,0,0,0,0,0,432,2687.7731481481483,2761,968.875,3656.6481481481483,"[14941,16133,15177,17058]",1.0,0.0,0.0,,,42961,6428,40217,4486,2744,1.0,97.0,8071,0.18786806638579176,778,0.19133300144608018,130,18342,27381,45853,432723197952,0,0,0,0,0,393216,240239,242631,0,393216,604958720,18472,0,0,0.0,49151.819427490234,393216,0,0,0,0,0,384,2704.3255208333335,2759,981.6744791666666,3686.0,"[10558,11759,10837,12699]",1.0,0.0,0.0,,,27381,5186,25051,3658,2330,1.0,97.0,5526,0.20181877944560098,778,0.20772093372927866
B32_c60_gate_s1_rho0,32,0.6,gate,True,0,,0,5104,2456,0,7560,71345111040,16298700800,4449169408,11849531392,1086223,2892952,4021345,91154,358290,267136,1128393,0,7560,4067,136747,11271.11196899414,508749.99809265137,4070016,4135,7560,3315,717,35,432,0.0,0,3440.9444444444443,3440.9444444444443,"[1426,754,201,1493]",0.28060089348215583,0.033598639415668145,0.022154519923833972,0.7720518544378578,0.664814829826355,0,0,0,0,0,,,0,,0,,156,2456,0,2612,24649924608,1634914304,489455616,1145458688,119496,279653,378315,91154,358290,267136,98662,0,2612,3453,30233,2780.5963439941406,49151.819427490234,393216,462,2612,3315,103,35,384,0.0,0,3594.1302083333335,3594.1302083333335,"[668,754,201,613]",0.26079325429866645,0.07688649495442708,0.056571585271551,0.7728239596839439,0.664634108543396,0,0,0,0,0,,,0,,0,
B32_c60_gate_s1_rho0.125,32,0.6,gate,True,0.125,,460,5104,3485,749,9338,88124424192,14830534656,4209979392,10620555264,1027827,2592909,4019514,114255,351694,234126,1426605,1333182464,8589,4405,139164,11486.16079711914,508749.99809265137,4070016,4304,8589,3638,727,40,432,459.7615740740741,460,3088.6388888888887,3548.400462962963,"[1882,1266,638,1866]",0.35491977388311124,0.0341924945749599,0.022577220324681613,0.7702593419527494,0.6643518209457397,749,540,239,43,510,382.0,432.0,650,0.8678237650200267,1,0.8689839572192514,156,3485,143,3784,35710304256,1479524352,459702272,1019822080,112232,248980,376484,114255,351694,234126,127504,20406272,3641,3791,32650,2995.6451721191406,49151.819427490234,393216,631,3641,3638,113,40,384,460.0,460,3209.8776041666665,3669.8776041666665,"[993,1108,638,862]",0.33867043486575793,0.08303324381510417,0.06094678095362019,0.7706722875472833,0.6640625,143,142,3,3,140,313.0,379.0,142,0.993006993006993,1,1.0
B32_c60_gate_s1_rho0.25,32,0.6,gate,True,0.25,,921,5106,4786,1658,11550,108999475200,13203976192,3920830464,9283145728,957234,2266393,4018270,142417,342138,192055,1751877,2797617152,9892,4736,141347,11691.92221069336,508749.99809265137,4070016,4548,9892,3851,863,22,432,919.0023148148148,921,2678.9791666666665,3597.9814814814813,"[2401,1927,1229,2307]",0.4359779208465335,0.03472885610277699,0.02298166536516444,0.7660128083583471,0.664814829826355,1658,1091,668,138,990,311.0,431.0,1416,0.8540410132689988,9,0.8587022437841115,158,4786,378,5322,50224693248,1286090752,422338560,863752192,103110,210877,375240,142417,342138,192055,164363,51716096,4944,4122,34833,3201.4065856933594,49151.819427490234,393216,875,4944,3851,249,22,384,921.0,921,2765.0,3686.0,"[1361,1573,1204,1184]",0.43802099989340154,0.08858489990234375,0.0651330230087645,0.7657600439531834,0.664634108543396,378,368,24,23,354,310.0,377.3,368,0.9735449735449735,9,0.997289972899729
B32_c60_gate_s1_rho0.5,32,0.6,gate,True,0.5,,1843,5119,7915,4691,17725,167274086400,9423425536,3057696768,6365728768,746508,1554133,4006935,199326,302538,85898,2452802,6153527296,13034,5873,153429,12813.101776123047,508749.99809265137,4070016,5215,13034,4273,1585,15,432,1831.9953703703704,1843,1808.201388888889,3640.196759259259,"[3899,3742,2786,3612]",0.612139203655662,0.03769739480139636,0.025185458131028002,0.769935565883452,0.6657142639160156,4691,2710,2758,869,1933,129.0,410.0,3509,0.7480281389895544,81,0.7611713665943601,171,7915,1589,9675,91304755200,750911488,279900160,471011328,68335,114993,363905,199326,302538,85898,248912,162254848,8086,5259,46915,4322.586151123047,49151.819427490234,393216,1542,8086,4273,971,15,384,1842.9635416666667,1843,1843.0364583333333,3686.0,"[2459,2894,2222,2100]",0.6840026930105385,0.11931101481119792,0.08794356346258583,0.7701954400500863,0.6657142639160156,1589,1434,524,459,1065,196.0,370.20000000000005,1474,0.9276274386406544,81,0.9774535809018567
B32_c60_gate_s1_rho0.75,32,0.6,gate,True,0.75,,2764,5138,12301,33141,50580,477332766720,188416,94208,94208,23,23,3996711,237039,239279,0,3996688,15158013952,17439,6586,162647,13720.418731689453,508749.99809265137,4070016,6198,17439,3516,3066,4,432,2683.372685185185,2764,968.2129629629629,3651.5856481481483,"[11136,11909,11347,12502]",0.9999942452681717,0.039962250762650565,0.026968882128999536,0.7732279486490389,0.6666666269302368,33141,5837,30384,3853,2757,1.0,105.0,7538,0.22745240035001962,737,0.23262560177755834,190,12301,19089,31580,298026270720,0,0,0,0,0,353681,237039,239279,0,353681,494415872,12491,5972,56133,5229.903106689453,49151.819427490234,393216,2525,12491,3516,2452,4,384,2703.3046875,2763,982.6953125,3686.0,"[7297,8071,7541,8671]",1.0,0.14275360107421875,0.10640304199531643,0.7737952964823276,0.6666666269302368,19089,4499,16835,3018,2254,1.0,145.0,4888,0.2560637016082561,737,0.26634699215344376
B32_c60_coverage_s0_rho0,32,0.6,coverage,False,0,,0,5692,7344,0,13036,123023130624,16421634048,4463202304,11958431744,1089649,2919539,4070016,81188,318416,237228,1150477,0,13036,0,0,0.0,508749.99809265137,4070016,0,0,0,0,0,432,0.0,0,3509.1319444444443,3509.1319444444443,"[2947,2399,1310,2694]",0.2826713703336793,0.0,0.0,,,0,0,0,0,0,,,0,,0,,130,7344,0,7474,70533513216,1625452544,458895360,1166557184,112035,284804,393216,81188,318416,237228,108412,0,7474,0,0,0.0,49151.819427490234,393216,0,0,0,0,0,384,0.0,0,3657.4453125,3657.4453125,"[1970,2268,1310,1665]",0.2757059733072917,0.0,0.0,,,0,0,0,0,0,,,0,,0,
B32_c60_coverage_s0_rho0.125,32,0.6,coverage,False,0.125,,460,5692,8956,55108,69756,658300207104,7225810944,2133835776,5091975168,520956,1243158,4070016,72355,271308,0,2826858,9177448448,14648,0,0,0.0,508749.99809265137,4070016,0,0,0,0,0,432,244.18287037037038,460,3339.1111111111113,3583.2939814814813,"[15947,17007,15415,17701]",0.6945569747145958,0.0,0.0,,,55108,7162,52312,6391,2796,1.0,49.0,8910,0.1616825143354867,1556,0.16638034060352555,130,8956,48846,57932,546714943488,0,0,0,0,0,393216,72355,271308,0,393216,1607077888,9086,0,0,0.0,49151.819427490234,393216,0,0,0,0,0,384,220.23177083333334,379,3465.7682291666665,3686.0,"[13618,15140,13794,15380]",1.0,0.0,0.0,,,48846,6638,46124,5899,2722,1.0,49.0,8138,0.16660524915039102,1556,0.1720871220131106
B32_c60_coverage_s0_rho0.25,32,0.6,coverage,False,0.25,,921,5692,8971,57798,72461,683827789824,5166743552,1510969344,3655774208,368889,892523,4070016,72355,271019,0,3177493,11238105088,14663,0,0,0.0,508749.99809265137,4070016,0,0,0,0,0,432,272.78935185185185,921,3339.1574074074074,3611.946759259259,"[16616,17707,16168,18284]",0.7807077416894675,0.0,0.0,,,57798,7378,54935,6604,2863,1.0,49.0,9231,0.15971140869926295,1578,0.16419423692636073,130,8971,48809,57910,546507325440,0,0,0,0,0,393216,72355,271019,0,393216,1608667136,9101,0,0,0.0,49151.819427490234,393216,0,0,0,0,0,384,220.8203125,384,3465.1796875,3686.0,"[13691,15089,13748,15382]",1.0,0.0,0.0,,,48809,6683,46107,5954,2702,1.0,49.0,8130,0.1665676412137106,1578,0.17213270944930237
B32_c60_coverage_s0_rho0.5,32,0.6,coverage,False,0.5,,1843,5692,8922,61569,76183,718952988672,2291843072,676753408,1615089664,165223,394309,4070016,72641,271236,0,3675707,14124847104,14614,0,0,0.0,508749.99809265137,4070016,0,0,0,0,0,432,313.66898148148147,1843,3332.564814814815,3646.233796296296,"[17062,18647,17702,19086]",0.903118562678869,0.0,0.0,,,61569,7851,58507,7049,3062,1.0,49.0,10051,0.16324773830986372,1579,0.1675445907651275,130,8922,48884,57936,546752692224,0,0,0,0,0,393216,72641,271236,0,393216,1620508672,9052,0,0,0.0,49151.819427490234,393216,0,0,0,0,0,384,221.5078125,385,3464.4921875,3686.0,"[13319,15043,14208,15366]",1.0,0.0,0.0,,,48884,6870,46136,6131,2748,1.0,49.0,8324,0.17028066443007936,1579,0.1759644857837438
B32_c60_coverage_s0_rho0.75,32,0.6,coverage,False,0.75,,2764,5692,8899,64579,79170,747141857280,0,0,0,0,0,4070016,72352,271374,0,4070016,16418787328,14591,0,0,0.0,508749.99809265137,4070016,0,0,0,0,0,432,328.0416666666667,2695,3328.6064814814813,3656.6481481481483,"[17694,19461,18569,19760]",1.0,0.0,0.0,,,64579,8137,61339,7326,3240,1.0,49.0,10700,0.16568853652116014,1638,0.1700004766368504,130,8899,48999,58028,547620913152,0,0,0,0,0,393216,72352,271374,0,393216,1622605824,9029,0,0,0.0,49151.819427490234,393216,0,0,0,0,0,384,221.41927083333334,382,3464.5807291666665,3686.0,"[13311,15087,14229,15401]",1.0,0.0,0.0,,,48999,6881,46212,6143,2787,1.0,49.0,8381,0.171044307026674,1638,0.17695994594708728
B32_c60_coverage_s1_rho0,32,0.6,coverage,True,0,,0,5099,1910,0,7009,66145222656,16182030336,4417126400,11764903936,1078400,2872291,3994195,78454,307277,228823,1121904,0,7009,6727,168898,14296.16958618164,508749.99809265137,4070016,4888,7009,4117,2498,112,432,0.0,0,3388.421296296296,3388.421296296296,"[1368,552,77,1326]",0.2808836323714791,0.04149811696071957,0.028100579144529222,0.7693346813154979,0.6637930870056152,0,0,0,0,0,,,0,,0,,151,1910,0,2061,19450036224,1518243840,457412608,1060831232,111673,258992,351165,78454,307277,228823,92173,0,2061,6113,62384,5805.653961181641,49151.819427490234,393216,1215,2061,4117,1884,112,384,0.0,0,3535.0416666666665,3535.0416666666665,"[610,552,77,446]",0.26247775262341067,0.15865071614583334,0.11811676615036112,0.7694978966136503,0.6630434989929199,0,0,0,0,0,,,0,,0,
B32_c60_coverage_s1_rho0.125,32,0.6,coverage,True,0.125,,460,5099,1989,44286,51374,484825890816,7173963776,2105364480,5068599296,514005,1237451,3985548,73515,282812,0,2748097,8973676544,7088,7448,177172,15133.618560791016,508749.99809265137,4070016,5357,7088,3592,3695,161,432,208.8287037037037,460,3368.284722222222,3577.113425925926,"[11630,12293,11041,12724]",0.6895154693909094,0.04353103280183665,0.0297466705012841,0.7683227470526762,0.6637930870056152,44286,7396,41478,6606,2808,1.0,50.0,9158,0.20679221424377908,1540,0.21424226828241238,151,1989,38887,41027,387179347968,0,0,0,0,0,342518,73515,282812,0,342518,1483853824,2140,6834,70658,6643.102935791016,49151.819427490234,393216,1684,2140,3592,3081,161,384,181.875,272,3504.125,3686.0,"[9702,10795,9769,10761]",1.0,0.17969258626302084,0.13515477174941726,0.7683778257006472,0.6635338068008423,38887,6852,36155,6089,2732,1.0,50.0,8357,0.21490472394373442,1540,0.22376629983666693
B32_c60_coverage_s1_rho0.25,32,0.6,coverage,True,0.25,,921,5099,2040,46636,53775,507484569600,5182066688,1512886272,3669180416,369357,895796,3985420,73219,280912,0,3089624,10969673728,7139,7449,177174,15133.763092041016,508749.99809265137,4070016,5368,7139,3580,3708,161,432,232.53240740740742,921,3374.113425925926,3606.6458333333335,"[12141,12887,11795,13266]",0.7752317196180076,0.043531524200396264,0.029746954592194258,0.7683450168676065,0.6637930870056152,46636,7612,43738,6845,2898,1.0,50.0,9600,0.2058495582811562,1571,0.2130256296460668,151,2040,38839,41030,387207659520,0,0,0,0,0,342390,73219,280912,0,342390,1487953920,2191,6835,70660,6643.247467041016,49151.819427490234,393216,1695,2191,3580,3094,161,384,177.3984375,270,3508.6015625,3686.0,"[9695,10722,9818,10795]",1.0,0.17969767252604166,0.13515771225602888,0.7684020879936637,0.6635338068008423,38839,6894,36102,6162,2737,1.0,50.0,8442,0.21735884034089445,1571,0.2265214124718257
B32_c60_coverage_s1_rho0.5,32,0.6,coverage,True,0.5,,1843,5099,2011,50106,57216,539957919744,2281172992,675950592,1605222400,165027,391900,3985420,72927,281211,0,3593520,13881356288,7110,7449,177174,15133.763092041016,508749.99809265137,4070016,5362,7110,3580,3708,161,432,269.974537037037,1843,3371.127314814815,3641.1018518518517,"[12540,13821,13201,13968]",0.9016665746646526,0.043531524200396264,0.029746954592194258,0.7683450168676065,0.6637930870056152,50106,7996,47009,7243,3097,1.0,51.0,10381,0.20718077675328303,1622,0.21411187195775927,151,2011,38923,41085,387726704640,0,0,0,0,0,342390,72927,281211,0,342390,1498742784,2162,6835,70660,6643.247467041016,49151.819427490234,393216,1689,2162,3580,3094,161,384,175.8203125,269,3510.1796875,3686.0,"[9337,10744,10237,10767]",1.0,0.17969767252604166,0.13515771225602888,0.7684020879936637,0.6635338068008423,38923,7014,36167,6324,2756,1.0,50.0,8592,0.2207435192559669,1622,0.23034235007104367
B32_c60_coverage_s1_rho0.75,32,0.6,coverage,True,0.75,,2764,5099,1986,53078,60163,567769300992,0,0,0,0,0,3985505,73359,281357,0,3985505,16160165888,7085,7447,177178,15133.704986572266,508749.99809265137,4070016,5358,7085,3646,3641,160,432,284.849537037037,2714,3366.7361111111113,3651.5856481481483,"[13105,14540,14081,14751]",1.0,0.043532506997515485,0.029746840379970243,0.7686083140318164,0.6637930870056152,53078,8332,49808,7522,3270,1.0,56.0,10975,0.20677116696182976,1667,0.21347571531384335,151,1986,39024,41161,388443930624,0,0,0,0,0,342475,73359,281357,0,342475,1496379392,2137,6833,70664,6643.189361572266,49151.819427490234,393216,1685,2137,3646,3027,160,384,177.765625,270,3508.234375,3686.0,"[9266,10702,10274,10919]",1.0,0.17970784505208334,0.13515653009289785,0.7686890612300347,0.6637930870056152,39024,7026,36223,6304,2801,1.0,50.0,8547,0.2190190651906519,1667,0.2287924619214605
