source,cell,scope,streams,remote,overlap,n,median,mean,sd,p10,p90,p99
144MiB compact,two_single_0,system,1,False,False,30,11.530370433373427,11.511295597600053,0.09972449104409983,11.366181612249294,11.623248970883148,11.663455168204822
144MiB compact,two_single_0,switch_0_1,1,False,False,30,11.530370433373427,11.511295597600053,0.09972449104409983,11.366181612249294,11.623248970883148,11.663455168204822
144MiB compact,two_single_0,GPU0_completion,1,False,False,30,11.530370433373427,11.511295597600053,0.09972449104409983,11.366181612249294,11.623248970883148,11.663455168204822
144MiB compact,two_single_0,GPU0_CUDA_service,1,False,False,30,11.903972609960501,11.8848535835096,0.06672081757461608,11.78420221484758,11.937292233844863,11.963614417025795
144MiB compact,two_single_1,system,1,False,False,30,11.629204857703126,11.561068594070953,0.18976023061488884,11.402598286679845,11.666472542191942,11.690791021853482
144MiB compact,two_single_1,switch_0_1,1,False,False,30,11.629204857703126,11.561068594070953,0.18976023061488884,11.402598286679845,11.666472542191942,11.690791021853482
144MiB compact,two_single_1,GPU1_completion,1,False,False,30,11.629204857703126,11.561068594070953,0.18976023061488884,11.402598286679845,11.666472542191942,11.690791021853482
144MiB compact,two_single_1,GPU1_CUDA_service,1,False,False,30,11.933597148503978,11.909144674958418,0.08589389761281614,11.848146092279933,11.961403659406889,11.962934529961625
144MiB compact,two_single_2,system,1,False,False,30,11.427484231051071,11.395801738385678,0.17750699237034503,11.060814972713638,11.565202733303696,11.63143704884855
144MiB compact,two_single_2,switch_4_5,1,False,False,30,11.427484231051071,11.395801738385678,0.17750699237034503,11.060814972713638,11.565202733303696,11.63143704884855
144MiB compact,two_single_2,GPU4_completion,1,False,False,30,11.427484231051071,11.395801738385678,0.17750699237034503,11.060814972713638,11.565202733303696,11.63143704884855
144MiB compact,two_single_2,GPU4_CUDA_service,1,False,False,30,11.842904217021665,11.823210110956081,0.0860035558234317,11.683005892011513,11.909645477991559,11.923634034686033
144MiB compact,two_single_3,system,1,False,False,30,11.484007132720862,11.437762656184598,0.16540203637385625,11.245090469470885,11.568896675851354,11.604560222409445
144MiB compact,two_single_3,switch_4_5,1,False,False,30,11.484007132720862,11.437762656184598,0.16540203637385625,11.245090469470885,11.568896675851354,11.604560222409445
144MiB compact,two_single_3,GPU5_completion,1,False,False,30,11.484007132720862,11.437762656184598,0.16540203637385625,11.245090469470885,11.568896675851354,11.604560222409445
144MiB compact,two_single_3,GPU5_CUDA_service,1,False,False,30,11.857308084898053,11.844180648334996,0.08738126170263683,11.768760017644677,11.912700139076787,11.931219386185715
144MiB compact,two_pair_0_1,system,1,False,False,30,11.615844822692086,11.581902225256906,0.13520563434615981,11.455345292314659,11.696172908623604,11.703488714757244
144MiB compact,two_pair_0_1,switch_0_1,1,False,False,30,11.615844822692086,11.581902225256906,0.13520563434615981,11.455345292314659,11.696172908623604,11.703488714757244
144MiB compact,two_pair_0_1,GPU0_completion,1,False,False,30,5.825641879926142,5.819144199573265,0.08635987238926644,5.755530873971062,5.854834168513163,6.077020890602763
144MiB compact,two_pair_0_1,GPU1_completion,1,False,False,30,5.840543304415448,5.8214191746980015,0.07986211150093794,5.734082401163784,5.884232220456427,5.91318946979659
144MiB compact,two_pair_0_1,GPU0_CUDA_service,1,False,False,30,6.012231914029051,6.022061377724976,0.09375071491467211,5.963311667142288,6.05586432549443,6.361941182768606
144MiB compact,two_pair_0_1,GPU1_CUDA_service,1,False,False,30,6.026176371218021,6.022604579357995,0.0550911325411148,5.970325631432592,6.067064687619523,6.170000090282061
144MiB compact,two_pair_0_2,system,1,False,False,30,21.269233017108057,21.27201942660313,0.36893554928700173,20.854928225443206,21.664041674253777,21.909631330131816
144MiB compact,two_pair_0_2,switch_0_1,1,False,False,30,10.891219275006446,10.82991955924614,0.21751820925367443,10.522868417856738,11.028567874521826,11.072525661735115
144MiB compact,two_pair_0_2,switch_4_5,1,False,False,30,10.678145669652396,10.675621778951529,0.18822974171747348,10.47601939587461,10.93103668408725,11.028747774599164
144MiB compact,two_pair_0_2,GPU0_completion,1,False,False,30,10.891219275006446,10.82991955924614,0.21751820925367443,10.522868417856738,11.028567874521826,11.072525661735115
144MiB compact,two_pair_0_2,GPU4_completion,1,False,False,30,10.678145669652396,10.675621778951529,0.18822974171747348,10.47601939587461,10.93103668408725,11.028747774599164
144MiB compact,two_pair_0_2,GPU0_CUDA_service,1,False,False,30,11.560419452469883,11.520178361727845,0.13343984030915565,11.325916261214175,11.64353117833316,11.664933300160104
144MiB compact,two_pair_0_2,GPU4_CUDA_service,1,False,False,30,11.430256636771292,11.4388062426834,0.11166022445318094,11.315732821170213,11.574027197332127,11.619698991313205
144MiB compact,two_pair_0_3,system,1,False,False,30,21.369034657184486,21.292845693241876,0.7442206202859435,20.836122882981968,21.881835309964874,22.018043251707198
144MiB compact,two_pair_0_3,switch_0_1,1,False,False,30,10.95450475336887,10.891766642452696,0.1901176949632402,10.686629236912204,11.060494780690098,11.113404938718983
144MiB compact,two_pair_0_3,switch_4_5,1,False,False,30,10.733095186581473,10.686423765747088,0.3949423625419347,10.467908865106285,11.043104315575906,11.147822973057568
144MiB compact,two_pair_0_3,GPU0_completion,1,False,False,30,10.95450475336887,10.891766642452696,0.1901176949632402,10.686629236912204,11.060494780690098,11.113404938718983
144MiB compact,two_pair_0_3,GPU5_completion,1,False,False,30,10.733095186581473,10.686423765747088,0.3949423625419347,10.467908865106285,11.043104315575906,11.147822973057568
144MiB compact,two_pair_0_3,GPU0_CUDA_service,1,False,False,30,11.596327477429167,11.561851276334204,0.11611489451626539,11.434831067015597,11.654989655249448,11.68885336235839
144MiB compact,two_pair_0_3,GPU5_CUDA_service,1,False,False,30,11.496424671066057,11.461724246911729,0.2053584984524917,11.318608107610558,11.62773876577976,11.67573702769742
144MiB compact,two_pair_1_2,system,1,False,False,30,21.442656218742993,21.31816839272203,0.6985472885653797,20.779020009387555,21.88225712214079,22.142523288543103
144MiB compact,two_pair_1_2,switch_0_1,1,False,False,30,11.065807264175021,10.928034108314325,0.3674153031472429,10.668221674938302,11.157831493124094,11.176630112351871
144MiB compact,two_pair_1_2,switch_4_5,1,False,False,30,10.7457655583254,10.726514974663809,0.2455407373139816,10.42972938661539,10.944202145493746,11.074419875963672
144MiB compact,two_pair_1_2,GPU1_completion,1,False,False,30,11.065807264175021,10.928034108314325,0.3674153031472429,10.668221674938302,11.157831493124094,11.176630112351871
144MiB compact,two_pair_1_2,GPU4_completion,1,False,False,30,10.7457655583254,10.726514974663809,0.2455407373139816,10.42972938661539,10.944202145493746,11.074419875963672
144MiB compact,two_pair_1_2,GPU1_CUDA_service,1,False,False,30,11.642336701036662,11.601857667213412,0.10293248317688015,11.488249475475207,11.694967497314945,11.699324690454707
144MiB compact,two_pair_1_2,GPU4_CUDA_service,1,False,False,30,11.510332764751167,11.476269177559184,0.14315404015461114,11.333790686144447,11.602075388745948,11.634408313707349
144MiB compact,two_pair_1_3,system,1,False,False,30,21.51388985592751,21.492227231680847,0.44422765994543484,20.958765643602018,22.105557325131176,22.28988215042948
144MiB compact,two_pair_1_3,switch_0_1,1,False,False,30,10.960649349649685,10.910485972091719,0.21813990856909257,10.551699872371476,11.156789049450888,11.181702107176296
144MiB compact,two_pair_1_3,switch_4_5,1,False,False,30,10.877238820632481,10.838761867899194,0.21647097632166845,10.607575635270475,11.07180060564885,11.189168139024906
144MiB compact,two_pair_1_3,GPU1_completion,1,False,False,30,10.960649349649685,10.910485972091719,0.21813990856909257,10.551699872371476,11.156789049450888,11.181702107176296
144MiB compact,two_pair_1_3,GPU5_completion,1,False,False,30,10.877238820632481,10.838761867899194,0.21647097632166845,10.607575635270475,11.07180060564885,11.189168139024906
144MiB compact,two_pair_1_3,GPU1_CUDA_service,1,False,False,30,11.590630838870243,11.560515300360999,0.11985985052793802,11.406181290329538,11.679267147901525,11.693792658491065
144MiB compact,two_pair_1_3,GPU5_CUDA_service,1,False,False,30,11.528782108209342,11.503311773445459,0.11809644349430956,11.383800482969624,11.630261112098093,11.695860262091227
144MiB compact,two_pair_2_3,system,1,False,False,30,11.47101079588128,11.413657168732762,0.19383958861032977,11.195851815254882,11.584022995725924,11.644910371926404
144MiB compact,two_pair_2_3,switch_4_5,1,False,False,30,11.47101079588128,11.413657168732762,0.19383958861032977,11.195851815254882,11.584022995725924,11.644910371926404
144MiB compact,two_pair_2_3,GPU4_completion,1,False,False,30,5.745751353174537,5.719837701584284,0.10905685652021797,5.602024025026888,5.804764977614003,5.932487635963639
144MiB compact,two_pair_2_3,GPU5_completion,1,False,False,30,5.763932725851834,5.912588138833389,0.916502301425768,5.652845765015449,5.870856093327987,9.375783467676536
144MiB compact,two_pair_2_3,GPU4_CUDA_service,1,False,False,30,5.952587956803104,6.108374649329311,0.8252759469513694,5.909728437449367,6.040996926707911,9.214088775562493
144MiB compact,two_pair_2_3,GPU5_CUDA_service,1,False,False,30,5.9524669522715286,6.147971386822253,1.0158766898647487,5.903069170878989,6.058422489962417,9.989874620997332
144MiB compact,six_0,system,1,False,False,30,17.913471477933204,17.88608342996271,0.08047030941405864,17.786891832471486,17.960020923468647,17.997094357415733
144MiB compact,six_0,switch_0_1,1,False,False,30,11.942314318622135,11.924055619975144,0.05364687294270574,11.857927888314325,11.973347282312432,11.998062904943822
144MiB compact,six_0,switch_4_5,1,False,False,30,11.51155160203451,11.507814699019262,0.08793402697505467,11.402239340205234,11.613410758253595,11.663123034252179
144MiB compact,six_0,GPU0_completion,1,False,False,30,5.971157159311067,5.962323711883689,0.02645168937995665,5.928963944157163,5.986673641156216,5.999031452471911
144MiB compact,six_0,GPU1_completion,1,False,False,30,5.989313631445866,5.982322889715182,0.03490789203847893,5.935499855776338,6.014961258496558,6.042823513478281
144MiB compact,six_0,GPU4_completion,1,False,False,30,5.763188804700409,5.764724104799009,0.049457752905635886,5.701724414838534,5.8180930131802615,5.874044151705608
144MiB compact,six_0,GPU5_completion,1,False,False,30,5.771039613568117,5.778737590244035,0.07437673388818224,5.701761887931851,5.832855363372088,5.987608930440749
144MiB compact,six_0,GPU0_CUDA_service,1,False,False,30,6.069148394603165,6.0686342123200046,0.018288190318032388,6.0478702514856435,6.090196911060714,6.110718586453904
144MiB compact,six_0,GPU1_CUDA_service,1,False,False,30,6.079813760928332,6.077819364076049,0.025120462876323652,6.047808564416047,6.106231001865682,6.132411920960315
144MiB compact,six_0,GPU4_CUDA_service,1,False,False,30,5.966497673155584,5.972644417512009,0.04829189866553251,5.9189169997494115,6.034405833121216,6.078651083193383
144MiB compact,six_0,GPU5_CUDA_service,1,False,False,30,5.976836131523934,5.981232429861118,0.05830244194278308,5.9210385188231,6.034129429989759,6.153663207655536
144MiB compact,six_1,system,1,False,False,30,23.420545753407588,23.43657006453588,0.15439713902103833,23.258646061521368,23.622591959248275,23.667282129707825
144MiB compact,six_1,switch_0_1,1,False,False,30,11.818081934886234,11.790353850620336,0.08872460011057914,11.644947050040408,11.884347678123234,11.900241441882347
144MiB compact,six_1,switch_4_5,1,False,False,30,11.75578320940252,11.737237509302487,0.07733641511785966,11.631705278513003,11.820141061206717,11.837576135468092
144MiB compact,six_1,GPU0_completion,1,False,False,30,5.757963292025586,5.760331826795712,0.07544061282170889,5.669646086450187,5.874865645816951,5.911576210936441
144MiB compact,six_1,GPU1_completion,1,False,False,30,7.878721289924156,7.860235900413557,0.059149733407052776,7.763298033360272,7.922898452082157,7.933494294588231
144MiB compact,six_1,GPU4_completion,1,False,False,30,5.734785388999655,5.742388478224029,0.08559977883513907,5.643608977319439,5.834809404883663,5.9469011229332756
144MiB compact,six_1,GPU5_completion,1,False,False,30,7.837188806268346,7.824825006201661,0.051557610078573034,7.754470185675335,7.880094040804479,7.891717423645396
144MiB compact,six_1,GPU0_CUDA_service,1,False,False,30,5.962214862023783,5.974053109917791,0.05934873322023441,5.912477154710205,6.042319750440169,6.137842670627346
144MiB compact,six_1,GPU1_CUDA_service,1,False,False,30,8.03848753717611,8.031884768848819,0.02986758382799814,7.98040823949728,8.062462770720487,8.07777684188704
144MiB compact,six_1,GPU4_CUDA_service,1,False,False,30,5.948925096955308,5.961725795512101,0.06329455030419188,5.907400411136507,6.03280049007883,6.139531875944526
144MiB compact,six_1,GPU5_CUDA_service,1,False,False,30,8.01238883274478,8.016052836000917,0.0402061452070009,7.975002740493724,8.053442028856047,8.128928877617343
144MiB compact,six_2,system,1,False,False,30,23.496871284341236,23.412004578993674,0.20502398701114133,23.122889638678696,23.589764693364526,23.66582115414088
144MiB compact,six_2,switch_0_1,1,False,False,30,11.820872875750506,11.79396970406044,0.09220999812398874,11.711406679011699,11.873121493957076,11.881470441120763
144MiB compact,six_2,switch_4_5,1,False,False,30,11.76813488164148,11.71721946535345,0.10102070943010179,11.569742199117258,11.797685866624935,11.83291057707044
144MiB compact,six_2,GPU0_completion,1,False,False,30,7.880581917167005,7.862646469373628,0.06147333208265911,7.807604452674466,7.915414329304717,7.920980294080508
144MiB compact,six_2,GPU1_completion,1,False,False,30,5.845038455341118,5.79161388183146,0.17761123410005253,5.661495370004789,5.932055310554637,5.995137963963248
144MiB compact,six_2,GPU4_completion,1,False,False,30,7.8454232544276525,7.811479643568965,0.06734713962006796,7.713161466078172,7.865123911083289,7.888607051380293
144MiB compact,six_2,GPU5_completion,1,False,False,30,5.729657542651673,5.745246485651072,0.3124465441373447,5.558455543568969,5.875211347468581,6.769501023125361
144MiB compact,six_2,GPU0_CUDA_service,1,False,False,30,8.05809105240792,8.054769359839984,0.04228963224068433,8.004909399401276,8.104194545681374,8.13608414232199
144MiB compact,six_2,GPU1_CUDA_service,1,False,False,30,6.017507412045463,6.002530082830956,0.09881056118718111,5.941446428543237,6.091248052669443,6.156876549081726
144MiB compact,six_2,GPU4_CUDA_service,1,False,False,30,8.01603694865171,8.02155521453106,0.08108168163311046,7.944977193595519,8.06559834582808,8.30300745511927
144MiB compact,six_2,GPU5_CUDA_service,1,False,False,30,5.936000650213572,5.9857373522120305,0.27940695783412334,5.864659220818244,6.033858630720279,7.023161791299688
144MiB compact,six_3,system,1,False,False,30,17.777273447211357,17.766956307115272,0.10243082087570281,17.61777599658599,17.881829969610965,17.895547380303288
144MiB compact,six_3,switch_0_1,1,False,False,30,11.617011806171268,11.587545344614687,0.10152774874066593,11.442090844241202,11.688543626490633,11.700845109911757
144MiB compact,six_3,switch_4_5,1,False,False,30,11.85151563147424,11.844637538076848,0.06828721391713523,11.745183997723995,11.921219979740643,11.93036492020219
144MiB compact,six_3,GPU0_completion,1,False,False,30,5.817443267282595,5.800350828078043,0.04839505087466318,5.745821052364872,5.844271813245316,5.850422554955879
144MiB compact,six_3,GPU1_completion,1,False,False,30,5.832462644607188,5.829151030656468,0.08964779821192498,5.7355899718945205,5.900514031151933,6.0836911589069835
144MiB compact,six_3,GPU4_completion,1,False,False,30,5.926775128328863,5.927561709292726,0.0330932569018391,5.878732988765527,5.964226798420821,5.9724108588140625
144MiB compact,six_3,GPU5_completion,1,False,False,30,5.931744194913728,5.930760509977573,0.04018277970314213,5.875337088257572,5.975281150054885,5.995494879842314
144MiB compact,six_3,GPU0_CUDA_service,1,False,False,30,5.9976219539136695,5.998377362497072,0.04809480759443924,5.9575174128293495,6.0425358990989215,6.12998133816467
144MiB compact,six_3,GPU1_CUDA_service,1,False,False,30,6.001343224444483,6.01463864480876,0.07571268975855996,5.952877282570434,6.072508833066907,6.26024059011452
144MiB compact,six_3,GPU4_CUDA_service,1,False,False,30,6.043743970428396,6.042253107781802,0.02150628580941816,6.020407298172373,6.0625660795970315,6.075152874307164
144MiB compact,six_3,GPU5_CUDA_service,1,False,False,30,6.042752472117337,6.042909040400311,0.02293872302758405,6.0197055717788714,6.068241869658793,6.083958772476864
144MiB compact,scale_2_rank,system,1,False,False,30,11.596401488977898,11.575377277391379,0.1035314720425501,11.448407613406626,11.67266534536693,11.710377055227926
144MiB compact,scale_2_rank,switch_0_1,1,False,False,30,11.596401488977898,11.575377277391379,0.1035314720425501,11.448407613406626,11.67266534536693,11.710377055227926
144MiB compact,scale_2_rank,GPU0_completion,1,False,False,30,5.80291089557871,5.790542158961592,0.048685406991095435,5.724944714540012,5.836332672683465,5.855188527613963
144MiB compact,scale_2_rank,GPU1_completion,1,False,False,30,5.829251216424682,5.871078257147705,0.25978537993102285,5.751239098414846,5.8761768841257895,6.859134963341096
144MiB compact,scale_2_rank,GPU0_CUDA_service,1,False,False,30,5.993842728610968,6.027927207070765,0.20226259920579026,5.949981286674855,6.026028107960118,6.783317988846746
144MiB compact,scale_2_rank,GPU1_CUDA_service,1,False,False,30,6.012416258822188,6.0629460770462575,0.284861489259494,5.9606856471188445,6.056747144341707,7.154180245566814
144MiB compact,scale_2_group,system,1,False,False,30,21.34649492503023,21.240895632583698,0.6634352345441642,20.581180503360144,21.988162211096736,22.166754705009204
144MiB compact,scale_2_group,switch_0_1,1,False,False,30,10.993915416770617,10.876052503552085,0.3023568669595045,10.505538448704083,11.1420243455471,11.183867415648905
144MiB compact,scale_2_group,switch_4_5,1,False,False,30,10.733945451579952,10.688226936212605,0.31125858357658487,10.41244488571629,11.004089490187681,11.083377352504602
144MiB compact,scale_2_group,GPU1_completion,1,False,False,30,10.993915416770617,10.876052503552085,0.3023568669595045,10.505538448704083,11.1420243455471,11.183867415648905
144MiB compact,scale_2_group,GPU5_completion,1,False,False,30,10.733945451579952,10.688226936212605,0.31125858357658487,10.41244488571629,11.004089490187681,11.083377352504602
144MiB compact,scale_2_group,GPU1_CUDA_service,1,False,False,30,11.601609992993627,11.545258147384958,0.16254182112645557,11.400007637308445,11.688339427704166,11.702756052534205
144MiB compact,scale_2_group,GPU5_CUDA_service,1,False,False,30,11.471158208521032,11.453523042486637,0.15728267374899937,11.322222515888427,11.61729835080885,11.657388957360657
144MiB compact,scale_4_rank,system,1,False,False,30,22.86294686487718,22.882423006397314,0.18455953519175208,22.673695029636082,23.103749708924614,23.180535714920307
144MiB compact,scale_4_rank,switch_0_1,1,False,False,30,11.58930615131602,11.55361018193305,0.11510119855953317,11.426472826376969,11.677881879500069,11.707828640644756
144MiB compact,scale_4_rank,switch_4_5,1,False,False,30,11.448464100869314,11.467893602929326,0.09565246881715656,11.34944052042265,11.588427243449717,11.643137408239971
144MiB compact,scale_4_rank,GPU0_completion,1,False,False,30,5.801497471139517,5.785405042710433,0.06587333052730802,5.714655967810166,5.841551395187819,5.937600197380942
144MiB compact,scale_4_rank,GPU1_completion,1,False,False,30,5.835807054864532,5.830576600665442,0.0797965814060817,5.751765556564546,5.912361434206551,6.0024715094348275
144MiB compact,scale_4_rank,GPU4_completion,1,False,False,30,5.735294311840994,5.748139165048882,0.056581747980826796,5.6800659164991165,5.820764430991987,5.85895310079512
144MiB compact,scale_4_rank,GPU5_completion,1,False,False,30,5.737463957535105,5.7509818352033015,0.06239399506407204,5.676281209431989,5.833489775465862,5.883377282545927
144MiB compact,scale_4_rank,GPU0_CUDA_service,1,False,False,30,6.007886330266936,6.0101083621363935,0.05057824300014479,5.953211804490196,6.055783877800904,6.148764227204586
144MiB compact,scale_4_rank,GPU1_CUDA_service,1,False,False,30,6.022803302168326,6.0251456908802,0.06316149404094248,5.947317095087431,6.111178685665639,6.178070691615071
144MiB compact,scale_4_rank,GPU4_CUDA_service,1,False,False,30,5.9639758075989615,5.968931349166323,0.046232783307975034,5.910652404010367,6.032351496291154,6.059304324371934
144MiB compact,scale_4_rank,GPU5_CUDA_service,1,False,False,30,5.9641476892033385,5.966157238316074,0.04722161326418676,5.907598892206398,6.020369311162367,6.070908739830224
144MiB compact,scale_4_group,system,1,False,False,30,22.940435913431216,22.922103591334213,0.20092898673324078,22.704705596120675,23.107909103147904,23.34394810510096
144MiB compact,scale_4_group,switch_0_1,1,False,False,30,11.588948833390972,11.562868635161584,0.1025203130870706,11.417892764541799,11.681064573594329,11.715004702100408
144MiB compact,scale_4_group,switch_4_5,1,False,False,30,11.486743550681847,11.475043610181354,0.10585649913121523,11.353137483673036,11.578433803946,11.67197405255048
144MiB compact,scale_4_group,GPU0_completion,1,False,False,30,5.794726710291792,5.782798283543452,0.050101106382812004,5.7089463822708995,5.840532286797164,5.857502351050204
144MiB compact,scale_4_group,GPU1_completion,1,False,False,30,5.831788360904352,5.819808567945671,0.07041657440712014,5.740880334412714,5.901047954554057,5.932266921044939
144MiB compact,scale_4_group,GPU4_completion,1,False,False,30,5.746121804765423,5.747144773049254,0.05535057675096103,5.685281616124642,5.8221024115735345,5.849464982479942
144MiB compact,scale_4_group,GPU5_completion,1,False,False,30,5.760583825701266,5.777231279888062,0.1220134174496667,5.679644595138744,5.867146383407766,6.190470256879373
144MiB compact,scale_4_group,GPU0_CUDA_service,1,False,False,30,5.99256378602012,5.989151471832671,0.0368837253701179,5.944560157479866,6.040531761107163,6.062005590376184
144MiB compact,scale_4_group,GPU1_CUDA_service,1,False,False,30,6.007822532653359,6.009317531138993,0.05370492599017173,5.946849429160613,6.091549132232139,6.1090760921311995
144MiB compact,scale_4_group,GPU4_CUDA_service,1,False,False,30,5.945566824357593,5.9703934714455205,0.0755761409900831,5.905019763674894,6.029792834635552,6.218551038469256
144MiB compact,scale_4_group,GPU5_CUDA_service,1,False,False,30,5.964988804129555,5.983832068047434,0.12427657897830777,5.899372729811412,6.057603883020145,6.438498247326673
144MiB compact,scale_6_rank,system,1,False,False,30,17.90476951861096,17.861103364003572,0.11883841105766166,17.712574115493126,17.9796619010721,17.994837111920223
144MiB compact,scale_6_rank,switch_0_1,1,False,False,30,11.936513012407305,11.907402242669052,0.07922560737177457,11.808382743662083,11.9864412673814,11.996558074613482
144MiB compact,scale_6_rank,switch_4_5,1,False,False,30,11.52900074969589,11.487338224913811,0.11249236202877134,11.318226269807642,11.597819501670461,11.62873440835289
144MiB compact,scale_6_rank,GPU0_completion,1,False,False,30,5.968256506203653,5.955344572356465,0.03850702977189807,5.905851536930608,5.997046593337293,5.998279037306741
144MiB compact,scale_6_rank,GPU1_completion,1,False,False,30,5.978611934419689,5.967349451703644,0.04761938378077442,5.9047585776795195,6.014531456887113,6.053576857837692
144MiB compact,scale_6_rank,GPU4_completion,1,False,False,30,5.774197810131554,5.762283139549292,0.07065739253167388,5.671982006607686,5.813649436546047,5.945756646918856
144MiB compact,scale_6_rank,GPU5_completion,1,False,False,30,5.7871603484894285,5.76485282617529,0.07267774012798929,5.671690595683268,5.828824875267279,5.9072170831095585
144MiB compact,scale_6_rank,GPU0_CUDA_service,1,False,False,30,6.066837664865794,6.060739335155591,0.02508007700125018,6.028504019890113,6.0837520470750786,6.113677034008859
144MiB compact,scale_6_rank,GPU1_CUDA_service,1,False,False,30,6.0659658125073825,6.065805895011116,0.03087815401390369,6.023720065711167,6.092482064922326,6.13810630269713
144MiB compact,scale_6_rank,GPU4_CUDA_service,1,False,False,30,5.972417380948125,5.975699373369868,0.06550105823019013,5.906189976273912,6.020288837646888,6.184424350693157
144MiB compact,scale_6_rank,GPU5_CUDA_service,1,False,False,30,5.978652876666748,5.977871404115769,0.05719153403379824,5.901308950187807,6.030260758291095,6.11300140214601
144MiB compact,scale_6_group,system,1,False,False,30,23.398531378424288,23.397031689484766,0.18654499055231039,23.214162871019326,23.62295607379755,23.704118920424506
144MiB compact,scale_6_group,switch_0_1,1,False,False,30,11.825760449919333,11.819030503773904,0.06136051172807976,11.744421846402588,11.883414157924383,11.907601397815696
144MiB compact,scale_6_group,switch_4_5,1,False,False,30,11.699265689212144,11.698515844742383,0.09327249527615519,11.607081435509663,11.811478036898775,11.852059460212253
144MiB compact,scale_6_group,GPU0_completion,1,False,False,30,5.77374462553775,5.764962803314936,0.041011733597837295,5.716103237676555,5.805300358835185,5.835515584756091
144MiB compact,scale_6_group,GPU1_completion,1,False,False,30,7.883840299946223,7.879353669182601,0.04090700781871981,7.829614564268392,7.922276105282921,7.938400931877131
144MiB compact,scale_6_group,GPU4_completion,1,False,False,30,5.736855655425016,5.764085610660812,0.20557176134201702,5.661682489701931,5.825160944491271,6.536624526660075
144MiB compact,scale_6_group,GPU5_completion,1,False,False,30,7.799510459474763,7.7990105631615885,0.06218166351743682,7.738054290339774,7.87431869126585,7.901372973474835
144MiB compact,scale_6_group,GPU0_CUDA_service,1,False,False,30,5.9628173172362064,5.961547797807503,0.02639617320265072,5.92243920860893,5.9881459542145485,6.032305878980702
144MiB compact,scale_6_group,GPU1_CUDA_service,1,False,False,30,8.040295080045063,8.034951472450981,0.020111019357088634,8.009126437639747,8.053591241157967,8.067761502476424
144MiB compact,scale_6_group,GPU4_CUDA_service,1,False,False,30,5.9432303170241125,5.992320239999286,0.22844986491912112,5.8877746641167805,6.005010578913634,6.894537125114737
144MiB compact,scale_6_group,GPU5_CUDA_service,1,False,False,30,8.005864059866381,8.02783498241047,0.12642692480236997,7.966751409589792,8.049150489800803,8.516828615542835
144MiB compact,scale_8_rank,system,1,False,False,30,23.703455222828534,23.710020081864492,0.10440387704161169,23.6142957363066,23.819427772290684,23.91729392781348
144MiB compact,scale_8_rank,switch_0_1,1,False,False,30,11.943225172317202,11.93110438994522,0.0459882949986508,11.87162054781498,11.985751117128066,11.995626105853688
144MiB compact,scale_8_rank,switch_4_5,1,False,False,30,11.864872635030089,11.861429994574282,0.054799427891253326,11.8071478681533,11.913297091419507,11.963815172727585
144MiB compact,scale_8_rank,GPU0_completion,1,False,False,30,5.978883963963526,5.972897980263766,0.0237144784750681,5.942049678364607,5.993066417398378,6.027274504089334
144MiB compact,scale_8_rank,GPU1_completion,1,False,False,30,5.985812540124197,5.979906199652963,0.030217116779071265,5.940662443447162,6.01101898716639,6.031675992104093
144MiB compact,scale_8_rank,GPU4_completion,1,False,False,30,5.94303658445809,5.940292618668127,0.03175576059113363,5.908071233176304,5.981647912323577,5.998753506532506
144MiB compact,scale_8_rank,GPU5_completion,1,False,False,30,5.949309317280905,5.941725346093835,0.03445997660857226,5.903640226491372,5.979542758215649,6.012114410203582
144MiB compact,scale_8_rank,GPU0_CUDA_service,1,False,False,30,6.072240990812928,6.073121141821689,0.019420292527778465,6.05299205431752,6.091953220817623,6.1238747855049045
144MiB compact,scale_8_rank,GPU1_CUDA_service,1,False,False,30,6.0776839156932,6.077867415044346,0.020191148926822586,6.047994617197366,6.0956198095562755,6.122037424215891
144MiB compact,scale_8_rank,GPU4_CUDA_service,1,False,False,30,6.050935443484525,6.051495400861969,0.023775569661785817,6.014181262496137,6.083658442395601,6.094631003898022
144MiB compact,scale_8_rank,GPU5_CUDA_service,1,False,False,30,6.051773499156284,6.053014956580385,0.024342901598122864,6.02176566181486,6.078799951317913,6.104561306733389
144MiB compact,scale_8_group,system,1,False,False,30,23.67987785640217,23.658200206467882,0.12030323503633489,23.471827335834064,23.782981460755742,23.84105671451065
144MiB compact,scale_8_group,switch_0_1,1,False,False,30,11.909980363323832,11.900256509200858,0.08052777885242544,11.81437313864615,11.990400378726402,12.00003422079069
144MiB compact,scale_8_group,switch_4_5,1,False,False,30,11.850345395703599,11.84412998936465,0.06026109360215908,11.764366920228124,11.917155380480215,11.922697229436457
144MiB compact,scale_8_group,GPU0_completion,1,False,False,30,5.9603953498099,5.9600591239064675,0.04282656738968186,5.911554153547087,5.999801833114016,6.06853443999136
144MiB compact,scale_8_group,GPU1_completion,1,False,False,30,5.96341369329568,5.959797038787664,0.04365345927886217,5.915228070645001,6.004737518163392,6.02304285413343
144MiB compact,scale_8_group,GPU4_completion,1,False,False,30,5.932230757908418,5.93125057538073,0.03121586915375545,5.8926463034205785,5.9654955631556446,5.972181899708789
144MiB compact,scale_8_group,GPU5_completion,1,False,False,30,5.927283343349284,5.927265980956152,0.03224978987400234,5.883275548477721,5.961610650422125,5.988710171016103
144MiB compact,scale_8_group,GPU0_CUDA_service,1,False,False,30,6.06306440872495,6.0660106660032875,0.04189759934692913,6.0367841635392825,6.083319829866261,6.212728077865763
144MiB compact,scale_8_group,GPU1_CUDA_service,1,False,False,30,6.066963425323756,6.066321201089496,0.026997181794768843,6.037470255439242,6.094754683217975,6.1300268203030805
144MiB compact,scale_8_group,GPU4_CUDA_service,1,False,False,30,6.043154945934014,6.045350618803314,0.02201511659568365,6.01688693481311,6.074179187397416,6.088728822084226
144MiB compact,scale_8_group,GPU5_CUDA_service,1,False,False,30,6.045787656159645,6.043287444057585,0.02039584742794239,6.016101330292473,6.064292425875136,6.087840665187512
144MiB compact,scale_10_rank,system,1,False,False,30,20.069906291211815,20.05152897079466,0.06815632292863266,19.96270660206679,20.125939974215644,20.154074504873208
144MiB compact,scale_10_rank,switch_0_1,1,False,False,30,12.04194377472709,12.030917382476796,0.040893793757179345,11.977623961240072,12.075563984529385,12.092444702923924
144MiB compact,scale_10_rank,switch_4_5,1,False,False,30,11.888167959753611,11.87711116541815,0.04690625687367973,11.822817415213775,11.927321289121378,11.955613351686514
144MiB compact,scale_10_rank,GPU0_completion,1,False,False,30,6.020971887363545,6.016846476147435,0.019230721322189104,5.988811980620036,6.0377819922646925,6.046222351461962
144MiB compact,scale_10_rank,GPU1_completion,1,False,False,30,6.034688920795805,6.030009366801945,0.02963440870708397,5.995046417303814,6.0603861518621756,6.09142438005935
144MiB compact,scale_10_rank,GPU4_completion,1,False,False,30,5.94701960763301,5.949726612472832,0.03049293372273542,5.920569078581632,5.975673757453965,6.042189209458781
144MiB compact,scale_10_rank,GPU5_completion,1,False,False,30,5.947964050213557,5.952838223682966,0.03897869806132443,5.9114087076068875,6.017755838015837,6.032946658477069
144MiB compact,scale_10_rank,GPU0_CUDA_service,1,False,False,30,6.0916499805278805,6.090524112678281,0.013812191936911,6.071808832173476,6.106293706288579,6.120420918401771
144MiB compact,scale_10_rank,GPU1_CUDA_service,1,False,False,30,6.096351085093984,6.098640565665978,0.020287475784762532,6.07560793915493,6.124113580044801,6.149332236193053
144MiB compact,scale_10_rank,GPU4_CUDA_service,1,False,False,30,6.053574784153991,6.061021010916957,0.032301196759118384,6.035913329528986,6.087060676582417,6.167166111525771
144MiB compact,scale_10_rank,GPU5_CUDA_service,1,False,False,30,6.05205345384378,6.0605072765551515,0.029487536908169354,6.0282084375387734,6.109867414668638,6.115994057330436
144MiB compact,scale_10_group,system,1,False,False,30,23.826528899791068,23.84418787515219,0.09782093670343657,23.752690331049397,23.97142506521439,23.993676794094476
144MiB compact,scale_10_group,switch_0_1,1,False,False,30,12.010157581723705,11.99411003151328,0.056421543745755004,11.935998937035047,12.038534578301473,12.059806852996322
144MiB compact,scale_10_group,switch_4_5,1,False,False,30,11.917880079900007,11.928272233404613,0.03948155028041299,11.87932261113002,11.985712532607195,11.996838397047238
144MiB compact,scale_10_group,GPU0_completion,1,False,False,30,5.946255142820373,5.93989555772018,0.035062342293399086,5.915971779283709,5.968903634480353,5.989467007602475
144MiB compact,scale_10_group,GPU1_completion,1,False,False,30,7.206094549034224,7.196466018907966,0.03385292624745307,7.161599362221028,7.223120746980883,7.235884111797794
144MiB compact,scale_10_group,GPU4_completion,1,False,False,30,5.911802167168895,5.905343436081186,0.06519683380352266,5.880234432075133,5.9567059177280255,5.990487893920881
144MiB compact,scale_10_group,GPU5_completion,1,False,False,30,7.150728047940004,7.156963340042767,0.02368893016824783,7.127593566678012,7.191427519564318,7.198103038228344
144MiB compact,scale_10_group,GPU0_CUDA_service,1,False,False,30,6.04857723620507,6.0470630338280875,0.015392403800349688,6.028836816753968,6.060684631672275,6.072257743574758
144MiB compact,scale_10_group,GPU1_CUDA_service,1,False,False,30,7.28348636317941,7.281351966314132,0.016813952598798382,7.264195067274742,7.299139435535813,7.304501860120028
144MiB compact,scale_10_group,GPU4_CUDA_service,1,False,False,30,6.0287321543015935,6.028783323476543,0.03557774921741029,6.013384703377957,6.0647355127811275,6.093032164331725
144MiB compact,scale_10_group,GPU5_CUDA_service,1,False,False,30,7.259372383335698,7.263805992289368,0.016278952990124794,7.248655067630416,7.281748115214474,7.306462681989142
144MiB compact,scale_14_rank,system,1,False,False,30,21.18893529289518,21.184901909517706,0.042709398202268684,21.135825268507023,21.232740679618807,21.24254096565613
144MiB compact,scale_14_rank,switch_0_1,1,False,False,30,12.107963024511532,12.105658234010118,0.024405370401296343,12.077614439146872,12.13299467406789,12.13859483751779
144MiB compact,scale_14_rank,switch_4_5,1,False,False,30,12.00779727060902,12.004454295236656,0.03984183203571356,11.951839490826508,12.045893906496405,12.063418659802451
144MiB compact,scale_14_rank,GPU0_completion,1,False,False,30,6.055040543839738,6.075794836816149,0.08475121449782999,6.038807219573436,6.070598067106445,6.385161899933602
144MiB compact,scale_14_rank,GPU1_completion,1,False,False,30,6.060366644408285,6.059713629605375,0.014204837730786202,6.044910647699691,6.0752089815913495,6.080727272517708
144MiB compact,scale_14_rank,GPU4_completion,1,False,False,30,6.010500429274813,6.020450230135251,0.07504171778377709,5.979542186524485,6.039871319575266,6.298189824890888
144MiB compact,scale_14_rank,GPU5_completion,1,False,False,30,6.015805919527186,6.012522562782425,0.024215463893302144,5.978561470920774,6.039626740065827,6.072020655598114
144MiB compact,scale_14_rank,GPU0_CUDA_service,1,False,False,30,6.10500131854884,6.126702632734971,0.08404981419268501,6.09541908861866,6.117079997012609,6.434364250214667
144MiB compact,scale_14_rank,GPU1_CUDA_service,1,False,False,30,6.109253783003319,6.123519082164321,0.05929345676055793,6.096858929885861,6.122615489068871,6.339478869862993
144MiB compact,scale_14_rank,GPU4_CUDA_service,1,False,False,30,6.080806040397833,6.095924912770764,0.07318878675165613,6.063777704944227,6.108588217594411,6.373929993422005
144MiB compact,scale_14_rank,GPU5_CUDA_service,1,False,False,30,6.0819558390314095,6.092563492367376,0.05144962696606558,6.063307800223171,6.105946340207473,6.288408039755825
144MiB compact,scale_14_group,system,1,False,False,30,24.0417776074152,24.043906870134204,0.07008192914758142,23.95832326945707,24.13606903869572,24.190503852334594
144MiB compact,scale_14_group,switch_0_1,1,False,False,30,12.06728277704534,12.06640931394423,0.03920961129940691,12.006507093989246,12.108813763458588,12.119026535223826
144MiB compact,scale_14_group,switch_4_5,1,False,False,30,12.02418927038855,12.027763657236132,0.033654846598430356,11.98420704132056,12.070393953570838,12.100162273112575
144MiB compact,scale_14_group,GPU0_completion,1,False,False,30,6.003635093889473,6.003851947048157,0.022306503308461106,5.971767310309582,6.028014579108125,6.045650107756024
144MiB compact,scale_14_group,GPU1_completion,1,False,False,30,6.895590158311623,6.895091036539562,0.022405492171089583,6.860861196565284,6.919322150547764,6.925158020127901
144MiB compact,scale_14_group,GPU4_completion,1,False,False,30,5.993104681939849,5.99182204173248,0.030964436073458616,5.954439839518283,6.025697322655736,6.059322485499204
144MiB compact,scale_14_group,GPU5_completion,1,False,False,30,6.8709652973648865,6.873007804134933,0.019231340913388857,6.848118309326035,6.89736797346905,6.914378441778615
144MiB compact,scale_14_group,GPU0_CUDA_service,1,False,False,30,6.078738132830867,6.07978082173025,0.015646393203887853,6.062530776275883,6.096395174741039,6.116466053916309
144MiB compact,scale_14_group,GPU1_CUDA_service,1,False,False,30,6.96203962061856,6.959178191906398,0.014335591244286723,6.941846334638473,6.974091400805738,6.980476133158424
144MiB compact,scale_14_group,GPU4_CUDA_service,1,False,False,30,6.067565498276132,6.070461623585359,0.019158864711554542,6.052916206444089,6.088033616696502,6.124690667663664
144MiB compact,scale_14_group,GPU5_CUDA_service,1,False,False,30,6.94492739577493,6.945769610491419,0.012489952094713085,6.92984856398538,6.965003649761957,6.969872654221053
144MiB compact,scale_50_rank,system,1,False,False,30,23.51075821338197,23.506901499414468,0.028739390088651732,23.46140838523882,23.538546424173713,23.54392146982053
144MiB compact,scale_50_rank,switch_0_1,1,False,False,30,12.225594270958624,12.223588779695525,0.014944482846099002,12.199932360324187,12.240044140570333,12.242839164306675
144MiB compact,scale_50_rank,switch_4_5,1,False,False,30,12.194008820793034,12.191246510295262,0.019393247426772297,12.164368695839142,12.212481065110682,12.222569974938898
144MiB compact,scale_50_rank,GPU0_completion,1,False,False,30,6.113347549433383,6.123513794274367,0.059504397165109496,6.099969817010385,6.122455715831173,6.345821431637841
144MiB compact,scale_50_rank,GPU1_completion,1,False,False,30,6.1147988812462195,6.114111367595801,0.008272222593719411,6.103563287457757,6.123872250416804,6.129197003489662
144MiB compact,scale_50_rank,GPU4_completion,1,False,False,30,6.097148526456486,6.108891023999856,0.06904671198092702,6.082184347919571,6.111413183514956,6.368798478818429
144MiB compact,scale_50_rank,GPU5_completion,1,False,False,30,6.099872397037111,6.098019299133612,0.01051680162744695,6.082239158037811,6.108088963325313,6.113581821275211
144MiB compact,scale_50_rank,GPU0_CUDA_service,1,False,False,30,6.129324949376656,6.140343134121344,0.059249202939899354,6.121619688602423,6.138747584899321,6.361778312227366
144MiB compact,scale_50_rank,GPU1_CUDA_service,1,False,False,30,6.13083457724942,6.140691421365583,0.058594225801454,6.121072329829385,6.138382932858598,6.360256066688293
144MiB compact,scale_50_rank,GPU4_CUDA_service,1,False,False,30,6.11704140302318,6.130184834088452,0.06903950137175019,6.107406623399037,6.130396112064611,6.390009931178968
144MiB compact,scale_50_rank,GPU5_CUDA_service,1,False,False,30,6.117120819334238,6.130292424972898,0.06870274849052826,6.107626993866613,6.131313971171872,6.387733019929974
144MiB compact,scale_50_group,system,1,False,False,30,24.38995231225954,24.38387168907375,0.03859874726953465,24.32664188103056,24.429285714466666,24.450150273310356
144MiB compact,scale_50_group,switch_0_1,1,False,False,30,12.220032784662362,12.217230297211124,0.014733161119868964,12.193799658725668,12.23263992243086,12.23920881079152
144MiB compact,scale_50_group,switch_4_5,1,False,False,30,12.195772353104486,12.192381245317007,0.01965250955157577,12.16332094051528,12.214642857233333,12.228588715048366
144MiB compact,scale_50_group,GPU0_completion,1,False,False,30,6.104108006744837,6.102880082852029,0.02174818332495906,6.088644769016893,6.118150735604244,6.149557207638998
144MiB compact,scale_50_group,GPU1_completion,1,False,False,30,6.354417048024429,6.352959754549784,0.007661243782331841,6.340775822537347,6.3609727596640475,6.364388581611591
144MiB compact,scale_50_group,GPU4_completion,1,False,False,30,6.0946348289899674,6.091277298107711,0.011144836935843394,6.075814934614991,6.103257514042576,6.1091821000959055
144MiB compact,scale_50_group,GPU5_completion,1,False,False,30,6.341801623614332,6.340038247564843,0.01021930496681931,6.324926889067947,6.3516142857613325,6.358866131825151
144MiB compact,scale_50_group,GPU0_CUDA_service,1,False,False,30,6.125882853338309,6.126278031262454,0.01298268936474012,6.116620223719983,6.136116870179086,6.1687802342122415
144MiB compact,scale_50_group,GPU1_CUDA_service,1,False,False,30,6.372284018005789,6.372192589690688,0.008087903899174019,6.363679700438793,6.379813829742457,6.3939437582276435
144MiB compact,scale_50_group,GPU4_CUDA_service,1,False,False,30,6.115789103793203,6.113895399699023,0.008942016203843838,6.10090185707795,6.123854255205401,6.1280614142212535
144MiB compact,scale_50_group,GPU5_CUDA_service,1,False,False,30,6.360807530348491,6.360107426228185,0.008611210357135657,6.346454177794405,6.370217269001646,6.375215343531378
144MiB compact,scale_62_rank,system,1,False,False,30,23.699003013495442,23.69663757310192,0.02613410558816619,23.671527455687592,23.726869680170747,23.732692156272105
144MiB compact,scale_62_rank,switch_0_1,1,False,False,30,12.231743490836358,12.230522618375186,0.013488570626150408,12.21756255777424,12.24612628653974,12.24913143549528
144MiB compact,scale_62_rank,switch_4_5,1,False,False,30,12.204007441095893,12.207349657101657,0.016399644727072494,12.192547115855493,12.230910716860878,12.238104784897184
144MiB compact,scale_62_rank,GPU0_completion,1,False,False,30,6.117133897749284,6.11627774600801,0.0073647127154306624,6.108812858149652,6.123529388067483,6.129306673268998
144MiB compact,scale_62_rank,GPU1_completion,1,False,False,30,6.118027890674627,6.118358418249341,0.009477452335042,6.110230549176256,6.125734454945639,6.144967992091677
144MiB compact,scale_62_rank,GPU4_completion,1,False,False,30,6.103820991782386,6.105689926188065,0.010393271376083089,6.096273557927747,6.11834493694207,6.134373453819941
144MiB compact,scale_62_rank,GPU5_completion,1,False,False,30,6.103769168411443,6.1120776027260435,0.030111865237753253,6.097320206799975,6.123552499319338,6.225134756069634
144MiB compact,scale_62_rank,GPU0_CUDA_service,1,False,False,30,6.1310235856902935,6.1319225443307195,0.008448581671320673,6.125134879776978,6.1370621731401425,6.159209188645068
144MiB compact,scale_62_rank,GPU1_CUDA_service,1,False,False,30,6.132334492536449,6.132687383367382,0.008257085038237244,6.1254173766922015,6.138504772139432,6.158079233691533
144MiB compact,scale_62_rank,GPU4_CUDA_service,1,False,False,30,6.120207679662963,6.127175874480342,0.022467743401363767,6.112803632834842,6.139146038306241,6.208398076468017
144MiB compact,scale_62_rank,GPU5_CUDA_service,1,False,False,30,6.120601358231637,6.129327172725264,0.02942677786130715,6.112876790466099,6.141713505679888,6.238879638513576
144MiB compact,scale_62_group,system,1,False,False,30,24.41245516586695,24.415039058415037,0.03410586266525097,24.37712911279137,24.472355245137418,24.48305722677037
144MiB compact,scale_62_group,switch_0_1,1,False,False,30,12.232333071299799,12.232280450768512,0.012626595468907844,12.215382302292772,12.246789974687722,12.25024533028249
144MiB compact,scale_62_group,switch_4_5,1,False,False,30,12.207030495909523,12.208327777006238,0.017437379514324135,12.188564556395685,12.236177622568709,12.241528613385185
144MiB compact,scale_62_group,GPU0_completion,1,False,False,30,6.111883979218193,6.110345222015882,0.01616385107001749,6.101928342891159,6.120854935018125,6.129345512892698
144MiB compact,scale_62_group,GPU1_completion,1,False,False,30,6.313462230348282,6.313435071364395,0.0065169525000814315,6.304713446344656,6.32092385790334,6.322707267242576
144MiB compact,scale_62_group,GPU4_completion,1,False,False,30,6.101032115412046,6.10049980745289,0.01276320197935035,6.089404273939957,6.1143275688496646,6.116260144669371
144MiB compact,scale_62_group,GPU5_completion,1,False,False,30,6.3004028365984635,6.301072401035479,0.008999937813844698,6.290872029107451,6.315446514874173,6.318208316585902
144MiB compact,scale_62_group,GPU0_CUDA_service,1,False,False,30,6.12872512911094,6.128237869814354,0.007178493623307055,6.121274077583793,6.134715519444211,6.1448465746066985
144MiB compact,scale_62_group,GPU1_CUDA_service,1,False,False,30,6.328668565795462,6.32703374147066,0.00499220031177124,6.320289917743715,6.3322663289357175,6.335616051888035
144MiB compact,scale_62_group,GPU4_CUDA_service,1,False,False,30,6.117651698533945,6.118752512047166,0.008873258286400263,6.110270346096909,6.131668349041858,6.132911518206167
144MiB compact,scale_62_group,GPU5_CUDA_service,1,False,False,30,6.315704115070653,6.317416438205391,0.007591448663136827,6.308675357761314,6.32975442767933,6.3310300094953815
144MiB compact,concurrency_2_rank,system,2,False,False,30,21.133207501354462,21.125169026965217,0.03973304670833218,21.061080770566807,21.163380151035753,21.18731343990907
144MiB compact,concurrency_2_rank,switch_0_1,2,False,False,30,12.076118572202551,12.07152515826584,0.022704598119046723,12.034903297466746,12.093360086306145,12.10703625137661
144MiB compact,concurrency_2_rank,switch_4_5,2,False,False,30,11.944700097302341,11.940834558034416,0.040124673243929966,11.88852717855112,11.98050553725207,11.998835088307663
144MiB compact,concurrency_2_rank,GPU0_completion,2,False,False,30,6.040048544285526,6.037561710449978,0.010908252100515561,6.023900350485278,6.047505792742083,6.053518125688305
144MiB compact,concurrency_2_rank,GPU1_completion,2,False,False,30,6.049585465700791,6.0533216624731,0.04926487083618491,6.019575627294722,6.065354934682442,6.2351608430153265
144MiB compact,concurrency_2_rank,GPU4_completion,2,False,False,30,5.9774792170847295,5.977274785754558,0.026955277076692836,5.951316195878014,6.007927674312466,6.045492401094225
144MiB compact,concurrency_2_rank,GPU5_completion,2,False,False,30,5.9791415657111,5.980140762923181,0.029263880982422052,5.9453243955174155,6.006335137951437,6.056878453264842
144MiB compact,concurrency_2_group,system,2,False,False,30,23.978339010144555,23.964821649191048,0.08965074987695493,23.863556080987756,24.052081232777553,24.069425940896462
144MiB compact,concurrency_2_group,switch_0_1,2,False,False,30,12.047854202264716,12.034306428484408,0.0406039239140647,12.00184748466981,12.067739367633001,12.073218735366638
144MiB compact,concurrency_2_group,switch_4_5,2,False,False,30,11.998059333023576,11.988384713495524,0.039643500808946464,11.945684955259116,12.02712438701374,12.038467807072537
144MiB compact,concurrency_2_group,GPU0_completion,2,False,False,30,5.984329092805854,5.981895749336069,0.027267626510173792,5.959829784310233,6.000984021947172,6.04763703829945
144MiB compact,concurrency_2_group,GPU1_completion,2,False,False,30,6.884488115579838,6.876746530562519,0.023202242236608526,6.858198562668463,6.8958510672188575,6.898982134495222
144MiB compact,concurrency_2_group,GPU4_completion,2,False,False,30,5.9653445491940795,5.974482589202045,0.05259335335867075,5.9357207443860025,6.0183612361195165,6.144746399081764
144MiB compact,concurrency_2_group,GPU5_completion,2,False,False,30,6.856033904584901,6.850505550568874,0.022653429033683684,6.826105688719496,6.8726425068649935,6.879124461184308
144MiB compact,concurrency_4_rank,system,4,False,False,30,20.98177276028293,20.964303163098087,0.08547144483041014,20.880043511774662,21.04756280701417,21.062497495688426
144MiB compact,concurrency_4_rank,switch_0_1,4,False,False,30,11.98958443444739,11.979601807484617,0.04884082561737713,11.931453435299806,12.02717874686524,12.035712854679101
144MiB compact,concurrency_4_rank,switch_4_5,4,False,False,30,11.846944353587283,11.820975689967899,0.06710503515209919,11.729039782137109,11.88506059598499,11.89340588435406
144MiB compact,concurrency_4_rank,GPU0_completion,4,False,False,30,5.995764536285405,5.992459970886979,0.019345397299096723,5.965726717649903,6.01358937343262,6.0178564273395505
144MiB compact,concurrency_4_rank,GPU1_completion,4,False,False,30,5.9989574469187,5.996134126661155,0.02810408140272614,5.966629980577172,6.026800015644905,6.039130722913973
144MiB compact,concurrency_4_rank,GPU4_completion,4,False,False,30,5.929120024173411,5.914740036357284,0.035797064391694805,5.8645198910685545,5.94719911177415,5.956575745989252
144MiB compact,concurrency_4_rank,GPU5_completion,4,False,False,30,5.9242877562260965,5.931306512028993,0.09565147752963928,5.870405397482207,5.96117233207846,6.278888504447282
144MiB compact,concurrency_4_group,system,4,False,False,30,23.798708549166122,23.78727796909511,0.07111918584617714,23.71037538639782,23.85475800216052,23.89460089594519
144MiB compact,concurrency_4_group,switch_0_1,4,False,False,30,11.939478750538669,11.935778832482073,0.04190886200774126,11.879789866397982,11.986648837425356,11.997342687016413
144MiB compact,concurrency_4_group,switch_4_5,4,False,False,30,11.907374905294184,11.901562066004676,0.03380772111679179,11.862544110525622,11.937590916568544,11.948905128924205
144MiB compact,concurrency_4_group,GPU0_completion,4,False,False,30,5.923253439502972,5.914550306640291,0.06313872151135548,5.8989113758268354,5.944719908113484,5.961570286317001
144MiB compact,concurrency_4_group,GPU1_completion,4,False,False,30,6.822559286022097,6.820445047132615,0.02394792114728075,6.788451352227418,6.849513621385919,6.855624392580808
144MiB compact,concurrency_4_group,GPU4_completion,4,False,False,30,5.918548056856381,5.919501332239437,0.0458974876149265,5.86317403425471,5.955864390145286,6.032727229568988
144MiB compact,concurrency_4_group,GPU5_completion,4,False,False,30,6.804214231596676,6.800892609145527,0.019318697781023884,6.77859663458607,6.821480523753453,6.827945787956688
144MiB compact,remote_0,system,1,True,False,30,17.90299087126273,17.855529420162572,0.15525358463441466,17.736612852305246,17.960117731703928,17.986540944245274
144MiB compact,remote_0,switch_0_1,1,True,False,30,11.935327247508486,11.903686280108383,0.10350238975627633,11.824408568203497,11.973411821135953,11.991027296163516
144MiB compact,remote_0,switch_4_5,1,True,False,30,11.463594807339463,11.476424860490045,0.11239809966812081,11.354329012429663,11.61347869262238,11.655994137463377
144MiB compact,remote_0,GPU0_completion,1,True,False,30,5.974013185094458,5.968932151524488,0.061859691623011574,5.925948879085834,5.995867147993129,6.1511352917239455
144MiB compact,remote_0,GPU1_completion,1,True,False,30,5.986324082356562,5.965500090001381,0.0589766473912061,5.921171944895566,6.0128260518625885,6.039350864208815
144MiB compact,remote_0,GPU4_completion,1,True,False,30,5.766105301979083,5.753916168715645,0.061790617374368695,5.67767919750638,5.82935596390611,5.851322481987191
144MiB compact,remote_0,GPU5_completion,1,True,False,30,5.749526815853278,5.7572993447897085,0.07263725605711542,5.677164506214831,5.838414956518352,5.910315495095531
144MiB compact,remote_0,GPU0_CUDA_service,1,True,False,30,6.074428957520289,6.0752060340492955,0.059266735603763436,6.036630082452338,6.0951315493047336,6.282199390087881
144MiB compact,remote_0,GPU1_CUDA_service,1,True,False,30,6.071583802580468,6.074078443156532,0.03893684604298438,6.0314381456853265,6.104148698286826,6.185117745347706
144MiB compact,remote_0,GPU4_CUDA_service,1,True,False,30,5.974474481151772,5.972009286778782,0.048912027251440976,5.911292465372965,6.02857960538559,6.079437581226885
144MiB compact,remote_0,GPU5_CUDA_service,1,True,False,30,5.970241326713384,5.970197302679891,0.050477754473961925,5.910313511857336,6.021722329465609,6.087355346074392
144MiB compact,remote_1,system,1,True,False,30,23.459797296560552,23.435625035569654,0.17364811496219854,23.195325139354182,23.641372605917933,23.682742693470914
144MiB compact,remote_1,switch_0_1,1,True,False,30,11.80752287582547,11.793265096514693,0.07585618291892693,11.676191238674509,11.883372357159521,11.903589111407621
144MiB compact,remote_1,switch_4_5,1,True,False,30,11.750376148007575,11.73083161537604,0.09208566568380945,11.597662569677091,11.822881438712585,11.863458781490523
144MiB compact,remote_1,GPU0_completion,1,True,False,30,5.73910542533452,5.761587315080628,0.1328304270228073,5.677996016678901,5.811350714777109,6.240223367408968
144MiB compact,remote_1,GPU1_completion,1,True,False,30,7.871681917216979,7.862176731009797,0.050570788612618045,7.784127492449673,7.922248238106346,7.935726074271747
144MiB compact,remote_1,GPU4_completion,1,True,False,30,5.722435002181099,5.707003086603822,0.1144202480869174,5.631763149480021,5.815188223387894,5.860314547210208
144MiB compact,remote_1,GPU5_completion,1,True,False,30,7.833584098671716,7.820554410250694,0.06139044378920632,7.731775046451393,7.881920959141724,7.908972520993682
144MiB compact,remote_1,GPU0_CUDA_service,1,True,False,30,5.955532444625534,5.975512792843128,0.1372105929977577,5.925260564947154,5.981102235515878,6.502427146103811
144MiB compact,remote_1,GPU1_CUDA_service,1,True,False,30,8.028038846441303,8.03669054434365,0.06424065656479945,7.995934203281031,8.056879221067863,8.273075517214338
144MiB compact,remote_1,GPU4_CUDA_service,1,True,False,30,5.939160950621621,5.934324862535198,0.064394385406204,5.892387553822446,5.999304142825638,6.064258370406282
144MiB compact,remote_1,GPU5_CUDA_service,1,True,False,30,8.002496172677823,8.003819108911586,0.03345454489796542,7.955318539686993,8.03899111621729,8.05800947643556
144MiB compact,remote_2,system,1,True,False,30,11.600877416958342,11.583483421229547,0.10370986764965978,11.412658864419047,11.683215344136226,11.728295609988026
144MiB compact,remote_2,switch_0_1,1,True,False,30,11.600877416958342,11.583483421229547,0.10370986764965978,11.412658864419047,11.683215344136226,11.728295609988026
144MiB compact,remote_2,GPU0_completion,1,True,False,30,5.802368677122901,5.794230544694911,0.05203612248811121,5.710010327940804,5.8478105403754075,5.864147804994013
144MiB compact,remote_2,GPU1_completion,1,True,False,30,5.830967790092169,5.830152549031695,0.057291904540996016,5.75745249253115,5.902882663888405,5.91796810085461
144MiB compact,remote_2,GPU0_CUDA_service,1,True,False,30,5.994085318588256,5.995614116228651,0.032249371370883226,5.962070722436787,6.037006640960815,6.049442636285461
144MiB compact,remote_2,GPU1_CUDA_service,1,True,False,30,6.015053744385076,6.013151283272668,0.04508433893571606,5.967790283532187,6.067777540977823,6.090669797486016
144MiB compact,remote_3,system,1,True,False,30,21.279048862195296,21.18471740811265,0.7300303131771149,20.61995602788729,21.850257564110805,21.955759965087076
144MiB compact,remote_3,switch_0_1,1,True,False,30,10.86740549631812,10.8075856113241,0.2346864718725749,10.45193799951036,11.057889863132834,11.11137763594373
144MiB compact,remote_3,switch_4_5,1,True,False,30,10.710411332476742,10.649627505324498,0.37368352482253797,10.34007417138364,10.978887452007054,11.1168859641321
144MiB compact,remote_3,GPU0_completion,1,True,False,30,10.86740549631812,10.8075856113241,0.2346864718725749,10.45193799951036,11.057889863132834,11.11137763594373
144MiB compact,remote_3,GPU4_completion,1,True,False,30,10.710411332476742,10.649627505324498,0.37368352482253797,10.34007417138364,10.978887452007054,11.1168859641321
144MiB compact,remote_3,GPU0_CUDA_service,1,True,False,30,11.558152141748694,11.520602023294478,0.12486630440245793,11.358455053326724,11.661072855573126,11.67722321265239
144MiB compact,remote_3,GPU4_CUDA_service,1,True,False,30,11.465137765933248,11.419388232958648,0.19871543710562864,11.279788690065539,11.583577074760255,11.65903000093103
144MiB compact,overlap_0,system,1,False,True,30,12.10985724512155,12.11143880676462,0.05219100585909203,12.045051648237404,12.165647615672897,12.201330796065024
144MiB compact,overlap_0,switch_0_1,1,False,True,30,8.073238163414366,8.07429253784308,0.03479400390606161,8.030034432158269,8.110431743781932,8.134220530710015
144MiB compact,overlap_0,switch_4_5,1,False,True,30,6.474352462388012,6.466588606717132,0.08572676931293367,6.365222515637052,6.57700659585049,6.627135811587175
144MiB compact,overlap_0,GPU0_completion,1,False,True,30,4.041325937603544,4.042502743929364,0.020219010929061292,4.019766659177828,4.068663667942707,4.07835416299109
144MiB compact,overlap_0,GPU1_completion,1,False,True,30,4.046361665526705,4.048104914051982,0.02138287086026101,4.026176559707616,4.071273508951503,4.096640814044266
144MiB compact,overlap_0,GPU4_completion,1,False,True,30,3.2521096810590118,3.2559102903596586,0.051442092216897176,3.1877452385830645,3.3202784203841826,3.3526316114118737
144MiB compact,overlap_0,GPU5_completion,1,False,True,30,3.261676550237519,3.261701650934612,0.047105203410502554,3.2041729594247346,3.312519361090873,3.3547158076264894
144MiB compact,overlap_0,GPU0_CUDA_service,1,False,True,30,4.158258461302919,4.156430443972537,0.020027797994050325,4.129795348012899,4.181357832036461,4.187758192438312
144MiB compact,overlap_0,GPU1_CUDA_service,1,False,True,30,4.160282222049733,4.165637074041185,0.018241004738664388,4.14757715716466,4.188969179781915,4.205913882340235
144MiB compact,overlap_0,GPU4_CUDA_service,1,False,True,30,3.4390273753355345,3.441117321591649,0.06459543950806611,3.3464394517914227,3.5337812992881488,3.5423673908679385
144MiB compact,overlap_0,GPU5_CUDA_service,1,False,True,30,3.4600907517959714,3.454729631891384,0.04630210627356619,3.386550760425648,3.4970333955180934,3.5573797311558857
144MiB compact,overlap_1,system,1,False,True,30,14.490714402742997,14.483090632716626,0.06468505627506847,14.435781110858278,14.5452220452115,14.557958430201102
144MiB compact,overlap_1,switch_0_1,1,False,True,30,7.267913127510376,7.2568157248303,0.03803870287609699,7.217890555429139,7.288480396756285,7.310460792240793
144MiB compact,overlap_1,switch_4_5,1,False,True,30,7.249877031951421,7.249949264724851,0.02267908570803264,7.2348925453838335,7.273459834881238,7.27924511650464
144MiB compact,overlap_1,GPU0_completion,1,False,True,30,3.258403815188487,3.2524106495330494,0.06328603371691534,3.177641503984808,3.321829778475278,3.402529605732276
144MiB compact,overlap_1,GPU1_completion,1,False,True,30,4.84527541834025,4.837877149886867,0.025359135250731378,4.811927036952759,4.858986931170856,4.873640528160529
144MiB compact,overlap_1,GPU4_completion,1,False,True,30,3.2459032181497194,3.2583811678482837,0.06505001145387916,3.2014288239554354,3.353148036781127,3.3885877174674897
144MiB compact,overlap_1,GPU5_completion,1,False,True,30,4.83325135463428,4.833299509816569,0.015119390472021724,4.823261696922556,4.848973223254159,4.85283007766976
144MiB compact,overlap_1,GPU0_CUDA_service,1,False,True,30,3.4167148540922403,3.4167998327033513,0.0630885779085278,3.3603206492650064,3.4935434410430175,3.572934184097637
144MiB compact,overlap_1,GPU1_CUDA_service,1,False,True,30,5.006803596033633,5.008844687019068,0.03143066209294489,4.974811037519961,5.0260582168432615,5.110059426114597
144MiB compact,overlap_1,GPU4_CUDA_service,1,False,True,30,3.446323166387515,3.45094390393413,0.0712395386656393,3.359290170396869,3.5421547713556056,3.582265728173235
144MiB compact,overlap_1,GPU5_CUDA_service,1,False,True,30,5.0143804270188115,5.020871169925313,0.020724485566961482,4.998394093963775,5.050654258981944,5.060930180698875
144MiB compact,overlap_2,system,1,False,True,30,14.478611404106164,14.472447846942144,0.052554563816506104,14.41320615246922,14.527426460631528,14.559221723659462
144MiB compact,overlap_2,switch_0_1,1,False,True,30,7.260037948571625,7.260280620542692,0.030328073731156428,7.22192129609823,7.2968472363765065,7.324114929512746
144MiB compact,overlap_2,switch_4_5,1,False,True,30,7.243317278794713,7.240569684397093,0.027415278184430573,7.20841484380437,7.267266715909019,7.285500824876449
144MiB compact,overlap_2,GPU0_completion,1,False,True,30,4.840025299047751,4.840187080361797,0.020218715820771012,4.814614197398821,4.864564824251005,4.882743286341831
144MiB compact,overlap_2,GPU1_completion,1,False,True,30,3.2662114178445423,3.2674704016642413,0.06450661683832945,3.2000736355733244,3.3397734411225395,3.4029857471547893
144MiB compact,overlap_2,GPU4_completion,1,False,True,30,4.828878185863141,4.827046456264729,0.01827685212295361,4.805609895869579,4.844844477272679,4.857000549917632
144MiB compact,overlap_2,GPU5_completion,1,False,True,30,3.25134748701198,3.2576310934049464,0.05086766727687029,3.2029801527032866,3.325934740557956,3.370913664274806
144MiB compact,overlap_2,GPU0_CUDA_service,1,False,True,30,4.999250041269475,4.999694021155011,0.017393742268175496,4.979186684831023,5.025471425636179,5.031413060700655
144MiB compact,overlap_2,GPU1_CUDA_service,1,False,True,30,3.4349632711181757,3.4410491799097382,0.07065927261304919,3.3599551698775936,3.53100395091383,3.5889026499354078
144MiB compact,overlap_2,GPU4_CUDA_service,1,False,True,30,5.00391529294167,5.003795962400555,0.020049630133136764,4.981537409393059,5.022694817920846,5.058744854262306
144MiB compact,overlap_2,GPU5_CUDA_service,1,False,True,30,3.4415550967650415,3.4490137534965006,0.05738349039656557,3.3846586262636214,3.5305836882508186,3.59181548065451
54GiB compact,two_single_0,system,1,False,False,30,11.541824088110054,11.47531609522203,0.16732996760566968,11.282973020903686,11.626253592446117,11.683054904450287
54GiB compact,two_single_0,switch_0_1,1,False,False,30,11.541824088110054,11.47531609522203,0.16732996760566968,11.282973020903686,11.626253592446117,11.683054904450287
54GiB compact,two_single_0,GPU0_completion,1,False,False,30,11.541824088110054,11.47531609522203,0.16732996760566968,11.282973020903686,11.626253592446117,11.683054904450287
54GiB compact,two_single_0,GPU0_CUDA_service,1,False,False,30,11.874017095471018,11.85518664440138,0.07670912978250108,11.774730602523642,11.93323521278178,11.957911689492128
54GiB compact,two_single_1,system,1,False,False,30,11.558184331070095,11.475622077932291,0.3336394918264568,11.324161577947237,11.647583924502456,11.67540270647706
54GiB compact,two_single_1,switch_0_1,1,False,False,30,11.558184331070095,11.475622077932291,0.3336394918264568,11.324161577947237,11.647583924502456,11.67540270647706
54GiB compact,two_single_1,GPU1_completion,1,False,False,30,11.558184331070095,11.475622077932291,0.3336394918264568,11.324161577947237,11.647583924502456,11.67540270647706
54GiB compact,two_single_1,GPU1_CUDA_service,1,False,False,30,11.889455618611311,11.855639239396242,0.12424432404787299,11.768124637569265,11.934587187667315,11.941824165435508
54GiB compact,two_single_2,system,1,False,False,30,11.450573318605596,11.361944959288104,0.38611237532810466,11.060690385934196,11.613324509965652,11.663056047716614
54GiB compact,two_single_2,switch_4_5,1,False,False,30,11.450573318605596,11.361944959288104,0.38611237532810466,11.060690385934196,11.613324509965652,11.663056047716614
54GiB compact,two_single_2,GPU4_completion,1,False,False,30,11.450573318605596,11.361944959288104,0.38611237532810466,11.060690385934196,11.613324509965652,11.663056047716614
54GiB compact,two_single_2,GPU4_CUDA_service,1,False,False,30,11.8621967469977,11.81172051377029,0.15961751215244735,11.59397274092699,11.9430691278104,11.959465081799069
54GiB compact,two_single_3,system,1,False,False,30,11.42782550050184,11.297505614210277,0.45720263116756077,10.646349018944344,11.628122490106577,11.663393627122666
54GiB compact,two_single_3,switch_4_5,1,False,False,30,11.42782550050184,11.297505614210277,0.45720263116756077,10.646349018944344,11.628122490106577,11.663393627122666
54GiB compact,two_single_3,GPU5_completion,1,False,False,30,11.42782550050184,11.297505614210277,0.45720263116756077,10.646349018944344,11.628122490106577,11.663393627122666
54GiB compact,two_single_3,GPU5_CUDA_service,1,False,False,30,11.86708910523305,11.790296903947333,0.20004086130195065,11.386245386167575,11.941110654932393,11.9720875049876
54GiB compact,two_pair_0_1,system,1,False,False,30,11.610412786269658,11.610860904306678,0.057429032161402195,11.535779418709414,11.685259699282613,11.686027972898398
54GiB compact,two_pair_0_1,switch_0_1,1,False,False,30,11.610412786269658,11.610860904306678,0.057429032161402195,11.535779418709414,11.685259699282613,11.686027972898398
54GiB compact,two_pair_0_1,GPU0_completion,1,False,False,30,5.811784430310478,5.836760417725445,0.11604639531614626,5.777400196351356,5.848350821480243,6.277474051927354
54GiB compact,two_pair_0_1,GPU1_completion,1,False,False,30,5.832068283194665,5.832240202561626,0.07573091965085298,5.772685265147433,5.8590028113686055,6.104074942687131
54GiB compact,two_pair_0_1,GPU0_CUDA_service,1,False,False,30,5.988365538961597,6.019914887819996,0.13219698993866094,5.962407482944701,6.062328784897282,6.532251411081502
54GiB compact,two_pair_0_1,GPU1_CUDA_service,1,False,False,30,5.990618700433824,6.0180292660997,0.09466068011024326,5.965800966627209,6.064897806395706,6.347394286582357
54GiB compact,two_pair_0_2,system,1,False,False,30,21.400247482228778,20.802226503580513,1.7360318882130996,19.41241695355104,21.94775800638959,22.07815422401828
54GiB compact,two_pair_0_2,switch_0_1,1,False,False,30,10.982492444714413,10.859437307609861,0.2939892798870666,10.504706034836264,11.119712135361537,11.178329314042823
54GiB compact,two_pair_0_2,switch_4_5,1,False,False,30,10.735298583799754,10.454484996431622,0.8769418963130399,10.058315968476,11.042303992194828,11.07426945239472
54GiB compact,two_pair_0_2,GPU0_completion,1,False,False,30,10.982492444714413,10.859437307609861,0.2939892798870666,10.504706034836264,11.119712135361537,11.178329314042823
54GiB compact,two_pair_0_2,GPU4_completion,1,False,False,30,10.735298583799754,10.454484996431622,0.8769418963130399,10.058315968476,11.042303992194828,11.07426945239472
54GiB compact,two_pair_0_2,GPU0_CUDA_service,1,False,False,30,11.600204442144024,11.531773746176059,0.17525320308472606,11.337847648026576,11.670901655360906,11.691379381906396
54GiB compact,two_pair_0_2,GPU4_CUDA_service,1,False,False,30,11.446473283569553,11.358380259644512,0.32055459081245175,10.939338624432452,11.611082184135382,11.652936576683311
54GiB compact,two_pair_0_3,system,1,False,False,30,21.148268097401676,20.121582590857603,2.3011642460343764,16.10629233405972,21.688242269308944,22.037438921317058
54GiB compact,two_pair_0_3,switch_0_1,1,False,False,30,10.837627810147831,10.471080029116147,0.9187603491705731,9.013157956419025,11.075808605595167,11.114950771641603
54GiB compact,two_pair_0_3,switch_4_5,1,False,False,30,10.704701146865336,10.375562639675326,1.0327494872752474,9.635263016732914,10.998837624097083,11.064194916833362
54GiB compact,two_pair_0_3,GPU0_completion,1,False,False,30,10.837627810147831,10.471080029116147,0.9187603491705731,9.013157956419025,11.075808605595167,11.114950771641603
54GiB compact,two_pair_0_3,GPU5_completion,1,False,False,30,10.704701146865336,10.375562639675326,1.0327494872752474,9.635263016732914,10.998837624097083,11.064194916833362
54GiB compact,two_pair_0_3,GPU0_CUDA_service,1,False,False,30,11.531712136297315,11.392263784159804,0.350609860793428,10.647796253471684,11.641557435556171,11.669609778895243
54GiB compact,two_pair_0_3,GPU5_CUDA_service,1,False,False,30,11.4606902188365,11.319447591569942,0.45359854655281895,10.76390186887796,11.603361651721324,11.65330015688725
54GiB compact,two_pair_1_2,system,1,False,False,30,21.435567714353652,21.278320988708053,0.5966230211518371,20.39904618578294,21.889490846439028,22.05122074824442
54GiB compact,two_pair_1_2,switch_0_1,1,False,False,30,11.024677275130927,10.970338082815884,0.16549461132474358,10.753004541879545,11.13100095101464,11.16979346933372
54GiB compact,two_pair_1_2,switch_4_5,1,False,False,30,10.747652899119931,10.683168257873584,0.32573556154910593,10.19952309289147,11.042799229081256,11.174418644093688
54GiB compact,two_pair_1_2,GPU1_completion,1,False,False,30,11.024677275130927,10.970338082815884,0.16549461132474358,10.753004541879545,11.13100095101464,11.16979346933372
54GiB compact,two_pair_1_2,GPU4_completion,1,False,False,30,10.747652899119931,10.683168257873584,0.32573556154910593,10.19952309289147,11.042799229081256,11.174418644093688
54GiB compact,two_pair_1_2,GPU1_CUDA_service,1,False,False,30,11.606139225948919,11.589127487169598,0.07936244838970313,11.501086033045695,11.668869655429749,11.685159688606108
54GiB compact,two_pair_1_2,GPU4_CUDA_service,1,False,False,30,11.490824479199642,11.426535279742845,0.2574624304115772,11.151487755477753,11.636088579898392,11.697467227741724
54GiB compact,two_pair_1_3,system,1,False,False,30,21.69452827265144,21.627717190223013,0.3445163173411819,21.104055489209777,21.993220046635987,22.125673282560562
54GiB compact,two_pair_1_3,switch_0_1,1,False,False,30,11.034725394869124,11.006148283262982,0.15212225706187568,10.903065425369226,11.142571246754606,11.177887397092729
54GiB compact,two_pair_1_3,switch_4_5,1,False,False,30,10.869710659008739,10.833284369004526,0.16683974353313005,10.554991380581479,10.997548288821736,11.099058844242505
54GiB compact,two_pair_1_3,GPU1_completion,1,False,False,30,11.034725394869124,11.006148283262982,0.15212225706187568,10.903065425369226,11.142571246754606,11.177887397092729
54GiB compact,two_pair_1_3,GPU5_completion,1,False,False,30,10.869710659008739,10.833284369004526,0.16683974353313005,10.554991380581479,10.997548288821736,11.099058844242505
54GiB compact,two_pair_1_3,GPU1_CUDA_service,1,False,False,30,11.611851590038416,11.600626001961272,0.07192441975717385,11.555117057399555,11.671270781849051,11.696172404264463
54GiB compact,two_pair_1_3,GPU5_CUDA_service,1,False,False,30,11.546386204910657,11.516448931617578,0.10242576021917675,11.33039505519768,11.618668197424132,11.648527595598326
54GiB compact,two_pair_2_3,system,1,False,False,30,11.498122585093013,11.48945533165213,0.0900985347866652,11.370138644210051,11.575335683018173,11.678032903927274
54GiB compact,two_pair_2_3,switch_4_5,1,False,False,30,11.498122585093013,11.48945533165213,0.0900985347866652,11.370138644210051,11.575335683018173,11.678032903927274
54GiB compact,two_pair_2_3,GPU4_completion,1,False,False,30,5.765805764415894,5.772379908987157,0.1016673567980283,5.6930726155059945,5.824670046617473,6.133014695759378
54GiB compact,two_pair_2_3,GPU5_completion,1,False,False,30,5.768635512391095,5.770394479234434,0.05674205187723978,5.697364671689146,5.846530036090453,5.875721238399151
54GiB compact,two_pair_2_3,GPU4_CUDA_service,1,False,False,30,5.977441942681573,5.992257608616441,0.10879395869355674,5.917697935795863,6.029576702746529,6.388864932043884
54GiB compact,two_pair_2_3,GPU5_CUDA_service,1,False,False,30,5.978835489711257,5.988087661402715,0.06222688139030155,5.929346081391702,6.053463070873896,6.176103517933241
54GiB compact,six_0,system,1,False,False,30,17.878731255445736,17.858644765648442,0.0854158990983781,17.75505849078711,17.942956259557565,17.96721044343054
54GiB compact,six_0,switch_0_1,1,False,False,30,11.919154170297158,11.905763177098963,0.056943932732252116,11.83670566052474,11.961970839705044,11.978140295620362
54GiB compact,six_0,switch_4_5,1,False,False,30,11.533670946221143,11.422377668624508,0.37573113510092704,11.301854601335002,11.61929269250461,11.657015862083302
54GiB compact,six_0,GPU0_completion,1,False,False,30,5.967302496346836,5.965207182173674,0.04026794390496803,5.920105692105562,5.998913622797314,6.0727632569002825
54GiB compact,six_0,GPU1_completion,1,False,False,30,5.9705265672513494,5.9849670318968,0.11884766389859118,5.9249375594956115,5.997423336612444,6.432430608131258
54GiB compact,six_0,GPU4_completion,1,False,False,30,5.784229233132923,5.783949511016052,0.3331491103591776,5.683919896600948,5.834394823992097,6.8589288745314985
54GiB compact,six_0,GPU5_completion,1,False,False,30,5.792978803356647,5.982692685576246,0.9867413058079779,5.682967853982317,5.835310925337597,9.881855048833883
54GiB compact,six_0,GPU0_CUDA_service,1,False,False,30,6.058985255792823,6.08025669106664,0.09197030601741434,6.037173580260445,6.10360713976275,6.433272432783401
54GiB compact,six_0,GPU1_CUDA_service,1,False,False,30,6.060759395772415,6.085220297111225,0.12193193247751158,6.0367039312251665,6.103700386491958,6.546081990828141
54GiB compact,six_0,GPU4_CUDA_service,1,False,False,30,5.988121707977461,6.209274310321519,0.8544742759380135,5.908238557948677,6.238158287964529,9.553435757390288
54GiB compact,six_0,GPU5_CUDA_service,1,False,False,30,5.977259391726711,6.243909469374144,1.0651097853593787,5.928346899378145,6.197162572121442,10.38802257479278
54GiB compact,six_1,system,1,False,False,30,23.527827134038773,23.431222032222635,0.3650786133954038,23.238709039183664,23.66172100512397,23.725649324201115
54GiB compact,six_1,switch_0_1,1,False,False,30,11.830749738706414,11.805117410004867,0.07783063191150723,11.735374984951951,11.868894127887351,11.882765274839306
54GiB compact,six_1,switch_4_5,1,False,False,30,11.770369973013272,11.73570940155727,0.18099033139910273,11.635622269992332,11.840813038818858,11.883384422723468
54GiB compact,six_1,GPU0_completion,1,False,False,30,5.774228987403873,5.756188108040482,0.1240845079773824,5.653236574280279,5.86459140334071,5.916903315274015
54GiB compact,six_1,GPU1_completion,1,False,False,30,7.887166492470943,7.870078273336577,0.051887087941004766,7.8235833233013015,7.912596085258234,7.9218435165595364
54GiB compact,six_1,GPU4_completion,1,False,False,30,5.727686520618191,5.7120325182286305,0.19425932129801837,5.605307231250218,5.845213152068291,5.986767784639865
54GiB compact,six_1,GPU5_completion,1,False,False,30,7.8469133153421815,7.823806267704844,0.12066022093273496,7.757081513328222,7.893875359212572,7.9222562818156455
54GiB compact,six_1,GPU0_CUDA_service,1,False,False,30,5.964083861601391,5.969781190329398,0.04963965136042869,5.943769735268402,6.005009566940619,6.085120781805492
54GiB compact,six_1,GPU1_CUDA_service,1,False,False,30,8.03268547020642,8.02913181060617,0.024692901173100232,8.000282117101246,8.047776766213106,8.090968064639444
54GiB compact,six_1,GPU4_CUDA_service,1,False,False,30,5.946525946246698,5.961266791372425,0.08025079930340451,5.8998451694276115,6.0448146942109,6.182796638432761
54GiB compact,six_1,GPU5_CUDA_service,1,False,False,30,8.02192430327543,8.0283590924954,0.04168884680543487,7.987649250898548,8.061560280090543,8.153726914350846
54GiB compact,six_2,system,1,False,False,30,23.490455252022443,23.393887020871034,0.5034411983532003,23.326302892577054,23.63485215263072,23.666064633148206
54GiB compact,six_2,switch_0_1,1,False,False,30,11.810140800863136,11.792404578827165,0.0610306796738469,11.71014445280718,11.853787086482768,11.87864611088023
54GiB compact,six_2,switch_4_5,1,False,False,30,11.766705965571507,11.711191390854534,0.2546342721193755,11.676989023132409,11.81742607631536,11.86031657122185
54GiB compact,six_2,GPU0_completion,1,False,False,30,7.873427200575424,7.861603052551444,0.040687119782564674,7.806762968538119,7.902524724321846,7.919097407253487
54GiB compact,six_2,GPU1_completion,1,False,False,30,5.820266954135215,5.844201847280874,0.28826743105551356,5.6698736242125785,5.917833955448733,6.898306255220669
54GiB compact,six_2,GPU4_completion,1,False,False,30,7.844470643714338,7.807460927236353,0.16975618141291707,7.784659348754938,7.878284050876906,7.906877714147899
54GiB compact,six_2,GPU5_completion,1,False,False,30,5.746034886186009,5.675466799381363,0.29559456112933064,5.6211289113094525,5.821707024126951,5.873919985782425
54GiB compact,six_2,GPU0_CUDA_service,1,False,False,30,8.027218855550128,8.061562036225173,0.16609492199566958,8.003854112236308,8.066225684800234,8.690821252167115
54GiB compact,six_2,GPU1_CUDA_service,1,False,False,30,5.984719079115479,6.041976879998736,0.2886289544690913,5.943710738334029,6.079476883683813,7.122983922534589
54GiB compact,six_2,GPU4_CUDA_service,1,False,False,30,8.010865950151228,8.0100545591359,0.05981239829384108,7.98554068118665,8.051459408739204,8.071948903491993
54GiB compact,six_2,GPU5_CUDA_service,1,False,False,30,5.952348236997927,5.941884437804623,0.08803143925110532,5.9008010157692246,6.018291984058288,6.067317867299205
54GiB compact,six_3,system,1,False,False,30,17.808620104085918,17.78653379625563,0.12020387913743227,17.646458189652623,17.896706754742375,17.921544070029565
54GiB compact,six_3,switch_0_1,1,False,False,30,11.618139369511997,11.607303606392561,0.07655268525076282,11.511096196242567,11.681941496427383,11.696338879033881
54GiB compact,six_3,switch_4_5,1,False,False,30,11.872413402723947,11.85768919750375,0.08013591942495503,11.764305459768416,11.931137836494917,11.947696046686378
54GiB compact,six_3,GPU0_completion,1,False,False,30,5.81542793988884,5.816061951279436,0.05370465425783046,5.769286398611037,5.853025314440767,5.96769120393305
54GiB compact,six_3,GPU1_completion,1,False,False,30,5.833643575014363,5.89649383458288,0.26623729191562984,5.795319045535338,5.923708109280954,6.934502820482391
54GiB compact,six_3,GPU4_completion,1,False,False,30,5.948873289531377,5.958778093916959,0.05839133494780565,5.919677409522821,5.989669469789206,6.161333647412404
54GiB compact,six_3,GPU5_completion,1,False,False,30,5.939715227047072,5.989168120876126,0.1829848770511826,5.895515505850616,6.054498064400768,6.639463421040652
54GiB compact,six_3,GPU0_CUDA_service,1,False,False,30,5.992989196841416,6.049537894804931,0.19301696424455717,5.968151816065179,6.131638291752524,6.799184502324878
54GiB compact,six_3,GPU1_CUDA_service,1,False,False,30,6.003542472601735,6.08402723632082,0.2886093281730887,5.9699630489716125,6.133745086537434,7.217233247444319
54GiB compact,six_3,GPU4_CUDA_service,1,False,False,30,6.067467322032542,6.1011638775455905,0.11467706516172982,6.038873663434124,6.151977291660808,6.506186027796682
54GiB compact,six_3,GPU5_CUDA_service,1,False,False,30,6.057429185268479,6.120172513088817,0.18333643208268716,6.031345905900768,6.184931106244546,6.762356007055752
54GiB compact,scale_2_rank,system,1,False,False,30,11.611708692225882,11.560865243518839,0.15257979988355347,11.41050444343822,11.685063111456842,11.693519545623563
54GiB compact,scale_2_rank,switch_0_1,1,False,False,30,11.611708692225882,11.560865243518839,0.15257979988355347,11.41050444343822,11.685063111456842,11.693519545623563
54GiB compact,scale_2_rank,GPU0_completion,1,False,False,30,5.816593609206886,5.875057535214921,0.308397884238531,5.7102269224596185,5.957802664090668,6.963435413355281
54GiB compact,scale_2_rank,GPU1_completion,1,False,False,30,5.814611927809813,6.0227813724742,0.9858368835569072,5.741947015408954,5.882831546513771,9.919453976915351
54GiB compact,scale_2_rank,GPU0_CUDA_service,1,False,False,30,5.997193966185909,6.288612577043598,1.0368453679536398,5.93653398304492,6.980457783250821,10.225549981185049
54GiB compact,scale_2_rank,GPU1_CUDA_service,1,False,False,30,5.998840456448699,6.283289510833646,1.061140421095116,5.940884322670648,6.807285038526802,10.399512996253367
54GiB compact,scale_2_group,system,1,False,False,30,21.472611935032482,21.03652633528287,1.4591616445930855,20.240618914925697,21.91523380392776,22.038107234210013
54GiB compact,scale_2_group,switch_0_1,1,False,False,30,11.014335690702165,10.934879430616572,0.2778553137632226,10.67894408589797,11.15024688464914,11.211650251313351
54GiB compact,scale_2_group,switch_4_5,1,False,False,30,10.803478996794055,10.58241013464963,0.7271477847591011,10.340748574384616,10.960371015013092,11.031181323758119
54GiB compact,scale_2_group,GPU1_completion,1,False,False,30,11.014335690702165,10.934879430616572,0.2778553137632226,10.67894408589797,11.15024688464914,11.211650251313351
54GiB compact,scale_2_group,GPU5_completion,1,False,False,30,10.803478996794055,10.58241013464963,0.7271477847591011,10.340748574384616,10.960371015013092,11.031181323758119
54GiB compact,scale_2_group,GPU1_CUDA_service,1,False,False,30,11.60317669901643,11.56687526942881,0.15733851575541466,11.42325199358899,11.66974788425395,11.694585382778163
54GiB compact,scale_2_group,GPU5_CUDA_service,1,False,False,30,11.505618020599307,11.414268954864358,0.2774871975034336,11.260058592534767,11.58803566989023,11.62804686345534
54GiB compact,scale_4_rank,system,1,False,False,30,22.948062423112873,22.93997850103467,0.21677183336999828,22.66902945611915,23.20880422287086,23.344261035932405
54GiB compact,scale_4_rank,switch_0_1,1,False,False,30,11.598187769465945,11.572900672857674,0.12252821079073321,11.428975796936111,11.694233094480849,11.711421078687042
54GiB compact,scale_4_rank,switch_4_5,1,False,False,30,11.490742823682044,11.482939206007067,0.10096463490335196,11.336037830500432,11.60440211143543,11.672130517966202
54GiB compact,scale_4_rank,GPU0_completion,1,False,False,30,5.807582503007293,5.843381154156221,0.19644285795452923,5.73630541766523,5.871936975312212,6.586533089358311
54GiB compact,scale_4_rank,GPU1_completion,1,False,False,30,5.819163785791707,5.818010215125798,0.07524405771608335,5.743862196311955,5.882847898933876,6.042978552610892
54GiB compact,scale_4_rank,GPU4_completion,1,False,False,30,5.76789194900052,5.863892478259094,0.3037671173151426,5.686484633691502,6.126154160889289,6.925134187394891
54GiB compact,scale_4_rank,GPU5_completion,1,False,False,30,5.788756541129008,5.819980483784709,0.22726602217513187,5.685711119688556,5.892598708395808,6.666383331319051
54GiB compact,scale_4_rank,GPU0_CUDA_service,1,False,False,30,5.989703277353154,6.046787858425561,0.2115137749894396,5.953921064732142,6.10199331618884,6.877668687941202
54GiB compact,scale_4_rank,GPU1_CUDA_service,1,False,False,30,5.995670386936565,6.044999733755132,0.15684316736103243,5.962383584144506,6.10629785807204,6.605214704951898
54GiB compact,scale_4_rank,GPU4_CUDA_service,1,False,False,30,5.980107774147645,6.129537104554413,0.36731440752636657,5.932256006182005,6.451345267512098,7.291749614746591
54GiB compact,scale_4_rank,GPU5_CUDA_service,1,False,False,30,5.999573084263164,6.1216088985204005,0.3257712772722752,5.942357621639571,6.440872474560983,7.193399043795112
54GiB compact,scale_4_group,system,1,False,False,30,22.875230884192135,22.732623913691647,0.6577381986399125,22.298400241937006,23.212581623888806,23.339523145420994
54GiB compact,scale_4_group,switch_0_1,1,False,False,30,11.639808392252574,11.57773399507535,0.12476933227560741,11.35685299201739,11.67827701769177,11.707434176585119
54GiB compact,scale_4_group,switch_4_5,1,False,False,30,11.442577866833002,11.376480032290281,0.33200284679995756,11.149200120968503,11.611466864008012,11.676460380649656
54GiB compact,scale_4_group,GPU0_completion,1,False,False,30,5.822618800941928,5.843747004862006,0.2060829681949178,5.704537184532423,5.910332063808152,6.595302157665693
54GiB compact,scale_4_group,GPU1_completion,1,False,False,30,5.827452910127205,5.849565660914851,0.27754236651232644,5.680257642606528,5.8805580061458524,6.874550792244923
54GiB compact,scale_4_group,GPU4_completion,1,False,False,30,5.743633189024637,5.975197854652663,0.994364602951442,5.6054127367879145,5.883228093692024,9.904012216449084
54GiB compact,scale_4_group,GPU5_completion,1,False,False,30,5.739620885147129,5.841570756117725,0.7600946038887856,5.581527349750792,5.832778249546179,8.641684506200281
54GiB compact,scale_4_group,GPU0_CUDA_service,1,False,False,30,5.988853715438977,6.067758198725745,0.2875649874311694,5.930813091230337,6.0934353073117595,7.1297799732893
54GiB compact,scale_4_group,GPU1_CUDA_service,1,False,False,30,5.991956437427241,6.06976917484303,0.3137791733794724,5.934077171391769,6.058154584215342,7.310877458413046
54GiB compact,scale_4_group,GPU4_CUDA_service,1,False,False,30,5.972840717856253,6.352372577360439,1.260554044159276,5.906674789815467,6.816854068342359,11.10116042145383
54GiB compact,scale_4_group,GPU5_CUDA_service,1,False,False,30,5.974958350675844,6.322565214883743,1.1883525375733595,5.901321777396267,6.6183672673259375,10.657042795192032
54GiB compact,scale_6_rank,system,1,False,False,30,17.908580428115194,17.899066749048266,0.061257180729279576,17.812763533182203,17.9584963000025,17.968902201932497
54GiB compact,scale_6_rank,switch_0_1,1,False,False,30,11.939053618743461,11.932711166032174,0.0408381204861864,11.875175688788135,11.972330866668335,11.979268134621666
54GiB compact,scale_6_rank,switch_4_5,1,False,False,30,11.54666961130308,11.483722864148566,0.15640944156143494,11.299015979624324,11.628682483623379,11.65873868508987
54GiB compact,scale_6_rank,GPU0_completion,1,False,False,30,5.9713300228647554,5.9797365025176346,0.0648615088786841,5.939802285905364,5.992109776693678,6.214155516105278
54GiB compact,scale_6_rank,GPU1_completion,1,False,False,30,5.980443109574887,5.983656864095152,0.04073949314849851,5.937587844394067,6.015332954846672,6.111360023016653
54GiB compact,scale_6_rank,GPU4_completion,1,False,False,30,5.790657804291332,5.798935142836574,0.24707439801468234,5.649507989812162,5.8345164471419695,6.688678661077276
54GiB compact,scale_6_rank,GPU5_completion,1,False,False,30,5.782767176090909,5.75379737755412,0.08273753134121622,5.65327750612217,5.833023033789661,5.856796616814438
54GiB compact,scale_6_rank,GPU0_CUDA_service,1,False,False,30,6.061787045404548,6.075087056539994,0.06593444349298329,6.033881658268239,6.090397338746184,6.327222587410324
54GiB compact,scale_6_rank,GPU1_CUDA_service,1,False,False,30,6.063126820533975,6.076688198892033,0.05066809420590454,6.032154018690153,6.104343575418952,6.2422139967138905
54GiB compact,scale_6_rank,GPU4_CUDA_service,1,False,False,30,5.965773172890923,6.006050664169054,0.25800819528857605,5.899660958649267,6.0185321608402615,6.969442059045783
54GiB compact,scale_6_rank,GPU5_CUDA_service,1,False,False,30,5.967586221339622,5.9942051577669275,0.17972780655090803,5.896934128674402,6.026693358060968,6.653473161545229
54GiB compact,scale_6_group,system,1,False,False,30,23.47403773951565,23.447173252160198,0.14523562609546234,23.25853728099053,23.601803102516573,23.687281534037655
54GiB compact,scale_6_group,switch_0_1,1,False,False,30,11.79125254866484,11.781919033923451,0.06960746274144286,11.68011011348786,11.855770090779153,11.884396031854875
54GiB compact,scale_6_group,switch_4_5,1,False,False,30,11.769992618837744,11.749476748646119,0.07789838540441753,11.629268640495265,11.837929534823887,11.865109345639368
54GiB compact,scale_6_group,GPU0_completion,1,False,False,30,5.7410415205347665,5.782703615124276,0.3335245870336313,5.6358196951486255,5.839711727350995,6.884315224969557
54GiB compact,scale_6_group,GPU1_completion,1,False,False,30,7.860835032443227,7.854612689282299,0.04640497516096186,7.786740075658574,7.903846727186102,7.92293068790325
54GiB compact,scale_6_group,GPU4_completion,1,False,False,30,5.728800007190103,5.731398146615176,0.26984265327859586,5.611017117381286,5.848485338072803,6.534309755785798
54GiB compact,scale_6_group,GPU5_completion,1,False,False,30,7.846661745891828,7.832984499097411,0.0519322569362782,7.752845760330177,7.891953023215925,7.9100728970929115
54GiB compact,scale_6_group,GPU0_CUDA_service,1,False,False,30,5.954389894344101,6.021311961013452,0.30046303626374893,5.898818075068526,6.065716765561292,7.171566487678184
54GiB compact,scale_6_group,GPU1_CUDA_service,1,False,False,30,8.021270459766091,8.056084891292027,0.15764973314657016,7.974679077745649,8.059405989664471,8.678461723838037
54GiB compact,scale_6_group,GPU4_CUDA_service,1,False,False,30,5.933186509209637,5.975047233441921,0.23361145907290037,5.883226220746103,6.019481544081982,6.844820614569074
54GiB compact,scale_6_group,GPU5_CUDA_service,1,False,False,30,8.013804875183322,8.039505087406521,0.14046968259325732,7.975099538310216,8.056529075602672,8.574018651539415
54GiB compact,scale_8_rank,system,1,False,False,30,23.696224390586483,23.682266856386047,0.11006377839240598,23.541206878603553,23.82688190857461,23.872371800405592
54GiB compact,scale_8_rank,switch_0_1,1,False,False,30,11.936427166692104,11.924002335276592,0.0510206298860142,11.850196590706936,11.973691380791859,11.989685856201554
54GiB compact,scale_8_rank,switch_4_5,1,False,False,30,11.862170505180432,11.849295744659146,0.05949238163040623,11.770603439301777,11.915682070949105,11.946876996669904
54GiB compact,scale_8_rank,GPU0_completion,1,False,False,30,5.975933905334075,6.013300561731438,0.14173106625908707,5.954959781621308,6.034504750920423,6.5316501847374395
54GiB compact,scale_8_rank,GPU1_completion,1,False,False,30,5.980372122450611,5.99507557753965,0.1304405502150938,5.926038308542474,6.011338064486491,6.480841633426958
54GiB compact,scale_8_rank,GPU4_completion,1,False,False,30,5.939362113134058,5.931851860853826,0.03509043229546959,5.885820384735717,5.969823557622403,6.007429477712942
54GiB compact,scale_8_rank,GPU5_completion,1,False,False,30,5.938417332458121,5.991903755129285,0.16943809686616848,5.886780133366316,6.111280043630528,6.552186798160255
54GiB compact,scale_8_rank,GPU0_CUDA_service,1,False,False,30,6.06924137961923,6.126391332232745,0.1686645014811202,6.050985654782265,6.225435805538658,6.645971812060335
54GiB compact,scale_8_rank,GPU1_CUDA_service,1,False,False,30,6.073334453887206,6.119380637238874,0.15738505530126573,6.0482364367276364,6.147019995794362,6.677662931715045
54GiB compact,scale_8_rank,GPU4_CUDA_service,1,False,False,30,6.049166970886119,6.083445883882233,0.11813238225690584,6.0113435712798005,6.133250902118706,6.4894454416700365
54GiB compact,scale_8_rank,GPU5_CUDA_service,1,False,False,30,6.049569868945609,6.108571416809982,0.1664153566299299,6.016567983818006,6.20975720295527,6.6650928832635765
54GiB compact,scale_8_group,system,1,False,False,30,23.760191131616494,23.73744602184046,0.10345865025811272,23.62913774245493,23.842428702848665,23.871702520692928
54GiB compact,scale_8_group,switch_0_1,1,False,False,30,11.90114713900633,11.904281062583596,0.04397610122860638,11.855508070710664,11.95760033163446,11.966581926936424
54GiB compact,scale_8_group,switch_4_5,1,False,False,30,11.903364911305296,11.888041423548996,0.05581660101541704,11.830249963946173,11.935227399287642,11.956831569100105
54GiB compact,scale_8_group,GPU0_completion,1,False,False,30,5.960825939412368,5.959704219643974,0.02440366513688009,5.9312911989787445,5.982876773107452,6.010701468142873
54GiB compact,scale_8_group,GPU1_completion,1,False,False,30,5.970230735055285,6.009950717305418,0.18574662791129293,5.927813357591635,5.996089805835195,6.690665590994919
54GiB compact,scale_8_group,GPU4_completion,1,False,False,30,5.956770866697829,5.957448664514565,0.03388173197045857,5.923286167021347,5.98741552396864,6.0217758478643475
54GiB compact,scale_8_group,GPU5_completion,1,False,False,30,5.9639487410329775,5.992499331248804,0.1332924123182009,5.92597414864783,6.101532849831109,6.493172664601905
54GiB compact,scale_8_group,GPU0_CUDA_service,1,False,False,30,6.0551905464240425,6.090757900553323,0.1342743375973755,6.028733242954563,6.089469238882265,6.583594192066358
54GiB compact,scale_8_group,GPU1_CUDA_service,1,False,False,30,6.064280083774927,6.109903003715208,0.18854554841743648,6.03746547448282,6.089179208743322,6.8050011908468555
54GiB compact,scale_8_group,GPU4_CUDA_service,1,False,False,30,6.0663071465284695,6.090323568512992,0.09568066890499673,6.0368407381068,6.1399599763329125,6.439411476916814
54GiB compact,scale_8_group,GPU5_CUDA_service,1,False,False,30,6.063750147890842,6.103085507962361,0.13346968579054808,6.040698997807493,6.2056799125008695,6.606939153256381
54GiB compact,scale_10_rank,system,1,False,False,30,20.05347306506107,20.00896035498499,0.22141865530224183,19.941771452298216,20.10383240319819,20.111775896952715
54GiB compact,scale_10_rank,switch_0_1,1,False,False,30,12.032083839036641,12.00537621299099,0.1328511931813448,11.96506287137893,12.062299441918915,12.06706553817163
54GiB compact,scale_10_rank,switch_4_5,1,False,False,30,11.869154526385698,11.853292237126777,0.07769193799059575,11.767934649880615,11.936453217050955,11.947927101667931
54GiB compact,scale_10_rank,GPU0_completion,1,False,False,30,6.01982688564823,6.009169987103251,0.06937572610229054,5.982531435689465,6.037938769912548,6.072251403833276
54GiB compact,scale_10_rank,GPU1_completion,1,False,False,30,6.021748033413117,6.026503334075954,0.10124956062184433,5.9953056638974624,6.058527981805069,6.337626225581605
54GiB compact,scale_10_rank,GPU4_completion,1,False,False,30,5.941329399284755,5.9845564764339265,0.21573237430810827,5.884197573253206,5.975867195360886,6.831079630929716
54GiB compact,scale_10_rank,GPU5_completion,1,False,False,30,5.946014020241944,5.954835460077445,0.10993609456181531,5.887076962329645,5.992034647278816,6.350290922495648
54GiB compact,scale_10_rank,GPU0_CUDA_service,1,False,False,30,6.091503324611862,6.100262698065548,0.06251683819649016,6.070386642147747,6.133424314958339,6.327523913780355
54GiB compact,scale_10_rank,GPU1_CUDA_service,1,False,False,30,6.089281720450812,6.1042481516768525,0.08323858604797921,6.068494080786333,6.121808503433,6.410817268695004
54GiB compact,scale_10_rank,GPU4_CUDA_service,1,False,False,30,6.050842222754209,6.116798705002492,0.2326242629574783,6.017998241479695,6.124356347244298,6.981080363673259
54GiB compact,scale_10_rank,GPU5_CUDA_service,1,False,False,30,6.053233231618547,6.107006246238137,0.1864803780711457,6.018661533933687,6.134741274091586,6.747220032794545
54GiB compact,scale_10_group,system,1,False,False,30,23.888711332136456,23.870781947935928,0.12072333186691234,23.746611079946224,23.99771548234701,24.014558238390833
54GiB compact,scale_10_group,switch_0_1,1,False,False,30,11.990545136020318,11.981490404686006,0.03709318949746108,11.939848607485747,12.022619460775017,12.042218549674383
54GiB compact,scale_10_group,switch_4_5,1,False,False,30,11.953293144305746,11.941801994991376,0.06356212952742755,11.873305539973112,12.008695143861319,12.027089242718086
54GiB compact,scale_10_group,GPU0_completion,1,False,False,30,5.959546036436269,5.972160481483886,0.1937508732710593,5.895492222845783,5.997274819591303,6.560138716525687
54GiB compact,scale_10_group,GPU1_completion,1,False,False,30,7.19432708161219,7.188894242811605,0.022255913698476598,7.163909164491448,7.21357167646501,7.22533112980463
54GiB compact,scale_10_group,GPU4_completion,1,False,False,30,5.931714420242612,5.9494651734596955,0.13240251925945326,5.863478985726283,5.984936911162213,6.443109755964768
54GiB compact,scale_10_group,GPU5_completion,1,False,False,30,7.171975886583448,7.165081196994825,0.038137277716456516,7.123983323983868,7.205217086316791,7.2162535456308525
54GiB compact,scale_10_group,GPU0_CUDA_service,1,False,False,30,6.049508059862462,6.085532430144769,0.16365326426657306,6.017641912731171,6.086729889209052,6.672730748045671
54GiB compact,scale_10_group,GPU1_CUDA_service,1,False,False,30,7.2763279445451765,7.301792661380423,0.10267436179561877,7.260172701567168,7.299452998705587,7.676389194841939
54GiB compact,scale_10_group,GPU4_CUDA_service,1,False,False,30,6.0350548935210035,6.061102567875626,0.12858605323530548,6.006501255371296,6.072803505801154,6.554875756125907
54GiB compact,scale_10_group,GPU5_CUDA_service,1,False,False,30,7.27172308079751,7.281680610483927,0.08892699535024558,7.240338957943857,7.295143343941343,7.614092805643692
54GiB compact,scale_14_rank,system,1,False,False,30,21.17294535162857,21.125093770718873,0.19146292512468846,21.092384056569884,21.207245302959162,21.212929575224123
54GiB compact,scale_14_rank,switch_0_1,1,False,False,30,12.098825915216326,12.071482154696497,0.10940738578553598,12.052790889468504,12.118425887405234,12.121674042985214
54GiB compact,scale_14_rank,switch_4_5,1,False,False,30,11.989327080188316,11.985815447362148,0.042166042323551735,11.936286047201042,12.032301358263842,12.046121457075483
54GiB compact,scale_14_rank,GPU0_completion,1,False,False,30,6.050102294528405,6.048453513893419,0.07408990100406417,6.029116852926698,6.062448671029466,6.245400849942479
54GiB compact,scale_14_rank,GPU1_completion,1,False,False,30,6.055682057914182,6.045198250759466,0.05468689120339931,6.026673408728366,6.0669900972503035,6.128417461818008
54GiB compact,scale_14_rank,GPU4_completion,1,False,False,30,6.0025716441268555,6.004033868927221,0.030865236374816415,5.968143023600521,6.031306180876045,6.084322686008743
54GiB compact,scale_14_rank,GPU5_completion,1,False,False,30,6.000350976119133,6.010246463779311,0.06671151131889379,5.981537618211783,6.022673971612246,6.25688778473406
54GiB compact,scale_14_rank,GPU0_CUDA_service,1,False,False,30,6.096986615159219,6.105969120450584,0.05286936730369766,6.085132896354365,6.122356411354675,6.303194321035256
54GiB compact,scale_14_rank,GPU1_CUDA_service,1,False,False,30,6.100502122903347,6.107559720864037,0.041562787127092174,6.085063732167588,6.130055065690146,6.258691098043942
54GiB compact,scale_14_rank,GPU4_CUDA_service,1,False,False,30,6.076587805695974,6.089758085650574,0.05641537912304435,6.061180791035208,6.126226711212828,6.298758398134879
54GiB compact,scale_14_rank,GPU5_CUDA_service,1,False,False,30,6.0726464780595055,6.084621875209151,0.0708011665664199,6.058155595114659,6.096351116443452,6.352719609239151
54GiB compact,scale_14_group,system,1,False,False,30,24.066171966450472,24.008168282364338,0.2928461039482089,23.928167028015938,24.131227367827233,24.16718188473401
54GiB compact,scale_14_group,switch_0_1,1,False,False,30,12.07062766798141,12.058715961195304,0.045703270985544164,12.021434621565653,12.097246275296698,12.10912788956988
54GiB compact,scale_14_group,switch_4_5,1,False,False,30,12.047597116868271,12.01916499600341,0.14884796151482546,11.995093940560904,12.087533728075163,12.112104603760143
54GiB compact,scale_14_group,GPU0_completion,1,False,False,30,6.005733260831216,6.002360198752773,0.08527051970433036,5.975458146766041,6.039260183834378,6.185279097526603
54GiB compact,scale_14_group,GPU1_completion,1,False,False,30,6.897501524560806,6.890694834968745,0.02611615484888229,6.86939121232323,6.9127121573123995,6.919501651182788
54GiB compact,scale_14_group,GPU4_completion,1,False,False,30,6.007043380345594,5.9750033934804065,0.19628605483138434,5.935670693405938,6.0404027508712685,6.3306852409129375
54GiB compact,scale_14_group,GPU5_completion,1,False,False,30,6.884795106848951,6.885821908157453,0.12490236293096844,6.863749326152492,6.909941517719148,7.241496005149563
54GiB compact,scale_14_group,GPU0_CUDA_service,1,False,False,30,6.075607157770058,6.082506067963062,0.0515655893363286,6.057773710474252,6.099782372533779,6.263235903648275
54GiB compact,scale_14_group,GPU1_CUDA_service,1,False,False,30,6.95639461030251,6.961331245303868,0.03830661183419955,6.9420014062940325,6.968636600968048,7.101754647669067
54GiB compact,scale_14_group,GPU4_CUDA_service,1,False,False,30,6.081600411663011,6.107435295426038,0.1211934446984641,6.0537656055600735,6.143121274655794,6.546153725032976
54GiB compact,scale_14_group,GPU5_CUDA_service,1,False,False,30,6.957237074979222,6.981378459661045,0.10638470821882218,6.939355238620088,6.971938285172343,7.3999150452177584
54GiB compact,scale_50_rank,system,1,False,False,30,23.496630862468116,23.49789479627666,0.018180909471752778,23.479291608270906,23.517029866590796,23.528456385545667
54GiB compact,scale_50_rank,switch_0_1,1,False,False,30,12.21824804848342,12.21890529406386,0.009454072925311271,12.20923163630087,12.228855530627213,12.234797320483748
54GiB compact,scale_50_rank,switch_4_5,1,False,False,30,12.196200632260545,12.19774703986116,0.017719755275401802,12.177463220290079,12.22388541626954,12.230965091506388
54GiB compact,scale_50_rank,GPU0_completion,1,False,False,30,6.110146489978137,6.114098369650615,0.017205695997160382,6.106143323591035,6.118531381934209,6.179714097668639
54GiB compact,scale_50_rank,GPU1_completion,1,False,False,30,6.111044656402652,6.115232300857497,0.018095343586219493,6.106058653452211,6.121065877276571,6.182341433143864
54GiB compact,scale_50_rank,GPU4_completion,1,False,False,30,6.100323381020882,6.105277427085905,0.02088081815653927,6.0890519557115095,6.118154046088311,6.178692714642995
54GiB compact,scale_50_rank,GPU5_completion,1,False,False,30,6.101008446595893,6.102662997368092,0.010669287258709508,6.090319413780588,6.118198449683476,6.125630398747204
54GiB compact,scale_50_rank,GPU0_CUDA_service,1,False,False,30,6.126739174106618,6.132349763166883,0.020923175186116805,6.120751806408165,6.138663158650558,6.2099615411032785
54GiB compact,scale_50_rank,GPU1_CUDA_service,1,False,False,30,6.126455276854443,6.13294192712331,0.02194714036308982,6.120296538815819,6.148168154228825,6.213804364100564
54GiB compact,scale_50_rank,GPU4_CUDA_service,1,False,False,30,6.122337906060132,6.12731846067781,0.02017730014166322,6.116338600985393,6.136577465071837,6.200574894365391
54GiB compact,scale_50_rank,GPU5_CUDA_service,1,False,False,30,6.120670243324215,6.125543111722477,0.016555190623656065,6.113271262065764,6.135474272990545,6.183249442858186
54GiB compact,scale_50_group,system,1,False,False,30,24.38284483450246,24.378125230043988,0.06285314015778372,24.33900127162607,24.433650067097403,24.438584349562184
54GiB compact,scale_50_group,switch_0_1,1,False,False,30,12.211710519229015,12.210387117328382,0.01119363959462417,12.192112083133997,12.22343309026237,12.225511565218016
54GiB compact,scale_50_group,switch_4_5,1,False,False,30,12.198699022388876,12.193397974519122,0.03407945594736306,12.169500635813035,12.223544867399639,12.233263834698986
54GiB compact,scale_50_group,GPU0_completion,1,False,False,30,6.102457469912057,6.097254810986673,0.026691307740101606,6.088681563909917,6.110737772335891,6.124891327573786
54GiB compact,scale_50_group,GPU1_completion,1,False,False,30,6.350089469999089,6.34940130101076,0.005820692589204383,6.3398982832296795,6.3561852069364315,6.357266013913368
54GiB compact,scale_50_group,GPU4_completion,1,False,False,30,6.095067287804666,6.089598355668203,0.050438578366916294,6.030609192978614,6.1187625189085155,6.207549410782597
54GiB compact,scale_50_group,GPU5_completion,1,False,False,30,6.343323491642216,6.340566946749943,0.017721317092628766,6.328140330622778,6.356243331047812,6.361297194043472
54GiB compact,scale_50_group,GPU0_CUDA_service,1,False,False,30,6.120569807828916,6.120529028475767,0.009770075084139216,6.114663209043469,6.126515911659243,6.140727607128691
54GiB compact,scale_50_group,GPU1_CUDA_service,1,False,False,30,6.3660573109355445,6.366374951998874,0.0053138568624788805,6.3611221297165645,6.370914715666391,6.381229038882557
54GiB compact,scale_50_group,GPU4_CUDA_service,1,False,False,30,6.116824945797475,6.121788878057247,0.03282874215609093,6.096234022740703,6.1372832382058675,6.230736079427273
54GiB compact,scale_50_group,GPU5_CUDA_service,1,False,False,30,6.362454738485135,6.368365185228496,0.022034275481522453,6.353059703749885,6.37654157335557,6.446173037895418
54GiB compact,scale_62_rank,system,1,False,False,30,23.690799430192936,23.681779506557106,0.03422160298635277,23.627974970239773,23.715446091010016,23.7184130958196
54GiB compact,scale_62_rank,switch_0_1,1,False,False,30,12.227509383325387,12.222853938868179,0.017662762831665915,12.195083855607626,12.2402302405213,12.241761597842375
54GiB compact,scale_62_rank,switch_4_5,1,False,False,30,12.207976029868492,12.20659314021495,0.02205380843899278,12.18005720928676,12.239723323641662,12.24532230985016
54GiB compact,scale_62_rank,GPU0_completion,1,False,False,30,6.113787597878532,6.112028841852373,0.009260630222577235,6.097556152249628,6.120675461177353,6.125736485463015
54GiB compact,scale_62_rank,GPU1_completion,1,False,False,30,6.118151707384363,6.119018030449966,0.021309854980389367,6.098205146011133,6.122287163114686,6.19089626452756
54GiB compact,scale_62_rank,GPU4_completion,1,False,False,30,6.105084063774046,6.106463969997261,0.012748155559802625,6.090993947715742,6.123184480503394,6.12862996963975
54GiB compact,scale_62_rank,GPU5_completion,1,False,False,30,6.104604908997317,6.104749795058802,0.01022649423716432,6.0907730217271885,6.119861661820831,6.12266115492508
54GiB compact,scale_62_rank,GPU0_CUDA_service,1,False,False,30,6.128686437982301,6.13095097735229,0.01687516651189376,6.116903887268943,6.137861386754144,6.188006805697994
54GiB compact,scale_62_rank,GPU1_CUDA_service,1,False,False,30,6.1293828179830925,6.132353638620161,0.021758256960063397,6.117181694439117,6.135449481143017,6.209200176595776
54GiB compact,scale_62_rank,GPU4_CUDA_service,1,False,False,30,6.120101686545804,6.124191505692601,0.01024535397962379,6.113194653385302,6.139835921372389,6.143092246200225
54GiB compact,scale_62_rank,GPU5_CUDA_service,1,False,False,30,6.12140605081918,6.1227872874271245,0.008752072130732256,6.1124528113316465,6.1347589057854375,6.138160724548334
54GiB compact,scale_62_group,system,1,False,False,30,24.41824661938557,24.402861747698974,0.08529410605107393,24.381798599230184,24.442111468356156,24.470989001029118
54GiB compact,scale_62_group,switch_0_1,1,False,False,30,12.225643489003254,12.215566358919489,0.04584169703078062,12.203632900243836,12.238008393805677,12.240058968889194
54GiB compact,scale_62_group,switch_4_5,1,False,False,30,12.211654590229188,12.212892824633899,0.013132316373259949,12.198359314300616,12.234569226125782,12.240404006848163
54GiB compact,scale_62_group,GPU0_completion,1,False,False,30,6.108476482799901,6.103554040065403,0.028315324285092234,6.079413662180967,6.121624551391543,6.165504107820076
54GiB compact,scale_62_group,GPU1_completion,1,False,False,30,6.310009542711357,6.304808443313283,0.023660230725564266,6.298649238835527,6.316391429060994,6.317449790394423
54GiB compact,scale_62_group,GPU4_completion,1,False,False,30,6.101492553802167,6.096826433414372,0.03385831927887715,6.08984454857027,6.116528797254946,6.128460983404465
54GiB compact,scale_62_group,GPU5_completion,1,False,False,30,6.302789465924742,6.303428554649756,0.006777969741037309,6.295927388026124,6.314616374774596,6.317627874502278
54GiB compact,scale_62_group,GPU0_CUDA_service,1,False,False,30,6.125610418548769,6.125556113253619,0.016285003695871506,6.1115723738149486,6.1331130738640045,6.181231863510591
54GiB compact,scale_62_group,GPU1_CUDA_service,1,False,False,30,6.3239653711831085,6.324320170463415,0.010871721897154976,6.316052486175319,6.327797625132703,6.3624147333861565
54GiB compact,scale_62_group,GPU4_CUDA_service,1,False,False,30,6.119771672074567,6.122252988036462,0.009570976177879203,6.113105073375983,6.133271807158044,6.150024296666668
54GiB compact,scale_62_group,GPU5_CUDA_service,1,False,False,30,6.3180506959838105,6.319948655014811,0.0072295172026402435,6.312733155744618,6.329741478906749,6.336536905077941
54GiB compact,concurrency_2_rank,system,2,False,False,30,21.114662683676627,21.09514239551488,0.06984275427614735,20.9988129030394,21.161988688309215,21.16992252971862
54GiB compact,concurrency_2_rank,switch_0_1,2,False,False,30,12.065521533529502,12.05436708315136,0.03991014530065576,11.999321658879659,12.092564964748123,12.09709858841064
54GiB compact,concurrency_2_rank,switch_4_5,2,False,False,30,11.942118547900002,11.932494786922351,0.05635488097225415,11.854164985357253,11.996366490774182,12.006630153423913
54GiB compact,concurrency_2_rank,GPU0_completion,2,False,False,30,6.034791783496174,6.040423446300312,0.059466651228356614,5.999660829439829,6.050012955520924,6.259713080032288
54GiB compact,concurrency_2_rank,GPU1_completion,2,False,False,30,6.039107382021378,6.042558010299689,0.06590485404920003,6.001966603514441,6.058432997794477,6.287692152964688
54GiB compact,concurrency_2_rank,GPU4_completion,2,False,False,30,5.975773946749785,5.997646698545674,0.11705332706699118,5.928257198249715,6.008549982020623,6.430308817361012
54GiB compact,concurrency_2_rank,GPU5_completion,2,False,False,30,5.982061148930371,5.989148480368713,0.08993081439026213,5.927082492678626,6.006304946085803,6.319490260029924
54GiB compact,concurrency_2_group,system,2,False,False,30,23.96263959099388,23.94597161734561,0.07553627913554743,23.860439127128025,24.03144286563527,24.068733134295123
54GiB compact,concurrency_2_group,switch_0_1,2,False,False,30,12.017498066689676,12.010420270054544,0.03866487457628646,11.951667591147622,12.058870252231735,12.061394994345605
54GiB compact,concurrency_2_group,switch_4_5,2,False,False,30,11.986800784292711,11.98025595313388,0.03937499941839955,11.933142751691225,12.017571411750724,12.038074528961625
54GiB compact,concurrency_2_group,GPU0_completion,2,False,False,30,5.978916706566489,5.943451833404481,0.10944768657318955,5.907260696510832,5.995422316759763,6.037299368732213
54GiB compact,concurrency_2_group,GPU1_completion,2,False,False,30,6.8671417523941,6.863097297174026,0.022094214043592218,6.829524337798641,6.890783001275277,6.892225711054631
54GiB compact,concurrency_2_group,GPU4_completion,2,False,False,30,5.963239337447375,5.989965170332765,0.12472346120157027,5.937468475090547,5.997628042113053,6.475910832015964
54GiB compact,concurrency_2_group,GPU5_completion,2,False,False,30,6.849600448167264,6.845860544647933,0.022499999667656884,6.818938715252128,6.867183663857556,6.878899730835214
54GiB compact,concurrency_4_rank,system,4,False,False,30,20.94765796471317,20.946297824667933,0.06885508051475786,20.85632061445112,21.024612181450408,21.03299035556058
54GiB compact,concurrency_4_rank,switch_0_1,4,False,False,30,11.970090265550382,11.969313042667396,0.03934576029414734,11.917897493972069,12.014064103685948,12.018851631748905
54GiB compact,concurrency_4_rank,switch_4_5,4,False,False,30,11.827067888188537,11.812546411701202,0.0402994104400411,11.759033741761899,11.852267058222164,11.87675264216401
54GiB compact,concurrency_4_rank,GPU0_completion,4,False,False,30,5.990879478671733,5.98846622085484,0.024305340775952807,5.959799725777656,6.00862523050964,6.048956174104429
54GiB compact,concurrency_4_rank,GPU1_completion,4,False,False,30,5.986876189097975,6.004917030505349,0.07736965822303664,5.960249817004208,6.026352594445092,6.296445670654909
54GiB compact,concurrency_4_rank,GPU4_completion,4,False,False,30,5.914419645271703,5.980237702164145,0.29560908888367016,5.880574143083751,5.959880862271156,7.145194969695982
54GiB compact,concurrency_4_rank,GPU5_completion,4,False,False,30,5.918266596874188,5.951854237065313,0.22799457877307353,5.883565509725197,5.932395671628412,6.808174364775738
54GiB compact,concurrency_4_group,system,4,False,False,30,23.769406802165044,23.765890279965316,0.073916835559703,23.659115613436708,23.83273347424658,23.921486973309165
54GiB compact,concurrency_4_group,switch_0_1,4,False,False,30,11.942608594554928,11.934527011032108,0.034353678354697104,11.893592256645734,11.96927896204151,11.980240173704217
54GiB compact,concurrency_4_group,switch_4_5,4,False,False,30,11.890337287531239,11.888467137189087,0.040269853423726756,11.829557806718354,11.94417933317062,11.961690918604909
54GiB compact,concurrency_4_group,GPU0_completion,4,False,False,30,5.937160637433336,5.9184158482432485,0.0666689394054696,5.897798322539549,5.956323705545773,5.963067085496026
54GiB compact,concurrency_4_group,GPU1_completion,4,False,False,30,6.824347768317102,6.819729720589773,0.01963067334554119,6.796338432368991,6.839587978309434,6.845851527830982
54GiB compact,concurrency_4_group,GPU4_completion,4,False,False,30,5.918903814678453,5.921437492997574,0.042000197993149205,5.876442939232778,5.97317699542936,6.027374125715469
54GiB compact,concurrency_4_group,GPU5_completion,4,False,False,30,6.79447845001785,6.793409792679481,0.023011344813558116,6.759747318124774,6.825245333240354,6.835251953488519
54GiB compact,remote_0,system,1,True,False,30,17.89741097802448,17.884737090267183,0.05136793688268391,17.82527558505078,17.932443153933338,17.94498227042809
54GiB compact,remote_0,switch_0_1,1,True,False,30,11.931607318682987,11.923158060178123,0.03424529125512239,11.88351705670052,11.954962102622225,11.963321513618725
54GiB compact,remote_0,switch_4_5,1,True,False,30,11.43828266299268,11.423527815045333,0.12100851409430671,11.272084754003455,11.568285915718642,11.624321220567788
54GiB compact,remote_0,GPU0_completion,1,True,False,30,5.968553542579957,5.982067849632637,0.09781552358081971,5.94175852835026,5.983468208081376,6.346766679498721
54GiB compact,remote_0,GPU1_completion,1,True,False,30,5.992789502927784,6.045033668979444,0.16337787634716047,5.956143008355997,6.169098937589608,6.586450518501444
54GiB compact,remote_0,GPU4_completion,1,True,False,30,5.746821617391143,5.839288253089316,0.338351364517506,5.666626922473863,5.966511316183163,7.046430093228088
54GiB compact,remote_0,GPU5_completion,1,True,False,30,5.744922988170495,5.881797138334741,0.3818032395756913,5.665014996807598,6.6950631171837856,6.886118690253321
54GiB compact,remote_0,GPU0_CUDA_service,1,True,False,30,6.074772949229163,6.140295463606599,0.15848383323361753,6.062117078366968,6.468837613207902,6.5897829521433104
54GiB compact,remote_0,GPU1_CUDA_service,1,True,False,30,6.081631481477919,6.155970091467089,0.1810469037668337,6.066182428762485,6.43953644341519,6.711403083119558
54GiB compact,remote_0,GPU4_CUDA_service,1,True,False,30,5.985356064142149,6.193658880090322,0.43675093602755705,5.914837222417427,6.845338328084658,7.402816679533558
54GiB compact,remote_0,GPU5_CUDA_service,1,True,False,30,5.959035445632551,6.194454736863157,0.46399114128971974,5.898074949423701,7.112640995616175,7.235090929225592
54GiB compact,remote_1,system,1,True,False,30,23.303598637852417,23.297774993044357,0.18006647875284118,23.124352535274767,23.52812145394328,23.578532844384934
54GiB compact,remote_1,switch_0_1,1,True,False,30,11.832356933252901,11.816551635637428,0.05219204932038461,11.745421702307508,11.867987154670555,11.879787209082863
54GiB compact,remote_1,switch_4_5,1,True,False,30,11.651799318926209,11.649716119368293,0.09117902440569896,11.562176267637383,11.76518358632385,11.791845168621947
54GiB compact,remote_1,GPU0_completion,1,True,False,30,5.753172356182173,5.785554201779883,0.21507223295932273,5.7168359019463475,5.781042699490309,6.5888711748777595
54GiB compact,remote_1,GPU1_completion,1,True,False,30,7.888237955501935,7.877701090424951,0.0347946995469231,7.830281134871672,7.911991436447035,7.919858139388576
54GiB compact,remote_1,GPU4_completion,1,True,False,30,5.779072074886587,6.010457694533006,1.0086489990529202,5.540659094218944,7.107064516749726,9.637719051815628
54GiB compact,remote_1,GPU5_completion,1,True,False,30,7.767866212617472,7.766477412912194,0.0607860162704658,7.708117511758256,7.843455724215899,7.861230112414631
54GiB compact,remote_1,GPU0_CUDA_service,1,True,False,30,5.960828562688848,6.000904363734561,0.22879924652732292,5.944691888696245,5.992942176985184,6.8588180420943745
54GiB compact,remote_1,GPU1_CUDA_service,1,True,False,30,8.034983326616683,8.0524744889739,0.1282774167873012,8.011148804243248,8.04650364801179,8.529622429806878
54GiB compact,remote_1,GPU4_CUDA_service,1,True,False,30,5.9851591387462175,6.301162226456544,1.0853700372254327,5.797974671703524,7.411054125016123,10.314400008303469
54GiB compact,remote_1,GPU5_CUDA_service,1,True,False,30,7.984571917718506,8.187562838121327,0.6369949351190634,7.93082278370018,8.841305111871032,10.555098524031045
54GiB compact,remote_2,system,1,True,False,30,11.582774833472296,11.555203564667552,0.16195683732585908,11.490083366472241,11.662336197049424,11.669108618887027
54GiB compact,remote_2,switch_0_1,1,True,False,30,11.582774833472296,11.555203564667552,0.16195683732585908,11.490083366472241,11.662336197049424,11.669108618887027
54GiB compact,remote_2,GPU0_completion,1,True,False,30,5.80651589446625,5.902708028397708,0.37136842473652754,5.7616795666053475,5.942268773241756,7.007399198940546
54GiB compact,remote_2,GPU1_completion,1,True,False,30,5.836770429501641,6.0093725233929485,0.49010550832814564,5.764169699904369,7.132933465971247,7.313382880453813
54GiB compact,remote_2,GPU0_CUDA_service,1,True,False,30,6.004827073487391,6.262013748633082,0.49044713309898497,5.980883970308548,7.079505650471439,7.32727021493488
54GiB compact,remote_2,GPU1_CUDA_service,1,True,False,30,6.024087203515855,6.29733799594608,0.5491910254460691,5.986420987647364,7.422255575658347,7.577552185783506
54GiB compact,remote_3,system,1,True,False,30,21.119892945627086,20.747427012547764,1.3177158201063452,19.607597860255556,21.741500056052264,21.808899504093745
54GiB compact,remote_3,switch_0_1,1,True,False,30,10.869184394261596,10.72559634246386,0.554841975150025,10.714350727894987,10.908943450094702,10.93841763993199
54GiB compact,remote_3,switch_4_5,1,True,False,30,10.629253671256661,10.50101407033836,0.4812852568827983,10.030627538788659,10.905187962690864,11.021398168765694
54GiB compact,remote_3,GPU0_completion,1,True,False,30,10.869184394261596,10.72559634246386,0.554841975150025,10.714350727894987,10.908943450094702,10.93841763993199
54GiB compact,remote_3,GPU4_completion,1,True,False,30,10.629253671256661,10.50101407033836,0.4812852568827983,10.030627538788659,10.905187962690864,11.021398168765694
54GiB compact,remote_3,GPU0_CUDA_service,1,True,False,30,11.576980122456375,11.510143050582526,0.22489459838112894,11.49871587597989,11.592635090146217,11.598954690565286
54GiB compact,remote_3,GPU4_CUDA_service,1,True,False,30,11.382832665020988,11.344432497951447,0.2271569927711972,11.084938680147692,11.546475638399471,11.592859307378754
54GiB compact,overlap_0,system,1,False,True,30,12.070133822587223,12.0432402604237,0.16081953082330033,12.009041989914229,12.124439525691562,12.15639247013656
54GiB compact,overlap_0,switch_0_1,1,False,True,30,8.046755881724817,8.028826840282468,0.1072130205488668,8.006027993276152,8.082959683794375,8.104261646757706
54GiB compact,overlap_0,switch_4_5,1,False,True,30,6.480253518778,6.446886058027598,0.19263296631048743,6.185854047776512,6.612360059689649,6.753214702114755
54GiB compact,overlap_0,GPU0_completion,1,False,True,30,4.030407507857509,4.036070218393006,0.0833255179389627,4.006804537488323,4.07456501681737,4.278813907262261
54GiB compact,overlap_0,GPU1_completion,1,False,True,30,4.0296072693404685,4.03648085514046,0.031702546695534246,4.00447857521035,4.065336735107125,4.12545800464759
54GiB compact,overlap_0,GPU4_completion,1,False,True,30,3.277538526436481,3.2532525363413485,0.09100345704609267,3.131616927980954,3.337918912591849,3.3890568887476142
54GiB compact,overlap_0,GPU5_completion,1,False,True,30,3.278779284272117,3.2744815203182234,0.11312026491374973,3.16598516901045,3.336454278029428,3.61642511734579
54GiB compact,overlap_0,GPU0_CUDA_service,1,False,True,30,4.153559102811825,4.181917420117114,0.07904180121321976,4.128012318663582,4.316482730255025,4.426240596458351
54GiB compact,overlap_0,GPU1_CUDA_service,1,False,True,30,4.1514103022630415,4.179429627599027,0.08867712699915037,4.125214527732955,4.2322850323266055,4.5077231476081625
54GiB compact,overlap_0,GPU4_CUDA_service,1,False,True,30,3.4847474415844473,3.4855644505951378,0.06884033036686006,3.4143530232202175,3.5555190594078616,3.592602305011558
54GiB compact,overlap_0,GPU5_CUDA_service,1,False,True,30,3.4965795481944033,3.5006183923181315,0.09369412078315162,3.4223609730778213,3.5548658287659234,3.8201274738111164
54GiB compact,overlap_1,system,1,False,True,30,14.410918383831156,14.317205906142116,0.34310200267317953,14.225096648245776,14.492935286173724,14.534299601874112
54GiB compact,overlap_1,switch_0_1,1,False,True,30,7.2314911899764205,7.216292930260292,0.048799741867792054,7.1658575213738205,7.258626179978755,7.287675739697902
54GiB compact,overlap_1,switch_4_5,1,False,True,30,7.214230658835012,7.1717296891757565,0.17208173206515834,7.13555430893686,7.250385113973299,7.269663215011816
54GiB compact,overlap_1,GPU0_completion,1,False,True,30,3.365820540534419,3.3672796741321416,0.10631957957693423,3.2922367034645434,3.444856380806199,3.6218030642020174
54GiB compact,overlap_1,GPU1_completion,1,False,True,30,4.820994126650946,4.81086195350686,0.03253316124519469,4.777238347582547,4.839084119985837,4.858450493131935
54GiB compact,overlap_1,GPU4_completion,1,False,True,30,3.2823045412051015,3.2448759992483986,0.1218927192014544,3.1039823759461593,3.346295244452956,3.3889002848428262
54GiB compact,overlap_1,GPU5_completion,1,False,True,30,4.809487105890009,4.78115312611717,0.11472115471010548,4.757036205957907,4.833590075982198,4.846442143341211
54GiB compact,overlap_1,GPU0_CUDA_service,1,False,True,30,3.543349713411999,3.556591755409369,0.10245001034660751,3.4416583506993543,3.6633164705371475,3.838160356278481
54GiB compact,overlap_1,GPU1_CUDA_service,1,False,True,30,4.984401677744568,5.010563080204318,0.08277586033503119,4.952917215341286,5.180630687279028,5.236219423484395
54GiB compact,overlap_1,GPU4_CUDA_service,1,False,True,30,3.4686157922950374,3.4697684512713396,0.0861913348370139,3.36134447727261,3.5749648818936466,3.6021692473040066
54GiB compact,overlap_1,GPU5_CUDA_service,1,False,True,30,5.016491363509859,5.029080590379051,0.07917576366334696,4.9811844233883305,5.06313860692226,5.321831225281477
54GiB compact,overlap_2,system,1,False,True,30,14.44851008652195,14.379126629675929,0.14088847034977747,14.166987100239663,14.48430571532002,14.507896318836481
54GiB compact,overlap_2,switch_0_1,1,False,True,30,7.234470949458899,7.223830701469009,0.04138083310466198,7.164972041712013,7.254690299667233,7.2830017890204575
54GiB compact,overlap_2,switch_4_5,1,False,True,30,7.233698501206684,7.202439168807041,0.07286706581554858,7.117805027505971,7.26016553529835,7.269686970213786
54GiB compact,overlap_2,GPU0_completion,1,False,True,30,4.8229806329726,4.815887134312672,0.027587222069774736,4.776648027808009,4.8364601997781556,4.855334526013638
54GiB compact,overlap_2,GPU1_completion,1,False,True,30,3.3493561691490727,3.3274945572301147,0.11227549272759836,3.2075177984270105,3.44438295169356,3.4688572952231356
54GiB compact,overlap_2,GPU4_completion,1,False,True,30,4.822465667471123,4.8016261125380275,0.04857804387703236,4.745203351670647,4.8401103568655675,4.846457980142524
54GiB compact,overlap_2,GPU5_completion,1,False,True,30,3.282647423983523,3.2545320786802505,0.13766816564442497,3.1123202020631116,3.380289314407237,3.4187151897947015
54GiB compact,overlap_2,GPU0_CUDA_service,1,False,True,30,4.982294937112995,4.9836349546970915,0.041152493330542994,4.959473354964075,5.003194364796677,5.123179507818924
54GiB compact,overlap_2,GPU1_CUDA_service,1,False,True,30,3.539404009132206,3.525978559105789,0.08215624223375943,3.4292721471097285,3.6257025000105845,3.667266480803936
54GiB compact,overlap_2,GPU4_CUDA_service,1,False,True,30,5.0251459162363865,5.046041262831212,0.07620561723605918,4.994697491470201,5.180524276569376,5.261386556482718
54GiB compact,overlap_2,GPU5_CUDA_service,1,False,True,30,3.502040060129196,3.494040207638811,0.0736770501032392,3.385850812718286,3.588545975975474,3.604602988015234
54GiB spread,two_single_0,system,1,False,False,30,11.453765723334348,11.391589430186952,0.35590787830414844,11.243950023634957,11.638177469456886,11.679136639852794
54GiB spread,two_single_0,switch_0_1,1,False,False,30,11.453765723334348,11.391589430186952,0.35590787830414844,11.243950023634957,11.638177469456886,11.679136639852794
54GiB spread,two_single_0,GPU0_completion,1,False,False,30,11.453765723334348,11.391589430186952,0.35590787830414844,11.243950023634957,11.638177469456886,11.679136639852794
54GiB spread,two_single_0,GPU0_CUDA_service,1,False,False,30,11.859100199210623,11.817775089735665,0.1370870864212533,11.62926166360677,11.943746976126295,11.9545923928092
54GiB spread,two_single_1,system,1,False,False,30,11.49991121079986,11.260536132681606,0.6610574082737919,10.745553418334834,11.592752890619446,11.649212738570162
54GiB spread,two_single_1,switch_0_1,1,False,False,30,11.49991121079986,11.260536132681606,0.6610574082737919,10.745553418334834,11.592752890619446,11.649212738570162
54GiB spread,two_single_1,GPU1_completion,1,False,False,30,11.49991121079986,11.260536132681606,0.6610574082737919,10.745553418334834,11.592752890619446,11.649212738570162
54GiB spread,two_single_1,GPU1_CUDA_service,1,False,False,30,11.883467724834503,11.818660602716527,0.1817718767129018,11.701717528803906,11.928818394616044,11.941778129578797
54GiB spread,two_single_2,system,1,False,False,30,11.526139721454168,11.481856120950374,0.1530040652235905,11.32454943449171,11.624042681237958,11.630480355353432
54GiB spread,two_single_2,switch_4_5,1,False,False,30,11.526139721454168,11.481856120950374,0.1530040652235905,11.32454943449171,11.624042681237958,11.630480355353432
54GiB spread,two_single_2,GPU4_completion,1,False,False,30,11.526139721454168,11.481856120950374,0.1530040652235905,11.32454943449171,11.624042681237958,11.630480355353432
54GiB spread,two_single_2,GPU4_CUDA_service,1,False,False,30,11.885742207419126,11.869973131225008,0.07740295778600743,11.814793056539159,11.92700926836925,11.947798633370319
54GiB spread,two_single_3,system,1,False,False,30,11.51125348897859,11.489670493370346,0.11844685869397724,11.351815735881601,11.620554756110051,11.674690861781892
54GiB spread,two_single_3,switch_4_5,1,False,False,30,11.51125348897859,11.489670493370346,0.11844685869397724,11.351815735881601,11.620554756110051,11.674690861781892
54GiB spread,two_single_3,GPU5_completion,1,False,False,30,11.51125348897859,11.489670493370346,0.11844685869397724,11.351815735881601,11.620554756110051,11.674690861781892
54GiB spread,two_single_3,GPU5_CUDA_service,1,False,False,30,11.890653931269338,11.873825293940259,0.06965441810201799,11.805618432652443,11.952193028230502,11.963373644576029
54GiB spread,two_pair_0_1,system,1,False,False,30,11.561284569395184,11.554011752969416,0.11020466493664557,11.40509285599682,11.689678307239484,11.725934721414392
54GiB spread,two_pair_0_1,switch_0_1,1,False,False,30,11.561284569395184,11.554011752969416,0.11020466493664557,11.40509285599682,11.689678307239484,11.725934721414392
54GiB spread,two_pair_0_1,GPU0_completion,1,False,False,30,5.804009048886467,5.881117097017897,0.3285068608335254,5.70254642799841,5.926205942361818,7.091556441246844
54GiB spread,two_pair_0_1,GPU1_completion,1,False,False,30,5.795728767663515,5.792523401021941,0.06571312510646873,5.71024912954774,5.85776181603923,5.9456044758704225
54GiB spread,two_pair_0_1,GPU0_CUDA_service,1,False,False,30,5.980168432047451,6.080010536206211,0.3586822065913088,5.931245377363125,6.090577528792835,7.405255878914597
54GiB spread,two_pair_0_1,GPU1_CUDA_service,1,False,False,30,5.978534727805658,6.050462705880323,0.25329665387337097,5.920584606341029,6.081605193715587,6.97045790429817
54GiB spread,two_pair_0_2,system,1,False,False,30,21.46424383783132,21.07593024572164,1.446594869997767,20.621504801241706,21.936589098886593,22.078023815945112
54GiB spread,two_pair_0_2,switch_0_1,1,False,False,30,10.88646711443258,10.890855196636368,0.187869753003668,10.655305227858442,11.141355810226168,11.1744513013143
54GiB spread,two_pair_0_2,switch_4_5,1,False,False,30,10.804201934204848,10.57781302525039,0.7371107488870884,10.310752400620853,11.030229284725959,11.085118230446794
54GiB spread,two_pair_0_2,GPU0_completion,1,False,False,30,10.88646711443258,10.890855196636368,0.187869753003668,10.655305227858442,11.141355810226168,11.1744513013143
54GiB spread,two_pair_0_2,GPU4_completion,1,False,False,30,10.804201934204848,10.57781302525039,0.7371107488870884,10.310752400620853,11.030229284725959,11.085118230446794
54GiB spread,two_pair_0_2,GPU0_CUDA_service,1,False,False,30,11.557246307789818,11.550694709517488,0.0955785361327918,11.419455864147958,11.663839214023632,11.706845215849022
54GiB spread,two_pair_0_2,GPU4_CUDA_service,1,False,False,30,11.471384092150588,11.404383938246088,0.2550903698811228,11.278760811986944,11.597977030102763,11.643494062466669
54GiB spread,two_pair_0_3,system,1,False,False,30,21.45543059639381,21.362111825999115,0.4455282458112322,20.775700044082992,21.852660593177344,22.068869569895856
54GiB spread,two_pair_0_3,switch_0_1,1,False,False,30,10.839445791468524,10.811692367189279,0.25106621930055073,10.447585805978584,11.118598810605457,11.22529903601479
54GiB spread,two_pair_0_3,switch_4_5,1,False,False,30,10.839957244883713,10.816669129040854,0.22393464772660224,10.57911629732568,11.074015561007453,11.140683258773267
54GiB spread,two_pair_0_3,GPU0_completion,1,False,False,30,10.839445791468524,10.811692367189279,0.25106621930055073,10.447585805978584,11.118598810605457,11.22529903601479
54GiB spread,two_pair_0_3,GPU5_completion,1,False,False,30,10.839957244883713,10.816669129040854,0.22393464772660224,10.57911629732568,11.074015561007453,11.140683258773267
54GiB spread,two_pair_0_3,GPU0_CUDA_service,1,False,False,30,11.516401127290798,11.510770032932003,0.12868603871298342,11.35950485330328,11.640543795029622,11.700832825079528
54GiB spread,two_pair_0_3,GPU5_CUDA_service,1,False,False,30,11.556566111703166,11.517297503970296,0.11867995114257263,11.343738249520813,11.651718816097391,11.681384144681171
54GiB spread,two_pair_1_2,system,1,False,False,30,21.469714837743354,21.179305605551882,1.132415541920928,20.248761194641332,21.889280969705382,21.9932658545006
54GiB spread,two_pair_1_2,switch_0_1,1,False,False,30,10.906937817316653,10.86819492623484,0.21826260269431608,10.712033063123904,11.052192515761522,11.163319871805864
54GiB spread,two_pair_1_2,switch_4_5,1,False,False,30,10.745942494889434,10.611358550779975,0.565512571991386,10.196077971106966,10.989784817341814,11.014126387787824
54GiB spread,two_pair_1_2,GPU1_completion,1,False,False,30,10.906937817316653,10.86819492623484,0.21826260269431608,10.712033063123904,11.052192515761522,11.163319871805864
54GiB spread,two_pair_1_2,GPU4_completion,1,False,False,30,10.745942494889434,10.611358550779975,0.565512571991386,10.196077971106966,10.989784817341814,11.014126387787824
54GiB spread,two_pair_1_2,GPU1_CUDA_service,1,False,False,30,11.567447089523228,11.530033464164003,0.1497707777625978,11.41919099765454,11.63228018727712,11.691416514989445
54GiB spread,two_pair_1_2,GPU4_CUDA_service,1,False,False,30,11.479425212904696,11.404361558826587,0.22996450964316217,11.15279831758906,11.574345660129918,11.601377521124169
54GiB spread,two_pair_1_3,system,1,False,False,30,21.395460644569,20.9333992893463,1.4540867717084094,20.009413715962285,21.920080431407325,22.204460618964163
54GiB spread,two_pair_1_3,switch_0_1,1,False,False,30,10.896850516161724,10.707128395679206,0.6236075583412086,10.311436314619353,11.099631066636594,11.15982376822213
54GiB spread,two_pair_1_3,switch_4_5,1,False,False,30,10.826056076436142,10.695695444743269,0.5201045010169244,10.381963538410789,11.017677633917174,11.115691349042713
54GiB spread,two_pair_1_3,GPU1_completion,1,False,False,30,10.896850516161724,10.707128395679206,0.6236075583412086,10.311436314619353,11.099631066636594,11.15982376822213
54GiB spread,two_pair_1_3,GPU5_completion,1,False,False,30,10.826056076436142,10.695695444743269,0.5201045010169244,10.381963538410789,11.017677633917174,11.115691349042713
54GiB spread,two_pair_1_3,GPU1_CUDA_service,1,False,False,30,11.56563207989377,11.475231201012708,0.28050882486160533,11.2924230275091,11.655220470369686,11.682577632586987
54GiB spread,two_pair_1_3,GPU5_CUDA_service,1,False,False,30,11.532617220602386,11.471832034130815,0.21539307090033996,11.296803178903438,11.632967636705553,11.678600019841987
54GiB spread,two_pair_2_3,system,1,False,False,30,11.458313240289087,11.429061604462543,0.16138479189902438,11.169101176834454,11.612921796355565,11.639669776243693
54GiB spread,two_pair_2_3,switch_4_5,1,False,False,30,11.458313240289087,11.429061604462543,0.16138479189902438,11.169101176834454,11.612921796355565,11.639669776243693
54GiB spread,two_pair_2_3,GPU4_completion,1,False,False,30,5.741576136449226,5.7356939545119845,0.10444937245202206,5.584550588417227,5.828974208826823,5.970765044640334
54GiB spread,two_pair_2_3,GPU5_completion,1,False,False,30,5.750898830363084,5.750104461606551,0.11679481339874136,5.5863133398484885,5.90579849381045,6.0237158824839385
54GiB spread,two_pair_2_3,GPU4_CUDA_service,1,False,False,30,5.954810685452182,5.971153222126795,0.08366768189650382,5.882092209715105,6.061450530436421,6.1982280831640395
54GiB spread,two_pair_2_3,GPU5_CUDA_service,1,False,False,30,5.961130008256622,5.97530970940216,0.09055433761163909,5.881222204335154,6.103843394314089,6.22247513206086
54GiB spread,six_0,system,1,False,False,30,17.87207243082591,17.850558845117874,0.09458969512861622,17.742573943729987,17.953123246841464,17.98415609863859
54GiB spread,six_0,switch_0_1,1,False,False,30,11.91471495388394,11.900372563411919,0.06305979675241091,11.828382629153325,11.968748831227641,11.989437399092392
54GiB spread,six_0,switch_4_5,1,False,False,30,11.502138532574861,11.489927653859286,0.12374429662495666,11.325916301597715,11.619487276745467,11.672639291454502
54GiB spread,six_0,GPU0_completion,1,False,False,30,5.957483476153577,5.963746336591287,0.047818277030300976,5.917906211024072,6.009992408872585,6.102626134533233
54GiB spread,six_0,GPU1_completion,1,False,False,30,5.970413030209626,6.076728505696851,0.5959136933678226,5.915356455417325,6.013356228016273,8.318042116694183
54GiB spread,six_0,GPU4_completion,1,False,False,30,5.764692942196438,5.788759156393898,0.20649796692796502,5.663641461885987,5.826370750463638,6.542621073626152
54GiB spread,six_0,GPU5_completion,1,False,False,30,5.7612730481446235,5.77332194602601,0.07596295921950207,5.702767128040061,5.878064647863176,5.947210768852972
54GiB spread,six_0,GPU0_CUDA_service,1,False,False,30,6.062223388540189,6.174020785693099,0.5675603890709806,6.0358329336631975,6.1396209295246,8.312877314796534
54GiB spread,six_0,GPU1_CUDA_service,1,False,False,30,6.063656491487189,6.183315452768432,0.6325959956386324,6.0287688294135995,6.117541656597561,8.568827614605304
54GiB spread,six_0,GPU4_CUDA_service,1,False,False,30,5.956795595865721,6.005732869457557,0.2209620385491987,5.919419638217928,6.023485143341653,6.837453447325106
54GiB spread,six_0,GPU5_CUDA_service,1,False,False,30,5.964333896391782,6.004849774152918,0.15328107356172122,5.923557383585371,6.108128016241864,6.575606442727371
54GiB spread,six_1,system,1,False,False,30,23.45888320685021,23.447752076475794,0.13464497622218383,23.29097741396445,23.606059401718056,23.66932142808022
54GiB spread,six_1,switch_0_1,1,False,False,30,11.796441011141386,11.7901714083237,0.06563478743306769,11.700658768287507,11.877497906708614,11.887913575067524
54GiB spread,six_1,switch_4_5,1,False,False,30,11.75191386986409,11.73880632153969,0.07429684672655726,11.645488706982224,11.823920999939835,11.848619681306474
54GiB spread,six_1,GPU0_completion,1,False,False,30,5.768482821507336,5.744229846331296,0.434052090343964,5.586714552398853,5.893336856526643,6.679652339263195
54GiB spread,six_1,GPU1_completion,1,False,False,30,7.86688185749431,7.890061309507915,0.15909082474219657,7.800439178858338,7.919167866177612,8.477191291560501
54GiB spread,six_1,GPU4_completion,1,False,False,30,5.730341073898164,5.698437107884401,0.18035732768039942,5.625172949360453,5.819190824989652,5.835465625739962
54GiB spread,six_1,GPU5_completion,1,False,False,30,7.8346092465760595,7.82587088102646,0.04953123115103828,7.763659137988149,7.882613999959891,7.899079787537649
54GiB spread,six_1,GPU0_CUDA_service,1,False,False,30,5.971329222961334,6.023147432198315,0.26066902669071246,5.931599550337358,6.054494662041887,6.987081646972955
54GiB spread,six_1,GPU1_CUDA_service,1,False,False,30,8.036351528852316,8.089284030480844,0.21756146652505606,7.989272234745275,8.077335580224966,8.903096032951181
54GiB spread,six_1,GPU4_CUDA_service,1,False,False,30,5.943948908885043,5.934856475949133,0.06828701257417054,5.881819471189895,5.992660507547681,6.018804544066417
54GiB spread,six_1,GPU5_CUDA_service,1,False,False,30,8.01565542597982,8.007310732455377,0.03343309391799602,7.963127494274825,8.042027245570056,8.048388510215236
54GiB spread,six_2,system,1,False,False,30,23.42594817023001,23.21881497602666,0.9333303523160813,23.12063475891168,23.545354569819146,23.627632524534288
54GiB spread,six_2,switch_0_1,1,False,False,30,11.749507276036407,11.750654448116869,0.06902253385547039,11.666031891689231,11.848735210779491,11.876715517614164
54GiB spread,six_2,switch_4_5,1,False,False,30,11.752360245599839,11.649452065700752,0.4763504946067374,11.56031737945584,11.822257732566076,11.842592931095009
54GiB spread,six_2,GPU0_completion,1,False,False,30,7.833004850690939,7.833769632077913,0.04601502257031359,7.777354594459487,7.899156807186326,7.917810345076109
54GiB spread,six_2,GPU1_completion,1,False,False,30,5.758103967617758,5.836089700067961,0.4174642174168866,5.679919636471185,5.97362048318264,7.102205440441698
54GiB spread,six_2,GPU4_completion,1,False,False,30,7.834906830399893,7.766301377133834,0.3175669964044916,7.70687825297056,7.881505155044051,7.8950619540633395
54GiB spread,six_2,GPU5_completion,1,False,False,30,5.747529341934527,5.717654041445064,0.08393162064945203,5.623914922501035,5.791336910778824,5.891813838526759
54GiB spread,six_2,GPU0_CUDA_service,1,False,False,30,8.026291164094424,8.087931640934933,0.22413604547443017,7.9964602287835,8.106709328132267,8.873165694725504
54GiB spread,six_2,GPU1_CUDA_service,1,False,False,30,5.963060625238143,6.079645084349109,0.40252564640031546,5.8978728369257984,6.159405018863206,7.4340303896604665
54GiB spread,six_2,GPU4_CUDA_service,1,False,False,30,8.01189907258469,8.013618196631322,0.03188827474030378,7.984616284931922,8.037133990321733,8.09520166194534
54GiB spread,six_2,GPU5_CUDA_service,1,False,False,30,5.932709685851241,5.928620294900181,0.0631212915963712,5.858383610868018,5.978478715659353,6.081536534188523
54GiB spread,six_3,system,1,False,False,30,17.79980413136531,17.78524268776581,0.10647219659999471,17.651591683464314,17.884364890345104,17.970348719741455
54GiB spread,six_3,switch_0_1,1,False,False,30,11.591694923965315,11.55786634924966,0.10677968216449375,11.444651839003434,11.655167604393604,11.701827919584144
54GiB spread,six_3,switch_4_5,1,False,False,30,11.866536087576872,11.85682845851054,0.07098146439999638,11.76772778897621,11.922909926896736,11.980232479827638
54GiB spread,six_3,GPU0_completion,1,False,False,30,5.806992201159404,5.837641976713855,0.19928993625344546,5.7469402048507074,5.8722339409656765,6.585174076541277
54GiB spread,six_3,GPU1_completion,1,False,False,30,5.805697215900295,5.820303053210987,0.17526751605420518,5.725276013786845,5.8542189285354205,6.468720661071062
54GiB spread,six_3,GPU4_completion,1,False,False,30,5.9371334873133375,5.933803713008558,0.03938446884618466,5.887780775646066,5.98774655577568,6.001299613796229
54GiB spread,six_3,GPU5_completion,1,False,False,30,5.948222619202993,5.977752613134474,0.16336938475255303,5.883863894488105,6.002280652491038,6.5724785132877415
54GiB spread,six_3,GPU0_CUDA_service,1,False,False,30,5.986237776136326,6.034075048094175,0.23369143271035392,5.942895059160512,6.060375736224266,6.914794957876325
54GiB spread,six_3,GPU1_CUDA_service,1,False,False,30,5.994024574318542,6.048974553117891,0.23408016564663311,5.949922430574794,6.049847650786365,6.923907126706958
54GiB spread,six_3,GPU4_CUDA_service,1,False,False,30,6.048019275772069,6.076715926952766,0.12026052932049544,6.01589329011437,6.103526152387116,6.5142622426615855
54GiB spread,six_3,GPU5_CUDA_service,1,False,False,30,6.051152750831904,6.090316948271325,0.16695778095523736,6.010828953977888,6.105723597479037,6.70326772868584
54GiB spread,scale_2_rank,system,1,False,False,30,11.57024910437757,11.537293148738915,0.15253624991584286,11.404543742640469,11.681182125926458,11.695375206029999
54GiB spread,scale_2_rank,switch_0_1,1,False,False,30,11.57024910437757,11.537293148738915,0.15253624991584286,11.404543742640469,11.681182125926458,11.695375206029999
54GiB spread,scale_2_rank,GPU0_completion,1,False,False,30,5.795155064795145,5.894522169046367,0.37104808587844884,5.712501298482624,5.997246214309012,7.185784521047222
54GiB spread,scale_2_rank,GPU1_completion,1,False,False,30,5.806061338027079,6.008550830503393,0.9616584810466374,5.719570089132633,5.861694470935189,9.833090477104077
54GiB spread,scale_2_rank,GPU0_CUDA_service,1,False,False,30,6.000856159818314,6.318970424388422,1.0504806747602042,5.931827583682659,7.058441945842162,10.285318679349702
54GiB spread,scale_2_rank,GPU1_CUDA_service,1,False,False,30,5.99634017096901,6.296811177505562,1.0625427469573612,5.92641611844675,6.933011272712213,10.400987330719333
54GiB spread,scale_2_group,system,1,False,False,30,21.450062920834227,21.08026465966764,1.2037516324899586,20.2904758137072,21.883291412869728,22.065071518845297
54GiB spread,scale_2_group,switch_0_1,1,False,False,30,10.903541748257116,10.734592645450501,0.5545347540452294,10.439932750932146,10.99937426654218,11.035893021364974
54GiB spread,scale_2_group,switch_4_5,1,False,False,30,10.839796699879784,10.717967738049612,0.377094624604059,10.390648002442914,11.009944295513382,11.12434144582261
54GiB spread,scale_2_group,GPU1_completion,1,False,False,30,10.903541748257116,10.734592645450501,0.5545347540452294,10.439932750932146,10.99937426654218,11.035893021364974
54GiB spread,scale_2_group,GPU5_completion,1,False,False,30,10.839796699879784,10.717967738049612,0.377094624604059,10.390648002442914,11.009944295513382,11.12434144582261
54GiB spread,scale_2_group,GPU1_CUDA_service,1,False,False,30,11.555889309175626,11.468328097216249,0.2540897835961169,11.342464212792265,11.61917211010041,11.652213287460754
54GiB spread,scale_2_group,GPU5_CUDA_service,1,False,False,30,11.495774960318244,11.468685853089426,0.18907914561196038,11.362862141976374,11.615971190446528,11.651848208456503
54GiB spread,scale_4_rank,system,1,False,False,30,22.912950122812582,22.87892166234717,0.3318144559157178,22.518009535480616,23.216144156106495,23.29023941745301
54GiB spread,scale_4_rank,switch_0_1,1,False,False,30,11.58266158719925,11.554297344852205,0.13793511846794201,11.423703456822052,11.692591196043354,11.71125179186392
54GiB spread,scale_4_rank,switch_4_5,1,False,False,30,11.494843310946314,11.470525995774883,0.1611087436204885,11.2846594207717,11.64904401496007,11.67702179250708
54GiB spread,scale_4_rank,GPU0_completion,1,False,False,30,5.79838041578813,5.809982922539713,0.12744087879245053,5.719863020855664,5.906370879293656,6.222459265010814
54GiB spread,scale_4_rank,GPU1_completion,1,False,False,30,5.804101485706317,5.878081476419603,0.3731812219850928,5.7119209854215445,5.857874309383572,7.240263536480307
54GiB spread,scale_4_rank,GPU4_completion,1,False,False,30,5.778721715505621,5.793928537510521,0.2448610646349599,5.646497655548334,5.8456736875777215,6.709169949877435
54GiB spread,scale_4_rank,GPU5_completion,1,False,False,30,5.77285418591927,5.834176728380762,0.34244306551349213,5.64232971038585,5.892172266447785,7.081285950262216
54GiB spread,scale_4_rank,GPU0_CUDA_service,1,False,False,30,5.985029835385391,6.067032802357796,0.27737088855153136,5.9289997687566425,6.132195988336285,6.993195998217602
54GiB spread,scale_4_rank,GPU1_CUDA_service,1,False,False,30,5.983930180070862,6.097604271000504,0.3978370241041671,5.932852618700171,6.093296736842554,7.515584310545692
54GiB spread,scale_4_rank,GPU4_CUDA_service,1,False,False,30,5.968066754708401,6.076494229094321,0.3384632459211743,5.898747726815341,6.4252193973985765,7.158356232923023
54GiB spread,scale_4_rank,GPU5_CUDA_service,1,False,False,30,5.971873130559402,6.093887922725748,0.38439164158367706,5.904798078166751,6.422536621954054,7.372347044354822
54GiB spread,scale_4_group,system,1,False,False,30,22.958238017414526,22.8767710423143,0.2696606263503104,22.555842970408353,23.10664937867197,23.321166471244542
54GiB spread,scale_4_group,switch_0_1,1,False,False,30,11.56170992652915,11.55179222510164,0.12651685405745564,11.39762313584706,11.66232319412281,11.744029778002735
54GiB spread,scale_4_group,switch_4_5,1,False,False,30,11.503921419987932,11.482570946331125,0.13465842106869924,11.282333593600981,11.64659719408232,11.701710911274589
54GiB spread,scale_4_group,GPU0_completion,1,False,False,30,5.80526103623457,5.891968339489126,0.3660284210869336,5.737876465178588,5.918601556404312,7.222530835134093
54GiB spread,scale_4_group,GPU1_completion,1,False,False,30,5.805086973348184,5.79279571894702,0.07037844408787168,5.706335667477623,5.861973496298277,5.942700743812413
54GiB spread,scale_4_group,GPU4_completion,1,False,False,30,5.75498762156367,5.751857045841118,0.07889634375229243,5.641166796800491,5.847466923403701,5.918029966628281
54GiB spread,scale_4_group,GPU5_completion,1,False,False,30,5.768165337026508,5.798399476307036,0.212306388582227,5.642634672469591,5.877230858655871,6.568593908457998
54GiB spread,scale_4_group,GPU0_CUDA_service,1,False,False,30,5.9899461303197015,6.094406390357507,0.3757126605121994,5.949442189165128,6.09308973007106,7.4637524279075835
54GiB spread,scale_4_group,GPU1_CUDA_service,1,False,False,30,5.9984745486269215,6.060896270476085,0.2552514918222963,5.943865216608639,6.069539485140499,6.980511203231474
54GiB spread,scale_4_group,GPU4_CUDA_service,1,False,False,30,5.961491652160753,5.99475517511282,0.1654654147578645,5.908828992425214,6.030895678904348,6.627719534784139
54GiB spread,scale_4_group,GPU5_CUDA_service,1,False,False,30,5.957939308218825,6.003910408724787,0.22741079697449976,5.898181114693703,6.060927530549342,6.85604434450525
54GiB spread,scale_6_rank,system,1,False,False,30,17.864826674454548,17.822611086974863,0.30132952882595343,17.776154291346735,17.96465761407379,18.028236009394565
54GiB spread,scale_6_rank,switch_0_1,1,False,False,30,11.909884449636365,11.881740724649909,0.2008863525506358,11.850769527564491,11.976438409382528,12.018824006263044
54GiB spread,scale_6_rank,switch_4_5,1,False,False,30,11.517950792719116,11.508269448427075,0.121798151789093,11.3481230674139,11.647016069306751,11.691690249945106
54GiB spread,scale_6_rank,GPU0_completion,1,False,False,30,5.964321894538088,5.976241688228163,0.15459198018244757,5.938215964682828,6.017805528202463,6.426393318700074
54GiB spread,scale_6_rank,GPU1_completion,1,False,False,30,5.968246898696654,5.994919861884122,0.19261075684672235,5.92975312678935,6.030915347583702,6.5932395640535875
54GiB spread,scale_6_rank,GPU4_completion,1,False,False,30,5.76840918525601,5.798227869515722,0.19701577435304868,5.678578964124583,5.830869310548966,6.520218645761066
54GiB spread,scale_6_rank,GPU5_completion,1,False,False,30,5.770657966563892,5.772231959635638,0.07267753993841435,5.681777224349609,5.85749854042964,5.923523030288966
54GiB spread,scale_6_rank,GPU0_CUDA_service,1,False,False,30,6.076588405889234,6.120787494960114,0.16313885094116556,6.042560881029449,6.200558194645002,6.658271327818532
54GiB spread,scale_6_rank,GPU1_CUDA_service,1,False,False,30,6.07033380648147,6.126275796506433,0.184398932022757,6.044028197018129,6.292106797167378,6.715827155027896
54GiB spread,scale_6_rank,GPU4_CUDA_service,1,False,False,30,5.967885140186876,6.007065097936563,0.2211931979625457,5.915252155540618,6.021859281380006,6.837773303901498
54GiB spread,scale_6_rank,GPU5_CUDA_service,1,False,False,30,5.968796956939984,5.995939524174572,0.1454254920633513,5.924166712983488,6.052731855370691,6.539531138023712
54GiB spread,scale_6_group,system,1,False,False,30,23.446465260749868,23.329039599202403,0.49660511870477986,22.940880181597066,23.623720238754682,23.6585415823408
54GiB spread,scale_6_group,switch_0_1,1,False,False,30,11.796630704211742,11.726480825753011,0.2459031770050476,11.646482494846044,11.844188391899563,11.877397856677453
54GiB spread,scale_6_group,switch_4_5,1,False,False,30,11.771272359389616,11.737698519099327,0.11794939310153764,11.656332756533057,11.839764425149912,11.863234320805086
54GiB spread,scale_6_group,GPU0_completion,1,False,False,30,5.768570316485185,5.772504346029366,0.33483652448723583,5.672371745380086,5.866117614424296,6.788161618895703
54GiB spread,scale_6_group,GPU1_completion,1,False,False,30,7.864420469474494,7.817653883835343,0.16393545133669832,7.764321663230696,7.896125594599708,7.9182652377849685
54GiB spread,scale_6_group,GPU4_completion,1,False,False,30,5.750220559269824,5.6015765966570905,0.433306669146893,4.8442955342222875,5.840985919353658,6.155316274994379
54GiB spread,scale_6_group,GPU5_completion,1,False,False,30,7.847514906259744,7.82513234606622,0.07863292873435862,7.770888504355371,7.893176283433275,7.908822880536724
54GiB spread,scale_6_group,GPU0_CUDA_service,1,False,False,30,5.968066463895564,6.001859043609309,0.29282447701416126,5.904844082575086,6.0324895557384925,7.057729659383407
54GiB spread,scale_6_group,GPU1_CUDA_service,1,False,False,30,8.026454581396475,8.038635992993923,0.1689538506213998,7.967874097217811,8.06338917063465,8.641420539128093
54GiB spread,scale_6_group,GPU4_CUDA_service,1,False,False,30,5.951025500847086,5.941437402424014,0.16985609643776137,5.772716957295481,6.021697018254949,6.4888664070417335
54GiB spread,scale_6_group,GPU5_CUDA_service,1,False,False,30,8.015928131128854,8.027398280495493,0.08972805690484098,7.977817834755992,8.053370486949028,8.354136608901431
54GiB spread,scale_8_rank,system,1,False,False,30,23.702632764153996,23.674946405241908,0.173382456528629,23.472271871973568,23.84184118250421,23.90807287609861
54GiB spread,scale_8_rank,switch_0_1,1,False,False,30,11.913704273018011,11.897329734466826,0.09319988161402287,11.810352019820883,11.969524555466837,11.995624360242
54GiB spread,scale_8_rank,switch_4_5,1,False,False,30,11.872112952064857,11.858720212480677,0.07614860645818286,11.780297040286767,11.942451902128171,11.961274137745667
54GiB spread,scale_8_rank,GPU0_completion,1,False,False,30,5.981508645108862,6.095297545549964,0.4998225999275214,5.9488713570076195,6.154245601526855,8.028985084512257
54GiB spread,scale_8_rank,GPU1_completion,1,False,False,30,5.973184528184615,5.9672817598718755,0.07078471603582612,5.926877636071763,5.998411440820246,6.174216595153084
54GiB spread,scale_8_rank,GPU4_completion,1,False,False,30,5.936056476032428,5.931945630260853,0.040394716813396604,5.893199487877991,5.976239236019011,5.9950781903630395
54GiB spread,scale_8_rank,GPU5_completion,1,False,False,30,5.948889262579746,5.991571955655572,0.17354053873347816,5.891078849601799,6.038527322458028,6.614629838834186
54GiB spread,scale_8_rank,GPU0_CUDA_service,1,False,False,30,6.079284199551925,6.210355844965056,0.520525117536281,6.05482417569992,6.2502164117997285,8.236011426116466
54GiB spread,scale_8_rank,GPU1_CUDA_service,1,False,False,30,6.075899387675696,6.184887580322678,0.4555592122255206,6.0496391818173185,6.217915734992691,7.939385764962883
54GiB spread,scale_8_rank,GPU4_CUDA_service,1,False,False,30,6.046283774563632,6.077117518268897,0.12283765575431811,6.0184039995930565,6.085498966733106,6.530765750594903
54GiB spread,scale_8_rank,GPU5_CUDA_service,1,False,False,30,6.042938150379705,6.099383973514443,0.17283209713643827,6.01265489981836,6.1330550529449015,6.732498840647596
54GiB spread,scale_8_group,system,1,False,False,30,23.751482596924717,23.707286258074507,0.12095980136739802,23.503578831237757,23.81875903568735,23.83197453975299
54GiB spread,scale_8_group,switch_0_1,1,False,False,30,11.904305119590733,11.893835503710228,0.06706049163819733,11.796009914868604,11.97286045983257,11.981099499314062
54GiB spread,scale_8_group,switch_4_5,1,False,False,30,11.889860075792324,11.877910540385033,0.05492876877166682,11.821920636089805,11.923315502837038,11.952358584732282
54GiB spread,scale_8_group,GPU0_completion,1,False,False,30,5.9545002963328155,5.972384663041544,0.1173152844925361,5.898004957434302,6.009686681626643,6.401080559430095
54GiB spread,scale_8_group,GPU1_completion,1,False,False,30,5.967416563853971,5.9634913553753215,0.035708212043164995,5.902690463025143,5.988019757506617,6.045127430952597
54GiB spread,scale_8_group,GPU4_completion,1,False,False,30,5.947170453180307,5.9640249738592965,0.08315508726241025,5.927092240922014,5.984683456414365,6.279713520412514
54GiB spread,scale_8_group,GPU5_completion,1,False,False,30,5.9496946338676775,5.954863108242671,0.05216930466269085,5.916535973647426,5.98577376589042,6.127035552918296
54GiB spread,scale_8_group,GPU0_CUDA_service,1,False,False,30,6.0632526075630775,6.081113112615637,0.11745507367825972,6.035966581082477,6.0923797502994175,6.518473555132989
54GiB spread,scale_8_group,GPU1_CUDA_service,1,False,False,30,6.064560684899649,6.079754293213621,0.08518069536387532,6.038702565466367,6.0956874856359216,6.400579237742163
54GiB spread,scale_8_group,GPU4_CUDA_service,1,False,False,30,6.046378677363332,6.073693619299905,0.10505679191272625,6.018827548351639,6.095659976749765,6.482176878264142
54GiB spread,scale_8_group,GPU5_CUDA_service,1,False,False,30,6.043557812491722,6.070166114217486,0.07778190592806253,6.026249567342797,6.093814878077499,6.359324439094204
54GiB spread,scale_10_rank,system,1,False,False,30,20.032707227543074,20.037774015008512,0.06987882364506875,19.9614695649711,20.12724916226662,20.148955793146456
54GiB spread,scale_10_rank,switch_0_1,1,False,False,30,12.019624336525844,12.02266440900511,0.04192729418704106,11.97688173898266,12.07634949735997,12.089373475887873
54GiB spread,scale_10_rank,switch_4_5,1,False,False,30,11.877863229514446,11.85060123286812,0.10199477802524212,11.727347612118013,11.933187416460015,11.96986467130337
54GiB spread,scale_10_rank,GPU0_completion,1,False,False,30,6.016699472773567,6.061219284450854,0.17277371372481581,5.990015186904124,6.07401366254405,6.740951608794306
54GiB spread,scale_10_rank,GPU1_completion,1,False,False,30,6.018621684487538,6.03024385817886,0.07522287092681657,5.98844086949133,6.048489479230397,6.310406320617996
54GiB spread,scale_10_rank,GPU4_completion,1,False,False,30,5.942839150879574,5.932651935085364,0.04690468405656841,5.8772135016786375,5.977792060498056,6.003363350764103
54GiB spread,scale_10_rank,GPU5_completion,1,False,False,30,5.945086588991668,5.95428425271879,0.12772989477806762,5.863911647499818,5.999297887485116,6.406719098628945
54GiB spread,scale_10_rank,GPU0_CUDA_service,1,False,False,30,6.088107879529124,6.140754798689239,0.1824194921951794,6.057939665446528,6.187628609904388,6.832316879822639
54GiB spread,scale_10_rank,GPU1_CUDA_service,1,False,False,30,6.081474895890848,6.134595292801058,0.16132502419212344,6.056786277220342,6.184910739039544,6.728665975189914
54GiB spread,scale_10_rank,GPU4_CUDA_service,1,False,False,30,6.044951267489203,6.060064073507019,0.08939105613637438,6.012465372779833,6.087080369804448,6.388241674627759
54GiB spread,scale_10_rank,GPU5_CUDA_service,1,False,False,30,6.041762143632365,6.0675409128598305,0.12266512216514536,6.014151277265951,6.092116197046579,6.530190282155136
54GiB spread,scale_10_group,system,1,False,False,30,23.87851443960642,23.840562145157616,0.2515373269556667,23.786640158711133,23.977218923643424,24.02500288761824
54GiB spread,scale_10_group,switch_0_1,1,False,False,30,11.989214447748694,11.959565834247238,0.1314737926702405,11.936752820455503,12.019302370086914,12.028311182253729
54GiB spread,scale_10_group,switch_4_5,1,False,False,30,11.960871724527289,11.95275734245224,0.04343607498396132,11.902001156593817,12.013690316470296,12.021825286216018
54GiB spread,scale_10_group,GPU0_completion,1,False,False,30,5.96947278716871,5.958023142064504,0.18750633787360044,5.807915072249225,6.019624421237782,6.544962159829542
54GiB spread,scale_10_group,GPU1_completion,1,False,False,30,7.1935286686492175,7.175739500548343,0.07888427560214427,7.162051692273303,7.211581422052148,7.216986709352236
54GiB spread,scale_10_group,GPU4_completion,1,False,False,30,5.926635180555123,5.8995972040815285,0.1439434305920327,5.894296121431515,5.9761636455221625,6.037487940725556
54GiB spread,scale_10_group,GPU5_completion,1,False,False,30,7.176523034716373,7.171654405471345,0.02606164499037689,7.141200693956291,7.2082141898821765,7.213095171729611
54GiB spread,scale_10_group,GPU0_CUDA_service,1,False,False,30,6.05746379787697,6.079755114333612,0.1492169769270042,5.973918063135102,6.106483436683406,6.646789469563187
54GiB spread,scale_10_group,GPU1_CUDA_service,1,False,False,30,7.284235927369865,7.304176947313487,0.09131912010319537,7.267406320225685,7.314412695920933,7.6622883302212825
54GiB spread,scale_10_group,GPU4_CUDA_service,1,False,False,30,6.035394342486597,6.035720561012986,0.05076579840756681,6.018729003537094,6.073592442148213,6.143987225171857
54GiB spread,scale_10_group,GPU5_CUDA_service,1,False,False,30,7.269154178256541,7.2731137586690515,0.019343065174897846,7.250318229044693,7.298447542721909,7.313699428825267
54GiB spread,scale_14_rank,system,1,False,False,30,21.158108651491712,21.122579715274988,0.18378100704438516,21.085826852911815,21.2086447689258,21.230054625977072
54GiB spread,scale_14_rank,switch_0_1,1,False,False,30,12.090347800852406,12.070045551585709,0.10501771831107715,12.049043915949609,12.119225582243313,12.131459786272613
54GiB spread,scale_14_rank,switch_4_5,1,False,False,30,12.008812155558367,11.992771148872704,0.05165986763335104,11.925052036391262,12.051849720838666,12.064494227791686
54GiB spread,scale_14_rank,GPU0_completion,1,False,False,30,6.045534882919314,6.046901718838387,0.017392213768953585,6.028146591650148,6.065731526474392,6.080212500088278
54GiB spread,scale_14_rank,GPU1_completion,1,False,False,30,6.053448625969361,6.0507733454415495,0.0780525840265059,6.029308076077963,6.070004350409417,6.270787076634867
54GiB spread,scale_14_rank,GPU4_completion,1,False,False,30,6.0106668136667665,6.0308809713861935,0.10780533678848271,5.962526018195631,6.041637838458793,6.41087158445987
54GiB spread,scale_14_rank,GPU5_completion,1,False,False,30,6.0078722141976275,6.0037488734623246,0.031953147112816736,5.963577959571776,6.039416498668599,6.063659935374304
54GiB spread,scale_14_rank,GPU0_CUDA_service,1,False,False,30,6.102680018742892,6.1138107815904075,0.05682313573664639,6.084909758223466,6.116692510171465,6.319405574889978
54GiB spread,scale_14_rank,GPU1_CUDA_service,1,False,False,30,6.102522167609963,6.1207899939493675,0.07838081547310595,6.086310142819562,6.118125445307699,6.407585928990705
54GiB spread,scale_14_rank,GPU4_CUDA_service,1,False,False,30,6.08620250050953,6.105908862889243,0.10656790333151495,6.04590127862653,6.116940695985424,6.48217744664111
54GiB spread,scale_14_rank,GPU5_CUDA_service,1,False,False,30,6.080346178579344,6.095074653634689,0.07420992840257691,6.043877134032703,6.131749055075473,6.347443627954588
54GiB spread,scale_14_group,system,1,False,False,30,24.075193203840996,24.0730566870824,0.056001762438741796,24.006703469618316,24.149664274518045,24.175869210500814
54GiB spread,scale_14_group,switch_0_1,1,False,False,30,12.06312945281488,12.062739303314572,0.025796221701864616,12.027715261802419,12.097825606223854,12.10450766052005
54GiB spread,scale_14_group,switch_4_5,1,False,False,30,12.043464679625536,12.042511005832658,0.029188493938280408,12.003351734809158,12.078551296343594,12.087937167774138
54GiB spread,scale_14_group,GPU0_completion,1,False,False,30,6.006461124533423,6.00629298925077,0.07532186838907458,5.983328602404636,6.052838027812883,6.085143007099375
54GiB spread,scale_14_group,GPU1_completion,1,False,False,30,6.893216830179932,6.892993887608328,0.014740698115351234,6.872980149601382,6.913043203556489,6.916861520297171
54GiB spread,scale_14_group,GPU4_completion,1,False,False,30,5.984196850674966,5.915338997811566,0.19006968653237813,5.635592291933478,6.0223493193595035,6.042075646203484
54GiB spread,scale_14_group,GPU5_completion,1,False,False,30,6.881979816928878,6.888235503348267,0.041951287815629026,6.859058134176662,6.902986260531304,7.039093892447951
54GiB spread,scale_14_group,GPU0_CUDA_service,1,False,False,30,6.084904707184368,6.086182170395399,0.028741401338235308,6.070079996692702,6.107360020244702,6.146464563349123
54GiB spread,scale_14_group,GPU1_CUDA_service,1,False,False,30,6.9587130809004005,6.96138792166746,0.011818791167654366,6.949420034162392,6.972632171219129,6.990862890202065
54GiB spread,scale_14_group,GPU4_CUDA_service,1,False,False,30,6.067461439552856,6.062462079295184,0.057303717110588785,5.980465775622066,6.094518846619909,6.232817749704938
54GiB spread,scale_14_group,GPU5_CUDA_service,1,False,False,30,6.949223145484249,6.955008701101235,0.04145042063646933,6.9338037561855055,6.965463924572655,7.108091971469832
54GiB spread,scale_50_rank,system,1,False,False,30,23.496557765252327,23.463407058442233,0.18234976075438894,23.459171256935345,23.533107109407155,23.56923011651727
54GiB spread,scale_50_rank,switch_0_1,1,False,False,30,12.218210037931211,12.200971670389958,0.09482187559228229,12.19876905360638,12.23721569689172,12.25599966058898
54GiB spread,scale_50_rank,switch_4_5,1,False,False,30,12.196294882405315,12.188197301938855,0.05009059544373902,12.166324611235439,12.218416734193788,12.236253327958389
54GiB spread,scale_50_rank,GPU0_completion,1,False,False,30,6.109403606215739,6.117739285289876,0.03280538917826206,6.100906943297483,6.12596249201229,6.242421030286429
54GiB spread,scale_50_rank,GPU1_completion,1,False,False,30,6.110541359038471,6.105402726979717,0.050405515594076356,6.102171827501058,6.121353777477663,6.1742903708070225
54GiB spread,scale_50_rank,GPU4_completion,1,False,False,30,6.099228387389446,6.098773384337062,0.0322601323244081,6.08332111939577,6.115612062290264,6.1791568787676505
54GiB spread,scale_50_rank,GPU5_completion,1,False,False,30,6.100858076228363,6.0996122977091485,0.02397143028284443,6.0847921393462965,6.121776943749805,6.143568413995391
54GiB spread,scale_50_rank,GPU0_CUDA_service,1,False,False,30,6.128712609695421,6.13850764517589,0.034421745000001724,6.120715907830538,6.1517286086478755,6.260969223695829
54GiB spread,scale_50_rank,GPU1_CUDA_service,1,False,False,30,6.128952685314703,6.136878625824585,0.029943780221345265,6.120599379396547,6.149173955157066,6.23733182868333
54GiB spread,scale_50_rank,GPU4_CUDA_service,1,False,False,30,6.119543118587307,6.124314157462563,0.0221888025008407,6.10862015205707,6.134811639749836,6.205794078008616
54GiB spread,scale_50_rank,GPU5_CUDA_service,1,False,False,30,6.117475038189541,6.123244916490873,0.019709161622631866,6.106205923325018,6.138203744454276,6.187342698605232
54GiB spread,scale_50_group,system,1,False,False,30,24.39432384209711,24.37747857239422,0.0445175839488632,24.312567516397998,24.41891540672807,24.433225244911718
54GiB spread,scale_50_group,switch_0_1,1,False,False,30,12.216292273162875,12.214334765833485,0.022867663495119758,12.191343221505333,12.232815666095991,12.254952331453309
54GiB spread,scale_50_group,switch_4_5,1,False,False,30,12.199316062623463,12.19229372546314,0.02089687604726819,12.163286402237603,12.20961983799822,12.230298576874674
54GiB spread,scale_50_group,GPU0_completion,1,False,False,30,6.106818604439692,6.103189129781945,0.025053996265931234,6.092468378324366,6.120016804593984,6.131296177494587
54GiB spread,scale_50_group,GPU1_completion,1,False,False,30,6.352471982044696,6.351454078233412,0.011891185017462301,6.339498475182773,6.361064146369915,6.372575212355721
54GiB spread,scale_50_group,GPU4_completion,1,False,False,30,6.098578154736514,6.096827260466398,0.01740432060778208,6.0762852381892305,6.114475244490325,6.139810758716388
54GiB spread,scale_50_group,GPU5_completion,1,False,False,30,6.343644352564201,6.339992737240831,0.010866375544579324,6.324908929163554,6.3490023157590745,6.35975525997483
54GiB spread,scale_50_group,GPU0_CUDA_service,1,False,False,30,6.125962494013029,6.125957364766851,0.010334637829533283,6.119165588281565,6.134128204751952,6.149959727671285
54GiB spread,scale_50_group,GPU1_CUDA_service,1,False,False,30,6.369700530067882,6.370445986152532,0.007037395767711182,6.364311427805926,6.377296790784233,6.386301597310732
54GiB spread,scale_50_group,GPU4_CUDA_service,1,False,False,30,6.117141959454683,6.118076305499551,0.015016001508005835,6.101148048395659,6.131746330391583,6.162000281829847
54GiB spread,scale_50_group,GPU5_CUDA_service,1,False,False,30,6.361071949850043,6.3606912261043105,0.011573421606315543,6.3452944762847645,6.370998564303387,6.387842676055067
54GiB spread,scale_62_rank,system,1,False,False,30,23.68275978792225,23.681960341833857,0.03316639117043729,23.640967057320797,23.716205731085463,23.74498550980243
54GiB spread,scale_62_rank,switch_0_1,1,False,False,30,12.223359890540518,12.22294727320457,0.017118137378290172,12.201789448939765,12.240622312818303,12.255476392156092
54GiB spread,scale_62_rank,switch_4_5,1,False,False,30,12.20378961546586,12.200432553354025,0.026716825863380377,12.161677589230091,12.22948994809546,12.246218658332086
54GiB spread,scale_62_rank,GPU0_completion,1,False,False,30,6.116723293913251,6.117785401202019,0.01760586438713617,6.101187992371029,6.128280885877796,6.17613630048765
54GiB spread,scale_62_rank,GPU1_completion,1,False,False,30,6.114434835837313,6.11354121055378,0.00931900047562276,6.101247549571437,6.1226083247189695,6.131945917414155
54GiB spread,scale_62_rank,GPU4_completion,1,False,False,30,6.10373640269013,6.104288046999926,0.019180860349919854,6.0836752932692315,6.1199279165146265,6.162375063750115
54GiB spread,scale_62_rank,GPU5_completion,1,False,False,30,6.106093614380498,6.106406145678389,0.019868602573373112,6.0838700985022145,6.12242685427787,6.168485216992843
54GiB spread,scale_62_rank,GPU0_CUDA_service,1,False,False,30,6.132314315984088,6.1329108698744825,0.016470702126551374,6.118116580047207,6.140571101566139,6.1898339846834105
54GiB spread,scale_62_rank,GPU1_CUDA_service,1,False,False,30,6.13048189432365,6.1310091208570725,0.01288051288504196,6.118318394288552,6.1382024317898685,6.173194124665587
54GiB spread,scale_62_rank,GPU4_CUDA_service,1,False,False,30,6.121194546211567,6.124602921230194,0.021350991039315155,6.102811389575794,6.137537911658224,6.192051371243344
54GiB spread,scale_62_rank,GPU5_CUDA_service,1,False,False,30,6.122164294769916,6.124584910920885,0.021510246080832386,6.1034302580261635,6.13851014139798,6.197965277412935
54GiB spread,scale_62_group,system,1,False,False,30,24.408723929473087,24.402204395442897,0.053548174156940034,24.355168302010345,24.454752740302112,24.47552029656201
54GiB spread,scale_62_group,switch_0_1,1,False,False,30,12.223640946094779,12.22412103479446,0.0177562663330722,12.207490155193538,12.239516514441574,12.263763195997875
54GiB spread,scale_62_group,switch_4_5,1,False,False,30,12.20607300459156,12.204387582878631,0.02927181884852849,12.178984545707019,12.232639593175666,12.248489810459045
54GiB spread,scale_62_group,GPU0_completion,1,False,False,30,6.111696170216753,6.112704440150538,0.00993335351501175,6.10172196223559,6.121319462327261,6.138567576928468
54GiB spread,scale_62_group,GPU1_completion,1,False,False,30,6.308975972177951,6.309223759893915,0.009164524559005023,6.30064008009989,6.31716981390533,6.329684230192451
54GiB spread,scale_62_group,GPU4_completion,1,False,False,30,6.103193866272358,6.0958639678641795,0.031570686821714294,6.0830672745080685,6.115514596456593,6.147015892122709
54GiB spread,scale_62_group,GPU5_completion,1,False,False,30,6.299908647531128,6.2990387524534865,0.015108035534724272,6.285927507461687,6.313620435187441,6.32180119249499
54GiB spread,scale_62_group,GPU0_CUDA_service,1,False,False,30,6.12813484516638,6.128928403970303,0.008006160308732172,6.120467808607871,6.135217643154338,6.149716281064879
54GiB spread,scale_62_group,GPU1_CUDA_service,1,False,False,30,6.324838444011492,6.324913329529223,0.006886641234431912,6.318006176752737,6.329725777441336,6.343619202835154
54GiB spread,scale_62_group,GPU4_CUDA_service,1,False,False,30,6.117892855082218,6.119174174603038,0.014317111383759688,6.106860108615489,6.131049259545544,6.161174902426456
54GiB spread,scale_62_group,GPU5_CUDA_service,1,False,False,30,6.314918217362541,6.317132357531908,0.010751635179830061,6.306604492419942,6.329587211095992,6.346525687157498
54GiB spread,concurrency_2_rank,system,2,False,False,30,21.06048051510259,21.073589628132527,0.055215224458027685,21.01659598676669,21.15222247544808,21.17121663829141
54GiB spread,concurrency_2_rank,switch_0_1,2,False,False,30,12.034560294344338,12.042051216075727,0.03155155683315887,12.009483421009536,12.086984271684617,12.097838079023662
54GiB spread,concurrency_2_rank,switch_4_5,2,False,False,30,11.94068628409111,11.936776284065433,0.055453449265610195,11.88265057622031,11.98497370442894,12.025270470570087
54GiB spread,concurrency_2_rank,GPU0_completion,2,False,False,30,6.021539009234274,6.026226822122101,0.02098516394541059,6.0073970989590055,6.058365665476396,6.073655373560834
54GiB spread,concurrency_2_rank,GPU1_completion,2,False,False,30,6.02688579247382,6.036859570875844,0.05604801672733326,6.005879455468791,6.048790241262475,6.246133335849218
54GiB spread,concurrency_2_rank,GPU4_completion,2,False,False,30,5.978549383610169,5.974521030730644,0.030399431812278242,5.951544758740197,6.003341946379789,6.032795530017513
54GiB spread,concurrency_2_rank,GPU5_completion,2,False,False,30,5.97603014164002,6.051147781483488,0.3374966611762222,5.941325288110155,6.037895133529036,7.376861628671198
54GiB spread,concurrency_2_group,system,2,False,False,30,23.956093659471982,23.94247481917459,0.0898681592271431,23.852148644345235,24.03311928581817,24.100213581029916
54GiB spread,concurrency_2_group,switch_0_1,2,False,False,30,12.018358389514061,12.013346921230651,0.04469154540102148,11.973520340640036,12.056760705168113,12.07646623239933
54GiB spread,concurrency_2_group,switch_4_5,2,False,False,30,11.985993990438878,11.981634721587843,0.04293379444909659,11.932643716961568,12.026787760197795,12.050106790514958
54GiB spread,concurrency_2_group,GPU0_completion,2,False,False,30,5.979460769666578,5.945961696199627,0.13903975592170525,5.838946452869536,6.033747060040668,6.099691652958055
54GiB spread,concurrency_2_group,GPU1_completion,2,False,False,30,6.867633365436606,6.864769669274659,0.02553802594344086,6.842011623222878,6.88957754581035,6.900837847085332
54GiB spread,concurrency_2_group,GPU4_completion,2,False,False,30,5.963545202969939,5.950735058185073,0.07074191168317723,5.925982017863902,5.990641137012665,6.015651652469061
54GiB spread,concurrency_2_group,GPU5_completion,2,False,False,30,6.84913942310793,6.8466484123359095,0.024533596828055206,6.818653552549468,6.872450148684454,6.88577530886569
54GiB spread,concurrency_4_rank,system,4,False,False,30,20.93324870563039,20.915852216048822,0.10094746988595107,20.837013667574258,21.008106566543702,21.040519175240334
54GiB spread,concurrency_4_rank,switch_0_1,4,False,False,30,11.961856403217368,11.951915552027895,0.0576842685062575,11.906864952899577,12.004632323739258,12.023153814423047
54GiB spread,concurrency_4_rank,switch_4_5,4,False,False,30,11.82470734184912,11.824845347904565,0.04953648844353427,11.758360947711772,11.886131533062496,11.90754468884425
54GiB spread,concurrency_4_rank,GPU0_completion,4,False,False,30,5.981418641945099,5.98837451315526,0.041190963046288824,5.95355336296762,6.040649827047058,6.063615039971393
54GiB spread,concurrency_4_rank,GPU1_completion,4,False,False,30,5.991588587173844,6.00982464177759,0.12366550398481885,5.960622045585709,6.0156892658234495,6.478005456600247
54GiB spread,concurrency_4_rank,GPU4_completion,4,False,False,30,5.921061311588047,5.928810949056325,0.057479060461811386,5.887176378824413,5.9533328190046335,6.13502483356832
54GiB spread,concurrency_4_rank,GPU5_completion,4,False,False,30,5.915432584904485,5.9218504351196,0.03264272244811744,5.880730516118656,5.958819791673279,5.987808539739955
54GiB spread,concurrency_4_group,system,4,False,False,30,23.797523133476638,23.773262224269953,0.10765113700385452,23.616570041410068,23.873752663738355,23.911644218784698
54GiB spread,concurrency_4_group,switch_0_1,4,False,False,30,11.935731638159496,11.913522321035423,0.054328458611539704,11.861322035327632,11.955407155421696,11.974546654129254
54GiB spread,concurrency_4_group,switch_4_5,4,False,False,30,11.909536752655304,11.909127444875475,0.043846258328412,11.851958723612913,11.951973063573442,11.993138166646535
54GiB spread,concurrency_4_group,GPU0_completion,4,False,False,30,5.944268538382969,5.945124418818736,0.11870510841509826,5.898697533038388,5.979852006291737,6.31172518697521
54GiB spread,concurrency_4_group,GPU1_completion,4,False,False,30,6.820418078948283,6.8077270405916686,0.031044833492308434,6.7778983059015045,6.83166123166954,6.842598088073859
54GiB spread,concurrency_4_group,GPU4_completion,4,False,False,30,5.915907109280792,5.89195789211378,0.10242443473785796,5.864998911615186,5.951175773942404,5.963109782351135
54GiB spread,concurrency_4_group,GPU5_completion,4,False,False,30,6.805449572945888,6.8052156827859855,0.025055004759092447,6.772547842064523,6.829698893470538,6.853221809512306
54GiB spread,remote_0,system,1,True,False,30,17.89304209965841,17.39417409765339,2.328443467250206,17.59729396525884,17.962744041215757,17.9852281142542
54GiB spread,remote_0,switch_0_1,1,True,False,30,11.928694733105605,11.645238934755017,1.2861935428790896,11.731529310172558,11.975162694143838,11.990152076169466
54GiB spread,remote_0,switch_4_5,1,True,False,30,11.428970796424931,11.069245180649895,1.7696222326212583,11.166131068109616,11.554067098197075,11.587817991208462
54GiB spread,remote_0,GPU0_completion,1,True,False,30,5.977596387491339,6.151194345635912,0.9301778282420978,5.9196960705005885,6.04517437113021,9.70375456129036
54GiB spread,remote_0,GPU1_completion,1,True,False,30,5.994215881145177,5.853025831312859,0.6522165510564963,5.868706850577306,6.020700060962287,6.210487392736663
54GiB spread,remote_0,GPU4_completion,1,True,False,30,5.719027292445638,5.651183305125719,0.4794856556774484,5.58346411362495,5.8119752974194405,6.1184771785013385
54GiB spread,remote_0,GPU5_completion,1,True,False,30,5.718399897704401,5.5818836671188565,0.9164831829432483,5.584410812139507,5.7876886375628285,6.530629863545611
54GiB spread,remote_0,GPU0_CUDA_service,1,True,False,30,6.0779029087801675,6.311211851686341,1.051292106015307,6.0578093415815415,6.45198435137266,10.330020099134785
54GiB spread,remote_0,GPU1_CUDA_service,1,True,False,30,6.087783402521621,6.301955288241785,1.041116973029591,6.045535796058663,6.43235106074492,10.24991305185294
54GiB spread,remote_0,GPU4_CUDA_service,1,True,False,30,5.949114066178026,6.159942344831834,0.9404258402130994,5.877280310622656,6.109632137158943,9.810484534263558
54GiB spread,remote_0,GPU5_CUDA_service,1,True,False,30,5.937548574680466,6.14841470127892,0.936760578509615,5.883252400734604,6.040080532680774,9.857658043087982
54GiB spread,remote_1,system,1,True,False,30,23.303228497102268,23.286238074043542,0.19284709640900038,23.010410758733435,23.517140767709922,23.524153015640863
54GiB spread,remote_1,switch_0_1,1,True,False,30,11.870183968559969,11.83519903020389,0.07003749330019836,11.745698998271804,11.889106170582721,11.89870543877586
54GiB spread,remote_1,switch_4_5,1,True,False,30,11.666399205108414,11.649943145611333,0.1037186095825756,11.505205379366718,11.762055491191107,11.815934243245321
54GiB spread,remote_1,GPU0_completion,1,True,False,30,5.765812241270404,5.752712775428853,0.04550867323014069,5.6963132246532115,5.794186602159292,5.806263522105406
54GiB spread,remote_1,GPU1_completion,1,True,False,30,7.91345597903998,7.890132686802593,0.046691662200132246,7.830465998847869,7.92607078038848,7.93247029251724
54GiB spread,remote_1,GPU4_completion,1,True,False,30,5.695299305919777,5.751477720542877,0.4525032043236973,5.455170940571523,6.189155758453072,6.83461064545395
54GiB spread,remote_1,GPU5_completion,1,True,False,30,7.777599470072277,7.766628763740887,0.0691457397217171,7.670136919577811,7.841370327460739,7.877289495496879
54GiB spread,remote_1,GPU0_CUDA_service,1,True,False,30,5.962335089658783,5.963513612473542,0.028700238757508507,5.932733476881622,5.988851537421735,6.0330809537416705
54GiB spread,remote_1,GPU1_CUDA_service,1,True,False,30,8.046383012398802,8.04320888716791,0.014793808313350027,8.025078367096057,8.054194744574072,8.068763533601869
54GiB spread,remote_1,GPU4_CUDA_service,1,True,False,30,5.935634902094545,6.054556685097394,0.3902967732686124,5.815070372520839,6.39704457673549,7.217272236629949
54GiB spread,remote_1,GPU5_CUDA_service,1,True,False,30,7.986947174753703,8.058207331172579,0.22115585086008743,7.939138581024887,8.18897929966807,8.735298770926493
54GiB spread,remote_2,system,1,True,False,30,11.635377308341722,11.374672708255767,0.6423016609330577,9.95688471730151,11.675665525540623,11.70288681476027
54GiB spread,remote_2,switch_0_1,1,True,False,30,11.635377308341722,11.374672708255767,0.6423016609330577,9.95688471730151,11.675665525540623,11.70288681476027
54GiB spread,remote_2,GPU0_completion,1,True,False,30,5.819401689542534,5.700737424341868,0.31449473363256364,5.084215587902342,5.8407247287071336,5.883905402594417
54GiB spread,remote_2,GPU1_completion,1,True,False,30,5.855144308930736,5.728738338403692,0.3320387471919956,4.980962868542914,5.905228635129909,5.930021590356947
54GiB spread,remote_2,GPU0_CUDA_service,1,True,False,30,6.014745701192396,5.983867186543745,0.10317738410969235,5.830248285402864,6.039368404247598,6.090587934700777
54GiB spread,remote_2,GPU1_CUDA_service,1,True,False,30,6.032524069775725,5.995782909241697,0.10962698628673449,5.8180977710763155,6.069248389971689,6.098493114547849
54GiB spread,remote_3,system,1,True,False,30,21.033807515029018,19.56568212823437,3.978086710494499,15.665105459881916,21.610572157146038,21.83941977255013
54GiB spread,remote_3,switch_0_1,1,True,False,30,10.851524628963439,10.3804936944687,1.8567531612936599,10.060184902552377,10.952728449148658,10.980702990538084
54GiB spread,remote_3,switch_4_5,1,True,False,30,10.543444356405356,9.896620465496518,1.9744569304200705,7.832552729940958,10.880480080135358,10.973502375201342
54GiB spread,remote_3,GPU0_completion,1,True,False,30,10.851524628963439,10.3804936944687,1.8567531612936599,10.060184902552377,10.952728449148658,10.980702990538084
54GiB spread,remote_3,GPU4_completion,1,True,False,30,10.543444356405356,9.896620465496518,1.9744569304200705,7.832552729940958,10.880480080135358,10.973502375201342
54GiB spread,remote_3,GPU0_CUDA_service,1,True,False,30,11.55498113322869,11.493236178054959,0.22404331864504265,11.410763324933955,11.602212378038661,11.617108355246495
54GiB spread,remote_3,GPU4_CUDA_service,1,True,False,30,11.379758140107628,11.260734926819108,0.3372648526968551,10.9025784052988,11.516266435254584,11.539592570579048
54GiB spread,overlap_0,system,1,False,True,30,12.088432263789135,12.0767139266011,0.06257713576560679,12.007612411016789,12.126970980299696,12.162278285910332
54GiB spread,overlap_0,switch_0_1,1,False,True,30,8.05895484252609,8.051142617734069,0.041718090510404586,8.00507494067786,8.084647320199796,8.108185523940222
54GiB spread,overlap_0,switch_4_5,1,False,True,30,6.559420587728197,6.551929299814814,0.18619998426432505,6.359834295308118,6.723270199448889,6.840953129974679
54GiB spread,overlap_0,GPU0_completion,1,False,True,30,4.033420291709781,4.036425412877843,0.02742119666431917,4.014703686831965,4.056032820393087,4.121476535832889
54GiB spread,overlap_0,GPU1_completion,1,False,True,30,4.044755273546796,4.048400584690369,0.036661114327347595,4.015930687586499,4.091402804040239,4.146201810882577
54GiB spread,overlap_0,GPU4_completion,1,False,True,30,3.3049616644747957,3.309032886154112,0.09169694837976435,3.228223123245023,3.3765678532712537,3.55446210617728
54GiB spread,overlap_0,GPU5_completion,1,False,True,30,3.3198366345893024,3.3150569491177824,0.09855334024072865,3.2048117060430514,3.4080217126332704,3.5129034770577405
54GiB spread,overlap_0,GPU0_CUDA_service,1,False,True,30,4.165189064616951,4.187310326873385,0.06378098479770292,4.146847761111773,4.306416202504972,4.365937405786612
54GiB spread,overlap_0,GPU1_CUDA_service,1,False,True,30,4.16951671193391,4.182493900830116,0.05573952404233173,4.144898409418724,4.222664959298631,4.376783971617635
54GiB spread,overlap_0,GPU4_CUDA_service,1,False,True,30,3.51056686328967,3.512262792697545,0.08307668213531944,3.4243400019190053,3.575449447963761,3.767263605869492
54GiB spread,overlap_0,GPU5_CUDA_service,1,False,True,30,3.530400920215426,3.5380935394185595,0.06737637117673495,3.444431065389324,3.609444465108331,3.7129937115126577
54GiB spread,overlap_1,system,1,False,True,30,14.413722205940642,14.423220577211824,0.07673468987125201,14.326855506283076,14.514313696179324,14.54266272674221
54GiB spread,overlap_1,switch_0_1,1,False,True,30,7.240263173063284,7.231472020350588,0.03743504792397307,7.186818640241534,7.2741156105682405,7.286178355295156
54GiB spread,overlap_1,switch_4_5,1,False,True,30,7.237155183072659,7.227235279457301,0.03658941347207013,7.18789679285096,7.269150624749683,7.283999695546388
54GiB spread,overlap_1,GPU0_completion,1,False,True,30,3.3010416098122652,3.276164867582308,0.1122406508383956,3.187815914703532,3.3990635241154417,3.4215731536603617
54GiB spread,overlap_1,GPU1_completion,1,False,True,30,4.8268421153755225,4.820981346900393,0.024956698615982036,4.791212426827689,4.849410407045493,4.857452236863437
54GiB spread,overlap_1,GPU4_completion,1,False,True,30,3.3085500336106106,3.299851676069497,0.08814188982823704,3.219888038654539,3.4141227582278737,3.485696242431668
54GiB spread,overlap_1,GPU5_completion,1,False,True,30,4.82477012204844,4.818156852971534,0.024392942314713447,4.791931195233974,4.846100416499789,4.855999797030925
54GiB spread,overlap_1,GPU0_CUDA_service,1,False,True,30,3.50333173930574,3.4988646483843007,0.07761652171644737,3.399807527699647,3.593007261747221,3.6270503423220237
54GiB spread,overlap_1,GPU1_CUDA_service,1,False,True,30,4.99186678425844,4.996949211541007,0.051431770466462017,4.955110302061612,5.032658518756018,5.1754390216201465
54GiB spread,overlap_1,GPU4_CUDA_service,1,False,True,30,3.497119373008007,3.506690278453885,0.07690875421476687,3.4380507614777573,3.6164947481933027,3.713960068598605
54GiB spread,overlap_1,GPU5_CUDA_service,1,False,True,30,5.019372947258606,5.0174831512214455,0.055641858422046865,4.976649098527316,5.032457953959403,5.2140800796675535
54GiB spread,overlap_2,system,1,False,True,30,14.387031121796223,14.384596131725301,0.11058266943348677,14.25024911280893,14.505507632184125,14.525123990670986
54GiB spread,overlap_2,switch_0_1,1,False,True,30,7.21736449372252,7.214733985857887,0.04475276783978372,7.166134495195046,7.263991097515937,7.273046832602784
54GiB spread,overlap_2,switch_4_5,1,False,True,30,7.208161675815585,7.206849685750336,0.0625115008036624,7.144689384267827,7.266666227808509,7.302772725233739
54GiB spread,overlap_2,GPU0_completion,1,False,True,30,4.811576329148346,4.809822657238589,0.029835178559855773,4.777422996796697,4.8426607316772925,4.848697888401857
54GiB spread,overlap_2,GPU1_completion,1,False,True,30,3.324192247159173,3.29103762146114,0.15366500910442774,3.0115105726901663,3.4291125360975783,3.4681753754721036
54GiB spread,overlap_2,GPU4_completion,1,False,True,30,4.805441117210391,4.8045664571668905,0.04167433386910827,4.763126256178551,4.844444151872339,4.868515150155826
54GiB spread,overlap_2,GPU5_completion,1,False,True,30,3.294627915154913,3.3047600835774826,0.13233279880455165,3.201281310844715,3.4699782351309927,3.572815557031339
54GiB spread,overlap_2,GPU0_CUDA_service,1,False,True,30,5.002238877288887,5.003151178600697,0.05287085208525393,4.963031170778148,5.029455209590024,5.1886563789919755
54GiB spread,overlap_2,GPU1_CUDA_service,1,False,True,30,3.5181747992085937,3.5195378272776447,0.07794638834856112,3.4071396111647454,3.6287221082625063,3.654730483359357
54GiB spread,overlap_2,GPU4_CUDA_service,1,False,True,30,4.999080412328688,5.023419400838876,0.09394062862103121,4.950557256362365,5.203790556052582,5.286778003146927
54GiB spread,overlap_2,GPU5_CUDA_service,1,False,True,30,3.4982386945505155,3.530099444063264,0.10337951675289249,3.419967578406385,3.6768579139541706,3.7761615935202806
