event,layer,controller_ns,unattributed_ns,ns_admission_policy,ns_admission_prep,ns_cache_consistency_scan,ns_cache_keys,ns_cache_mutation,ns_cache_mutation_and_bookkeeping,ns_cache_resident_lookup,ns_coverage_rank_and_victim,ns_coverage_sync,ns_coverage_sync_dispatch,ns_effective_route_merge,ns_eviction_candidates,ns_eviction_choose,ns_history,ns_substitution,count_assert_consistent_calls,count_cache_key_items,count_candidate_visits,count_candidates_calls,count_choose_calls,count_evict_calls,count_full_resident_set_materializations,count_keys_on_rank_calls,count_layer_resident_materializations,count_next_tick_calls,count_place_calls,count_touch_calls
0,0,10042022,46976,99273,23382,29610,0,178969,528458,3091,0,0,0,5303923,0,0,134921,3693419,1,0,0,0,0,0,0,0,1,1,120,120
1,1,9606537,35160,71336,19012,37577,0,125460,395263,6851,0,0,0,5314709,0,0,115710,3485459,1,0,0,0,0,0,0,0,1,1,85,85
2,2,9375529,36328,53153,17596,61508,0,99208,362306,7554,0,0,0,5146387,0,0,107430,3484059,1,0,0,0,0,0,0,0,1,1,71,71
3,3,9178419,33814,49264,16859,74038,0,98255,351656,10080,0,0,0,4922705,0,0,103081,3518667,1,0,0,0,0,0,0,0,1,1,63,63
4,4,9500304,34134,77382,22869,91888,0,158358,639357,17198,0,0,0,4905457,0,0,123254,3430407,1,0,0,0,0,0,0,0,1,1,108,108
5,5,9850465,33083,83357,22660,128568,0,209377,889088,16546,0,0,0,4820999,0,0,128094,3518693,1,0,0,0,0,0,0,0,1,1,115,115
6,6,9764337,38740,79900,24312,132237,0,177500,766052,20239,0,0,0,4859627,0,0,150268,3515462,1,0,0,0,0,0,0,0,1,1,107,107
7,7,9838334,35058,77655,23288,146874,0,171266,821784,22831,0,0,0,4909457,0,0,140740,3489381,1,0,0,0,0,0,0,0,1,1,104,104
8,8,9885912,36714,79305,21409,163215,0,168070,912347,25746,0,0,0,4864665,0,0,123067,3491374,1,0,0,0,0,0,0,0,1,1,110,110
9,9,10069813,34716,80166,22469,187326,0,175416,974262,29584,0,0,0,4793619,0,0,145227,3627028,1,0,0,0,0,0,0,0,1,1,109,109
10,10,10427030,36812,85601,23714,208148,0,199423,1114484,33180,0,0,0,5055319,0,0,124892,3545457,1,0,0,0,0,0,0,0,1,1,117,117
11,11,10462705,35835,81708,22637,241762,0,193743,1211475,36612,0,0,0,4950053,0,0,108349,3580531,1,0,0,0,0,0,0,0,1,1,117,117
12,12,10702247,35351,81706,22796,297510,0,193271,1290376,39807,0,0,0,5024050,0,0,107071,3610309,1,0,0,0,0,0,0,0,1,1,117,117
13,13,10523005,35741,76927,23578,307061,0,182425,1341792,42749,0,0,0,4926895,0,0,114065,3471772,1,0,0,0,0,0,0,0,1,1,108,108
14,14,10568887,34971,74473,21721,325733,0,168767,1338964,53404,0,0,0,4916376,0,0,114753,3519725,1,0,0,0,0,0,0,0,1,1,105,105
15,15,10649028,35641,78241,21663,355170,0,166563,1422536,50312,0,0,0,4948400,0,0,117308,3453194,1,0,0,0,0,0,0,0,1,1,108,108
16,16,10900034,35096,78391,21361,356619,0,170045,1573307,59290,0,0,0,4930199,0,0,126154,3549572,1,0,0,0,0,0,0,0,1,1,108,108
17,17,55825715,35354,81590,21713,343666,150501,288443,1987766,59035,35578132,7153429,109165,4910700,926005,600484,110702,3469030,1,20738,19735,45,45,45,45,45,1,1,116,116
18,18,112348264,36407,78455,24489,348309,349274,381414,2279316,62053,85761899,10262792,250114,4951790,2302751,1481988,123415,3653798,1,48840,47488,106,106,106,106,106,1,1,106,106
19,19,137800777,39200,77795,23526,529564,392518,467347,2593876,64497,108636599,11898772,288714,4889949,2495821,1663120,144155,3595324,1,46536,45311,101,101,101,101,101,1,1,101,101
20,20,112957079,33988,76986,23251,363264,361938,424983,2292625,64046,84917059,11745973,246136,4954187,2188896,1481217,112929,3669601,1,48379,47053,105,105,105,105,105,1,1,105,105
21,21,118669327,35983,77115,27299,362825,420080,429119,2354523,65159,89675357,12498825,254650,4918085,2367422,1515335,119681,3547869,1,51144,49659,111,111,111,111,111,1,1,111,111
22,22,78822288,35948,55708,19049,394045,297747,284313,1520988,72837,57123182,7476277,168917,5039111,1507354,955822,110177,3760813,1,32253,31675,70,70,70,70,70,1,1,70,70
23,23,98646207,36795,68483,21435,396328,413721,351913,1925414,67125,73440407,9597008,213198,5061774,1982990,1237743,118282,3713591,1,41468,40500,90,90,90,90,90,1,1,90,90
24,24,123088623,35793,77567,24701,373870,543549,448506,2485137,69714,92464149,13645913,279508,4966943,2415179,1559646,108651,3589797,1,52987,51391,115,115,115,115,115,1,1,115,115
25,25,116433730,36106,75262,23502,387419,548775,420574,2277575,71563,87094111,13011090,265334,4879764,2307025,1478633,106091,3450906,1,49761,48357,108,108,108,108,108,1,1,108,108
26,26,117449051,36063,78343,30697,364975,431367,435707,2298391,71790,88363166,12667398,279520,4886411,2308614,1502824,106918,3586867,1,50222,48791,109,109,109,109,109,1,1,109,109
27,27,119327390,38356,80016,24906,370932,406819,429694,2360234,68139,89804282,12791161,253122,4898315,2400505,1544198,134449,3722262,1,51144,49659,111,111,111,111,111,1,1,111,111
28,28,115051863,39253,75647,22805,375419,411518,399267,2268772,68611,86005735,12482009,235544,5144417,2299260,1488837,118322,3616447,1,48840,47488,106,106,106,106,106,1,1,106,106
29,29,93702250,36441,62660,20075,384619,366336,313559,1824801,70637,68851541,9731703,204911,5033505,1952650,1186463,103148,3559201,1,38703,37863,84,84,84,84,84,1,1,84,84
30,30,119247563,40648,80728,25970,396922,499143,420969,2363403,75191,88953662,13241071,253721,4943314,2381290,1523559,152913,3895059,1,50222,48791,109,109,109,109,109,1,1,109,109
31,31,116949653,35625,77210,21808,401576,516946,406977,2287334,71115,87084351,13218921,256260,4925471,2347717,1489724,113326,3695292,1,49301,47923,107,107,107,107,107,1,1,107,107
32,32,79706563,35786,52801,19233,402682,372563,280655,1550806,72005,57201504,8252683,169907,4974076,1576670,1035023,119502,3590667,1,31792,31231,69,69,69,69,69,1,1,69,69
33,33,121166714,36382,76302,22909,403395,596599,431797,2438688,72976,90240088,13827403,277732,5028315,2383049,1604347,109360,3617372,1,50683,49225,110,110,110,110,110,1,1,110,110
34,34,89336660,37000,57238,20661,423305,462998,326499,1735930,74240,64745806,9493694,175256,5206640,1825782,1105335,112125,3534151,1,35478,34775,77,77,77,77,77,1,1,77,77
35,35,102451952,41896,70394,23769,398991,541098,365804,1974929,75022,75491200,10851701,248849,5051319,1985471,1308539,151303,3871667,1,41929,40939,91,91,91,91,91,1,1,91,91
36,36,68824234,36162,47453,16670,398585,354206,233381,1263627,75113,48530808,6857090,144654,5050951,1229346,806939,101741,3677508,1,26724,26332,58,58,58,58,58,1,1,58,58
37,37,77645261,35864,52306,18108,402795,405146,262297,1462423,85494,55851263,7681204,160298,5141158,1534378,958812,108323,3485392,1,30871,30343,67,67,67,67,67,1,1,67,67
38,38,92341910,35929,59846,20484,399605,523235,331437,1768212,77125,67283560,9859902,190569,5124319,1820751,1110045,102897,3633994,1,37321,36541,81,81,81,81,81,1,1,81,81
39,39,90438806,36132,59789,22425,407967,504602,327993,1760902,76469,65156209,10263188,186466,5107457,1802084,1100461,111053,3515609,1,35939,35217,78,78,78,78,78,1,1,78,78
40,40,99937087,43465,61545,23839,420568,582813,373204,1977526,77636,71621040,11766779,203921,5845093,1933007,1226202,110453,3669996,1,38703,37863,84,84,84,84,84,1,1,84,84
41,41,104371391,38824,57598,19218,504645,534439,329780,1858678,78281,78577197,10166853,196111,5193898,1868890,1268649,119289,3559041,1,33174,32562,72,72,72,72,72,1,1,72,72
42,42,88965722,39436,76555,19936,433829,532840,321838,1776448,78192,63928854,9585570,189108,5265573,1750086,1105289,127503,3734665,1,34557,33891,75,75,75,75,75,1,1,75,75
43,43,77450786,40534,53177,19585,439780,459655,277988,1456850,79002,54917882,8063192,156200,5167078,1433839,916588,126070,3843366,1,29949,29453,65,65,65,65,65,1,1,65,65
44,44,110479686,37516,70011,31687,420326,706912,407373,2180228,78709,80853651,12988768,238138,5284253,2165341,1413662,108451,3494660,1,44232,43128,96,96,96,96,96,1,1,96,96
45,45,81104074,43294,55377,21457,459261,506770,291579,1541699,81828,57141342,9118947,163506,5314674,1541815,951043,138701,3732781,1,30871,30343,67,67,67,67,67,1,1,67,67
46,46,102857451,48039,71995,28805,452072,695153,388486,1974133,89220,73821716,12274030,228190,5519576,1950388,1254766,165491,3895391,1,40086,39183,87,87,87,87,87,1,1,87,87
47,47,78281980,52866,55887,21479,457670,514537,293229,1481863,97241,54564518,8675241,164475,5398196,1454240,907228,150115,3993195,1,29488,29008,64,64,64,64,64,1,1,64,64
48,0,12531721,35170,25663,16751,451387,98382,61389,298089,95784,9042527,1484807,29376,78704,265691,171337,144216,232448,1,4608,4582,10,10,10,10,10,1,1,10,17
49,1,3271750,27614,13946,8111,445768,19224,15792,83006,77475,1869357,327828,7235,69056,46572,34414,113411,112941,1,922,921,2,2,2,2,2,1,1,2,3
50,2,3243475,24635,13915,6436,439738,19745,15671,78307,77990,1844221,330256,7701,68293,43246,33618,110484,129219,1,922,922,2,2,2,2,2,1,1,2,2
51,3,3214141,24860,13897,7512,446672,19272,16420,80965,77346,1841214,316843,6890,65165,46103,32742,120967,97273,1,922,922,2,2,2,2,2,1,1,2,3
52,4,7776574,25915,16080,13514,431521,53956,40403,203338,78565,5359008,922141,18544,73229,183553,92545,119864,144398,1,2765,2741,6,6,6,6,6,1,1,6,19
53,5,10976125,26764,18415,14872,432469,76620,55072,277649,77884,7922655,1305227,24653,77036,227148,142146,109402,188113,1,4147,4109,9,9,9,9,9,1,1,9,23
54,6,939963,22891,7822,12355,485978,0,9683,67224,78747,0,0,0,73840,0,0,109470,71953,1,0,0,0,0,0,0,0,1,1,0,15
55,7,5580875,25891,15432,13599,449053,36004,39408,167402,78211,3588804,641571,13113,75814,115181,63755,127083,130554,1,1843,1829,4,4,4,4,4,1,1,4,18
56,8,9847326,25740,16430,14541,432724,67999,52684,256440,77742,7029247,1173428,21040,74855,212073,128307,106803,157273,1,3686,3652,8,8,8,8,8,1,1,8,23
57,9,3291993,25346,13519,13396,441562,19564,24101,117554,78161,1812939,334578,7106,75047,60265,33518,107341,127996,1,922,914,2,2,2,2,2,1,1,2,16
58,10,7825510,26279,16145,14338,443145,53709,42281,231151,78059,5385257,930722,16855,73206,154229,94677,108568,156889,1,2765,2735,6,6,6,6,6,1,1,6,22
59,11,4598518,25254,14945,14774,466437,28896,31201,153283,77513,2810145,518509,10650,71309,101295,51819,106374,116114,1,1383,1370,3,3,3,3,3,1,1,3,18
60,12,4483419,26023,13279,13249,452010,28615,25877,138696,77391,2733805,510020,9448,89947,80220,48448,110714,125677,1,1383,1374,3,3,3,3,3,1,1,3,14
61,13,6657041,25068,17233,12069,433293,71131,34483,181944,78710,4477744,782575,16430,74572,133989,78786,119132,119882,1,2304,2290,5,5,5,5,5,1,1,5,15
62,14,5556221,28340,17259,20716,437319,34741,32144,169773,78059,3592354,630439,11374,79417,123804,63448,104079,132955,1,1843,1827,4,4,4,4,4,1,1,4,20
63,15,5513512,24808,12652,14289,438280,35110,31629,169542,77490,3592098,640139,11260,75342,122210,63516,102033,103114,1,1843,1827,4,4,4,4,4,1,1,4,20
64,16,5579725,25570,14803,13792,435880,35351,30404,163903,78016,3587844,680289,13529,75285,117545,64190,114183,129141,1,1843,1830,4,4,4,4,4,1,1,4,17
65,17,6715785,25749,15604,13327,432296,44700,54665,188905,78302,4421229,881807,14224,73950,140698,77867,115411,137051,1,2304,2286,5,5,5,5,5,1,1,5,19
66,18,6719997,27376,16389,17448,437798,44706,43206,213119,77264,4505920,820818,14066,76134,113443,79255,110580,122475,1,2304,2276,5,5,5,5,5,1,1,5,25
67,19,5559177,27752,14598,19376,449924,36186,38151,201383,76635,3527438,690521,11667,87263,92314,61211,108594,116164,1,1843,1816,4,4,4,4,4,1,1,4,31
68,20,12433902,26102,18213,15793,517702,85184,60182,338646,77252,8967711,1566885,28181,74940,227219,149827,105669,174396,1,4608,4558,10,10,10,10,10,1,1,10,27
69,21,5594999,24826,14849,14890,439023,35727,35490,180793,76443,3649266,640909,11473,76116,90012,64108,107035,134039,1,1843,1823,4,4,4,4,4,1,1,4,24
70,22,6577317,24912,14528,6354,439835,45695,28351,147318,85552,4471501,794300,13934,82264,112472,75205,106086,129010,1,2304,2303,5,5,5,5,5,1,1,5,5
71,23,10007804,24098,17453,9576,434774,69182,42325,238770,85861,7192916,1232049,22334,78656,205755,123177,101933,128945,1,3686,3676,8,8,8,8,8,1,1,8,11
72,24,9017028,26358,17978,16365,452206,63696,48408,242624,79531,6275824,1106023,28728,79289,194314,109981,111278,164425,1,3226,3195,7,7,7,7,7,1,1,7,22
73,25,6626432,26031,15384,13615,437948,44232,34396,180694,77801,4502674,760516,14127,72426,144197,77747,103628,121016,1,2304,2290,5,5,5,5,5,1,1,5,16
74,26,8820263,26893,15906,15195,441025,62031,45844,238610,77028,6178859,1051344,20616,99947,171512,107804,104059,163590,1,3226,3196,7,7,7,7,7,1,1,7,23
75,27,7756452,26985,15839,14376,445925,53109,39470,208466,78235,5322845,940610,17188,76541,161752,91681,119310,144120,1,2765,2744,6,6,6,6,6,1,1,6,20
76,28,7901493,25958,15190,11715,455578,53881,37604,200719,78515,5464778,973846,16535,74686,162356,92458,104165,133509,1,2765,2750,6,6,6,6,6,1,1,6,15
77,29,7871181,25196,18029,11557,466440,54519,38722,202204,77027,5421359,956479,17539,76063,159174,99237,110664,136972,1,2765,2749,6,6,6,6,6,1,1,6,14
78,30,10193384,26868,29055,17148,439694,71984,55704,276559,77837,7229970,1291651,23247,79006,180168,125165,104181,165147,1,3686,3642,8,8,8,8,8,1,1,8,28
79,31,10302843,25205,16785,19324,441649,71897,69816,295296,78109,7279999,1319790,23165,74648,192675,125790,106724,161971,1,3686,3632,8,8,8,8,8,1,1,8,33
80,32,3258899,24189,11395,6971,458919,18866,14641,81325,77524,1828111,351042,7596,67774,45427,32783,111673,120663,1,922,921,2,2,2,2,2,1,1,2,3
81,33,7829998,25169,15343,15484,442728,53222,42516,212653,78042,5407247,936829,30435,76647,156912,94987,108405,133379,1,2765,2741,6,6,6,6,6,1,1,6,21
82,34,6594788,24414,14861,8676,437018,45720,31202,165031,75718,4495143,783776,13562,75610,129074,76817,102171,115995,1,2304,2300,5,5,5,5,5,1,1,5,7
83,35,8971289,26136,16864,13185,450693,75074,44456,223335,77622,6275030,1087010,19788,79921,189694,106189,106205,180087,1,3226,3207,7,7,7,7,7,1,1,7,16
84,36,4444413,23919,12972,7934,445497,28845,20259,108352,75368,2801277,488117,9574,73550,77627,50672,105661,114789,1,1383,1381,3,3,3,3,3,1,1,3,5
85,37,5493040,24073,13979,8322,441613,37112,25385,141873,77915,3649920,604663,11790,66640,100201,73365,103973,112216,1,1843,1841,4,4,4,4,4,1,1,4,6
86,38,8936248,25897,16584,11965,434266,71263,42733,215239,78267,6268843,1118983,19792,94621,185508,108978,102887,140422,1,3226,3211,7,7,7,7,7,1,1,7,14
87,39,8910695,25532,15787,12550,440455,63079,43756,214361,77894,6301535,1079861,19353,82801,176315,107901,105192,144323,1,3226,3211,7,7,7,7,7,1,1,7,15
88,40,5572171,25042,13112,10424,437142,37790,29500,154423,78098,3609266,671251,13197,81634,109310,64782,103583,133617,1,1843,1837,4,4,4,4,4,1,1,4,10
89,41,10072333,33893,17628,10382,440720,78974,42332,229803,77178,7204692,1274151,25579,78855,200740,127555,102533,127318,1,3686,3676,8,8,8,8,8,1,1,8,11
90,42,7737032,25835,15581,10979,461226,55146,34878,187907,77930,5388466,896362,18783,91911,144888,94105,102622,130413,1,2765,2755,6,6,6,6,6,1,1,6,11
91,43,5558994,24333,14246,8480,438415,36794,25793,133259,76840,3658823,666418,12963,70796,98053,63925,103243,126613,1,1843,1841,4,4,4,4,4,1,1,4,6
92,44,7785558,25301,15183,14684,448070,53909,44245,221789,77237,5361230,921563,18293,79262,131802,92010,101536,179444,1,2765,2734,6,6,6,6,6,1,1,6,25
93,45,6724545,26090,15007,12123,455251,45290,33422,175050,78682,4473875,798452,14406,89486,132114,76768,104348,194181,1,2304,2293,5,5,5,5,5,1,1,5,14
94,46,10105282,28596,18340,18473,449484,87417,57745,292220,79364,7082359,1256209,21778,80743,183308,120108,135574,193564,1,3686,3640,8,8,8,8,8,1,1,8,29
95,47,7890315,24511,17513,8493,438938,55135,35126,174663,77375,5565025,904681,17633,78362,140314,95043,102946,154557,1,2765,2762,6,6,6,6,6,1,1,6,7
96,0,7896497,26334,15362,20580,439890,54291,52642,251263,77965,5420175,899398,16237,79634,133462,90552,101866,216846,1,2765,2712,6,6,6,6,6,1,1,6,37
97,1,7772469,24415,14440,8164,438546,54569,32978,172910,76100,5415272,930647,17484,68627,141839,107228,112475,156775,1,2765,2761,6,6,6,6,6,1,1,6,7
98,2,7639712,25679,14542,8545,467634,55193,32085,170134,76450,5298982,827083,17950,87422,138790,98075,100194,220954,1,2765,2762,6,6,6,6,6,1,1,6,7
99,3,6665240,26154,17380,10331,444448,45976,27653,148861,76729,4580642,737537,14128,90503,118601,77658,100354,148285,1,2304,2302,5,5,5,5,5,1,1,5,6
100,4,13514978,27192,21511,20032,436786,99794,70635,365531,79634,9846902,1705825,31841,78663,242164,169909,106168,212391,1,5069,4993,11,11,11,11,11,1,1,11,35
101,5,13434337,25939,20304,21078,448618,98851,70086,369721,85346,9753173,1686677,30170,77195,249560,172624,101214,223781,1,5069,4975,11,11,11,11,11,1,1,11,42
102,6,13460971,26729,20092,21427,441409,98351,67259,369618,78843,9780910,1692939,43013,78481,246045,164302,115400,216153,1,5069,4977,11,11,11,11,11,1,1,11,41
103,7,11207978,26170,17990,21994,447074,83889,63542,321227,79040,7948096,1455643,24816,75704,211860,132946,102831,195156,1,4147,4071,9,9,9,9,9,1,1,9,39
104,8,21346152,27100,24245,20401,450675,158821,102147,515393,88746,15969440,2784421,49340,77200,402475,266491,105629,303628,1,8294,8150,18,18,18,18,18,1,1,18,43
105,9,20172425,26393,23702,23036,442089,153452,173897,496624,79299,14978016,2592300,46671,88561,388887,253128,106471,299899,1,7833,7676,17,17,17,17,17,1,1,17,48
106,10,13434734,26139,20996,20718,433145,101448,83753,360165,79535,9806964,1621602,29849,76350,260853,165178,106087,241952,1,5069,4982,11,11,11,11,11,1,1,11,38
107,11,12273153,26597,18691,19764,453360,91318,64638,326833,78548,8869121,1529002,28237,72989,224193,149239,102226,218397,1,4608,4535,10,10,10,10,10,1,1,10,36
108,12,23656701,35150,25596,21527,443473,242501,106614,576631,79883,17793135,3042372,52177,77674,445351,301556,107551,305510,1,9215,9055,20,20,20,20,20,1,1,20,44
109,13,12364043,27264,21351,22027,445300,91639,69681,354857,79744,8906397,1549449,28847,74618,223919,151648,110132,207170,1,4608,4528,10,10,10,10,10,1,1,10,39
110,14,11305542,26836,19566,31008,450094,83183,65590,321816,80584,8043301,1384581,25445,79905,225505,136212,108649,223267,1,4147,4072,9,9,9,9,9,1,1,9,38
111,15,15792069,27930,23755,20446,467744,120693,81940,405048,81438,11613464,1984669,34594,77063,289984,195650,108266,259385,1,5990,5882,13,13,13,13,13,1,1,13,41
112,16,11324051,26293,18044,21750,467333,85757,62407,322462,82099,8028027,1432453,26238,76350,209534,137703,109996,217605,1,4147,4069,9,9,9,9,9,1,1,9,41
113,17,13578849,26098,18564,31384,452479,111181,100173,379856,80646,9769965,1754974,32429,74422,262730,166533,100657,216758,1,5069,4971,11,11,11,11,11,1,1,11,43
114,18,10187889,25816,16162,21935,444258,97406,59176,303670,80568,7092623,1271321,24420,75934,187835,125064,102067,259634,1,3686,3616,8,8,8,8,8,1,1,8,41
115,19,5740715,26001,15742,22678,449855,39208,43419,231050,80317,3619694,664918,13090,97498,98550,64330,117010,157355,1,1843,1808,4,4,4,4,4,1,1,4,39
116,20,14728977,26517,20747,19776,463498,112288,84166,402208,81157,10645396,1957901,33367,77449,274584,182797,104855,242271,1,5529,5430,12,12,12,12,12,1,1,12,41
117,21,13564603,28419,21161,25197,454976,104538,73943,391763,82210,9784212,1735090,30556,87242,256249,165089,108334,215624,1,5069,4962,11,11,11,11,11,1,1,11,46
118,22,6883299,27132,17587,9876,471708,50090,32364,157287,78567,4646672,821253,15263,74179,121457,80135,106291,173438,1,2304,2301,5,5,5,5,5,1,1,5,7
119,23,8035658,25698,17032,22502,445809,58054,39130,201919,79795,5499019,969439,18707,74916,174308,96183,106342,206805,1,2765,2747,6,6,6,6,6,1,1,6,16
120,24,21509576,28338,24833,21652,455966,169727,103815,521203,89751,16057433,2813250,50404,77152,408538,283087,105234,299193,1,8294,8149,18,18,18,18,18,1,1,18,43
121,25,15781712,25768,21912,21809,452662,123121,83444,406727,80880,11539155,2077661,34064,75297,292368,198270,103460,245114,1,5990,5888,13,13,13,13,13,1,1,13,39
122,26,20390917,27585,23080,21437,462947,155676,102909,494450,81254,15198743,2638630,46317,81027,385896,255264,107776,307926,1,7833,7691,17,17,17,17,17,1,1,17,44
123,27,12390836,27994,18054,22220,461659,96923,68212,349668,80829,8880491,1577787,26225,101491,225219,147526,102320,204218,1,4608,4526,10,10,10,10,10,1,1,10,42
124,28,13620556,27322,19682,21845,480538,107514,71921,371884,80922,9796849,1773656,29671,90272,257196,162901,103793,224590,1,5069,4980,11,11,11,11,11,1,1,11,40
125,29,11572328,24799,16755,13036,452766,87781,55826,274284,79859,8238836,1479434,24814,76976,284619,141961,103861,216721,1,4147,4118,9,9,9,9,9,1,1,9,19
126,30,9147372,26255,16657,22725,467912,69330,58141,291552,81398,6333802,1121676,19119,76939,168341,108817,102939,181769,1,3226,3159,7,7,7,7,7,1,1,7,43
127,31,10239872,26455,17436,23516,453739,77798,63734,325216,80965,7121667,1325802,23846,86451,188251,120462,109129,195405,1,3686,3610,8,8,8,8,8,1,1,8,44
128,32,10759497,38657,19209,12619,470426,80034,51788,239631,80354,7697833,1308223,22999,90560,207723,130496,111608,197337,1,3686,3676,8,8,8,8,8,1,1,8,11
129,33,16900810,38862,19802,21816,460794,132112,82075,420136,80345,12527948,2145326,42054,77586,307315,206728,99727,238184,1,6451,6337,14,14,14,14,14,1,1,14,41
130,34,10183434,24722,18251,8892,468981,77831,42173,223861,80183,7285164,1252094,22770,75858,197435,137414,103850,163955,1,3686,3680,8,8,8,8,8,1,1,8,9
131,35,11522307,24784,19079,14776,449046,87125,81790,317566,80644,8302671,1385050,25320,78522,220602,141814,101697,191821,1,4147,4105,9,9,9,9,9,1,1,9,25
132,36,4572235,24375,13416,7826,459003,31290,20268,122084,79543,2849319,490932,9135,74748,78956,48443,103129,159768,1,1383,1381,3,3,3,3,3,1,1,3,5
133,37,9206961,26453,17383,8847,470106,69279,39467,205385,80955,6483874,1127531,20846,75583,175915,109788,123919,171630,1,3226,3218,7,7,7,7,7,1,1,7,10
134,38,11543205,26159,18716,15799,451561,86997,64381,286109,80586,8330036,1403092,25093,83041,231137,141958,104271,194269,1,4147,4111,9,9,9,9,9,1,1,9,23
135,39,12672262,25498,19935,17364,451077,97456,61106,315624,81029,9121486,1678725,27589,84069,241317,161464,100823,187700,1,4608,4561,10,10,10,10,10,1,1,10,26
136,40,6859288,25887,15243,14598,467542,51237,36186,182869,81082,4522248,842843,14414,92508,139568,77841,103372,191850,1,2304,2288,5,5,5,5,5,1,1,5,17
137,41,7925511,39453,16616,10599,453187,59035,35625,183510,81368,5496390,942926,16756,77044,145436,93535,103419,170612,1,2765,2758,6,6,6,6,6,1,1,6,10
138,42,7041439,26128,16122,13662,468340,49606,37411,187252,80934,4695890,823746,14454,85130,142181,78659,103156,218768,1,2304,2289,5,5,5,5,5,1,1,5,17
139,43,9224501,35728,19584,10835,457653,69052,40927,203311,79700,6401691,1102290,21111,78175,274441,108999,113058,207946,1,3226,3217,7,7,7,7,7,1,1,7,10
140,44,10131975,26620,17064,20239,461883,77345,56233,280146,81959,7201050,1210855,23225,79944,175489,124291,104269,191363,1,3686,3636,8,8,8,8,8,1,1,8,31
141,45,10348632,26950,19939,15191,460281,77590,50831,257908,80544,7334600,1236661,22277,81166,220617,127314,105253,231510,1,3686,3658,8,8,8,8,8,1,1,8,20
142,46,12592735,27227,19387,21246,548357,95762,67208,345810,81464,8976313,1574861,29123,82425,219020,148295,105206,251031,1,4608,4534,10,10,10,10,10,1,1,10,37
143,47,10102364,25687,18596,9855,480525,89008,42911,217139,89403,7194205,1223589,22991,78994,196279,123016,102015,188151,1,3686,3680,8,8,8,8,8,1,1,8,9
144,0,13837248,28385,28426,26756,459619,106266,82740,397760,81264,9924825,1716137,42400,79252,290486,167957,102582,302393,1,5069,4941,11,11,11,11,11,1,1,11,54
145,1,8055693,29698,23118,12616,459117,64371,36793,183846,82073,5560668,948207,17867,77854,143700,94021,107940,213804,1,2765,2761,6,6,6,6,6,1,1,6,7
146,2,6760282,25603,14623,9074,450200,51066,30358,158767,80199,4620416,759209,15811,69316,120728,81942,105078,167892,1,2304,2302,5,5,5,5,5,1,1,5,6
147,3,8126062,25093,15011,10383,449851,60841,37031,188872,91813,5685998,941184,17906,70055,149560,97012,99185,186267,1,2765,2761,6,6,6,6,6,1,1,6,8
148,4,11509161,27446,17839,22871,450167,89018,80828,325901,81236,8249881,1413547,26303,77409,207456,142434,103226,193599,1,4147,4073,9,9,9,9,9,1,1,9,38
149,5,17084775,25473,22177,22428,462883,134853,93320,463195,81934,12517001,2233901,40073,76756,332268,213700,101260,263553,1,6451,6316,14,14,14,14,14,1,1,14,48
150,6,10425240,28300,18763,22336,476988,77859,60426,307722,83456,7297843,1345583,22957,75466,186910,124339,113746,182546,1,3686,3618,8,8,8,8,8,1,1,8,40
151,7,7032447,25976,15326,23200,453750,50557,49961,255049,82799,4635855,852011,15769,75859,122919,88090,117416,167910,1,2304,2252,5,5,5,5,5,1,1,5,44
152,8,12532546,26571,18701,21973,471259,108425,74061,374202,83471,8863718,1648466,26138,76791,247595,159815,103247,228113,1,4608,4509,10,10,10,10,10,1,1,10,46
153,9,13708298,26541,20807,24282,460827,104515,71130,372040,81941,9860230,1804334,28582,86557,259893,164460,104040,238119,1,5069,4961,11,11,11,11,11,1,1,11,46
154,10,11429068,27307,30767,20700,462824,89429,67062,329012,82698,8122770,1424394,25201,76798,218646,135057,104565,211838,1,4147,4067,9,9,9,9,9,1,1,9,41
155,11,12569818,26767,20443,23055,473090,98864,75941,380613,83997,8974381,1545974,26646,73728,235189,153077,120217,257836,1,4608,4506,10,10,10,10,10,1,1,10,48
156,12,11482439,27166,19501,23313,455951,90454,65850,333617,84241,8111720,1469563,26490,78272,210508,150043,113192,222558,1,4147,4065,9,9,9,9,9,1,1,9,42
157,13,13714037,25976,20259,24084,473803,108496,79060,391356,82535,9789960,1798256,33307,75819,276937,171207,103084,259898,1,5069,4954,11,11,11,11,11,1,1,11,50
158,14,13742170,27086,21115,22002,460943,107410,73498,367309,91407,9918695,1756187,30695,77063,252501,166580,105016,264663,1,5069,4968,11,11,11,11,11,1,1,11,43
159,15,13711233,26930,19865,23314,456010,108605,73749,385996,81948,9932029,1720545,29994,72958,266796,167677,105035,239782,1,5069,4960,11,11,11,11,11,1,1,11,47
160,16,16944195,25923,22952,23363,462891,135749,83490,435919,82796,12473695,2162503,37722,75795,319661,209972,100390,291374,1,6451,6320,14,14,14,14,14,1,1,14,46
161,17,9207552,27206,18485,20907,463130,71876,56664,286574,83119,6350489,1168478,20731,75460,160218,108147,111897,184171,1,3226,3165,7,7,7,7,7,1,1,7,41
162,18,9571045,29129,20910,23237,483735,71568,60268,309140,115110,6520386,1224265,21545,85460,184087,114607,135786,171812,1,3226,3170,7,7,7,7,7,1,1,7,39
163,19,5013721,32184,15064,31531,627259,24747,48136,232669,124002,2837586,453660,9045,125964,60532,47951,168417,174974,1,922,907,2,2,2,2,2,1,1,2,34
164,20,10168629,32078,19762,31679,635403,61983,69205,339095,83913,7141712,1048652,20152,76160,154143,106484,163392,184816,1,2304,2260,5,5,5,5,5,1,1,5,39
165,21,17354591,31391,22334,25051,630107,110613,93342,460317,84885,13064877,1862853,37532,78907,298234,200004,122869,231275,1,4147,4070,9,9,9,9,9,1,1,9,42
166,22,12582219,26353,21954,11626,466990,101637,55642,275096,80850,9158851,1545437,29363,75160,254662,154763,108627,215208,1,4608,4595,10,10,10,10,10,1,1,10,12
167,23,16316115,28603,22039,14002,489107,128183,72981,362665,81572,12072969,2036120,37624,79309,343680,212435,121976,212850,1,5990,5952,13,13,13,13,13,1,1,13,20
168,24,10282867,25933,19921,22469,471507,79805,63182,313206,82428,7153952,1314845,29671,74535,184345,127260,102009,217799,1,3686,3614,8,8,8,8,8,1,1,8,42
169,25,12610492,26848,19926,24226,469397,101261,72502,359240,82717,9012514,1625219,30102,78231,228868,151497,103160,224784,1,4608,4516,10,10,10,10,10,1,1,10,44
170,26,14958550,27044,21362,24151,479871,118032,80530,415004,83704,10854922,1901110,35102,95012,274832,181576,103446,262852,1,5529,5415,12,12,12,12,12,1,1,12,46
171,27,8101895,25868,18189,22854,569156,62059,56266,282814,83300,5321368,1028306,17643,76839,141994,90348,104582,200309,1,2765,2710,6,6,6,6,6,1,1,6,44
172,28,11535885,29956,19602,22275,484779,90241,68915,354474,94237,8073646,1491634,24375,79555,219950,133851,107172,241223,1,4147,4058,9,9,9,9,9,1,1,9,46
173,29,12763775,25703,20484,15967,467107,103047,69513,303546,81175,9181829,1609427,27358,78021,308805,150521,104522,216750,1,4608,4568,10,10,10,10,10,1,1,10,22
174,30,8122250,25907,18352,21567,471591,65434,57710,281919,83631,5460151,1013674,17814,76260,142031,91165,121944,173100,1,2765,2716,6,6,6,6,6,1,1,6,39
175,31,10351987,26841,19155,23589,465315,80644,63720,306867,81886,7240463,1335612,22158,77912,183907,118240,102329,203349,1,3686,3618,8,8,8,8,8,1,1,8,40
176,32,8079320,25073,18645,10138,476457,62904,36173,183493,94460,5528014,1004642,16599,73977,146491,92852,105714,203688,1,2765,2757,6,6,6,6,6,1,1,6,9
177,33,19377988,26128,22503,20693,477782,158157,95287,486099,82172,14372406,2528470,41675,77155,368566,241638,99448,279809,1,7372,7232,16,16,16,16,16,1,1,16,45
178,34,12648110,26596,18493,7730,474494,103082,49411,257797,89519,9217549,1616024,30185,73017,231735,152880,108712,190886,1,4608,4600,10,10,10,10,10,1,1,10,10
179,35,12600730,26901,18989,16572,476459,101013,61579,315385,95603,9110909,1557752,27738,79718,222412,156947,103845,228908,1,4608,4555,10,10,10,10,10,1,1,10,28
180,36,8077232,26486,15389,9600,460231,64381,36662,178339,82151,5576938,1007394,16826,84715,147667,105664,104322,160467,1,2765,2759,6,6,6,6,6,1,1,6,8
181,37,7929548,25100,17337,10230,461821,75160,38731,181089,82253,5495098,930273,16638,68805,150661,89252,116810,170290,1,2765,2757,6,6,6,6,6,1,1,6,10
182,38,11459319,25721,17462,16053,464649,92098,58446,289637,96604,8105990,1495134,25572,80392,216274,131806,101807,241674,1,4147,4101,9,9,9,9,9,1,1,9,27
183,39,11536728,26241,19606,19117,468381,94197,63334,304336,82322,8239698,1446730,24170,84627,212914,139281,107394,204380,1,4147,4096,9,9,9,9,9,1,1,9,30
184,40,17521025,27082,24027,16886,460780,147163,85780,417967,85160,12849538,2321262,42143,79362,352553,218302,110946,282074,1,6451,6381,14,14,14,14,14,1,1,14,29
185,41,13885189,28199,20900,13434,461298,113862,64290,327901,91644,10150330,1699065,31179,79632,291285,183470,109567,219133,1,5069,5043,11,11,11,11,11,1,1,11,17
186,42,9366926,27606,20049,14898,485549,73680,47830,267075,83491,6496846,1115318,20649,79271,187878,111094,104315,231377,1,3226,3198,7,7,7,7,7,1,1,7,20
187,43,10317767,24582,19096,11107,457079,93900,44542,233636,82670,7366371,1241020,21851,74904,208288,123194,108841,206686,1,3686,3674,8,8,8,8,8,1,1,8,12
188,44,9198504,28198,18168,21383,469346,73076,56786,284842,83373,6294883,1115014,20252,82026,187342,115507,105254,243054,1,3226,3171,7,7,7,7,7,1,1,7,37
189,45,6013701,28143,15669,14235,486486,43078,34597,169990,84312,3812677,715776,12152,79518,113224,64006,117077,222761,1,1843,1830,4,4,4,4,4,1,1,4,17
190,46,9301244,27452,19606,24773,456438,73708,69347,303854,83417,6389737,1165740,20297,83981,164485,105968,104778,207663,1,3226,3166,7,7,7,7,7,1,1,7,39
191,47,14810429,26158,22061,11922,458332,122457,76737,321717,82270,10916852,1857063,32941,81202,298150,189046,102129,211392,1,5529,5508,12,12,12,12,12,1,1,12,15
192,0,18561406,27646,22845,28139,471530,149672,112614,496742,82516,13587031,2349806,40545,80333,385289,225772,105508,395418,1,6912,6718,15,15,15,15,15,1,1,15,61
193,1,9201336,26163,17265,8740,465578,73483,40867,205320,82846,6460439,1142399,22087,76018,163821,108928,114896,192486,1,3226,3221,7,7,7,7,7,1,1,7,8
194,2,11271494,24224,16991,8658,469277,92524,47870,244884,81884,8206011,1338165,25745,67642,220091,136578,104382,186568,1,4147,4139,9,9,9,9,9,1,1,9,10
195,3,4719805,27232,27011,9219,494841,33787,22768,115772,81622,2896061,514553,10734,67605,76521,49312,116870,175897,1,1383,1382,3,3,3,3,3,1,1,3,5
196,4,20366485,28341,24125,24370,472371,171630,98855,510929,92672,15146776,2587902,48450,77842,399415,264992,106267,311548,1,7833,7671,17,17,17,17,17,1,1,17,48
197,5,12708088,28217,19716,22575,466349,105116,75898,371298,84212,9054008,1639834,35075,78556,237644,152200,113429,223961,1,4608,4518,10,10,10,10,10,1,1,10,44
198,6,9408945,26973,17504,31258,462573,74333,59826,292455,83183,6475077,1200375,21509,74330,168434,129148,105322,186645,1,3226,3160,7,7,7,7,7,1,1,7,41
199,7,9232783,27193,18505,23345,468814,72917,57720,286638,96002,6343981,1168150,20471,75811,164759,113697,105186,189594,1,3226,3162,7,7,7,7,7,1,1,7,42
200,8,17149443,27624,23140,23839,465390,140021,87978,438226,84097,12541506,2282357,39069,79007,327250,208628,103502,277809,1,6451,6313,14,14,14,14,14,1,1,14,49
201,9,10425531,29534,20711,22244,481140,84532,62739,308373,86933,7288021,1316449,23337,90632,185208,123366,109068,193244,1,3686,3626,8,8,8,8,8,1,1,8,36
202,10,10362697,27766,18052,19909,462619,81517,60531,311072,85465,7333047,1263253,22281,77226,181598,119920,104072,194369,1,3686,3626,8,8,8,8,8,1,1,8,36
203,11,12603283,28363,19044,24343,482016,102424,68130,372329,83828,9007941,1576927,35028,94132,232166,147746,102900,225966,1,4608,4516,10,10,10,10,10,1,1,10,43
204,12,10333812,27893,19071,20695,458889,83057,58869,310545,83601,7255855,1318844,22420,76005,182539,120618,106579,188332,1,3686,3620,8,8,8,8,8,1,1,8,39
205,13,8108190,27544,16849,28161,470446,65384,50336,257454,84210,5467753,1018855,17231,90258,143307,90732,119557,160113,1,2765,2718,6,6,6,6,6,1,1,6,36
206,14,8043144,28275,16234,22636,466238,64600,53762,262512,93034,5432383,947752,18584,81170,155578,103158,108865,188363,1,2765,2709,6,6,6,6,6,1,1,6,39
207,15,10406123,28475,17910,33361,463435,83297,62880,325994,84239,7277615,1301694,22077,76050,192117,121955,103105,211919,1,3686,3610,8,8,8,8,8,1,1,8,44
208,16,5780094,25824,16122,20622,463297,42364,42064,215649,84084,3678386,678946,12654,76948,93489,72916,106889,149840,1,1843,1812,4,4,4,4,4,1,1,4,35
209,17,8036161,25782,17189,21733,464212,64097,60644,262166,82657,5460097,994486,17296,73899,140098,93311,102217,156277,1,2765,2716,6,6,6,6,6,1,1,6,38
210,18,14059608,27210,20251,20983,463907,115455,72198,377248,82957,10071835,1915517,32501,85258,251732,175971,102536,244049,1,5069,4987,11,11,11,11,11,1,1,11,38
211,19,7029126,27549,13742,21903,488811,54244,48492,240861,85023,4627245,854721,15419,75592,118498,79395,120499,157132,1,2304,2263,5,5,5,5,5,1,1,5,37
212,20,12640043,27507,20108,22243,478686,106104,69287,361978,85302,9007369,1640378,28003,75545,248303,150336,103438,215456,1,4608,4517,10,10,10,10,10,1,1,10,43
213,21,12749657,26306,18669,21372,464350,103469,68279,353094,83659,9167869,1629077,28702,77199,238402,159486,102229,207495,1,4608,4531,10,10,10,10,10,1,1,10,39
214,22,13729614,31920,20957,10967,471488,115940,53703,300440,84696,10085979,1688352,28964,74114,275792,164705,105108,216489,1,5069,5054,11,11,11,11,11,1,1,11,13
215,23,14856913,26173,20507,16173,470326,124342,66489,355069,83324,10874242,1881818,35609,91949,320174,187006,106074,197638,1,5529,5484,12,12,12,12,12,1,1,12,23
216,24,6998327,28188,16399,22636,459252,62342,51048,243919,84901,4561565,873215,14617,78804,119633,80155,138460,163193,1,2304,2260,5,5,5,5,5,1,1,5,41
217,25,10433721,27887,17997,23309,471783,83959,60328,300198,85085,7338602,1339746,22726,77308,182613,121296,108148,172736,1,3686,3622,8,8,8,8,8,1,1,8,38
218,26,12761932,26952,21189,22950,466094,104380,73542,363143,83822,9084567,1695473,28555,77256,232746,153146,102191,225926,1,4608,4516,10,10,10,10,10,1,1,10,45
219,27,8172501,25416,17006,21899,510310,64358,61245,265388,84484,5430446,1014052,17674,75625,212491,92081,107562,172464,1,2765,2713,6,6,6,6,6,1,1,6,41
220,28,8022867,25488,17181,20883,474638,63032,52973,257333,83663,5456850,975468,16700,75085,143416,89886,101346,168925,1,2765,2713,6,6,6,6,6,1,1,6,38
221,29,9316301,26229,17596,14182,473978,74074,48971,236317,93410,6437024,1165823,20653,78406,194980,111404,105722,217532,1,3226,3200,7,7,7,7,7,1,1,7,20
222,30,9456841,24925,16862,19810,466314,75412,57745,286506,85068,6524167,1229715,20928,73977,178501,118497,100861,177553,1,3226,3169,7,7,7,7,7,1,1,7,38
223,31,10525342,27919,20347,22225,477842,84414,62189,308669,86144,7368026,1335444,22319,79496,182451,125480,108881,213496,1,3686,3620,8,8,8,8,8,1,1,8,39
224,32,11724715,27434,19697,11398,461271,97062,50180,264416,91820,8381777,1539331,25367,74162,230485,138012,105682,206621,1,4147,4134,9,9,9,9,9,1,1,9,12
225,33,11486990,27020,20271,23369,484351,95650,61981,338772,84352,8188280,1381095,25894,76915,210770,135435,126708,206127,1,4147,4070,9,9,9,9,9,1,1,9,40
226,34,12701086,26656,20096,9572,463416,105757,50707,270944,82631,9298470,1565193,27806,73381,234933,150718,107160,213646,1,4608,4598,10,10,10,10,10,1,1,10,11
227,35,18421200,24654,21331,17005,469416,228807,96795,434527,83589,13738027,2279702,43135,80216,338839,227142,101274,236741,1,6912,6828,15,15,15,15,15,1,1,15,32
228,36,10286919,26428,16489,9159,466737,81504,42543,221836,83430,7388868,1244400,21917,71484,203829,123177,105619,179499,1,3686,3678,8,8,8,8,8,1,1,8,10
229,37,13783661,25410,19917,10441,497006,95217,58942,311183,82038,10220587,1627511,30429,74146,276885,164873,101470,187606,1,5069,5051,11,11,11,11,11,1,1,11,14
230,38,11493313,27363,20064,16202,469577,73348,57044,295815,93905,8225666,1389741,24629,83984,220884,135211,105320,254560,1,4147,4108,9,9,9,9,9,1,1,9,24
231,39,14848523,25674,22020,21012,470118,116273,74878,379741,84111,10873121,1897523,34880,85006,267209,179870,103062,214025,1,5529,5457,12,12,12,12,12,1,1,12,32
232,40,13886389,26088,20686,16084,479767,97062,63596,340949,84174,10045468,1805756,32222,79304,286229,175517,101566,231921,1,5069,5025,11,11,11,11,11,1,1,11,24
233,41,12642988,25287,19534,12923,477873,83106,53096,285210,92800,9153913,1588652,29024,78030,272404,153506,103660,213970,1,4608,4582,10,10,10,10,10,1,1,10,17
234,42,12012409,25348,18507,13909,477658,77206,57961,289223,83173,8692403,1451773,26889,73427,244049,139549,106889,234445,1,4147,4117,9,9,9,9,9,1,1,9,20
235,43,8019691,25587,16472,10900,472394,53074,39121,188322,82495,5566378,926752,16901,74614,144904,92843,105962,202972,1,2765,2756,6,6,6,6,6,1,1,6,10
236,44,12637080,25181,18191,23249,460342,87645,73568,356281,83690,9102878,1575978,25931,80259,237899,149681,103042,233265,1,4608,4519,10,10,10,10,10,1,1,10,43
237,45,7092693,27010,16478,16954,465442,42212,42178,202332,83996,4668837,865300,16036,82086,126366,79082,103293,255091,1,2304,2282,5,5,5,5,5,1,1,5,22
238,46,16224858,27964,21485,25236,471538,110578,89245,443905,84283,11747177,2109725,38068,85352,311056,196416,102760,360070,1,5990,5864,13,13,13,13,13,1,1,13,47
239,47,9285664,24203,18545,11962,462357,63064,43272,224558,83660,6558284,1086883,21004,83035,185665,110973,102803,205396,1,3226,3215,7,7,7,7,7,1,1,7,11
240,0,18507786,28302,26933,22136,466040,134181,96234,466921,86382,13647633,2426614,42965,76706,351996,232683,116508,285552,1,6912,6770,15,15,15,15,15,1,1,15,47
241,1,10283118,27392,20331,9752,494406,70861,43846,222840,83270,7327563,1284123,24109,72452,195165,122038,107430,177540,1,3686,3680,8,8,8,8,8,1,1,8,9
242,2,5665358,25000,14353,7712,473739,37343,25315,130447,82560,3739587,627680,12389,67330,97234,63706,108849,152114,1,1843,1842,4,4,4,4,4,1,1,4,5
243,3,9161389,24504,15946,9459,470097,67985,66385,211130,83530,6510538,1021526,20976,71637,177566,110434,104647,195029,1,3226,3220,7,7,7,7,7,1,1,7,9
244,4,8040544,26117,16932,21865,462549,51727,54955,266989,84130,5498112,946750,17162,76675,142509,91028,105442,177602,1,2765,2707,6,6,6,6,6,1,1,6,42
245,5,7094076,28039,16447,23607,464374,41671,55880,259083,84074,4627059,877352,28404,80636,127103,83440,114569,182338,1,2304,2256,5,5,5,5,5,1,1,5,43
246,6,8273714,27462,17777,23264,466073,52364,55950,276233,84517,5581331,1050921,18728,77309,145900,110272,108871,176742,1,2765,2709,6,6,6,6,6,1,1,6,40
247,7,6967790,26599,16166,23303,463722,51753,51442,248084,85001,4581232,817409,14821,78757,121962,80374,123682,183483,1,2304,2256,5,5,5,5,5,1,1,5,42
248,8,12846711,28384,20779,23644,473180,86880,74239,364476,85230,9177986,1695999,29924,88361,238316,155599,110064,193650,1,4608,4517,10,10,10,10,10,1,1,10,45
249,9,11628118,26934,19629,23526,482624,77581,67384,338930,85223,8230519,1492004,25383,75714,213538,139332,108173,221624,1,4147,4066,9,9,9,9,9,1,1,9,43
250,10,10491564,26804,18604,21933,461952,72352,62191,316663,85573,7392210,1325170,23612,75693,193220,125467,110721,179399,1,3686,3618,8,8,8,8,8,1,1,8,40
251,11,11644489,27794,19579,26695,464248,69973,79452,366783,86640,8210539,1464589,24676,76641,242924,138453,116168,229335,1,4147,4046,9,9,9,9,9,1,1,9,51
252,12,6970100,26451,16313,25399,458810,34444,50887,273140,85261,4554093,845726,14311,78349,121378,74329,109848,201361,1,2304,2253,5,5,5,5,5,1,1,5,46
253,13,10462263,26746,18753,21255,458374,57140,57794,312996,86171,7352550,1361509,21855,76611,188294,120951,108824,192440,1,3686,3622,8,8,8,8,8,1,1,8,38
254,14,14126081,25906,21007,22800,474925,84265,84544,394188,85626,10171153,1878404,31014,75791,266737,165438,109292,234991,1,5069,4971,11,11,11,11,11,1,1,11,43
255,15,8230899,25283,17253,22092,476043,39101,52462,268776,89891,5587296,1021819,17557,75622,141554,95138,111842,189170,1,2765,2706,6,6,6,6,6,1,1,6,40
256,16,10657406,28587,19321,21796,464001,59544,61676,313008,84456,7457472,1349855,23317,79302,255318,124536,116557,198660,1,3686,3616,8,8,8,8,8,1,1,8,41
257,17,7102325,27197,18196,31152,469576,36968,51165,243545,85629,4684648,889378,15610,79294,119465,80155,107095,163252,1,2304,2262,5,5,5,5,5,1,1,5,37
258,18,12721735,27120,19884,22673,467381,67221,70715,346717,98007,9148065,1616194,28475,77780,231047,153265,108767,238424,1,4608,4526,10,10,10,10,10,1,1,10,40
259,19,4687007,26164,12103,19765,466593,20576,39281,197698,86893,2807935,568083,10173,76437,75385,48654,103792,127475,1,1383,1358,3,3,3,3,3,1,1,3,34
260,20,9377464,27129,15809,21497,469082,49559,60651,297815,86809,6487044,1195768,20988,77041,167040,108171,104910,188151,1,3226,3161,7,7,7,7,7,1,1,7,42
261,21,12793688,27133,19674,24275,460018,69770,71537,374170,84581,9177621,1648481,29555,79069,237871,153304,110169,226460,1,4608,4516,10,10,10,10,10,1,1,10,44
262,22,10587748,27503,20937,11639,484630,71274,46613,239282,94888,7497140,1317279,24946,72588,205538,130927,113300,229264,1,3686,3674,8,8,8,8,8,1,1,8,12
263,23,10577133,26268,17704,14351,470042,62103,50494,370291,93748,7447146,1243986,23469,77528,223455,132333,108082,216133,1,3686,3658,8,8,8,8,8,1,1,8,20
264,24,11671504,27451,18474,23364,470582,65817,70900,358488,93348,8244939,1483716,26950,77010,224476,140652,109702,235635,1,4147,4049,9,9,9,9,9,1,1,9,50
265,25,9375370,25594,18073,22942,476709,49954,62410,290112,84446,6443065,1239950,21324,75569,164566,109750,107482,183424,1,3226,3166,7,7,7,7,7,1,1,7,40
266,26,10548177,26825,20366,23215,474583,59228,65597,315109,85235,7356627,1382829,24544,75677,192608,131167,105600,208967,1,3686,3610,8,8,8,8,8,1,1,8,44
267,27,4784721,28765,18043,29227,470647,21466,41710,211429,85501,2842294,558611,10213,86092,75706,48506,116001,140510,1,1383,1358,3,3,3,3,3,1,1,3,40
268,28,5941782,25458,15745,22947,454518,32673,46128,224881,95960,3772492,711529,13086,79132,111486,65229,107882,162636,1,1843,1809,4,4,4,4,4,1,1,4,38
269,29,9457585,25702,16827,15258,493237,51216,64346,241045,84265,6588268,1162573,20062,77006,205034,108459,105026,199261,1,3226,3202,7,7,7,7,7,1,1,7,19
270,30,5896835,33525,14837,21393,459727,32140,43473,221456,85234,3795882,687542,12126,76763,99793,65692,103296,143956,1,1843,1811,4,4,4,4,4,1,1,4,36
271,31,6999330,26064,15708,19799,478438,45629,47674,235210,85719,4631440,863678,15305,76676,119009,79358,105295,154328,1,2304,2265,5,5,5,5,5,1,1,5,34
272,32,11497466,26551,19424,11528,437124,64883,82552,256767,83194,8493852,1222842,26690,74565,231258,140597,121653,203986,1,4147,4134,9,9,9,9,9,1,1,9,12
273,33,14805254,26312,21743,20420,455072,92628,77065,387818,66587,11114478,1615713,34642,75434,290583,187762,113121,225876,1,5529,5439,12,12,12,12,12,1,1,12,38
274,34,10249934,28872,17818,8998,444899,61127,51967,237826,63725,7544040,1055743,24267,87830,196314,130814,109916,185778,1,3686,3680,8,8,8,8,8,1,1,8,9
275,35,12389290,25570,17765,15223,419967,70673,61337,324880,65114,9225718,1327821,28974,79111,248302,163122,104233,211480,1,4608,4554,10,10,10,10,10,1,1,10,28
276,36,8863010,24668,16826,8963,424675,49935,37102,198248,65258,6517106,863489,20203,69223,179369,111066,99528,177351,1,3226,3219,7,7,7,7,7,1,1,7,9
277,37,12449867,25855,22586,11857,432148,74187,55711,278116,67817,9443082,1230794,28060,79432,251832,165811,111603,170976,1,4608,4593,10,10,10,10,10,1,1,10,13
278,38,4710688,28676,15435,17341,444266,24469,31773,161772,67233,2870673,474517,10587,83754,77263,49967,114586,238376,1,1383,1372,3,3,3,3,3,1,1,3,22
279,39,5692044,27121,15383,18219,442323,31504,38244,191974,66038,3784926,548459,12853,93018,93041,62842,107437,158662,1,1843,1821,4,4,4,4,4,1,1,4,26
280,40,11262977,27242,18707,15316,447506,72445,56933,294495,67773,8265710,1218895,25158,81808,217520,135074,115296,203099,1,4147,4103,9,9,9,9,9,1,1,9,26
281,41,10168091,25591,26849,11661,426309,60897,46840,238583,65675,7492846,1057412,23707,76965,216738,123976,102067,171975,1,3686,3668,8,8,8,8,8,1,1,8,15
282,42,10161100,25396,16376,12377,427675,59356,48182,245781,66267,7415910,1091614,23069,82965,218417,123494,98623,205598,1,3686,3662,8,8,8,8,8,1,1,8,18
283,43,6638433,24272,14547,8438,419446,37315,29712,160177,65829,4643318,674370,14447,70307,122024,77846,100796,175589,1,2304,2300,5,5,5,5,5,1,1,5,7
284,44,17035258,26876,20682,21798,439388,101409,84994,441278,79108,12843248,1941921,41661,80097,325284,220380,112720,254414,1,6451,6332,14,14,14,14,14,1,1,14,43
285,45,9071538,26990,15327,15997,427669,51079,44013,236164,78178,6499773,963755,20575,78614,184659,111296,115259,202190,1,3226,3195,7,7,7,7,7,1,1,7,22
286,46,9195717,26623,17169,21170,434892,51846,55429,291277,67404,6540236,1003251,20034,82515,165147,118626,106342,193756,1,3226,3167,7,7,7,7,7,1,1,7,38
287,47,13651426,26854,20399,11782,450635,81111,64771,312503,66262,10229306,1434228,30752,100322,302348,176280,104958,238915,1,5069,5044,11,11,11,11,11,1,1,11,16
288,0,11447768,26722,19044,21919,434817,66238,69530,339117,67229,8334249,1167754,28524,95067,221044,140029,101366,315119,1,4147,4059,9,9,9,9,9,1,1,9,45
289,1,8007663,36101,18068,9295,433999,44987,36435,178495,68263,5769472,779561,17512,67007,155095,94621,106431,192321,1,2765,2761,6,6,6,6,6,1,1,6,7
290,2,9190425,25820,17486,8378,504631,52812,38797,202475,66494,6710479,882599,20385,70330,181276,114699,106207,187557,1,3226,3222,7,7,7,7,7,1,1,7,8
291,3,10028952,23817,17440,9539,439986,62647,48360,221357,66317,7428041,993529,31303,70900,192302,126026,101705,195683,1,3686,3678,8,8,8,8,8,1,1,8,10
292,4,3400846,24681,12262,22959,425388,11830,38040,186649,67737,1911377,312961,6573,74270,50923,34704,100756,119736,1,922,900,2,2,2,2,2,1,1,2,43
293,5,4511557,25474,11914,22414,420588,13356,43936,204337,67450,2821224,433490,8987,77367,74755,48231,102119,135915,1,1383,1352,3,3,3,3,3,1,1,3,42
294,6,10407584,26144,15079,23521,432286,47752,66454,332508,68752,7556818,1100226,23372,76404,203658,131415,97553,205642,1,3686,3606,8,8,8,8,8,1,1,8,46
295,7,6827811,24714,13102,24349,442028,28723,54520,272669,68055,4621725,722550,14096,77981,124882,76981,96095,165341,1,2304,2248,5,5,5,5,5,1,1,5,48
296,8,10109045,25628,15598,23003,430101,47094,62230,316153,69343,7257170,1110118,21237,75590,195125,119754,130679,210222,1,3686,3598,8,8,8,8,8,1,1,8,50
297,9,9211919,25479,14749,23333,423786,40195,57055,295013,69537,6615968,969349,20145,76138,167156,108005,97422,208589,1,3226,3155,7,7,7,7,7,1,1,7,45
298,10,8037296,32803,14575,23058,436943,35573,60868,300034,68976,5577664,866701,19208,74165,149157,94323,105706,177542,1,2765,2700,6,6,6,6,6,1,1,6,46
299,11,10189626,26244,16003,25543,423822,46698,67188,344490,68415,7341532,1095110,22822,77228,192325,119374,96726,226106,1,3686,3596,8,8,8,8,8,1,1,8,51
300,12,9002058,26075,14916,22850,438644,37984,68731,291718,67806,6404235,963670,20548,76323,165692,106820,94681,201365,1,3226,3153,7,7,7,7,7,1,1,7,47
301,13,16856357,27272,20085,23974,422780,80578,91030,468158,69235,12711177,1876019,36886,77012,355965,211545,96714,287927,1,6451,6296,14,14,14,14,14,1,1,14,54
302,14,13679163,26669,17596,26262,448732,61945,79672,395628,68289,10106396,1541845,31101,76444,269752,163998,97218,267616,1,5069,4938,11,11,11,11,11,1,1,11,55
303,15,13702303,27088,17631,21775,433264,62996,75792,376397,68067,10145607,1573803,32533,88143,250655,187119,94484,246949,1,5069,4958,11,11,11,11,11,1,1,11,48
304,16,15776231,24855,19031,22925,440692,77226,81049,439583,68991,11916736,1731867,35942,75837,297544,197209,97186,249558,1,5990,5851,13,13,13,13,13,1,1,13,51
305,17,11266367,24730,15713,21955,444700,53359,63420,324908,68628,8231151,1250391,25071,75587,227461,138612,95944,204737,1,4147,4059,9,9,9,9,9,1,1,9,44
306,18,7952107,25597,14856,23480,440203,35187,55150,275172,67735,5558111,852082,16292,78230,146049,91493,99788,172682,1,2765,2701,6,6,6,6,6,1,1,6,47
307,19,8006239,26322,14622,21876,416755,35819,54560,263438,69300,5581885,876316,25421,75272,154516,93902,130950,165285,1,2765,2711,6,6,6,6,6,1,1,6,42
308,20,12449062,25693,17253,34039,420899,61482,75449,379891,68189,9157501,1373628,26487,75315,245626,153662,95403,238545,1,4608,4488,10,10,10,10,10,1,1,10,54
309,21,13580827,25846,19251,23984,440850,63693,78259,403245,90811,10019050,1535720,31740,76318,260053,169013,95491,247503,1,5069,4943,11,11,11,11,11,1,1,11,53
310,22,11388521,24919,16421,9001,430930,54637,47045,282215,66933,8482579,1196338,24813,68531,221092,143888,95315,223864,1,4147,4134,9,9,9,9,9,1,1,9,12
311,23,10424005,24818,15900,12474,436856,52953,48637,262420,68210,7618280,1096083,24785,75641,221611,129000,95259,241078,1,3686,3662,8,8,8,8,8,1,1,8,18
312,24,6813474,25519,13629,27022,424144,31589,54287,266435,75719,4592910,725155,14581,77180,128568,89219,98708,168809,1,2304,2247,5,5,5,5,5,1,1,5,51
313,25,15859236,25307,18979,22894,432365,79531,82997,434346,90457,11911582,1752266,37708,76514,315104,204856,95450,278880,1,5990,5852,13,13,13,13,13,1,1,13,51
314,26,12481960,26192,16300,26502,433944,61696,75925,390094,67694,9111548,1376630,28608,88348,256920,160131,95892,265536,1,4608,4482,10,10,10,10,10,1,1,10,59
315,27,8969834,24768,14627,24276,450505,41667,61558,316129,68620,6348182,949026,18519,77420,180556,106232,98759,188990,1,3226,3152,7,7,7,7,7,1,1,7,49
316,28,17987988,26774,20575,23889,434683,86329,99675,477895,68002,13647767,2029658,38778,96552,360583,217800,96165,262863,1,6912,6747,15,15,15,15,15,1,1,15,54
317,29,12414111,24909,17037,15092,431075,61406,59079,311326,68634,9241139,1365295,28195,74659,246961,150696,96540,222068,1,4608,4561,10,10,10,10,10,1,1,10,24
318,30,12319888,26029,16873,24256,425225,62389,75910,379207,68463,9073820,1342272,26563,74372,247855,149641,97420,229593,1,4608,4493,10,10,10,10,10,1,1,10,54
319,31,12417058,42753,17094,24025,422757,61036,74971,359665,70464,9054372,1406981,25898,75642,234328,149665,112833,284574,1,4608,4504,10,10,10,10,10,1,1,10,49
320,32,10131956,25530,16658,10430,433582,53351,43200,224839,67413,7468084,1044066,23572,72505,193602,122226,110441,222457,1,3686,3676,8,8,8,8,8,1,1,8,11
321,33,13340762,25829,17356,23700,429434,64933,71392,375243,68306,9967867,1430694,30837,75716,256219,168476,108391,226369,1,5069,4955,11,11,11,11,11,1,1,11,49
322,34,12359039,26222,17160,9490,422906,63700,49164,267527,66839,9303797,1317916,27948,81542,244291,154214,97700,208623,1,4608,4598,10,10,10,10,10,1,1,10,11
323,35,13526289,26250,17892,16313,448748,67048,66222,342902,69127,10180050,1427235,30188,78136,237672,164557,98491,255458,1,5069,5008,11,11,11,11,11,1,1,11,30
324,36,11356500,24405,18002,8865,423229,59146,46823,247396,68110,8503125,1188803,27191,72057,220926,144542,100175,203705,1,4147,4135,9,9,9,9,9,1,1,9,11
325,37,11296373,23956,16512,10244,451546,58407,48698,256094,68818,8507917,1110223,25928,72120,224107,140083,98230,183490,1,4147,4132,9,9,9,9,9,1,1,9,13
326,38,12603790,28060,20684,17451,437899,64230,63010,339553,78207,9353267,1339416,27886,81028,218244,152011,102401,280443,1,4608,4546,10,10,10,10,10,1,1,10,32
327,39,9301549,26739,19047,25610,461844,42111,66774,283984,68370,6595440,985360,19475,85869,152140,107493,98141,263152,1,3226,3183,7,7,7,7,7,1,1,7,31
328,40,11396298,27026,17073,17332,436859,58252,57581,304569,69667,8341516,1200974,24405,93305,199375,163502,112158,272704,1,4147,4100,9,9,9,9,9,1,1,9,27
329,41,13622813,24825,18790,13162,436521,68834,57462,311405,67866,10339437,1380347,31535,73413,299794,171875,95833,231714,1,5069,5037,11,11,11,11,11,1,1,11,19
330,42,10123770,24269,15641,13735,465548,52222,47100,261871,69239,7370028,1026785,22736,76368,210724,119546,95634,252324,1,3686,3656,8,8,8,8,8,1,1,8,21
331,43,5556179,25244,13061,8896,425800,27751,24344,131691,67746,3758985,525205,11801,76269,96634,60170,97397,205185,1,1843,1840,4,4,4,4,4,1,1,4,7
332,44,19182420,27155,20002,22145,428624,85502,109676,486843,68757,14617466,2141478,44318,79657,385548,251832,96370,317047,1,7372,7220,16,16,16,16,16,1,1,16,48
333,45,7924947,24911,14256,13530,426477,30610,40633,207268,68848,5599788,818071,16751,75829,173328,91677,95662,227308,1,2765,2742,6,6,6,6,6,1,1,6,19
334,46,19259861,28018,20562,22957,425357,75710,95186,479087,68977,14723674,2166071,42463,94416,372716,245400,97216,302051,1,7372,7220,16,16,16,16,16,1,1,16,48
335,47,12361850,24303,16550,10962,411052,49592,52873,305875,68456,9317631,1284646,26829,76186,256664,152876,97088,210267,1,4608,4590,10,10,10,10,10,1,1,10,14
336,0,17965886,35171,19999,25759,433081,71930,91716,469463,69277,13711133,1908524,38312,78992,365324,221717,98524,326964,1,6912,6742,15,15,15,15,15,1,1,15,55
337,1,9039055,25958,16170,8470,431067,36136,36722,209540,69167,6593185,930101,20219,67766,162591,107797,109597,214569,1,3226,3221,7,7,7,7,7,1,1,7,8
338,2,10053448,24266,16286,8426,428502,38859,40436,218557,68288,7496297,1015583,22820,65827,193562,123736,98644,193359,1,3686,3680,8,8,8,8,8,1,1,8,9
339,3,8945482,25657,15895,9473,417391,37090,37771,205880,68529,6575916,886071,19682,84234,167739,107019,99982,187153,1,3226,3221,7,7,7,7,7,1,1,7,9
340,4,6816908,25663,15436,24839,429768,26306,53227,261221,70452,4619582,725600,15352,75168,122839,83870,100006,167579,1,2304,2242,5,5,5,5,5,1,1,5,49
341,5,4533211,26138,12369,23923,432769,16508,42927,213496,68902,2785718,448269,9122,93009,76032,47353,98243,138433,1,1383,1351,3,3,3,3,3,1,1,3,46
342,6,9147973,25468,15923,24217,434724,36976,59670,300360,74780,6458189,1040313,20297,77277,174662,107433,101662,196022,1,3226,3149,7,7,7,7,7,1,1,7,48
343,7,6888956,26218,14336,21794,437873,26599,48250,243991,69901,4665382,784182,14703,77080,122113,76856,98570,161108,1,2304,2256,5,5,5,5,5,1,1,5,41
344,8,14689704,26424,17972,24826,433314,59236,91607,430449,70382,10929678,1631339,31198,88518,308832,178770,96924,270235,1,5529,5376,12,12,12,12,12,1,1,12,59
345,9,9187639,26862,15787,23328,429501,36134,59074,290399,69781,6532781,1008385,20248,92341,167412,110094,98030,207482,1,3226,3157,7,7,7,7,7,1,1,7,44
346,10,15884524,26602,20043,35216,437078,63512,84357,443595,70155,11887270,1819740,34154,76025,306234,201018,98914,280611,1,5990,5852,13,13,13,13,13,1,1,13,51
347,11,14647261,26366,18993,25431,427857,59364,80233,448996,77465,10819611,1692214,33707,80258,288430,180685,97146,290505,1,5529,5388,12,12,12,12,12,1,1,12,55
348,12,9056099,51449,15082,25350,421184,35783,61237,305454,70200,6400393,997984,20003,75060,172616,106467,98802,199035,1,3226,3143,7,7,7,7,7,1,1,7,52
349,13,12408472,25286,17207,24935,433687,50711,73141,381840,70436,9087536,1411077,26320,77306,240820,149105,95916,243149,1,4608,4492,10,10,10,10,10,1,1,10,54
350,14,12519313,26337,17238,25736,432431,52878,76787,380143,70719,9169609,1402664,26906,90807,247872,151972,95457,251757,1,4608,4491,10,10,10,10,10,1,1,10,53
351,15,10238694,26866,16000,24123,420078,40509,66726,333626,70913,7325810,1194969,21375,75624,192679,123854,96497,209045,1,3686,3596,8,8,8,8,8,1,1,8,51
352,16,10286265,25901,15925,22060,438761,40656,60739,314405,71295,7417025,1150774,22819,78108,194980,126253,96313,210251,1,3686,3606,8,8,8,8,8,1,1,8,46
353,17,11389430,35746,16819,22831,433265,46330,67527,383884,71808,8230687,1310550,25639,74119,211316,137400,98258,223251,1,4147,4051,9,9,9,9,9,1,1,9,48
354,18,9254248,26473,15225,26283,429983,39258,63273,317056,70025,6547861,1010084,19965,78043,181187,108513,97585,223434,1,3226,3146,7,7,7,7,7,1,1,7,52
355,19,14851783,26321,17520,23408,420373,58827,78151,410651,71232,11109103,1703576,33058,89924,286634,176455,94887,251663,1,5529,5403,12,12,12,12,12,1,1,12,50
356,20,10269183,24581,15500,23288,441174,41229,65643,330762,70289,7394678,1150169,23770,76528,193152,122760,95113,200547,1,3686,3600,8,8,8,8,8,1,1,8,49
357,21,10231541,26668,16385,24586,431159,41015,65868,334498,71324,7343537,1158615,21573,74045,192245,121842,96342,211839,1,3686,3596,8,8,8,8,8,1,1,8,51
358,22,11362040,24227,16646,9553,432219,47913,52321,266415,70562,8425356,1226502,25458,68277,223541,138377,95131,239542,1,4147,4134,9,9,9,9,9,1,1,9,12
359,23,10265905,24183,16146,13755,476447,42676,48691,251201,70616,7483913,1063050,22617,78778,220410,122955,97567,232900,1,3686,3658,8,8,8,8,8,1,1,8,20
360,24,9057904,25045,14841,23615,458077,39307,60050,303619,70294,6420676,970994,19812,76992,176831,106258,95519,195974,1,3226,3145,7,7,7,7,7,1,1,7,51
361,25,19255345,26540,21379,25941,421681,89629,103496,516739,72189,14588990,2230768,42650,76190,377597,237112,99802,324642,1,7372,7180,16,16,16,16,16,1,1,16,58
362,26,11444354,26936,30004,27027,433792,48697,77826,387831,71215,8240797,1304186,25197,78533,221305,135867,99794,235347,1,4147,4035,9,9,9,9,9,1,1,9,58
363,27,13632773,23777,17641,23575,426422,56995,78261,400382,71506,10085624,1578499,30930,74218,262706,172989,95507,233741,1,5069,4944,11,11,11,11,11,1,1,11,53
364,28,13696786,25174,18351,24293,426004,57677,76475,392998,70721,10135990,1584441,31265,75016,265348,175432,95199,242402,1,5069,4947,11,11,11,11,11,1,1,11,52
365,29,15884021,26645,19088,15685,424263,67079,70241,373200,79450,11991725,1800344,34650,77504,315251,195646,101417,291833,1,5990,5928,13,13,13,13,13,1,1,13,27
366,30,18288782,25762,20607,23282,422241,79102,97903,486955,72586,13850041,2085756,42714,74837,372261,235482,94901,304352,1,6912,6736,15,15,15,15,15,1,1,15,56
367,31,20480361,25712,21727,25616,440358,89495,102274,528422,90323,15584277,2366486,45198,77330,407873,260651,95370,319249,1,7833,7632,17,17,17,17,17,1,1,17,57
368,32,11370466,25088,16632,10340,425652,50889,47537,262317,71056,8460315,1223348,24553,67063,222858,140638,98224,223956,1,4147,4134,9,9,9,9,9,1,1,9,12
369,33,21590315,25768,22683,25720,429057,96072,111361,569117,71683,16535710,2435073,48871,75707,447141,271688,98769,325895,1,8294,8078,18,18,18,18,18,1,1,18,59
370,34,15993344,25931,19477,9804,429937,70963,63145,340141,70907,12266500,1711391,35346,78980,318503,201166,109152,242001,1,5990,5969,13,13,13,13,13,1,1,13,15
371,35,18178739,25741,19937,16065,427595,80123,82739,422091,72387,13993400,1944974,40146,79736,342369,228050,99527,303859,1,6912,6824,15,15,15,15,15,1,1,15,33
372,36,11278690,24337,17061,9847,421939,51856,47441,274239,70323,8459242,1138803,24492,72897,221067,138815,97861,208470,1,4147,4135,9,9,9,9,9,1,1,9,11
373,37,12453116,24952,17237,10140,423326,56481,52973,273284,70496,9456489,1255695,27224,74277,253781,151613,97586,207562,1,4608,4590,10,10,10,10,10,1,1,10,14
374,38,15925055,26121,20097,17453,415269,71338,74301,382991,71053,12117392,1731711,37195,79586,292567,195000,95718,297263,1,5990,5912,13,13,13,13,13,1,1,13,33
375,39,15825371,26850,21108,21674,419565,70217,78457,415243,71294,11966174,1757517,35174,80621,286385,200878,106943,267271,1,5990,5888,13,13,13,13,13,1,1,13,40
376,40,15502252,27733,18211,16307,459755,72686,73823,377738,90164,11637286,1760216,35678,82595,302251,191002,96780,260027,1,5529,5469,12,12,12,12,12,1,1,12,28
377,41,9185586,24738,14809,11223,462955,40240,41013,225786,71339,6574063,985717,27822,72769,180633,109749,96191,246539,1,3226,3206,7,7,7,7,7,1,1,7,17
378,42,11379319,24892,15774,13459,423312,49950,53578,285251,70712,8442419,1193909,24096,78179,224589,135136,95755,248308,1,4147,4110,9,9,9,9,9,1,1,9,23
379,43,11375804,25011,16480,10621,425976,52068,50493,255272,70171,8503481,1150753,23330,72762,235681,147578,99174,236953,1,4147,4132,9,9,9,9,9,1,1,9,13
380,44,12426255,26002,17659,23250,432691,54934,77494,363888,72408,9195011,1297472,27841,78376,241561,154622,108027,255019,1,4608,4507,10,10,10,10,10,1,1,10,48
381,45,15059255,25845,18698,14286,448144,64841,66396,356642,71269,11357951,1669328,32889,74611,287595,190943,96285,283532,1,5529,5478,12,12,12,12,12,1,1,12,25
382,46,13720418,25152,18950,22015,420727,61170,83136,383212,86345,10120248,1618605,32405,78681,251210,169654,95985,252923,1,5069,4971,11,11,11,11,11,1,1,11,43
383,47,13791556,25614,17876,11586,441523,60524,57391,296737,71961,10332682,1566158,30184,76682,272500,174809,96352,258977,1,5069,5045,11,11,11,11,11,1,1,11,16
384,0,30752398,27034,26659,28002,437897,152859,143987,754170,71745,23652126,3579480,68888,82471,686097,402296,98859,539828,1,11980,11608,26,26,26,26,26,1,1,26,72
385,1,19276917,24913,21050,9740,439710,84375,77645,402997,69428,14905286,2112123,42247,71683,404344,244851,94809,271716,1,7372,7344,16,16,16,16,16,1,1,16,17
386,2,14715991,24781,18757,9459,424681,72613,60244,306786,71449,11308026,1462982,32493,70464,284291,182627,112128,274210,1,5529,5514,12,12,12,12,12,1,1,12,13
387,3,11276609,24491,16107,8712,426452,51502,44888,245399,81309,8464742,1122941,25296,73373,218489,147080,96487,229341,1,4147,4137,9,9,9,9,9,1,1,9,11
388,4,12435501,26558,17541,22493,431014,56113,70420,361856,71944,9267960,1309567,26662,76464,240901,151945,96197,207866,1,4608,4505,10,10,10,10,10,1,1,10,47
389,5,14718217,26809,18233,23178,452909,66130,79737,409959,71785,10969704,1647686,32791,76283,296626,185318,96494,264575,1,5529,5403,12,12,12,12,12,1,1,12,50
390,6,10355049,25146,15803,23409,429541,45674,62512,329543,72328,7434806,1191409,23317,76871,208596,128895,97331,189868,1,3686,3606,8,8,8,8,8,1,1,8,46
391,7,14877052,24891,19806,24355,430803,67198,81806,408062,83686,11062693,1735392,32848,75849,289336,202110,95530,242687,1,5529,5406,12,12,12,12,12,1,1,12,49
392,8,20606462,26614,30159,24978,431380,94603,104002,545785,72851,15635427,2397540,45790,77299,441035,261505,96103,321391,1,7833,7623,17,17,17,17,17,1,1,17,60
393,9,13845486,35724,18200,25616,433463,73762,76824,386014,72039,10137935,1663491,30717,76020,282652,167858,98409,266762,1,5069,4942,11,11,11,11,11,1,1,11,52
394,10,20615970,26727,21431,23633,442735,93674,101659,524706,71693,15652777,2375503,46618,75233,420450,303786,98652,336693,1,7833,7639,17,17,17,17,17,1,1,17,56
395,11,19446084,26482,21813,26619,431529,88881,111887,530503,71839,14651442,2295455,42639,78429,404548,252861,104506,306651,1,7372,7168,16,16,16,16,16,1,1,16,61
396,12,14980298,26122,21083,25013,431785,77356,82810,429445,85585,11095398,1723618,35080,76223,300105,189209,102299,279167,1,5529,5394,12,12,12,12,12,1,1,12,53
397,13,13820178,28429,20349,35994,434201,62415,79925,399451,73741,10206553,1579735,30155,88871,273485,166546,101002,239326,1,5069,4946,11,11,11,11,11,1,1,11,52
398,14,15052606,27609,18792,24713,434654,69238,81931,418747,72734,11147519,1752094,34073,90143,297183,188425,101160,293591,1,5529,5388,12,12,12,12,12,1,1,12,55
399,15,10320971,25037,16469,23837,420059,46295,66006,347475,71950,7379302,1189094,23162,75766,194764,124609,103868,213278,1,3686,3598,8,8,8,8,8,1,1,8,50
400,16,17169677,26521,19670,24551,437460,81887,89813,461702,91495,12800326,2067496,41351,79108,358094,218619,98228,273356,1,6451,6296,14,14,14,14,14,1,1,14,54
401,17,16070558,25874,18077,24306,447766,76410,88946,435566,72675,11945047,1900594,36273,75802,329118,204111,117148,272845,1,5990,5841,13,13,13,13,13,1,1,13,54
402,18,6898060,26401,14109,24994,431828,30168,50813,258853,73083,4648505,767575,13924,75526,131168,77298,108136,165679,1,2304,2248,5,5,5,5,5,1,1,5,47
403,19,10345247,25707,16082,23554,433938,46947,64416,330183,72685,7470357,1141046,22078,77523,195592,132851,95204,197084,1,3686,3602,8,8,8,8,8,1,1,8,48
404,20,13657946,26881,18579,23044,439792,63336,76570,422532,73016,10070835,1540240,30229,95023,274881,167491,97211,238286,1,5069,4946,11,11,11,11,11,1,1,11,51
405,21,13789848,26296,31355,25361,435756,64359,74599,400054,72789,10199284,1566063,30334,88180,262357,164011,97183,251867,1,5069,4946,11,11,11,11,11,1,1,11,53
406,22,13880314,27200,19886,24318,485396,64674,55557,298225,72498,10368145,1580916,31360,78711,271621,175346,105938,220523,1,5069,5054,11,11,11,11,11,1,1,11,13
407,23,15817044,25826,20179,15558,443730,74041,77369,363937,72391,12027132,1677595,35480,78616,338166,197146,98440,271438,1,5990,5939,13,13,13,13,13,1,1,13,24
408,24,14887454,26385,19076,24499,440594,71524,84076,438388,72607,11092635,1667153,30954,80257,296403,180383,97577,264943,1,5529,5394,12,12,12,12,12,1,1,12,53
409,25,14749132,25915,18509,26798,430304,70377,90631,434328,73372,10950958,1653999,32928,78095,312812,179331,98817,271958,1,5529,5379,12,12,12,12,12,1,1,12,58
410,26,16123705,38794,22216,28909,436409,78607,89087,448578,72892,11910923,1839304,33438,77089,322134,291081,119221,315023,1,5990,5832,13,13,13,13,13,1,1,13,58
411,27,13811505,26382,20167,25050,438209,65034,78034,404417,73130,10240752,1545691,29497,76950,278435,168730,102796,238231,1,5069,4948,11,11,11,11,11,1,1,11,52
412,28,21706698,27179,26272,27695,438684,105782,108190,560666,74347,16544311,2466332,46689,93744,466519,274150,101774,344364,1,8294,8067,18,18,18,18,18,1,1,18,61
413,29,19586752,25190,21899,15302,459772,102382,86449,442683,73522,15024767,2207716,41622,78809,377565,237564,101653,289857,1,7372,7292,16,16,16,16,16,1,1,16,30
414,30,11520530,26225,19429,24184,438279,56481,68463,344106,72892,8366069,1318786,26624,76951,216672,136923,103320,225126,1,4147,4054,9,9,9,9,9,1,1,9,48
415,31,13740996,26067,19150,21775,448589,65714,88193,422664,73999,10143276,1569039,31177,78125,258683,167684,99375,227486,1,5069,4961,11,11,11,11,11,1,1,11,46
416,32,17370734,28305,29388,24967,430411,86347,70326,371704,72542,13300311,1900444,38572,89520,360896,220609,103489,242903,1,6451,6418,14,14,14,14,14,1,1,14,18
417,33,19455268,28557,23107,25019,434604,95357,94653,501588,74049,14828151,2181319,43392,93476,381576,241311,107935,301174,1,7372,7200,16,16,16,16,16,1,1,16,53
418,34,11472292,26943,16210,12743,444680,56559,47018,259207,71697,8510080,1227200,24908,95860,219540,138145,101120,220382,1,4147,4135,9,9,9,9,9,1,1,9,12
419,35,20889133,24452,21327,16536,430311,102244,92966,475937,73358,16116273,2351259,47052,78577,392885,267057,98319,300580,1,7833,7734,17,17,17,17,17,1,1,17,34
420,36,13722322,25399,17707,9944,446748,66898,54381,298833,72257,10406117,1448495,31585,79123,282398,169088,97152,216197,1,5069,5053,11,11,11,11,11,1,1,11,13
421,37,19313956,25600,20126,11319,435487,101435,92426,418892,74253,14943379,2029337,44545,77629,416543,248392,120329,254264,1,7372,7332,16,16,16,16,16,1,1,16,20
422,38,25043374,27023,25456,17241,434572,124852,110553,559511,73951,19538986,2729879,70088,83106,467875,311772,96473,372036,1,9676,9542,21,21,21,21,21,1,1,21,38
423,39,20521456,26231,21794,21942,423721,101750,98564,515779,72913,15712775,2363959,45736,94006,387686,259153,97645,277802,1,7833,7696,17,17,17,17,17,1,1,17,43
424,40,22648849,46144,22213,18097,440233,113919,100649,509251,74382,17498750,2599754,48043,80065,407176,279303,105272,305598,1,8755,8631,19,19,19,19,19,1,1,19,38
425,41,17402808,25364,19942,13400,447992,83994,75119,384252,72666,13195007,2019989,37966,73381,339922,210320,108560,294934,1,6451,6402,14,14,14,14,14,1,1,14,23
426,42,21609119,25692,21863,15453,432975,105188,87007,469230,72806,16772910,2353344,50724,76874,428643,276137,110853,309420,1,8294,8206,18,18,18,18,18,1,1,18,30
427,43,20554073,28415,27655,13060,457401,104082,78865,434868,73259,15920332,2152999,44369,88742,492616,252496,99437,285477,1,7833,7788,17,17,17,17,17,1,1,17,21
428,44,23868759,27456,23172,23681,429648,117547,114401,594268,94507,18263514,2708524,55599,85220,477664,305164,98967,449427,1,9215,9005,20,20,20,20,20,1,1,20,54
429,45,21781320,24620,22296,15288,429967,106659,91351,478202,72644,16773304,2528110,49717,81273,431719,272970,106854,296346,1,8294,8208,18,18,18,18,18,1,1,18,30
430,46,24971940,25998,22785,23671,442531,125261,119628,605449,73735,19188974,2896410,53707,82826,503024,312876,107335,387730,1,9676,9445,21,21,21,21,21,1,1,21,56
431,47,19570738,27054,21838,23420,460241,103775,75207,417491,71332,14986015,2188191,42716,86161,423900,250476,97770,295151,1,7372,7336,16,16,16,16,16,1,1,16,19
432,0,36177728,27218,34283,32143,429910,193503,194831,881739,74299,27979131,4199308,81570,82119,794987,453358,108337,610992,1,14284,13784,31,31,31,31,31,1,1,31,82
433,1,26351361,25470,25997,10256,436692,133338,104839,563851,146948,20533201,2928489,56991,73924,526008,330004,102484,352869,1,10137,10081,22,22,22,22,22,1,1,22,23
434,2,18205131,24176,20595,8892,443262,90872,70326,377504,71757,14118729,1891603,38527,70796,362565,227763,110546,277218,1,6912,6887,15,15,15,15,15,1,1,15,16
435,3,19165968,24762,20388,10525,431536,104871,78373,410108,72139,14909112,1973198,43138,70904,395171,238032,101608,282103,1,7372,7340,16,16,16,16,16,1,1,16,18
436,4,15912508,25080,18319,25294,448683,83861,90692,459058,73109,11982462,1741596,33304,75058,318620,200000,97933,239439,1,5990,5832,13,13,13,13,13,1,1,13,56
437,5,22675283,26417,23001,28381,497596,114784,118212,582280,73720,17217006,2656190,49529,77772,486561,278593,96853,348388,1,8755,8501,19,19,19,19,19,1,1,19,64
438,6,17037530,25175,19118,24120,451712,85301,90362,459848,73510,12763516,1994245,37943,76536,344863,205889,98658,286734,1,6451,6292,14,14,14,14,14,1,1,14,54
439,7,10558522,28237,16979,25727,448272,49566,67861,332076,74172,7495215,1258842,21983,94989,199071,126653,102516,216363,1,3686,3596,8,8,8,8,8,1,1,8,51
440,8,21641778,26131,21617,27155,431062,112636,108220,555537,74492,16359094,2602891,49431,77077,473490,270447,99234,353264,1,8294,8052,18,18,18,18,18,1,1,18,65
441,9,20390390,25031,20331,27802,435899,103436,111527,557488,73768,15355686,2429461,47770,76940,436100,253880,98497,336774,1,7833,7594,17,17,17,17,17,1,1,17,67
442,10,25001551,26326,25319,28078,446376,132204,124864,627732,74423,19066968,2963911,54015,76922,534552,309812,112800,397249,1,9676,9402,21,21,21,21,21,1,1,21,65
443,11,25076341,26251,25032,30655,435154,140036,129503,623304,83137,19074313,2985015,56257,79483,555256,318586,103637,410722,1,9676,9371,21,21,21,21,21,1,1,21,71
444,12,23878096,25849,23006,28700,436751,123689,115702,612251,73976,18101468,2863407,51611,79515,542025,305174,103859,391113,1,9215,8920,20,20,20,20,20,1,1,20,71
445,13,21618693,25190,22175,26556,457865,113271,126451,553074,74780,16361177,2529629,46705,76607,461434,276917,100366,366496,1,8294,8060,18,18,18,18,18,1,1,18,63
446,14,15945002,26797,18308,28377,430868,81045,90901,459373,85857,11787502,1873958,34794,80771,340911,193112,99150,313278,1,5990,5811,13,13,13,13,13,1,1,13,62
447,15,14958555,25808,18716,24459,460621,74485,82622,418733,73800,11041198,1789134,33619,75428,291869,182109,97180,268774,1,5529,5388,12,12,12,12,12,1,1,12,55
448,16,23824360,25323,23137,23965,437531,123698,111696,580716,74144,18348913,2747694,51246,78555,473025,295049,99164,330504,1,9215,8995,20,20,20,20,20,1,1,20,56
449,17,23762642,26472,22858,36299,447339,124489,114371,595407,74635,18173609,2762108,51762,75862,511335,297347,97707,351042,1,9215,8960,20,20,20,20,20,1,1,20,63
450,18,11467499,25532,17110,24123,431527,66292,68789,343028,75448,8307126,1324037,24879,76881,227105,136976,99088,219558,1,4147,4044,9,9,9,9,9,1,1,9,51
451,19,12658464,24996,16438,22336,446545,66295,67916,349205,74583,9300397,1464936,27169,75979,261096,155071,100040,205462,1,4608,4517,10,10,10,10,10,1,1,10,44
452,20,21687894,25283,22168,26177,429670,113862,114018,566424,74493,16511099,2525302,47495,76408,448485,282459,98866,325685,1,8294,8059,18,18,18,18,18,1,1,18,62
453,21,21563020,24786,22446,27091,431009,115195,109250,578888,75591,16374190,2522855,45949,76390,456983,263300,97923,341174,1,8294,8064,18,18,18,18,18,1,1,18,63
454,22,15055373,25039,20879,10880,444159,78840,59424,311125,73202,11402394,1665721,34858,71978,299566,192746,105565,258997,1,5529,5511,12,12,12,12,12,1,1,12,14
455,23,21807673,27237,24976,15839,445079,126759,101646,475811,76375,16727012,2524749,49630,75975,433943,273016,102996,326630,1,8294,8212,18,18,18,18,18,1,1,18,29
456,24,25005983,26514,23532,29459,434519,133457,122803,643545,75975,19047830,2885041,118453,79677,552867,312515,125211,394585,1,9676,9379,21,21,21,21,21,1,1,21,69
457,25,22819258,25708,32995,28379,448545,120530,120210,586403,76812,17280320,2709567,49379,78197,497900,280509,97395,386409,1,8755,8483,19,19,19,19,19,1,1,19,69
458,26,23883725,32951,23547,30096,442544,128758,122791,628799,76589,18082133,2847942,52674,77384,521602,296621,97731,421563,1,9215,8920,20,20,20,20,20,1,1,20,71
459,27,19440493,33790,22438,26977,436656,103781,103933,524874,75390,14589127,2324755,42421,76501,420029,241336,99412,319073,1,7372,7148,16,16,16,16,16,1,1,16,66
460,28,22945720,35651,22946,24389,433787,126636,111042,558041,75509,17479822,2772318,53175,79436,453616,298863,98438,322051,1,8755,8536,19,19,19,19,19,1,1,19,58
461,29,13909670,26205,18789,15873,440868,72705,64695,330159,75301,10365036,1559802,31166,76979,258366,181684,97166,294876,1,5069,5015,11,11,11,11,11,1,1,11,27
462,30,18323226,25366,20363,26065,437412,97321,94186,479009,74877,13791339,2100447,40013,186473,357927,223871,98651,269906,1,6912,6740,15,15,15,15,15,1,1,15,55
463,31,19438168,25214,20837,23719,434374,103172,102908,501506,75002,14725543,2299647,44135,102101,372776,240079,98733,268422,1,7372,7212,16,16,16,16,16,1,1,16,50
464,32,19579631,25277,21697,12819,442881,102996,80393,414789,73977,15011286,2231126,45233,75387,419430,246269,98184,277887,1,7372,7332,16,16,16,16,16,1,1,16,20
465,33,27485339,27253,27995,27841,466366,166697,141175,671476,77133,21143797,3159528,63134,76190,586854,347868,118675,383357,1,10598,10308,23,23,23,23,23,1,1,23,64
466,34,20823020,26847,21083,11703,440705,111709,85389,444132,75427,16056455,2319578,46290,72950,430508,261848,129147,289249,1,7833,7793,17,17,17,17,17,1,1,17,20
467,35,28373136,24742,26698,18111,436188,157326,119861,646630,74677,22235786,3137952,67217,79202,531369,377185,99275,340917,1,11058,10896,24,24,24,24,24,1,1,24,41
468,36,13683993,24454,17356,9113,430669,72402,52799,282569,73927,10316223,1510135,30710,75098,263533,171796,100879,252330,1,5069,5053,11,11,11,11,11,1,1,11,13
469,37,16021776,25492,19125,11013,434488,86984,65930,342176,75054,12260447,1669055,35646,75950,336040,205400,107674,271302,1,5990,5962,13,13,13,13,13,1,1,13,17
470,38,23909178,25404,22339,21344,433825,131814,107032,564946,76456,18430818,2702541,55523,82205,468480,307479,101128,377844,1,9215,9045,20,20,20,20,20,1,1,20,46
471,39,24917767,35252,23282,21024,442814,141202,114144,572434,74557,19208101,2913198,57760,85855,487943,312754,98552,328895,1,9676,9495,21,21,21,21,21,1,1,21,47
472,40,18354372,27033,20800,18209,459863,99957,83262,427725,76071,13919842,2141580,40494,90475,334293,234500,99437,280831,1,6912,6823,15,15,15,15,15,1,1,15,34
473,41,13930972,25551,17737,15666,438745,73903,68517,322397,74515,10390307,1555469,31420,72400,276943,181170,99390,286842,1,5069,5028,11,11,11,11,11,1,1,11,23
474,42,20959856,28020,30103,19901,514160,113893,87732,452286,74139,16094706,2307657,46771,77514,413263,266457,95875,337379,1,7833,7755,17,17,17,17,17,1,1,17,29
475,43,19511573,25135,20561,10676,440133,105256,77886,411894,74447,15074168,2126935,43701,73022,409357,243268,97516,277618,1,7372,7332,16,16,16,16,16,1,1,16,20
476,44,22835296,26852,21832,24786,440746,124178,109410,563735,76091,17471236,2595101,52203,83027,476604,295110,97636,376749,1,8755,8539,19,19,19,19,19,1,1,19,57
477,45,16236310,26632,21650,15653,448567,88022,69588,366172,74441,12164948,1878384,34260,77495,374243,198665,107226,290364,1,5990,5934,13,13,13,13,13,1,1,13,26
478,46,18336494,26864,22533,25778,440307,99264,105367,481212,76572,13765113,2162513,39273,83532,367281,223545,102890,314450,1,6912,6743,15,15,15,15,15,1,1,15,54
479,47,24012395,25829,24199,12743,431532,132156,101399,495925,82496,18625019,2723732,52062,80973,487770,289957,100582,346021,1,9215,9150,20,20,20,20,20,1,1,20,25
480,0,32929522,27294,28749,31040,444416,184544,156450,790056,76096,25440858,3823435,72647,82003,718451,409387,107977,536119,1,12901,12453,28,28,28,28,28,1,1,28,80
481,1,24215703,24838,23312,10020,444132,136729,96103,492891,74331,18833215,2686812,54260,67070,497760,305515,110409,358306,1,9215,9170,20,20,20,20,20,1,1,20,21
482,2,20523421,24703,22929,9963,439231,115350,82540,440006,74730,15983588,2101825,44936,71830,434487,266519,113592,297192,1,7833,7801,17,17,17,17,17,1,1,17,18
483,3,21942246,25734,24845,11058,455999,120629,87819,462572,74239,17190077,2222667,47670,74684,455467,279671,105353,303762,1,8294,8253,18,18,18,18,18,1,1,18,20
484,4,26293701,26723,27079,29761,442372,146830,124160,656788,80105,20147060,2995338,56691,76551,590213,341131,102683,450216,1,10137,9799,22,22,22,22,22,1,1,22,74
485,5,30997891,26374,28070,28770,470852,170643,157269,747907,75034,23723675,3825353,67658,77018,679810,379776,102300,437382,1,11980,11605,26,26,26,26,26,1,1,26,73
486,6,19404383,26548,22535,27726,441004,106624,102459,497256,86546,14631797,2260928,41542,78271,406335,236514,116190,322108,1,7372,7176,16,16,16,16,16,1,1,16,59
487,7,16393016,25961,20189,25624,461794,87858,88903,445061,75950,12170945,1977220,37183,76721,326517,199479,96197,277414,1,5990,5836,13,13,13,13,13,1,1,13,55
488,8,29793897,27179,27523,29261,455238,167371,163867,725358,75805,22771331,3644569,67045,76844,668920,376114,100388,417084,1,11519,11153,25,25,25,25,25,1,1,25,73
489,9,21800056,27626,22516,29360,452435,120109,114221,555489,76325,16467705,2617419,47449,87027,455444,265891,99178,361862,1,8294,8049,18,18,18,18,18,1,1,18,65
490,10,75606075,113963,104258,112457,656318,475146,322950,1764345,313878,57015752,9347905,178577,293718,1763007,982022,397817,1763962,1,11980,11603,26,26,26,26,26,1,1,26,73
491,11,38232641,34180,37065,38081,512635,216111,180060,1029337,98002,29016481,4754694,93351,96908,814437,477223,139640,694436,1,14284,13770,31,31,31,31,31,1,1,31,84
492,12,31162494,26292,28341,29126,446473,172004,144536,756972,117748,23823925,3815517,67755,78201,682134,388883,111923,472664,1,11980,11620,26,26,26,26,26,1,1,26,70
493,13,32228943,36889,31078,30395,446845,183012,152987,792331,79218,24706052,3870182,73508,78727,745715,410397,111796,479811,1,12441,12054,27,27,27,27,27,1,1,27,73
494,14,26441233,26791,25154,29486,452076,151111,132053,667571,77441,20058755,3196974,62218,79424,592867,333273,111344,444695,1,10137,9809,22,22,22,22,22,1,1,22,72
495,15,28740007,25288,25793,27899,436482,168951,135950,702839,76925,22034013,3469796,63219,76002,611158,355548,109304,420840,1,11058,10728,24,24,24,24,24,1,1,24,69
496,16,32308028,47095,28425,28824,442377,179457,154875,768362,81389,24723880,3988315,73754,77210,717613,411219,169881,415352,1,12441,12074,27,27,27,27,27,1,1,27,70
497,17,32907335,35951,28536,27959,447504,162583,154848,781878,78119,25316025,4012666,75063,79887,722467,413078,131868,438903,1,12901,12509,28,28,28,28,28,1,1,28,72
498,18,19509009,25528,20199,28220,445619,95773,101288,518690,77540,14666881,2331823,43834,78151,413549,235491,109252,317171,1,7372,7176,16,16,16,16,16,1,1,16,59
499,19,18388721,27734,19429,24364,464162,87807,94575,478146,77411,13821906,2191224,38913,78475,390407,224946,110288,258934,1,6912,6748,15,15,15,15,15,1,1,15,54
500,20,31198964,26380,26505,28137,434371,157838,153712,773073,77128,23941708,3789875,67663,77025,685817,426398,112357,420977,1,11980,11623,26,26,26,26,26,1,1,26,69
501,21,24285562,25702,22877,25815,450675,118453,120012,601697,79294,18510317,2932237,53521,77712,493628,305288,118322,350012,1,9215,8975,20,20,20,20,20,1,1,20,60
502,22,17243327,24473,20515,10560,443072,82750,66934,361518,76378,13145414,1936046,38390,69091,340711,212908,104484,310083,1,6451,6426,14,14,14,14,14,1,1,14,16
503,23,26200983,26456,25048,14381,440887,129520,105607,571578,79400,20412841,2951197,59187,84942,542170,326308,106171,325290,1,10137,10038,22,22,22,22,22,1,1,22,31
504,24,26233821,26132,24676,28064,439737,130712,132851,649400,78494,19972245,3162741,66649,78866,562758,342922,107769,429805,1,10137,9842,22,22,22,22,22,1,1,22,67
505,25,26570913,26177,26461,28342,450088,136907,134858,689075,78296,20143209,3253796,60148,76947,581027,342671,109654,433257,1,10137,9821,22,22,22,22,22,1,1,22,71
506,26,31099314,25115,26619,33131,436511,158107,152919,765463,89038,23792694,3767932,71374,77071,694084,398150,109742,501364,1,11980,11568,26,26,26,26,26,1,1,26,79
507,27,31982514,27273,27801,29782,473746,162730,148244,789850,77408,24505174,3885528,70783,78715,710509,392483,105383,497105,1,12441,12034,27,27,27,27,27,1,1,27,76
508,28,40894718,80328,63011,69556,441961,212016,175070,991613,168688,30672749,5007615,99710,178830,890185,505760,242728,1094898,1,12901,12502,28,28,28,28,28,1,1,28,73
509,29,24224500,26330,23732,15786,449724,120557,101384,537330,76960,18616786,2905164,53305,82365,459429,310478,115454,329716,1,9215,9100,20,20,20,20,20,1,1,20,35
510,30,27458487,26331,26417,26948,447687,140582,127876,676837,78560,20985463,3344588,61983,77713,581593,344403,122437,389069,1,10598,10301,23,23,23,23,23,1,1,23,65
511,31,21757422,26090,22951,25234,442742,106789,105441,566464,77341,16562903,2601770,48600,79492,438859,266277,105507,280962,1,8294,8099,18,18,18,18,18,1,1,18,54
512,32,19678643,24854,20794,11563,433016,105009,81513,420232,76920,15072324,2260274,42599,75767,408854,246182,103915,294827,1,7372,7332,16,16,16,16,16,1,1,16,20
513,33,34443446,27108,28518,28783,447881,175683,161754,821052,77747,26605628,4163121,78656,88552,742397,432860,104050,459656,1,13362,12964,29,29,29,29,29,1,1,29,71
514,34,20696394,25858,23194,10893,449375,104133,84512,442697,77434,15907933,2304407,47262,73792,470966,259441,111596,302901,1,7833,7797,17,17,17,17,17,1,1,17,19
515,35,36605937,25774,30699,28022,441316,188444,145064,803104,77415,28755253,4256112,91235,82407,722023,468668,107443,382958,1,14284,14064,31,31,31,31,31,1,1,31,46
516,36,15110164,26564,18741,10267,468999,74633,60088,319107,77104,11415310,1654399,33285,71770,294847,183982,127492,273576,1,5529,5511,12,12,12,12,12,1,1,12,14
517,37,20830558,24860,21822,11833,443713,102533,84057,534252,77179,16070379,2248359,46331,74242,432134,259694,111069,288101,1,7833,7792,17,17,17,17,17,1,1,17,20
518,38,31104344,26634,26993,22407,432986,142345,148025,708506,77919,24250168,3621296,68770,89756,602389,391403,106158,388589,1,11980,11753,26,26,26,26,26,1,1,26,50
519,39,22887068,35490,23042,21773,433149,107692,105537,569236,78309,17549891,2642642,50674,83243,435763,281973,118644,350010,1,8755,8588,19,19,19,19,19,1,1,19,47
520,40,29781805,25624,26930,20867,473358,128681,135188,685419,87316,23081692,3510870,75971,80462,566831,381048,106981,394567,1,11519,11310,25,25,25,25,25,1,1,25,48
521,41,23901705,25857,23721,13201,439179,114592,99027,508169,77682,18551680,2712480,54693,77705,469502,298115,107002,329100,1,9215,9135,20,20,20,20,20,1,1,20,28
522,42,21762224,25871,21364,15435,443707,94374,91734,481701,77583,16833000,2399783,46665,75199,440608,269771,105700,339729,1,8294,8201,18,18,18,18,18,1,1,18,31
523,43,13763173,24617,18332,9975,433303,57762,53367,306382,77884,10344221,1496121,31226,70986,279391,172007,107134,280465,1,5069,5047,11,11,11,11,11,1,1,11,15
524,44,19471964,26335,20855,27910,440823,92844,102162,511412,89752,14680489,2240017,42626,82978,421868,244563,106840,340490,1,7372,7172,16,16,16,16,16,1,1,16,60
525,45,25371385,33800,24311,15029,439924,111493,108767,557662,77604,19639055,2982217,59817,81761,496523,325356,105521,312545,1,9676,9564,21,21,21,21,21,1,1,21,34
526,46,20849990,27238,21848,26017,451517,96804,106423,547366,77928,15689305,2520793,47670,94962,414149,257445,105223,365302,1,7833,7642,17,17,17,17,17,1,1,17,55
527,47,21914787,26586,22540,12554,438028,93989,83879,455769,77736,16953634,2435049,57474,79134,446284,279695,114298,338138,1,8294,8245,18,18,18,18,18,1,1,18,22
528,0,36156538,26741,30275,31879,436469,163950,174940,879250,79815,27881713,4312221,83448,84891,793755,460590,119062,597539,1,14284,13746,31,31,31,31,31,1,1,31,87
529,1,24259324,24187,23720,10176,439030,104664,92942,501534,76875,18811467,2763456,55036,73215,494450,307787,105162,375623,1,9215,9170,20,20,20,20,20,1,1,20,21
530,2,21758305,25897,22217,10743,437077,93638,84531,466017,86893,16914885,2324184,50557,74805,449667,286393,103850,326951,1,8294,8258,18,18,18,18,18,1,1,18,19
531,3,21506359,25222,22175,11730,450161,91633,103683,462644,77279,16913058,2080134,49884,73603,454624,277087,104266,309176,1,8294,8253,18,18,18,18,18,1,1,18,20
532,4,26685896,26689,26300,27959,415034,124930,128892,671682,68341,20806416,2842254,62350,78410,584114,337349,107823,377353,1,10598,10276,23,23,23,23,23,1,1,23,69
533,5,26726554,25021,25609,27521,421909,118320,138229,667225,68990,20661368,2984588,62143,77500,590188,336447,103404,418092,1,10598,10276,23,23,23,23,23,1,1,23,69
534,6,22704663,24467,22446,24025,425470,101580,115421,560835,69348,17452625,2555894,55060,78571,476913,299769,105063,337176,1,8755,8551,19,19,19,19,19,1,1,19,54
535,7,13538878,25840,18015,23855,426252,57469,73205,387150,68709,10056416,1506323,29395,76888,268436,164974,103020,252931,1,5069,4941,11,11,11,11,11,1,1,11,53
536,8,27429980,26706,26433,29010,425455,123093,132667,682080,68868,21210190,3110747,63184,76445,612602,345242,103157,394101,1,10598,10272,23,23,23,23,23,1,1,23,70
537,9,23689810,24987,23001,27564,424449,109213,118422,606828,69159,18143202,2688584,53163,75567,524182,292554,104161,404774,1,9215,8940,20,20,20,20,20,1,1,20,67
538,10,27100655,28520,26744,28937,421737,123513,130302,666015,70857,20881580,3098867,63761,79642,606518,338150,105041,430471,1,10598,10274,23,23,23,23,23,1,1,23,69
539,11,33871158,27052,29093,33094,431080,155966,164258,827291,70081,26283294,3836916,75224,78449,738970,428679,101289,590422,1,13362,12881,29,29,29,29,29,1,1,29,83
540,12,28608007,25410,25985,29395,441436,131447,140259,726406,69346,22109440,3200840,63978,78491,637020,352355,104724,471475,1,11058,10710,24,24,24,24,24,1,1,24,72
541,13,32674103,26437,28781,29088,422171,155786,153954,790067,68863,25399431,3677536,73874,77223,742813,420584,106760,500735,1,12901,12488,28,28,28,28,28,1,1,28,75
542,14,24897913,26299,23311,28287,437625,123027,118429,630871,70057,19084707,2820299,55399,77652,560777,317476,113150,410547,1,9676,9365,21,21,21,21,21,1,1,21,71
543,15,13625693,26294,18071,26384,423069,61955,83258,414799,71190,10086234,1506902,27346,77544,276811,162287,112888,250661,1,5069,4931,11,11,11,11,11,1,1,11,58
544,16,28245655,26762,25397,27592,416120,110830,132525,681068,70164,21795997,3263704,64075,81096,643750,357743,107224,441608,1,11058,10728,24,24,24,24,24,1,1,24,69
545,17,44107416,28324,27492,27731,516872,177642,201055,1044204,70358,34620838,5002174,106995,89150,1033169,592652,106298,462462,1,12901,12495,28,28,28,28,28,1,1,28,74
546,18,15887328,25094,19043,26058,423070,61801,87415,452295,71113,11941669,1779215,35348,78551,330456,194286,100462,261452,1,5990,5834,13,13,13,13,13,1,1,13,56
547,19,15897816,24921,20015,26261,417563,61712,85939,437480,69746,11956125,1768489,40699,77186,341137,195876,110529,264138,1,5990,5837,13,13,13,13,13,1,1,13,56
548,20,24241782,26071,22684,27002,435516,98360,121397,623707,70262,18605154,2752108,58989,75579,544203,308958,124129,347663,1,9215,8935,20,20,20,20,20,1,1,20,68
549,21,24928403,26013,23583,28124,436606,101380,121912,645098,70505,19195359,2819840,58105,75808,550642,320473,102642,352313,1,9676,9395,21,21,21,21,21,1,1,21,67
550,22,16101063,24662,19616,10574,420157,64553,62245,340843,79211,12253837,1784579,36619,74626,337517,201694,103054,287276,1,5990,5964,13,13,13,13,13,1,1,13,16
551,23,22721852,25258,21823,13841,428925,90581,94684,505445,69988,17792408,2359157,49676,74490,475833,291095,103165,325483,1,8755,8672,19,19,19,19,19,1,1,19,29
552,24,28063731,26576,25969,27518,417654,114393,130422,687527,70407,21748444,3123020,63111,79615,622103,376506,103677,446789,1,11058,10716,24,24,24,24,24,1,1,24,71
553,25,26209191,26177,25503,28907,436648,109539,129948,669514,70043,20133310,2993434,62894,76443,596506,352334,103581,394410,1,10137,9824,22,22,22,22,22,1,1,22,70
554,26,30549643,27267,27609,29397,432065,142272,146585,767369,70754,23501644,3562150,67786,76830,701294,383806,109041,503774,1,11980,11576,26,26,26,26,26,1,1,26,78
555,27,22658856,26457,23383,26842,444097,90506,113552,581581,70963,17274516,2639404,56270,75554,480424,291331,103904,360072,1,8755,8498,19,19,19,19,19,1,1,19,66
556,28,35752533,27537,28705,30025,427898,147799,163040,853866,72738,27823849,4075309,81184,89821,817289,467870,115075,530528,1,13823,13373,30,30,30,30,30,1,1,30,77
557,29,21571137,28158,22143,16418,427036,88672,89404,482013,70307,16712997,2321532,47138,91795,431728,273196,101502,367098,1,8294,8202,18,18,18,18,18,1,1,18,31
558,30,21421974,25961,21836,24264,417415,89626,113007,549616,71954,16449448,2385251,48199,76305,464335,274433,104326,305998,1,8294,8079,18,18,18,18,18,1,1,18,59
559,31,18069927,26015,20342,24945,429952,73871,96948,479650,72112,13730962,2010879,39300,78860,373646,226591,101753,284101,1,6912,6736,15,15,15,15,15,1,1,15,56
560,32,18211793,25844,21374,11494,430954,74798,73874,395383,70761,14060854,1898785,41851,72711,386001,233944,105372,307793,1,6912,6875,15,15,15,15,15,1,1,15,19
561,33,27995362,25799,25811,26249,429490,121119,128516,711157,71891,21766886,3089655,63506,74545,601423,357030,105749,396536,1,11058,10746,24,24,24,24,24,1,1,24,66
562,34,22820788,25306,21882,11247,428372,93773,91525,480412,70413,17882657,2406339,51761,72578,485986,289560,104071,304906,1,8755,8706,19,19,19,19,19,1,1,19,22
563,35,27542229,26863,25010,17265,454040,118232,120041,621234,71799,21734575,2888161,62117,80119,517532,350110,104077,351054,1,10598,10440,23,23,23,23,23,1,1,23,41
564,36,18314732,26742,20403,10143,424214,77647,71198,389750,70793,14175325,1952643,40820,89793,365762,225762,103265,270472,1,6912,6883,15,15,15,15,15,1,1,15,17
565,37,23957023,26799,22888,11125,464870,103518,92706,516774,69997,18899111,2418832,53629,72943,499612,307111,108714,288394,1,9215,9160,20,20,20,20,20,1,1,20,23
566,38,43807045,44069,39627,42331,671783,154598,187772,1016626,150925,34355001,4404599,115445,177739,746851,556479,207752,935448,1,9215,9045,20,20,20,20,20,1,1,20,46
567,39,43778570,36674,35858,31578,448514,165177,173642,973654,122997,34864934,4533813,107673,146996,752370,589532,169441,625717,1,9676,9511,21,21,21,21,21,1,1,21,44
568,40,28882492,26869,27251,18074,437925,125509,124376,656582,72550,22557027,3324193,68158,85274,543729,364746,104525,345704,1,11058,10896,24,24,24,24,24,1,1,24,41
569,41,26284343,26146,35459,13035,443476,113597,105680,568570,70809,20712854,2784099,58213,76063,522161,332876,105152,316153,1,10137,10049,22,22,22,22,22,1,1,22,29
570,42,22676899,25081,22562,13937,430138,95323,103238,505996,71360,17755864,2308061,51320,74429,480387,309244,100890,329069,1,8755,8660,19,19,19,19,19,1,1,19,31
571,43,17097168,34612,19930,10433,467719,72672,70196,367775,72019,13188626,1738659,39881,75199,351234,212708,102380,273125,1,6451,6426,14,14,14,14,14,1,1,14,16
572,44,19191196,24971,20985,28141,429612,84560,105531,522052,72485,14603086,2050172,44054,82680,411330,259295,115085,337157,1,7372,7164,16,16,16,16,16,1,1,16,62
573,45,21620657,25185,22000,16413,425968,93093,91979,481877,72216,16751635,2351857,49281,78814,488541,270726,103968,297104,1,8294,8197,18,18,18,18,18,1,1,18,32
574,46,20477510,25221,29767,25435,420633,81785,109368,532671,72769,15600765,2286406,47081,83921,416960,263765,103899,377064,1,7833,7635,17,17,17,17,17,1,1,17,57
575,47,18184941,24570,21321,11056,432643,64853,73673,381595,71205,14064176,1921278,40038,75363,372065,234793,102848,293464,1,6912,6880,15,15,15,15,15,1,1,15,18
576,0,29414383,27111,26544,29528,422729,112291,142150,731904,71958,22714105,3285235,67766,82509,662976,398681,105001,533895,1,11519,11171,25,25,25,25,25,1,1,25,70
577,1,21615660,23938,21328,10135,415981,77596,84713,450062,70370,16889582,2286111,51714,71230,449861,280993,104582,327464,1,8294,8258,18,18,18,18,18,1,1,18,19
578,2,16735411,24137,19457,9510,427272,62555,69868,359980,70631,13104908,1562766,39773,70335,332544,215836,103875,261964,1,6451,6430,14,14,14,14,14,1,1,14,15
579,3,15794002,26148,19136,10466,431274,57694,65004,335476,70773,12202582,1525820,35628,74252,314796,198987,103325,322641,1,5990,5968,13,13,13,13,13,1,1,13,15
580,4,28647952,25147,25097,29975,420127,107886,143582,732246,72230,22177755,3174965,93642,75738,660529,380337,101452,427244,1,11058,10704,24,24,24,24,24,1,1,24,73
581,5,21877467,26997,22503,28534,419544,81710,115476,577617,71804,16588745,2534242,56458,77182,535298,285294,102445,353618,1,8294,8047,18,18,18,18,18,1,1,18,66
582,6,15977040,25468,19011,25886,438173,59428,90842,448873,72711,11949933,1816015,36573,77498,325097,201595,101674,288263,1,5990,5831,13,13,13,13,13,1,1,13,57
583,7,13649268,26615,18146,24828,430903,50272,76897,381349,72330,10114592,1564239,29541,78518,267761,169693,100864,242720,1,5069,4950,11,11,11,11,11,1,1,11,50
584,8,20590919,24678,20941,27101,435213,75821,109242,553414,72579,15586399,2395296,46717,76035,466833,257477,100922,342251,1,7833,7585,17,17,17,17,17,1,1,17,69
585,9,23720915,27719,24243,28664,450494,88724,123095,633045,72786,18114196,2690607,53957,80180,510176,304379,102282,416368,1,9215,8935,20,20,20,20,20,1,1,20,68
586,10,30733281,26593,26832,26855,423243,126888,141720,733330,73463,23722522,3627962,66209,79353,678957,403336,104467,471551,1,11980,11630,26,26,26,26,26,1,1,26,68
587,11,31925258,27530,27723,38256,439411,121439,149891,782156,73686,24670255,3710034,77821,76033,699473,414323,104612,512615,1,12441,12047,27,27,27,27,27,1,1,27,74
588,12,30855498,38128,40544,43343,428328,116838,148531,753278,73036,23759058,3570127,73702,111554,682265,416036,99346,501384,1,11980,11603,26,26,26,26,26,1,1,26,73
589,13,32985299,26260,28660,29260,427184,129422,163500,808070,73249,25557958,3822991,74831,76354,753341,429371,101804,483044,1,12901,12481,28,28,28,28,28,1,1,28,76
590,14,19606481,26298,21002,26374,476664,81249,102034,513038,83343,14853613,2217228,50443,79861,407712,240680,103533,323409,1,7372,7168,16,16,16,16,16,1,1,16,61
591,15,21912475,26787,23675,36126,431118,86803,113620,591164,74037,16748117,2479557,49711,75483,449447,281917,107076,337837,1,8294,8063,18,18,18,18,18,1,1,18,62
592,16,27694704,37711,25401,27178,1293128,116718,152048,684163,79050,20653625,3095818,60293,79525,557202,342944,111098,378802,1,10137,9860,22,22,22,22,22,1,1,22,64
593,17,20548834,25985,22019,26068,433836,79638,109460,537556,73575,15678305,2322298,51798,78395,433882,259163,103741,313115,1,7833,7616,17,17,17,17,17,1,1,17,61
594,18,14930855,25735,20013,26799,424555,57665,86908,427604,73686,11095903,1732755,33458,75692,307810,181301,109560,251411,1,5529,5385,12,12,12,12,12,1,1,12,56
595,19,12638794,25437,17727,25667,426162,48440,74200,370560,73427,9305235,1424826,28441,76108,256376,156946,102607,226635,1,4608,4495,10,10,10,10,10,1,1,10,53
596,20,35094345,44635,32014,49892,828345,138244,183088,1024135,129704,26654040,3915735,93930,147715,614294,513683,169494,555397,1,6912,6712,15,15,15,15,15,1,1,15,62
597,21,48365730,45464,37831,56366,718467,175326,254778,1408424,130344,37017686,5628927,158971,155467,873934,778891,174824,750030,1,9676,9365,21,21,21,21,21,1,1,21,73
598,22,33364436,47028,29780,19526,768565,115139,125210,807414,136822,25676758,3586791,103575,166450,559880,536287,190807,494404,1,6451,6422,14,14,14,14,14,1,1,14,17
599,23,52624073,59659,41523,23254,765326,202769,228082,1299165,140605,41290526,5697554,161755,159031,922591,880759,196325,555149,1,10598,10504,23,23,23,23,23,1,1,23,30
600,24,54501172,43885,44118,53236,695576,189936,241875,1333220,151014,42947040,5732903,157980,152072,1005430,788756,172354,791777,1,11058,10716,24,24,24,24,24,1,1,24,71
601,25,39225086,46182,34290,53757,724231,148618,198786,1167558,127091,29614581,4571470,129928,147120,719698,689498,177907,674371,1,7833,7602,17,17,17,17,17,1,1,17,65
602,26,39303796,46394,34875,54726,750997,145499,197542,1170462,130485,29826038,4495423,126452,153700,723715,632115,173144,642229,1,7833,7606,17,17,17,17,17,1,1,17,65
603,27,37166996,63259,31159,51346,702846,143669,190069,1017103,131844,28456612,3979470,99122,168546,664994,544508,286133,636316,1,7372,7156,16,16,16,16,16,1,1,16,64
604,28,43718388,44420,35058,51374,743828,163078,218186,1247429,132090,33417180,5027408,135069,152844,823566,691240,170506,665112,1,8755,8510,19,19,19,19,19,1,1,19,63
605,29,43453803,46980,38121,42021,752113,158782,173052,1102192,143896,34094827,4459733,120334,144442,754070,689291,203187,530762,1,8755,8663,19,19,19,19,19,1,1,19,31
606,30,23978087,43700,26701,44760,733360,88132,133923,766150,129016,17774528,2577031,67526,167683,428700,363321,179189,454367,1,4608,4487,10,10,10,10,10,1,1,10,56
607,31,33753437,45600,32968,45026,734066,121358,166803,932509,131477,25873832,3700985,92994,148417,571765,511032,164688,479917,1,6912,6760,15,15,15,15,15,1,1,15,50
608,32,37065586,37082,32789,14921,730681,136721,153555,871032,131466,28761535,4061914,124106,135245,649583,589048,192714,443194,1,7372,7340,16,16,16,16,16,1,1,16,18
609,33,53674395,40429,36832,42645,723929,194518,234627,1271653,137032,42830709,5373613,132950,121328,965561,711273,182076,675220,1,11058,10728,24,24,24,24,24,1,1,24,69
610,34,40216225,40184,30156,16092,725222,148749,142802,962207,135020,31812600,3935238,110072,130808,709541,672111,157438,487985,1,7833,7801,17,17,17,17,17,1,1,17,18
611,35,57477807,44386,42240,30655,706965,222330,245455,1478076,155595,45044875,6480058,170870,155651,961492,931172,175698,632289,1,11519,11349,25,25,25,25,25,1,1,25,42
612,36,30533080,58983,33403,17957,749174,115499,123730,717883,130730,23639017,3093984,84181,146769,518127,446772,185483,471388,1,5990,5967,13,13,13,13,13,1,1,13,15
613,37,41243250,40461,35383,18567,579841,117837,134686,726912,133293,33824013,3575671,101479,152186,631182,494718,185771,491250,1,7833,7792,17,17,17,17,17,1,1,17,20
614,38,35263168,37393,34802,28550,447639,102819,115174,634966,116975,29062084,2829313,71135,128992,474174,383676,263942,531534,1,6912,6792,15,15,15,15,15,1,1,15,41
615,39,43280668,43622,36123,37689,728891,160254,198384,1072215,138464,33646311,4737868,119640,151546,728871,620864,174136,685790,1,8755,8598,19,19,19,19,19,1,1,19,45
616,40,32927977,43079,31782,25625,742886,127317,148829,871682,130224,25103105,3746300,99165,150593,562956,517942,178767,447725,1,6451,6382,14,14,14,14,14,1,1,14,28
617,41,30483012,37972,28264,15875,761211,125164,126733,724994,136615,23365080,3339598,89654,128482,519375,472223,190113,421659,1,5990,5960,13,13,13,13,13,1,1,13,18
618,42,33026151,42197,29366,25293,904108,123042,139134,878410,137955,25575588,3195032,86197,125339,582964,515306,163244,502976,1,6451,6387,14,14,14,14,14,1,1,14,27
619,43,30581845,43544,32096,16612,712432,115435,121713,723273,132800,23574769,3223258,87669,142904,526053,459906,213475,455906,1,5990,5968,13,13,13,13,13,1,1,13,15
620,44,30578713,39561,30235,44605,718402,109116,153738,770294,131583,23762774,2878068,70573,166447,521067,391519,186320,604411,1,5990,5852,13,13,13,13,13,1,1,13,51
621,45,39512900,40969,36607,34644,715331,138996,155405,852338,133885,31348154,3863768,93997,160598,675697,503645,196918,561948,1,7833,7750,17,17,17,17,17,1,1,17,30
622,46,30949386,48751,30587,41919,724040,118331,151664,798121,134351,23893685,3101882,72008,158832,508495,387282,179381,600057,1,5990,5855,13,13,13,13,13,1,1,13,50
623,47,41761441,40304,35697,17786,763131,158245,164521,877831,136976,33082081,4192986,103571,155050,731992,565818,182049,553403,1,7833,7792,17,17,17,17,17,1,1,17,20
624,0,65504379,42337,50401,56230,726144,252846,292399,1700734,147102,51290734,7076840,176765,162220,1278041,945769,183971,1121846,1,13362,12947,29,29,29,29,29,1,1,29,74
625,1,26082891,40600,28965,11783,742275,96644,100564,557981,132629,20072968,2634099,66027,142099,435166,352137,186865,482089,1,5069,5059,11,11,11,11,11,1,1,11,11
626,2,17309474,38266,24602,13587,719058,64762,65822,408282,130885,12938616,1587391,41636,137525,294732,221846,188346,434118,1,3226,3221,7,7,7,7,7,1,1,7,8
627,3,32778314,39143,29805,15614,711454,121290,125615,730482,130134,25586795,3283211,82304,147312,600302,452919,186157,535777,1,6451,6426,14,14,14,14,14,1,1,14,16
628,4,50157049,40986,39284,49021,728211,197895,236910,1329908,146709,39030836,5531491,126592,157403,898375,681995,176922,784511,1,10137,9825,22,22,22,22,22,1,1,22,69
629,5,46246617,44850,43964,65448,731838,179587,210438,1321965,185612,35874911,4729322,114143,176695,865609,686702,209371,806162,1,8755,8491,19,19,19,19,19,1,1,19,67
630,6,33187765,37918,33006,45705,743309,122326,178534,926332,133879,25335216,3637908,90026,145038,598868,429399,186875,543426,1,6451,6285,14,14,14,14,14,1,1,14,56
631,7,25455356,37016,27713,49631,647224,94117,139551,765063,144466,19005932,2862858,69781,160207,467112,369899,183420,431366,1,5069,4942,11,11,11,11,11,1,1,11,53
632,8,44045008,42203,33620,49927,726329,171397,222895,1263374,132323,33577242,5121901,131670,143408,815523,678033,183966,751197,1,8755,8501,19,19,19,19,19,1,1,19,65
633,9,43172494,63286,39142,58791,725135,162359,215166,1180902,151800,33258291,4729712,106640,142150,812914,597293,202511,726402,1,8755,8479,19,19,19,19,19,1,1,19,69
634,10,52703491,46990,43156,57165,673403,206839,257688,1472883,136761,40413275,6197459,161435,150232,993148,819996,189044,884017,1,10598,10245,23,23,23,23,23,1,1,23,74
635,11,44632121,42133,32986,47314,677360,181235,228855,1271986,129307,34045044,5240167,127042,117338,836015,665870,180632,808837,1,9676,9381,21,21,21,21,21,1,1,21,68
636,12,55095590,45035,42282,47947,719282,224737,272544,1412917,131454,42624125,6430294,173010,153550,1022170,830630,194265,771348,1,11058,10752,24,24,24,24,24,1,1,24,65
637,13,56736167,41573,40916,64458,839517,234074,266944,1589286,137332,44534257,5839465,145306,122380,1106858,856796,167530,749475,1,11058,10692,24,24,24,24,24,1,1,24,75
638,14,42379953,47015,39325,56625,720388,167662,210257,1233225,146637,32194672,4900136,142995,154627,792032,675138,182621,716598,1,8294,8033,18,18,18,18,18,1,1,18,68
639,15,51088083,45920,40268,54599,754461,206488,252671,1412148,135039,39247296,5984844,155641,154529,940989,791276,189245,722669,1,10137,9826,22,22,22,22,22,1,1,22,69
640,16,48708901,46441,40113,54871,747647,193008,236231,1357172,135575,37455082,5620727,144964,154443,882956,736916,172087,730668,1,9676,9389,21,21,21,21,21,1,1,21,67
641,17,53766737,49717,40970,50086,788215,204659,241484,1355039,140342,41997443,5992569,156634,182947,946466,805455,203494,611217,1,8294,8073,18,18,18,18,18,1,1,18,60
642,18,26394321,41776,27285,49260,737389,102288,145185,841880,135429,19668520,2959975,77029,144929,445935,400869,173522,443050,1,5069,4937,11,11,11,11,11,1,1,11,57
643,19,16794632,25976,18004,24797,444463,69701,88753,441051,75763,12656809,1975917,39366,77735,312800,196423,110784,236290,1,5529,5397,12,12,12,12,12,1,1,12,52
644,20,36761557,41517,33430,52787,708691,143310,206847,1073464,133430,27968124,4178632,104868,145772,667628,530540,186451,586066,1,7372,7144,16,16,16,16,16,1,1,16,67
645,21,54845790,42974,42392,53459,776393,212647,258788,1341758,127419,42737011,6230892,134435,149825,990482,730477,180548,836290,1,11519,11171,25,25,25,25,25,1,1,25,71
646,22,39794791,42951,30245,21035,749029,155519,148513,956985,135471,30861576,4355289,119253,140415,691808,624984,172649,589069,1,7833,7791,17,17,17,17,17,1,1,17,20
647,23,55174625,44569,42071,27687,736767,240808,230224,1389528,152116,43298229,5979388,164129,140261,1008347,926878,195929,597694,1,11980,11857,26,26,26,26,26,1,1,26,34
648,24,53958255,42389,51449,60739,736964,224545,261212,1511046,172590,41656806,6065331,161353,170377,1004844,845793,193937,798880,1,10598,10275,23,23,23,23,23,1,1,23,69
649,25,46303793,50763,41330,60529,756386,190346,232041,1344469,139339,35361482,5347300,144994,149638,852094,706891,197710,728481,1,9215,8915,20,20,20,20,20,1,1,20,72
650,26,53840913,41691,48039,56554,758436,217502,251860,1402558,133665,41962504,5840487,141649,153688,1008207,714335,190851,918887,1,11058,10680,24,24,24,24,24,1,1,24,77
651,27,57841466,46881,51371,70893,730734,235440,264133,1442054,156705,45364613,6402971,147337,141627,1063518,826145,181555,715489,1,9215,8925,20,20,20,20,20,1,1,20,70
652,28,46176777,43547,39837,55047,714141,181702,229251,1231703,131027,35725795,5225939,126223,153621,866321,648059,182893,621671,1,9215,8945,20,20,20,20,20,1,1,20,66
653,29,41603807,44926,35576,24172,740724,162806,171723,997127,148662,32192627,4741171,124915,146385,739929,649103,174212,509749,1,8294,8215,18,18,18,18,18,1,1,18,28
654,30,35068413,43468,32730,49706,762702,141515,175187,1009785,134033,26679054,3921980,101097,156470,646535,532478,178447,503226,1,6912,6717,15,15,15,15,15,1,1,15,61
655,31,45851347,46072,36089,52345,736807,188069,222968,1303378,137520,35089532,5374730,141634,154253,843234,711543,178403,634770,1,9215,8960,20,20,20,20,20,1,1,20,63
656,32,28184070,39347,30266,16005,734511,119316,120375,677044,147570,21387765,3137506,84006,145406,499445,414276,178317,452915,1,6912,6883,15,15,15,15,15,1,1,15,17
657,33,60022466,46895,46698,55389,763775,258183,281834,1576106,135757,46590301,6840136,193320,168054,1130846,943457,174666,817049,1,11980,11606,26,26,26,26,26,1,1,26,72
658,34,15131299,25092,18790,9295,448900,70311,61237,317818,74700,11382740,1720429,33087,77453,298363,197552,110201,285331,1,5529,5514,12,12,12,12,12,1,1,12,13
659,35,25080025,26697,24395,17724,433839,119368,112024,556925,75835,19562579,2763472,56781,82104,465404,315818,106263,360797,1,9676,9538,21,21,21,21,21,1,1,21,39
660,36,18437941,25694,20460,10478,439240,88447,77125,382605,74678,14210688,1987057,39593,83250,377644,222758,109041,289183,1,6912,6883,15,15,15,15,15,1,1,15,17
661,37,16966026,25003,19318,10506,431959,81526,69742,360797,83293,13083941,1730245,37754,70533,358690,225230,106340,271149,1,6451,6423,14,14,14,14,14,1,1,14,17
662,38,20455979,26195,21593,22541,451345,97398,97078,510271,86205,15681140,2247891,45035,81619,388241,247832,102314,349281,1,7833,7678,17,17,17,17,17,1,1,17,47
663,39,23972809,25546,24206,21194,446742,114006,107141,570918,76634,18451508,2809989,52181,86890,464398,300480,105905,315071,1,9215,9045,20,20,20,20,20,1,1,20,46
664,40,29898251,26476,28890,18622,459778,151232,131106,660633,76662,23408924,3387514,66552,82490,580571,372634,116444,329723,1,11519,11345,25,25,25,25,25,1,1,25,42
665,41,21711690,25234,23527,11521,437266,109852,88002,472432,76202,16829346,2392949,51561,76959,454330,276373,107409,278727,1,8294,8245,18,18,18,18,18,1,1,18,22
666,42,20625346,26419,21042,16435,443459,101828,89024,472779,79099,15907989,2242562,48057,81130,413523,258896,108643,314461,1,7833,7751,17,17,17,17,17,1,1,17,30
667,43,20443008,26154,21583,11111,454008,100507,80491,434824,81917,15854661,2171481,55974,75742,430380,252633,104160,287382,1,7833,7795,17,17,17,17,17,1,1,17,19
668,44,19213341,26021,22447,24026,438675,92087,98953,478563,75862,14660345,2128763,41647,84061,385882,227550,104226,324233,1,7372,7204,16,16,16,16,16,1,1,16,52
669,45,21972944,27165,23520,16140,440490,105929,94819,496433,75846,16881601,2526255,47129,80013,443151,280019,108507,325927,1,8294,8202,18,18,18,18,18,1,1,18,31
670,46,21089667,35415,28047,35891,438797,99576,104020,539898,95089,15851474,2414080,50479,110102,413765,257169,139277,476588,1,7372,7200,16,16,16,16,16,1,1,16,53
671,47,24060795,25252,23949,11087,450819,113949,96541,500367,75808,18694125,2690656,53944,78350,490738,307607,101661,345942,1,9215,9160,20,20,20,20,20,1,1,20,23
672,0,39874403,25399,31670,30395,440818,179698,211678,996983,75480,31026507,4582727,87251,83903,875266,510775,102021,613832,1,15666,15136,34,34,34,34,34,1,1,34,81
673,1,21772655,25105,23152,10003,429490,90341,88889,446341,92962,16924970,2365992,45264,70101,465751,268645,100785,324864,1,8294,8258,18,18,18,18,18,1,1,18,19
674,2,15948996,25064,18883,9132,437554,67094,71339,331616,85696,12277251,1591204,36033,70159,318302,199025,103480,307164,1,5990,5971,13,13,13,13,13,1,1,13,14
675,3,16009532,25795,18767,9843,432542,74456,63361,334145,86048,12320827,1613509,34544,72995,326506,197683,104193,294318,1,5990,5968,13,13,13,13,13,1,1,13,15
676,4,29707951,25758,28269,27758,443708,127669,141387,715725,77310,23023111,3390592,65890,85027,662614,378566,102028,412539,1,11519,11169,25,25,25,25,25,1,1,25,70
677,5,26443949,25015,24484,28537,446118,114011,133113,638851,75981,20252577,3147086,59038,79282,566330,338960,100820,413746,1,10137,9843,22,22,22,22,22,1,1,22,67
678,6,20754133,25825,21140,27143,439282,97724,108051,531894,75925,15767497,2451189,45784,75030,427928,262738,99507,297476,1,7833,7622,17,17,17,17,17,1,1,17,60
679,7,26700860,26432,26916,25979,435719,117766,138040,646063,75969,20506919,3175946,66639,77723,576260,341111,104892,358486,1,10137,9873,22,22,22,22,22,1,1,22,60
680,8,24174168,26399,23840,27680,441762,110138,120299,613322,77822,18402121,2907316,53293,76513,526150,295913,116749,354851,1,9215,8935,20,20,20,20,20,1,1,20,68
681,9,30827682,25691,27627,29272,437188,143199,141168,747321,78283,23726833,3686565,76071,79595,674649,390678,112776,450766,1,11980,11615,26,26,26,26,26,1,1,26,71
682,10,26357969,26518,23615,28830,448382,122052,130982,659281,76603,20158334,3079552,59355,80606,605499,323833,95055,439472,1,10137,9802,22,22,22,22,22,1,1,22,73
683,11,32036065,27161,27454,29157,439184,140173,157023,773305,81702,24658654,3825154,72830,79317,710681,400634,96393,517243,1,12441,12046,27,27,27,27,27,1,1,27,74
684,12,38789996,25225,40261,27418,441191,170148,175070,895187,76271,30219941,4623904,80351,79884,838134,474117,96617,526277,1,15205,14747,33,33,33,33,33,1,1,33,74
685,13,35429750,25691,28963,31431,447975,168503,165895,850155,86573,27398411,4215907,78751,78254,809149,438732,96248,509112,1,13823,13373,30,30,30,30,30,1,1,30,77
686,14,38776351,26867,26068,29033,479377,171451,172337,865515,77373,30218780,4600898,96330,81385,925337,498232,99379,407989,1,10598,10265,23,23,23,23,23,1,1,23,71
687,15,19506522,25352,21075,28333,432024,86356,103324,528778,77833,14689816,2311674,41818,75413,423619,237274,119633,304200,1,7372,7152,16,16,16,16,16,1,1,16,65
688,16,63705036,31665,37961,44810,458753,235884,221685,1237206,115874,52485789,5810638,124579,137997,1212614,701224,162428,685929,1,10137,9852,22,22,22,22,22,1,1,22,66
689,17,25167587,26081,23538,27496,444026,110598,124722,623010,77769,19301897,2924060,55463,77473,543729,309784,108558,389383,1,9676,9382,21,21,21,21,21,1,1,21,68
690,18,19786824,26458,22738,25196,445264,87545,100114,518884,77829,14951197,2352044,42684,76373,400872,241132,102181,316313,1,7372,7184,16,16,16,16,16,1,1,16,57
691,19,20656655,26361,21294,25723,444827,93030,101656,519284,77626,15631568,2476112,44579,78860,439140,246871,100286,329438,1,7833,7633,17,17,17,17,17,1,1,17,58
692,20,21851254,26295,22878,27974,452624,96024,119201,573659,78519,16524823,2592389,48118,77765,479278,269246,96187,366274,1,8294,8036,18,18,18,18,18,1,1,18,68
693,21,23255856,25712,22514,27358,439114,104203,117673,599808,78808,17665371,2781452,50759,75893,509158,273786,108667,375580,1,8755,8480,19,19,19,19,19,1,1,19,69
694,22,17191268,25179,19890,11623,435752,75624,68147,361553,75715,13159155,1873526,36628,74951,360088,202597,95309,315531,1,6451,6417,14,14,14,14,14,1,1,14,18
695,23,24007082,24697,23985,13620,441211,109312,95668,509508,78011,18726965,2654317,52501,75163,487080,292280,94665,328099,1,9215,9130,20,20,20,20,20,1,1,20,29
696,24,28445736,26989,26062,29275,443433,127108,131489,693801,76798,21868081,3371528,58331,89258,627057,355000,94172,427354,1,11058,10716,24,24,24,24,24,1,1,24,71
697,25,40116740,34971,39657,54289,465343,153098,163417,874435,130043,31657586,4031146,83558,147032,781216,465567,175960,859422,1,10137,9783,22,22,22,22,22,1,1,22,77
698,26,29014557,26585,25547,30853,434790,131561,144688,720064,78829,22199461,3481717,64704,79175,644979,358677,97231,495696,1,11058,10674,24,24,24,24,24,1,1,24,78
699,27,23283851,26926,24480,29510,434603,107531,122972,615736,77377,17566470,2819719,54006,75852,527189,293405,98878,409197,1,8755,8465,19,19,19,19,19,1,1,19,73
700,28,29768786,26867,27226,31067,444846,144785,139005,736686,78889,22855557,3572140,68969,80258,661673,372242,96585,431991,1,11519,11153,25,25,25,25,25,1,1,25,73
701,29,30955864,24428,27417,16211,439190,137116,132180,644628,86564,24164447,3701216,66375,83636,603532,374454,96706,357764,1,11980,11834,26,26,26,26,26,1,1,26,37
702,30,25168506,26650,23463,25456,438186,101497,120309,628168,77949,19321779,2980289,56445,75482,525628,302711,100145,364349,1,9676,9418,21,21,21,21,21,1,1,21,62
703,31,19431533,25896,20567,26266,427631,79596,99714,500913,77895,14697610,2296006,49164,86605,397779,244208,98902,302781,1,7372,7180,16,16,16,16,16,1,1,16,58
704,32,16022235,24642,20378,10317,447880,63570,61635,336857,77318,12239310,1770572,33864,70866,318851,192723,97529,255923,1,5990,5969,13,13,13,13,13,1,1,13,15
705,33,44163480,26582,27928,29718,434180,177940,189076,969576,77161,34647562,5317906,104164,77347,970229,563709,94035,456367,1,12441,12045,27,27,27,27,27,1,1,27,74
706,34,23053336,25521,23530,9984,439286,92118,88673,478497,85635,17919095,2552893,49019,76712,508646,278546,95487,329694,1,8755,8714,19,19,19,19,19,1,1,19,20
707,35,29354774,25820,26337,17935,446579,122541,123946,650923,79612,23075790,3245299,61653,79932,549145,369430,95016,384816,1,11519,11336,25,25,25,25,25,1,1,25,44
708,36,17144039,26233,19678,9741,448896,66997,67291,354695,77217,13172739,1838770,36254,76594,350349,204895,97853,295837,1,6451,6426,14,14,14,14,14,1,1,14,16
709,37,18258536,23959,20273,10356,467700,74656,79742,383218,77512,14072898,1932990,40404,74161,395925,222694,94919,287129,1,6912,6879,15,15,15,15,15,1,1,15,18
710,38,25214458,27027,23572,19726,437626,105794,110036,565980,77393,19512102,2937469,54494,81868,464416,304633,94672,397650,1,9676,9511,21,21,21,21,21,1,1,21,44
711,39,27388992,24928,24931,17906,459972,113182,140543,599954,78953,21291920,3198418,60136,80970,517439,327519,105492,346729,1,10598,10430,23,23,23,23,23,1,1,23,43
712,40,37438949,26907,40795,18434,439223,159886,144790,783781,78498,29609244,4315940,83039,81490,722032,467904,97491,369495,1,14744,14520,32,32,32,32,32,1,1,32,46
713,41,25366570,27760,25243,12764,445269,112688,101877,526787,77742,19865406,2794473,55459,76242,503167,318725,101918,321050,1,9676,9606,21,21,21,21,21,1,1,21,26
714,42,27526488,25524,25956,15950,443325,113339,114158,586572,77180,21621675,2972943,60648,77156,563560,347297,97804,383401,1,10598,10466,23,23,23,23,23,1,1,23,36
715,43,15150662,25035,19014,11091,439712,69217,62842,325151,76926,11503451,1607662,32509,97535,315203,187308,96931,281075,1,5529,5505,12,12,12,12,12,1,1,12,16
716,44,28577915,25383,25584,25815,438054,121952,137465,690538,76908,22113883,3326092,66497,80987,605563,357601,94204,391389,1,11058,10770,24,24,24,24,24,1,1,24,62
717,45,21785853,25233,21388,15584,440818,87230,93775,484012,77328,16825026,2501038,46602,78310,420739,281160,96662,290948,1,8294,8197,18,18,18,18,18,1,1,18,32
718,46,21933393,27561,31568,26438,468086,89424,111562,548785,77629,16603294,2565318,47865,82444,449398,270099,100053,433869,1,8294,8074,18,18,18,18,18,1,1,18,60
719,47,20735509,26756,21447,12041,441199,85470,97384,431284,76540,16007189,2274414,47140,81904,420148,259303,96948,356342,1,7833,7792,17,17,17,17,17,1,1,17,20
720,0,38047116,27113,29903,31206,441368,167838,172356,922701,69473,29858454,4065833,91132,83501,846653,482158,98244,659183,1,15205,14630,33,33,33,33,33,1,1,33,88
721,1,28347519,25406,27556,10288,423418,118750,109437,579361,67629,22547424,2883500,63812,90844,568857,370428,96167,364642,1,11058,10992,24,24,24,24,24,1,1,24,25
722,2,15736774,24448,21382,9311,420586,65121,62991,334785,70563,12282335,1439150,33960,71011,305776,193722,101213,300420,1,5990,5971,13,13,13,13,13,1,1,13,14
723,3,22538903,25630,22534,10661,432718,97444,87121,482537,68891,17863894,2139486,49878,84179,477649,290477,94976,310828,1,8755,8711,19,19,19,19,19,1,1,19,21
724,4,29041862,26952,25266,27998,430457,124661,138150,712692,80388,22690852,3120316,67254,78661,632713,380142,98442,406918,1,11058,10716,24,24,24,24,24,1,1,24,71
725,5,23202448,27001,23794,29128,454605,96183,123575,716831,70671,17737890,2526147,52509,79876,507220,293648,98726,364644,1,8755,8495,19,19,19,19,19,1,1,19,66
726,6,22994939,25590,21996,24576,428235,98860,111557,588505,72071,17858508,2434845,49734,79062,481288,283309,97833,338970,1,8755,8538,19,19,19,19,19,1,1,19,56
727,7,20303443,26866,21691,25003,430006,87969,104812,540077,71028,15617352,2202436,45434,77224,424103,261107,96316,272019,1,7833,7619,17,17,17,17,17,1,1,17,59
728,8,29377386,26737,26053,27728,424705,128264,136126,712969,70679,22825490,3292475,64461,79819,653640,377888,94710,435642,1,11519,11160,25,25,25,25,25,1,1,25,72
729,9,23744749,27098,24136,29069,490019,102215,120814,610737,71618,18264406,2576817,51631,99750,536713,283127,98979,357620,1,9215,8920,20,20,20,20,20,1,1,20,71
730,10,29801430,46437,28847,29168,429420,139205,156640,733334,72260,23147602,3256300,62696,78221,680108,372823,106497,461872,1,11519,11144,25,25,25,25,25,1,1,25,74
731,11,31799341,27724,30079,32380,433419,139971,153813,785124,71568,24640360,3547935,68232,78060,710395,404383,113590,562308,1,12441,11986,27,27,27,27,27,1,1,27,83
732,12,37535342,26997,33566,29282,446912,179330,169413,876430,91958,29307073,4232409,89998,79756,851160,480141,108175,532742,1,14744,14280,32,32,32,32,32,1,1,32,76
733,13,32912761,27878,32223,31575,431962,147317,162808,811519,71644,25579644,3657220,74584,81379,755853,405711,104482,536962,1,12901,12474,28,28,28,28,28,1,1,28,77
734,14,22715343,27021,25805,29752,441114,99538,125405,651420,80938,17337997,2478796,54265,79973,515736,286597,104185,376801,1,8755,8479,19,19,19,19,19,1,1,19,69
735,15,28762127,25582,28020,28563,432290,124777,142925,718109,71387,22213303,3295363,62995,77911,651271,353347,103128,433156,1,11058,10710,24,24,24,24,24,1,1,24,72
736,16,30559104,26508,27100,27591,435426,118687,142959,722527,71572,23747843,3505515,65011,79027,658692,372980,98937,458729,1,11980,11634,26,26,26,26,26,1,1,26,69
737,17,32568384,26180,29962,28071,431321,124723,154400,779282,71351,25342529,3701111,73579,76586,757335,411412,114871,445671,1,12901,12488,28,28,28,28,28,1,1,28,75
738,18,20427407,27414,20876,25040,428026,79648,101505,524131,71139,15684385,2259577,44384,78588,414371,254331,97724,316268,1,7833,7640,17,17,17,17,17,1,1,17,55
739,19,25040896,26453,25227,27328,431686,95757,122198,636710,71352,19286169,2849623,57776,79178,553047,307819,98309,372264,1,9676,9408,21,21,21,21,21,1,1,21,64
740,20,23770622,25851,23392,28857,425943,90251,118095,620070,71792,18275404,2634762,52514,77735,540347,286586,107641,391382,1,9215,8920,20,20,20,20,20,1,1,20,71
741,21,25075989,34938,25985,28678,418401,106324,120994,637881,71114,19271667,2846026,59595,77235,566990,312690,111313,386158,1,9676,9372,21,21,21,21,21,1,1,21,71
742,22,18152464,24722,20901,11467,430636,66596,73096,400512,70695,14071382,1842470,42392,75504,396171,226268,97250,302402,1,6912,6876,15,15,15,15,15,1,1,15,19
743,23,31832526,27158,29164,14512,425651,121939,133561,670764,70606,25306764,3371262,80817,74074,642617,402085,100312,361240,1,12441,12302,27,27,27,27,27,1,1,27,36
744,24,26021119,25871,24247,27192,424644,102899,129215,677852,71384,20120859,2875214,59171,80595,568418,315965,98014,419579,1,10137,9822,22,22,22,22,22,1,1,22,70
745,25,31632891,25468,26533,29991,436452,120777,143318,769713,71343,24564149,3573313,68434,78679,735888,389235,94928,504670,1,12441,12012,27,27,27,27,27,1,1,27,79
746,26,32271767,30209,30383,30870,454031,126047,160931,794501,72743,25026148,3624017,74992,83172,728581,400707,114494,519941,1,12441,12015,27,27,27,27,27,1,1,27,79
747,27,35021225,27002,32365,29849,438458,140901,162822,848340,70359,27309694,3957087,76376,86889,828021,432895,100371,479796,1,13823,13378,30,30,30,30,30,1,1,30,77
748,28,28360285,25457,26659,27323,428710,111208,139610,693626,81192,22038455,3196782,60950,77520,605922,347876,97119,401876,1,11058,10734,24,24,24,24,24,1,1,24,68
749,29,28307211,26417,26589,15569,435220,117955,116407,624744,71138,22261081,3087865,61234,80311,555337,356682,95030,375632,1,11058,10932,24,24,24,24,24,1,1,24,35
750,30,34468218,45055,49724,68885,428597,135132,155924,852097,119536,26395261,3779137,78138,153178,763958,434521,182209,826866,1,10598,10289,23,23,23,23,23,1,1,23,67
751,31,27233913,24736,28099,26989,441457,106464,133531,680281,71558,21155281,3054709,58651,86128,562185,332413,99029,372402,1,10598,10319,23,23,23,23,23,1,1,23,62
752,32,21957294,30515,27589,22519,443651,91665,89895,459943,71523,17141296,2326147,51437,87376,450260,273212,113888,276378,1,8294,8252,18,18,18,18,18,1,1,18,20
753,33,32697223,26348,29320,31380,432723,141068,152270,808372,72449,25473684,3607061,80702,78563,766149,414267,101018,481849,1,12901,12474,28,28,28,28,28,1,1,28,77
754,34,19365706,24806,20766,10135,435981,76482,77961,406906,71269,15054132,1981070,43003,72677,418073,245295,99685,327465,1,7372,7340,16,16,16,16,16,1,1,16,18
755,35,34816365,24780,30346,17537,425752,140168,137380,758040,71230,27757896,3649643,79134,77652,685130,455181,95996,410500,1,13823,13581,30,30,30,30,30,1,1,30,49
756,36,17109594,33315,20215,9852,433208,69102,68994,362993,70995,13261136,1707972,37549,71338,354602,210330,96990,301003,1,6451,6425,14,14,14,14,14,1,1,14,16
757,37,23873253,25125,23200,10741,434498,98367,93059,504089,71243,18852842,2385495,53762,76760,516865,300351,101908,324948,1,9215,9160,20,20,20,20,20,1,1,20,23
758,38,24968475,26445,24611,19889,429089,102180,111697,573176,73324,19572260,2623622,52169,83884,471574,307016,96082,401457,1,9676,9516,21,21,21,21,21,1,1,21,43
759,39,34014423,25179,28152,21365,431870,145061,138857,762338,81780,26793087,3813293,77648,83568,669097,429475,96117,417536,1,13362,13112,29,29,29,29,29,1,1,29,51
760,40,36346076,27630,34190,19082,447900,165058,154740,788826,72016,28794019,4047012,81219,83330,706663,454391,107637,362363,1,14284,14056,31,31,31,31,31,1,1,31,47
761,41,23776972,25904,24409,12298,430853,94511,96098,517631,71313,18660296,2533290,52557,71897,482659,291609,102417,309230,1,9215,9150,20,20,20,20,20,1,1,20,25
762,42,25070239,27056,25862,15071,442355,102388,107161,549464,73367,19703484,2596012,55438,77996,497517,310264,102628,384176,1,9676,9561,21,21,21,21,21,1,1,21,34
763,43,18192620,25741,22330,10883,429551,75246,68543,393090,71567,14129530,1837331,39931,73295,383254,226279,105282,300767,1,6912,6875,15,15,15,15,15,1,1,15,19
764,44,34129389,25958,28997,24407,434607,142806,153737,782356,71823,26878272,3769651,75284,83546,703274,425884,99891,428896,1,13362,13032,29,29,29,29,29,1,1,29,62
765,45,26212544,25760,24765,16136,429851,106035,110077,573639,73007,20533803,2867850,57776,89342,523564,329968,100886,350085,1,10137,10013,22,22,22,22,22,1,1,22,35
766,46,21569232,26318,21741,27025,434932,97940,106031,585795,71911,16535931,2346623,47386,83521,448529,272814,96739,365996,1,8294,8075,18,18,18,18,18,1,1,18,60
767,47,27212497,25145,25132,11661,431473,110234,103146,558861,71634,21491769,2854837,58353,78662,550773,337554,98252,405011,1,10598,10525,23,23,23,23,23,1,1,23,26
768,0,39222469,27520,32005,30581,431672,174362,188532,933699,73707,30757448,4293247,89951,84265,852392,516229,100830,636029,1,15666,15096,34,34,34,34,34,1,1,34,86
769,1,37700426,26201,25281,10931,629713,141992,153068,789992,70928,29946687,3959407,87187,79730,780511,512498,99169,387131,1,10598,10537,23,23,23,23,23,1,1,23,24
770,2,21408280,24656,22610,10457,427602,77074,80083,452040,70891,16920014,2075566,46374,72255,445473,269263,100225,313697,1,8294,8257,18,18,18,18,18,1,1,18,19
771,3,22577337,24437,22928,10927,424228,80892,91616,501168,71138,17862346,2179169,48715,73636,472741,287169,95808,330419,1,8755,8711,19,19,19,19,19,1,1,19,21
772,4,29322249,25801,27961,27328,436446,115481,135481,715590,82648,22888018,3167224,68808,79492,637904,383672,95526,434869,1,11519,11169,25,25,25,25,25,1,1,25,70
773,5,27168150,25272,26553,29462,428297,100772,139031,675776,73481,20971085,3109003,61544,78994,603963,349066,95404,400447,1,10598,10267,23,23,23,23,23,1,1,23,71
774,6,21820957,28170,35616,26613,444599,83316,107723,557314,73661,16654046,2500213,49199,76783,468584,276785,102361,335974,1,8294,8080,18,18,18,18,18,1,1,18,59
775,7,23897723,27059,26039,26113,433578,89743,117498,599614,83611,18386750,2717136,53806,77231,503914,309596,103108,342927,1,9215,8970,20,20,20,20,20,1,1,20,61
776,8,33947379,25134,28919,28209,431322,130560,158741,806991,73401,26426546,3903018,73810,75626,767564,432876,98689,485973,1,13362,12939,29,29,29,29,29,1,1,29,75
777,9,22769354,25277,22874,28413,432197,92869,112350,582635,73770,17415198,2622757,51415,77083,501945,293368,98267,338936,1,8755,8483,19,19,19,19,19,1,1,19,68
778,10,35278844,26043,29551,28485,440773,144119,154344,829145,73109,27523311,3997973,76258,77012,805692,441339,108691,522999,1,13823,13383,30,30,30,30,30,1,1,30,75
779,11,28702073,28416,25791,32766,431570,109218,145280,732633,73950,22044233,3240306,63253,89058,701553,362156,99736,522154,1,11058,10668,24,24,24,24,24,1,1,24,79
780,12,33981230,26536,29986,48358,441081,131204,171684,821905,73044,26375612,3919149,75838,79554,772803,433188,96234,485054,1,13362,12930,29,29,29,29,29,1,1,29,76
781,13,36296280,25657,30809,31354,433474,142761,166553,860313,73116,28336556,4114969,79626,77990,813510,468680,96415,544497,1,14284,13809,31,31,31,31,31,1,1,31,79
782,14,27557641,26617,25163,28808,452293,106904,137951,693133,72511,21213185,3152136,63472,80977,598120,355076,99267,452028,1,10598,10264,23,23,23,23,23,1,1,23,71
783,15,26344497,27101,26467,28753,427582,102083,120009,655241,74123,20258138,3062810,59232,78451,578185,329094,100565,416663,1,10137,9842,22,22,22,22,22,1,1,22,67
784,16,27397951,27767,27304,29219,430117,107864,147655,695844,75489,21117339,3147620,58894,81738,591915,343158,104101,411927,1,10598,10267,23,23,23,23,23,1,1,23,71
785,17,31703985,25854,28578,27786,439195,123970,153206,752441,74349,24578175,3669435,72176,75822,726081,396867,95749,464301,1,12441,12053,27,27,27,27,27,1,1,27,73
786,18,26266945,38379,36297,44872,427921,104674,120228,669368,106191,19800493,3057474,63747,127001,577594,343933,162839,585934,1,8755,8520,19,19,19,19,19,1,1,19,62
787,19,20434410,24625,21669,24486,432118,92439,99766,529725,75263,15637594,2349115,44632,75455,414692,246252,94581,271998,1,7833,7646,17,17,17,17,17,1,1,17,55
788,20,26043852,25595,26196,27964,435999,104173,129178,658766,74414,20055246,2948152,55926,79994,590365,318006,96165,417713,1,10137,9809,22,22,22,22,22,1,1,22,72
789,21,25056355,26590,23767,28445,437577,96655,132263,642141,73674,19223561,2862459,54422,79450,559156,316101,94925,405169,1,9676,9378,21,21,21,21,21,1,1,21,70
790,22,18499892,28180,24103,11130,449778,72549,74844,391712,74532,14229775,1990420,39645,75304,382418,222291,113845,319366,1,6912,6879,15,15,15,15,15,1,1,15,18
791,23,32054421,26796,30212,15375,436598,126655,127371,680619,73722,25341236,3491916,73349,80875,665530,409743,104360,370064,1,12441,12295,27,27,27,27,27,1,1,27,37
792,24,39929546,25942,41179,28547,440370,168846,184728,922297,74269,31258503,4544692,89318,82641,902304,502247,97074,566589,1,15666,15147,34,34,34,34,34,1,1,34,80
793,25,27477078,24833,25221,31637,437813,107939,142352,706287,95773,21145485,3143041,59682,78211,621697,335807,100675,420625,1,10598,10237,23,23,23,23,23,1,1,23,76
794,26,37402958,28186,32932,30727,447921,151643,168649,910382,74437,29106004,4353155,81537,80362,810877,457699,99843,568604,1,14744,14240,32,32,32,32,32,1,1,32,81
795,27,32188468,27211,31092,28660,439356,135700,149482,758622,74535,24971884,3682037,73377,76950,718859,407306,105125,508272,1,12441,12049,27,27,27,27,27,1,1,27,74
796,28,29514130,26785,26763,27725,437332,117401,141964,705830,74385,22894417,3385241,64834,81383,633142,363765,100664,432499,1,11519,11186,25,25,25,25,25,1,1,25,68
797,29,29968004,25680,27187,16356,441503,117629,118955,640187,74516,23511895,3441282,64350,82481,589830,373347,101071,341735,1,11519,11385,25,25,25,25,25,1,1,25,36
798,30,29670939,27853,27274,26536,446156,120066,131413,710508,73889,23003564,3385409,64178,80890,648614,367961,97730,458898,1,11519,11207,25,25,25,25,25,1,1,25,65
799,31,27534986,28703,28173,28323,459399,120989,145826,674142,76310,21270710,3161957,61753,79398,577216,334622,117852,369613,1,10598,10308,23,23,23,23,23,1,1,23,64
800,32,20682152,25563,23622,11398,433235,83509,82801,431379,73630,16052834,2247976,45585,76437,430707,250887,99934,312655,1,7833,7797,17,17,17,17,17,1,1,17,19
801,33,31018308,24700,27678,30605,440014,127310,151231,763656,74963,24116699,3455974,68663,76702,688548,389821,97545,484199,1,11980,11563,26,26,26,26,26,1,1,26,79
802,34,25758655,31914,24451,17880,434968,105696,106634,543846,104564,19936497,2796832,58034,125968,530504,320252,116188,504427,1,9676,9620,21,21,21,21,21,1,1,21,23
803,35,30938589,26318,27158,20106,449742,129491,138620,721073,74541,24340795,3359795,69580,81373,594498,400395,97989,407115,1,11519,11322,25,25,25,25,25,1,1,25,46
804,36,16106533,24574,18814,10255,460486,65081,68876,331702,73533,12329598,1683481,35616,71886,329049,197718,95944,309920,1,5990,5968,13,13,13,13,13,1,1,13,15
805,37,30397361,26270,21322,11791,610498,126790,116520,635311,82175,24021946,3101480,70511,75538,686543,410645,94643,305378,1,7833,7787,17,17,17,17,17,1,1,17,21
806,38,29570332,26993,27380,20299,456667,121512,124421,659722,74271,23275181,3221911,64172,83243,560655,361922,99476,392507,1,11519,11323,25,25,25,25,25,1,1,25,46
807,39,42714250,29617,27535,19390,595779,173404,186423,930817,84087,33917299,4748411,94321,83353,804847,537877,100053,381037,1,12441,12224,27,27,27,27,27,1,1,27,48
808,40,35569296,26505,30343,16485,434478,158126,141790,755254,74198,28169713,3972874,81108,81850,703831,456367,110046,356328,1,13823,13644,30,30,30,30,30,1,1,30,41
809,41,33049911,26465,29583,13678,430568,135900,132416,718811,93160,26198732,3614202,68335,77432,659713,400766,100398,349752,1,12901,12782,28,28,28,28,28,1,1,28,33
810,42,22735397,24941,23030,14998,431966,95278,97186,516634,73459,17739691,2372252,49110,74988,458811,279894,94467,388692,1,8755,8650,19,19,19,19,19,1,1,19,33
811,43,19386549,25390,23131,10790,449776,81831,77074,417374,74860,15095143,1996006,40383,73809,403863,234279,98991,283849,1,7372,7340,16,16,16,16,16,1,1,16,18
812,44,30716846,26228,29692,27229,449417,127626,137544,718826,74575,23964945,3451178,65830,86004,643137,393352,103757,417506,1,11980,11671,26,26,26,26,26,1,1,26,62
813,45,23862203,26336,24621,16271,440417,98504,103297,529093,74060,18596090,2653638,54232,81237,465391,294452,101552,303012,1,9215,9110,20,20,20,20,20,1,1,20,33
814,46,18280453,26283,20589,26897,432024,75217,95545,476787,74928,13802290,2048731,41433,83277,387382,217871,98017,373182,1,6912,6731,15,15,15,15,15,1,1,15,58
815,47,21902071,25715,22791,11350,434118,91779,86915,459365,74453,17035057,2363217,49809,77161,456915,273658,109800,329968,1,8294,8248,18,18,18,18,18,1,1,18,21
816,0,36620860,25072,29933,31008,448722,164091,180073,864580,73957,28543333,4195677,83386,82368,790448,450424,110315,547473,1,14284,13762,31,31,31,31,31,1,1,31,85
817,1,26223701,25762,25404,10732,452772,112760,100570,533975,73252,20644423,2826532,55406,72015,521451,315886,99653,353108,1,10137,10081,22,22,22,22,22,1,1,22,23
818,2,15833988,24508,18874,9386,440593,67424,62422,339221,72964,12280673,1527379,34708,68268,311460,202026,96482,277600,1,5990,5972,13,13,13,13,13,1,1,13,14
819,3,22782575,25555,21817,10093,481307,98599,95551,466772,73308,17941012,2269168,52011,73154,483347,284032,97839,309010,1,8755,8714,19,19,19,19,19,1,1,19,20
820,4,28163260,26518,36564,26417,434647,119444,137230,681737,74485,21986958,3079902,60611,80253,594648,344628,97151,382067,1,11058,10746,24,24,24,24,24,1,1,24,66
821,5,27762639,25704,26077,29409,428555,117736,143655,699947,75004,21470850,3171443,59447,78643,623565,348061,97672,366871,1,10598,10273,23,23,23,23,23,1,1,23,70
822,6,25113416,35783,33323,43425,451022,108213,139016,657866,127243,18846972,2893781,55785,134403,531410,318915,163522,572737,1,9215,8975,20,20,20,20,20,1,1,20,60
823,7,26567765,27013,24945,27024,435196,113428,129161,638802,75076,20486828,3135426,57282,76091,560660,332790,102036,346007,1,10137,9868,22,22,22,22,22,1,1,22,61
824,8,30762573,26403,26806,30093,441180,119592,149296,747416,75054,23819515,3591571,64875,75877,701558,370096,100527,422714,1,11980,11611,26,26,26,26,26,1,1,26,72
825,9,25493371,27044,26202,29127,463025,109473,127779,644422,76566,19508558,2967139,55885,78451,559206,311268,104973,404253,1,9676,9375,21,21,21,21,21,1,1,21,70
826,10,33492880,27836,29324,30507,437376,133508,171677,822022,75616,25820131,3990976,77436,78070,750106,450392,107855,490048,1,12901,12495,28,28,28,28,28,1,1,28,74
827,11,33013772,27932,29084,32823,481223,130778,179392,852643,77719,25319600,3933722,75506,78760,735650,398436,105049,555455,1,12441,12013,27,27,27,27,27,1,1,27,79
828,12,41523240,27904,33251,28666,445722,181831,185046,993293,75105,32333884,4941459,89826,81496,918443,516811,104928,565575,1,16127,15624,35,35,35,35,35,1,1,35,77
829,13,39467712,26202,30670,29881,445728,159852,183894,933857,75919,30716935,4663261,84562,79336,894199,512681,100474,530261,1,15205,14712,33,33,33,33,33,1,1,33,78
830,14,33524563,25523,26959,28271,428740,139061,158361,816095,75022,25931812,3948086,75163,77883,812908,421215,96689,462775,1,12901,12495,28,28,28,28,28,1,1,28,74
831,15,26589044,27185,24358,27879,456555,107200,132171,667781,75832,20373295,3138565,59743,77354,578009,328099,98499,416519,1,10137,9827,22,22,22,22,22,1,1,22,69
832,16,30633228,26185,25973,30198,447308,138083,144022,770541,75406,23570730,3639858,69414,77514,668484,384736,98342,466434,1,11519,11143,25,25,25,25,25,1,1,25,75
833,17,31221285,25779,26282,27805,447256,128012,144036,743195,76228,24116392,3701889,70938,74453,703803,383954,97384,453879,1,11980,11610,26,26,26,26,26,1,1,26,72
834,18,21965905,25373,23447,27478,464931,89003,113836,585046,76548,16733924,2555722,48763,75648,462379,273955,98601,311251,1,8294,8057,18,18,18,18,18,1,1,18,63
835,19,25542157,26211,23262,25566,449276,103616,126125,623025,77155,19648335,3012002,55780,76364,518403,329717,101002,346318,1,9676,9444,21,21,21,21,21,1,1,21,57
836,20,29163256,27237,27959,29987,461420,128063,145785,734892,77978,22340509,3498064,66326,77880,638398,362106,101884,444768,1,11058,10704,24,24,24,24,24,1,1,24,73
837,21,32477345,40574,28936,28513,482977,139700,146176,784658,78149,25102788,3809128,74592,75996,703290,413311,110869,457688,1,12441,12051,27,27,27,27,27,1,1,27,73
838,22,19740211,24447,22359,12245,435259,79860,80299,420269,76884,15217124,2172722,45047,73386,406240,248059,101920,324091,1,7372,7332,16,16,16,16,16,1,1,16,20
839,23,34365435,27408,28779,15614,437600,147519,139200,725379,75813,27243771,3787848,74579,77454,686706,427952,102069,367744,1,13362,13199,29,29,29,29,29,1,1,29,39
840,24,33122174,33345,28629,29360,467653,140226,153046,824997,75998,25720330,3757537,76684,77320,749309,415915,99788,472037,1,12901,12474,28,28,28,28,28,1,1,28,77
841,25,32021899,27146,29429,32326,444339,142019,156568,807486,75272,24601571,3774523,70911,79840,705073,394637,102473,578286,1,12441,11999,27,27,27,27,27,1,1,27,81
842,26,34268071,26874,30225,32313,434470,145712,162860,840182,80234,26467862,4101842,75570,81250,755557,426198,103171,503751,1,13362,12905,29,29,29,29,29,1,1,29,80
843,27,31301996,27324,55326,29078,443482,133676,154553,814730,75416,24013063,3757434,70951,76783,717503,397939,101458,433280,1,11980,11596,26,26,26,26,26,1,1,26,75
844,28,29886401,25250,26875,27875,432157,127175,146040,756944,77141,23071543,3480385,66744,77308,647952,368816,99513,454683,1,11519,11156,25,25,25,25,25,1,1,25,73
845,29,31313723,27823,26896,16350,446132,139916,125835,675753,75049,24508005,3608423,70602,87658,628369,410411,102459,364042,1,11980,11842,26,26,26,26,26,1,1,26,36
846,30,25492475,25749,22701,26420,434809,115353,139405,645108,76738,19520061,3040520,60727,76442,543599,313201,101016,350626,1,9676,9413,21,21,21,21,21,1,1,21,63
847,31,34222994,28269,23851,25886,705790,149691,174642,841737,76792,26501689,3958397,77477,76177,725101,427198,97536,332761,1,10137,9862,22,22,22,22,22,1,1,22,63
848,32,19803714,25426,21055,10745,440614,83317,80900,420598,75867,15296080,2160076,44855,72102,408072,259582,96027,308398,1,7372,7336,16,16,16,16,16,1,1,16,19
849,33,29679902,25988,26458,29080,436626,125029,146800,736074,76353,22902106,3433549,63749,77126,678351,378702,106148,437763,1,11519,11128,25,25,25,25,25,1,1,25,76
850,34,23300507,25656,23190,11677,442245,99680,90755,481412,76964,18070609,2606196,52386,75419,494986,299603,100212,349517,1,8755,8704,19,19,19,19,19,1,1,19,22
851,35,31034928,27010,29535,19578,451388,138176,142872,709490,77272,24327827,3474767,67542,82190,587143,399367,97185,403586,1,11980,11771,26,26,26,26,26,1,1,26,47
852,36,17294733,33052,24467,13271,443261,74013,70214,370455,92972,13109184,1803406,38152,95918,358169,214869,150476,402854,1,5990,5968,13,13,13,13,13,1,1,13,15
853,37,18435326,26053,21139,12655,443257,82252,77011,400631,74773,14184374,1929311,39366,77471,387487,244631,99266,335649,1,6912,6867,15,15,15,15,15,1,1,15,21
854,38,34471670,25115,28139,17801,460648,151996,139757,753735,84461,27144834,3888094,81793,82065,681122,450271,96866,384973,1,13362,13170,29,29,29,29,29,1,1,29,43
855,39,35592667,28340,30104,21014,444716,156247,151770,794882,77849,27976208,4115977,83241,85758,690971,440693,102687,392210,1,13823,13569,30,30,30,30,30,1,1,30,51
856,40,33408801,27358,27657,17748,436846,140472,144904,718631,80547,26183739,3936764,78990,101683,644769,406936,98635,363122,1,12901,12719,28,28,28,28,28,1,1,28,42
857,41,22042375,25913,22830,13374,436693,83979,90785,467975,87623,17032614,2520191,47591,75328,462528,274959,99786,300206,1,8294,8241,18,18,18,18,18,1,1,18,23
858,42,22030305,25533,21183,15936,446948,93351,99523,513896,84611,17018264,2380481,47475,75330,444683,278077,98258,386756,1,8294,8192,18,18,18,18,18,1,1,18,33
859,43,19548250,25816,22213,11507,461700,77582,81008,428365,75854,15163583,2014549,43059,74722,412682,241391,97877,316342,1,7372,7336,16,16,16,16,16,1,1,16,19
860,44,32997548,26793,28373,27084,453286,130274,154136,782104,76878,25707249,3813092,71782,83824,714219,402133,99682,426639,1,12901,12551,28,28,28,28,28,1,1,28,66
861,45,24075973,28227,27059,17643,440796,94114,105687,577255,77860,18641997,2729560,57044,81662,456631,326553,113338,300547,1,6912,6840,15,15,15,15,15,1,1,15,28
862,46,18506756,25872,19337,28587,446849,77233,99513,484162,87705,13897306,2092636,42463,86574,393904,217779,103099,403737,1,6912,6726,15,15,15,15,15,1,1,15,59
863,47,18860867,26161,20229,11553,459065,73566,77361,392423,74981,14416363,2158186,41088,82109,370227,226545,97864,333146,1,6912,6879,15,15,15,15,15,1,1,15,18
864,0,43483816,27359,34444,31808,459989,175323,195802,1018248,77398,33863585,5088435,100236,84230,975296,553382,94746,703535,1,17048,16454,37,37,37,37,37,1,1,37,85
865,1,24843659,24774,22608,10760,445879,99793,99790,524901,75512,19214949,2859635,56536,74041,552902,315287,96360,369932,1,9215,9170,20,20,20,20,20,1,1,20,21
866,2,26477850,26160,26649,10126,449111,103321,104325,544080,76255,20896024,2746974,57828,72422,536355,331553,103446,393221,1,10137,10081,22,22,22,22,22,1,1,22,23
867,3,23242620,25631,23090,10549,455124,91771,99745,486045,76049,18135746,2421491,53371,75452,492029,349926,98489,348112,1,8755,8710,19,19,19,19,19,1,1,19,21
868,4,35702285,26882,29677,27627,440950,150874,159765,856660,76867,27870620,4095454,81991,87885,779190,444384,100345,473114,1,13823,13393,30,30,30,30,30,1,1,30,74
869,5,42860159,31431,29778,29927,973696,171242,267665,1222280,77782,32808099,5034989,93160,80718,900434,520135,96126,522697,1,14744,14248,32,32,32,32,32,1,1,32,80
870,6,24130255,24533,23288,27483,446807,96879,122099,614835,76406,18476169,2817780,62121,77200,494829,307839,95520,366467,1,9215,8955,20,20,20,20,20,1,1,20,64
871,7,24121808,26698,23135,27709,435289,97695,118098,603907,76650,18455969,2875176,54973,90362,503116,304873,95087,333071,1,9215,8960,20,20,20,20,20,1,1,20,63
872,8,32306004,26320,28081,28580,539550,131101,148254,775786,79304,24815462,3932408,71903,77997,740319,398566,100207,412166,1,12441,12054,27,27,27,27,27,1,1,27,73
873,9,26493940,25916,24897,30553,438961,107067,143317,691729,77869,20295234,3089564,60721,77477,596496,340996,100573,392570,1,10137,9801,22,22,22,22,22,1,1,22,74
874,10,41147491,26791,32287,28952,434225,168170,206535,931320,77357,32050875,4881844,92397,78354,920696,512816,98970,605902,1,16127,15596,35,35,35,35,35,1,1,35,80
875,11,36071310,26458,31605,31851,429188,149032,167150,883359,70303,28220554,3980962,80594,80195,798493,445866,102018,573682,1,14284,13756,31,31,31,31,31,1,1,31,86
876,12,39787152,27136,31045,29719,427329,164293,174334,926081,69604,31141766,4557180,93698,80359,866279,511134,98317,588878,1,15666,15154,34,34,34,34,34,1,1,34,79
877,13,41977019,28124,32893,30615,421137,178069,182941,953351,80107,33066137,4687947,91493,80996,937172,530106,99503,576428,1,16587,16020,36,36,36,36,36,1,1,36,83
878,14,29340968,25673,26413,29265,420864,126179,144324,710873,70085,22761105,3282326,61930,81085,668203,363029,98993,470621,1,11519,11133,25,25,25,25,25,1,1,25,76
879,15,22629850,26240,22406,28502,422403,102341,109067,584262,71363,17388693,2515457,50956,76530,509151,274026,120305,328148,1,8755,8487,19,19,19,19,19,1,1,19,68
880,16,25048214,25029,24315,28351,426371,106415,120855,629886,71164,19404246,2781063,55122,78616,539253,307721,96471,353336,1,9676,9384,21,21,21,21,21,1,1,21,68
881,17,36307619,26123,29511,27694,424296,153314,162324,839605,69895,28455149,4099835,78667,78741,815104,458319,96697,492345,1,14284,13832,31,31,31,31,31,1,1,31,76
882,18,26369878,27052,24749,27879,422885,111186,124070,643865,70927,20385467,3000857,54837,80173,561638,333486,96957,403850,1,10137,9843,22,22,22,22,22,1,1,22,66
883,19,23991153,26828,23570,26925,425275,108506,106129,588419,80856,18571751,2686071,54193,76249,515419,299677,98325,302960,1,9215,8975,20,20,20,20,20,1,1,20,60
884,20,31001221,26314,27870,28048,435189,156065,144199,750866,71580,24071241,3532266,68279,78627,681894,375775,98413,454595,1,11980,11601,26,26,26,26,26,1,1,26,73
885,21,28610380,26854,27421,28761,439516,128835,138493,736429,80427,22052152,3287082,63420,76962,648037,357541,97542,420908,1,11058,10692,24,24,24,24,24,1,1,24,75
886,22,19638120,27439,25708,13279,433334,85317,76482,427168,73377,15191465,2060188,53071,79020,413639,240664,110761,327208,1,7372,7332,16,16,16,16,16,1,1,16,20
887,23,39376107,30559,37712,19483,437979,176820,153552,845244,77575,31324924,4198844,88781,93570,788475,520279,119450,462860,1,15205,14993,33,33,33,33,33,1,1,33,44
888,24,36634024,28972,35331,28260,450040,158866,163855,844374,101734,28609241,4094124,81938,81350,805805,450538,118125,581471,1,14284,13834,31,31,31,31,31,1,1,31,75
889,25,33217741,31125,33333,33067,441368,144772,160656,822320,75578,25620460,3873543,77534,79981,738424,413983,114779,556818,1,12901,12425,28,28,28,28,28,1,1,28,84
890,26,31867861,27180,30711,32400,430463,146583,152580,876277,72819,24644511,3588846,77199,80094,704908,380484,106921,515885,1,12441,11993,27,27,27,27,27,1,1,27,82
891,27,28372158,27181,28271,28444,430143,123202,137688,701472,89085,21984865,3199538,61906,76747,625512,338363,104824,414917,1,11058,10722,24,24,24,24,24,1,1,24,70
892,28,35119384,28314,32369,31781,435015,138433,157527,860353,74318,27483033,3885982,76491,79329,769925,428926,117139,520449,1,13823,13367,30,30,30,30,30,1,1,30,78
893,29,35007065,27996,29569,16488,436530,134837,144106,738988,70697,27837372,3767399,75727,102076,685388,428993,102086,408813,1,13823,13640,30,30,30,30,30,1,1,30,41
894,30,22733192,27185,22896,27710,440325,88467,112777,610972,72839,17478117,2469212,50185,77393,502101,279187,105186,368640,1,8755,8496,19,19,19,19,19,1,1,19,66
895,31,28897113,35630,32906,28348,481192,119544,139199,712987,110726,22289117,3313522,64768,83327,613498,352922,124074,395353,1,11058,10758,24,24,24,24,24,1,1,24,64
896,32,23728879,43585,31230,12733,490326,97194,94122,491538,109256,18568982,2430449,52493,76690,487236,282506,129565,330974,1,8755,8704,19,19,19,19,19,1,1,19,22
897,33,29080903,38006,33418,34214,486115,125702,163153,763473,122621,22500605,3037530,73576,86139,649323,357261,134690,475077,1,11058,10662,24,24,24,24,24,1,1,24,80
898,34,18762055,32985,27013,12374,483606,77678,78394,394992,118177,14448424,1898044,39245,80027,392241,228978,119425,330452,1,6912,6883,15,15,15,15,15,1,1,15,17
899,35,36775230,40051,37223,20446,497119,154748,158403,811827,79650,29107467,3921732,81877,89642,725113,450303,145429,454200,1,14284,14040,31,31,31,31,31,1,1,31,49
900,36,16772611,35286,27014,12272,496929,69925,69554,354802,115058,12741166,1691703,37003,81155,330656,212048,150172,347868,1,5990,5964,13,13,13,13,13,1,1,13,16
901,37,19702480,36000,27000,13701,477075,83804,88363,425749,109632,15289055,1905377,42898,73709,414678,240545,135413,339481,1,7372,7328,16,16,16,16,16,1,1,16,21
902,38,32946326,34029,35171,20112,479409,139179,145931,725514,85930,26037209,3500874,73503,87855,640671,405673,119177,416089,1,12901,12684,28,28,28,28,28,1,1,28,47
903,39,30478887,40052,36809,24678,522720,126156,151459,758742,123895,23635698,3338287,72092,98032,577899,374343,133751,464274,1,11519,11302,25,25,25,25,25,1,1,25,49
904,40,41659601,47420,40841,27056,493084,180465,186593,898501,123940,33091394,4495425,88404,88685,835974,521264,133738,406817,1,16127,15886,35,35,35,35,35,1,1,35,47
905,41,27698296,31133,31553,14067,486670,115917,116925,597328,73390,21805295,2880230,61895,78462,562352,359893,116681,366505,1,10598,10511,23,23,23,23,23,1,1,23,29
906,42,22136890,35879,29402,17769,499915,96618,102008,512306,108707,17154206,2207203,48346,78834,432974,270255,130563,411905,1,8294,8193,18,18,18,18,18,1,1,18,33
907,43,22351195,37355,29730,13604,481771,96065,95779,475976,112368,17379517,2258432,47960,79206,472218,279442,130611,361161,1,8294,8247,18,18,18,18,18,1,1,18,21
908,44,26836740,36580,32744,29188,462406,135710,130598,668141,115121,20757956,2838207,63439,88242,577196,322424,158573,420215,1,10137,9865,22,22,22,22,22,1,1,22,62
909,45,23950788,36698,30003,18150,552503,101162,133142,660439,106103,18371534,2562341,52129,78299,461839,297740,132395,356311,1,8755,8651,19,19,19,19,19,1,1,19,33
910,46,16870347,37888,25342,28328,481882,74757,116406,489420,96633,12425324,1863384,36876,93584,343466,197148,145971,413938,1,5990,5833,13,13,13,13,13,1,1,13,57
911,47,20337642,37986,27750,14067,498635,86136,82453,431914,115323,15633437,2097952,45475,86537,422783,243749,135025,378420,1,7372,7332,16,16,16,16,16,1,1,16,20
912,0,37756751,32406,36357,33033,483278,165844,186180,960088,79142,29318708,4187744,83108,85407,828699,468502,113130,695125,1,14744,14192,32,32,32,32,32,1,1,32,87
913,1,29629129,37647,33042,12695,485547,135232,134780,605816,121131,23316849,3074434,64545,76274,598424,362298,136273,434142,1,11058,10992,24,24,24,24,24,1,1,24,25
914,2,18918728,38031,29118,11748,504273,85479,85726,398550,88151,14671521,1796589,42891,73689,370206,231507,135107,356142,1,6912,6887,15,15,15,15,15,1,1,15,16
915,3,25401180,33734,28573,12152,469824,108912,100218,535740,73437,20130281,2421525,56454,74484,555341,316332,136091,348082,1,9676,9621,21,21,21,21,21,1,1,21,23
916,4,27674073,37602,31407,29631,496835,120048,145796,713614,76236,21451552,2919094,68058,84547,588435,342355,122171,446692,1,10598,10279,23,23,23,23,23,1,1,23,69
917,5,34881268,37824,37719,32939,493895,152369,175354,858685,88720,26999300,3961487,78918,87650,809586,426650,147003,493169,1,13362,12926,29,29,29,29,29,1,1,29,77
918,6,24729512,37814,30572,28000,501769,121348,131265,648352,86572,18907942,2718668,56008,83076,523838,299986,135717,418585,1,9215,8960,20,20,20,20,20,1,1,20,63
919,7,21291504,36304,30224,27591,507791,93828,112979,555144,90926,16185090,2403372,45298,88252,454601,258408,127438,274258,1,7833,7631,17,17,17,17,17,1,1,17,57
920,8,32407867,35487,47981,32127,472303,140252,168874,833798,78178,25071225,3675780,69724,83299,730741,385305,116743,466050,1,12441,12043,27,27,27,27,27,1,1,27,75
921,9,26401226,38731,31687,30727,497704,115489,137644,671319,86595,20205681,2962001,58063,85594,560156,320528,147137,452170,1,9676,9372,21,21,21,21,21,1,1,21,71
922,10,40759926,38223,39071,34549,514718,187901,200452,983498,81158,31563598,4660828,87790,89506,1009640,500028,132001,636965,1,15666,15093,34,34,34,34,34,1,1,34,86
923,11,40565192,37523,37572,35625,505924,181811,200799,991141,84481,31561700,4593396,87336,84895,870526,490035,124303,678125,1,15666,15069,34,34,34,34,34,1,1,34,89
924,12,44263516,36143,43687,34569,484776,376413,205586,1019494,129651,34459566,4996281,99339,90997,977657,538025,136358,634974,1,17048,16459,37,37,37,37,37,1,1,37,84
925,13,46286461,38428,43755,30595,506062,205594,212149,1067171,115114,36365669,5202368,100682,83587,1007741,569285,138256,600005,1,17970,17394,39,39,39,39,39,1,1,39,81
926,14,35124235,39881,60042,75560,501938,163737,184315,900836,80965,27135343,3939786,75407,87991,782567,420699,140869,534299,1,13362,12929,29,29,29,29,29,1,1,29,76
927,15,35287144,38377,36201,33667,498139,162307,180958,888159,116154,27175435,4072685,81118,85196,805008,434771,133295,545674,1,13362,12908,29,29,29,29,29,1,1,29,79
928,16,34268166,36747,34365,32176,488131,158376,185709,854933,126024,26499773,3919946,79024,82646,745708,431316,123936,469356,1,12901,12502,28,28,28,28,28,1,1,28,73
929,17,35903235,35724,36658,29855,481374,161836,171121,862274,90234,27847153,4070862,78611,88942,899157,441940,120045,487449,1,13823,13405,30,30,30,30,30,1,1,30,73
930,18,25014363,39586,31491,28151,510184,114247,130676,641898,111835,19091397,2830140,54984,88289,512928,295614,148932,384011,1,9215,8970,20,20,20,20,20,1,1,20,61
931,19,21484606,38860,30362,29253,487428,107023,113873,580455,120063,16143807,2545865,46190,94094,442223,250946,132154,322010,1,7833,7634,17,17,17,17,17,1,1,17,58
932,20,25006453,38314,31373,31276,476442,105374,140844,790516,124939,18865502,2831081,55430,83829,556658,307736,131760,435379,1,9215,8910,20,20,20,20,20,1,1,20,73
933,21,26640013,32095,30637,35513,476499,103962,149974,738425,77960,20266984,3079500,60565,91873,574447,336608,108210,476761,1,10137,9749,22,22,22,22,22,1,1,22,84
934,22,19281210,36654,32455,13223,498886,88124,80793,413216,118707,14728752,2045135,43703,78735,388670,236044,132589,345524,1,6912,6875,15,15,15,15,15,1,1,15,19
935,23,34947201,36130,35900,18958,482812,140866,149693,753230,110295,27652211,3728672,76594,80803,689783,431383,129738,430133,1,13362,13190,29,29,29,29,29,1,1,29,40
936,24,45187686,37103,40373,31650,493667,184490,235631,1058848,116948,35389642,5092416,100766,85524,999743,563857,125382,631646,1,17509,16928,38,38,38,38,38,1,1,38,82
937,25,33636494,37991,34068,33446,476809,140377,176216,866544,89322,25815100,3943038,74428,82976,734541,412424,141384,577830,1,12901,12418,28,28,28,28,28,1,1,28,85
938,26,31759958,40319,33915,36018,482459,129813,169881,808289,118047,24337653,3665503,68586,106638,683252,402585,134900,542100,1,11980,11547,26,26,26,26,26,1,1,26,82
939,27,31743274,37711,34785,31772,495938,134757,153748,792485,84842,24457867,3680337,70746,88301,691847,388875,149677,449586,1,11980,11615,26,26,26,26,26,1,1,26,72
940,28,36206695,38302,36354,32870,493146,152019,184542,906049,83512,28010797,4180695,80675,86013,798737,446951,120598,555435,1,13823,13362,30,30,30,30,30,1,1,30,79
941,29,37788106,38842,40961,18852,489252,251269,163865,806253,93188,29703646,4229392,83176,92928,737045,484256,139183,415998,1,14284,14093,31,31,31,31,31,1,1,31,42
942,30,25600255,36681,30239,27880,483791,109460,133102,659476,77284,19574616,2846078,55835,84689,573068,332451,163349,412256,1,9676,9392,21,21,21,21,21,1,1,21,67
943,31,27246399,38314,31532,30695,623575,121747,142069,713936,80699,20746873,3097464,61595,87247,597385,340734,140025,392509,1,10137,9846,22,22,22,22,22,1,1,22,66
944,32,20415077,37699,28134,13479,501579,84427,82707,434516,91986,15692353,2169256,46896,78046,422961,264444,152531,314063,1,7372,7336,16,16,16,16,16,1,1,16,19
945,33,29603666,37951,32515,33569,513216,127742,165373,795018,89793,22621270,3292362,65423,82873,703841,361914,145438,535368,1,11058,10656,24,24,24,24,24,1,1,24,81
946,34,23488844,31785,29484,14308,472185,99360,94966,496300,82609,18188802,2527410,52655,78821,506448,299714,120282,393715,1,8755,8705,19,19,19,19,19,1,1,19,22
947,35,35114504,38315,37930,21468,495106,158281,155002,816405,92877,27487707,3911483,80454,92777,673911,441380,136087,475321,1,13362,13149,29,29,29,29,29,1,1,29,46
948,36,18775137,28012,23051,10513,448820,75795,75329,385797,75642,14480853,1982756,40867,72672,400405,228580,110866,335179,1,6912,6883,15,15,15,15,15,1,1,15,17
949,37,28727314,26269,26460,13199,444617,117892,115405,599991,73306,22795059,2908354,74991,84673,592842,378146,101514,374596,1,11058,10974,24,24,24,24,24,1,1,24,28
950,38,26332568,25174,25160,21491,444695,106724,117443,601476,74489,20691275,2795681,58572,83403,483355,334998,99144,369488,1,10137,9959,22,22,22,22,22,1,1,22,45
951,39,27438536,27327,33232,22970,432706,112185,117171,649168,73724,21357839,3086205,60165,86024,522122,338630,97495,421573,1,10598,10394,23,23,23,23,23,1,1,23,49
952,40,34391048,30051,33858,18226,465030,143257,147972,744898,75504,27146506,3812779,79744,83693,668582,449033,108721,383194,1,13362,13156,29,29,29,29,29,1,1,29,45
953,41,25402560,27728,26175,13540,439950,103940,104652,545725,75434,19814465,2786186,55895,78121,514881,358435,110653,346780,1,9676,9601,21,21,21,21,21,1,1,21,27
954,42,21743999,35903,23133,16514,436888,90607,92353,486340,74686,17004855,2228299,47743,78445,417014,265738,100454,345027,1,8294,8194,18,18,18,18,18,1,1,18,33
955,43,20603160,28443,28150,24914,450984,84969,82166,436778,77179,15968801,2168432,44962,72405,437421,266127,112157,319272,1,7833,7792,17,17,17,17,17,1,1,17,20
956,44,32977275,29783,32339,28650,445468,134295,156113,790313,78171,25645978,3704472,77923,82945,755760,413143,112294,489628,1,12901,12530,28,28,28,28,28,1,1,28,69
957,45,23188635,29481,28146,17804,449084,96129,98853,532306,111200,17856816,2564980,47999,81513,555583,281854,114788,322099,1,8755,8657,19,19,19,19,19,1,1,19,32
958,46,23073923,26780,32920,26529,466201,93426,116790,573442,79162,17661225,2593411,47967,83275,473474,281492,101962,415867,1,8755,8524,19,19,19,19,19,1,1,19,60
959,47,30054860,26423,26128,13475,446264,124095,116801,637739,73694,23718639,3227449,67462,79584,591007,391880,104304,409916,1,11519,11422,25,25,25,25,25,1,1,25,30
960,0,34855484,26226,30185,31548,449107,145700,178886,865603,76871,27208158,3849745,77396,83225,773415,433088,98819,527512,1,13823,13296,30,30,30,30,30,1,1,30,87
961,1,25298428,25103,23564,10511,442317,101609,98914,520778,73301,19804836,2752797,57097,69079,513613,319418,100009,385482,1,9676,9626,21,21,21,21,21,1,1,21,22
962,2,22362560,30117,22254,9541,1277418,85741,112535,532481,75002,17012278,1965676,45998,68201,430384,274233,97026,323675,1,7833,7801,17,17,17,17,17,1,1,17,18
963,3,21552367,26186,23001,11547,438561,88592,88436,452024,82633,16963322,2069272,49466,76031,448061,278736,97027,359472,1,8294,8253,18,18,18,18,18,1,1,18,20
964,4,28083873,26606,25579,29586,429758,117298,144158,709720,76677,21861477,3049090,62981,88952,617281,344846,97930,401934,1,11058,10698,24,24,24,24,24,1,1,24,74
965,5,36523213,26976,30254,30089,449702,139883,178052,858016,75979,28458729,4239535,76429,80602,811602,446209,95661,525495,1,14284,13790,31,31,31,31,31,1,1,31,81
966,6,24014760,26082,22923,27992,430574,85862,119658,611857,77020,18352544,2788172,52249,78588,492379,291163,97539,460158,1,9215,8960,20,20,20,20,20,1,1,20,63
967,7,24206338,26054,23807,25243,436974,94562,119756,600905,76702,18619095,2788674,51522,77688,509757,298542,107804,349253,1,9215,8965,20,20,20,20,20,1,1,20,62
968,8,26105782,27438,26905,29335,434336,95003,135027,677651,78481,20034619,3005853,66404,79630,588448,323174,103427,400051,1,10137,9805,22,22,22,22,22,1,1,22,74
969,9,26280277,26291,25576,29243,436455,97995,139360,678227,77202,20132072,3062851,59283,75671,582614,320505,101665,435267,1,10137,9807,22,22,22,22,22,1,1,22,73
970,10,35253476,30915,33129,33458,461840,132736,173523,851981,96715,27219860,4106395,80246,84751,796529,446720,122052,582626,1,13823,13324,30,30,30,30,30,1,1,30,83
971,11,39713224,27862,35580,34064,446765,153487,191536,969052,79381,30997941,4518038,90003,81473,890349,494780,110191,592722,1,15666,15070,34,34,34,34,34,1,1,34,89
972,12,45469137,29504,56338,31688,456600,177677,206110,1074969,79982,35754294,5171441,101111,81141,969288,575887,107840,595267,1,17970,17349,39,39,39,39,39,1,1,39,85
973,13,40026690,28651,36626,32268,461752,153812,182141,960036,79781,31124923,4771622,87955,79058,875356,498827,110159,543723,1,15666,15148,34,34,34,34,34,1,1,34,80
974,14,35685991,27659,42460,29622,441780,135988,185654,845151,76456,27731972,4152031,79236,82012,811057,442902,104783,497228,1,13823,13369,30,30,30,30,30,1,1,30,77
975,15,27945237,29051,29040,28087,437402,106823,132988,683695,76731,21463332,3343743,64759,76774,590979,347050,135576,399207,1,10598,10275,23,23,23,23,23,1,1,23,70
976,16,35779603,31098,35134,33464,451373,143464,168602,869409,83650,27865072,4085665,79657,81451,796732,442489,114304,498039,1,13823,13361,30,30,30,30,30,1,1,30,79
977,17,35632695,29046,31831,29861,456247,148300,171688,889029,76338,27577914,4176090,103921,79274,808238,448876,107229,498813,1,13823,13366,30,30,30,30,30,1,1,30,78
978,18,29750429,27539,28439,29407,448637,136720,142276,723749,76187,22962431,3472192,65469,78746,642941,369727,103438,442531,1,11519,11172,25,25,25,25,25,1,1,25,69
979,19,23098578,25594,23798,28342,450121,90817,113923,593338,77163,17693127,2650097,54423,76642,518649,277084,98638,326822,1,8755,8511,19,19,19,19,19,1,1,19,63
980,20,33067508,27718,23720,29052,706483,134608,189031,896595,76979,25139747,3995009,78515,78399,738060,404356,98446,450790,1,9676,9339,21,21,21,21,21,1,1,21,76
981,21,21988967,26574,21811,31651,444159,86116,135704,622315,75421,16569928,2577105,54403,78672,494402,271157,98258,401291,1,8294,8008,18,18,18,18,18,1,1,18,75
982,22,23030574,25495,22300,10855,530051,90186,90230,501069,75986,17895738,2478173,56747,72428,462647,275160,97963,345546,1,8755,8704,19,19,19,19,19,1,1,19,22
983,23,35213960,27030,41905,21091,436956,137020,136496,752295,74902,27957652,3823773,80652,75455,704127,444597,96054,403955,1,13823,13651,30,30,30,30,30,1,1,30,40
984,24,41743854,26330,31758,29271,446477,170250,187608,959802,75601,32637606,4887078,91208,81231,928613,507199,94641,589181,1,16587,16020,36,36,36,36,36,1,1,36,83
985,25,33035549,26535,28218,32429,445380,149103,170001,823505,81315,25459165,3884988,72922,87986,728834,405460,96303,543405,1,12901,12418,28,28,28,28,28,1,1,28,85
986,26,37697966,28001,30689,31431,447545,153489,175897,904685,77696,29344691,4350637,85675,80476,826242,471699,102288,586825,1,14744,14216,32,32,32,32,32,1,1,32,84
987,27,32080147,25588,29144,29270,430414,127502,148379,755083,77171,24875443,3763491,68942,77777,719319,394181,101508,456935,1,12441,12061,27,27,27,27,27,1,1,27,72
988,28,39107066,28877,29539,37203,453737,158470,177108,915002,76702,30380445,4604000,85800,121879,852377,484666,99682,601579,1,15205,14696,33,33,33,33,33,1,1,33,80
989,29,32227086,27368,28143,17268,433228,129058,133674,688643,76034,25291698,3697935,74421,115567,645312,409667,98421,360649,1,12441,12288,27,27,27,27,27,1,1,27,38
990,30,25307646,29367,26867,28244,448565,102391,132429,682880,77869,19361642,2907218,57739,79406,551028,310116,102849,409036,1,9676,9402,21,21,21,21,21,1,1,21,65
991,31,26256727,26329,26410,26518,449778,107460,129571,647904,77315,20228330,3022281,54563,79847,577211,321193,106075,375942,1,10137,9851,22,22,22,22,22,1,1,22,65
992,32,23916284,25136,25256,12207,440679,97695,92430,489897,76380,18667704,2644429,53231,73156,511251,295166,102574,309093,1,9215,9160,20,20,20,20,20,1,1,20,23
993,33,31780604,24760,27964,31848,432191,133387,144663,864337,77324,24593226,3544232,74818,78685,707955,412090,100552,532572,1,12441,11995,27,27,27,27,27,1,1,27,82
994,34,27600792,24208,27951,11928,442326,114124,109336,576137,76268,21660654,3015124,61482,77561,559374,344548,112193,387578,1,10598,10532,23,23,23,23,23,1,1,23,25
995,35,35284074,25993,30804,17183,458961,146897,144266,764301,77221,27950367,3824874,78762,82744,711844,444065,112182,413610,1,13823,13612,30,30,30,30,30,1,1,30,45
996,36,19503171,24584,20796,10085,486840,78997,84433,395768,77720,15107563,2034475,46611,69007,394332,239682,101020,331258,1,7372,7340,16,16,16,16,16,1,1,16,18
997,37,28620660,26928,25643,12965,443216,117219,113221,585556,76265,22677217,2941781,81715,75409,599573,362291,114211,367450,1,11058,10974,24,24,24,24,24,1,1,24,28
998,38,22932509,25246,22039,21562,438668,93501,103314,530081,76750,17777854,2495171,52532,82989,434508,281238,102051,395005,1,8755,8599,19,19,19,19,19,1,1,19,44
999,39,31049668,25866,26357,22451,445441,129590,134612,698424,76641,24293413,3575356,65342,80131,599358,379701,101856,395129,1,11980,11736,26,26,26,26,26,1,1,26,52
1000,40,29954536,26940,27082,18009,440786,127252,129819,655513,77116,23422944,3463703,66740,79012,561811,370163,98192,389454,1,11519,11341,25,25,25,25,25,1,1,25,43
1001,41,27462994,25903,26000,13319,443757,101832,117572,575039,76310,21575963,3019454,75195,77384,547686,342540,111853,333187,1,10598,10511,23,23,23,23,23,1,1,23,29
1002,42,22045590,26840,23593,15755,437695,79557,92194,483756,77720,16990469,2510079,50143,75718,425800,290041,121472,344758,1,8294,8199,18,18,18,18,18,1,1,18,32
1003,43,18498165,25799,21986,11149,427111,67159,72528,391583,75728,14342102,1894792,41050,82931,392095,227460,99494,325198,1,6912,6879,15,15,15,15,15,1,1,15,18
1004,44,32311285,26441,27073,27229,441143,127197,149637,756213,78136,25211326,3652586,68749,82250,699329,413390,101210,449376,1,12441,12094,27,27,27,27,27,1,1,27,67
1005,45,29995683,25080,27284,15649,453937,117336,121331,643677,76412,23580451,3354858,67277,82586,597012,391946,99793,341054,1,11519,11378,25,25,25,25,25,1,1,25,37
1006,46,17450234,26837,19807,24401,435672,70729,90642,471699,78362,13048169,1987355,39583,80899,350283,210234,110209,405353,1,6451,6294,14,14,14,14,14,1,1,14,55
1007,47,24242068,25570,24384,12106,439414,90726,94335,516741,76395,18899226,2627551,54693,79254,505149,320358,97263,378903,1,9215,9150,20,20,20,20,20,1,1,20,25
1008,0,28614599,27881,26072,32178,447204,110610,146242,728297,78104,22073414,3176851,64253,87252,643076,367555,102297,503313,1,11058,10656,24,24,24,24,24,1,1,24,81
1009,1,25658802,24699,23053,10184,435655,100610,104179,520284,75402,20080516,2850026,55621,73020,509523,327751,96337,371942,1,9676,9625,21,21,21,21,21,1,1,21,22
1010,2,21672928,25326,21718,10736,440068,79704,86520,453273,76402,17078219,2127037,49329,73595,451877,275629,96787,326708,1,8294,8257,18,18,18,18,18,1,1,18,19
1011,3,20474503,25398,21344,11038,441193,82435,77592,423915,85142,16094317,1977372,46732,75113,429866,256998,100925,325123,1,7833,7797,17,17,17,17,17,1,1,17,19
1012,4,24113894,26334,25099,29471,435770,91193,123189,632463,87793,18583602,2648052,55709,76665,519445,312578,97516,369015,1,9215,8915,20,20,20,20,20,1,1,20,72
1013,5,27762932,27720,25289,29523,446744,109877,140593,688439,77057,21234763,3335506,64457,99461,620540,352113,103220,407630,1,10598,10271,23,23,23,23,23,1,1,23,70
1014,6,24415799,26552,22806,26702,449250,91925,126800,613756,77312,18663581,2876323,56967,77636,513439,299263,98712,394775,1,9215,8965,20,20,20,20,20,1,1,20,62
1015,7,15110190,25988,17896,26871,438724,56388,88724,425151,77430,11204073,1756008,34285,76468,331137,184294,95923,270830,1,5529,5379,12,12,12,12,12,1,1,12,58
1016,8,31941599,27740,26840,30176,442349,122965,152433,773844,76936,24657330,3750297,68177,79997,720891,393715,99790,518119,1,12441,12015,27,27,27,27,27,1,1,27,79
1017,9,23109604,25369,22466,30277,453748,87840,120355,597658,83107,17556763,2707162,49782,78497,515080,286501,98644,396355,1,8755,8468,19,19,19,19,19,1,1,19,72
1018,10,34359082,26813,29694,31737,438743,132482,162030,833314,76669,26527796,4074706,83512,79520,791821,428802,100679,540764,1,13362,12905,29,29,29,29,29,1,1,29,79
1019,11,35827067,27030,29125,32754,435146,139260,170232,858572,78294,27675376,4266439,77107,77767,807320,445903,114582,592160,1,13823,13328,30,30,30,30,30,1,1,30,83
1020,12,43543487,26022,33723,28247,453497,172443,191050,989776,78018,34024638,5124214,94496,81802,987299,550835,99048,608379,1,17048,16514,37,37,37,37,37,1,1,37,78
1021,13,34675335,26055,28358,31789,438491,136611,174832,828380,78900,26737185,4219420,76372,77043,780124,424418,112921,504436,1,13362,12916,29,29,29,29,29,1,1,29,78
1022,14,25392302,26117,24208,28569,443856,96682,124608,643489,88310,19441906,2972366,54756,80485,564475,308802,97302,396371,1,9676,9370,21,21,21,21,21,1,1,21,70
1023,15,27541048,26215,25200,27776,433398,108908,142970,680244,87937,21169379,3281738,61059,76895,594802,334410,96206,393911,1,10598,10281,23,23,23,23,23,1,1,23,69
1024,16,31468249,27470,27342,30064,424419,126213,142628,758977,71086,24612914,3483237,69995,89269,694690,394528,99680,415737,1,12441,12039,27,27,27,27,27,1,1,27,75
1025,17,27125899,25520,25360,28654,425709,109602,131301,712563,71457,21010903,2974446,57581,86061,617952,332783,96982,419025,1,10598,10256,23,23,23,23,23,1,1,23,73
1026,18,23662281,26924,23274,28048,436437,97494,118459,604755,71434,18257483,2588358,50397,78956,505048,292489,97991,384734,1,9215,8945,20,20,20,20,20,1,1,20,66
1027,19,23918839,28011,31171,26209,419485,97016,112429,602389,71123,18494220,2647266,54269,75181,520484,298564,111148,329874,1,9215,8970,20,20,20,20,20,1,1,20,61
1028,20,21527560,27197,23704,27719,426843,86389,108194,561677,71724,16443158,2388228,47165,78391,509703,262853,96714,367901,1,8294,8028,18,18,18,18,18,1,1,18,70
1029,21,23886790,25848,23206,31332,419149,97149,131765,619305,72054,18299564,2665149,50697,77683,557877,290830,96403,428779,1,9215,8895,20,20,20,20,20,1,1,20,76
1030,22,20534419,25701,22032,11287,436478,81220,81191,435397,70683,16030744,2094903,45383,74423,437587,260779,99929,326682,1,7833,7791,17,17,17,17,17,1,1,17,20
1031,23,28408360,26287,26645,15665,423819,115088,113617,609094,70639,22578748,2887748,66102,75882,566686,360492,97545,374303,1,11058,10926,24,24,24,24,24,1,1,24,36
1032,24,34197272,25260,28410,27629,425515,164004,153045,813692,72241,26765606,3753716,79247,78048,768439,423044,98591,520785,1,13362,12942,29,29,29,29,29,1,1,29,75
1033,25,31009312,26342,26697,33723,426951,128805,157308,785797,72623,24092916,3406688,66090,100162,665345,386719,97076,536070,1,11980,11521,26,26,26,26,26,1,1,26,85
1034,26,26159230,26299,24569,31122,425050,109344,131357,680564,92461,20159196,2880847,57803,79600,593691,325788,98311,443228,1,10137,9789,22,22,22,22,22,1,1,22,77
1035,27,33056493,27374,28246,30285,426396,136149,151177,792112,72084,25718849,3744429,77550,77899,746943,418622,99545,508833,1,12901,12467,28,28,28,28,28,1,1,28,78
1036,28,38280267,26768,32153,26249,428887,161190,176513,888088,73884,30063181,4288525,83191,79509,858880,478565,99243,515441,1,15205,14738,33,33,33,33,33,1,1,33,75
1037,29,31810100,27385,45753,14618,444146,131057,127293,666875,71461,25156803,3492152,68777,81269,623943,403005,97343,358220,1,12441,12295,27,27,27,27,27,1,1,27,37
1038,30,16017188,25147,19115,25710,427086,74038,94877,460643,73185,12031430,1740895,35405,80257,347048,199143,99948,283261,1,5990,5812,13,13,13,13,13,1,1,13,64
1039,31,29487178,26579,26594,27098,421693,119012,136590,713245,73483,22921295,3342814,68436,76936,625480,375994,96246,435683,1,11519,11180,25,25,25,25,25,1,1,25,69
1040,32,18628820,24340,19480,10468,457188,76747,76110,440490,72573,14385024,1911829,40888,72890,382619,270252,96762,291160,1,6912,6879,15,15,15,15,15,1,1,15,18
1041,33,28169011,26610,25188,31010,435022,118557,151820,733360,72036,21826575,3070388,64367,78681,625281,349500,96626,463990,1,11058,10662,24,24,24,24,24,1,1,24,80
1042,34,18261457,25250,20628,11592,424339,76011,71612,383510,73373,14108531,1904917,41344,75388,396250,223042,98878,326792,1,6912,6880,15,15,15,15,15,1,1,15,18
1043,35,49912721,27047,29111,18181,443890,218007,195323,1107267,71774,39915933,5489992,122836,79694,968796,695529,97497,431844,1,14284,14055,31,31,31,31,31,1,1,31,47
1044,36,16016438,25321,18783,9690,448682,65333,61817,336066,71213,12302894,1640382,42397,70582,317140,196552,100867,308719,1,5990,5967,13,13,13,13,13,1,1,13,15
1045,37,18357197,26489,22277,12083,457732,77532,74555,393170,72406,14240689,1806711,40810,71383,392568,235568,100419,332805,1,6912,6875,15,15,15,15,15,1,1,15,19
1046,38,21973444,30900,24698,22039,436305,92546,103369,522205,73529,16995564,2332184,48481,87984,418279,273602,115967,395792,1,8294,8154,18,18,18,18,18,1,1,18,41
1047,39,29670587,27008,29205,22343,440972,114982,139983,673477,73978,23271975,3234165,81440,83624,581430,361172,105623,429210,1,11519,11302,25,25,25,25,25,1,1,25,49
1048,40,26597746,27180,25711,18192,434844,102216,121295,703804,73449,20734368,2952015,57715,80224,480446,322223,120445,343619,1,10137,9983,22,22,22,22,22,1,1,22,41
1049,41,20931580,27219,24062,13409,436502,80237,83527,450153,74596,16265797,2251750,47614,75073,431184,257729,121296,291432,1,7833,7781,17,17,17,17,17,1,1,17,23
1050,42,18336166,28603,22099,16653,440684,69090,88365,431836,74343,14076908,1924186,39697,74824,356750,223480,110741,357907,1,6912,6838,15,15,15,15,15,1,1,15,29
1051,43,19384730,27954,21496,11737,436696,74012,79459,416154,73529,15101059,1930461,41825,76051,406148,247275,105996,334878,1,7372,7336,16,16,16,16,16,1,1,16,19
1052,44,22884388,26487,25907,27150,445374,84951,113776,573633,73253,17730512,2420206,49189,83043,497102,281262,108227,344316,1,8755,8516,19,19,19,19,19,1,1,19,62
1053,45,27735967,25585,26568,16110,432490,104995,113836,610258,73290,21841942,3015519,64678,81687,560278,348332,101601,318798,1,10598,10479,23,23,23,23,23,1,1,23,34
1054,46,20582903,27077,29620,26236,425271,78247,104687,538115,72997,15717036,2245187,45390,83056,419513,256599,102569,411303,1,7833,7623,17,17,17,17,17,1,1,17,60
1055,47,21691996,25607,23068,11454,439076,81226,85305,451126,72334,16911162,2307140,48819,79828,440557,265232,100754,349308,1,8294,8250,18,18,18,18,18,1,1,18,21
1056,0,35904560,27680,27506,32864,457593,138771,174358,886289,73488,27985453,3991328,80341,83706,790223,497794,96912,560254,1,12441,11993,27,27,27,27,27,1,1,27,82
1057,1,24347364,27189,23695,10089,448117,91698,92739,492522,71959,19023178,2638127,51966,77930,495184,299147,100994,402830,1,9215,9170,20,20,20,20,20,1,1,20,21
1058,2,21611324,24683,22053,9695,427636,84384,85684,467779,71453,17082471,2080918,47627,70016,435809,268422,99742,332952,1,8294,8257,18,18,18,18,18,1,1,18,19
1059,3,21626253,26425,22269,11294,428481,90348,86687,450775,72770,16989286,2133001,73214,74189,460803,273502,107773,325436,1,8294,8253,18,18,18,18,18,1,1,18,20
1060,4,25950810,26729,25074,29040,429786,99841,140322,696185,73143,20212630,2676321,57332,79261,570176,321135,99555,414280,1,10137,9796,22,22,22,22,22,1,1,22,75
1061,5,29667576,25208,26346,30112,426227,117483,150237,769812,73439,23040945,3279864,62676,76800,645275,370242,106962,465948,1,11519,11151,25,25,25,25,25,1,1,25,74
1062,6,19490011,26587,21289,27661,441020,73912,103776,521223,72960,14828033,2168396,43224,77254,410628,240846,97119,336083,1,7372,7164,16,16,16,16,16,1,1,16,62
1063,7,26367691,25148,24843,27505,429836,102805,132006,643253,73546,20416103,2994510,64757,75155,581555,332840,95979,347850,1,10137,9843,22,22,22,22,22,1,1,22,66
1064,8,28648759,25831,26162,30614,440563,111983,138408,703849,73580,22060970,3333269,63672,79392,646895,360291,98227,455053,1,11058,10698,24,24,24,24,24,1,1,24,74
1065,9,24177098,26606,23894,29080,436418,92180,130812,621614,73640,18526556,2751256,51325,87978,522916,298968,99380,404475,1,9215,8925,20,20,20,20,20,1,1,20,70
1066,10,34738398,27173,29392,29612,428533,136020,159292,851003,75413,26946281,4021245,81974,79358,771278,454682,101802,545340,1,13362,12888,29,29,29,29,29,1,1,29,81
1067,11,29751161,25413,27540,30622,434179,120572,147009,738769,73038,23049266,3324041,64832,79712,678367,372949,96997,487855,1,11519,11132,25,25,25,25,25,1,1,25,76
1068,12,36796240,27073,29992,27257,428655,146221,169475,851252,74051,28779711,4123731,77740,77318,818891,530415,122418,512040,1,14284,13844,31,31,31,31,31,1,1,31,74
1069,13,38660682,25892,30122,31882,439116,154647,183334,921875,97850,30170856,4395251,84846,81153,864821,494949,98364,585724,1,15205,14646,33,33,33,33,33,1,1,33,86
1070,14,26145135,26149,26122,28565,437977,105643,134477,663467,73053,20196281,2861577,59568,78542,588834,338024,115510,411346,1,10137,9823,22,22,22,22,22,1,1,22,69
1071,15,25235080,26119,23465,28254,431398,100531,121355,645541,73712,19344475,2936153,55099,88150,562121,318554,97189,382964,1,9676,9378,21,21,21,21,21,1,1,21,69
1072,16,27323546,26738,35105,29168,432380,108359,137667,704021,73846,21070526,3105693,59162,76489,599182,337788,95517,431905,1,10598,10262,23,23,23,23,23,1,1,23,72
1073,17,30770669,26742,27670,28481,437889,123814,156075,745851,74246,23854093,3518356,67776,76761,693527,391057,98641,449690,1,11980,11617,26,26,26,26,26,1,1,26,71
1074,18,25100350,25454,24078,27421,437310,100454,123376,624946,74042,19351405,2825641,55788,79997,544116,322831,109472,374019,1,9676,9400,21,21,21,21,21,1,1,21,64
1075,19,24106909,25076,22918,27618,434182,101237,115022,604153,73296,18583206,2701255,53580,75597,521682,313369,96168,358550,1,9215,8955,20,20,20,20,20,1,1,20,64
1076,20,20634943,26136,21636,30055,435424,83495,111068,561733,74456,15696143,2275158,47533,78871,456878,258595,98469,379293,1,7833,7576,17,17,17,17,17,1,1,17,70
1077,21,19617366,26705,20857,31004,436274,78469,109422,540399,74442,14776513,2224650,45235,103900,436112,246242,97870,369272,1,7372,7120,16,16,16,16,16,1,1,16,73
1078,22,16375907,24609,19029,10442,478415,64472,68751,352100,74216,12490467,1742447,36046,76793,326313,202755,96500,312552,1,5990,5964,13,13,13,13,13,1,1,13,16
1079,23,34514344,25633,28881,24303,428474,144636,138800,743161,72003,27444210,3699558,77636,72417,680282,448317,96721,389312,1,13362,13206,29,29,29,29,29,1,1,29,38
1080,24,32056580,25636,27305,28591,443861,132512,155037,778701,75426,25010096,3512331,73225,81466,710638,420160,100218,481377,1,12441,12038,27,27,27,27,27,1,1,27,74
1081,25,23160818,27703,25401,32158,443870,96297,124771,626274,76830,17577524,2675889,49975,78785,523265,293699,105861,402516,1,8755,8442,19,19,19,19,19,1,1,19,77
1082,26,28843778,27000,26844,31772,430305,118868,148730,743379,75652,22166097,3307158,65253,79752,657209,374367,104398,486994,1,11058,10680,24,24,24,24,24,1,1,24,77
1083,27,29863285,41381,41942,50055,447786,124356,133353,752282,114725,22583091,3486862,66926,136126,653527,370841,171492,688540,1,9676,9368,21,21,21,21,21,1,1,21,71
1084,28,37311657,29588,31139,30653,443933,164356,172266,879145,76282,28943217,4372875,83375,82125,845976,477316,114965,564446,1,14284,13832,31,31,31,31,31,1,1,31,76
1085,29,28890450,28103,39708,15861,463559,129674,122225,645092,74187,22565616,3254806,68015,81096,581945,380414,107288,332861,1,11058,10938,24,24,24,24,24,1,1,24,34
1086,30,20709797,27642,25063,29036,442075,88554,109439,551024,75062,15787680,2293194,47722,76495,455395,266275,105351,329790,1,7833,7603,17,17,17,17,17,1,1,17,65
1087,31,26320141,27479,27472,25779,443807,110983,128969,649026,74642,20369104,2967726,59063,78843,556609,333086,102298,365255,1,10137,9861,22,22,22,22,22,1,1,22,63
1088,32,18675252,25344,22689,10321,443647,77101,75226,395491,74030,14492808,1940026,39985,72403,376794,229759,103833,295795,1,6912,6883,15,15,15,15,15,1,1,15,17
1089,33,25628757,29387,29767,31842,451132,112685,134986,687565,85547,19546077,2806089,160512,82134,589573,324675,125111,431675,1,9676,9350,21,21,21,21,21,1,1,21,74
1090,34,23459606,40617,27524,11749,447736,101491,95307,486304,76514,18307442,2470615,54410,76149,502486,303513,118516,339233,1,8755,8714,19,19,19,19,19,1,1,19,20
1091,35,40226367,28243,34878,27193,446165,175994,177546,878498,74516,31954275,4409839,90344,80704,804724,507175,106268,430005,1,15666,15427,34,34,34,34,34,1,1,34,47
1092,36,16400820,28492,22644,11423,463818,69799,70259,345967,75168,12538504,1674497,37298,86290,330628,202162,111304,332567,1,5990,5967,13,13,13,13,13,1,1,13,15
1093,37,26624014,29656,28580,12478,476242,114455,110690,577664,77364,20936198,2758621,62766,75312,550691,355910,122424,334963,1,10137,10076,22,22,22,22,22,1,1,22,24
1094,38,28882778,32198,32495,20015,489560,126618,123882,653842,82526,22594885,3139134,74880,86698,550714,363619,112236,399476,1,11058,10896,24,24,24,24,24,1,1,24,41
1095,39,36505976,26818,31734,22877,439141,157805,162960,812889,74995,28847204,4085213,82159,83280,709440,471194,102343,395924,1,14284,14002,31,31,31,31,31,1,1,31,54
1096,40,34081467,26147,30198,18548,435086,146957,144813,740571,75499,27007933,3743360,72080,79862,652697,426844,100336,380536,1,13362,13133,29,29,29,29,29,1,1,29,48
1097,41,26386407,25740,24925,12414,432470,112593,115721,563768,74153,20800628,2813295,59331,74663,536938,338055,101080,300633,1,10137,10061,22,22,22,22,22,1,1,22,27
1098,42,28810676,32966,24931,15814,1243423,113955,169272,751171,77637,22038897,2831496,61818,74910,529514,353516,98176,393180,1,10137,10009,22,22,22,22,22,1,1,22,36
1099,43,14931329,25706,17978,10886,430916,63032,62199,321840,74553,11441431,1488499,31911,81826,321941,180599,97154,280858,1,5529,5508,12,12,12,12,12,1,1,12,15
1100,44,27441730,26847,24893,25990,441761,119105,131847,665687,84801,21205836,3120217,72851,84683,610436,340850,96504,389422,1,10598,10321,23,23,23,23,23,1,1,23,62
1101,45,27351970,26158,26286,17478,449752,105126,117957,601114,73792,21486187,2985035,60748,80361,533591,355089,99400,333896,1,10598,10462,23,23,23,23,23,1,1,23,37
1102,46,20558469,36736,20875,24714,452208,79438,106921,537092,76103,15636823,2309138,45423,81247,414943,251545,96897,388366,1,7833,7641,17,17,17,17,17,1,1,17,56
1103,47,25311641,26059,24180,11341,447755,105179,100886,535345,74879,19821124,2748165,55382,77850,512687,314050,108250,348509,1,9676,9616,21,21,21,21,21,1,1,21,24
1104,0,40957850,25571,34140,31539,422358,165475,186827,965556,85766,32097608,4601881,94779,84532,918695,538322,95672,609129,1,16127,15556,35,35,35,35,35,1,1,35,85
1105,1,23958462,25126,23261,9714,426569,91204,94395,491010,75134,18785871,2536883,53207,73083,494538,293447,95468,389552,1,9215,9170,20,20,20,20,20,1,1,20,21
1106,2,20255965,25749,22591,9123,425602,78918,84878,411485,73228,16000308,1946297,43042,76431,412456,246655,98273,300929,1,7833,7801,17,17,17,17,17,1,1,17,18
1107,3,17002211,22809,19586,9413,426672,75051,67160,350636,73705,13264128,1625389,37376,72122,345126,208791,94231,310016,1,6451,6430,14,14,14,14,14,1,1,14,15
1108,4,28657783,25163,25325,28436,433834,111504,143695,715041,75851,22314277,3180696,63977,76461,612941,360649,96612,393321,1,11058,10704,24,24,24,24,24,1,1,24,73
1109,5,23969868,27408,23728,28897,431194,92519,118523,620811,79471,18431664,2734300,52396,77692,509071,298586,97106,346502,1,9215,8940,20,20,20,20,20,1,1,20,67
1110,6,27621569,26521,25171,26207,444582,107727,133042,668343,75281,21364067,3172668,60115,77600,589484,343006,95720,412035,1,10598,10306,23,23,23,23,23,1,1,23,64
1111,7,20583156,26973,21938,25893,437361,80555,105452,526408,75537,15743946,2329235,43770,76298,426367,257917,97446,308060,1,7833,7625,17,17,17,17,17,1,1,17,58
1112,8,25405627,26818,23629,30730,437972,100220,142404,695588,75590,19380148,2962381,57600,76582,607851,317267,97825,373022,1,9676,9350,21,21,21,21,21,1,1,21,75
1113,9,21952408,26486,24024,29049,429064,83921,116754,596016,75720,16613726,2579564,51735,80345,475121,279317,97635,393931,1,8294,8028,18,18,18,18,18,1,1,18,70
1114,10,32330328,26789,28158,30415,433961,110667,155049,780827,75106,25028306,3753659,72805,80413,731045,403084,99483,520561,1,12441,12023,27,27,27,27,27,1,1,27,77
1115,11,27297518,25838,24990,31386,424290,101480,150568,722283,75843,20931144,3125093,59820,78982,631890,343542,96219,474150,1,10598,10222,23,23,23,23,23,1,1,23,79
1116,12,42393125,26201,33675,28881,464329,152932,187042,980725,75488,33190693,4926131,94662,77775,952225,537758,108607,556001,1,16587,16056,36,36,36,36,36,1,1,36,79
1117,13,29705839,27612,25717,31499,445906,108917,154120,746202,76369,22878778,3440075,67228,81598,676898,377367,98370,469183,1,11519,11122,25,25,25,25,25,1,1,25,78
1118,14,42892563,26808,26592,29409,497932,159912,197457,1009346,74887,33728826,4881216,95771,78398,977617,577074,96477,434841,1,12441,12049,27,27,27,27,27,1,1,27,73
1119,15,26545823,25525,25891,30114,433812,94863,126334,651263,76104,20313148,3222122,56168,78136,585457,330272,98397,398217,1,10137,9818,22,22,22,22,22,1,1,22,71
1120,16,21576090,24997,24095,28804,430220,77722,113462,566642,75346,16449164,2460668,46948,78055,473776,277138,96287,352766,1,8294,8024,18,18,18,18,18,1,1,18,71
1121,17,32857173,27463,29686,29855,450993,119634,160080,778263,76338,25623160,3693856,70269,78610,735170,408514,100237,475045,1,12901,12509,28,28,28,28,28,1,1,28,72
1122,18,24002597,25900,24790,26810,425950,89204,113359,592812,76171,18471451,2739720,55011,78723,519031,309956,98495,355214,1,9215,8965,20,20,20,20,20,1,1,20,62
1123,19,25513793,28667,27033,25888,457155,95628,123965,630959,77378,19676027,2927686,57751,80252,533379,317443,102901,351681,1,9676,9451,21,21,21,21,21,1,1,21,56
1124,20,24170673,29528,28128,30186,455581,93162,125233,630154,86386,18482811,2732478,54223,81337,531688,298061,119836,391881,1,9215,8925,20,20,20,20,20,1,1,20,70
1125,21,18496226,30576,24869,31113,459621,81009,123238,530016,82798,13781279,2100971,40358,80240,421278,226727,118255,363878,1,6912,6678,15,15,15,15,15,1,1,15,72
1126,22,15115155,26673,23116,12127,439903,58533,65927,329594,80485,11455796,1616594,33969,71771,299710,186365,107890,306702,1,5529,5508,12,12,12,12,12,1,1,12,15
1127,23,26571522,27537,28319,15251,446743,99280,130691,579353,80767,20840296,2850116,65264,73680,534636,327010,116739,355840,1,10137,10040,22,22,22,22,22,1,1,22,31
1128,24,27747662,30618,29003,29818,444337,107449,137831,718136,78807,21290879,3182713,67879,82890,640019,355252,118043,433988,1,10598,10248,23,23,23,23,23,1,1,23,73
1129,25,29642184,27981,32035,40728,441157,117087,146294,767067,77411,22818351,3351862,65344,83247,681459,362513,106254,523394,1,11519,11101,25,25,25,25,25,1,1,25,81
1130,26,34492861,28104,32163,32229,438020,130327,177248,858100,78766,26752623,3947686,74587,80840,783519,450297,108547,519805,1,13362,12912,29,29,29,29,29,1,1,29,79
1131,27,30944870,29901,32971,32883,446248,124974,151690,762534,78671,23869350,3582930,66578,84271,686026,381019,111531,503293,1,11980,11594,26,26,26,26,26,1,1,26,75
1132,28,31192898,31486,32933,29635,449913,130384,150894,759570,94090,24110907,3573964,74530,83492,682059,385884,112606,490551,1,11980,11605,26,26,26,26,26,1,1,26,73
1133,29,44519187,29253,30626,15851,555164,138097,154502,801998,76406,36842753,4029220,79371,83633,736243,517601,108621,319848,1,11519,11397,25,25,25,25,25,1,1,25,34
1134,30,19996976,30444,26208,28813,437135,104889,114220,530152,86555,15129221,2235781,56200,80432,433273,245535,119226,338892,1,7372,7172,16,16,16,16,16,1,1,16,60
1135,31,27375265,28391,34921,25274,435969,112010,127330,653700,77534,21203866,3143295,63838,77566,559041,352600,99266,380664,1,10598,10330,23,23,23,23,23,1,1,23,60
1136,32,21794129,26543,23208,11958,444710,79939,87531,446481,74354,16957774,2388250,46578,75909,449345,270315,100118,311116,1,8294,8252,18,18,18,18,18,1,1,18,20
1137,33,25170419,28572,27359,31499,444339,96731,130498,674196,76809,19287546,2782008,60694,79609,570376,322205,103839,454139,1,9676,9344,21,21,21,21,21,1,1,21,75
1138,34,19496611,34676,23356,10343,434240,74512,83899,415097,75383,15105525,2051215,44229,76340,405503,237844,104332,320117,1,7372,7344,16,16,16,16,16,1,1,16,17
1139,35,34666852,29331,31047,18356,481753,130353,145434,753294,75326,27329646,3886786,79356,93613,666040,448687,104368,393462,1,13362,13163,29,29,29,29,29,1,1,29,44
1140,36,17187777,24656,20091,9836,444024,65795,70950,369161,75371,13215048,1804567,36459,69686,342309,211108,99635,329081,1,6451,6425,14,14,14,14,14,1,1,14,16
1141,37,22791843,24373,22470,10833,438893,88055,89306,476500,74550,17903094,2334224,51008,72513,495682,287201,96351,326790,1,8755,8709,19,19,19,19,19,1,1,19,21
1142,38,32849013,27678,27978,19706,435952,135103,141294,740982,77015,25881083,3639501,79453,84079,629382,413116,94945,421746,1,12901,12677,28,28,28,28,28,1,1,28,48
1143,39,35377159,26810,28458,21941,447002,135294,157420,785461,75749,27895172,4021358,78628,82126,689589,455228,94763,382160,1,13823,13560,30,30,30,30,30,1,1,30,52
1144,40,26266463,26156,24581,17372,442844,109104,113761,591376,77009,20533297,2920893,58682,83217,490158,338183,98097,341733,1,10137,9988,22,22,22,22,22,1,1,22,40
1145,41,18317416,26625,29408,23252,431048,71246,72001,389487,75733,14150418,1946618,40948,73353,383886,230301,95717,277375,1,6912,6874,15,15,15,15,15,1,1,15,20
1146,42,27408730,25832,25311,15225,437989,108532,113058,599448,75929,21536821,2942733,59973,74710,553306,355058,94781,390024,1,10598,10473,23,23,23,23,23,1,1,23,35
1147,43,21693032,25666,21802,11571,441946,84717,98504,463036,75549,16945109,2253375,50792,75712,451144,276175,95583,322351,1,8294,8247,18,18,18,18,18,1,1,18,21
1148,44,26321676,26101,24762,26095,480369,107884,131848,751355,85228,20239033,2915679,61477,81031,561485,338499,93683,397147,1,10137,9866,22,22,22,22,22,1,1,22,62
1149,45,24108835,25315,23196,15666,441979,92941,109794,523384,77059,18801809,2684833,53108,77547,471740,300458,95035,314971,1,9215,9115,20,20,20,20,20,1,1,20,32
1150,46,24042109,27849,22124,24946,434299,95180,124351,604683,76978,18487423,2716574,51729,82798,486833,301757,97056,407529,1,9215,8975,20,20,20,20,20,1,1,20,60
1151,47,27474832,24264,24908,11387,446778,105274,107902,574047,75876,21569988,2968615,63334,76725,563510,357683,95577,408964,1,10598,10525,23,23,23,23,23,1,1,23,26
1152,0,41938478,26284,33209,35088,433371,167822,207052,1017509,77543,32807450,4718781,94427,81640,906856,533995,108164,689287,1,16587,15912,36,36,36,36,36,1,1,36,95
1153,1,24320426,25115,33611,9924,437996,92533,93776,504256,75850,18978289,2653903,53704,71784,492695,301678,95848,399464,1,9215,9170,20,20,20,20,20,1,1,20,21
1154,2,26185432,25586,25676,10904,454573,99436,103310,537179,75145,20805765,2576704,57338,73023,532967,337783,94561,375482,1,10137,10082,22,22,22,22,22,1,1,22,23
1155,3,22906785,27178,23334,10911,448751,88417,87622,474705,76893,18069553,2275552,49859,73064,462759,296276,98003,343908,1,8755,8714,19,19,19,19,19,1,1,19,20
1156,4,30538182,25422,26645,29288,434774,123279,140755,751278,76873,23878437,3303119,65979,77833,675477,384557,95355,449111,1,11980,11582,26,26,26,26,26,1,1,26,76
1157,5,29407173,26928,26036,29745,429830,113260,142945,722897,77462,22740684,3385704,59824,80777,659091,377383,99424,435183,1,11519,11157,25,25,25,25,25,1,1,25,73
1158,6,21699434,27569,24882,28924,453495,86735,111726,561165,79975,16496290,2459659,47844,77543,493089,262601,101233,386704,1,8294,8057,18,18,18,18,18,1,1,18,64
1159,7,23960014,25778,24701,25988,435238,95371,118231,594971,88380,18414584,2761075,50046,78730,498092,285881,103011,359937,1,9215,8965,20,20,20,20,20,1,1,20,62
1160,8,32984256,27135,29003,29843,432708,131784,150394,789801,78801,25415638,3857735,80309,77040,849905,406136,121463,506561,1,12901,12460,28,28,28,28,28,1,1,28,79
1161,9,26373294,27045,27274,31275,433706,106189,139210,725256,77454,20216471,2991995,57850,79158,608216,325072,105896,421227,1,10137,9787,22,22,22,22,22,1,1,22,76
1162,10,37185379,27008,39577,30853,438453,136335,175454,895332,77535,28927137,4273753,82303,81243,859035,462027,101934,577400,1,14744,14232,32,32,32,32,32,1,1,32,82
1163,11,33581080,26354,29911,32657,452901,121058,160306,813181,78013,26018808,3875091,74393,79795,763116,407765,102182,545549,1,12901,12439,28,28,28,28,28,1,1,28,82
1164,12,60678803,50395,45813,47490,546150,179121,217413,1229514,115825,49438175,5742266,105421,126563,1075945,703351,141552,913809,1,15666,15130,34,34,34,34,34,1,1,34,82
1165,13,36243938,26906,33091,34656,452564,136971,170244,875272,81014,28113902,4236779,87640,80346,806754,441487,102552,563760,1,14284,13762,31,31,31,31,31,1,1,31,85
1166,14,36707775,30151,34114,31459,436819,137417,172266,889603,78848,28470734,4289641,81049,85518,834886,452570,115108,567592,1,14284,13795,31,31,31,31,31,1,1,31,80
1167,15,29840455,27100,29194,28445,432789,109890,143708,737964,77062,23023295,3540959,65396,78646,663601,372682,100607,409117,1,11519,11153,25,25,25,25,25,1,1,25,73
1168,16,28360064,26789,26602,28852,441533,114052,138037,700257,77540,21851246,3318989,63533,79185,634385,348514,97999,412551,1,11058,10698,24,24,24,24,24,1,1,24,74
1169,17,31859345,24488,28145,28303,434822,119914,143732,754505,77746,24732815,3695511,68940,77612,720994,398302,100028,453488,1,12441,12053,27,27,27,27,27,1,1,27,73
1170,18,25581703,28495,28749,29781,451912,97428,130299,642707,101114,19666191,2944875,57454,81283,542598,308643,111813,358361,1,9676,9400,21,21,21,21,21,1,1,21,64
1171,19,27631778,32839,27213,36841,443685,104098,129196,675318,78370,21328518,3196454,69840,76545,627503,363065,99650,342643,1,10598,10315,23,23,23,23,23,1,1,23,63
1172,20,31016654,26407,27901,30251,431155,116551,148866,772800,78012,23971142,3599171,71218,79146,698537,385720,101385,478392,1,11980,11587,26,26,26,26,26,1,1,26,75
1173,21,30773022,35891,27098,29841,435842,114136,141602,755953,78733,23837730,3532167,69378,77670,684984,379954,101678,470365,1,11980,11588,26,26,26,26,26,1,1,26,76
1174,22,23146628,29670,28225,13640,445255,89425,92916,500095,82688,17980747,2515814,50533,75692,466007,280449,112708,382764,1,8755,8700,19,19,19,19,19,1,1,19,23
1175,23,36919573,26899,31636,16228,434316,141050,152102,780148,77492,29368831,4027048,81546,83726,741086,474428,102568,380469,1,14284,14111,31,31,31,31,31,1,1,31,40
1176,24,37476515,26890,29485,31283,434193,144421,166812,894241,78269,29348904,4207867,85124,78558,830338,481008,100036,539086,1,14744,14248,32,32,32,32,32,1,1,32,80
1177,25,31711274,27207,27003,33089,436136,125676,158119,795716,78498,24526371,3634799,70965,78488,702755,389261,103568,523623,1,12441,11975,27,27,27,27,27,1,1,27,84
1178,26,39176995,30382,29650,35138,520423,150158,188438,955788,85299,30414596,4605404,92523,93562,884462,505410,110027,475735,1,10598,10223,23,23,23,23,23,1,1,23,79
1179,27,32106469,26940,31127,31213,439096,122908,150527,792563,79011,24825067,3696854,73578,80631,716474,406130,103779,530571,1,12441,12026,27,27,27,27,27,1,1,27,77
1180,28,46832272,26734,30432,30225,472410,188579,205501,1066651,77814,36843405,5404488,108283,79202,1073388,607954,101957,515249,1,13823,13357,30,30,30,30,30,1,1,30,79
1181,29,32358818,26759,29683,14287,438394,122409,133849,684964,77663,25413030,3748638,68778,83323,635900,401203,101898,378040,1,12441,12302,27,27,27,27,27,1,1,27,36
1182,30,24042746,24727,24278,27923,445288,92856,120007,609785,76801,18549293,2704295,53325,76963,518817,300077,100039,318272,1,9215,8945,20,20,20,20,20,1,1,20,66
1183,31,36672416,25223,31264,26663,421609,143464,174622,843577,78749,28784467,4170044,84184,77014,802593,459928,95778,453237,1,14284,13883,31,31,31,31,31,1,1,31,69
1184,32,26220236,33916,24851,10585,434244,97119,96434,542621,71527,20715985,2741408,60104,76628,543966,334712,100442,335694,1,10137,10075,22,22,22,22,22,1,1,22,24
1185,33,22603596,25501,22805,29543,430107,90863,119667,618974,71918,17446619,2387573,50576,80895,504627,287535,96214,340179,1,8755,8458,19,19,19,19,19,1,1,19,74
1186,34,18168961,25128,19757,9352,429552,70770,71790,375991,71815,14139582,1823971,41005,77566,370118,224764,96306,321494,1,6912,6888,15,15,15,15,15,1,1,15,16
1187,35,36034648,25906,29796,17652,432642,140285,145851,772243,72210,28794291,3765470,79955,94169,723486,458790,95821,386081,1,14284,14070,31,31,31,31,31,1,1,31,45
1188,36,18184581,24773,20761,9910,443052,70698,79399,402589,71606,14172954,1774847,38404,73176,367143,215427,99432,320410,1,6912,6883,15,15,15,15,15,1,1,15,17
1189,37,23792850,25797,23654,10887,448202,93413,86810,489058,71436,18850839,2349509,52054,71756,490134,292781,96170,340350,1,9215,9165,20,20,20,20,20,1,1,20,22
1190,38,27072972,26565,24593,20254,426841,107634,126140,634319,71903,21354072,2771996,58171,94242,525861,336221,94801,399359,1,10598,10410,23,23,23,23,23,1,1,23,46
1191,39,34070381,27148,29258,20003,436321,132040,145865,737317,72255,27037940,3694048,71047,79362,649161,425185,95738,417693,1,13362,13110,29,29,29,29,29,1,1,29,51
1192,40,33861783,25609,29897,17769,430865,132993,141363,728438,74073,26926684,3660669,72511,81003,639689,416345,99486,384389,1,13362,13148,29,29,29,29,29,1,1,29,46
1193,41,27057187,25555,25108,11907,427571,109781,109582,562195,71689,21479357,2811065,56241,76316,526096,332371,95442,336911,1,10598,10516,23,23,23,23,23,1,1,23,28
1194,42,29687161,29234,30307,16345,459559,124729,126318,657892,74264,23489035,3015800,65631,78631,598850,367584,105837,447145,1,11519,11372,25,25,25,25,25,1,1,25,38
1195,43,18959453,29611,27249,14254,419054,74926,80979,398808,80741,14708067,1894375,40982,88830,390758,233338,120332,357149,1,6912,6879,15,15,15,15,15,1,1,15,18
1196,44,27279193,25748,26007,25772,431526,107917,125444,671436,72769,21307696,2903783,58300,81472,586295,368303,101218,385507,1,10598,10321,23,23,23,23,23,1,1,23,62
1197,45,21536636,25764,23645,16102,430368,84866,93712,483977,72749,16821599,2247762,47083,80441,432691,272367,100118,303392,1,8294,8202,18,18,18,18,18,1,1,18,31
1198,46,20492052,33944,22148,27490,425482,80622,105870,531979,72659,15685459,2196215,48103,85086,421523,260261,96505,398706,1,7833,7624,17,17,17,17,17,1,1,17,60
1199,47,20508433,25742,22672,11598,426516,80927,80774,434890,72068,15969195,2136673,44186,76555,431760,251591,101602,341684,1,7833,7793,17,17,17,17,17,1,1,17,20
1200,0,42952846,26422,33096,30508,424834,178472,187586,1019561,73320,33895678,4735731,100349,81942,923648,568073,108155,565471,1,17048,16432,37,37,37,37,37,1,1,37,87
1201,1,27331592,26031,24998,9994,430126,110340,105615,568559,71962,21548966,2892764,61186,75011,543044,350849,97561,414586,1,10598,10537,23,23,23,23,23,1,1,23,24
1202,2,21407740,24950,22106,9821,424368,85872,83017,451864,71685,16967519,1985074,49284,72605,448583,276618,97345,337029,1,8294,8257,18,18,18,18,18,1,1,18,19
1203,3,21460262,24457,21640,10060,425838,86528,81570,452303,73615,16993442,2025204,47077,79881,447464,272560,96783,321840,1,8294,8257,18,18,18,18,18,1,1,18,19
1204,4,29203623,26489,26340,28436,422896,123742,134447,716174,73058,22809235,3136973,66742,77883,642774,368242,96756,453436,1,11519,11158,25,25,25,25,25,1,1,25,72
1205,5,35243751,25481,30416,30784,425831,142990,163634,834549,74808,27486953,4055456,77295,79751,775362,447469,103648,489324,1,13823,13379,30,30,30,30,30,1,1,30,77
1206,6,17267338,34853,22417,25596,434777,69236,92459,472513,73769,13034355,1931432,39770,76645,366579,217097,105081,270759,1,6451,6284,14,14,14,14,14,1,1,14,57
1207,7,31449092,29697,26592,25300,601125,113635,164863,784721,76689,25054626,3084897,63766,78823,560861,379839,106316,297342,1,9215,8995,20,20,20,20,20,1,1,20,56
1208,8,43265936,34232,52560,51494,438924,160201,168422,962790,124030,34321487,4333754,88855,141355,877349,504621,176417,829445,1,12901,12467,28,28,28,28,28,1,1,28,78
1209,9,38754336,32945,37698,46584,606812,119741,176371,885380,113580,31222894,3415642,74040,138599,649487,426017,170966,637580,1,8755,8477,19,19,19,19,19,1,1,19,70
1210,10,33252757,27465,28840,31970,433610,126003,155782,808575,73409,25807977,3806561,73763,82576,733191,422768,125575,514692,1,12901,12439,28,28,28,28,28,1,1,28,82
1211,11,49656202,26457,29784,30847,428723,185783,209133,1117039,73045,39175211,5695567,118975,79373,1143834,665283,101920,575228,1,14744,14232,32,32,32,32,32,1,1,32,82
1212,12,41038911,26301,31493,29361,431398,162222,182633,972340,73900,32176883,4669261,93130,82471,930737,526651,101232,548898,1,16127,15578,35,35,35,35,35,1,1,35,82
1213,13,37588170,26154,30381,29675,426717,144268,166823,881318,82722,29388238,4278772,88082,80116,842525,477186,98227,546966,1,14744,14224,32,32,32,32,32,1,1,32,83
1214,14,35383981,26209,67415,28571,425067,141068,165287,888182,73870,27624789,3906187,85183,80813,805130,463418,96271,506521,1,13823,13367,30,30,30,30,30,1,1,30,77
1215,15,28879334,40878,40970,45771,426308,109817,132033,748359,100869,22044286,3226899,63566,123276,628239,366806,178400,602857,1,10137,9830,22,22,22,22,22,1,1,22,69
1216,16,28575097,24687,25994,28818,427341,118102,130946,709256,74887,22206284,3206393,67626,77957,631910,363786,100481,380629,1,11058,10716,24,24,24,24,24,1,1,24,71
1217,17,36371477,26823,46714,29241,437687,136208,158575,846289,75382,28486040,4139989,79185,78483,818055,458668,103659,450479,1,14284,13846,31,31,31,31,31,1,1,31,74
1218,18,20597899,26924,22118,26416,433831,80490,103223,534777,74816,15735710,2301044,45951,76691,429099,267270,101838,337701,1,7833,7623,17,17,17,17,17,1,1,17,59
1219,19,23089391,26621,22594,24740,432049,87543,109214,581822,73915,17648929,2711002,52648,76076,504502,295681,99118,342937,1,8755,8530,19,19,19,19,19,1,1,19,59
1220,20,26402364,25322,24429,29419,438908,100020,127869,668445,74468,20284548,3026468,60488,77425,597957,330159,109628,426811,1,10137,9798,22,22,22,22,22,1,1,22,74
1221,21,26449396,26947,25181,27799,450334,101608,120869,655243,74068,20376417,3045638,68128,76726,596997,330737,109935,362769,1,10137,9829,22,22,22,22,22,1,1,22,70
1222,22,19558779,24802,22306,11093,427490,74028,86223,420248,73659,15157025,2070046,45656,73589,407263,246071,96653,322627,1,7372,7332,16,16,16,16,16,1,1,16,20
1223,23,29700254,26161,26488,14613,498978,110943,119777,651725,73714,23501374,3099745,66743,73548,596556,383802,96629,359458,1,11519,11391,25,25,25,25,25,1,1,25,35
1224,24,43437582,26417,46630,29176,428688,166965,190319,990471,74715,34167088,4974367,97278,77872,941531,549133,96482,580450,1,17048,16482,37,37,37,37,37,1,1,37,82
1225,25,30664436,25770,27015,31872,447189,120756,149035,771280,74726,23676693,3482015,72633,79568,697019,397749,94669,516447,1,11980,11539,26,26,26,26,26,1,1,26,82
1226,26,29732616,27415,26688,30927,433194,112916,143915,732705,74644,22951009,3444867,66513,78535,654772,369207,100600,484709,1,11519,11144,25,25,25,25,25,1,1,25,75
1227,27,27402938,25238,24464,28791,441312,102697,128242,670730,75508,21191302,3139304,59227,76303,585471,339604,100344,414401,1,10598,10273,23,23,23,23,23,1,1,23,70
1228,28,37550562,26535,30270,26363,429538,147841,160210,853056,74749,29460824,4256967,81753,79501,823931,471941,100080,527003,1,14744,14296,32,32,32,32,32,1,1,32,74
1229,29,41121092,25987,32787,15434,431549,159266,163653,855298,84522,32731637,4595642,93107,85480,814100,542380,102111,388139,1,16127,15921,35,35,35,35,35,1,1,35,43
1230,30,25037046,26284,23590,29329,432262,96967,125190,652299,75161,19306156,2783157,54595,78193,567570,313533,99711,373049,1,9676,9381,21,21,21,21,21,1,1,21,69
1231,31,25192760,25818,23681,25916,434340,97098,117047,613175,82816,19386809,2894050,59564,78429,588452,314013,96993,354559,1,9676,9418,21,21,21,21,21,1,1,21,62
1232,32,18613722,24554,19792,10149,440348,68825,75530,383047,73221,14421655,1987563,40891,69788,380134,225159,97669,295397,1,6912,6883,15,15,15,15,15,1,1,15,17
1233,33,28508799,25035,25312,30392,432984,113097,142507,724777,74589,22027153,3210476,62003,74979,649617,366037,107966,441875,1,11058,10680,24,24,24,24,24,1,1,24,77
1234,34,26475716,26424,24165,10822,434256,106726,103790,540594,72758,20895312,2749177,60871,79771,549474,340215,99435,381926,1,10137,10082,22,22,22,22,22,1,1,22,23
1235,35,42937813,27030,33831,18980,466054,177483,174488,960818,74749,34291328,4556673,96328,85665,845123,559320,111643,458300,1,17048,16739,37,37,37,37,37,1,1,37,54
1236,36,17150170,24770,20664,9893,442049,67559,69191,353134,73388,13272112,1708429,35912,68854,347578,209742,103173,343722,1,6451,6425,14,14,14,14,14,1,1,14,16
1237,37,30561439,26860,24727,11651,626649,121819,121342,623537,73728,24304571,3013990,67654,73605,644424,386518,110644,329720,1,8294,8248,18,18,18,18,18,1,1,18,21
1238,38,27459710,26496,26971,20495,433022,108410,122478,624928,75581,21480960,3038152,62758,86475,523245,341216,115811,372712,1,10598,10410,23,23,23,23,23,1,1,23,46
1239,39,34367144,25426,29288,20013,431866,139250,149021,749960,75813,27193329,3852507,74814,80658,646472,434878,101428,362421,1,13362,13124,29,29,29,29,29,1,1,29,49
1240,40,33096366,25550,28825,17309,436901,138441,135647,697179,76452,26151867,3705214,68124,82084,637409,410454,97902,387008,1,12901,12705,28,28,28,28,28,1,1,28,44
1241,41,29599865,25542,25694,13090,437939,127283,117856,608591,94654,23479242,3130368,63370,76419,571750,378863,97247,351957,1,11519,11423,25,25,25,25,25,1,1,25,30
1242,42,29316667,26242,26040,14940,441142,118829,112885,632254,74895,23326362,2967247,63504,74227,585263,376372,96445,380020,1,11519,11378,25,25,25,25,25,1,1,25,37
1243,43,16033761,25785,20562,10652,429361,64834,64948,342539,73644,12384874,1591603,34671,84555,333123,198928,98226,275456,1,5990,5964,13,13,13,13,13,1,1,13,16
1244,44,25090881,27279,24280,25356,428094,103833,128755,624922,75112,19411961,2712054,56677,84081,545299,337416,98655,407107,1,9676,9425,21,21,21,21,21,1,1,21,60
1245,45,23117869,25200,22507,16070,445030,92270,102399,512672,73388,18004676,2534475,51203,82007,450533,290657,97845,316937,1,8755,8652,19,19,19,19,19,1,1,19,33
1246,46,21890927,26046,22926,25805,435799,90640,107106,557221,75854,16708859,2436619,49703,85822,465025,280728,97051,425723,1,8294,8075,18,18,18,18,18,1,1,18,60
1247,47,23051122,24354,22068,11267,447065,101901,87941,486597,73565,17924839,2521369,53598,77907,484386,291176,97874,345215,1,8755,8704,19,19,19,19,19,1,1,19,22
1248,0,41503944,27756,34343,31327,436353,173683,189542,965153,76354,32620912,4632730,90942,80125,911821,519739,99928,613236,1,16587,15993,36,36,36,36,36,1,1,36,86
1249,1,29576500,25862,27305,10324,446743,118000,112188,603597,74606,23484869,3082342,66326,69532,585256,364866,99927,404757,1,11519,11447,25,25,25,25,25,1,1,25,26
1250,2,18005347,24196,20506,9068,426968,71130,80969,388292,75472,14099630,1693000,39663,71248,366030,231242,107369,300564,1,6912,6887,15,15,15,15,15,1,1,15,16
1251,3,21347739,25164,22134,10632,434430,87712,83784,449059,75324,16881602,2043308,45950,69865,432352,263916,107515,314992,1,8294,8257,18,18,18,18,18,1,1,18,19
1252,4,25710073,26092,25296,28769,442006,107868,124449,647221,95447,20008772,2735766,56674,76770,551567,315762,96264,371350,1,10137,9810,22,22,22,22,22,1,1,22,72
1253,5,37132764,26947,30221,29823,431041,161584,177623,884971,81060,28978219,4291883,83906,79419,822750,467078,112504,473735,1,14744,14256,32,32,32,32,32,1,1,32,79
1254,6,32837585,30457,33157,40001,558048,107317,134927,723870,115179,26333534,2958500,65046,125668,570795,365230,157744,518112,1,8294,8070,18,18,18,18,18,1,1,18,61
1255,7,20436879,26283,22526,24990,440491,85690,101954,524678,76164,15543637,2396413,44847,76827,424659,244166,102091,301463,1,7833,7634,17,17,17,17,17,1,1,17,56
1256,8,27446602,25259,25153,28765,428898,113405,135272,701868,78272,21124887,3182050,58956,74529,620693,343033,99715,405847,1,10598,10262,23,23,23,23,23,1,1,23,72
1257,9,29582439,27408,30229,31050,431436,124913,157371,818460,77547,22826128,3340003,61587,77947,648944,352623,104115,472678,1,11519,11137,25,25,25,25,25,1,1,25,76
1258,10,36300136,27730,33157,31105,439810,146654,171526,901353,77076,28188243,4179399,81996,82184,820270,447742,102093,569798,1,14284,13784,31,31,31,31,31,1,1,31,82
1259,11,41199736,27833,34642,32439,437528,168974,189991,963192,78261,32171547,4759638,87513,80561,903277,522756,108300,633284,1,16127,15538,35,35,35,35,35,1,1,35,87
1260,12,38915080,27660,32192,30365,449906,156642,181844,904339,77016,30196257,4683879,83288,81565,875010,475504,102486,557127,1,15205,14696,33,33,33,33,33,1,1,33,80
1261,13,39534700,26557,33373,31198,436694,154659,180262,922366,76622,30771508,4654525,84105,77614,870593,492683,103963,617978,1,15666,15105,34,34,34,34,34,1,1,34,85
1262,14,34146007,26394,30301,37866,440153,130003,155909,814070,75511,26452286,4063161,74746,80161,776654,412872,103224,472696,1,13362,12925,29,29,29,29,29,1,1,29,76
1263,15,21725388,26324,22559,27943,436099,92108,113360,572455,75986,16481504,2517246,49599,88418,494580,274909,100001,352297,1,8294,8034,18,18,18,18,18,1,1,18,69
1264,16,32434634,28497,29029,30438,438837,126384,152406,794620,76888,25031717,3871675,72381,80262,714812,407519,118980,460189,1,12441,12026,27,27,27,27,27,1,1,27,77
1265,17,40969161,28648,34841,29757,447766,159976,188315,978043,76923,31960027,4695251,95567,117776,901047,542819,102592,609813,1,16127,15581,35,35,35,35,35,1,1,35,82
1266,18,28931499,27103,27995,27982,434126,99905,134393,694255,86874,22358036,3387109,63529,79470,619215,357460,102163,431884,1,11058,10734,24,24,24,24,24,1,1,24,68
1267,19,25215473,27750,25112,26732,434475,87694,128617,607960,76287,19445115,2901521,56376,78383,529290,326419,102881,360861,1,9676,9424,21,21,21,21,21,1,1,21,61
1268,20,28531135,26788,28609,30636,429772,101831,137977,814801,78353,21951036,3218532,64303,78044,652391,358227,101158,458677,1,11058,10680,24,24,24,24,24,1,1,24,77
1269,21,23926754,27843,24066,29890,433801,82978,114348,612245,77151,18322853,2761851,52994,78277,517317,287267,102675,401198,1,9215,8920,20,20,20,20,20,1,1,20,71
1270,22,19855941,26712,22232,13124,449376,68546,81051,423834,74801,15316782,2150001,51508,74121,410908,247988,101421,343536,1,7372,7332,16,16,16,16,16,1,1,16,20
1271,23,45249012,37226,25657,15522,601193,133199,154871,818875,80390,37702762,3800485,86701,73646,724131,517370,98476,378508,1,10598,10481,23,23,23,23,23,1,1,23,34
1272,24,56077067,28678,43418,45112,432768,167371,190302,1101246,121871,45858325,5127705,106461,136729,998190,649768,144003,925120,1,14744,14224,32,32,32,32,32,1,1,32,83
1273,25,30597380,26954,27887,33880,436991,113826,149998,766980,77141,23578358,3576553,67896,78640,672493,376709,98594,514480,1,11980,11526,26,26,26,26,26,1,1,26,84
1274,26,31149856,27302,31429,33810,443474,114213,156030,790982,79152,24007889,3633047,66933,78870,683292,380603,108373,514457,1,11980,11557,26,26,26,26,26,1,1,26,81
1275,27,26452246,26250,25947,29228,441335,96906,125867,673810,76450,20211071,3158046,57596,78627,593341,332736,101970,423066,1,10137,9811,22,22,22,22,22,1,1,22,73
1276,28,28640384,26738,25724,32020,439576,106502,135764,719036,85881,22036455,3361099,65135,80096,624953,370385,98879,432141,1,11058,10674,24,24,24,24,24,1,1,24,78
1277,29,34340643,26063,29185,15934,449559,127165,133510,717857,85818,27128661,3893410,76481,77082,678275,427628,95768,378247,1,13362,13198,29,29,29,29,29,1,1,29,39
1278,30,27616358,25806,25237,28472,441005,100920,132603,675229,95070,21243011,3256478,63668,77366,614305,348378,97345,391465,1,10598,10288,23,23,23,23,23,1,1,23,67
1279,31,27566343,25613,25331,26599,435826,103269,125785,679801,76971,21249979,3271399,63758,77323,586694,350532,95778,371685,1,10598,10302,23,23,23,23,23,1,1,23,65
1280,32,21973052,27126,21801,12030,441152,80130,86109,469710,75331,17111155,2372998,50880,73735,453672,277586,98423,321214,1,8294,8248,18,18,18,18,18,1,1,18,21
1281,33,26264401,26640,37480,30908,429906,99397,136101,693814,76392,20223435,2938080,60140,75930,588875,332151,96380,418772,1,10137,9789,22,22,22,22,22,1,1,22,76
1282,34,27657491,26822,25186,11303,439634,101641,110241,570858,75777,21780454,2991415,62849,87914,571866,356792,96374,348365,1,10598,10537,23,23,23,23,23,1,1,23,24
1283,35,34172820,26554,29262,18257,434794,136086,139358,739647,76907,27063007,3722249,77032,83010,653462,439077,97537,436581,1,13362,13148,29,29,29,29,29,1,1,29,46
1284,36,19566198,24558,21240,10564,439650,72640,76905,404060,75599,15180900,2035528,45101,71996,409869,267282,95407,334899,1,7372,7340,16,16,16,16,16,1,1,16,18
1285,37,21790329,25069,22300,12352,434216,81720,87425,497262,84912,17052633,2193099,49418,73008,481521,279497,95238,320659,1,8294,8244,18,18,18,18,18,1,1,18,22
1286,38,25465499,28625,26766,22078,442572,97447,115247,588345,77667,19791991,2762254,60790,90116,499438,330402,108639,423122,1,9676,9505,21,21,21,21,21,1,1,21,45
1287,39,28609852,24591,25793,20376,433116,113262,121262,651804,76635,22370590,3248299,62639,82702,559482,369690,98963,350648,1,11058,10866,24,24,24,24,24,1,1,24,46
1288,40,35287360,26438,30079,18425,434799,131080,155601,748150,76453,27905182,3992229,80170,81322,669957,450194,99848,387433,1,13823,13599,30,30,30,30,30,1,1,30,47
1289,41,26340445,25728,25560,11905,442602,107532,106965,552916,76379,20705788,2876700,58626,76827,516707,335981,96704,323525,1,10137,10061,22,22,22,22,22,1,1,22,27
1290,42,26390690,26631,24641,15062,455844,98452,105923,570753,86882,20699439,2836506,58003,75378,527570,337251,95697,376658,1,10137,10026,22,22,22,22,22,1,1,22,33
1291,43,52990855,37048,30749,15026,581691,131006,133861,800214,128083,44786779,4098956,103686,151041,763922,541337,207995,479461,1,7372,7336,16,16,16,16,16,1,1,16,19
1292,44,27229276,25750,24358,26032,432976,106081,132835,666221,77013,21174497,2990174,62218,83051,581374,338983,98207,409506,1,10598,10324,23,23,23,23,23,1,1,23,61
1293,45,36436335,28356,28258,16994,726640,136345,158536,777991,77652,28563638,4169759,82556,91972,697063,461547,102138,316890,1,11058,10932,24,24,24,24,24,1,1,24,35
1294,46,20551205,26581,21898,28049,434158,77672,108120,545267,77893,15612167,2326763,46477,86019,422579,249319,111413,376830,1,7833,7623,17,17,17,17,17,1,1,17,60
1295,47,20733110,25498,21962,10987,453527,77292,81636,431771,75264,16051343,2246161,43897,101753,427326,254951,99545,330197,1,7833,7793,17,17,17,17,17,1,1,17,20
1296,0,38866450,25669,31587,31710,433107,148962,189621,943484,77848,30197682,4481235,88258,82622,869787,492320,107506,665052,1,15205,14640,33,33,33,33,33,1,1,33,87
1297,1,28607781,26123,25835,11509,442708,107682,110708,569917,85748,22571547,3100005,63234,72245,577357,353231,97776,392156,1,11058,10992,24,24,24,24,24,1,1,24,25
1298,2,18122597,24230,20358,9769,438051,67204,69848,373585,76628,14115050,1807586,41612,67190,361300,230047,97295,322844,1,6912,6887,15,15,15,15,15,1,1,15,16
1299,3,25241618,25110,23233,10408,431098,94595,100659,525912,76588,20046287,2494270,56409,79529,509827,314317,97112,356264,1,9676,9625,21,21,21,21,21,1,1,21,22
1300,4,24689446,25966,23729,29125,435485,98605,125612,624010,77577,19177642,2651238,54572,85999,542293,303351,95290,338952,1,9676,9367,21,21,21,21,21,1,1,21,71
1301,5,25598742,25565,23873,30037,429425,100536,136210,660866,78755,19629975,2975314,56816,76651,593881,322664,94669,363505,1,9676,9362,21,21,21,21,21,1,1,21,73
1302,6,19664559,26885,20962,26401,437693,73982,99735,526057,89043,14915255,2258777,45458,79534,415824,243624,100900,304429,1,7372,7180,16,16,16,16,16,1,1,16,58
1303,7,23962644,27654,33236,25278,438787,91439,121981,579282,77833,18443610,2793664,52490,77342,490335,290126,94749,324838,1,9215,8985,20,20,20,20,20,1,1,20,58
1304,8,30742721,26271,26546,30143,453650,118084,155975,748637,77329,23704403,3659084,66801,77339,695450,377039,94366,431604,1,11980,11569,26,26,26,26,26,1,1,26,78
1305,9,29916602,26465,25800,30238,445050,114481,143969,728995,80433,23070970,3534271,67566,78024,671916,367306,96067,435051,1,11519,11136,25,25,25,25,25,1,1,25,76
1306,10,42400625,26486,34437,31539,439341,163517,189604,1020443,90948,32892879,5153860,93869,81609,908289,524102,101591,648111,1,16587,15966,36,36,36,36,36,1,1,36,89
1307,11,43332006,27290,33769,33911,441308,167776,223167,1013533,78288,33783073,5134360,101452,87446,931743,535184,97649,642057,1,17048,16406,37,37,37,37,37,1,1,37,90
1308,12,39905217,26687,32343,30627,427137,151796,191098,909503,78515,31083704,4747813,88542,84158,895347,489407,99696,568844,1,15666,15155,34,34,34,34,34,1,1,34,79
1309,13,35412729,26788,29264,32532,429367,129033,167624,854841,78196,27431925,4200664,79977,77731,796429,441139,98985,538234,1,13823,13327,30,30,30,30,30,1,1,30,83
1310,14,35347522,26651,28543,30824,428712,127683,164677,835259,78543,27378778,4167771,80037,82370,825694,434904,96790,560286,1,13823,13352,30,30,30,30,30,1,1,30,79
1311,15,27369229,26100,24832,29231,438245,100891,135117,702949,77902,20935872,3284998,61113,86722,615630,332038,94736,422853,1,10598,10251,23,23,23,23,23,1,1,23,74
1312,16,33684386,27224,28299,30027,440772,126529,171709,804234,88639,25983774,4062470,74319,77367,738827,434669,94537,500990,1,12901,12460,28,28,28,28,28,1,1,28,79
1313,17,41504386,26374,27131,28103,445944,146057,180784,919295,79606,32438751,5067175,91323,75088,943078,516296,98858,420523,1,11980,11606,26,26,26,26,26,1,1,26,73
1314,18,22146057,26177,22429,28024,447950,77348,113026,606129,78252,16832312,2590078,49537,80122,473948,271757,97245,351723,1,8294,8064,18,18,18,18,18,1,1,18,62
1315,19,21852682,25769,24061,26951,437709,78559,109831,564132,78632,16595527,2587552,49469,77087,507223,264779,94183,331218,1,8294,8065,18,18,18,18,18,1,1,18,62
1316,20,28769829,25865,25966,30191,435687,108225,149352,725722,89784,22062949,3412110,66384,78987,660205,362763,95324,440315,1,11058,10680,24,24,24,24,24,1,1,24,77
1317,21,25292821,24521,23097,30060,437696,92596,138772,649524,77838,19361556,2920244,54443,77961,557035,313318,105057,429103,1,9676,9349,21,21,21,21,21,1,1,21,76
1318,22,17341720,31874,19445,12085,444753,62591,66636,366804,77186,13230608,1905068,37775,76686,371098,206635,93370,339106,1,6451,6419,14,14,14,14,14,1,1,14,18
1319,23,35487358,25236,29691,14910,502857,131166,145064,760197,87852,28100132,3900991,81236,75014,718298,447952,95672,371090,1,13823,13668,30,30,30,30,30,1,1,30,38
1320,24,32872953,34656,29916,32048,441513,124301,158360,797495,79412,25472658,3781082,73286,83797,744379,411237,99943,508870,1,12901,12453,28,28,28,28,28,1,1,28,80
1321,25,32228311,26157,28566,31591,437971,219020,167788,796920,79271,24646844,3897427,72698,81966,727145,386570,99843,528534,1,12441,11988,27,27,27,27,27,1,1,27,82
1322,26,34409923,25764,30171,32208,443410,132857,165698,836688,77894,26605386,4073390,76795,80411,756735,419402,98212,554902,1,13362,12891,29,29,29,29,29,1,1,29,82
1323,27,32016602,25818,29045,29688,432530,122895,149169,768735,79089,24806017,3754218,71966,78513,725201,391740,94928,457050,1,12441,12047,27,27,27,27,27,1,1,27,74
1324,28,37745010,27418,32828,29661,437313,155978,176005,895330,79216,29252855,4561434,83879,79532,805176,471998,111061,545326,1,14744,14224,32,32,32,32,32,1,1,32,83
1325,29,28770659,26381,26157,15401,439681,107013,138789,617571,78139,22512478,3283307,63188,77669,559475,347895,99126,378389,1,11058,10926,24,24,24,24,24,1,1,24,36
1326,30,25424162,26248,24322,26490,455882,97185,127894,636411,81093,19468279,3007046,58560,76087,557869,310045,110274,360477,1,9676,9403,21,21,21,21,21,1,1,21,65
1327,31,27609630,25278,25661,28730,439043,109932,135159,686549,96033,21195500,3269326,64572,76485,600224,348001,94607,414530,1,10598,10283,23,23,23,23,23,1,1,23,68
1328,32,21799299,25230,22959,23008,448774,80902,85943,461430,77282,16891542,2450011,48854,71314,450962,275769,96002,289317,1,8294,8248,18,18,18,18,18,1,1,18,21
1329,33,29585321,26007,27348,30792,438308,117824,149335,754469,79427,22852856,3346521,65832,78181,667797,366720,98821,485083,1,11519,11100,25,25,25,25,25,1,1,25,81
1330,34,27642898,25998,26595,10969,442718,102717,107841,561955,96813,21738326,3002591,62478,76237,565290,340525,95703,386142,1,10598,10537,23,23,23,23,23,1,1,23,24
1331,35,34187495,26064,29207,17832,435138,132742,137847,737981,78526,27077823,3751618,77789,81234,673378,422332,96784,411200,1,13362,13162,29,29,29,29,29,1,1,29,44
1332,36,18382953,24522,20712,9989,432839,69095,75281,377533,77394,14238947,1897190,41048,72357,389719,228319,96960,331048,1,6912,6883,15,15,15,15,15,1,1,15,17
1333,37,20838047,25188,22020,11631,440501,80026,83733,462968,79125,16235184,2150065,46786,73361,436246,261214,96942,333057,1,7833,7792,17,17,17,17,17,1,1,17,20
1334,38,32129067,26083,27212,21509,434774,125726,162134,740834,79695,25148706,3634606,70778,82072,641243,391272,97033,445390,1,12441,12194,27,27,27,27,27,1,1,27,52
1335,39,36844140,28652,31674,21580,443105,146328,160181,839099,73942,29228666,3983619,82848,82300,712683,478551,116571,414341,1,14284,14002,31,31,31,31,31,1,1,31,54
1336,40,38958265,38069,47048,29369,429261,159124,168422,864441,99743,30711318,4127864,96250,125507,754579,504884,181682,620704,1,14284,14040,31,31,31,31,31,1,1,31,49
1337,41,26231094,26233,25430,11930,428565,99838,106343,558954,72820,20795503,2708067,58878,85244,530467,322730,100390,299702,1,10137,10061,22,22,22,22,22,1,1,22,27
1338,42,35242986,28380,34770,15974,521520,116041,123226,677977,132190,28669430,3060162,67456,102975,611667,423639,141269,516310,1,10598,10485,23,23,23,23,23,1,1,23,33
1339,43,34851467,38930,31681,18105,616471,124613,128284,773121,138448,27938585,3028931,79580,131775,603028,481830,186116,531969,1,6912,6879,15,15,15,15,15,1,1,15,18
1340,44,56833670,45380,43887,49823,687467,219713,246740,1568087,148372,44437973,6184959,167100,145764,1078401,922120,179474,708410,1,12441,12093,27,27,27,27,27,1,1,27,67
1341,45,48463391,45024,50197,37746,835290,175832,195633,1169439,184654,39105607,3944499,100055,180108,893002,633858,207509,704938,1,8755,8646,19,19,19,19,19,1,1,19,34
1342,46,38001845,40705,35870,48398,734630,138850,186496,1084001,135806,29332088,3921644,90232,146771,697993,515279,182738,710344,1,7372,7172,16,16,16,16,16,1,1,16,60
1343,47,43364662,42335,38159,21036,744193,154401,177990,1063114,129994,33737728,4681138,134774,133866,808281,650347,175484,671822,1,9215,9160,20,20,20,20,20,1,1,20,23
1344,0,67671256,46056,52591,60587,742646,247366,307393,1863841,128522,52726810,7492525,220163,157072,1283163,1044813,171546,1126162,1,13823,13312,30,30,30,30,30,1,1,30,85
1345,1,66117212,40395,51851,18382,754802,233576,261538,1549351,127936,52602319,6883507,184960,150836,1137333,1006489,186552,927385,1,13362,13264,29,29,29,29,29,1,1,29,30
1346,2,21817774,26502,22106,10245,434756,86551,88007,459392,82500,17286468,2060787,46650,74754,451746,272947,102958,311405,1,8294,8258,18,18,18,18,18,1,1,18,19
1347,3,27143386,25561,24630,10221,441172,106463,108996,577332,79202,21621705,2664298,65148,74745,550041,352894,99539,341439,1,9676,9626,21,21,21,21,21,1,1,21,22
1348,4,39266857,34217,30303,34611,518757,148354,174072,911792,123495,31192865,3881093,81618,89251,793161,477378,132319,643571,1,12901,12453,28,28,28,28,28,1,1,28,80
1349,5,40960962,26670,37710,30215,440765,159965,196565,999933,73372,32141456,4624518,103136,80442,901763,571896,95493,477063,1,13362,12911,29,29,29,29,29,1,1,29,79
1350,6,19886972,27915,23121,28518,455567,77895,119451,524989,74763,15158159,2201537,43825,80437,411229,235200,104233,320133,1,7372,7172,16,16,16,16,16,1,1,16,60
1351,7,31849182,38376,30914,37148,459546,124504,153140,846950,139247,24557128,3472681,76866,115608,634314,431260,166087,565413,1,10137,9880,22,22,22,22,22,1,1,22,59
1352,8,50069094,47553,44655,56688,721306,207397,242076,1484925,131324,38368272,5780796,166733,151966,940125,864715,166895,693668,1,10598,10263,23,23,23,23,23,1,1,23,72
1353,9,40365867,33535,31380,33793,563824,142664,170980,931532,117001,32255563,3871285,76631,82634,778246,487460,174812,614527,1,11519,11136,25,25,25,25,25,1,1,25,76
1354,10,38986278,27337,34405,30919,443667,156869,187919,929163,75832,30448978,4422795,90713,79737,889218,495667,109319,563740,1,15205,14687,33,33,33,33,33,1,1,33,81
1355,11,65117513,40070,48567,43224,773750,255348,303050,1608363,125539,51893064,6638844,146249,118318,1237472,893961,147762,843932,1,15666,15115,34,34,34,34,34,1,1,34,84
1356,12,82301444,62558,78181,80718,860845,354760,385903,2287950,240729,64324433,8683236,234371,194653,1592403,1326824,250516,1343364,1,16587,16047,36,36,36,36,36,1,1,36,80
1357,13,76097429,65413,70688,98604,928560,308547,348028,2075461,302817,61117150,6438502,153065,192775,1483632,963574,224954,1325659,1,13823,13321,30,30,30,30,30,1,1,30,84
1358,14,64020322,58817,52424,71527,888129,283767,352174,1863444,239764,49498281,7041301,207328,166677,1238789,923725,225669,908506,1,12901,12453,28,28,28,28,28,1,1,28,80
1359,15,52828305,57817,49619,62326,877638,214500,289296,1509429,225394,40651268,5721945,140969,172062,1005503,761809,210663,878067,1,10137,9789,22,22,22,22,22,1,1,22,76
1360,16,50631327,57125,52392,74907,756968,196103,256012,1422161,144797,38841848,5434033,145973,191671,964829,712006,222616,1157886,1,10137,9799,22,22,22,22,22,1,1,22,75
1361,17,68494201,64037,64092,71932,832329,276053,337099,1765674,244532,53605369,7457417,193995,173342,1292539,960275,238530,916986,1,13823,13373,30,30,30,30,30,1,1,30,77
1362,18,35507327,58189,41496,61095,783508,136666,197844,1140007,148430,26771890,3985807,111756,169242,629277,545957,212290,513873,1,6912,6724,15,15,15,15,15,1,1,15,60
1363,19,42969775,52341,46700,52135,1044196,173243,233554,1228544,263223,32824055,4451740,112209,172079,770977,658696,227043,659040,1,8294,8080,18,18,18,18,18,1,1,18,59
1364,20,55387084,70542,48427,78012,1070382,252043,324182,1672000,293911,41922694,6220982,182895,142252,1097592,1006878,224204,780088,1,11058,10674,24,24,24,24,24,1,1,24,78
1365,21,58623530,73704,47675,81994,1000071,294164,325452,1821584,325086,44417108,6583952,197036,154930,1194419,1041481,215029,849845,1,11519,11121,25,25,25,25,25,1,1,25,79
1366,22,34634411,65277,36921,24725,952985,147924,157602,959512,294731,26166036,3537250,111648,132675,623689,614451,229411,579574,1,6451,6419,14,14,14,14,14,1,1,14,18
1367,23,58819270,64759,49823,36652,911599,256898,289822,1614972,312376,45651981,6177666,204936,159236,1119063,1097476,229099,642912,1,11980,11845,26,26,26,26,26,1,1,26,36
1368,24,71088263,81231,56332,72875,917056,322272,363487,2087302,253318,55011116,7643602,228940,141961,1453176,1244889,219997,990709,1,14744,14208,32,32,32,32,32,1,1,32,85
1369,25,73756156,65772,59315,96772,869944,311347,373055,2137289,223375,56739542,8556089,263829,147771,1448047,1329784,199201,935024,1,12901,12404,28,28,28,28,28,1,1,28,87
1370,26,53911177,46732,46614,50103,725124,221649,251573,1321138,187421,42686843,5414234,102974,118162,1056289,655517,207935,818869,1,13362,12891,29,29,29,29,29,1,1,29,82
1371,27,55003072,44900,44932,43687,888985,214735,262084,1432105,206579,43169299,5703940,131128,123005,1060227,761275,171616,744575,1,12901,12502,28,28,28,28,28,1,1,28,73
1372,28,56427051,64940,47443,69716,874608,270657,306139,1770760,269777,42984929,6292559,186960,144032,1123530,1022337,208772,789892,1,11519,11155,25,25,25,25,25,1,1,25,73
1373,29,57845576,62583,47223,33040,848821,239910,250122,1594114,171658,44797837,6396532,192894,144428,1055162,1065280,221384,724588,1,11980,11836,26,26,26,26,26,1,1,26,37
1374,30,45851155,66549,43101,65958,891838,201961,382695,1402956,198964,34983616,4801087,143768,145766,868670,812253,218559,623414,1,9215,8960,20,20,20,20,20,1,1,20,63
1375,31,58582166,64509,50050,68008,891474,261083,325997,1746318,214695,45192136,6442023,178318,148893,1106091,1007355,217724,667492,1,11980,11647,26,26,26,26,26,1,1,26,66
1376,32,39222117,77619,42781,26020,854384,171270,187992,1093878,207406,29860656,4129886,126674,235755,726023,689760,250639,541374,1,7833,7793,17,17,17,17,17,1,1,17,20
1377,33,57900019,71396,61258,73599,879482,260452,309380,1798381,209262,44350242,6321502,200164,142436,1173551,1024494,223450,800970,1,11980,11570,26,26,26,26,26,1,1,26,78
1378,34,42578226,56862,39516,23376,848544,176787,185249,1133540,138749,32837693,4556316,136135,132292,758225,721538,229979,603425,1,8755,8709,19,19,19,19,19,1,1,19,21
1379,35,50814038,47244,48980,29547,740336,191689,208248,1088049,145241,40781356,4957350,103005,132308,892320,634638,190001,623726,1,12441,12267,27,27,27,27,27,1,1,27,41
1380,36,35648884,33173,35448,15638,673453,128019,130124,715767,141970,28468015,3365425,72296,111360,648965,420457,162467,526307,1,8755,8709,19,19,19,19,19,1,1,19,21
1381,37,39234419,71250,40328,36763,904124,166315,185574,961798,210306,30450341,3695122,126756,127123,760586,671411,254012,572610,1,7833,7792,17,17,17,17,17,1,1,17,20
1382,38,53462183,64851,44979,55835,840176,252330,312021,1563139,196290,41418671,5602155,162717,150292,970603,891283,215655,721186,1,11058,10836,24,24,24,24,24,1,1,24,51
1383,39,66200033,62384,52908,51232,896234,300054,336836,1822729,183516,51674122,7176577,202371,150399,1224744,1154109,222446,689372,1,13823,13551,30,30,30,30,30,1,1,30,53
1384,40,62772666,60041,54045,43542,902008,296954,303919,1723655,232932,48992184,6740291,201511,138386,1128110,1117010,212781,625297,1,12901,12705,28,28,28,28,28,1,1,28,44
1385,41,59080250,61661,62814,29773,921459,278879,270589,1485189,222099,46338439,6112992,180357,139251,1125161,995940,220659,634988,1,11980,11877,26,26,26,26,26,1,1,26,31
1386,42,41968628,67851,39869,46609,928438,187584,200921,1154032,228290,32198112,4327799,125499,138430,784477,682492,242035,616190,1,8294,8202,18,18,18,18,18,1,1,18,31
1387,43,36464582,53977,36080,25337,850645,153564,161609,916391,173147,28042506,3761871,118923,144197,710238,646676,182311,487110,1,7372,7336,16,16,16,16,16,1,1,16,19
1388,44,52589261,57343,41778,61713,852890,245601,280578,1521183,171482,40462689,5759031,181031,148507,1018335,955400,199357,632343,1,11058,10770,24,24,24,24,24,1,1,24,62
1389,45,30863481,43021,31471,22114,722434,123140,128805,696325,135975,24162648,2956151,73033,114840,557547,365902,230942,499133,1,7372,7288,16,16,16,16,16,1,1,16,31
1390,46,27334680,45060,32360,44016,684380,108498,143672,736435,167426,20978691,2648691,63257,123136,500399,325964,185707,546988,1,6451,6271,14,14,14,14,14,1,1,14,61
1391,47,39533494,61243,37836,29302,923079,177230,184902,1047467,223352,30103186,4213613,120138,150720,729578,702350,204314,625184,1,7833,7793,17,17,17,17,17,1,1,17,20
1392,0,66852374,71048,53339,81974,890992,313889,392924,2051280,218923,51182552,7511794,222031,150733,1336471,1115470,214503,1044451,1,13823,13313,30,30,30,30,30,1,1,30,85
1393,1,48824643,69281,48046,26329,875570,216034,241991,1284871,299632,37601341,5059704,158944,154575,865911,883994,254321,784099,1,9676,9626,21,21,21,21,21,1,1,21,22
1394,2,35140850,60610,38590,23472,959370,182600,157049,947776,277011,26880476,3371808,106812,128119,649586,608862,218794,529915,1,6912,6888,15,15,15,15,15,1,1,15,16
1395,3,38621716,54444,36669,21231,883059,167838,168755,994929,187792,30004841,3721538,127896,130823,707648,677230,204852,532171,1,7833,7801,17,17,17,17,17,1,1,17,18
1396,4,51315254,59802,44368,64748,879575,236957,293857,1531559,178631,39452851,5490463,162927,146833,1043654,861483,214156,653390,1,10598,10252,23,23,23,23,23,1,1,23,74
1397,5,61927801,69538,49608,76297,837785,289836,332376,1839606,188945,47590248,6900966,204009,150544,1264208,1131443,213316,789076,1,12901,12474,28,28,28,28,28,1,1,28,77
1398,6,39171187,60866,39937,59578,919204,187688,213861,1245017,175529,29542521,4245654,123349,145920,735747,697543,213012,565761,1,7833,7627,17,17,17,17,17,1,1,17,59
1399,7,42120437,44134,40643,41160,718749,173187,229917,998517,176981,33220686,4218439,85433,128884,782475,509416,192890,558926,1,10137,9873,22,22,22,22,22,1,1,22,60
1400,8,51870417,48715,41015,44554,856238,204118,266988,1451002,137065,40104159,5615655,149454,115951,1037701,819744,205716,772342,1,11519,11148,25,25,25,25,25,1,1,25,74
1401,9,58662491,65611,45830,70450,924297,270143,294631,1780269,238455,44775244,6575044,186890,148843,1147958,1069179,223681,845966,1,11980,11596,26,26,26,26,26,1,1,26,74
1402,10,73904496,67725,56468,87658,865891,328598,400878,2184323,272822,56977408,8305279,235613,153857,1482586,1331519,232553,921318,1,15205,14695,33,33,33,33,33,1,1,33,80
1403,11,85392904,67186,54632,78834,873696,366827,476753,2504226,213331,66296011,9584576,277364,148970,1735654,1523177,209706,981961,1,15205,14626,33,33,33,33,33,1,1,33,89
1404,12,80145853,68866,52624,75524,924580,368041,401200,2372316,305869,61833639,8980884,266444,154389,1671513,1573516,206422,890026,1,13823,13363,30,30,30,30,30,1,1,30,78
1405,13,69477257,68520,52591,80749,883633,305306,365324,2163424,283696,53005482,8060278,224950,153503,1374624,1260754,228671,965752,1,14284,13776,31,31,31,31,31,1,1,31,83
1406,14,60834712,68714,50702,67468,907035,261905,318737,1837947,229466,46544500,6777495,197516,142603,1252736,1085136,250198,842554,1,12441,12038,27,27,27,27,27,1,1,27,75
1407,15,52285300,67210,46423,70850,872658,231104,279926,1552885,246446,40079363,5618024,167358,152015,1024019,908980,248687,719352,1,10598,10273,23,23,23,23,23,1,1,23,70
1408,16,40087868,43313,40277,46460,699173,152722,198108,1024994,230809,31300073,4042407,81574,118586,774867,481515,186221,666769,1,9676,9341,21,21,21,21,21,1,1,21,76
1409,17,63045067,62960,52049,75433,900676,273134,318429,1929272,244360,48439502,7065176,192335,158844,1213284,1115617,218837,785159,1,12901,12488,28,28,28,28,28,1,1,28,75
1410,18,41091590,55494,39973,59987,874484,188318,216326,1277229,196545,31238895,4450102,127406,140795,754995,713889,206382,550770,1,8294,8072,18,18,18,18,18,1,1,18,60
1411,19,49651364,60109,40794,56243,925658,209401,280644,1637860,169187,37848482,5527357,153510,141839,939613,844414,226726,589527,1,10137,9868,22,22,22,22,22,1,1,22,62
1412,20,60505969,63317,42288,72180,1021810,266152,319855,1798094,290699,46354473,6761455,217803,151671,1241673,1022932,223051,658516,1,9676,9370,21,21,21,21,21,1,1,21,70
1413,21,50173532,65013,47264,81543,916276,217748,267513,1602338,289536,37897330,5650154,156938,165391,984068,813658,227626,791136,1,10137,9783,22,22,22,22,22,1,1,22,78
1414,22,35726941,97044,49072,37962,907223,152663,159834,938751,371303,26827399,3507994,104628,208036,635673,588205,323812,817342,1,6451,6418,14,14,14,14,14,1,1,14,18
1415,23,63156711,62553,51447,41441,902971,277941,301772,1665752,276787,49565398,6528995,191943,150213,1179620,1078532,223962,657384,1,12901,12754,28,28,28,28,28,1,1,28,37
1416,24,67136769,70131,54436,75062,896124,299382,355940,1912609,268643,51608649,7579319,226812,159085,1317860,1158834,226057,927826,1,13823,13340,30,30,30,30,30,1,1,30,81
1417,25,55286319,64764,45599,78321,699320,242989,282534,1661398,195629,42258388,6162809,178647,144042,1239383,960609,193705,878182,1,11519,11077,25,25,25,25,25,1,1,25,85
1418,26,50904774,42857,44451,51118,703819,201296,248868,1235002,185450,40159224,5132766,109056,130419,978701,635848,178458,867441,1,12441,11994,27,27,27,27,27,1,1,27,82
1419,27,64818865,63732,50610,77305,898617,306731,346725,1956583,265410,49818700,7219617,199764,153335,1302562,1112633,216857,829684,1,13362,12914,29,29,29,29,29,1,1,29,78
1420,28,72961994,69499,55397,80699,912446,335934,379625,2193830,233919,56315669,8148002,222150,176834,1474965,1227580,218578,916867,1,15205,14699,33,33,33,33,33,1,1,33,80
1421,29,48238119,60033,40976,34490,893867,233363,229042,1240840,215902,37330005,5166221,153141,153751,837467,839794,214659,594568,1,9676,9573,21,21,21,21,21,1,1,21,32
1422,30,49011182,60123,39408,62161,920112,209533,237432,1419836,208144,37396700,5609549,162171,152643,917130,849355,230756,536129,1,7372,7164,16,16,16,16,16,1,1,16,62
1423,31,41707801,58682,41808,54840,884733,184889,229279,1299308,205038,31645361,4597143,138508,143567,764410,726010,210435,523790,1,8294,8082,18,18,18,18,18,1,1,18,58
1424,32,39503218,58088,40377,27951,884500,184956,178986,1044310,214445,30361057,4050897,132809,135793,724741,698536,226417,539355,1,7833,7793,17,17,17,17,17,1,1,17,20
1425,33,53356219,61531,48392,74825,871326,261087,300443,1721727,184293,40740608,5846173,170349,147217,1056031,933633,203034,735550,1,11058,10656,24,24,24,24,24,1,1,24,81
1426,34,41648908,62083,40585,25134,864891,188497,177796,1065484,193070,32070781,4352806,134859,137918,759399,740228,220505,614872,1,8294,8257,18,18,18,18,18,1,1,18,19
1427,35,53653433,59537,42881,43606,884486,237120,268506,1498178,157824,41490886,5758181,171628,150624,943040,973377,227687,745872,1,11058,10890,24,24,24,24,24,1,1,24,42
1428,36,35098503,44789,36937,17544,707346,132073,133934,685271,149638,28029169,3194142,69470,107645,635257,407460,201541,546287,1,8294,8252,18,18,18,18,18,1,1,18,20
1429,37,25613531,41192,32017,16008,735139,99310,101806,526191,201731,20105922,2163457,50886,109619,473858,297602,193241,465552,1,5990,5965,13,13,13,13,13,1,1,13,16
1430,38,45647371,62976,41455,50987,900446,194216,226790,1321405,197424,35223377,4654045,140250,152921,790850,769621,223245,697363,1,9215,9055,20,20,20,20,20,1,1,20,44
1431,39,60700344,59732,47126,54205,907483,252520,299055,1637162,210679,47166757,6675283,209764,145997,1087831,1059225,206595,680930,1,12441,12208,27,27,27,27,27,1,1,27,50
1432,40,56290704,65792,47107,45336,866897,249958,410553,1534006,200650,43467924,6189892,169411,143236,1015753,1011250,230614,642325,1,11519,11341,25,25,25,25,25,1,1,25,43
1433,41,44969124,49052,38333,24082,869003,189725,193608,1193743,175231,34965947,4698400,137089,128586,829741,769175,216226,491183,1,9215,9150,20,20,20,20,20,1,1,20,25
1434,42,41111205,58255,38308,29517,894982,167935,184887,1049454,177353,31470235,4492738,147146,131919,749278,724759,200129,594310,1,8294,8215,18,18,18,18,18,1,1,18,28
1435,43,37942968,70972,45577,42115,967130,174488,175159,1010002,262538,28933824,3793747,109815,157181,682954,627859,255314,634293,1,7372,7336,16,16,16,16,16,1,1,16,19
1436,44,56028520,62699,48060,60181,874424,246950,312664,1617271,202113,43118167,6168998,195082,161896,1071626,993068,214160,681161,1,11519,11233,25,25,25,25,25,1,1,25,60
1437,45,36931868,57006,37364,32195,875208,157062,184775,1019322,201649,28103983,3937632,115127,124984,693648,663372,204838,523703,1,7372,7304,16,16,16,16,16,1,1,16,27
1438,46,25013408,65990,33975,65801,759342,101465,147945,781456,195046,18456166,2521713,60504,172978,427900,337572,247715,637840,1,5069,4937,11,11,11,11,11,1,1,11,55
1439,47,38784773,44309,37632,16663,683233,139728,149860,795739,244291,30744112,3780909,80567,120431,723315,458777,196286,568921,1,9215,9160,20,20,20,20,20,1,1,20,23
1440,0,62327255,69294,53476,73024,898497,276200,356124,1900994,218321,47779580,6830805,200073,167088,1256447,1107379,228649,911304,1,12901,12439,28,28,28,28,28,1,1,28,82
1441,1,43629404,60286,40609,25948,880068,194700,183091,1071992,261958,33665074,4547478,135553,149454,784300,745217,249892,633784,1,8755,8714,19,19,19,19,19,1,1,19,20
1442,2,36741923,53140,36855,23330,847932,152753,158417,962291,223371,28389849,3609061,111633,133443,663778,647923,192880,535267,1,7372,7344,16,16,16,16,16,1,1,16,17
1443,3,41869611,63707,43013,26808,905781,174867,188309,1076364,267584,32497785,4054913,140293,157193,742186,714912,239050,576846,1,8294,8254,18,18,18,18,18,1,1,18,20
1444,4,50618141,64892,43466,88400,942570,232722,298728,1601714,274924,38517226,5392349,163287,143856,1008117,910797,230033,705060,1,10137,9784,22,22,22,22,22,1,1,22,77
1445,5,52290237,67282,43921,68304,898278,235825,281982,1527001,259981,39917724,5893228,166853,144381,989296,900748,220212,675221,1,10598,10273,23,23,23,23,23,1,1,23,70
1446,6,43630302,64003,41711,63202,902053,183545,237224,1421544,264876,32714558,5004097,136409,148074,839414,752391,218544,638657,1,8755,8517,19,19,19,19,19,1,1,19,61
1447,7,43471337,76542,70703,73182,883104,187491,251996,1331835,326387,32632173,4706080,139290,194865,806453,775858,262484,752894,1,8294,8089,18,18,18,18,18,1,1,18,56
1448,8,58170005,66859,38672,73151,917718,253883,305685,1709334,238060,44548686,6700067,196606,143752,1153893,1027988,214342,581309,1,9215,8920,20,20,20,20,20,1,1,20,71
1449,9,39544002,44420,38746,44007,719720,150260,194323,1015238,137956,30870909,4005949,78817,124530,778598,481283,194938,664308,1,9676,9368,21,21,21,21,21,1,1,21,72
1450,10,80809623,59948,70321,71330,892207,363707,391570,2341334,160006,62282086,9284513,282605,155471,1635143,1455992,203465,1159925,1,17048,16458,37,37,37,37,37,1,1,37,84
1451,11,71163328,71036,57423,80361,893335,304016,384480,2030253,291265,54810867,8037231,235268,155063,1390583,1207662,217627,996858,1,14744,14240,32,32,32,32,32,1,1,32,81
1452,12,73258481,69320,70057,74868,890704,336055,374103,2171976,302252,56172435,8521667,240094,155946,1428328,1266472,220537,963667,1,15205,14694,33,33,33,33,33,1,1,33,80
1453,13,69222910,73650,54877,81388,884326,299800,374502,2098665,290794,53113278,7784448,232438,147309,1388215,1168540,221159,1009521,1,14284,13763,31,31,31,31,31,1,1,31,85
1454,14,54547351,63885,45190,67346,899538,264842,305473,1600538,296184,41873041,6011535,168595,138063,1048143,903061,212000,649917,1,11058,10740,24,24,24,24,24,1,1,24,67
1455,15,35502577,72357,38053,64030,920525,153088,203791,1171715,293319,26329997,3976017,106489,134522,670396,615000,212502,540776,1,6912,6719,15,15,15,15,15,1,1,15,61
1456,16,56019449,111695,108550,183532,824740,247329,321013,1930996,268913,40865209,6089735,180174,423407,1138827,1106501,199773,2019055,1,9215,8895,20,20,20,20,20,1,1,20,76
1457,17,68228732,69452,61639,64819,922774,284619,333496,1941981,270381,52504078,8038033,228806,147712,1281198,1161729,213808,704207,1,11519,11197,25,25,25,25,25,1,1,25,66
1458,18,33350264,43579,37289,42641,688477,140288,176024,857634,277762,25922520,3293519,64919,122726,605983,377602,185466,513835,1,7833,7615,17,17,17,17,17,1,1,17,61
1459,19,35360419,44371,37004,38547,736082,133648,184829,922231,259441,27553062,3432039,69756,118425,675479,439097,192190,524218,1,8294,8077,18,18,18,18,18,1,1,18,59
1460,20,36900541,64481,39917,68118,899904,156966,250352,1202759,208842,27582255,4053312,111269,157259,703097,606427,247021,548562,1,7372,7148,16,16,16,16,16,1,1,16,66
1461,21,46268343,69229,42183,66936,877458,204969,258730,1442473,260373,34972643,5178796,143134,141852,861354,825899,264510,657804,1,9215,8925,20,20,20,20,20,1,1,20,70
1462,22,33955778,63911,35029,26306,909642,136887,162703,905494,280698,25765258,3387057,102777,140836,627502,607714,214616,589348,1,6451,6415,14,14,14,14,14,1,1,14,19
1463,23,58612347,61550,44617,35612,882308,233299,260232,1597797,286625,45653991,6285307,174966,148625,1072212,1030263,219619,625324,1,11980,11845,26,26,26,26,26,1,1,26,36
1464,24,55778987,60893,45100,78600,1017452,229264,310672,1676769,249084,42664407,6085398,174293,147444,1105564,985201,200428,748418,1,11519,11150,25,25,25,25,25,1,1,25,74
1465,25,44397630,67565,42884,78961,879347,189253,278586,1443088,282648,33251254,4997197,139917,145678,864991,786229,221716,728316,1,8755,8446,19,19,19,19,19,1,1,19,76
1466,26,47388987,64263,43484,69344,892049,202343,281879,1498625,220117,35869244,5271864,152553,146248,937069,830668,223964,685273,1,9676,9357,21,21,21,21,21,1,1,21,74
1467,27,44788393,58023,41906,68109,861370,188332,231962,1388073,207120,33790464,5095354,147395,147012,871255,806606,203647,681765,1,9215,8930,20,20,20,20,20,1,1,20,69
1468,28,53167783,53917,43190,63420,841285,218388,262158,1576520,175311,40658487,6127249,184223,146116,1021871,912510,191529,691609,1,11058,10734,24,24,24,24,24,1,1,24,68
1469,29,46987454,40096,40978,22909,664187,166731,184091,948819,218248,37762718,4622415,91567,118911,845672,554334,171015,534763,1,11519,11390,25,25,25,25,25,1,1,25,35
1470,30,32513204,36856,34752,41523,709280,115379,158440,815503,157900,25408824,3141146,67022,119125,636071,400833,171479,499071,1,7833,7621,17,17,17,17,17,1,1,17,61
1471,31,49072549,61722,42552,63133,857489,198152,258314,1516728,169978,37243837,5664831,171992,144809,976457,855083,223028,624444,1,10137,9860,22,22,22,22,22,1,1,22,63
1472,32,35060525,53763,36745,21874,882378,149138,150376,978784,232555,26573373,3755523,114727,136338,649249,618224,206400,501078,1,6912,6883,15,15,15,15,15,1,1,15,17
1473,33,47090270,59952,43514,68410,883192,205943,268062,1446565,229779,35860369,5081942,149488,141926,920986,816457,208542,705143,1,9676,9373,21,21,21,21,21,1,1,21,70
1474,34,43795577,55148,41327,35156,851535,181559,193984,1146148,222513,33816260,4596848,159208,137358,818165,790125,222582,527661,1,8755,8714,19,19,19,19,19,1,1,19,20
1475,35,49193126,57436,42976,39836,854650,219274,227560,1349840,203396,38055827,5250194,155157,141912,897824,883395,213274,600575,1,10137,9998,22,22,22,22,22,1,1,22,38
1476,36,28700185,57041,35775,22312,968846,140651,127743,739023,248482,21492378,2918078,86216,129624,513531,474291,211727,534467,1,5529,5508,12,12,12,12,12,1,1,12,15
1477,37,45365157,59917,42898,27239,827633,175501,202670,1250828,211547,35236075,4641489,149123,136910,843111,835150,186528,538538,1,9215,9160,20,20,20,20,20,1,1,20,23
1478,38,52930381,52672,42741,46469,819757,218680,258827,1497553,168479,40930924,5741615,177359,149069,975665,999293,196871,654407,1,11058,10854,24,24,24,24,24,1,1,24,48
1479,39,58432721,65443,55662,49952,882670,251556,292435,1644134,214951,45320680,6436212,179349,158558,1033065,1018499,210132,619423,1,11980,11765,26,26,26,26,26,1,1,26,48
1480,40,55631727,38719,44692,28209,690122,208823,221926,1248513,192842,44707584,5556303,112960,119170,992011,686792,173041,610020,1,13823,13583,30,30,30,30,30,1,1,30,49
1481,41,46695331,39871,39535,19511,834647,172614,193251,1084570,155443,36906752,4782037,121546,143424,832606,691078,174866,503580,1,10598,10516,23,23,23,23,23,1,1,23,28
1482,42,46777724,57341,40845,29835,875884,182391,208252,1260091,166840,36218192,4985888,153034,134573,864090,781979,224622,593867,1,9676,9583,21,21,21,21,21,1,1,21,30
1483,43,34994365,55620,47989,24034,866206,152301,159296,880070,224991,26861578,3530764,104808,137896,635588,613092,223667,476465,1,6912,6879,15,15,15,15,15,1,1,15,18
1484,44,58697592,61377,47965,62394,624702,255040,272125,1679955,236995,45529007,6522918,187093,150181,1140396,1003425,199617,724402,1,12901,12558,28,28,28,28,28,1,1,28,65
1485,45,22267191,26857,27293,15427,457342,84858,98639,485891,80665,17219177,2454102,48159,79226,427916,275971,181212,304456,1,8294,8206,18,18,18,18,18,1,1,18,30
1486,46,24076047,26780,23191,25396,439003,88882,120524,587342,80210,18604047,2639763,53594,84576,476812,289287,101271,435369,1,8755,8519,19,19,19,19,19,1,1,19,61
1487,47,25650473,26201,23314,11120,436819,96499,102314,534772,79555,20020614,2817628,59449,82466,509867,320717,152813,376325,1,9676,9615,21,21,21,21,21,1,1,21,24
1488,0,38536069,25492,30740,30953,449379,155168,185644,907789,80144,30117407,4315214,89287,84616,857078,488828,96356,621974,1,15205,14656,33,33,33,33,33,1,1,33,85
1489,1,30914781,26051,27288,11471,447619,116708,130090,630196,78059,24469692,3344093,70582,73484,617762,392953,98412,380321,1,11980,11902,26,26,26,26,26,1,1,26,27
1490,2,21151827,24879,22329,8777,439517,80694,86042,435728,77462,16624711,2099346,47119,69646,441059,267580,96311,330627,1,7833,7805,17,17,17,17,17,1,1,17,17
1491,3,17236973,25200,19563,10562,447312,63919,69568,367550,78341,13358180,1730157,38415,71599,352932,212210,97436,294029,1,6451,6427,14,14,14,14,14,1,1,14,16
1492,4,22736132,24673,21808,29134,432279,87828,116299,600540,79877,17469198,2544530,53441,76376,500150,286265,96119,317615,1,8755,8472,19,19,19,19,19,1,1,19,71
1493,5,29635239,26154,27717,29574,432654,113682,146153,735633,80677,22951529,3427217,62638,78899,661874,363740,96989,400109,1,11519,11157,25,25,25,25,25,1,1,25,73
1494,6,24033419,25599,23295,26188,454528,91560,130226,612704,80636,18498113,2688148,54640,77738,506822,299181,97647,366394,1,9215,8970,20,20,20,20,20,1,1,20,61
1495,7,29457261,25618,25872,25061,430041,129152,132628,682526,75682,23025001,3313703,62545,75759,621737,362242,94282,375412,1,11519,11223,25,25,25,25,25,1,1,25,61
1496,8,31466328,26932,26561,29186,431963,124804,144350,752598,74137,24530953,3571187,83402,86106,705139,388808,95308,394894,1,11980,11603,26,26,26,26,26,1,1,26,73
1497,9,21646788,27115,22879,29503,447592,83917,114105,575474,75551,16555169,2384452,47285,80095,465654,271989,96793,369215,1,8294,8038,18,18,18,18,18,1,1,18,68
1498,10,35087082,26639,30313,30148,429823,138796,170084,816023,74963,27475885,3879364,76452,82470,789314,433169,100155,533484,1,13823,13354,30,30,30,30,30,1,1,30,79
1499,11,33104804,27204,28127,32944,443531,134975,158447,805315,74531,25668054,3715529,76395,79156,742391,418042,94361,605802,1,12901,12425,28,28,28,28,28,1,1,28,84
1500,12,37633076,25502,31943,28925,436433,149850,171427,881933,74482,29446450,4265088,89586,78072,861243,483535,96657,511950,1,14744,14280,32,32,32,32,32,1,1,32,76
1501,13,31947116,25799,27675,31468,428565,126450,160381,794431,75594,24838935,3505139,78941,78557,733133,407513,98174,536361,1,12441,11999,27,27,27,27,27,1,1,27,81
1502,14,35495989,24888,29275,28694,451956,137465,166835,849984,74791,27668129,4028979,80925,82342,828984,442875,96874,502993,1,13823,13368,30,30,30,30,30,1,1,30,77
1503,15,21847304,26371,21348,27745,440384,84116,111883,581556,75273,16665290,2490253,48604,79466,469619,271431,96881,357084,1,8294,8043,18,18,18,18,18,1,1,18,67
1504,16,26178111,25012,25700,29228,446417,112713,126612,654655,76026,20307247,2852491,60659,78458,578619,317995,96893,389386,1,10137,9814,22,22,22,22,22,1,1,22,72
1505,17,26143953,26213,34475,26892,443232,107344,124436,657815,75084,20202059,2928474,57437,75924,577146,315538,98193,393691,1,10137,9831,22,22,22,22,22,1,1,22,69
1506,18,25065365,25513,23783,25431,442689,97722,125688,615329,75730,19435986,2759030,56815,77599,530615,309189,97163,367083,1,9676,9413,21,21,21,21,21,1,1,21,62
1507,19,29015847,27638,26698,25615,439980,115286,146500,688963,75760,22558400,3313816,66377,84732,616209,361828,97081,370964,1,11058,10770,24,24,24,24,24,1,1,24,62
1508,20,21550389,26840,22306,28121,429163,81903,113380,560954,75074,16517543,2393036,45611,88220,460022,267487,97011,343718,1,8294,8040,18,18,18,18,18,1,1,18,67
1509,21,25184873,27382,26069,28723,433450,99974,120377,628282,75460,19380011,2852812,54204,78889,543275,309853,101856,424256,1,9676,9374,21,21,21,21,21,1,1,21,71
1510,22,12725412,24378,16989,9732,435585,49791,52908,277461,75939,9570048,1289247,27714,74662,254563,171252,112536,282607,1,4608,4590,10,10,10,10,10,1,1,10,14
1511,23,29858513,27007,26216,14109,443464,118732,122941,644576,73958,23555749,3174630,64318,75549,642851,403123,96336,374954,1,11519,11397,25,25,25,25,25,1,1,25,34
1512,24,59958096,29538,46442,44379,563408,195200,212873,1200162,114864,49249295,5224472,109122,127880,1065932,702894,140386,931249,1,15666,15138,34,34,34,34,34,1,1,34,81
1513,25,38332325,49470,52785,62735,491986,150516,181251,976575,132514,29038130,4239013,87968,157349,842390,484204,211480,1173959,1,12441,11982,27,27,27,27,27,1,1,27,83
1514,26,32909801,26482,27679,32338,437783,130561,167380,806736,80840,25524961,3730610,74260,79369,730663,406019,94841,559279,1,12901,12432,28,28,28,28,28,1,1,28,83
1515,27,22506295,29656,26289,34209,450889,89839,117226,599358,85270,17120529,2473030,49978,93049,505956,275275,118725,437017,1,8294,8037,18,18,18,18,18,1,1,18,69
1516,28,33156132,26017,27808,28273,434644,131949,156977,792560,75348,25817960,3771567,77354,78299,727893,426975,95537,486971,1,12901,12502,28,28,28,28,28,1,1,28,73
1517,29,31895869,25114,27955,14901,439737,135057,130531,681349,74375,25365651,3381652,69651,83063,635741,400187,96275,334630,1,12441,12295,27,27,27,27,27,1,1,27,37
1518,30,20440723,25888,21800,27146,431203,81792,114750,553202,76299,15643921,2230234,43323,79672,449260,248403,94893,318937,1,7833,7590,17,17,17,17,17,1,1,17,68
1519,31,22640119,25698,22252,27758,428281,94225,115882,578565,75527,17488736,2461148,54061,75454,493935,283112,96276,319209,1,8755,8505,19,19,19,19,19,1,1,19,64
1520,32,17156073,26200,19833,18649,432794,68947,69507,370866,74377,13237229,1792980,37436,70972,356978,205771,98525,275009,1,6451,6421,14,14,14,14,14,1,1,14,17
1521,33,29347893,25892,39387,30892,438344,121546,146988,752984,75789,22782444,3173553,65878,77922,657932,365997,95494,496851,1,11519,11112,25,25,25,25,25,1,1,25,79
1522,34,24918306,24885,24342,9982,426249,106363,95179,508389,74968,19704607,2571572,56854,71710,517641,309214,105621,310730,1,9676,9626,21,21,21,21,21,1,1,21,22
1523,35,31393306,26310,27814,17364,434521,128995,132971,694563,75032,24966252,3183471,73402,81355,601605,421935,95585,432131,1,12441,12241,27,27,27,27,27,1,1,27,45
1524,36,18183794,24714,20464,9892,439366,72941,73582,377747,75330,14176980,1780059,39742,80906,391068,220798,95827,304378,1,6912,6883,15,15,15,15,15,1,1,15,17
1525,37,22672610,24095,23236,11279,443025,90818,93020,480292,74966,17863944,2244809,49334,72991,468559,297361,95725,339156,1,8755,8701,19,19,19,19,19,1,1,19,23
1526,38,22858017,26815,23026,20074,453404,93927,102595,527236,76263,17805028,2385717,50898,86756,423031,289538,96215,397494,1,8755,8603,19,19,19,19,19,1,1,19,43
1527,39,28250070,26884,26718,18611,450840,116113,124566,638125,75456,22213524,3077762,63107,78406,540812,354811,95814,348521,1,11058,10872,24,24,24,24,24,1,1,24,45
1528,40,30550043,26319,27557,17035,433324,118898,136334,657787,75420,24186055,3297602,63242,80192,605613,376682,97340,350643,1,11980,11803,26,26,26,26,26,1,1,26,42
1529,41,27275132,25435,33741,12644,430276,108124,105456,573123,74722,21660778,2803970,59994,76058,558215,339878,97210,315508,1,10598,10516,23,23,23,23,23,1,1,23,28
1530,42,21698215,25528,21949,14721,442782,79674,96619,477426,75711,17022209,2160669,48895,75649,457038,268809,94124,336412,1,8294,8201,18,18,18,18,18,1,1,18,31
1531,43,17085565,26238,19616,10458,437923,73939,69247,360242,74859,13230201,1688105,50509,72759,351125,220362,98674,301308,1,6451,6421,14,14,14,14,14,1,1,14,17
1532,44,39453261,26287,25189,26318,439945,150522,173370,884921,76561,31515337,4124442,91784,86112,844603,502254,95506,390110,1,10598,10312,23,23,23,23,23,1,1,23,63
1533,45,26087610,25030,25186,16238,442833,96742,111425,573331,75431,20530498,2815245,57600,83091,509551,322686,95791,306932,1,10137,10015,22,22,22,22,22,1,1,22,35
1534,46,23880928,25820,21992,27088,436510,91348,117970,592245,84221,18478921,2543118,53483,81453,501362,300258,93695,431444,1,9215,8960,20,20,20,20,20,1,1,20,63
1535,47,21777022,25106,21938,11720,430024,81632,86728,454370,74586,17095812,2209102,48163,77789,461995,269124,95532,333401,1,8294,8249,18,18,18,18,18,1,1,18,21
1536,0,38315145,25756,30720,31080,436770,150900,178824,912583,75895,29989033,4279816,88748,92847,864756,490883,94897,571637,1,15205,14682,33,33,33,33,33,1,1,33,82
1537,1,20810059,25453,21197,9924,429286,78184,79698,419210,84127,16208715,2166869,44560,69745,463663,262434,97037,349957,1,7833,7801,17,17,17,17,17,1,1,17,18
1538,2,16942498,23671,19480,8955,436911,63557,66407,348884,74850,13223413,1628594,36510,72340,339142,207986,95344,296454,1,6451,6430,14,14,14,14,14,1,1,14,15
1539,3,19287780,24415,20802,9349,438751,74837,75947,401165,75196,15153278,1833416,43469,71475,397978,238870,95300,333532,1,7372,7340,16,16,16,16,16,1,1,16,18
1540,4,25892416,26048,23956,30359,441480,98147,132102,671483,76277,19984864,2825796,59652,79593,606936,324749,97158,413816,1,10137,9787,22,22,22,22,22,1,1,22,77
1541,5,28323727,25528,25457,30450,444106,105558,140867,708464,76550,21920347,3220545,63817,77895,659650,352136,95968,376389,1,11058,10698,24,24,24,24,24,1,1,24,74
1542,6,20382784,26941,21583,35084,431972,78314,102285,522548,76723,15614101,2272945,47449,75812,425062,250714,97495,303756,1,7833,7627,17,17,17,17,17,1,1,17,59
1543,7,19470762,25133,20988,24977,463537,75181,102974,506853,76978,14843812,2177949,41521,75657,400752,238281,94412,301757,1,7372,7180,16,16,16,16,16,1,1,16,58
1544,8,31757784,25203,29273,31101,436522,119044,155088,795671,76545,24680171,3602017,68318,76640,712038,392355,96275,461523,1,12441,12005,27,27,27,27,27,1,1,27,80
1545,9,33118925,26960,29777,30507,444679,133740,156743,811221,77233,25795471,3696026,76234,80180,743975,420625,107041,488513,1,12901,12467,28,28,28,28,28,1,1,28,78
1546,10,32903365,26192,27053,31818,434335,125607,164564,815077,76602,25551677,3724859,75386,79407,743693,410626,108892,507577,1,12901,12432,28,28,28,28,28,1,1,28,83
1547,11,34087307,26141,36124,32397,454202,133904,165412,831880,76774,26539206,3815543,72580,79326,767517,420641,97186,538474,1,13362,12895,29,29,29,29,29,1,1,29,81
1548,12,42088669,34000,32701,28392,444902,164929,191189,966649,77440,32995338,4836031,91465,79474,948911,528304,95019,573925,1,16587,16056,36,36,36,36,36,1,1,36,79
1549,13,36483127,26631,29528,31945,438387,141572,175823,888732,77861,28418857,4149978,83439,77959,818071,452318,105315,566711,1,14284,13776,31,31,31,31,31,1,1,31,83
1550,14,45439829,25934,34640,30580,454682,170475,211140,1086175,77324,35647849,5247548,106478,80010,992486,575488,108040,590980,1,17970,17329,39,39,39,39,39,1,1,39,87
1551,15,22980388,26511,21884,27834,438293,83194,116575,594311,77114,17516570,2667968,48182,77664,536538,281757,106040,359953,1,8755,8489,19,19,19,19,19,1,1,19,68
1552,16,28462493,25688,25530,28755,436162,102966,134096,702558,79078,21927049,3343994,67173,79983,645062,354344,95605,414450,1,11058,10698,24,24,24,24,24,1,1,24,74
1553,17,51905020,34102,42653,47323,498330,154768,191551,1045446,122307,42337635,4676770,102096,151078,940180,585583,178176,797022,1,11980,11613,26,26,26,26,26,1,1,26,72
1554,18,23959462,26465,24112,28939,431858,95038,120171,598700,76841,18408767,2714510,56350,76760,518436,297996,98662,385857,1,9215,8945,20,20,20,20,20,1,1,20,66
1555,19,23947745,25919,23886,25930,439523,86709,125690,595335,87050,18420119,2716084,54671,78201,525246,301529,96098,345755,1,9215,8970,20,20,20,20,20,1,1,20,61
1556,20,21672136,25095,22099,28883,432826,77565,110304,566859,77761,16531001,2431835,49006,76043,501643,269328,95564,376324,1,8294,8024,18,18,18,18,18,1,1,18,70
1557,21,23899836,25858,23661,30264,429339,87921,123613,617479,78067,18272122,2730961,53050,75588,573499,290172,107906,380336,1,9215,8900,20,20,20,20,20,1,1,20,75
1558,22,12660577,24990,15899,10482,443162,44163,51611,268407,75813,9489106,1346060,27717,68184,244597,148939,97048,304399,1,4608,4590,10,10,10,10,10,1,1,10,14
1559,23,22671970,25496,23463,13429,451414,80099,92080,480694,76217,17737967,2376933,50889,72379,463289,278585,96245,352791,1,8755,8677,19,19,19,19,19,1,1,19,28
1560,24,35362873,26370,30910,29116,447088,130744,158171,822666,78050,27671400,3962966,82221,78641,798955,449716,93738,502121,1,13823,13393,30,30,30,30,30,1,1,30,74
1561,25,30816210,26235,27242,31437,446416,111301,159780,779287,77380,23740415,3548909,72519,84924,713937,382711,95097,518620,1,11980,11552,26,26,26,26,26,1,1,26,80
1562,26,34138114,25634,29037,32365,431850,127594,163591,820091,84908,26458628,3961311,76750,81205,798863,416962,94964,534361,1,13362,12899,29,29,29,29,29,1,1,29,81
1563,27,23035208,25732,22807,29233,441250,89906,120439,615693,87312,17574637,2623969,53643,77061,529853,290687,94399,358587,1,8755,8466,19,19,19,19,19,1,1,19,73
1564,28,35206986,25562,29280,30648,434136,131922,163145,832974,77521,27474273,4022274,83794,80602,777978,460295,96005,486577,1,13823,13368,30,30,30,30,30,1,1,30,78
1565,29,31828997,26118,27266,15851,437244,121688,130345,667836,78236,25136760,3572092,68079,80649,622543,403140,96711,344439,1,12441,12295,27,27,27,27,27,1,1,27,37
1566,30,18555601,34322,20432,27049,588759,68304,104939,514069,77115,13961840,2045894,41026,76035,401407,225224,95312,273874,1,6912,6706,15,15,15,15,15,1,1,15,64
1567,31,28230137,27378,25082,35818,432745,104699,137393,679107,77277,21925158,3217016,60623,78018,589177,340654,93674,406318,1,11058,10758,24,24,24,24,24,1,1,24,64
1568,32,21772956,25063,22661,11557,435692,78944,89113,457105,76351,16961759,2340950,49218,72708,461396,269300,103198,317941,1,8294,8247,18,18,18,18,18,1,1,18,21
1569,33,24790178,27104,24012,29479,431031,94282,127571,645930,89364,19131329,2669678,55773,78578,568979,303011,97259,416798,1,9676,9344,21,21,21,21,21,1,1,21,75
1570,34,27542670,25913,25073,10450,438958,103876,115543,555843,75652,21792406,2877596,68504,80454,554160,348953,95272,374017,1,10598,10537,23,23,23,23,23,1,1,23,24
1571,35,29082550,25517,27281,17506,459342,109262,126323,661671,78731,23071624,2954325,65394,82223,566530,363024,94724,379073,1,11519,11342,25,25,25,25,25,1,1,25,43
1572,36,14953750,24453,18194,10126,435841,53418,57980,308170,88635,11463371,1509270,34652,72532,295393,181318,95688,304709,1,5529,5511,12,12,12,12,12,1,1,12,14
1573,37,24808025,25482,23740,12222,435152,93066,95323,521133,76771,19608165,2533154,61137,75895,508275,317205,95345,325960,1,9676,9604,21,21,21,21,21,1,1,21,26
1574,38,28301111,25875,26589,21094,446641,109602,123328,632910,86238,22339553,2931591,63569,81004,552748,358540,94239,407590,1,11058,10860,24,24,24,24,24,1,1,24,47
1575,39,32980744,25792,28328,18126,437127,124111,145702,720809,77584,26072663,3620336,71967,81216,654860,417369,107025,377729,1,12901,12684,28,28,28,28,28,1,1,28,47
1576,40,28422890,26115,26923,17293,450045,107312,119198,624991,76913,22293243,3152052,64992,82300,537436,373329,105867,364881,1,11058,10890,24,24,24,24,24,1,1,24,42
1577,41,24008449,25514,23149,12793,451508,89475,93972,499554,77292,18773594,2649836,53622,76857,480449,303165,103512,294157,1,9215,9145,20,20,20,20,20,1,1,20,26
1578,42,28488537,26051,25973,15307,443879,107445,122664,623492,77417,22490238,3005448,63848,75816,564316,361285,105617,379741,1,11058,10920,24,24,24,24,24,1,1,24,37
1579,43,14904616,24885,18104,10370,445681,55818,64862,330301,86005,11413592,1455853,33572,69277,309097,185002,96062,306135,1,5529,5505,12,12,12,12,12,1,1,12,16
1580,44,26211340,26016,25542,25034,435217,102611,126089,642240,78075,20350278,2845982,64067,83229,555576,344818,99848,406718,1,10137,9873,22,22,22,22,22,1,1,22,60
1581,45,22915703,26228,22545,16921,436575,92752,102797,498995,76635,17843993,2509329,50457,79372,452973,287103,96341,322687,1,8755,8657,19,19,19,19,19,1,1,19,32
1582,46,20712827,27012,21073,25631,438666,79256,108847,544906,78204,15754890,2286346,48151,82507,435711,266895,95222,419510,1,7833,7627,17,17,17,17,17,1,1,17,59
1583,47,25167284,26515,25241,12561,447480,102720,102925,514953,76613,19745686,2678765,66541,79890,507949,308526,96622,374297,1,9676,9610,21,21,21,21,21,1,1,21,25
1584,0,46205850,26959,39894,32212,450476,178336,208582,1053183,79806,36341542,5185536,115970,82039,1034193,588223,117592,671307,1,18430,17760,40,40,40,40,40,1,1,40,89
1585,1,24302865,26408,25044,10987,447941,91241,111343,498552,86573,18942658,2612490,55366,70003,510195,306345,105674,402045,1,9215,9170,20,20,20,20,20,1,1,20,21
1586,2,22950418,26207,23563,10166,447361,87586,93034,482693,76507,18146281,2173987,52431,70055,469042,311708,120948,358849,1,8755,8714,19,19,19,19,19,1,1,19,20
1587,3,25304757,26781,25506,10854,435213,102087,99820,534531,78150,20066127,2523776,58196,76234,518676,318999,101094,328713,1,9676,9621,21,21,21,21,21,1,1,21,23
1588,4,49771827,29960,40531,45077,565201,154085,185042,1049641,128593,40602827,4313815,104277,127268,893742,574082,143483,814203,1,12901,12467,28,28,28,28,28,1,1,28,78
1589,5,35361538,26104,30455,31230,430657,138017,178291,831304,78622,27506416,4088482,77786,81318,817488,442053,102539,500776,1,13823,13375,30,30,30,30,30,1,1,30,77
1590,6,20888293,26361,21838,28085,439469,89476,112897,549078,78631,15865681,2399856,47810,80107,452046,254144,100480,342334,1,7833,7614,17,17,17,17,17,1,1,17,62
1591,7,24308395,27514,23050,25216,455894,103091,119468,619047,79134,18709352,2747827,56195,76720,509216,305159,116913,334599,1,9215,8975,20,20,20,20,20,1,1,20,60
1592,8,34026654,32907,30526,41656,445786,129574,164764,836546,81819,26099820,4008967,80189,134575,745510,419170,101662,673183,1,12901,12439,28,28,28,28,28,1,1,28,82
1593,9,28778420,26850,27510,30581,447283,113828,141462,696162,79257,22179327,3336353,67705,80162,635416,347583,103404,465537,1,11058,10692,24,24,24,24,24,1,1,24,75
1594,10,33644588,27415,28864,32381,433486,132446,165866,810351,79234,26055161,3953765,77909,79336,753605,426935,102337,485497,1,12901,12432,28,28,28,28,28,1,1,28,83
1595,11,33470372,25192,27017,31957,456836,139079,174764,840083,79628,25851354,3868686,76342,79410,749668,425936,101973,542447,1,12901,12446,28,28,28,28,28,1,1,28,81
1596,12,39239099,28047,30753,35625,444857,174230,180656,880502,79287,30675811,4535225,87439,80988,888875,484433,106008,526363,1,15205,14737,33,33,33,33,33,1,1,33,75
1597,13,38835980,26641,29623,30664,458145,158325,189090,945642,78370,30123676,4536182,86374,79900,870600,508742,99272,614734,1,14744,14232,32,32,32,32,32,1,1,32,82
1598,14,36146820,25609,28485,27823,453208,153681,172221,846730,78856,28107741,4249358,87347,76187,811841,470094,102481,455158,1,13823,13389,30,30,30,30,30,1,1,30,74
1599,15,19716245,27945,24105,28656,433488,76699,116597,518943,80457,14920386,2270635,44363,79179,417985,237297,116893,322617,1,7372,7148,16,16,16,16,16,1,1,16,66
1600,16,34916292,26414,27966,31531,446398,129947,166957,853353,79643,27029190,4128058,83297,79245,785876,448518,100524,499375,1,13362,12910,29,29,29,29,29,1,1,29,79
1601,17,31164457,27602,28004,29101,438621,122188,159046,747354,79626,24049593,3651654,70664,76305,695412,398591,100378,490318,1,11980,11605,26,26,26,26,26,1,1,26,73
1602,18,24507377,26888,22411,26172,443865,89371,123741,618947,79032,18794510,2833250,57184,79326,517514,309532,100907,384727,1,9215,8970,20,20,20,20,20,1,1,20,61
1603,19,25737011,27111,23554,25471,475834,98815,133143,635278,79351,19784407,2981471,73923,78061,540485,317365,102356,360386,1,9676,9433,21,21,21,21,21,1,1,21,59
1604,20,25347003,26326,23105,40326,438272,91465,129413,661404,80805,19410254,2947383,56257,77086,555758,315072,98051,396026,1,9676,9364,21,21,21,21,21,1,1,21,71
1605,21,25914830,36914,28228,31389,460982,98593,135966,689645,83322,19665909,3095810,57267,76670,600990,316660,105438,431047,1,9676,9354,21,21,21,21,21,1,1,21,75
1606,22,17587909,34264,20438,11984,444783,66643,76457,381433,79759,13467398,1874351,40247,73701,370537,230124,104533,311257,1,6451,6414,14,14,14,14,14,1,1,14,19
1607,23,33602068,26959,28367,15476,440735,126434,139831,709945,78722,26545427,3723262,82405,76327,696467,452042,100358,359311,1,12901,12761,28,28,28,28,28,1,1,28,36
1608,24,30241819,35173,33602,42424,438321,112883,143208,750828,109536,23182827,3437771,67579,102421,689575,380799,133878,580994,1,11058,10716,24,24,24,24,24,1,1,24,71
1609,25,35825585,26082,29595,32689,446613,141293,177355,887148,81973,27580586,4324244,82088,79011,784979,464153,98480,589296,1,13823,13308,30,30,30,30,30,1,1,30,85
1610,26,27659847,25654,25856,31469,448592,102594,138363,689064,78694,21235982,3230005,62535,80826,609054,344048,98055,459056,1,10598,10246,23,23,23,23,23,1,1,23,75
1611,27,38505765,25820,24613,30226,497436,139229,176129,891403,88691,30092129,4506525,98576,78096,833205,509250,96877,417560,1,9676,9347,21,21,21,21,21,1,1,21,75
1612,28,33116624,26946,28183,29229,437945,123832,154936,779573,79881,25680118,3899773,78648,77779,724559,418224,97775,479223,1,12901,12502,28,28,28,28,28,1,1,28,73
1613,29,34600179,28379,32586,16907,450463,126262,143613,733379,79750,27296088,3912657,74002,78635,684074,430884,106425,406075,1,13362,13198,29,29,29,29,29,1,1,29,39
1614,30,21840189,26587,22609,27724,446138,83013,116730,585908,79064,16598826,2497778,48158,88269,485155,262260,101830,370140,1,8294,8043,18,18,18,18,18,1,1,18,67
1615,31,25237917,26469,25878,26450,451933,97920,131055,613821,78638,19490847,2872640,57118,78014,520680,308174,100379,357901,1,9676,9424,21,21,21,21,21,1,1,21,61
1616,32,16644361,25122,21025,10663,444646,58076,73582,365868,78247,12731387,1794708,38169,71282,337672,207997,101061,284856,1,5990,5965,13,13,13,13,13,1,1,13,16
1617,33,22935736,26869,22903,30747,442852,81166,122210,608798,79841,17580543,2528330,49359,77074,523546,275055,98564,387879,1,8755,8459,19,19,19,19,19,1,1,19,74
1618,34,21893358,25767,22384,10385,437256,75745,86758,442251,78082,17049851,2351077,51657,75116,479371,270520,100492,336646,1,8294,8257,18,18,18,18,18,1,1,18,19
1619,35,29449155,24784,25945,19150,442838,105279,127517,648690,78921,23164563,3203855,65460,79349,557197,369198,100446,435963,1,11519,11335,25,25,25,25,25,1,1,25,44
1620,36,17322432,24977,29873,10101,437103,59817,67904,358231,79462,13328420,1825551,38808,80141,349975,223084,99754,309231,1,6451,6425,14,14,14,14,14,1,1,14,16
1621,37,17130072,25735,18995,13356,432570,59282,69857,379405,86825,13239074,1673034,37062,73331,383638,209559,97991,330358,1,6451,6412,14,14,14,14,14,1,1,14,20
1622,38,28633097,26061,25942,20886,437044,104280,130969,653568,79563,22475984,3113449,62736,92932,545280,351937,97580,414886,1,11058,10860,24,24,24,24,24,1,1,24,47
1623,39,32140389,26829,27821,20135,441276,114128,144652,716066,87360,25279142,3620817,72408,81137,614670,399646,97969,396333,1,12441,12216,27,27,27,27,27,1,1,27,49
1624,40,38040887,27226,31011,19657,448324,137031,243533,842199,78679,29934420,4371420,91597,81114,721083,487153,99628,426812,1,14744,14480,32,32,32,32,32,1,1,32,51
1625,41,24169464,24927,23567,12008,433234,84975,99225,515121,86689,18970107,2590215,56678,74675,482508,308665,97751,309119,1,9215,9150,20,20,20,20,20,1,1,20,25
1626,42,38557212,26930,35084,14730,575445,148018,157614,809748,78618,30312606,4519502,92501,74489,743216,496328,98315,374068,1,11058,10932,24,24,24,24,24,1,1,24,35
1627,43,12708592,24708,17576,10401,434376,45577,64925,286256,78543,9540933,1293990,27961,68759,269906,159944,107353,277384,1,4608,4589,10,10,10,10,10,1,1,10,14
1628,44,39550187,28568,26301,27421,597296,131120,180328,867388,80647,32158056,3623561,78315,86460,705121,450474,100645,408486,1,10598,10312,23,23,23,23,23,1,1,23,63
1629,45,25372975,26999,24488,16347,442392,88454,108088,559622,79414,19809498,2843403,56837,90260,490301,318105,108958,309809,1,9676,9568,21,21,21,21,21,1,1,21,33
1630,46,20671721,33571,21659,26528,440664,73878,105483,538514,79611,15749249,2266020,48502,84520,432850,255273,102692,412707,1,7833,7637,17,17,17,17,17,1,1,17,57
1631,47,25337588,26341,23965,10905,453043,91992,98388,513671,78866,19770879,2836826,57947,77693,514087,312316,108547,362122,1,9676,9620,21,21,21,21,21,1,1,21,23
1632,0,40864931,25454,31881,30919,434486,151295,192999,974893,80473,32081305,4547407,91981,84694,907597,510107,95857,623583,1,16127,15592,35,35,35,35,35,1,1,35,81
1633,1,25363555,24923,33336,10315,435239,92989,104201,531950,78437,19864654,2735758,59726,72163,522182,322334,96536,378812,1,9676,9626,21,21,21,21,21,1,1,21,22
1634,2,20349373,24275,23822,10017,445413,73612,79129,424724,78899,16007505,1994978,45171,73669,414453,256441,96267,300998,1,7833,7801,17,17,17,17,17,1,1,17,18
1635,3,23833277,25489,22875,10912,435503,88631,93683,486561,79698,18867638,2359490,53174,74890,508984,296943,98016,330790,1,9215,9165,20,20,20,20,20,1,1,20,22
1636,4,27312441,25824,24929,27576,539331,103114,129616,659181,80978,21286882,2947272,60992,77248,564522,339814,95890,349272,1,10598,10296,23,23,23,23,23,1,1,23,66
1637,5,21738114,25935,21797,28946,444132,82106,122162,586859,89614,16580798,2523429,47818,79442,480688,259389,94714,270285,1,8294,8051,18,18,18,18,18,1,1,18,66
1638,6,20791280,26045,21926,26519,448416,77806,104785,537266,80129,15880513,2380050,47915,78890,426382,249793,97325,307520,1,7833,7626,17,17,17,17,17,1,1,17,59
1639,7,26440018,25513,25266,25823,459734,100205,143330,640427,79982,20356825,3086286,57901,77209,556457,340757,96903,367400,1,10137,9868,22,22,22,22,22,1,1,22,61
1640,8,27428356,26727,37102,28852,436438,100518,135082,685465,80910,21103437,3241079,61464,79024,626008,353424,97939,334887,1,10598,10255,23,23,23,23,23,1,1,23,73
1641,9,25358069,25065,24023,30345,459003,104143,129995,634947,89584,19404975,2976963,58433,77997,561054,315367,96879,369296,1,9676,9378,21,21,21,21,21,1,1,21,70
1642,10,34117207,25821,29879,31291,441020,125944,162226,824670,79580,26416627,3998805,79777,80999,769025,418300,94534,538709,1,13362,12899,29,29,29,29,29,1,1,29,80
1643,11,38127057,31807,28646,32180,1051864,142347,256992,1121244,80147,28965943,4257373,95115,77625,833354,469728,98149,584543,1,13362,12904,29,29,29,29,29,1,1,29,80
1644,12,44665514,28276,28910,30958,709760,177859,218769,1114925,80168,34777020,5077984,120364,80773,1020276,561227,96992,541253,1,14284,13822,31,31,31,31,31,1,1,31,77
1645,13,28998026,28572,29031,30619,455484,110526,154677,722323,82819,22215850,3462230,67223,78907,649306,364694,107530,438235,1,11058,10722,24,24,24,24,24,1,1,24,70
1646,14,26346348,26664,27970,26113,446434,98714,130668,654080,80452,20227532,3091435,59959,80383,556474,341875,103421,394174,1,10137,9858,22,22,22,22,22,1,1,22,63
1647,15,21709261,27067,22947,29012,447044,81791,115750,567098,79613,16562469,2449466,50978,78295,473579,277983,100291,345878,1,8294,8042,18,18,18,18,18,1,1,18,67
1648,16,28536322,26453,26086,28817,441892,114672,139289,715863,80102,22027574,3290152,62152,79044,633812,352083,98187,420144,1,11058,10710,24,24,24,24,24,1,1,24,72
1649,17,24151682,26635,24045,28095,439524,88842,124812,613448,79611,18416345,2894256,51812,77383,551886,304484,94138,336366,1,9215,8925,20,20,20,20,20,1,1,20,70
1650,18,24186228,26013,23211,27513,437759,101124,128853,618553,80629,18512752,2830392,52704,75713,516414,290557,96459,367582,1,9215,8960,20,20,20,20,20,1,1,20,63
1651,19,19860474,27599,20659,25073,450269,81297,105383,513166,84120,15073222,2302832,47360,87880,412954,256462,100397,271801,1,7372,7188,16,16,16,16,16,1,1,16,56
1652,20,21862750,26719,22171,38002,446956,81875,114534,571979,80708,16647985,2511782,51336,77737,485876,271111,99624,334355,1,8294,8026,18,18,18,18,18,1,1,18,69
1653,21,22126252,26747,22931,31038,438903,90223,119164,582649,80608,16738257,2547417,48709,78189,493465,275736,96879,455337,1,8294,8021,18,18,18,18,18,1,1,18,73
1654,22,9197099,24259,15552,9734,426697,39880,55940,206072,79590,6682549,934660,20674,72360,173283,108680,98661,248508,1,3226,3215,7,7,7,7,7,1,1,7,11
1655,23,31874636,27145,28150,14868,435244,121350,130358,688018,73501,25331408,3381354,68369,89895,634101,398162,96234,356479,1,12441,12302,27,27,27,27,27,1,1,27,36
1656,24,62764790,33722,67589,48059,477751,196374,202494,1182591,118877,51731131,5415810,118999,141667,1143617,736563,168424,981122,1,14744,14248,32,32,32,32,32,1,1,32,80
1657,25,25175191,26226,24192,39004,427412,95885,130478,656035,75979,19407421,2740179,79425,76973,563180,312860,98094,421848,1,9676,9362,21,21,21,21,21,1,1,21,72
1658,26,28383931,26404,26976,28772,438022,108701,137983,687660,74891,22067762,3121693,61023,79492,626543,346270,97292,454447,1,11058,10716,24,24,24,24,24,1,1,24,71
1659,27,26337594,27408,27849,27870,429409,101810,126612,645309,74971,20388704,2942673,57538,86908,560985,332304,99228,408016,1,10137,9848,22,22,22,22,22,1,1,22,67
1660,28,35165578,26915,39804,28728,447242,136611,157649,829923,75372,27558816,3887799,82737,79325,769069,438129,97978,509481,1,13823,13384,30,30,30,30,30,1,1,30,76
1661,29,30983940,25979,28189,15257,435646,117211,125213,647829,74503,24538523,3366938,66605,81799,644119,384408,96566,335155,1,11980,11841,26,26,26,26,26,1,1,26,36
1662,30,17106291,37951,27843,39347,435761,66447,95583,516221,98726,12649326,1878837,40828,118519,370000,207037,140193,383672,1,5529,5367,12,12,12,12,12,1,1,12,62
1663,31,23845270,25113,23471,25611,449039,90521,116598,613356,74817,18415417,2647892,54145,76594,492608,309633,98056,332399,1,9215,8970,20,20,20,20,20,1,1,20,61
1664,32,20791427,24848,21157,11612,464898,78692,82107,439124,73740,16246477,2141433,45945,76424,427978,257987,100915,298090,1,7833,7792,17,17,17,17,17,1,1,17,20
1665,33,29469912,27125,28102,31052,441766,114966,149660,746379,82697,22919296,3150334,65417,79226,681369,370523,99375,482625,1,11519,11125,25,25,25,25,25,1,1,25,77
1666,34,24098946,25448,24190,9668,433853,94316,95698,513232,74433,18951766,2505657,52264,73476,512474,298643,109814,324014,1,9215,9170,20,20,20,20,20,1,1,20,21
1667,35,29549018,28550,26484,17260,446555,119579,123243,647906,75522,23463166,3033416,64582,89638,575661,376235,99016,362205,1,11519,11359,25,25,25,25,25,1,1,25,40
1668,36,13853008,26545,17569,9627,437699,53630,53780,294154,82356,10571429,1362847,30278,77151,273734,177977,96600,287632,1,5069,5053,11,11,11,11,11,1,1,11,13
1669,37,18298897,25699,20936,20234,431854,70754,73941,389057,74799,14212260,1823466,40947,71570,395501,231266,95488,321125,1,6912,6872,15,15,15,15,15,1,1,15,20
1670,38,21668044,25752,22074,19733,433024,85769,110455,507108,77472,16860560,2274042,49407,83714,406359,266689,97433,348453,1,8294,8159,18,18,18,18,18,1,1,18,40
1671,39,34218230,26172,30294,20599,439938,134658,154533,757153,85330,27074666,3770702,75922,83353,661943,431474,95397,376096,1,13362,13109,29,29,29,29,29,1,1,29,51
1672,40,30829453,27466,28479,18082,433232,124434,135961,686654,85343,24335241,3338714,70972,84307,594020,384760,99993,381795,1,11980,11791,26,26,26,26,26,1,1,26,44
1673,41,27602918,28263,36497,12316,445154,109592,111533,572127,74595,21820623,2926907,62702,75542,555971,343984,108977,318135,1,10598,10516,23,23,23,23,23,1,1,23,28
1674,42,24192876,26913,26018,15495,430353,97671,100418,526424,76116,19014681,2451865,60946,77666,530988,305887,103259,348176,1,9215,9115,20,20,20,20,20,1,1,20,32
1675,43,14844112,25537,19757,10972,439481,59132,60103,318635,75490,11409232,1453885,32742,70805,302373,179665,100691,285612,1,5529,5505,12,12,12,12,12,1,1,12,16
1676,44,24936819,26958,26554,26942,436810,101764,123970,611889,77071,19393032,2660997,56017,80663,527181,310869,101930,374172,1,9676,9426,21,21,21,21,21,1,1,21,60
1677,45,18291933,25549,21334,16300,427631,71745,80132,408524,75124,14135586,1933686,40938,76269,356514,223981,102815,295805,1,6912,6838,15,15,15,15,15,1,1,15,29
1678,46,15096453,39243,19211,24760,430834,59701,86948,420148,76202,11325275,1559862,34612,84436,295353,183617,99829,356422,1,5529,5394,12,12,12,12,12,1,1,12,53
1679,47,25778061,26611,21332,11582,583956,86728,98194,491908,79558,20763914,2272261,51030,76767,462704,309966,99213,342337,1,7372,7328,16,16,16,16,16,1,1,16,21
1680,0,48837600,29435,43574,42324,436280,175706,172404,985354,115253,39540111,4552582,95421,128691,957966,572907,137833,851759,1,14744,14288,32,32,32,32,32,1,1,32,75
1681,1,26718657,24071,24454,9518,429987,107449,102646,563560,74441,21088588,2838343,62450,70870,528624,334024,97543,362089,1,10137,10082,22,22,22,22,22,1,1,22,23
1682,2,22604486,25261,22462,9487,426888,90763,89610,471868,75600,17932429,2158968,51080,72405,464003,294957,104012,314693,1,8755,8714,19,19,19,19,19,1,1,19,20
1683,3,17177524,24484,19723,10246,435188,85820,67716,359099,74909,13349992,1661840,39050,73933,350958,238509,95493,290564,1,6451,6427,14,14,14,14,14,1,1,14,16
1684,4,22469027,27916,23628,27909,443373,96868,114349,581892,76791,17422042,2314952,50867,79645,475309,284144,100459,348883,1,8755,8492,19,19,19,19,19,1,1,19,67
1685,5,30878512,27099,28599,29767,435880,123766,151830,769757,76820,24053252,3466043,67679,79739,674871,382221,99476,411713,1,11980,11602,26,26,26,26,26,1,1,26,74
1686,6,19852489,25960,22227,26399,445857,82168,107144,523884,77766,15191232,2136163,45543,76913,426671,251882,103018,309662,1,7372,7184,16,16,16,16,16,1,1,16,57
1687,7,24922373,27150,23994,25535,431073,100239,120481,620571,76334,19342468,2730581,55646,77822,536916,298462,97631,357470,1,9676,9420,21,21,21,21,21,1,1,21,60
1688,8,21545303,25010,22960,27871,431324,86586,111413,587091,76953,16472241,2371136,49482,75534,491994,271480,97474,346754,1,8294,8023,18,18,18,18,18,1,1,18,71
1689,9,39877243,26882,26085,39117,438200,169607,175984,980965,76384,31106782,4699678,100118,77550,921984,501423,98613,437871,1,11058,10686,24,24,24,24,24,1,1,24,76
1690,10,36298029,33591,29905,28996,439547,147015,160386,835492,76646,28384398,4088497,78168,78419,820240,441288,97343,558098,1,14284,13814,31,31,31,31,31,1,1,31,78
1691,11,33136041,25703,27918,30784,442607,135826,163960,804538,77027,25831220,3713817,70808,78416,751877,405036,95889,480615,1,12901,12474,28,28,28,28,28,1,1,28,77
1692,12,39679034,26924,33479,35684,429563,172304,177090,917684,76436,31104058,4510335,87977,79413,892668,483265,96008,556146,1,15666,15145,34,34,34,34,34,1,1,34,80
1693,13,32134051,31589,33158,36052,426983,129167,150631,778015,82876,24915516,3653551,67517,86184,721985,394330,115467,511030,1,12441,12047,27,27,27,27,27,1,1,27,74
1694,14,35333842,26657,30363,27763,434654,140085,171395,817424,76470,27567002,4072410,81342,79060,784642,434713,96331,493531,1,13823,13396,30,30,30,30,30,1,1,30,73
1695,15,22189395,28782,24552,28386,432071,81975,115760,567218,76681,17027690,2474912,48714,77834,483745,270584,105250,345241,1,8294,8047,18,18,18,18,18,1,1,18,66
1696,16,35207540,27190,31732,28940,436810,134729,162472,825029,76882,27515918,4034485,77929,79987,769146,433319,103416,469556,1,13823,13398,30,30,30,30,30,1,1,30,74
1697,17,28415938,26566,25551,27573,442582,107362,140952,708088,77507,22014046,3190477,63198,76473,631884,360195,101763,421721,1,11058,10722,24,24,24,24,24,1,1,24,70
1698,18,18420044,25158,21380,27515,427567,67989,95815,491310,77314,13983304,2089136,40390,77133,381926,227624,102348,284135,1,6912,6729,15,15,15,15,15,1,1,15,59
1699,19,21981637,25383,23037,23895,435229,84759,115103,535483,78527,16815638,2504894,47694,76122,449828,266620,210882,288543,1,8294,8096,18,18,18,18,18,1,1,18,55
1700,20,18372790,26841,22558,27286,430838,70090,100252,527944,77784,13888572,2031358,40433,77177,408873,221677,103616,317491,1,6912,6706,15,15,15,15,15,1,1,15,64
1701,21,25263195,25956,25278,28088,441344,97034,127439,636036,78280,19419497,2884337,55963,78442,536868,306876,110304,411453,1,9676,9385,21,21,21,21,21,1,1,21,69
1702,22,12705252,24715,17453,10726,432550,48778,52765,275675,75709,9583747,1283701,28174,75675,248585,162958,99858,284183,1,4608,4589,10,10,10,10,10,1,1,10,14
1703,23,31947447,25116,28007,15290,430112,121336,138342,688749,75962,25348275,3425996,70003,72043,639423,408626,99550,360617,1,12441,12302,27,27,27,27,27,1,1,27,36
1704,24,33030008,27005,27638,29196,428041,123074,158136,787472,78889,25788630,3640123,69663,79878,774502,411681,97867,508213,1,12901,12488,28,28,28,28,28,1,1,28,75
1705,25,31728601,25229,27432,31773,427783,111680,163430,773234,78882,24613412,3621222,72056,81506,718340,416326,100233,466063,1,12441,12005,27,27,27,27,27,1,1,27,80
1706,26,28789387,27360,25173,30956,530735,99425,151589,716597,87744,22199388,3207177,61886,79184,641777,358805,99449,472142,1,11058,10674,24,24,24,24,24,1,1,24,78
1707,27,30964426,25914,27917,31334,439479,107356,150305,749177,77184,24034245,3516723,68626,78619,707845,387139,98446,464117,1,11980,11603,26,26,26,26,26,1,1,26,74
1708,28,35317396,34763,30883,27785,450965,133736,159226,830990,77886,27561326,4060819,81869,78503,772448,442129,98898,475170,1,13823,13413,30,30,30,30,30,1,1,30,72
1709,29,32064652,27457,28054,15867,442622,112368,132543,672410,77949,25328509,3547640,69918,84086,641640,411296,113649,358644,1,12441,12295,27,27,27,27,27,1,1,27,37
1710,30,18368379,25293,20429,25943,428941,70904,100294,503802,78061,13901646,2051660,40597,75445,412801,224969,96183,311411,1,6912,6710,15,15,15,15,15,1,1,15,63
1711,31,23917532,26454,23773,27121,434785,84305,126954,609641,77509,18436503,2704859,49556,75984,502870,289659,97237,350322,1,9215,8955,20,20,20,20,20,1,1,20,64
1712,32,27251178,23878,24970,11788,429642,93993,108115,557168,77514,21638892,2832275,60611,77282,560273,346262,97003,311512,1,10598,10525,23,23,23,23,23,1,1,23,26
1713,33,29502665,26464,26062,30574,423050,106358,148814,730433,77245,23066785,3106756,63890,80541,677201,367449,95480,475563,1,11519,11124,25,25,25,25,25,1,1,25,77
1714,34,21719078,32558,22836,10090,433303,76191,84663,441852,76875,17036048,2230884,48122,76848,458087,269056,95723,325942,1,8294,8258,18,18,18,18,18,1,1,18,19
1715,35,29602633,24844,28309,17942,429541,113820,124778,656888,77218,23433707,3163743,64291,79737,562458,371181,96370,357806,1,11519,11347,25,25,25,25,25,1,1,25,42
1716,36,21583891,23584,22190,10929,431127,75753,81686,450669,76432,16961631,2207915,48981,70550,450696,268120,96731,306897,1,8294,8252,18,18,18,18,18,1,1,18,20
1717,37,17210692,26242,20776,11276,451289,60690,76946,368517,76662,13291497,1720885,38167,74205,362073,211833,100425,319209,1,6451,6416,14,14,14,14,14,1,1,14,19
1718,38,26093981,26425,24417,20869,430009,94810,116400,598490,77065,20485991,2768359,58128,94056,490484,322134,96419,389925,1,10137,9964,22,22,22,22,22,1,1,22,44
1719,39,59253552,34565,47287,31397,601555,170840,206814,1113659,122032,49158537,5073233,112291,142454,949368,656592,168637,664291,1,13823,13561,30,30,30,30,30,1,1,30,52
1720,40,32011755,27398,27831,18556,434124,115311,143616,695205,77457,25274637,3539432,72323,85248,619573,399953,98954,382137,1,12441,12249,27,27,27,27,27,1,1,27,44
1721,41,19561499,27107,20978,13337,440307,69643,81898,417359,77047,15057415,2104090,47124,106029,404144,242900,95328,356793,1,7372,7324,16,16,16,16,16,1,1,16,22
1722,42,25106927,26436,24065,12950,435295,91217,101211,538573,80639,19758581,2642159,57552,76964,501090,311965,97403,350827,1,9676,9584,21,21,21,21,21,1,1,21,30
1723,43,12639267,26493,29680,11174,442754,46021,53005,282245,77570,9510824,1273803,27853,70197,251722,151775,102265,281886,1,4608,4588,10,10,10,10,10,1,1,10,14
1724,44,29460722,27357,27869,26141,427371,114501,135591,692016,77080,23016763,3254126,66521,83210,635743,373236,99484,403713,1,11519,11221,25,25,25,25,25,1,1,25,62
1725,45,22935202,25165,22808,15087,435596,88641,93899,505006,77045,17903197,2497338,51013,77191,464267,294179,99246,285524,1,8755,8665,19,19,19,19,19,1,1,19,30
1726,46,27481559,54734,44739,59428,431942,99653,135815,723729,150170,20463669,2991851,66905,187079,665813,373247,229973,802812,1,7372,7184,16,16,16,16,16,1,1,16,57
1727,47,19414765,25183,21595,11402,443558,78938,76996,406020,77295,15009449,2077206,42562,88839,414382,235812,98617,306911,1,7372,7336,16,16,16,16,16,1,1,16,19
1728,0,33875572,27560,28565,30251,438111,134527,168654,824133,77714,26397352,3783043,78606,85035,761033,433828,99772,507388,1,13362,12874,29,29,29,29,29,1,1,29,84
1729,1,28840406,25439,25431,10872,439111,106064,115065,590982,76681,22838636,3064873,62428,72869,581878,358910,96548,374619,1,11058,10992,24,24,24,24,24,1,1,24,25
1730,2,18178337,24125,20908,9967,432033,65025,68530,380295,77165,14261147,1739724,40022,70951,372152,223565,98115,294613,1,6912,6887,15,15,15,15,15,1,1,15,16
1731,3,16886054,24656,18911,10029,458620,63047,68273,354358,77317,13220739,1554782,35358,72000,342053,208995,102906,274010,1,6451,6427,14,14,14,14,14,1,1,14,16
1732,4,27182558,26277,24670,27412,431183,103618,134475,667787,89601,21138298,2932896,70797,78808,618034,352067,96465,390170,1,10598,10284,23,23,23,23,23,1,1,23,69
1733,5,27403793,29584,27648,28190,437941,101659,132617,668704,78398,21157512,3211205,61536,92499,589693,340809,108025,337773,1,10598,10307,23,23,23,23,23,1,1,23,64
1734,6,20585779,24611,22858,26722,437363,75882,102801,535759,77991,15716702,2329765,47789,77692,434658,252387,102022,320777,1,7833,7623,17,17,17,17,17,1,1,17,60
1735,7,21837517,26191,22494,26062,450805,82155,109150,554999,79264,16706826,2532274,56630,86224,448651,268683,97953,289156,1,8294,8074,18,18,18,18,18,1,1,18,59
1736,8,18297691,25345,20126,27734,430079,67134,99709,515235,78332,13848037,2046704,48665,75899,404967,233106,96802,279817,1,6912,6696,15,15,15,15,15,1,1,15,67
1737,9,26212312,25292,26435,29029,439020,100199,131628,667075,79545,20213489,2986915,58702,76697,578244,316395,95903,387744,1,10137,9817,22,22,22,22,22,1,1,22,71
1738,10,29647226,25628,26068,30696,434764,110906,152044,743148,79820,22881507,3415373,66799,78217,674060,364649,95877,467670,1,11519,11131,25,25,25,25,25,1,1,25,76
1739,11,32362761,27584,28403,30543,446164,128286,154240,801202,78087,24979013,3792960,71551,76928,747486,408078,98498,493738,1,12441,12033,27,27,27,27,27,1,1,27,76
1740,12,36412187,25380,30138,28831,436718,139151,168511,859214,86505,28386407,4170328,82878,82430,834674,448766,95988,536268,1,14284,13804,31,31,31,31,31,1,1,31,79
1741,13,28390783,25833,25419,39299,441661,110811,138298,700583,78086,21970633,3187450,72346,75159,664905,354997,95622,409681,1,11058,10692,24,24,24,24,24,1,1,24,75
1742,14,26250337,26638,24987,27710,428097,102495,126531,640582,79884,20274552,3037566,59661,81068,553986,323283,95821,367476,1,10137,9838,22,22,22,22,22,1,1,22,66
1743,15,19527765,25705,21008,26718,442486,76207,105025,531166,90013,14811911,2229944,43227,77873,416131,232551,95206,302594,1,7372,7152,16,16,16,16,16,1,1,16,65
1744,16,23050930,28746,27902,28654,438139,90533,113849,594166,79739,17560675,2731784,48225,79673,486392,272161,111105,359187,1,8755,8492,19,19,19,19,19,1,1,19,67
1745,17,27530682,25286,25136,28585,440818,114842,135999,684211,78666,21312137,3098361,60133,78260,622984,339171,100153,385940,1,10598,10269,23,23,23,23,23,1,1,23,71
1746,18,15008438,25785,18625,24086,451447,56890,81801,408472,79559,11210134,1698743,32785,75454,308852,185597,97155,253053,1,5529,5394,12,12,12,12,12,1,1,12,53
1747,19,21862229,25629,21768,26253,435258,85777,109574,537583,88678,16810836,2462563,48048,75859,455202,264393,96704,318104,1,8294,8086,18,18,18,18,18,1,1,18,57
1748,20,22897872,25306,21945,29546,445262,89670,119954,602787,78768,17564764,2549381,49879,87034,501736,281364,95486,354990,1,8755,8474,19,19,19,19,19,1,1,19,70
1749,21,21924937,25936,21722,29369,448610,88140,118324,578615,79292,16768152,2444274,49195,87477,473554,272449,96777,343051,1,8294,8036,18,18,18,18,18,1,1,18,69
1750,22,17334150,26238,19800,10698,442362,66020,70694,363516,78476,13327710,1817229,41504,75002,366325,222510,99040,307026,1,6451,6418,14,14,14,14,14,1,1,14,18
1751,23,27534629,24880,25960,14040,435617,112296,112808,598861,78738,21778978,2879365,63658,71758,553601,357795,100871,325403,1,10598,10492,23,23,23,23,23,1,1,23,32
1752,24,28706408,26389,25243,32252,444831,114790,138893,736281,84644,22181367,3187272,65445,80021,652751,359589,97420,479220,1,11058,10680,24,24,24,24,24,1,1,24,77
1753,25,24237734,26608,23383,31079,439099,98139,129187,630305,79195,18359368,2809038,56387,79357,547234,307766,96294,525295,1,9215,8915,20,20,20,20,20,1,1,20,72
1754,26,24333758,25366,28299,31215,447560,98123,144201,658978,79541,18469495,2858498,54985,77801,544770,296186,100845,417895,1,9215,8900,20,20,20,20,20,1,1,20,75
1755,27,24102673,26154,24591,29789,431390,97421,120922,612326,188626,18418795,2748635,50157,78859,517821,289394,101391,366402,1,9215,8935,20,20,20,20,20,1,1,20,68
1756,28,30060440,26887,26505,29151,431897,121048,142427,745059,79988,23241508,3442392,72502,80220,655991,370516,98185,496164,1,11519,11157,25,25,25,25,25,1,1,25,72
1757,29,31041241,27040,27108,14264,439371,121208,130083,640989,78501,24476304,3474741,69345,83472,636348,380539,109344,332584,1,11980,11848,26,26,26,26,26,1,1,26,35
1758,30,13982842,27297,17939,34308,438928,55076,87010,420935,77857,10219170,1580428,31593,115791,290838,164047,96235,325390,1,5069,4920,11,11,11,11,11,1,1,11,60
1759,31,21724644,25824,21992,34461,444528,90040,112092,541356,79143,16741734,2383285,45678,75903,467427,256968,95372,308841,1,8294,8084,18,18,18,18,18,1,1,18,58
1760,32,22823567,25258,22839,11208,437625,91987,90633,464740,77779,17850018,2461947,51583,74283,484398,276469,95823,306977,1,8755,8704,19,19,19,19,19,1,1,19,22
1761,33,24972512,25821,24218,29333,438161,100187,128955,640588,80466,19254426,2707035,57111,77778,574525,316108,98055,419745,1,9676,9348,21,21,21,21,21,1,1,21,74
1762,34,19679505,24645,20958,9816,430047,77525,81039,405899,77902,15273712,2076237,44121,75848,423079,237550,94095,327032,1,7372,7344,16,16,16,16,16,1,1,16,17
1763,35,26397520,26557,25075,18026,436870,109044,117458,605069,79125,20664128,2857098,60852,92702,488228,325549,96397,395342,1,10137,9986,22,22,22,22,22,1,1,22,40
1764,36,22651141,29265,19933,10320,874352,90595,99666,479831,78092,17402453,2333072,47989,70912,435372,273915,96166,309208,1,6451,6425,14,14,14,14,14,1,1,14,16
1765,37,18301640,24971,20142,11809,438738,74235,80611,389934,82252,14185175,1838499,42136,71479,394106,222054,96857,328642,1,6912,6876,15,15,15,15,15,1,1,15,19
1766,38,21860186,26984,25332,21141,435373,95879,99457,509684,79979,17031220,2251215,48301,85697,395995,266562,104643,382724,1,8294,8155,18,18,18,18,18,1,1,18,41
1767,39,27694049,26337,27163,19111,508828,118186,156807,625847,79665,21566780,3087839,61046,81786,525542,334865,111383,362864,1,10598,10424,23,23,23,23,23,1,1,23,44
1768,40,25514083,26811,24773,17862,440443,103115,112441,570133,79125,19854896,2908302,56485,83089,481379,309008,100609,345612,1,9676,9536,21,21,21,21,21,1,1,21,39
1769,41,17398466,25967,19377,11832,435334,72582,73224,363915,78312,13294657,1929079,38697,82027,370657,208112,97251,297443,1,6451,6417,14,14,14,14,14,1,1,14,19
1770,42,23029545,25875,23094,14749,439887,95483,114471,508896,78524,17887615,2517145,62618,83960,466974,286982,98061,325211,1,8755,8670,19,19,19,19,19,1,1,19,29
1771,43,17259879,24121,19075,9941,435901,71059,70149,364087,78642,13336356,1731956,39353,70411,376791,238426,96308,297303,1,6451,6421,14,14,14,14,14,1,1,14,17
1772,44,32084280,27227,27731,25992,439411,136596,158876,749085,79481,25044868,3638894,72107,83092,689377,398899,99086,413558,1,12441,12119,27,27,27,27,27,1,1,27,63
1773,45,20779379,26190,23390,16106,434316,83981,90041,464129,78260,16092925,2294875,48499,80000,408449,263327,99834,275057,1,7833,7753,17,17,17,17,17,1,1,17,29
1774,46,18371161,26454,20101,27157,441509,74020,99679,497154,78438,13865387,2068969,42278,85224,380584,224480,96669,343058,1,6912,6731,15,15,15,15,15,1,1,15,58
1775,47,18557363,24980,20524,10262,445249,77721,77220,396531,79111,14293468,1983620,50832,77288,382490,227409,97384,313274,1,6912,6879,15,15,15,15,15,1,1,15,18
1776,0,38906791,26465,30574,29656,433886,166329,175281,890556,87300,30443383,4372779,88977,83292,916104,498971,110394,552844,1,15205,14714,33,33,33,33,33,1,1,33,78
1777,1,20747307,25518,20819,10006,451011,83238,79475,416066,78620,16157085,2185828,44819,68438,430570,253164,101790,340860,1,7833,7801,17,17,17,17,17,1,1,17,18
1778,2,16028245,23144,19572,9720,434557,64049,62969,350485,79168,12391391,1560388,35515,68451,319547,195581,100381,313327,1,5990,5972,13,13,13,13,13,1,1,13,14
1779,3,22936862,25521,22374,10965,438941,93508,102116,476498,79132,18040310,2289172,51436,74682,489744,290905,98545,353013,1,8755,8711,19,19,19,19,19,1,1,19,21
1780,4,27507417,26023,26649,30525,448026,115212,142723,688609,80980,21370387,2991677,60860,85942,600764,338841,99844,400355,1,10598,10244,23,23,23,23,23,1,1,23,76
1781,5,24291751,27545,26459,30848,444727,101869,121962,619467,80664,18639439,2731877,54003,77196,574642,299794,114033,347226,1,9215,8930,20,20,20,20,20,1,1,20,69
1782,6,20764696,38422,21040,28414,451223,91243,110578,545713,80175,15771829,2378263,52566,78426,447936,246782,100921,321165,1,7833,7608,17,17,17,17,17,1,1,17,64
1783,7,25441019,26372,25328,28153,442450,106295,129812,647438,90492,19465792,2956653,57220,80842,574492,325178,100345,384157,1,9676,9383,21,21,21,21,21,1,1,21,67
1784,8,21967728,25748,23621,29789,435558,89403,122291,576262,81170,16714735,2504728,48150,77042,487627,276017,120043,355544,1,8294,8022,18,18,18,18,18,1,1,18,71
1785,9,34859991,42178,49085,53065,458085,133565,165334,866828,143718,26542941,4010842,80334,138192,741410,440856,180976,812582,1,11519,11156,25,25,25,25,25,1,1,25,73
1786,10,30808039,26883,29514,31651,430539,106853,146523,766878,81155,23734367,3600123,70973,81260,713265,395184,117101,475770,1,11980,11564,26,26,26,26,26,1,1,26,78
1787,11,37531841,26907,31286,31232,432244,128999,177813,888494,80350,29187497,4389922,83852,79748,830914,472245,105274,585064,1,14744,14216,32,32,32,32,32,1,1,32,84
1788,12,41034437,27334,33133,31971,449518,163191,185951,961181,80555,32000469,4799594,91584,92171,907803,518752,109484,581746,1,16127,15561,35,35,35,35,35,1,1,35,84
1789,13,26497484,36427,28042,33401,444046,97946,143557,713119,81148,20278565,2992898,60422,78284,595890,327205,103687,482847,1,10137,9748,22,22,22,22,22,1,1,22,84
1790,14,31582264,32728,34051,39824,432883,113306,143161,771531,93986,24334385,3607884,77482,110457,708678,387544,131760,562604,1,11980,11587,26,26,26,26,26,1,1,26,75
1791,15,21737066,26305,23031,28682,431630,78358,117243,573037,88376,16556718,2474746,47737,78591,482244,263689,101803,364876,1,8294,8038,18,18,18,18,18,1,1,18,68
1792,16,28517678,26090,27223,28651,440050,100824,139129,706456,80611,21991501,3303725,64168,78179,645766,343861,101969,439475,1,11058,10704,24,24,24,24,24,1,1,24,73
1793,17,32081125,26706,28018,29274,445484,120441,150649,776904,81322,24772650,3852078,70950,87798,717192,395094,101503,425062,1,12441,12060,27,27,27,27,27,1,1,27,72
1794,18,23153954,25825,23831,26786,440467,83257,117689,590570,79984,17685501,2707881,52291,77325,499782,284364,115073,343328,1,8755,8512,19,19,19,19,19,1,1,19,63
1795,19,25234967,26776,24002,26878,445945,92563,126211,622114,81092,19428552,2909025,58328,77834,560277,313259,114161,327950,1,9676,9407,21,21,21,21,21,1,1,21,64
1796,20,25235873,25659,23468,27972,444032,89691,126816,655213,80876,19332648,2929311,56735,77459,547046,316165,116264,386518,1,9676,9375,21,21,21,21,21,1,1,21,69
1797,21,25231146,27137,24021,29420,438130,91475,126058,640305,80855,19313879,2947447,63351,88842,568311,302443,98975,390497,1,9676,9373,21,21,21,21,21,1,1,21,71
1798,22,18483681,25447,20446,10671,453312,66658,76432,385902,80362,14214993,1985713,43249,75740,383240,238292,99105,324119,1,6912,6879,15,15,15,15,15,1,1,15,18
1799,23,31864275,36234,28646,16628,442805,112874,140147,669489,79938,25223247,3449584,65504,74673,633172,389227,102252,399855,1,12441,12289,27,27,27,27,27,1,1,27,38
1800,24,34660879,26093,29338,31903,443952,126961,159960,835046,80734,26579865,4183756,75021,80401,764077,606159,99497,538116,1,13362,12897,29,29,29,29,29,1,1,29,81
1801,25,32497879,30271,31788,32189,443862,120096,173438,803394,89369,25008699,3828607,75475,83017,740648,414847,109063,513116,1,12441,12009,27,27,27,27,27,1,1,27,79
1802,26,32042709,26036,28847,32494,441255,117731,157992,790051,80762,24698193,3758221,76925,81295,720805,402991,114534,514577,1,12441,12015,27,27,27,27,27,1,1,27,79
1803,27,29829864,26382,26146,29181,438119,106995,140905,729397,80891,22965854,3539452,66294,76866,656354,376014,98671,472343,1,11519,11149,25,25,25,25,25,1,1,25,74
1804,28,34047840,26363,29697,30113,433911,126388,162015,810764,81167,26440791,3975484,76624,80117,755771,411995,97416,509224,1,13362,12913,29,29,29,29,29,1,1,29,78
1805,29,29242730,28914,38911,15651,443249,104492,123080,623103,81430,22846398,3359978,66450,80619,584435,377771,108798,359451,1,11058,10944,24,24,24,24,24,1,1,24,33
1806,30,17503534,27220,21394,27607,441752,63197,97840,479076,81518,13107369,2003346,40141,77267,383233,220624,104948,327002,1,6451,6256,14,14,14,14,14,1,1,14,64
1807,31,20897374,30284,25929,37862,460574,80538,112444,555718,82262,15792036,2445426,46948,77834,455284,253308,111554,329373,1,7833,7605,17,17,17,17,17,1,1,17,65
1808,32,22926072,25805,23535,21702,447490,85113,90087,476539,80050,17882888,2496694,51785,74373,476203,283223,107519,303066,1,8755,8704,19,19,19,19,19,1,1,19,22
1809,33,27567847,26318,25454,30382,448151,104495,141097,698143,80726,21308539,3032605,59804,77712,630593,342659,101363,459806,1,10598,10246,23,23,23,23,23,1,1,23,75
1810,34,23096343,27329,24020,10593,443393,85733,89140,467892,83429,18044813,2447607,53448,80494,492073,285930,112486,347963,1,8755,8714,19,19,19,19,19,1,1,19,20
1811,35,36721995,27466,30302,18276,461123,140245,151089,784760,80230,29140334,3979379,84957,82563,729758,478675,102191,430647,1,14284,14062,31,31,31,31,31,1,1,31,46
1812,36,19774364,25580,21059,10873,449160,74183,78533,405262,79337,15221932,2159018,46569,85274,428114,259222,97062,333186,1,7372,7340,16,16,16,16,16,1,1,16,18
1813,37,22937481,25725,22779,12164,458286,86680,93662,492360,79578,17987491,2340366,53477,75726,483943,286695,109138,329411,1,8755,8695,19,19,19,19,19,1,1,19,24
1814,38,25030723,25568,23622,20469,446892,93739,113956,570039,82085,19498522,2736703,57793,83094,482000,311576,96577,388088,1,9676,9514,21,21,21,21,21,1,1,21,43
1815,39,29995831,29079,31090,21130,457154,114052,133397,670886,82251,23409078,3464915,63890,85519,569094,369129,118347,376820,1,11519,11314,25,25,25,25,25,1,1,25,47
1816,40,35614335,26378,33253,20017,445907,136979,153930,788155,81448,28082078,4029817,81437,81719,690057,452403,109569,401188,1,13823,13583,30,30,30,30,30,1,1,30,49
1817,41,26500907,25900,26041,13782,437041,102774,107384,556372,80036,20817887,2888843,58634,72692,549541,334760,107818,321402,1,10137,10056,22,22,22,22,22,1,1,22,28
1818,42,27469360,24954,25422,15080,443281,106682,112308,606295,81158,21599848,2954741,62037,74733,542107,341413,105165,374136,1,10598,10467,23,23,23,23,23,1,1,23,36
1819,43,19566468,24618,21415,11389,448212,73717,78260,413524,80007,15157839,2043184,46487,69866,415615,246976,101992,333367,1,7372,7336,16,16,16,16,16,1,1,16,19
1820,44,29486441,27569,25617,25572,443287,113578,140364,685905,81010,22973837,3304722,64716,83022,638173,358706,96995,423368,1,11519,11217,25,25,25,25,25,1,1,25,63
1821,45,23115765,27419,22729,16492,447531,87309,101344,516555,79996,17916729,2604417,51898,81227,458209,286146,102222,315542,1,8755,8652,19,19,19,19,19,1,1,19,33
1822,46,20909086,26037,22051,27014,437260,79639,110423,550682,80702,15788163,2352950,45934,83723,526303,248991,100768,428446,1,7833,7624,17,17,17,17,17,1,1,17,60
1823,47,26671075,26972,25660,11740,454385,100837,104714,551980,80009,20858912,2982258,60910,86478,551087,330930,98832,345371,1,10137,10069,22,22,22,22,22,1,1,22,25
1824,0,38332783,26214,31958,32397,435371,152086,193381,912901,85097,30085265,4222742,86043,81567,844354,477531,110368,555508,1,15205,14640,33,33,33,33,33,1,1,33,87
1825,1,27539396,26687,37204,10048,440172,107600,109083,562022,73494,21827901,2834222,62313,73351,551059,341697,96350,386193,1,10598,10538,23,23,23,23,23,1,1,23,24
1826,2,23746698,27625,25140,10015,462535,90314,90268,486839,75347,18862972,2245365,54372,71383,500134,299704,110327,334358,1,9215,9170,20,20,20,20,20,1,1,20,21
1827,3,19224100,35378,21018,10068,458015,74519,76668,396963,75367,15158378,1740447,42195,74093,399343,237787,101640,322221,1,7372,7340,16,16,16,16,16,1,1,16,18
1828,4,35905924,25675,23859,28977,431068,135482,162077,849076,75748,28556922,3737981,87597,74214,797516,465746,99348,354638,1,9676,9359,21,21,21,21,21,1,1,21,73
1829,5,29481730,26220,27431,30687,436087,116664,147202,730301,75772,22938229,3222763,69333,78906,677992,364256,98221,441666,1,11519,11132,25,25,25,25,25,1,1,25,77
1830,6,26093208,26287,27334,27260,449366,103482,124733,644321,75816,20243722,2820942,59067,78006,573725,340542,100379,398226,1,10137,9859,22,22,22,22,22,1,1,22,64
1831,7,28150775,29187,27037,27398,735788,112669,164146,786496,76624,21497436,3071149,65909,78275,601821,365175,104089,407576,1,10137,9850,22,22,22,22,22,1,1,22,64
1832,8,55289629,41569,46774,58414,725910,187784,252754,1347935,135626,43811009,5491876,131162,160209,1032147,732683,197660,936117,1,11058,10680,24,24,24,24,24,1,1,24,77
1833,9,65847166,39112,52175,54144,737798,225108,282707,1536245,135433,52611669,6585270,162107,158074,1213683,896929,181396,975316,1,13362,12947,29,29,29,29,29,1,1,29,74
1834,10,84247305,40051,63619,57455,725972,292853,377337,2020868,137105,67047158,8882357,219400,158829,1571335,1169602,183860,1299504,1,17048,16446,37,37,37,37,37,1,1,37,85
1835,11,67887890,41782,52069,64810,732904,239509,320167,1714393,136235,53643975,7139005,199648,156084,1274537,939040,182547,1051185,1,13823,13324,30,30,30,30,30,1,1,30,84
1836,12,88344507,55096,62261,57203,722679,325214,391926,2263965,135023,69972812,9699334,234416,168362,1682615,1229512,172283,1171806,1,17970,17337,39,39,39,39,39,1,1,39,86
1837,13,60064187,42169,40528,60665,721132,222468,274026,1693985,145659,46963786,6523755,152301,148552,1159303,869662,174037,872159,1,11980,11545,26,26,26,26,26,1,1,26,82
1838,14,61756554,44508,50740,55961,753168,232526,272911,1664563,136514,48219389,6771858,163553,156809,1194939,854216,201870,983029,1,12441,12040,27,27,27,27,27,1,1,27,74
1839,15,58928374,51098,56916,73833,779402,230103,272347,1617260,210287,46359871,5742034,157649,182699,1115289,854709,201543,1023334,1,11058,10698,24,24,24,24,24,1,1,24,74
1840,16,57528879,41425,49792,55795,763725,207070,272780,1545185,133230,45054268,6291549,151808,147061,1113421,804239,171379,726152,1,11519,11148,25,25,25,25,25,1,1,25,74
1841,17,60942825,43220,53567,55958,742664,227847,295445,1559011,139459,47885077,6532639,161816,161078,1149930,889483,184585,861046,1,12441,12061,27,27,27,27,27,1,1,27,72
1842,18,52768522,45824,42325,53659,770702,206169,266132,1510533,132513,40629983,6010893,160038,152252,999423,830458,170366,787252,1,10598,10281,23,23,23,23,23,1,1,23,69
1843,19,43977181,44013,38305,50199,752892,174920,226288,1262508,136297,33758833,4871735,137679,154650,842705,674868,183020,668269,1,8755,8512,19,19,19,19,19,1,1,19,63
1844,20,55176995,66595,45606,58194,717770,203698,263440,1588618,135071,42552302,6295817,170190,151727,1032207,889776,196399,809585,1,11058,10704,24,24,24,24,24,1,1,24,73
1845,21,48719247,48003,39051,62344,752042,205709,235137,1403590,136228,37383277,5468445,140132,168782,910722,747992,170859,846934,1,9676,9337,21,21,21,21,21,1,1,21,78
1846,22,29802548,42874,33470,19195,755713,117005,120602,760450,148461,22711319,3194708,93573,119120,549388,485128,177327,474215,1,6451,6419,14,14,14,14,14,1,1,14,18
1847,23,55971966,91557,93363,73285,799235,209633,235915,1431216,249550,42881321,5832508,172192,301225,995812,855330,380823,1369001,1,9676,9579,21,21,21,21,21,1,1,21,31
1848,24,57669282,49305,47593,60767,741057,218424,294404,1589526,136293,44583170,6531918,184401,158908,1082310,919431,172831,898944,1,11519,11140,25,25,25,25,25,1,1,25,76
1849,25,64407289,48285,47898,63718,785599,250076,307414,1807490,135490,49844240,7283085,197861,158415,1275055,1046046,171551,985066,1,12901,12439,28,28,28,28,28,1,1,28,82
1850,26,64800013,47648,58306,58635,743620,260681,297596,1760816,135196,50176860,7451015,211303,149248,1237576,994719,172951,1043843,1,12901,12460,28,28,28,28,28,1,1,28,79
1851,27,53690518,43888,44629,54846,539944,200300,228826,1339734,132367,42072161,5816653,153539,152055,1014197,844729,169173,883477,1,11980,11590,26,26,26,26,26,1,1,26,76
1852,28,41250084,30066,30438,29264,452387,170677,196976,968022,103455,32204478,4675344,96734,85036,879855,538662,245946,542744,1,14284,13850,31,31,31,31,31,1,1,31,74
1853,29,38433249,28246,33466,16892,535476,136375,134673,727678,126773,31124809,3641168,76898,108596,669338,449901,135620,487340,1,11058,10944,24,24,24,24,24,1,1,24,33
1854,30,39487763,44030,37498,49243,753568,144757,194390,1127117,134164,30161120,4363746,131476,165954,708579,614873,192781,664467,1,7833,7618,17,17,17,17,17,1,1,17,62
1855,31,43931757,44563,40275,52099,680423,168996,209600,1199197,141947,34168396,4801300,123624,158490,815301,595692,174913,556941,1,9215,8950,20,20,20,20,20,1,1,20,65
1856,32,48198584,41510,39271,18225,760897,176202,180829,1145734,135103,37773396,5203571,148328,141592,871123,784244,183651,594908,1,9676,9615,21,21,21,21,21,1,1,21,24
1857,33,50998320,43337,45983,66560,811112,203020,248831,1512171,167907,39193439,5318457,156628,174169,999050,878061,202802,976793,1,10598,10241,23,23,23,23,23,1,1,23,76
1858,34,51477304,43613,46931,20478,756852,194500,217798,1246714,176975,40333200,5488529,161718,167013,916519,827519,190809,688136,1,10137,10081,22,22,22,22,22,1,1,22,23
1859,35,67821723,42511,49719,30554,720073,239436,272124,1749799,143318,53656307,7422857,210799,148592,1227867,1059912,169481,678374,1,13823,13610,30,30,30,30,30,1,1,30,45
1860,36,42562735,41593,30547,16091,1564373,145779,192781,1047673,137294,32766982,4135806,108201,129928,791859,617286,173927,662615,1,7372,7340,16,16,16,16,16,1,1,16,18
1861,37,52717733,39775,44124,18835,699968,172159,197979,1106032,134682,42374101,5066525,133264,152558,937345,735884,171460,733042,1,10598,10526,23,23,23,23,23,1,1,23,26
1862,38,39748384,42239,36380,37757,712816,129295,171413,948754,148118,31178421,3900599,113758,166057,659510,524713,178795,799759,1,7833,7692,17,17,17,17,17,1,1,17,43
1863,39,70347604,38910,47088,33917,669527,244557,294603,1702204,139751,55851197,7758122,196298,143472,1196970,1080931,164278,785779,1,14284,14010,31,31,31,31,31,1,1,31,53
1864,40,62374503,47118,45172,31523,742151,215143,259802,1527920,140000,48894074,7188753,192112,157952,1089836,988165,179862,674920,1,12441,12254,27,27,27,27,27,1,1,27,43
1865,41,46381526,43047,48709,19392,721796,149917,187116,1175931,136238,36274196,5051879,143460,137366,835017,748715,179461,529286,1,9215,9150,20,20,20,20,20,1,1,20,25
1866,42,61864090,44585,47884,24035,722543,198519,248528,1542944,135056,49026350,6715340,179347,154678,1072510,934953,162526,654292,1,12441,12294,27,27,27,27,27,1,1,27,37
1867,43,30695622,40597,27730,15332,671052,96138,122028,732329,136751,23739746,3129721,87519,124554,577614,479507,167598,547406,1,5990,5964,13,13,13,13,13,1,1,13,16
1868,44,52539488,45033,37532,47136,772625,180242,263368,1510797,172081,40801980,5659146,162446,141687,1002792,892296,179836,670491,1,11058,10782,24,24,24,24,24,1,1,24,60
1869,45,49110744,41540,40800,30737,862994,165941,192209,1229560,180468,39368208,4265176,111897,168243,914800,708893,177048,652230,1,8755,8656,19,19,19,19,19,1,1,19,32
1870,46,30547059,40625,31278,39227,578856,79488,150564,805447,139579,24260389,2597007,63116,140217,455508,334328,258157,573273,1,5990,5831,13,13,13,13,13,1,1,13,58
1871,47,42782837,46089,33901,14680,574382,102601,138627,717596,127093,35621014,3307784,85963,128770,611287,458664,275547,538839,1,8294,8247,18,18,18,18,18,1,1,18,21
1872,0,90626818,46613,52576,59470,655323,316942,359273,2083671,159990,73621416,8750577,202739,146157,1660308,1137065,212290,1162408,1,17509,16815,38,38,38,38,38,1,1,38,94
1873,1,50240078,44065,37648,16402,556013,171819,182888,1172044,164634,40063411,5075981,140754,136334,866977,715495,188539,707074,1,10137,10082,22,22,22,22,22,1,1,22,23
1874,2,45685627,35615,44300,13716,811469,150322,181920,1102453,136614,36043582,4604504,143241,116613,835206,713271,163733,589068,1,9215,9170,20,20,20,20,20,1,1,20,21
1875,3,48471063,43928,38035,19065,693377,170649,195603,1135944,176815,38504488,4837520,139123,140123,863528,729242,179154,604469,1,9676,9626,21,21,21,21,21,1,1,21,22
1876,4,55812664,42816,37979,48999,710106,181893,242904,1371896,137791,44547613,5412961,137472,137270,1042965,778416,165128,816455,1,11519,11149,25,25,25,25,25,1,1,25,74
1877,5,61578405,44775,45907,51674,722874,208650,293955,1671625,140928,48168316,6836301,165488,149771,1179259,929181,170406,799295,1,12901,12488,28,28,28,28,28,1,1,28,75
1878,6,61945096,44603,43754,53706,851070,218062,283620,1649869,184388,48722127,6606330,149290,155754,1132837,865261,249729,734696,1,11058,10734,24,24,24,24,24,1,1,24,68
1879,7,35138179,36575,27274,28099,755771,123714,191473,891869,93533,26902762,4170603,87984,77714,684761,434424,227635,403988,1,11058,10758,24,24,24,24,24,1,1,24,64
1880,8,52668986,34459,30605,34449,843944,186354,262521,1379985,163812,40940376,5927211,126352,82546,1046950,686341,205957,717124,1,15205,14648,33,33,33,33,33,1,1,33,86
1881,9,50154755,43264,47963,53078,458322,165572,206581,1100850,127664,39591568,5436771,113731,147149,962034,608268,193566,898374,1,12901,12467,28,28,28,28,28,1,1,28,78
1882,10,65141792,58014,125058,93668,472660,224296,257379,1502761,140352,50551343,6903389,147432,257829,1332794,796472,270601,2007744,1,17048,16428,37,37,37,37,37,1,1,37,87
1883,11,42338801,30937,33511,34280,438853,155186,200861,1009903,128982,32755277,4906249,95079,82069,920889,526399,146146,874180,1,16587,15939,36,36,36,36,36,1,1,36,92
1884,12,44558709,27201,34201,30919,440083,165898,195603,1020751,78915,34900027,5199112,103751,81567,976503,566487,96376,641315,1,17509,16926,38,38,38,38,38,1,1,38,82
1885,13,33186727,25602,27915,31631,439002,123307,161017,808165,89299,25651135,3898809,75576,79073,740744,448948,94531,491973,1,12901,12453,28,28,28,28,28,1,1,28,80
1886,14,35756561,25907,29358,29307,445455,138969,172964,859105,79225,27651816,4277869,80314,82898,792873,458349,101171,530981,1,13823,13352,30,30,30,30,30,1,1,30,79
1887,15,34462741,26170,28343,29447,458862,129874,163803,825186,92607,26736674,4037028,80434,77871,774757,436581,97477,467627,1,13362,12944,29,29,29,29,29,1,1,29,74
1888,16,33816194,26448,29820,29614,448133,131952,162408,814710,89451,26196757,3951177,77615,79402,745228,444406,97202,491871,1,12901,12495,28,28,28,28,28,1,1,28,74
1889,17,36711865,26818,30771,28493,437850,140151,182730,867828,79161,28670102,4223668,80917,77146,826372,461178,109890,468790,1,14284,13840,31,31,31,31,31,1,1,31,75
1890,18,25187920,26240,24208,37417,435745,94998,129483,635266,79230,19394100,2870257,59419,78848,557208,314237,98264,353000,1,9676,9402,21,21,21,21,21,1,1,21,64
1891,19,23117448,26255,23044,26355,439875,91136,113123,596558,80585,17625052,2735564,53516,76493,509797,294060,108746,317289,1,8755,8522,19,19,19,19,19,1,1,19,61
1892,20,30998839,26085,27883,30152,452249,124749,148764,769868,78248,24001506,3572224,67935,88397,709492,377855,99292,424140,1,11980,11577,26,26,26,26,26,1,1,26,76
1893,21,24223593,27412,23165,30948,449533,93177,132559,646704,90507,18423658,2817113,57616,77181,540117,307770,96977,409156,1,9215,8910,20,20,20,20,20,1,1,20,73
1894,22,18804271,25692,20603,11578,441801,70358,77810,412333,78608,14461344,2014858,42249,72437,404326,230520,97214,342540,1,6912,6876,15,15,15,15,15,1,1,15,19
1895,23,26748676,25596,25501,15525,444160,106262,114722,608225,77958,20955705,2905874,62651,70620,527789,351139,96663,360286,1,10137,10023,22,22,22,22,22,1,1,22,34
1896,24,37596612,35002,30681,31350,436277,149919,179631,920772,78183,29185693,4429415,89371,79215,831160,495685,94991,529267,1,14284,13753,31,31,31,31,31,1,1,31,85
1897,25,27700644,34285,25839,33307,435501,111419,147609,728201,80128,21217346,3222525,65643,89070,624751,359571,98765,426684,1,10598,10213,23,23,23,23,23,1,1,23,80
1898,26,33621373,26905,28920,31821,454194,129844,168384,829072,79488,25879884,4028750,79044,77818,756276,426221,97104,527648,1,12901,12446,28,28,28,28,28,1,1,28,81
1899,27,40235893,26296,28294,31321,450579,155999,190717,977716,78387,31441632,4712127,87092,77331,855093,516182,99140,507987,1,13362,12912,29,29,29,29,29,1,1,29,79
1900,28,45009610,29822,30420,30301,475355,190639,219464,1092465,80922,34965821,5386085,115414,80672,1011101,603226,149173,548730,1,14744,14264,32,32,32,32,32,1,1,32,78
1901,29,41541591,30269,32799,16153,469000,160644,184229,905881,78622,32831040,4798189,99704,79729,812259,539813,105391,397869,1,14284,14108,31,31,31,31,31,1,1,31,40
1902,30,31171644,27362,29632,27889,451297,126151,156481,750411,80014,24164570,3540374,75737,79744,706917,403653,105232,446180,1,11980,11635,26,26,26,26,26,1,1,26,68
1903,31,27717836,28245,28419,28855,447511,111573,137153,678907,81534,21284004,3315717,67166,79200,597522,353629,103231,375170,1,10598,10296,23,23,23,23,23,1,1,23,66
1904,32,26478503,26039,25161,11399,449186,104213,105344,547425,78184,20775901,2904127,63546,85774,539883,331197,99909,331215,1,10137,10069,22,22,22,22,22,1,1,22,25
1905,33,37888405,25224,30512,29131,436630,154718,171486,896412,79673,29676399,4197061,88037,80295,856372,495957,96959,573539,1,14744,14240,32,32,32,32,32,1,1,32,81
1906,34,29949301,26045,27527,11002,438621,117981,120851,611572,79490,23539765,3255022,75140,74805,614419,383760,97516,475785,1,11519,11447,25,25,25,25,25,1,1,25,26
1907,35,41670313,26808,33502,19210,443945,166296,182425,912271,79659,33097069,4549327,97880,83601,855028,547291,110454,465547,1,16127,15850,35,35,35,35,35,1,1,35,51
1908,36,20933284,24855,21462,10593,443180,83092,86828,434293,78690,16202891,2267114,48286,72474,453211,264432,101022,340861,1,7833,7795,17,17,17,17,17,1,1,17,19
1909,37,23057496,25278,22382,11892,443872,90536,93520,482602,107659,18078892,2344932,53661,73415,487397,300498,96321,344639,1,8755,8700,19,19,19,19,19,1,1,19,23
1910,38,29922696,26117,27302,22140,441854,118865,132950,677113,80178,23348473,3376361,68601,94929,590645,391473,97080,428615,1,11519,11294,25,25,25,25,25,1,1,25,50
1911,39,40204916,27653,31712,20362,447418,174710,170443,899377,78366,31755837,4593821,97832,85256,794036,521376,96653,410064,1,15666,15368,34,34,34,34,34,1,1,34,54
1912,40,43749977,27028,33232,19693,458769,176788,190199,942561,80184,34574107,5082692,103283,89223,888782,560082,99940,423414,1,17048,16745,37,37,37,37,37,1,1,37,53
1913,41,28868839,28025,25129,12572,451728,116195,119417,611376,79211,22758496,3134311,64362,76582,574529,371017,101616,344273,1,11058,10968,24,24,24,24,24,1,1,24,29
1914,42,24393439,26356,28353,15392,446322,104423,103930,528648,79039,19020484,2640238,57254,76939,510202,305539,102122,348198,1,9215,9120,20,20,20,20,20,1,1,20,31
1915,43,17291550,26733,21995,11161,451626,70819,74047,374269,81118,13295617,1787075,40857,72017,358948,214044,108919,302305,1,6451,6421,14,14,14,14,14,1,1,14,17
1916,44,38663322,29800,30547,26318,690480,164604,204492,992823,80942,30134895,4299071,92694,83846,788684,496577,103368,444181,1,12901,12551,28,28,28,28,28,1,1,28,66
1917,45,28071097,27714,29288,26947,458311,114993,123863,644482,79431,21841084,3210220,71857,80504,564096,347987,105443,344877,1,10598,10467,23,23,23,23,23,1,1,23,36
1918,46,22160452,27466,25915,29133,455746,90899,108769,559413,89724,16864733,2483985,50271,82695,463841,273205,109788,444869,1,8294,8082,18,18,18,18,18,1,1,18,59
1919,47,27928751,27886,28951,12013,447897,114820,117726,590144,78930,21894833,3081511,64018,81120,556855,358245,110423,363379,1,10598,10525,23,23,23,23,23,1,1,23,26
1920,0,44580442,27890,37291,33541,452135,182690,225081,1055418,88875,34750749,5158379,105797,85120,971029,562106,101909,742432,1,17509,16794,38,38,38,38,38,1,1,38,96
1921,1,30360415,27246,28961,11537,446315,125158,132078,636335,79221,23903954,3301383,65997,76028,612901,389508,109384,414409,1,11519,11447,25,25,25,25,25,1,1,25,26
1922,2,23880005,25282,24061,10502,449415,101607,96119,499194,78239,18892670,2322078,56599,74104,497145,305852,102888,344250,1,9215,9170,20,20,20,20,20,1,1,20,21
1923,3,26487654,26668,24823,11036,453421,109871,103128,545107,88361,20956399,2681786,61809,75501,559487,337884,99287,353086,1,10137,10082,22,22,22,22,22,1,1,22,23
1924,4,29049183,31653,31686,31169,495861,125808,146602,725603,81646,22484102,3174577,67783,86381,643309,357703,131103,434197,1,11058,10698,24,24,24,24,24,1,1,24,74
1925,5,33271838,36586,34574,31647,496774,144535,174788,821151,160111,25513190,3967050,74944,85650,740958,409875,123125,456880,1,12441,12052,27,27,27,27,27,1,1,27,73
1926,6,24142337,36849,29916,29723,499406,109660,133794,637304,159577,18256547,2779406,54310,85072,509962,310619,135048,375144,1,8755,8512,19,19,19,19,19,1,1,19,62
1927,7,28236917,33227,40206,29265,479464,124189,155198,698449,112811,21635981,3300254,66045,80097,612312,351783,118510,399126,1,10598,10300,23,23,23,23,23,1,1,23,65
1928,8,31951326,36680,33945,33110,537686,141635,209307,845473,153669,24317967,3713218,70730,83822,710323,387973,149662,526126,1,11980,11558,26,26,26,26,26,1,1,26,80
1929,9,30947734,36372,35848,34957,498615,141782,169824,798199,158497,23511242,3644974,80902,88873,683810,390345,134957,538537,1,11519,11132,25,25,25,25,25,1,1,25,77
1930,10,43312711,36184,37576,32523,497330,180803,239999,1043258,83301,33469412,5189499,106360,84467,952267,550143,137083,672506,1,16587,15975,36,36,36,36,36,1,1,36,88
1931,11,40805874,35113,37595,36080,494799,160249,211067,1006513,108754,31571936,4734512,94732,86665,912833,520665,122186,672175,1,15666,15089,34,34,34,34,34,1,1,34,87
1932,12,36751560,37570,36013,32414,497256,151735,188045,888178,142673,28404472,4311306,81957,86282,805232,455143,123731,509553,1,13823,13378,30,30,30,30,30,1,1,30,76
1933,13,36436937,37211,35906,41555,493953,148478,190683,899545,134198,28052108,4305135,84381,85856,821826,457740,122627,525735,1,13823,13353,30,30,30,30,30,1,1,30,80
1934,14,34255432,35847,34597,31303,494404,138413,183364,840074,100216,26340168,4024373,81383,83789,819233,444924,127538,475806,1,12901,12481,28,28,28,28,28,1,1,28,76
1935,15,32179684,35765,33821,32637,503560,134145,178819,810260,86504,24564992,3885717,71653,86046,722829,398713,142869,491354,1,11980,11572,26,26,26,26,26,1,1,26,78
1936,16,41184197,35870,39159,32740,472335,172791,215625,1015216,159679,31769526,4902869,94275,91063,903281,524101,130547,625120,1,15666,15108,34,34,34,34,34,1,1,34,85
1937,17,40050021,35753,36908,32221,497203,164419,216480,969831,120387,31076324,4599863,100651,84619,927573,515161,126369,546259,1,15205,14688,33,33,33,33,33,1,1,33,81
1938,18,27379787,38462,32334,30470,514165,121140,154031,705749,98649,20785505,3261119,63884,84423,595746,329819,143216,421075,1,10137,9839,22,22,22,22,22,1,1,22,67
1939,19,33835547,39948,29571,30866,811618,134678,179308,855448,110765,25793484,4066261,82488,84746,709005,414710,132523,360128,1,9215,8960,20,20,20,20,20,1,1,20,63
1940,20,29141603,35661,28263,30472,500869,118232,158941,747531,82866,22238263,3450382,65606,84026,667015,356574,127084,449818,1,11058,10704,24,24,24,24,24,1,1,24,73
1941,21,31157302,37190,32927,35267,513511,131078,176817,824960,106610,23744262,3631794,75418,97086,721270,392489,132110,504513,1,11519,11133,25,25,25,25,25,1,1,25,77
1942,22,21743116,35977,29300,14493,495531,84958,96511,568373,104307,16581927,2360029,52109,76568,463134,272620,131018,376261,1,7833,7787,17,17,17,17,17,1,1,17,21
1943,23,27222579,32455,32329,16555,478438,103452,115588,612205,90586,21197819,2995904,65382,74328,545260,350522,134687,377069,1,10137,10035,22,22,22,22,22,1,1,22,32
1944,24,39916280,35725,36917,31558,502791,157670,208639,987707,101564,30869509,4679717,94738,86595,889943,505701,116265,611241,1,15205,14665,33,33,33,33,33,1,1,33,84
1945,25,40248127,36028,37979,34593,523227,167434,208959,987747,154305,31017806,4722033,89695,87651,901064,496553,128940,654113,1,15205,14647,33,33,33,33,33,1,1,33,86
1946,26,37983562,33410,34645,34239,502208,147072,197848,924920,89688,29171763,4581530,92700,85278,829280,486329,133428,639224,1,14284,13747,31,31,31,31,31,1,1,31,87
1947,27,34204150,36720,34183,34316,482170,141525,183312,841504,141559,26326711,3985842,78410,85237,753215,438098,120008,521340,1,12901,12460,28,28,28,28,28,1,1,28,79
1948,28,34821352,39506,36282,32890,528400,138339,185827,875689,159986,26686696,4092318,78355,86474,756287,429845,128941,565517,1,12901,12460,28,28,28,28,28,1,1,28,79
1949,29,35647485,37829,37694,18589,484853,141485,155603,758090,163040,27838865,4129693,81239,95018,705573,439281,131716,428917,1,13362,13199,29,29,29,29,29,1,1,29,39
1950,30,27570793,36012,32123,31873,494666,110331,148709,745287,153299,20963114,3157840,65045,83459,614389,345218,126740,462688,1,10137,9812,22,22,22,22,22,1,1,22,72
1951,31,23908518,35669,29116,29430,517384,96416,132613,630779,88435,18090582,2803907,64109,83554,509953,293990,144102,358479,1,8755,8500,19,19,19,19,19,1,1,19,65
1952,32,25592633,38156,31310,14263,498574,101803,114261,549856,179846,19775309,2784494,56846,79865,526680,317022,148528,375820,1,9215,9160,20,20,20,20,20,1,1,20,23
1953,33,55372797,32341,37078,33037,505873,232523,265311,1278803,112948,43605341,6346571,137983,83739,1238719,744635,115204,602691,1,16127,15562,35,35,35,35,35,1,1,35,84
1954,34,31690945,36873,33221,13111,533233,130374,136971,658379,155371,24776116,3434977,69933,79669,647744,406100,124217,454656,1,11519,11447,25,25,25,25,25,1,1,25,26
1955,35,46412435,37932,44653,23502,515416,193096,217683,1026726,109653,36579671,5208744,104115,98167,931453,594820,147971,578833,1,17509,17184,38,38,38,38,38,1,1,38,55
1956,36,17038557,34349,25894,12611,485901,70251,75632,410447,91950,12811249,1845089,39760,78158,361328,212853,118905,364180,1,5990,5967,13,13,13,13,13,1,1,13,15
1957,37,26297851,33986,32243,14113,516232,113224,117625,558386,127788,20460883,2779836,61332,86229,550748,338228,122893,384105,1,9676,9615,21,21,21,21,21,1,1,21,24
1958,38,34413108,39727,37060,26076,512435,157955,171045,781947,109663,26730580,3886820,78350,102710,680251,432586,139349,526554,1,12901,12635,28,28,28,28,28,1,1,28,54
1959,39,43617519,40444,40803,25275,498657,180544,214736,992193,106213,34120136,5132926,102555,90210,878647,574523,128399,491258,1,16587,16263,36,36,36,36,36,1,1,36,56
1960,40,40330414,34853,37879,22889,502685,165774,192734,914045,102407,31577335,4704877,93021,88603,805777,515408,119501,452626,1,15205,14910,33,33,33,33,33,1,1,33,54
1961,41,30881743,33916,32967,15061,483690,129731,134672,660852,96174,24176920,3407397,72653,77121,629326,387295,122514,421454,1,11519,11417,25,25,25,25,25,1,1,25,31
1962,42,30995158,47924,31335,18855,513605,128566,143197,672293,94229,24150377,3451162,71020,79542,621574,385151,139770,446558,1,11519,11371,25,25,25,25,25,1,1,25,38
1963,43,19208254,33732,26431,12765,495220,86879,83960,411035,91620,14708719,2034284,42930,75051,392779,239703,136277,336869,1,6912,6879,15,15,15,15,15,1,1,15,18
1964,44,37077061,39462,37777,30316,527174,154916,191347,900151,112482,28664891,4298945,89762,90833,803523,465213,133880,536389,1,13823,13429,30,30,30,30,30,1,1,30,69
1965,45,28853014,37311,33237,20080,513613,120538,140169,634863,97883,22255851,3385816,66878,82264,593021,374658,136084,360748,1,10598,10462,23,23,23,23,23,1,1,23,37
1966,46,30963239,37765,35594,30972,457240,132594,200544,784476,107734,23756532,3516473,83168,89318,689138,391226,133514,516951,1,11519,11168,25,25,25,25,25,1,1,25,71
1967,47,29686230,35901,30929,14135,486702,118775,125630,638136,76745,23230774,3191767,68487,82989,615386,380376,143082,446416,1,11058,10968,24,24,24,24,24,1,1,24,29
1968,0,41681723,35312,38735,34865,481557,180329,209262,1066590,99644,32616887,4448954,96901,89515,928883,537126,131953,685210,1,16127,15493,35,35,35,35,35,1,1,35,92
1969,1,27462172,36778,32605,12798,506299,116242,118361,565263,107879,21601385,2769780,62763,76990,547960,354599,130307,422163,1,10137,10081,22,22,22,22,22,1,1,22,23
1970,2,24512965,32913,30713,12368,482297,96859,101569,512514,82081,19346650,2294310,64084,86213,522714,332775,125131,389774,1,9215,9170,20,20,20,20,20,1,1,20,21
1971,3,21394585,36833,30057,13435,500497,96673,91518,446623,99984,16708629,2001855,48547,82461,440303,278274,140885,378011,1,7833,7801,17,17,17,17,17,1,1,17,18
1972,4,35214590,38843,37606,34967,508130,151390,183876,921108,101372,27417219,3738073,83411,89274,757878,453809,144062,553572,1,13362,12887,29,29,29,29,29,1,1,29,82
1973,5,33801670,36074,33831,33029,485222,140296,195817,844659,77296,26077886,3867993,75418,98444,806678,428946,139233,460848,1,12901,12467,28,28,28,28,28,1,1,28,78
1974,6,27274977,34916,31138,32948,487895,116324,146184,737634,127589,20898927,3040563,62881,91182,603745,344170,128218,390663,1,10137,9825,22,22,22,22,22,1,1,22,70
1975,7,32348148,27770,31311,27315,443205,136513,150782,793094,78190,25190794,3641461,75335,78543,712733,416101,107172,437829,1,12441,12084,27,27,27,27,27,1,1,27,68
1976,8,40520585,28215,35126,32163,445791,161728,195820,975426,88624,31573456,4629270,97518,79534,906738,561141,111082,598953,1,15666,15098,34,34,34,34,34,1,1,34,86
1977,9,34874629,25884,29052,31086,445623,139896,167452,859798,77148,27036687,4068813,90031,79238,772251,456965,104013,490692,1,13362,12910,29,29,29,29,29,1,1,29,79
1978,10,48653930,29388,36567,38079,431731,217272,221240,1134225,77142,38279756,5537480,113180,79191,1064025,623757,101063,669834,1,18891,18226,41,41,41,41,41,1,1,41,87
1979,11,41206640,27559,33169,32385,442447,167921,201606,988954,77202,32236984,4658429,91946,82769,919466,522534,102321,620948,1,16127,15537,35,35,35,35,35,1,1,35,87
1980,12,45129521,29245,37040,31775,451484,190504,213292,1034908,81529,35283862,5236521,104829,92494,1009736,594371,110094,627837,1,17509,16911,38,38,38,38,38,1,1,38,84
1981,13,28804035,28351,28736,30905,524096,118457,152518,731889,76897,22088341,3255867,65990,88038,654946,353320,108733,496951,1,11058,10692,24,24,24,24,24,1,1,24,75
1982,14,37166547,29915,34919,31611,474582,159485,181474,915128,78548,28775637,4322201,88090,83572,872242,463882,114629,540632,1,13823,13359,30,30,30,30,30,1,1,30,78
1983,15,28839887,27960,29173,30423,437649,119460,146362,726093,78051,22225558,3296092,66622,79354,660321,363188,124705,428876,1,11058,10698,24,24,24,24,24,1,1,24,74
1984,16,36803773,28410,31874,31267,450551,153561,195171,922572,77849,28625970,4237054,86047,80080,821653,476838,106151,478725,1,13823,13338,30,30,30,30,30,1,1,30,82
1985,17,43722407,30945,32155,30769,920620,181717,262655,1203883,77705,33684566,4967715,97724,76820,970310,595840,106356,482627,1,15205,14679,33,33,33,33,33,1,1,33,82
1986,18,28922673,25726,26955,28503,441854,121500,146124,732071,76540,22397903,3233967,63733,77236,658823,383272,103328,405138,1,11058,10716,24,24,24,24,24,1,1,24,71
1987,19,24743300,27756,23037,28064,434691,105879,128124,637205,77830,18956211,2828572,55459,78892,564822,315019,114079,367660,1,9215,8930,20,20,20,20,20,1,1,20,69
1988,20,35433922,26908,29935,29110,455509,145043,166534,852465,86452,27611602,4030361,77068,76222,800684,444261,101186,500582,1,13823,13374,30,30,30,30,30,1,1,30,76
1989,21,29617858,26671,26480,30865,438369,121764,158099,734232,87065,22946623,3301627,64419,78681,651317,356691,115189,479766,1,11519,11121,25,25,25,25,25,1,1,25,79
1990,22,17220020,25993,21032,11487,433174,68550,67656,366423,76862,13206515,1794164,40450,82051,368149,208930,98588,349996,1,6451,6418,14,14,14,14,14,1,1,14,18
1991,23,35252118,25302,31251,16499,439666,131330,145702,746948,77135,27976039,3830185,80874,71658,725032,448497,99410,406590,1,13823,13645,30,30,30,30,30,1,1,30,41
1992,24,34025928,26785,29809,32312,467342,139336,163773,825455,77385,26504695,3804795,79339,79093,761759,427164,113217,493669,1,13362,12889,29,29,29,29,29,1,1,29,82
1993,25,32120000,26085,29256,30918,442029,123431,156751,794462,78428,24947015,3600527,75703,78795,721577,400128,103336,511559,1,12441,12017,27,27,27,27,27,1,1,27,78
1994,26,32186436,29546,29377,32363,453662,124139,161152,827210,78496,24889393,3616182,75575,82964,706250,426239,122977,530911,1,12441,11982,27,27,27,27,27,1,1,27,84
1995,27,37472132,28247,33961,32340,445597,155025,180808,932903,79598,29146353,4305925,83660,80022,833818,482827,114063,536985,1,14284,13792,31,31,31,31,31,1,1,31,81
1996,28,40432043,37107,44197,32993,463847,161915,191618,976320,85025,31494728,4633131,90916,82470,886019,512858,118937,619962,1,15666,15098,34,34,34,34,34,1,1,34,86
1997,29,40074221,31028,38365,17071,458067,170628,183660,895856,89545,31649274,4485802,95510,85516,825021,518892,115734,414252,1,15205,15011,33,33,33,33,33,1,1,33,42
1998,30,31220254,28427,31510,28090,451354,120880,152416,750396,79660,24312348,3444332,69852,80407,726051,388611,111844,444076,1,11980,11627,26,26,26,26,26,1,1,26,69
1999,31,26551782,29196,27632,27825,438001,102336,131270,676386,78363,20512265,2929128,62860,78200,591551,342697,125367,398705,1,10137,9834,22,22,22,22,22,1,1,22,68
2000,32,20532469,25465,21742,11375,447811,79700,88806,463234,77819,15835766,2258049,49028,73742,429918,261270,110037,298707,1,7372,7336,16,16,16,16,16,1,1,16,19
2001,33,37455212,26940,37537,31299,427584,150815,183614,909028,78093,29358893,4097869,81839,81164,837920,458502,104855,589260,1,14744,14232,32,32,32,32,32,1,1,32,82
2002,34,22228522,27855,25283,12610,450126,82737,87111,463691,78679,17307496,2348307,49932,74203,466878,283193,108635,361786,1,8294,8254,18,18,18,18,18,1,1,18,20
2003,35,60531316,27085,36470,18863,442675,237080,242268,1279158,78771,48566839,6717235,166302,82594,1220703,847381,116622,451270,1,18891,18559,41,41,41,41,41,1,1,41,55
2004,36,19596492,26024,24230,10274,438348,73249,81817,422070,77730,15218538,2026871,43692,73832,391768,238640,106749,342660,1,7372,7344,16,16,16,16,16,1,1,16,17
2005,37,27726865,27761,26796,11665,447033,99065,111303,572737,77526,21903669,2878281,64687,73589,571822,355352,110594,394985,1,10598,10526,23,23,23,23,23,1,1,23,26
2006,38,35376033,27250,32813,23288,433909,139344,152486,788022,91955,27964317,3815966,80651,85283,692761,449035,107186,491767,1,13823,13534,30,30,30,30,30,1,1,30,55
2007,39,42240576,28274,33933,21563,431120,153776,184780,920657,78572,33593861,4718206,97818,83366,821938,532102,104907,435703,1,16587,16272,36,36,36,36,36,1,1,36,55
2008,40,49842399,27681,29413,20808,434542,190979,205963,1080127,78660,39739665,5556319,120769,82942,1010331,682856,100233,481111,1,14284,14024,31,31,31,31,31,1,1,31,51
2009,41,28763894,25494,24996,12147,435408,104141,116729,623290,77411,22752108,3028629,70721,74701,576917,369243,99890,372069,1,11058,10968,24,24,24,24,24,1,1,24,29
2010,42,28714166,26596,26197,15087,444421,105799,121901,631463,77814,22568242,3136513,64913,74021,575099,361754,104301,380045,1,11058,10926,24,24,24,24,24,1,1,24,36
2011,43,20714198,26409,22126,11764,447597,74183,87113,442971,76983,16200723,2026770,47381,71128,442547,263071,100082,373350,1,7833,7791,17,17,17,17,17,1,1,17,20
2012,44,30728038,26498,26070,27524,427928,111509,141698,725719,78981,24097226,3286045,73149,85641,684309,372132,111102,452507,1,11980,11631,26,26,26,26,26,1,1,26,68
2013,45,26756212,25926,25279,16480,452345,98532,114287,591493,79113,20912353,2996220,60567,80902,537884,334871,97961,331999,1,10137,10013,22,22,22,22,22,1,1,22,35
2014,46,23195604,26964,22325,27239,455831,84025,119586,610875,80047,17698573,2591935,55021,83165,488351,292579,99661,459427,1,8755,8513,19,19,19,19,19,1,1,19,62
2015,47,28781682,26753,26704,12399,441265,105879,119490,599915,77672,22783765,3004612,71675,80456,571691,360054,98588,400764,1,11058,10980,24,24,24,24,24,1,1,24,27
2016,0,39229258,27973,30191,31777,473592,146888,181756,959482,80175,30583287,4438543,106568,85676,879414,508857,99445,595634,1,15205,14662,33,33,33,33,33,1,1,33,84
2017,1,26506094,25746,24447,10730,439476,96016,105534,537412,77732,20953537,2728198,60035,73301,530560,336011,99309,408050,1,10137,10081,22,22,22,22,22,1,1,22,23
2018,2,23855917,26576,23580,9858,432534,85374,104293,502407,78378,18977307,2295691,54298,76585,484523,306911,98540,299062,1,9215,9170,20,20,20,20,20,1,1,20,21
2019,3,19474044,25776,22390,10311,436531,72601,81850,420557,77971,15272240,1851264,43345,71036,422351,250325,119276,296220,1,7372,7344,16,16,16,16,16,1,1,16,17
2020,4,28998054,40906,26408,26649,433387,108241,140134,720462,80853,22677775,3082088,66665,79289,614094,365458,105785,429860,1,11058,10752,24,24,24,24,24,1,1,24,65
2021,5,26386198,27347,25375,28757,442200,96142,140602,652238,83641,20317604,3003001,62270,80674,582104,348318,104441,391484,1,10137,9845,22,22,22,22,22,1,1,22,66
2022,6,26146182,26761,24316,27777,435095,100105,138993,688481,79318,20084095,3011214,60701,78293,568318,344198,99516,379001,1,9676,9407,21,21,21,21,21,1,1,21,64
2023,7,24102323,26092,24426,28243,440771,88142,138637,618490,79394,18570378,2705402,56378,76335,534568,297000,100229,317838,1,9215,8960,20,20,20,20,20,1,1,20,63
2024,8,42542310,27682,27508,29030,491811,151660,187075,944254,78711,33472184,4874322,104829,76447,984367,551941,110384,430105,1,11980,11633,26,26,26,26,26,1,1,26,69
2025,9,26956033,31198,25893,28836,461314,105122,144273,689758,83803,20787795,2987635,64876,78146,575734,334853,151781,405016,1,10137,9840,22,22,22,22,22,1,1,22,67
2026,10,36549889,27491,30940,31117,440271,135893,173422,880665,89233,28456602,4191543,87867,80663,818343,460871,102763,542205,1,14284,13814,31,31,31,31,31,1,1,31,78
2027,11,37413728,31800,34405,34020,454205,156187,187901,921387,80961,28913084,4396633,84791,83483,825565,466835,134385,608086,1,14284,13736,31,31,31,31,31,1,1,31,88
2028,12,50130959,28415,32452,31025,442817,197598,221090,1095058,79762,39472766,5887369,117323,80052,1176874,652394,104726,511238,1,14744,14272,32,32,32,32,32,1,1,32,77
2029,13,22105926,30272,40871,29600,438952,85354,122757,586553,83232,16844872,2420889,49616,116702,484280,273300,109053,389623,1,8294,8042,18,18,18,18,18,1,1,18,67
2030,14,34852933,29304,31329,29511,472755,137118,169274,825729,82937,27053138,4043292,78126,81792,782624,440116,111388,484500,1,13362,12954,29,29,29,29,29,1,1,29,72
2031,15,21045061,29134,25397,28552,438177,81862,118362,549000,81796,15957872,2429555,67679,90096,444340,260862,107781,334596,1,7833,7613,17,17,17,17,17,1,1,17,63
2032,16,26538064,28066,25366,28987,442824,102736,127847,659430,89181,20439542,3050970,61127,81302,572143,325573,119253,383717,1,10137,9838,22,22,22,22,22,1,1,22,68
2033,17,34670321,26424,29641,26984,439764,138201,177577,822534,79146,27007826,4023802,82476,88650,757313,443073,104475,422435,1,13362,12981,29,29,29,29,29,1,1,29,69
2034,18,23203912,26057,21829,26655,441390,90021,121576,594875,80503,17790048,2657982,52177,76384,483457,301555,101022,338381,1,8755,8532,19,19,19,19,19,1,1,19,59
2035,19,22092106,26858,22291,26684,438079,86509,114971,565280,79230,16869231,2565537,51687,86346,466324,263534,97868,331677,1,8294,8074,18,18,18,18,18,1,1,18,60
2036,20,27954872,26514,25705,26567,443084,108614,133035,697106,79730,21532647,3296009,62191,75502,608665,347946,97641,393916,1,10598,10298,23,23,23,23,23,1,1,23,65
2037,21,24376945,25353,23258,28016,444615,98168,126664,619367,80939,18645496,2816473,52217,77255,532656,296268,113204,396996,1,9215,8940,20,20,20,20,20,1,1,20,67
2038,22,15622990,25271,18941,11103,455825,60333,67421,351500,79477,11724356,1786680,37101,75549,324774,202953,113485,288221,1,5529,5505,12,12,12,12,12,1,1,12,16
2039,23,29003284,26935,34110,15521,454045,113169,123325,635741,78857,22835240,3136264,67729,75679,584076,368833,100606,353154,1,11058,10944,24,24,24,24,24,1,1,24,33
2040,24,38153986,26955,30253,35543,449934,161846,170374,896215,78967,29769206,4396813,91301,78356,849266,502499,100892,515566,1,14744,14296,32,32,32,32,32,1,1,32,74
2041,25,33913787,26433,36960,27617,459175,148616,157291,837388,80022,26329970,3903485,75586,77242,737679,428152,101506,486665,1,12901,12530,28,28,28,28,28,1,1,28,69
2042,26,31556580,27224,26248,30500,448963,125828,157127,759266,88386,24350964,3729364,74736,77588,705257,405328,119273,430528,1,11980,11601,26,26,26,26,26,1,1,26,74
2043,27,24634314,27387,23940,26733,453569,107042,123426,620548,81398,18889609,2826450,55808,78174,530275,303094,109866,376995,1,9215,8960,20,20,20,20,20,1,1,20,63
2044,28,27308269,27002,25553,26930,452488,111017,140804,702870,89711,20950965,3190597,64470,82062,599691,352609,100471,391029,1,10137,9844,22,22,22,22,22,1,1,22,66
2045,29,27680180,26907,26005,15816,449698,119260,115084,585176,88874,21662922,3115899,65599,79049,560233,350290,99788,319580,1,10598,10491,23,23,23,23,23,1,1,23,32
2046,30,24249978,25209,22056,27436,443612,96031,127161,628205,79828,18662869,2692464,55190,78156,530299,310245,97923,373294,1,9215,8945,20,20,20,20,20,1,1,20,66
2047,31,29265975,26952,33856,27912,437437,119023,142734,724949,79752,22428452,3565962,76354,76696,646943,368465,97730,412758,1,11058,10734,24,24,24,24,24,1,1,24,68
2048,32,20813446,25592,21652,12226,451794,80005,85660,433197,78898,16156945,2253443,46960,75654,441014,258739,97620,294047,1,7833,7792,17,17,17,17,17,1,1,17,20
2049,33,22985929,26895,22989,28032,430071,93060,120424,600510,79590,17680111,2505403,51702,77562,497952,290011,100023,381594,1,8755,8500,19,19,19,19,19,1,1,19,65
2050,34,21441103,41253,31643,11601,435095,87058,91217,457283,79270,16527142,2404373,53800,76448,458305,278997,98526,309092,1,7833,7797,17,17,17,17,17,1,1,17,19
2051,35,35505766,25821,28418,18363,450718,144951,147526,764211,79038,28145970,3867778,92720,82237,697870,446617,98033,415495,1,13823,13603,30,30,30,30,30,1,1,30,46
2052,36,15091843,24959,18343,9064,447508,60301,63314,315131,77987,11501638,1564061,36010,74644,305578,199838,99759,293708,1,5529,5511,12,12,12,12,12,1,1,12,14
2053,37,24340868,27265,23364,11598,442061,100193,99887,525561,78562,19047199,2614536,56248,76208,510992,312720,96907,317567,1,9215,9160,20,20,20,20,20,1,1,20,23
2054,38,22100523,33752,21473,22423,437857,89986,105217,533805,135563,16908286,2392295,60654,86097,424040,282046,148277,418752,1,8294,8142,18,18,18,18,18,1,1,18,44
2055,39,31004154,25681,27772,20683,443207,130855,138240,698563,89523,24208444,3604195,73807,84147,611400,404058,99063,344516,1,11980,11760,26,26,26,26,26,1,1,26,49
2056,40,35180085,26730,28176,19850,449607,149388,157776,821717,79812,27519984,4078146,83691,82824,708085,471562,99412,403325,1,13362,13138,29,29,29,29,29,1,1,29,47
2057,41,26773121,26135,24011,12626,464213,108396,111928,567030,79164,20999535,2929648,62884,75845,533834,345409,98616,333847,1,10137,10061,22,22,22,22,22,1,1,22,27
2058,42,20786221,26735,21565,15412,451986,85095,93962,458380,80002,16052411,2247974,46552,75713,420005,258061,99061,353307,1,7833,7753,17,17,17,17,17,1,1,17,29
2059,43,18507372,25270,19345,10752,450782,77406,76570,388475,80317,14294608,1945137,42611,73503,403615,227863,107926,283192,1,6912,6879,15,15,15,15,15,1,1,15,18
2060,44,33361947,26678,27791,28146,463944,149034,154046,788621,82350,25939433,3758877,75484,86006,761063,429202,97789,493483,1,12901,12530,28,28,28,28,28,1,1,28,69
2061,45,23182044,26819,22933,15783,439641,97865,114308,573899,80010,17961242,2567226,54305,77481,462483,288864,100586,298599,1,8755,8660,19,19,19,19,19,1,1,19,31
2062,46,20760586,27000,22120,39313,450840,85598,113230,546019,81970,15780172,2312793,46944,82146,437155,259329,96589,379368,1,7833,7624,17,17,17,17,17,1,1,17,60
2063,47,24267438,26130,23754,11044,450628,103883,101605,523050,79288,18926331,2623014,58880,77099,514589,304375,97359,346409,1,9215,9160,20,20,20,20,20,1,1,20,23
2064,0,38686628,27032,30587,32037,453340,169835,182002,938330,80636,30093945,4420545,91554,93308,865031,490117,98249,620080,1,15205,14647,33,33,33,33,33,1,1,33,86
2065,1,39587635,29358,26737,10731,634001,169780,168450,854707,80342,31126245,4456501,99193,72834,834822,551696,104008,368230,1,10598,10537,23,23,23,23,23,1,1,23,24
2066,2,21865022,25074,21943,10403,443216,91702,87786,455597,80583,17151482,2197410,59751,70436,456499,276936,101265,334939,1,8294,8258,18,18,18,18,18,1,1,18,19
2067,3,20845036,25963,22095,9885,448211,88369,84024,428719,81845,16344216,2073694,48084,71201,426424,264195,98913,329198,1,7833,7801,17,17,17,17,17,1,1,17,18
2068,4,31951710,27376,27144,31357,450912,137982,169303,819855,81593,24660317,3648367,74848,82060,723384,430513,99329,487370,1,11980,11563,26,26,26,26,26,1,1,26,79
2069,5,33456950,26591,27232,32803,444293,158533,167581,815848,81543,25880724,3903711,75951,92901,762099,417200,97450,472490,1,12901,12446,28,28,28,28,28,1,1,28,81
2070,6,24416127,26028,23446,29395,448284,104053,128352,621995,81053,18696265,2844275,56383,77363,543020,305302,99268,331645,1,9215,8945,20,20,20,20,20,1,1,20,66
2071,7,29204337,27253,25612,28774,451767,119731,161143,730436,81128,22447719,3409688,70965,77040,677460,378115,108810,408696,1,11058,10716,24,24,24,24,24,1,1,24,71
2072,8,37086900,25493,29062,30184,441772,148165,176482,905684,91558,28778826,4361888,88104,78416,862409,484270,97856,486731,1,14284,13792,31,31,31,31,31,1,1,31,81
2073,9,28193412,26486,25342,38976,446142,118992,153069,714999,81249,21675806,3271126,65966,80444,621468,353227,99539,420581,1,10598,10250,23,23,23,23,23,1,1,23,74
2074,10,35811611,27600,29320,37110,451972,139993,175734,878790,80512,27687798,4246320,90564,91787,789001,443472,100487,541151,1,13823,13330,30,30,30,30,30,1,1,30,82
2075,11,25386050,26531,23264,33427,459902,99422,143151,701741,92662,19255057,2990174,58470,78165,578924,325357,96424,423379,1,9676,9331,21,21,21,21,21,1,1,21,79
2076,12,42452654,28348,31861,29625,454174,176791,202255,1018618,81842,32975657,5081277,105819,91393,957532,576969,101561,538932,1,16127,15611,35,35,35,35,35,1,1,35,78
2077,13,38276645,27532,30756,32057,453300,151493,187381,895077,80434,29647534,4486976,85505,105050,853090,490226,97532,652702,1,14744,14240,32,32,32,32,32,1,1,32,81
2078,14,31180246,26253,26904,31934,539471,125264,161634,789004,80749,23897304,3664209,69440,107734,714273,387441,96083,462549,1,11980,11573,26,26,26,26,26,1,1,26,77
2079,15,32630237,27318,27859,29408,458006,128614,149783,808891,80758,25270370,3815555,73233,78515,725622,423847,96917,435541,1,12441,12060,27,27,27,27,27,1,1,27,72
2080,16,33575101,26341,27078,29579,454471,136133,161675,806713,80799,25980298,3959271,74381,80103,745824,425417,96978,490040,1,12901,12481,28,28,28,28,28,1,1,28,76
2081,17,39301832,27544,31175,27796,457526,161417,186850,903043,91661,30638793,4613364,94872,78233,879914,486970,112849,509825,1,15205,14714,33,33,33,33,33,1,1,33,78
2082,18,23231921,27318,22671,28993,435655,92795,118620,606258,80159,17703731,2705203,52399,78833,495597,297174,100333,386182,1,8755,8503,19,19,19,19,19,1,1,19,65
2083,19,22155802,25611,21559,28392,437461,103251,114318,557265,92169,16865692,2584132,49158,77482,506164,274059,97475,321614,1,8294,8065,18,18,18,18,18,1,1,18,62
2084,20,32419809,25630,27970,29182,470647,133422,155834,788352,102362,25073261,3752447,76203,78701,727632,414593,111779,451794,1,12441,12043,27,27,27,27,27,1,1,27,74
2085,21,28283106,38859,34795,44806,445586,113457,135530,710286,109239,21304186,3393518,64498,128106,627360,349230,147756,635894,1,9676,9380,21,21,21,21,21,1,1,21,70
2086,22,16360931,23951,18589,10077,450415,65800,66895,342755,81165,12509650,1747666,33398,70419,336244,203261,98274,302372,1,5990,5964,13,13,13,13,13,1,1,13,16
2087,23,30006573,25760,26396,14019,459125,121773,127514,656818,80981,23531845,3364468,68820,75826,609778,388299,99718,355433,1,11058,10950,24,24,24,24,24,1,1,24,32
2088,24,40138860,26419,31621,27699,437933,170361,178326,940217,93481,31488763,4533742,100257,77667,885493,511344,97156,538381,1,15666,15182,34,34,34,34,34,1,1,34,76
2089,25,33883094,26632,27695,32967,452170,139995,175864,850823,81154,26091755,4034689,81503,92381,747042,430155,100866,517403,1,12901,12446,28,28,28,28,28,1,1,28,81
2090,26,34646948,26954,28038,34090,440560,145078,176477,859775,83382,26804804,4018006,78519,79560,796229,438495,98411,538570,1,13362,12884,29,29,29,29,29,1,1,29,83
2091,27,28054240,26306,25038,29666,448434,116138,138807,706512,80753,21552083,3295396,65289,79401,615876,354478,96863,423200,1,10598,10269,23,23,23,23,23,1,1,23,71
2092,28,35298855,29545,28854,30009,528003,153366,192930,915939,81628,27125027,4135627,80543,102906,777517,446254,98019,572688,1,13362,12928,29,29,29,29,29,1,1,29,76
2093,29,38117255,36577,31032,15564,439547,167219,156172,806140,80838,30167201,4336170,84468,81974,752680,475287,97497,388889,1,14744,14560,32,32,32,32,32,1,1,32,41
2094,30,18934955,26580,20243,28522,449379,78664,111339,532362,81750,14347634,2081567,43251,77506,410483,238680,98537,308458,1,6912,6704,15,15,15,15,15,1,1,15,64
2095,31,22285170,27194,22654,26561,541740,83450,139885,655910,82090,16904207,2522416,50480,76682,460541,279960,99537,311863,1,8294,8068,18,18,18,18,18,1,1,18,61
2096,32,23295689,25324,22658,10789,449259,86223,96641,480794,80672,18156345,2560732,55375,72180,484235,292923,100546,320993,1,8755,8709,19,19,19,19,19,1,1,19,21
2097,33,29145595,36090,40453,35996,435182,110816,139203,745509,82004,22511904,3310948,69823,114028,643952,364345,96974,408368,1,11058,10722,24,24,24,24,24,1,1,24,70
2098,34,20291460,25881,27315,10580,481173,75360,80490,434069,80409,15625732,2206087,47097,72501,423319,258224,99438,343785,1,7372,7344,16,16,16,16,16,1,1,16,17
2099,35,38571291,27653,31079,18687,456373,150898,168510,819748,81421,30534920,4342066,95124,82911,763545,506319,99839,392198,1,14744,14512,32,32,32,32,32,1,1,32,47
2100,36,17556345,25216,20150,9998,458782,67593,72685,365667,80281,13474159,1881333,38333,68747,359933,216161,97064,320243,1,6451,6426,14,14,14,14,14,1,1,14,16
2101,37,24342482,25248,23439,12402,452623,113182,99385,531438,80326,19070521,2524267,55901,73479,498699,308408,96829,376335,1,9215,9155,20,20,20,20,20,1,1,20,24
2102,38,25649591,26445,23052,21858,443568,96718,114327,598089,83183,19960248,2779166,57514,83104,504638,318850,123649,415182,1,9676,9493,21,21,21,21,21,1,1,21,47
2103,39,32189922,26027,27776,21079,454309,139494,149841,738739,82553,25205904,3664854,70224,81284,643120,400056,100222,384440,1,12441,12210,27,27,27,27,27,1,1,27,50
2104,40,35358402,27189,28581,18849,444131,137564,162513,786963,93532,27696381,4132580,89643,82390,681381,449529,99819,427357,1,13362,13130,29,29,29,29,29,1,1,29,48
2105,41,28158228,27554,30339,12790,445943,108859,115319,679897,81540,22109516,3069651,62223,74632,549260,352344,102108,336253,1,10598,10516,23,23,23,23,23,1,1,23,28
2106,42,30023959,27806,28184,16000,449156,114020,129236,656950,90312,23676084,3227933,67121,76802,604554,372728,113857,373216,1,11519,11385,25,25,25,25,25,1,1,25,36
2107,43,16233553,25076,19019,11343,442952,62879,68634,356502,81092,12439560,1706062,34353,82382,334967,196222,97207,275303,1,5990,5961,13,13,13,13,13,1,1,13,17
2108,44,29815933,26030,25674,27557,445557,117342,148631,723622,82426,23127779,3396471,68842,83304,645105,392509,97557,407527,1,11519,11204,25,25,25,25,25,1,1,25,65
2109,45,33880395,28664,23531,17071,441177,130565,143828,737596,81888,26768572,3742477,81456,78770,682982,456436,138594,326788,1,8294,8193,18,18,18,18,18,1,1,18,33
2110,46,17617591,27536,19864,24766,447045,69435,93654,467664,93600,13188207,1967045,41353,83537,378219,223421,97306,394939,1,6451,6298,14,14,14,14,14,1,1,14,54
2111,47,24554018,25626,22835,11836,458028,96574,101706,557788,90517,19098164,2683820,57396,76815,511536,313358,99326,348693,1,9215,9160,20,20,20,20,20,1,1,20,23
2112,0,41464210,26719,32414,32546,440592,165907,196750,1008042,82596,32284965,4836723,97152,90509,913144,516662,98341,641148,1,16127,15494,35,35,35,35,35,1,1,35,92
2113,1,25837314,26290,22791,10652,457692,107220,106037,533248,80481,20193535,2796214,59925,69142,528037,326634,100650,418766,1,9676,9625,21,21,21,21,21,1,1,21,22
2114,2,21953514,26243,23337,10745,453380,89636,91116,466554,82338,17213284,2214367,48724,74418,457618,276224,99926,325604,1,8294,8258,18,18,18,18,18,1,1,18,19
2115,3,21793624,26512,32811,11437,439561,86578,105615,454673,81127,17227706,2021744,59644,71336,452625,271141,125298,325816,1,8294,8253,18,18,18,18,18,1,1,18,20
2116,4,24978475,25525,23427,31241,439390,104771,129659,667350,75627,19405227,2591788,56945,85646,564052,312670,97268,367889,1,9676,9341,21,21,21,21,21,1,1,21,76
2117,5,29799386,27202,26588,28426,428379,115887,154573,724916,76588,23111873,3392201,67311,80415,668918,367910,97375,430824,1,11519,11168,25,25,25,25,25,1,1,25,71
2118,6,22993961,26492,22922,29428,432660,90875,119763,596620,84564,17547337,2627326,53248,77965,512557,285115,112808,374281,1,8755,8477,19,19,19,19,19,1,1,19,69
2119,7,25347443,26796,23591,27457,430148,124683,132575,642097,92649,19532826,2820999,58391,78014,567936,314962,96704,377615,1,9676,9384,21,21,21,21,21,1,1,21,67
2120,8,27809218,27236,26542,31712,455545,109217,137786,709148,76522,21414348,3144902,63476,76561,675002,364506,99319,397396,1,10598,10233,23,23,23,23,23,1,1,23,77
2121,9,27431335,26756,25357,29947,429078,107282,135596,693316,76088,21257351,3077180,60967,86355,599766,340202,99490,386604,1,10598,10260,23,23,23,23,23,1,1,23,72
2122,10,43736709,26865,31843,31193,432406,172577,201829,1012492,75930,34352516,4984805,103441,86456,995216,549187,98902,581051,1,17048,16457,37,37,37,37,37,1,1,37,84
2123,11,34486952,26508,28159,40826,435688,136140,170295,856399,78103,26756830,3914017,89152,79385,753607,431129,96876,593838,1,13362,12883,29,29,29,29,29,1,1,29,83
2124,12,47345239,25722,34691,26885,439288,191585,203778,1072979,76727,37281389,5402649,110701,80204,1063296,626334,97404,611607,1,18430,17860,40,40,40,40,40,1,1,40,79
2125,13,28915483,26789,27261,30712,435670,123396,143123,729328,77500,22337260,3254193,67844,81437,670000,364981,100792,445197,1,11058,10680,24,24,24,24,24,1,1,24,77
2126,14,28837746,25582,26409,29877,434242,114614,143787,719740,86351,22239363,3276475,70992,78018,661922,367833,98862,463679,1,11058,10692,24,24,24,24,24,1,1,24,75
2127,15,34313463,29710,33411,35653,685354,133866,190904,866280,76670,26423300,4030997,80698,77074,707642,426297,97427,418180,1,10137,9823,22,22,22,22,22,1,1,22,70
2128,16,29095086,35537,34614,37023,448399,126316,139002,745916,77146,22338994,3356929,70911,131239,647833,361658,98980,444589,1,11058,10698,24,24,24,24,24,1,1,24,74
2129,17,33157577,25973,27946,28570,444895,136029,160990,815002,77332,25784917,3795837,83372,78641,759081,420060,97660,421272,1,12901,12495,28,28,28,28,28,1,1,28,74
2130,18,26705423,27654,26001,27389,441405,107807,126580,655992,76955,20617773,3057471,59534,77298,568603,334867,98746,401348,1,10137,9857,22,22,22,22,22,1,1,22,64
2131,19,20013470,29491,25263,30251,438479,81367,109173,531543,90958,15148313,2248582,46480,85595,433907,252116,120274,341678,1,7372,7168,16,16,16,16,16,1,1,16,61
2132,20,30951304,27068,27941,27818,441295,125915,142005,742096,77548,24032307,3566357,72406,77996,676417,391097,98227,424811,1,11980,11624,26,26,26,26,26,1,1,26,69
2133,21,24181481,25950,23584,29415,432140,87787,129437,618727,78206,18450943,2731603,55868,76605,530548,407891,112318,390459,1,9215,8915,20,20,20,20,20,1,1,20,72
2134,22,16298076,25017,18332,9800,450427,56496,66085,345084,78239,12457386,1724185,36867,72888,337426,202184,108009,309651,1,5990,5964,13,13,13,13,13,1,1,13,16
2135,23,29806562,26545,27365,14216,443951,110940,126839,635068,77047,23586783,3195596,68526,74462,591530,372702,97002,357990,1,11519,11397,25,25,25,25,25,1,1,25,34
2136,24,40870829,26773,32134,29397,442778,149723,175101,953701,82489,31921898,4757520,104510,79821,925241,553075,97884,538784,1,15666,15158,34,34,34,34,34,1,1,34,79
2137,25,35601423,27465,29283,31035,441922,134938,175455,875254,78847,27620969,4108485,81201,80260,778481,469216,123379,545233,1,13823,13337,30,30,30,30,30,1,1,30,81
2138,26,24792969,26005,23053,29461,444448,92448,154604,661840,77255,18911312,2832910,59531,76579,554096,339742,98671,411014,1,9215,8905,20,20,20,20,20,1,1,20,74
2139,27,22887580,26223,22978,27689,426326,87675,113832,610982,78702,17558383,2587672,53755,75906,481209,292014,99443,344791,1,8755,8498,19,19,19,19,19,1,1,19,66
2140,28,32410076,26900,29188,28861,436850,121319,147242,764687,78301,25123892,3791001,74952,81208,712649,402326,98166,492534,1,12441,12054,27,27,27,27,27,1,1,27,73
2141,29,33354368,27357,27917,13739,442155,132692,135478,697279,77687,26380605,3752976,75344,82050,656860,420868,109598,321763,1,12901,12761,28,28,28,28,28,1,1,28,36
2142,30,19539712,26380,21240,26324,445289,71909,103590,518108,77029,14874915,2174969,44355,90979,419057,247613,99894,298061,1,7372,7168,16,16,16,16,16,1,1,16,61
2143,31,19951112,25230,20339,26967,435205,78052,104845,533854,88827,15166884,2279272,49576,76752,419982,256830,97198,291299,1,7372,7176,16,16,16,16,16,1,1,16,59
2144,32,20995254,25037,21279,11187,432805,78416,80979,443104,77286,16320638,2250286,50741,71214,446696,272486,99364,313736,1,7833,7792,17,17,17,17,17,1,1,17,20
2145,33,29813800,26579,25553,29170,429839,114554,147613,741900,86638,23194732,3262271,68584,77553,678096,372056,110508,448154,1,11519,11142,25,25,25,25,25,1,1,25,74
2146,34,18728828,25332,20845,9756,436187,69976,72263,381322,77446,14570812,1909902,42303,70853,377081,231579,97512,335659,1,6912,6887,15,15,15,15,15,1,1,15,16
2147,35,36790587,26867,29646,18264,442395,145481,154366,799061,76985,29109699,4094397,85149,82286,714344,488431,102502,420714,1,14284,14048,31,31,31,31,31,1,1,31,48
2148,36,18707691,25519,31483,10285,465967,71040,73968,396827,76747,14436271,1946653,60571,72919,392804,237051,97715,311871,1,6912,6884,15,15,15,15,15,1,1,15,17
2149,37,24207309,26464,23706,11924,432855,98941,99132,518413,77578,19100909,2411940,54061,70819,492843,313452,97816,376456,1,9215,9150,20,20,20,20,20,1,1,20,25
2150,38,21963778,26129,22068,20778,452852,83180,102515,531120,80480,16986436,2338426,51251,81060,424905,281507,97585,383486,1,8294,8143,18,18,18,18,18,1,1,18,44
2151,39,30183541,28080,26352,21208,431628,115513,133608,679760,79905,23688588,3397311,75647,82362,575449,384608,97434,366088,1,11519,11301,25,25,25,25,25,1,1,25,49
2152,40,29032767,27928,27285,18649,437037,111231,126201,643648,77829,22777246,3241075,68145,91276,544792,361576,100606,378243,1,11058,10872,24,24,24,24,24,1,1,24,45
2153,41,37062165,26622,22725,11556,491695,143803,146067,791546,78500,29699432,3825398,86240,74350,737256,489684,98333,338958,1,9215,9150,20,20,20,20,20,1,1,20,25
2154,42,20588031,25544,21325,14487,434818,82284,90647,472561,77178,16046600,2083065,46941,73728,423002,266332,96463,333056,1,7833,7751,17,17,17,17,17,1,1,17,30
2155,43,19547624,27644,20463,11613,450929,74594,75774,418093,77310,15196744,1990534,45982,83753,424182,245000,100451,304558,1,7372,7336,16,16,16,16,16,1,1,16,19
2156,44,27544965,26019,25496,26330,443065,114456,132955,659527,78537,21422947,3042144,71595,84584,586600,346936,97736,386038,1,10598,10319,23,23,23,23,23,1,1,23,62
2157,45,17336648,26358,20597,15371,446214,73348,77633,399824,87992,13254694,1873562,38623,75519,335120,218705,98408,294680,1,6451,6381,14,14,14,14,14,1,1,14,28
2158,46,15156086,27912,18323,23441,448800,57411,85032,418731,78645,11242411,1663251,34043,85566,307756,194056,100881,369827,1,5529,5400,12,12,12,12,12,1,1,12,51
2159,47,19825375,25550,20955,10604,452352,76111,86976,425579,83617,15339559,2097034,44196,77612,414700,247638,96879,326013,1,7372,7336,16,16,16,16,16,1,1,16,19
2160,0,37863884,27081,30088,29752,444804,150688,171915,901412,79090,29551344,4291124,86283,90315,856400,480880,98977,573731,1,14744,14248,32,32,32,32,32,1,1,32,80
2161,1,24367201,26648,23564,8297,445145,95762,97334,502609,86482,19160329,2539647,57612,71716,484415,313377,104933,349331,1,9215,9175,20,20,20,20,20,1,1,20,20
2162,2,25066568,24725,23988,10377,446931,106261,102352,538515,77361,19925291,2418531,58292,76470,512801,331090,99168,314415,1,9676,9626,21,21,21,21,21,1,1,21,22
2163,3,15023978,24709,18833,10370,453191,59220,63719,322781,79493,11549104,1456326,33306,69748,312425,190474,100254,280025,1,5529,5511,12,12,12,12,12,1,1,12,14
2164,4,27581855,25893,25172,27790,442220,121522,131247,687728,79313,21397203,3037745,62949,77410,604150,354691,97705,409117,1,10598,10265,23,23,23,23,23,1,1,23,72
2165,5,34661752,25300,27460,28430,455935,123772,172157,843667,88084,26982786,3970854,77940,79526,778593,433283,112375,461590,1,13362,12946,29,29,29,29,29,1,1,29,74
2166,6,17374512,26223,19792,28603,433654,62678,97041,490587,79367,13060288,1984693,38869,78922,367554,208599,100836,296806,1,6451,6269,14,14,14,14,14,1,1,14,61
2167,7,17405922,25364,21419,26451,437695,61546,96620,488264,79187,13048830,2081933,39224,76225,351653,210078,98235,263198,1,6451,6278,14,14,14,14,14,1,1,14,57
2168,8,27913082,27138,25568,29471,444278,102490,135444,693649,79209,21496299,3220514,64877,78614,627425,342138,97282,448686,1,10598,10250,23,23,23,23,23,1,1,23,74
2169,9,27750687,27030,25850,29292,439141,102358,144802,698567,80671,21324236,3250802,64198,80490,596541,342972,114702,429035,1,10598,10279,23,23,23,23,23,1,1,23,69
2170,10,59039292,28138,34507,30503,536136,242938,266464,1349516,79646,46614386,6792751,136127,79310,1349404,767514,100054,631898,1,18430,17800,40,40,40,40,40,1,1,40,85
2171,11,38894325,25958,30663,30295,433931,143288,189428,926249,97202,30336859,4501800,91497,78283,872884,494489,97226,544273,1,15205,14674,33,33,33,33,33,1,1,33,83
2172,12,50122873,26411,30598,28127,434409,185602,216619,1113115,80034,39738877,5697590,110600,78223,1131371,648092,99325,503880,1,14744,14304,32,32,32,32,32,1,1,32,73
2173,13,25515513,26522,32795,29303,440275,93197,131619,646723,79735,19514698,2976521,59409,79034,577144,317828,98463,412247,1,9676,9370,21,21,21,21,21,1,1,21,70
2174,14,28886890,27470,26405,29228,439109,110841,147659,718662,80239,22178756,3387127,72806,79137,653891,355084,102937,477539,1,11058,10692,24,24,24,24,24,1,1,24,75
2175,15,27905102,25357,26031,28098,466219,102246,133148,695152,80004,21468125,3242733,60844,75680,618187,345223,97933,440122,1,10598,10263,23,23,23,23,23,1,1,23,72
2176,16,25761836,26912,23421,29163,459973,99069,127735,667457,80975,19713940,3006697,60255,91683,560307,328875,98046,387328,1,9676,9376,21,21,21,21,21,1,1,21,70
2177,17,33437669,26384,29316,28565,454791,129081,159897,827445,80423,25900525,3881158,74285,76663,779221,433051,114414,442450,1,12901,12481,28,28,28,28,28,1,1,28,76
2178,18,19656459,26003,21395,29315,436503,75245,118868,543143,80405,14828658,2247286,43782,99493,440138,236702,101309,328214,1,7372,7148,16,16,16,16,16,1,1,16,66
2179,19,20968127,27025,21642,29200,446402,78471,113288,565255,81087,15892477,2408089,47726,78333,453501,254465,99011,372155,1,7833,7610,17,17,17,17,17,1,1,17,63
2180,20,32812065,25747,27939,28892,441393,125859,160158,791091,79596,25429869,3893875,77230,73520,713297,424344,100652,418603,1,12441,12064,27,27,27,27,27,1,1,27,71
2181,21,23425300,26387,22363,29590,436187,89210,122406,613542,91012,17892378,2697552,50323,78084,513621,287975,98481,376189,1,8755,8492,19,19,19,19,19,1,1,19,67
2182,22,17756835,25260,20486,10458,440846,66762,70178,377479,80066,13577334,1967952,40364,72257,368583,238797,109359,290654,1,6451,6421,14,14,14,14,14,1,1,14,17
2183,23,26169832,26446,24367,14725,447128,97152,119223,588355,82222,20471159,2837399,75721,73824,519425,328766,100415,363505,1,9676,9584,21,21,21,21,21,1,1,21,30
2184,24,39477537,34925,31803,30760,449849,160583,188471,946255,79339,30727583,4618088,89674,81282,898883,492242,101940,545860,1,15205,14685,33,33,33,33,33,1,1,33,82
2185,25,32822945,27128,27831,31953,434677,132631,159977,798945,81282,25333225,3898459,73175,78550,737943,413503,114018,479648,1,12441,12022,27,27,27,27,27,1,1,27,77
2186,26,23359419,25330,21829,30774,448554,91857,126479,615492,80881,17728259,2706121,54551,77648,531522,302959,101818,415345,1,8755,8454,19,19,19,19,19,1,1,19,75
2187,27,30330477,30853,32078,36745,446840,115672,144203,755391,95725,23144886,3640021,78368,97136,665746,381707,138534,526572,1,11058,10716,24,24,24,24,24,1,1,24,71
2188,28,41131648,26512,31532,29218,447862,165240,185928,981623,86753,32107640,4767896,102140,79979,900757,555615,102346,560607,1,15666,15149,34,34,34,34,34,1,1,34,80
2189,29,30627613,25088,26601,14725,437831,118385,128593,664848,80348,24035185,3492846,72096,74282,608866,396236,99130,352553,1,11519,11390,25,25,25,25,25,1,1,25,35
2190,30,27822611,26626,19531,24241,585802,106703,149471,698140,82171,21287620,3347531,70850,76170,557583,386158,110804,293210,1,6451,6284,14,14,14,14,14,1,1,14,56
2191,31,17579363,29200,20120,27730,447472,69204,105344,482051,83521,13145040,2063239,40813,78037,373336,211642,145549,257065,1,6451,6278,14,14,14,14,14,1,1,14,58
2192,32,19693369,39249,20476,11175,437086,76541,78281,417827,79340,15200573,2160704,45403,74317,422575,241539,100457,287826,1,7372,7336,16,16,16,16,16,1,1,16,19
2193,33,25414852,26215,24614,27633,445919,103103,129773,653926,80808,19534178,2880886,60675,77660,561806,331720,111095,364841,1,9676,9383,21,21,21,21,21,1,1,21,68
2194,34,25381322,25937,23923,11706,433890,107425,101542,527987,85430,19909981,2736780,56940,76414,532298,308158,98863,344048,1,9676,9616,21,21,21,21,21,1,1,21,24
2195,35,33517362,25906,27738,17494,444930,133357,141983,749674,89013,26444752,3690361,81877,77880,653998,432006,96503,409890,1,12901,12712,28,28,28,28,28,1,1,28,43
2196,36,19949168,28212,21260,10584,441395,79834,91708,419736,79942,15416747,2156147,43373,72779,415137,246232,106431,319651,1,7372,7340,16,16,16,16,16,1,1,16,18
2197,37,21286924,43481,29504,21044,437760,84799,88404,465585,79130,16553796,2161710,50745,110116,447819,278658,103672,330701,1,7833,7788,17,17,17,17,17,1,1,17,21
2198,38,25607693,26344,23380,18797,446897,101987,112327,591186,80618,19939498,2823226,58266,82475,495080,316609,100151,390852,1,9676,9525,21,21,21,21,21,1,1,21,41
2199,39,33830935,26931,29400,22262,457017,136455,143475,754533,80658,26613194,3814880,77554,87740,642351,427817,98940,417728,1,12901,12663,28,28,28,28,28,1,1,28,50
2200,40,31224258,26052,27224,17060,441032,140726,137173,725342,89465,24268089,3749638,71542,78837,608759,392245,99864,351210,1,11519,11351,25,25,25,25,25,1,1,25,41
2201,41,23357788,26073,22743,12102,438590,95055,102057,500240,80484,18227479,2551009,50022,75369,476377,291971,98626,309591,1,8755,8696,19,19,19,19,19,1,1,19,24
2202,42,20952529,25610,22280,13858,475420,84092,90919,468887,80709,16178475,2257382,49369,73723,444662,264079,100494,322570,1,7833,7759,17,17,17,17,17,1,1,17,28
2203,43,18962445,25206,20164,10270,449543,77944,75651,426808,79430,14638982,2003542,42761,71295,408324,236574,98999,296952,1,6912,6879,15,15,15,15,15,1,1,15,18
2204,44,27955611,26490,25319,27224,448010,117048,134499,685753,81638,21613083,3199995,64394,81227,615502,356961,98674,379794,1,10598,10320,23,23,23,23,23,1,1,23,62
2205,45,23239157,25716,23303,16194,457395,92047,101310,517414,81050,18005013,2623753,53707,78057,448973,287091,100365,327769,1,8755,8651,19,19,19,19,19,1,1,19,33
2206,46,19885533,26779,20975,24950,444191,82581,105818,532696,80610,15079836,2244611,48003,83123,396601,258389,101445,354925,1,7372,7192,16,16,16,16,16,1,1,16,55
2207,47,34325593,68573,63160,33341,442997,142258,131755,722225,202356,26035621,3747467,83576,213982,697471,419090,294937,1026784,1,8755,8699,19,19,19,19,19,1,1,19,23
2208,0,42592863,27999,34973,31782,442672,179020,202469,1101376,81352,33236559,4829060,98063,83270,945454,527975,100494,670345,1,16587,15957,36,36,36,36,36,1,1,36,90
2209,1,27399215,25963,24668,10317,448267,111977,107877,589424,79503,21360274,3069994,58613,72676,572488,358418,100987,407769,1,10137,10082,22,22,22,22,22,1,1,22,23
2210,2,24186448,24989,23533,10234,440716,110027,91768,509824,79673,19074182,2414017,57654,69801,517045,313513,99391,350081,1,9215,9170,20,20,20,20,20,1,1,20,21
2211,3,19634357,24953,21275,10735,469717,80314,81005,422042,79617,15296979,1952927,45416,71152,408372,249882,99720,320251,1,7372,7340,16,16,16,16,16,1,1,16,18
2212,4,27150978,35718,33438,44856,436267,115830,140737,738522,81980,20859512,3080283,61498,122669,589682,335549,97974,376463,1,10137,9803,22,22,22,22,22,1,1,22,74
2213,5,32719842,26166,27570,30647,453385,140986,157774,813210,106827,25218032,3846472,76620,81344,739655,419021,101232,480901,1,12441,12029,27,27,27,27,27,1,1,27,76
2214,6,22408972,26905,23017,29062,449970,99520,118259,588047,91083,16960127,2653434,51365,77554,479455,288024,138521,334629,1,8294,8049,18,18,18,18,18,1,1,18,65
2215,7,27066319,25506,26035,27330,474641,110009,132387,663526,80857,20693173,3282786,62630,77367,587518,339949,99560,383045,1,10137,9841,22,22,22,22,22,1,1,22,66
2216,8,31270932,26772,27894,31266,442156,133121,154268,778942,90306,24023588,3795059,69612,79441,686799,382983,110282,438443,1,11980,11561,26,26,26,26,26,1,1,26,80
2217,9,32351356,26605,27586,31507,445574,132514,151373,781409,90307,24963803,3870869,76701,78630,708559,400534,100515,464870,1,12441,12027,27,27,27,27,27,1,1,27,77
2218,10,42938019,27256,33299,31389,449699,185687,209154,1028685,81263,33318554,5169748,99497,80466,940666,533838,100639,648179,1,16587,16011,36,36,36,36,36,1,1,36,84
2219,11,42486479,26184,44439,32585,448477,182119,199142,1000643,82130,32976204,5099397,96911,76571,938456,524428,100816,657977,1,16587,15939,36,36,36,36,36,1,1,36,92
2220,12,42722267,27302,33955,31509,472676,186374,202274,1008512,81975,33168526,5037363,103878,80307,928263,537748,99002,722603,1,16587,15993,36,36,36,36,36,1,1,36,86
2221,13,37206835,28883,34020,32765,473600,159263,180153,908882,83736,28709810,4473370,86905,81131,827510,464955,114079,547773,1,14284,13789,31,31,31,31,31,1,1,31,81
2222,14,27068879,29177,27720,30849,468523,115587,145842,686475,82698,20598080,3287050,64750,85911,580158,327949,110164,427946,1,10137,9817,22,22,22,22,22,1,1,22,71
2223,15,30665765,27739,28198,29098,453887,133605,152870,769371,83053,23497188,3699555,69879,82668,672182,411806,117546,437120,1,11519,11167,25,25,25,25,25,1,1,25,71
2224,16,23479605,25249,23190,28674,445954,103485,123109,616377,83572,17816994,2812822,60726,78541,507859,291859,104581,356613,1,8755,8488,19,19,19,19,19,1,1,19,68
2225,17,29053613,35500,27045,27762,464876,126131,141856,716531,81431,22313081,3451381,64734,76399,664900,372578,104405,385003,1,11058,10716,24,24,24,24,24,1,1,24,71
2226,18,23182725,25608,22787,27255,444693,87403,117068,582647,82003,17703086,2725393,51138,75914,489908,277764,99195,370863,1,8755,8517,19,19,19,19,19,1,1,19,62
2227,19,18775681,24906,20362,27476,449499,71838,103039,505793,82690,14140623,2212441,40036,77486,409390,224325,99170,286607,1,6912,6718,15,15,15,15,15,1,1,15,62
2228,20,45084576,53523,67816,67526,450854,175400,205032,1113778,170464,34136265,5457156,105490,188013,999840,559283,230785,1103351,1,14284,13830,31,31,31,31,31,1,1,31,76
2229,21,28176681,25592,26193,29429,451436,109560,144365,695013,82121,21509023,3458542,68405,78267,609069,352949,100437,436280,1,10598,10262,23,23,23,23,23,1,1,23,72
2230,22,17634740,25360,19624,10566,466877,67036,71226,376446,80475,13472922,1918982,40067,71710,371746,221300,98998,321405,1,6451,6421,14,14,14,14,14,1,1,14,17
2231,23,25757207,24188,24003,14639,460725,105030,107966,558688,80832,20133460,2803952,58829,72946,510968,345069,98799,357113,1,9676,9579,21,21,21,21,21,1,1,21,31
2232,24,33937942,26433,28413,30110,448673,138494,165485,930747,82036,26124396,4005180,74762,80876,757990,472851,98468,473028,1,12901,12460,28,28,28,28,28,1,1,28,79
2233,25,30315214,26765,26959,32595,457205,122168,160244,770977,82003,23242661,3563935,71098,76985,700537,381447,101431,498204,1,11519,11119,25,25,25,25,25,1,1,25,78
2234,26,27174162,27116,24202,30839,471272,107498,141933,707999,83554,20701892,3262702,61815,81610,611497,340057,100100,420076,1,10137,9793,22,22,22,22,22,1,1,22,77
2235,27,32586752,26457,29932,29850,447714,127332,154255,781530,81044,25127101,3941603,73995,78145,713389,401385,109351,463669,1,12441,12034,27,27,27,27,27,1,1,27,76
2236,28,30277191,27360,26147,29711,438169,120936,162317,740598,83501,23282423,3612953,67109,78561,676662,375751,102317,452676,1,11519,11144,25,25,25,25,25,1,1,25,74
2237,29,28256856,24650,27098,13985,456258,109841,117148,605276,81474,21984918,3298214,64617,75956,569260,376795,99774,351592,1,10598,10485,23,23,23,23,23,1,1,23,33
2238,30,20840141,26673,21637,27802,438885,83194,106647,563104,92645,15833512,2417930,50157,77180,449538,255499,97268,298470,1,7833,7615,17,17,17,17,17,1,1,17,62
2239,31,20955292,25961,21688,27502,442551,84787,104677,544600,81801,15892686,2499413,47907,77915,422553,254514,96540,330197,1,7833,7625,17,17,17,17,17,1,1,17,60
2240,32,22203275,26048,22995,12131,439518,87051,87105,466885,88537,17197181,2465458,51286,75425,470337,285171,101142,327005,1,8294,8249,18,18,18,18,18,1,1,18,21
2241,33,29100062,25002,25221,29213,449303,118722,146482,717718,84374,22415757,3376825,67658,78057,654085,362644,98651,450350,1,11058,10692,24,24,24,24,24,1,1,24,75
2242,34,22318017,34121,23112,22938,452205,88421,89987,487869,80919,17231772,2443630,49987,73318,469878,288536,131382,349942,1,8294,8249,18,18,18,18,18,1,1,18,21
2243,35,39009692,27103,40430,19589,455928,157743,160334,834689,82686,30938483,4329729,88200,82929,755908,496289,97602,442050,1,15205,14946,33,33,33,33,33,1,1,33,50
2244,36,17495822,24657,19400,9798,469076,67263,70347,368188,90462,13373607,1912634,39038,68515,357788,218640,96492,309917,1,6451,6426,14,14,14,14,14,1,1,14,16
2245,37,20088171,25953,22138,12444,455054,81242,82356,427502,80877,15582314,2122379,45984,73682,418120,249769,97938,310419,1,7372,7332,16,16,16,16,16,1,1,16,20
2246,38,25757566,26529,33686,20796,451509,103885,121476,598782,82265,19924660,2947456,58010,83369,490686,321494,97396,395567,1,9676,9498,21,21,21,21,21,1,1,21,46
2247,39,34922675,26731,30310,19983,447421,141615,151429,801347,82739,27282477,4172558,87940,83009,674401,440980,100464,379271,1,13362,13123,29,29,29,29,29,1,1,29,49
2248,40,32491188,26339,28153,18997,449379,132873,138053,699885,91814,25512738,3723946,74245,80922,627488,405284,99750,381322,1,12441,12240,27,27,27,27,27,1,1,27,45
2249,41,22129490,26412,23841,13477,445697,88030,93238,474086,91644,17173169,2434718,49657,76779,442253,274390,104717,317382,1,8294,8236,18,18,18,18,18,1,1,18,24
2250,42,25412672,27588,25329,15195,454259,104236,106480,547324,82029,19849570,2763097,63970,78212,504110,317906,101124,372243,1,9676,9568,21,21,21,21,21,1,1,21,33
2251,43,22158641,27055,24486,12534,454253,90983,89936,466614,81640,17286065,2330043,51231,75262,458025,281095,107932,321487,1,8294,8248,18,18,18,18,18,1,1,18,21
2252,44,24352390,27208,25790,28108,449888,101347,126022,609511,94206,18687831,2723969,58341,87184,537062,310227,103732,381964,1,9215,8960,20,20,20,20,20,1,1,20,63
2253,45,25637377,26868,25230,16665,550033,104314,113301,581494,84911,19824354,2918381,60995,79021,506154,314223,108668,322765,1,9676,9562,21,21,21,21,21,1,1,21,34
2254,46,15260322,27077,21469,26037,461988,62687,89721,433166,92571,11276966,1703459,37647,83354,306587,202860,105194,329539,1,5529,5388,12,12,12,12,12,1,1,12,55
2255,47,29185227,27417,29122,14855,448323,119594,116432,602237,84449,22852371,3307177,69233,81674,581666,372579,104899,373199,1,11058,10968,24,24,24,24,24,1,1,24,29
2256,0,39530146,29338,33796,34205,458968,190804,187381,955578,87677,30679661,4525109,105946,82001,852346,494624,114259,698453,1,15205,14624,33,33,33,33,33,1,1,33,89
2257,1,28073267,25712,26547,11091,450544,112554,112657,572464,80877,21993628,3123374,64294,72861,564536,351181,100286,410661,1,10598,10537,23,23,23,23,23,1,1,23,24
2258,2,23243920,26661,25267,10829,454193,99697,88558,476511,83142,18276414,2338486,52123,73829,484696,293814,108908,350792,1,8755,8714,19,19,19,19,19,1,1,19,20
2259,3,20818200,26032,22269,11078,443610,85599,89120,436849,90233,16323337,2040517,49036,76845,442532,258904,99881,322358,1,7833,7797,17,17,17,17,17,1,1,17,19
2260,4,27683172,25821,25547,29079,441326,116138,139024,695288,84069,21365330,3137545,64477,78621,614873,345241,99624,421169,1,10598,10247,23,23,23,23,23,1,1,23,75
2261,5,31276919,27316,27283,29788,461438,129247,151028,753251,92991,24095347,3745754,71783,80610,695820,386549,98959,429755,1,11980,11609,26,26,26,26,26,1,1,26,72
2262,6,18539297,25028,19948,27842,439732,77016,99406,510055,81669,13948730,2168849,39786,78236,394872,218874,99678,309576,1,6912,6709,15,15,15,15,15,1,1,15,62
2263,7,23226855,25843,22783,27406,448300,96274,115964,573458,83296,17715153,2778573,51893,77283,487906,293329,98674,330720,1,8755,8510,19,19,19,19,19,1,1,19,63
2264,8,35071751,26070,29142,29573,465676,156043,166505,840830,82231,27101241,4198786,78164,79997,792857,417485,98083,509068,1,13362,12924,29,29,29,29,29,1,1,29,77
2265,9,32471134,26489,27864,28547,444094,138249,147370,785376,83414,25085930,3901251,81623,78397,695759,390883,98142,457746,1,12441,12065,27,27,27,27,27,1,1,27,71
2266,10,44187202,26926,34786,37463,454357,192908,209415,1014428,83267,34292686,5446374,107622,77467,974276,528853,98166,608208,1,17048,16485,37,37,37,37,37,1,1,37,81
2267,11,36204929,28972,28764,32630,445042,138610,179482,864985,92774,27753382,4546662,80821,80954,790352,446306,98619,596574,1,13823,13338,30,30,30,30,30,1,1,30,82
2268,12,36483635,26584,28852,29873,450111,141092,169222,846224,84792,28155722,4462119,83630,81877,830328,462432,98751,532026,1,13823,13381,30,30,30,30,30,1,1,30,76
2269,13,39029305,27178,31403,30492,462868,156635,182153,939038,82279,30052609,4857649,93059,79370,875427,534015,101437,523693,1,14744,14256,32,32,32,32,32,1,1,32,79
2270,14,26393541,29026,28394,34336,459955,103804,135377,693318,92866,19929510,3186216,59446,93911,594297,331441,131730,489914,1,9676,9368,21,21,21,21,21,1,1,21,71
2271,15,31752897,30179,39504,30280,465526,124710,157588,772846,85622,24437597,3810143,71916,80267,697814,396769,110134,442002,1,11980,11609,26,26,26,26,26,1,1,26,72
2272,16,30668997,29233,30245,29684,452483,119057,143327,732702,84471,23424331,3867816,67934,88751,674472,371098,117560,435833,1,11519,11155,25,25,25,25,25,1,1,25,73
2273,17,37738395,29608,39054,34015,446150,147911,196470,893526,105123,29158984,4526235,87064,90534,853526,473011,117718,539466,1,14284,13838,31,31,31,31,31,1,1,31,75
2274,18,17680238,29816,25639,29287,450850,75016,102136,491013,77958,13349281,1920068,41012,82763,368379,217628,114720,304672,1,6451,6271,14,14,14,14,14,1,1,14,60
2275,19,17297785,27509,23992,26752,464565,69828,99067,471013,80034,13090684,1868508,39319,77942,362177,204708,111063,280624,1,6451,6285,14,14,14,14,14,1,1,14,56
2276,20,34756937,39392,33012,29174,458444,140122,163990,858061,79508,27156637,3829580,79765,79544,763423,425030,113649,507606,1,13362,12948,29,29,29,29,29,1,1,29,73
2277,21,32782908,27194,31882,29220,438628,127283,153267,774978,78562,25595484,3696374,71871,81493,711831,401966,108385,454490,1,11980,11611,26,26,26,26,26,1,1,26,72
2278,22,16376690,27004,19672,10782,450577,64303,68700,346664,75467,12566710,1713909,37664,88710,325806,197624,104870,278228,1,5990,5964,13,13,13,13,13,1,1,13,16
2279,23,25215969,25646,25194,15187,445176,107050,102494,539201,76562,19782091,2694892,59029,72960,506099,311934,112486,339968,1,9676,9569,21,21,21,21,21,1,1,21,33
2280,24,37645735,27345,32706,29656,437851,160552,175580,901935,77921,29508324,4157404,87316,80078,843489,471051,100004,554523,1,14744,14216,32,32,32,32,32,1,1,32,84
2281,25,34473565,26529,29380,32183,449895,137224,165592,836608,86644,26883856,3865593,78376,80175,765896,430103,101297,504214,1,13362,12899,29,29,29,29,29,1,1,29,80
2282,26,26585396,28258,26758,30265,450352,110302,144336,678828,77417,20508616,2905671,59888,77541,608134,335044,103071,440915,1,10137,9806,22,22,22,22,22,1,1,22,74
2283,27,30417225,29994,28417,29156,476717,114981,148164,750158,86373,23573805,3424529,78644,81928,660341,375438,112378,446202,1,11519,11153,25,25,25,25,25,1,1,25,73
2284,28,34503004,29559,36021,31393,438314,127315,164740,829605,85542,26893944,3904764,78373,78201,770992,436732,108889,488620,1,13362,12934,29,29,29,29,29,1,1,29,75
2285,29,28983024,28088,27879,16416,458996,101686,118253,613836,77972,22811855,3193573,65936,88151,570565,361373,103050,345395,1,11058,10938,24,24,24,24,24,1,1,24,34
2286,30,16060576,27262,21574,26457,435549,58342,91521,458376,77206,12124480,1732314,35630,77843,341674,194253,107216,250879,1,5990,5825,13,13,13,13,13,1,1,13,60
2287,31,21198331,42499,28215,30086,460690,85070,114888,554451,105507,16133672,2346103,47529,83591,444623,253221,126347,341839,1,7833,7616,17,17,17,17,17,1,1,17,62
2288,32,28513115,31780,26737,13812,751644,101547,123875,620259,80119,22084367,3110533,71474,76991,616159,367891,107763,328164,1,7833,7793,17,17,17,17,17,1,1,17,20
2289,33,26610619,31148,28624,30825,451912,98911,140800,721876,77336,20549659,2825166,62706,81494,600374,328582,116602,464604,1,10137,9793,22,22,22,22,22,1,1,22,75
2290,34,16661832,28020,22237,12051,441084,68946,70047,362274,87523,12723376,1733942,37807,76235,356636,213138,109399,319117,1,5990,5966,13,13,13,13,13,1,1,13,16
2291,35,33191414,28685,30681,18880,436221,122191,140040,720133,79982,26285138,3572614,75040,87102,646575,413522,107395,427215,1,12901,12705,28,28,28,28,28,1,1,28,44
2292,36,17702491,31106,25954,11677,459336,75045,73677,369098,119591,13608174,1795164,39531,78030,353546,215287,119140,328135,1,6451,6426,14,14,14,14,14,1,1,14,16
2293,37,21958472,36935,28379,13225,455448,82079,93830,466864,92358,17210977,2150497,45418,79243,448601,281913,107765,364940,1,8294,8245,18,18,18,18,18,1,1,18,22
2294,38,34971145,29512,31583,23557,437037,128667,153562,775745,79303,27703127,3732134,77018,86766,693197,432163,111307,476467,1,13362,13097,29,29,29,29,29,1,1,29,53
2295,39,41440979,28159,32271,22375,436591,152603,179010,903714,77715,32897310,4625206,94921,86998,815468,538540,102676,447422,1,16127,15811,35,35,35,35,35,1,1,35,56
2296,40,34866351,26104,28393,18995,434917,127348,153772,760960,78402,27584793,3868736,81676,82328,665203,438478,97673,418573,1,13362,13124,29,29,29,29,29,1,1,29,49
2297,41,28520248,26453,26139,13732,437538,104810,117644,611496,77267,22544203,3003388,76101,86657,580534,352234,98316,363736,1,11058,10956,24,24,24,24,24,1,1,24,31
2298,42,23080365,24577,23006,14550,435986,86026,98639,509364,77204,18076959,2388853,52946,75221,462238,295712,94622,364462,1,8755,8657,19,19,19,19,19,1,1,19,32
2299,43,24206178,24907,23297,10395,441397,92164,106949,499308,77810,19004584,2556996,58051,72826,509089,313433,112703,302269,1,9215,9165,20,20,20,20,20,1,1,20,22
2300,44,26643494,27191,25205,26683,437588,100113,122820,653016,78393,20677466,2895760,63123,82272,562791,346920,98368,445785,1,10137,9865,22,22,22,22,22,1,1,22,62
2301,45,24108215,26088,23578,14385,441469,88355,99691,522186,78093,18872723,2612965,56848,76925,485016,306209,95956,307728,1,9215,9120,20,20,20,20,20,1,1,20,31
2302,46,24109314,26892,25268,25027,451192,92984,121896,610109,78625,18621390,2651950,57589,82006,494133,308679,96923,364651,1,9215,8975,20,20,20,20,20,1,1,20,60
2303,47,25457049,25148,24723,12104,436670,92192,101268,523382,81893,20022791,2704330,59045,79230,506473,309889,106952,370959,1,9676,9604,21,21,21,21,21,1,1,21,26
2304,0,42762561,26249,33735,33370,445604,168766,194424,1017480,78874,33649394,4671627,100879,79404,913279,547956,94304,707216,1,17048,16357,37,37,37,37,37,1,1,37,95
2305,1,31239777,26678,27069,10745,437466,118674,126148,639734,76535,24799798,3269928,67857,73738,605868,386975,99816,472748,1,11980,11901,26,26,26,26,26,1,1,26,27
2306,2,31885300,25651,27537,10554,450407,122921,123998,645969,79280,25602703,3080642,78234,76728,632450,410404,97534,420288,1,12441,12356,27,27,27,27,27,1,1,27,28
2307,3,22859551,25571,22580,10073,432167,87496,92795,475494,77407,18123098,2189166,50822,71316,464094,277935,94496,365041,1,8755,8709,19,19,19,19,19,1,1,19,21
2308,4,35049425,26637,28088,30876,435918,138080,169145,851323,78426,27526291,3835751,81277,79087,770124,442525,95132,460745,1,13823,13323,30,30,30,30,30,1,1,30,84
2309,5,36888468,28091,46407,47020,440756,141517,171261,902853,78774,28610634,4271424,88001,132795,826939,466369,96239,539388,1,14284,13782,31,31,31,31,31,1,1,31,82
2310,6,23325617,25881,22637,27884,440955,88631,119038,591902,79057,17904813,2652482,51899,89822,504543,299464,95893,330716,1,8755,8501,19,19,19,19,19,1,1,19,64
2311,7,33552670,26631,27483,39203,430385,130988,161785,800707,78633,26177079,3804254,79805,77816,751370,431893,97207,437431,1,12901,12509,28,28,28,28,28,1,1,28,72
2312,8,43388655,26400,33744,30380,436995,168969,188660,999552,79236,33958655,5069453,104738,80366,965477,560558,99068,586404,1,17048,16461,37,37,37,37,37,1,1,37,84
2313,9,33253777,26893,27199,29719,433914,129147,154325,801583,77767,25800312,3884081,75695,79322,753642,416569,96473,467136,1,12901,12488,28,28,28,28,28,1,1,28,75
2314,10,42150558,27184,33489,29697,450448,169313,190307,964539,78924,33058268,4844797,93638,79091,918714,523724,96761,591664,1,16587,15993,36,36,36,36,36,1,1,36,86
2315,11,44324420,27523,34386,34507,452294,176264,213561,1050620,78794,34714815,5029027,103214,96369,957245,563432,105723,686646,1,17509,16820,38,38,38,38,38,1,1,38,94
2316,12,41585976,27216,30475,29489,440534,164097,181612,962494,79822,32636376,4685881,101548,92898,923219,535273,110071,584971,1,16127,15560,35,35,35,35,35,1,1,35,84
2317,13,40421790,26526,32066,29354,433187,168203,187574,944195,78994,31544280,4708721,96608,80474,895765,519063,95309,581471,1,15666,15138,34,34,34,34,34,1,1,34,81
2318,14,35553222,25427,30424,30366,444126,138870,167152,870142,79428,27643931,4075064,81707,83224,767661,455424,96966,563310,1,13823,13328,30,30,30,30,30,1,1,30,83
2319,15,36954021,25866,28714,29007,447077,146418,167560,866475,79177,28734985,4351670,84409,77874,831111,461762,96607,525309,1,14284,13830,31,31,31,31,31,1,1,31,76
2320,16,34552518,26372,29524,30168,453672,137878,160937,842744,79073,26777657,4030263,79999,79865,773205,437853,95812,517496,1,13362,12910,29,29,29,29,29,1,1,29,79
2321,17,37784999,27540,31938,29252,464914,150977,177609,893693,79438,29517465,4338622,87494,79329,837312,477411,99950,492055,1,14744,14248,32,32,32,32,32,1,1,32,80
2322,18,29076447,26600,25988,28621,445603,111936,145278,710631,79252,22502018,3302860,66384,86253,635755,377938,96676,434654,1,11058,10722,24,24,24,24,24,1,1,24,70
2323,19,23104584,25250,23274,28549,433995,85599,113453,598250,79189,17672511,2643374,53736,78287,536658,292551,96514,343394,1,8755,8502,19,19,19,19,19,1,1,19,65
2324,20,36982916,25484,29255,30318,438226,135365,167373,874637,79404,28932691,4231470,83867,78947,817566,460818,97185,500310,1,14284,13829,31,31,31,31,31,1,1,31,76
2325,21,28697334,26072,25190,29796,443942,104560,136632,690879,79324,22179297,3319973,65753,85562,614811,367477,96481,431585,1,11058,10722,24,24,24,24,24,1,1,24,70
2326,22,18570646,24894,20952,11435,449780,67876,83633,400412,79724,14288889,1977978,43669,71102,390749,230113,95164,334276,1,6912,6875,15,15,15,15,15,1,1,15,19
2327,23,32001179,25952,26736,16494,441583,116809,137230,673514,77996,25448983,3359778,70408,75807,633917,402187,96947,396838,1,12441,12295,27,27,27,27,27,1,1,27,37
2328,24,36514286,27382,31182,30248,434056,137915,168727,859216,79348,28638309,4038695,86658,88954,818472,476263,95794,503067,1,14284,13812,31,31,31,31,31,1,1,31,78
2329,25,33504413,26310,27233,31473,443802,124541,162022,809491,89702,26016662,3871140,73882,78965,733116,416897,109276,489901,1,12901,12460,28,28,28,28,28,1,1,28,79
2330,26,36867647,26439,30234,32274,438404,138233,176128,867303,79809,28761233,4230507,86163,81141,807795,469802,96789,545393,1,14284,13784,31,31,31,31,31,1,1,31,82
2331,27,28847601,25684,26039,30681,435976,106890,140953,707449,80013,22316988,3285573,67737,76787,637590,368150,109704,431387,1,11058,10692,24,24,24,24,24,1,1,24,75
2332,28,38398279,27547,31569,31511,595637,155928,179891,938913,80889,29853737,4327045,87321,80280,818776,487777,106630,594828,1,14744,14208,32,32,32,32,32,1,1,32,85
2333,29,33738570,26951,30567,16259,435248,128717,136628,714687,79384,26681624,3751177,77749,94099,669213,421734,103323,371210,1,12901,12747,28,28,28,28,28,1,1,28,38
2334,30,25645620,27451,26813,30257,438527,98721,130609,658598,79226,19796283,2861546,61089,79752,558406,316888,107762,373692,1,9676,9382,21,21,21,21,21,1,1,21,69
2335,31,26735620,28695,29671,30336,449783,104796,131782,673203,82697,20608142,3033422,58979,82151,574950,328393,104041,414579,1,10137,9828,22,22,22,22,22,1,1,22,69
2336,32,24367714,26911,36094,12131,441600,89731,95357,505671,79091,19103500,2595310,55206,75749,501133,307441,104466,338323,1,9215,9160,20,20,20,20,20,1,1,20,23
2337,33,28570344,26238,26576,30633,443924,114254,140646,728520,80077,22177084,3075795,65075,76654,655820,354068,102287,472693,1,11058,10686,24,24,24,24,24,1,1,24,76
2338,34,25495985,25823,23577,11128,436612,96675,109052,542019,78910,20022961,2664557,60247,76569,531677,324254,97575,394349,1,9676,9616,21,21,21,21,21,1,1,21,24
2339,35,35058795,26141,29623,19153,427249,136527,147683,755012,79931,27894733,3710321,79218,79204,678293,452139,97211,446357,1,13823,13598,30,30,30,30,30,1,1,30,47
2340,36,20951324,25595,22087,11213,445366,84839,84711,438900,78485,16331540,2138561,47326,73330,441903,260437,97428,369603,1,7833,7796,17,17,17,17,17,1,1,17,19
2341,37,23167402,24281,21991,12266,446417,87813,93346,502236,79702,18179542,2362479,54176,73537,482937,293366,97180,356133,1,8755,8700,19,19,19,19,19,1,1,19,23
2342,38,32120040,27394,27428,20644,439255,122311,145485,716635,80379,25223888,3500557,74574,85838,708970,409349,105228,432105,1,12441,12222,27,27,27,27,27,1,1,27,48
2343,39,34495798,28509,37650,23214,438036,131996,152971,771807,79147,27135726,3899846,81176,83738,669659,441874,99919,420530,1,13362,13095,29,29,29,29,29,1,1,29,53
2344,40,37971859,27259,31877,28694,446066,150783,162372,827197,79453,29972395,4312481,88455,82537,753281,474719,97035,437255,1,14744,14480,32,32,32,32,32,1,1,32,51
2345,41,23194449,23633,22912,12551,443302,91429,96296,500310,79840,18115276,2509200,53654,72794,460361,295315,98116,319460,1,8755,8688,19,19,19,19,19,1,1,19,26
2346,42,32372747,26585,27921,16278,450737,123456,136470,683622,79309,25698035,3438573,74879,81475,635701,407465,98369,393872,1,12441,12268,27,27,27,27,27,1,1,27,41
2347,43,19549250,25599,20973,10753,450078,75374,76984,412749,79899,15211926,2006502,43336,71749,406106,239521,98211,319490,1,7372,7340,16,16,16,16,16,1,1,16,18
2348,44,27825727,28610,32300,55253,438639,109277,127605,680383,80918,21632746,3077076,61899,84903,583417,340319,98480,393902,1,10598,10320,23,23,23,23,23,1,1,23,62
2349,45,26430251,26040,33643,15635,436625,106520,111856,569951,80446,20719521,2881958,57634,76317,550109,330881,98770,334345,1,10137,10019,22,22,22,22,22,1,1,22,34
2350,46,23163910,27875,26630,26248,447259,93503,115856,574448,82201,17723868,2613613,52638,86365,484177,287421,107280,414528,1,8755,8521,19,19,19,19,19,1,1,19,61
2351,47,23367868,25660,24610,12544,455339,89920,97499,504806,80424,18161392,2530602,53249,78163,460364,290780,103004,399512,1,8755,8694,19,19,19,19,19,1,1,19,24
2352,0,53466980,42760,108083,113437,433692,222971,243190,1445935,80032,41733644,6001759,142981,223873,1211843,698886,107835,656059,1,16127,15475,35,35,35,35,35,1,1,35,94
2353,1,31516292,27645,28710,11991,465628,123334,121625,648213,83586,24885122,3370383,73787,75780,638002,398739,103917,459830,1,11980,11901,26,26,26,26,26,1,1,26,27
2354,2,25174494,27771,24714,11125,439241,98389,109298,513350,79408,19953830,2471729,64821,82613,518927,317988,107981,353309,1,9676,9626,21,21,21,21,21,1,1,21,22
2355,3,28671473,24717,26007,11731,441033,116094,110161,602365,79923,22812281,2912236,65680,71968,566002,366097,102863,362315,1,11058,10986,24,24,24,24,24,1,1,24,26
2356,4,33454905,26620,28706,31440,517827,135959,155142,822928,90086,26098571,3656005,75679,80273,754912,416851,99190,464716,1,12901,12460,28,28,28,28,28,1,1,28,79
2357,5,37641847,25552,30872,30589,431323,151035,181656,886269,81274,29349111,4374134,82797,79924,837915,469353,97649,532394,1,14744,14232,32,32,32,32,32,1,1,32,82
2358,6,24332645,27410,23177,29213,437354,96578,124117,607846,81067,18679762,2797820,53022,77702,531532,290304,98456,377285,1,9215,8940,20,20,20,20,20,1,1,20,67
2359,7,27596811,27114,38477,27498,437644,108990,128579,669705,81349,21366039,3197809,63062,78016,580026,345382,99530,347591,1,10598,10297,23,23,23,23,23,1,1,23,66
2360,8,40235565,27185,32084,29652,434058,162340,174847,949431,137905,31350323,4700301,92113,79656,906331,494378,98139,566822,1,15666,15151,34,34,34,34,34,1,1,34,80
2361,9,33048931,25360,27049,29766,444969,140461,156321,793976,92455,25685910,3842382,70252,77975,722849,406957,97725,434524,1,12901,12488,28,28,28,28,28,1,1,28,75
2362,10,44637968,26241,34043,31291,433165,181361,198225,1043365,81171,35000182,5159767,101333,77995,977218,582992,116004,593615,1,17509,16886,38,38,38,38,38,1,1,38,86
2363,11,40991644,26686,32388,32810,434352,167123,192233,986219,80705,32026069,4694749,92004,79640,890109,514806,96932,644819,1,16127,15493,35,35,35,35,35,1,1,35,92
2364,12,44328952,27969,34876,33064,437404,184938,206772,1029953,82506,34764213,5126753,99804,91097,965533,544348,98623,601099,1,17509,16881,38,38,38,38,38,1,1,38,87
2365,13,33379743,27043,30037,32547,442138,136192,163011,831048,81759,25746143,3948722,76940,77232,742841,427441,109361,507288,1,12901,12446,28,28,28,28,28,1,1,28,81
2366,14,33280992,26702,27614,33601,441840,139522,171459,809543,81361,25673531,3944836,74426,79148,748535,401177,97807,529890,1,12901,12446,28,28,28,28,28,1,1,28,81
2367,15,33353072,27476,28564,29676,450724,141215,158506,790955,82564,25897472,3820953,72953,79729,763079,403762,95575,509869,1,12901,12481,28,28,28,28,28,1,1,28,76
2368,16,33486074,27587,28590,31159,441509,136163,161469,805765,81912,25760883,4094587,78292,79688,742880,424229,95209,496152,1,12901,12446,28,28,28,28,28,1,1,28,81
2369,17,40271602,26036,32925,30276,443816,167691,190995,945324,81401,31556092,4590191,89505,79333,903991,507704,108365,517957,1,15666,15149,34,34,34,34,34,1,1,34,80
2370,18,25558576,25583,25089,27258,432221,94009,129531,656250,81025,19636469,2981805,57989,75299,556284,323471,96883,359410,1,9676,9399,21,21,21,21,21,1,1,21,65
2371,19,23136872,25782,23560,27335,445429,85187,113290,581312,82690,17708914,2720714,59388,77512,504767,282242,97134,301616,1,8755,8512,19,19,19,19,19,1,1,19,63
2372,20,37695399,26831,35413,30099,563402,130331,183528,890241,81551,29710144,4108412,78648,76016,786169,455662,97841,441111,1,12901,12481,28,28,28,28,28,1,1,28,76
2373,21,48092903,29972,40839,46680,536853,157678,190971,1035505,124022,38580541,4712616,94137,126553,907114,579055,140119,790248,1,13362,12926,29,29,29,29,29,1,1,29,77
2374,22,17582176,24622,19366,11039,449642,67158,71916,381626,81059,13444432,1903928,40491,71289,375714,218230,96499,325165,1,6451,6418,14,14,14,14,14,1,1,14,18
2375,23,30899739,27349,26197,15349,452292,114659,130124,642187,80815,24443187,3324864,66722,72714,618476,388596,98934,397274,1,11980,11845,26,26,26,26,26,1,1,26,36
2376,24,46593260,26148,34531,31231,453762,179686,216534,1084445,81451,36663782,5247544,106545,79762,1003421,602406,99653,682359,1,18430,17730,40,40,40,40,40,1,1,40,92
2377,25,33455343,26702,28023,33157,433047,135648,163142,849046,83388,25828246,3892564,81437,79631,760489,426372,98210,536241,1,12901,12432,28,28,28,28,28,1,1,28,83
2378,26,33511822,26031,28609,31035,438506,128129,164883,811576,81798,25895786,3974713,73550,77074,728429,421099,110887,519717,1,12901,12453,28,28,28,28,28,1,1,28,80
2379,27,38012949,24668,30298,29424,439184,147059,173743,886590,81157,29556042,4504169,86740,79388,870702,473553,97875,532357,1,14744,14256,32,32,32,32,32,1,1,32,79
2380,28,31109515,27440,26684,30879,444448,119804,153663,770464,82014,23983774,3626744,70584,82135,707297,407313,99973,476299,1,11980,11568,26,26,26,26,26,1,1,26,78
2381,29,36773806,26372,31905,16759,444782,144810,147444,771715,81134,29155029,4106159,80822,92707,729962,462586,97383,384237,1,14284,14101,31,31,31,31,31,1,1,31,41
2382,30,23098664,25964,23090,28916,443819,92457,122854,583318,90031,17706223,2634182,62210,76840,510070,281928,97626,319136,1,8755,8498,19,19,19,19,19,1,1,19,65
2383,31,21879750,26261,30208,27927,448425,87079,116837,578766,82277,16650921,2528893,56994,77107,465604,283902,95368,323181,1,8294,8049,18,18,18,18,18,1,1,18,65
2384,32,17415165,25356,20113,10944,451331,66052,80540,368992,81566,13351160,1872652,39052,72769,361573,212526,108852,291687,1,6451,6423,14,14,14,14,14,1,1,14,17
2385,33,29829315,26946,25808,29171,444157,118045,140721,739210,82560,23102854,3366088,70716,77092,666420,382255,99451,457821,1,11519,11157,25,25,25,25,25,1,1,25,72
2386,34,23512330,26699,22861,11983,439562,93743,92403,479332,80150,18239241,2609580,60763,76100,497034,317343,97453,368083,1,8294,8250,18,18,18,18,18,1,1,18,21
2387,35,36249700,26221,28911,19373,459778,149939,155325,796212,82071,28550284,4072901,83688,74634,720493,474563,96500,458807,1,13823,13597,30,30,30,30,30,1,1,30,47
2388,36,17426464,24922,19056,9606,438928,68522,71955,362043,80990,13443893,1770297,40086,72353,366776,218471,99497,339069,1,6451,6426,14,14,14,14,14,1,1,14,16
2389,37,22980189,25938,22542,11640,438448,92654,92772,489509,80995,18000399,2363296,53116,74542,491821,286464,111513,344540,1,8755,8696,19,19,19,19,19,1,1,19,24
2390,38,24087967,26848,23848,20594,441926,99888,109806,562452,83016,18718311,2583330,56586,83465,461849,317481,100530,398037,1,9215,9050,20,20,20,20,20,1,1,20,45
2391,39,31439276,28285,26837,21215,444380,145502,143960,711274,81715,24608505,3556684,70788,83774,621379,395647,101933,397398,1,11980,11759,26,26,26,26,26,1,1,26,49
2392,40,24538822,26369,23327,19582,447027,97039,111394,557727,82083,19039752,2768784,56604,80465,456667,310022,98193,363787,1,9215,9075,20,20,20,20,20,1,1,20,40
2393,41,20096012,26442,20337,13696,443354,79210,85508,443092,80397,15430019,2240773,45909,71777,432606,248011,100288,334593,1,7372,7324,16,16,16,16,16,1,1,16,22
2394,42,20852395,26025,22109,15655,442112,90026,95899,462563,81241,16134207,2221578,49277,76067,426486,259771,96259,353120,1,7833,7754,17,17,17,17,17,1,1,17,29
2395,43,27981298,36627,29980,16207,459161,103367,110837,641936,147200,21569101,3024449,86978,136511,517282,384268,172385,545009,1,7372,7340,16,16,16,16,16,1,1,16,18
2396,44,30096265,27155,25948,28693,446873,122132,164405,762610,82832,23257050,3408038,68344,83946,703019,391345,99593,424282,1,11519,11191,25,25,25,25,25,1,1,25,67
2397,45,22085996,27106,21955,14786,454665,87487,98864,486087,92534,17062865,2484957,51878,79071,449852,288789,100912,284188,1,8294,8207,18,18,18,18,18,1,1,18,30
2398,46,15131910,26620,19089,28124,442889,60519,87130,426292,82847,11225325,1665536,35800,84104,308829,189365,101534,347907,1,5529,5385,12,12,12,12,12,1,1,12,56
2399,47,26692588,26287,24673,13420,440958,105084,110918,554966,81541,20921624,2919485,59981,78984,525308,336157,108652,384550,1,10137,10059,22,22,22,22,22,1,1,22,27
2400,0,37965767,26983,29876,32424,445851,158218,185415,916450,83432,29537064,4263614,86100,82724,847141,495625,97575,677275,1,14744,14192,32,32,32,32,32,1,1,32,87
2401,1,23512831,25704,22715,10681,448401,90975,93457,481995,81435,18261144,2599285,53022,70994,478160,298256,111043,385564,1,8755,8714,19,19,19,19,19,1,1,19,20
2402,2,32157390,27422,23228,10613,581584,104033,108243,568488,81397,26415967,2703742,62008,73793,570666,391872,100867,333467,1,8755,8714,19,19,19,19,19,1,1,19,20
2403,3,35207835,28600,29657,14493,570555,126017,106759,606541,125466,28936358,2737830,65120,118755,576762,398582,140367,625973,1,8755,8709,19,19,19,19,19,1,1,19,21
2404,4,27658696,25694,27589,29970,443884,112374,142236,688449,81766,21379022,3086457,62917,80901,609046,350493,100047,437851,1,10598,10248,23,23,23,23,23,1,1,23,75
2405,5,35875450,26912,30596,32123,439569,147870,187660,876786,92665,27741888,4242786,82669,79539,811004,466341,99082,517960,1,13823,13345,30,30,30,30,30,1,1,30,81
2406,6,23377421,28222,24251,39745,443758,95272,122592,603525,82333,17695713,2835974,53352,76295,510839,287046,101252,377252,1,8755,8482,19,19,19,19,19,1,1,19,68
2407,7,26616192,25779,23947,29031,455562,108092,129521,675317,82660,20370541,3223916,61414,76735,572700,335943,97289,347745,1,10137,9832,22,22,22,22,22,1,1,22,68
2408,8,35940988,27350,29642,29158,443549,148833,165272,854827,82445,27803015,4315761,83012,79722,814152,453694,99152,511404,1,13823,13374,30,30,30,30,30,1,1,30,77
2409,9,36866794,27716,30130,31655,444257,154188,173931,883736,82945,28541201,4368707,91865,80143,826734,469973,100126,559487,1,14284,13801,31,31,31,31,31,1,1,31,80
2410,10,41744256,26025,31520,29792,460975,174279,190526,954655,96192,32518800,4926643,98106,78282,948181,533038,97721,579521,1,16127,15589,35,35,35,35,35,1,1,35,81
2411,11,28727612,26307,25171,32505,446947,120897,148743,734716,97154,22017463,3339259,64143,82058,638255,352371,100009,501614,1,11058,10650,24,24,24,24,24,1,1,24,82
2412,12,56015318,29205,38444,31617,788814,236032,285741,1351719,93014,43529448,6795630,129141,81950,1151745,706289,97485,669044,1,19352,18660,42,42,42,42,42,1,1,42,89
2413,13,43025777,28236,35581,32282,455864,189394,200655,1028062,84365,33448682,5112727,97579,79714,936682,552166,109024,634764,1,16587,15984,36,36,36,36,36,1,1,36,87
2414,14,31525330,25139,27356,28889,460197,140569,153541,764091,93555,24252457,3769338,69129,81216,701658,398533,99366,460296,1,11980,11602,26,26,26,26,26,1,1,26,73
2415,15,31309150,26043,27982,29895,435127,133342,147015,755127,83274,24074531,3738346,72510,78996,699647,412067,97733,497515,1,11980,11596,26,26,26,26,26,1,1,26,74
2416,16,31308552,25525,26066,30282,456240,134778,151225,807978,84232,24179424,3638087,69068,77382,697177,393354,98279,439455,1,11980,11580,26,26,26,26,26,1,1,26,77
2417,17,39372137,27005,32669,30090,440546,173326,204902,938660,86129,30629937,4597721,85982,80542,881331,502279,101094,559924,1,15205,14689,33,33,33,33,33,1,1,33,81
2418,18,26417793,26550,25582,26983,442199,120424,132772,659306,76823,20350702,3000995,58948,77336,571288,342502,109946,395437,1,10137,9840,22,22,22,22,22,1,1,22,67
2419,19,19696754,26050,21344,27724,442018,84632,110509,514258,77389,14924695,2176365,42101,79690,520618,236360,98470,314531,1,7372,7160,16,16,16,16,16,1,1,16,63
2420,20,31780944,25691,27089,28433,433407,113657,156390,768944,76852,24761137,3574308,68907,77302,712448,392483,98018,465878,1,12441,12033,27,27,27,27,27,1,1,27,76
2421,21,28610624,25326,25855,29230,438793,97674,138028,703356,76765,22187208,3186468,67352,77909,651371,355570,98196,451523,1,11058,10704,24,24,24,24,24,1,1,24,73
2422,22,12787677,26061,16860,10629,447630,43560,59679,277481,85473,9608998,1299707,28021,71408,257269,155392,110574,288935,1,4608,4589,10,10,10,10,10,1,1,10,14
2423,23,27653025,27177,25670,14963,432430,97964,115110,613153,76769,21829000,2907477,63106,82649,554734,348033,96388,368402,1,10598,10486,23,23,23,23,23,1,1,23,33
2424,24,36376016,27874,29038,30044,433570,131138,163395,864009,77779,28491327,4059303,79385,77782,801273,466478,111419,532202,1,14284,13779,31,31,31,31,31,1,1,31,82
2425,25,35642219,25727,28939,33220,427807,127155,171515,850150,77356,27890781,3983762,79317,79010,763499,455534,100242,548205,1,13823,13316,30,30,30,30,30,1,1,30,84
2426,26,29798227,26724,25009,30731,438085,117299,150398,744349,77361,23095146,3357930,66970,80780,670110,365623,100599,451113,1,11519,11127,25,25,25,25,25,1,1,25,78
2427,27,34266357,26034,30020,30359,431016,122175,154182,810695,77166,26824084,3808948,74648,79986,766239,421919,96212,512674,1,13362,12909,29,29,29,29,29,1,1,29,79
2428,28,38796332,27039,31288,29145,444353,141062,179771,920357,76509,30405499,4405723,83482,79839,864773,480207,97634,529651,1,15205,14690,33,33,33,33,33,1,1,33,80
2429,29,25669846,37356,25627,15160,436832,94053,107789,558519,77163,20079485,2765039,56990,74521,538015,336914,99611,366772,1,9676,9569,21,21,21,21,21,1,1,21,33
2430,30,25377361,28333,24108,27801,439069,92500,121350,627605,78034,19682611,2729748,56862,86284,567032,318359,98206,399459,1,9676,9397,21,21,21,21,21,1,1,21,66
2431,31,24249141,25981,23433,28192,437153,88948,126467,637686,77880,18706276,2707901,55515,77702,508738,313967,97443,335859,1,9215,8950,20,20,20,20,20,1,1,20,65
2432,32,19620323,25258,20491,10983,442183,69887,78833,437764,76700,15212790,2052174,46031,71737,412954,241575,98797,322166,1,7372,7336,16,16,16,16,16,1,1,16,19
2433,33,35782390,25751,30381,30488,439090,134008,175351,871881,78007,28072322,3912600,80634,78753,794600,456306,98374,503844,1,13823,13364,30,30,30,30,30,1,1,30,78
2434,34,29778278,72590,63091,30138,457695,110493,111333,622229,210350,22478903,3087333,94934,227089,646200,368219,283178,914503,1,7372,7336,16,16,16,16,16,1,1,16,19
2435,35,34871279,27519,30192,18480,431514,128607,148407,748847,77622,27721892,3699456,77040,79947,691642,452582,104067,433465,1,13362,13149,29,29,29,29,29,1,1,29,46
2436,36,16266690,24369,18872,9734,439899,58399,65065,344684,77227,12506832,1662681,36912,72597,335230,204589,100851,308749,1,5990,5968,13,13,13,13,13,1,1,13,15
2437,37,21757076,26532,22212,11111,444872,78274,84026,464450,77309,17157127,2105438,49328,75808,464287,278600,94974,322728,1,8294,8249,18,18,18,18,18,1,1,18,21
2438,38,34366835,25909,29314,22050,440411,131427,150067,766663,77609,27190209,3671667,80382,91526,698025,458458,97201,435917,1,13362,13090,29,29,29,29,29,1,1,29,54
2439,39,33496067,26308,28065,21292,435101,126552,159895,749420,78200,26415649,3670611,72235,85122,663875,423729,97579,442434,1,12901,12656,28,28,28,28,28,1,1,28,51
2440,40,26633171,26509,24415,19512,441449,100182,121539,612956,78519,20782166,2963076,59825,81994,506173,330458,101693,382705,1,10137,9965,22,22,22,22,22,1,1,22,44
2441,41,26460033,25496,24576,11493,454402,99181,107939,558202,87599,20876648,2803172,60642,75246,525508,335432,99432,315065,1,10137,10067,22,22,22,22,22,1,1,22,26
2442,42,25247015,25913,22890,15126,442062,95109,106999,551763,77273,19926236,2549575,57731,77396,505108,328931,98034,366869,1,9676,9567,21,21,21,21,21,1,1,21,33
2443,43,19636516,25525,21465,10982,432112,73395,78977,414563,80096,15286155,2024926,44516,71378,405437,247995,108671,310323,1,7372,7336,16,16,16,16,16,1,1,16,19
2444,44,26457865,27323,26198,25945,457901,101313,129103,645693,78702,20620706,2835675,61065,82103,560907,336690,95830,372711,1,10137,9861,22,22,22,22,22,1,1,22,63
2445,45,21005263,27636,20614,15490,434744,78438,89853,459048,80857,16281787,2292039,47488,77457,418875,260721,96991,323225,1,7833,7756,17,17,17,17,17,1,1,17,28
2446,46,22290313,29337,24256,27188,438736,89272,114572,563616,88860,17057055,2485155,48280,86215,458299,278394,115296,385782,1,8294,8071,18,18,18,18,18,1,1,18,61
2447,47,24421283,26742,25488,12217,434223,93279,97961,512726,77626,19155142,2587978,66881,78209,496309,304253,100011,352238,1,9215,9155,20,20,20,20,20,1,1,20,24
2448,0,33301966,26949,37164,32403,436001,131465,169053,846537,80027,25843241,3652182,78152,82713,718155,420709,100599,646616,1,12901,12390,28,28,28,28,28,1,1,28,89
2449,1,64190138,47790,33871,14217,965259,523598,375728,1410192,127098,50929694,6350108,200631,144040,1366263,865207,187920,648522,1,8294,8257,18,18,18,18,18,1,1,18,19
2450,2,24198303,24499,22898,10794,443522,94432,97706,517222,78094,19123216,2389273,57387,75983,508384,311604,102046,341243,1,9215,9170,20,20,20,20,20,1,1,20,21
2451,3,18555426,28092,20834,10868,439977,69407,73169,388904,89287,14432778,1858336,40235,72378,369239,224013,105301,332608,1,6912,6883,15,15,15,15,15,1,1,15,17
2452,4,30805542,26502,26692,29548,439465,118857,150760,750159,80145,24058167,3271459,66977,79369,702388,405709,101793,497552,1,11980,11578,26,26,26,26,26,1,1,26,77
2453,5,30964958,26976,28714,30821,442562,119549,155104,758313,79165,23962093,3507418,71706,89664,714994,400726,101335,475818,1,11980,11575,26,26,26,26,26,1,1,26,77
2454,6,24294411,29092,25952,30843,462705,96869,121918,624249,83507,18697993,2681007,53644,93076,527538,302636,110676,352706,1,9215,8940,20,20,20,20,20,1,1,20,67
2455,7,27807436,28312,30234,29931,453566,109467,134536,684189,82674,21508330,3110386,64960,81573,614045,344281,110646,420306,1,10598,10280,23,23,23,23,23,1,1,23,69
2456,8,36965378,27407,31762,32273,442503,147534,176427,976463,80709,28678970,4314897,83442,90776,809615,460306,107122,505172,1,14284,13782,31,31,31,31,31,1,1,31,82
2457,9,41546867,28371,33879,30006,460226,164165,209313,958058,88529,32516350,4748875,92951,82141,908167,537753,118681,569402,1,16127,15606,35,35,35,35,35,1,1,35,79
2458,10,44717931,27157,37233,30593,443775,182444,209976,1043508,79890,35043500,5120245,102780,82037,1009239,570808,109093,625653,1,17509,16889,38,38,38,38,38,1,1,38,86
2459,11,35470354,27855,32024,33344,445081,139190,177231,872073,79903,27555855,4020873,84051,80868,763835,446248,101373,610550,1,13823,13268,30,30,30,30,30,1,1,30,91
2460,12,43635582,28111,34738,31557,444731,175763,201394,1007426,79557,34153181,4984668,99057,84971,1026616,542609,99686,641517,1,17048,16430,37,37,37,37,37,1,1,37,87
2461,13,34761424,26254,29532,30733,436204,145816,165264,926915,88515,26850287,4097667,81483,78963,784421,428988,97383,492999,1,13362,12900,29,29,29,29,29,1,1,29,80
2462,14,34547227,26579,29467,28983,442654,140170,159563,821214,79221,26895688,3969416,81020,80470,773679,441433,101971,475699,1,13362,12943,29,29,29,29,29,1,1,29,74
2463,15,32275557,25845,29096,28731,452255,132641,163716,775927,79756,25001378,3670363,75316,79016,786313,401485,101339,472380,1,12441,12053,27,27,27,27,27,1,1,27,73
2464,16,27742374,26386,26162,29928,445819,111788,134910,698310,82440,21313454,3238182,64266,77048,630053,341782,111238,410608,1,10598,10247,23,23,23,23,23,1,1,23,75
2465,17,33277378,25815,28440,28484,445994,142257,160923,774697,79352,25951309,3723312,78413,76362,742003,421791,101777,496449,1,12901,12488,28,28,28,28,28,1,1,28,75
2466,18,28949099,25588,25493,28426,446086,120899,141432,717696,79857,22348665,3342734,66568,76970,631823,368736,99348,428778,1,11058,10728,24,24,24,24,24,1,1,24,69
2467,19,25892986,29453,28537,28787,455740,103762,130113,654228,80394,19751347,3039975,56258,79265,603577,317317,124482,409751,1,9676,9380,21,21,21,21,21,1,1,21,69
2468,20,31294023,34223,29031,40951,452981,125836,160614,756541,87139,24131127,3610284,70516,78365,695085,385690,159796,475844,1,11980,11608,26,26,26,26,26,1,1,26,72
2469,21,31620026,27991,30355,34093,438024,127303,158838,781787,84554,24467594,3615856,69481,83288,682879,391390,106160,520433,1,11980,11584,26,26,26,26,26,1,1,26,76
2470,22,19900983,24592,22224,11672,438479,78020,82631,425824,79046,15439383,2076502,43293,72576,422918,241890,98431,343502,1,7372,7336,16,16,16,16,16,1,1,16,19
2471,23,34616886,26306,28894,15710,453319,127710,137814,735657,79262,27451347,3757459,84165,86597,689528,445151,98867,399100,1,13362,13200,29,29,29,29,29,1,1,29,39
2472,24,39130498,26337,29568,29273,441599,147397,195654,918572,80098,30566771,4480815,98922,80207,868906,494329,95792,576258,1,15205,14683,33,33,33,33,33,1,1,33,82
2473,25,36032273,28263,30311,33523,451646,137814,174475,871690,79677,27949168,4162558,85226,89974,825140,462523,103338,546947,1,13823,13337,30,30,30,30,30,1,1,30,81
2474,26,34458072,28337,31999,32470,443773,129986,171415,831966,81553,26748067,3968251,77156,79343,763204,438688,117655,514209,1,13362,12884,29,29,29,29,29,1,1,29,83
2475,27,31233758,26192,28861,28816,463899,119524,150906,767718,80396,24119037,3628757,69475,76008,720921,394378,112599,446271,1,11980,11593,26,26,26,26,26,1,1,26,75
2476,28,36709783,26770,32103,32194,444810,137351,170292,881395,81943,28516953,4304519,87665,79489,823887,457014,103218,530180,1,14284,13806,31,31,31,31,31,1,1,31,79
2477,29,39346612,28474,35233,17970,454485,155771,168159,836108,80049,31105493,4417878,88795,151591,788568,493443,104263,420332,1,15205,14979,33,33,33,33,33,1,1,33,46
2478,30,23358196,27989,25244,28140,439260,89232,120817,610066,81309,17836581,2631290,53442,80075,559812,289669,118511,366759,1,8755,8489,19,19,19,19,19,1,1,19,67
2479,31,28091493,27445,26486,28521,447637,106525,145345,688799,81541,21715641,3190152,68722,78850,597520,370354,102673,415282,1,10598,10297,23,23,23,23,23,1,1,23,66
2480,32,20295220,28814,25608,12814,465142,84910,81928,427589,95057,15669819,2199310,45660,77935,422175,244889,119598,293972,1,7372,7336,16,16,16,16,16,1,1,16,19
2481,33,33755364,29278,33718,31955,484681,133259,171088,826372,85902,26161500,3784457,73516,81980,770105,419440,106941,561172,1,12901,12453,28,28,28,28,28,1,1,28,80
2482,34,22369170,29609,27346,13372,453392,89786,110735,468074,91171,17358259,2369281,51167,76827,482530,279270,121674,346677,1,8294,8254,18,18,18,18,18,1,1,18,20
2483,35,29963241,27701,27714,20138,437881,115014,130451,672028,83320,23655455,3163642,66681,82621,571447,377735,107794,423619,1,11519,11348,25,25,25,25,25,1,1,25,42
2484,36,17656580,27461,23126,10607,446116,68050,73317,373866,80201,13563741,1840081,41765,86322,363807,220476,111443,326201,1,6451,6426,14,14,14,14,14,1,1,14,16
2485,37,18477500,27114,22762,12430,440540,69767,76689,386379,84622,14331727,1852174,43031,74490,399197,229310,104244,323024,1,6912,6880,15,15,15,15,15,1,1,15,18
2486,38,27684885,33322,31611,24311,456117,111770,126602,640757,103926,21496143,3016477,63229,109797,518535,346631,122448,483209,1,10137,9973,22,22,22,22,22,1,1,22,43
2487,39,41947066,28956,37909,23917,446819,165739,185886,917923,86709,33179332,4781114,100883,89039,841325,528669,108749,424097,1,16127,15800,35,35,35,35,35,1,1,35,57
2488,40,33639162,26349,30092,18447,455456,130285,156129,727234,79905,26542481,3767657,74002,78943,646335,418480,104187,383180,1,12901,12698,28,28,28,28,28,1,1,28,45
2489,41,30192770,28033,28745,12927,443770,122557,122560,627743,80361,23875858,3283466,65646,86813,586298,371013,116502,340478,1,11519,11429,25,25,25,25,25,1,1,25,29
2490,42,22066270,25894,25087,15428,449238,84070,94350,487006,80979,17172799,2311031,47531,74807,450072,272545,102979,372454,1,8294,8201,18,18,18,18,18,1,1,18,31
2491,43,21068681,25577,21255,11691,451908,80910,85784,435964,80782,16412911,2198259,45465,76122,454133,269027,100917,317976,1,7833,7793,17,17,17,17,17,1,1,17,20
2492,44,32721022,28274,29397,26258,442167,143105,161828,778871,83213,25456817,3666458,73045,85180,696571,413597,219654,416587,1,12441,12122,27,27,27,27,27,1,1,27,63
2493,45,42000434,29404,36156,22342,569782,128899,139183,762758,123636,34474854,3667506,74664,138133,673090,501625,145207,513195,1,10598,10473,23,23,23,23,23,1,1,23,35
2494,46,25587550,27903,25252,26235,456310,97281,132841,620077,91101,19651823,2905184,55610,86061,538661,317757,102596,452858,1,9676,9423,21,21,21,21,21,1,1,21,61
2495,47,20088741,28808,25118,12713,453903,81514,93543,434702,88826,15473598,2133232,45469,87245,425985,247514,107752,348819,1,7372,7332,16,16,16,16,16,1,1,16,20
2496,0,38107556,28624,31959,30511,459116,163906,181249,904957,83354,29708846,4314229,85172,84669,842047,483856,103215,601846,1,14744,14248,32,32,32,32,32,1,1,32,80
2497,1,26990389,26577,27837,20019,462583,103967,117132,554355,80952,21176388,2884675,63341,72534,558936,339439,106027,395627,1,10137,10081,22,22,22,22,22,1,1,22,23
2498,2,19596387,25401,23946,10797,454498,78738,75845,400524,79669,15360600,1896390,43068,75870,405048,242338,103242,320413,1,7372,7344,16,16,16,16,16,1,1,16,17
2499,3,19535906,25187,23347,10558,446626,77105,78924,396731,80336,15327258,1885222,43885,69788,410740,242996,100932,316271,1,7372,7340,16,16,16,16,16,1,1,16,18
2500,4,32256068,29853,28784,31149,447519,129328,169261,782925,82198,25079814,3634805,74881,79808,733272,406901,110926,434644,1,12441,12030,27,27,27,27,27,1,1,27,77
2501,5,34792393,26904,31572,31933,444633,141890,170783,868389,82449,26984582,4045984,75579,81779,802657,434262,106967,462030,1,13362,12904,29,29,29,29,29,1,1,29,80
2502,6,24365783,28197,24734,30557,436644,95534,125575,625325,85817,18662953,2826459,52912,78711,514804,295788,106628,375145,1,9215,8945,20,20,20,20,20,1,1,20,66
2503,7,25332456,37612,37647,42190,454882,101665,132813,653387,106937,19056716,3021748,56935,115085,543729,310830,167357,492923,1,8755,8493,19,19,19,19,19,1,1,19,67
2504,8,33764320,28643,31819,30782,444186,134694,164902,818962,82228,26096717,4019346,76343,76766,765597,415140,110090,468105,1,12901,12474,28,28,28,28,28,1,1,28,77
2505,9,38519183,29649,33172,28237,468508,157120,180485,899186,82017,29925300,4615236,90727,80062,841797,487195,128109,472383,1,14744,14312,32,32,32,32,32,1,1,32,72
2506,10,46397209,27598,38909,29283,445409,192827,206423,1063253,81943,36257677,5520616,104303,81287,1029945,592857,107167,617712,1,17970,17401,39,39,39,39,39,1,1,39,80
2507,11,32692785,28048,29881,33478,451906,135579,168084,829282,82262,25134202,3835338,75652,80477,728974,406655,119516,553451,1,12441,11972,27,27,27,27,27,1,1,27,85
2508,12,41899798,29978,37438,31713,459796,189784,195244,966091,95587,32612301,4901932,92992,93520,929838,559077,109227,595280,1,16127,15584,35,35,35,35,35,1,1,35,81
2509,13,38915910,28200,33224,31973,599501,153237,212460,1027726,83674,30300642,4356655,85879,78250,830391,488652,104025,501421,1,13823,13358,30,30,30,30,30,1,1,30,79
2510,14,55766511,36580,50631,51529,569579,183054,209187,1137666,147801,45227053,5141167,108063,155846,992343,618958,185624,951430,1,12901,12502,28,28,28,28,28,1,1,28,73
2511,15,31318618,27420,27050,39233,439557,131777,159381,751154,83182,24168778,3715675,69634,77480,680049,379609,107295,461344,1,11980,11617,26,26,26,26,26,1,1,26,71
2512,16,35939227,26902,31881,31028,446108,150729,178168,862404,91552,27905074,4223666,80240,80985,802866,459783,103527,464314,1,13823,13368,30,30,30,30,30,1,1,30,78
2513,17,35933197,29555,32727,31108,462378,150743,168532,836896,85698,27880146,4235225,78365,88818,812244,445054,108181,487527,1,13823,13388,30,30,30,30,30,1,1,30,75
2514,18,26445120,26772,27258,28829,458169,105319,135759,642212,83051,20377169,3059818,59760,78666,559948,332710,101387,368293,1,10137,9850,22,22,22,22,22,1,1,22,65
2515,19,17500718,26443,30909,27491,443146,64495,94333,482822,82142,13107268,2069824,38005,79083,377511,209275,100549,267422,1,6451,6271,14,14,14,14,14,1,1,14,60
2516,20,29157836,28789,27801,29601,453580,110205,146564,719672,83009,22462903,3397329,65565,78741,648782,363084,119373,422838,1,11058,10692,24,24,24,24,24,1,1,24,75
2517,21,31168587,33912,27975,30901,446882,117992,149701,753394,82042,24082898,3645132,73535,78453,673847,382779,99922,489222,1,11980,11585,26,26,26,26,26,1,1,26,76
2518,22,17485264,26058,20528,11674,452910,66330,73477,372687,81222,13366573,1922083,39977,73559,355027,214758,99068,309333,1,6451,6421,14,14,14,14,14,1,1,14,17
2519,23,29869921,26865,27823,15396,455158,113967,125521,636680,82141,23592890,3219018,74098,82069,595455,374890,99818,348132,1,11519,11392,25,25,25,25,25,1,1,25,35
2520,24,40524354,27713,35975,30731,448096,157519,184785,964000,87090,31528808,4798665,88503,82081,894379,505205,120340,570464,1,15666,15131,34,34,34,34,34,1,1,34,82
2521,25,36836821,27599,30144,32955,445000,151823,177576,891604,82146,28426996,4448532,84875,80997,819607,461137,102546,573284,1,14284,13766,31,31,31,31,31,1,1,31,84
2522,26,34739405,26606,38192,30523,447427,140715,170535,853797,82862,26851830,4092263,79095,76624,766852,438663,103362,540059,1,13362,12907,29,29,29,29,29,1,1,29,80
2523,27,45505278,27065,28090,29699,484903,173517,200882,1019114,82522,35495204,5645752,109321,78918,997037,584700,98628,449926,1,12901,12502,28,28,28,28,28,1,1,28,73
2524,28,29135099,27678,29895,29743,470860,117230,148361,727510,84196,22397373,3354645,71842,78918,672338,361427,121781,441302,1,11058,10710,24,24,24,24,24,1,1,24,72
2525,29,34991342,28718,32457,16846,460788,144598,145864,737870,83070,27487802,4053184,76373,86024,688626,445826,110839,392457,1,13362,13199,29,29,29,29,29,1,1,29,39
2526,30,31188829,27261,29164,29242,465289,122125,155000,749488,84210,24115327,3631928,70885,77416,702826,401305,102574,424789,1,11980,11603,26,26,26,26,26,1,1,26,73
2527,31,26711345,27690,26574,27329,459722,103619,136541,644574,97012,20524542,3180745,58506,78585,560254,331342,105830,348480,1,10137,9855,22,22,22,22,22,1,1,22,64
2528,32,33431430,43281,42999,21450,628273,100815,103435,616286,180607,26751249,2778517,62387,194452,561889,377320,242349,726121,1,6912,6880,15,15,15,15,15,1,1,15,18
2529,33,30039219,27189,27359,39327,482267,124207,148387,749426,83320,23196284,3421147,67102,76396,668952,369802,102726,455328,1,11519,11144,25,25,25,25,25,1,1,25,74
2530,34,24543158,27923,28052,12021,455742,101100,101806,499662,88751,19168423,2650247,55495,80825,519625,312130,108766,332590,1,9215,9165,20,20,20,20,20,1,1,20,22
2531,35,41633810,27305,47027,17369,455592,167430,182620,881151,84829,33082282,4626420,93939,82266,843519,533353,107301,401407,1,16127,15895,35,35,35,35,35,1,1,35,46
2532,36,17531477,26262,19991,10245,462692,69765,74316,364250,80536,13440636,1878717,38932,69375,362879,212187,103772,316922,1,6451,6426,14,14,14,14,14,1,1,14,16
2533,37,20924495,26085,22034,11334,441493,81504,85667,446198,81594,16344654,2125930,45109,72902,436757,258305,109242,335687,1,7833,7787,17,17,17,17,17,1,1,17,21
2534,38,31155016,27182,28057,20820,459918,123989,140921,686292,82372,24453816,3458743,65690,84373,613095,383990,107929,417829,1,11980,11753,26,26,26,26,26,1,1,26,50
2535,39,31200625,27201,26279,18576,460539,134449,144183,678138,82000,24468443,3581194,68603,83828,588929,380289,100743,357231,1,11980,11779,26,26,26,26,26,1,1,26,46
2536,40,30232778,28192,28076,19921,455620,124544,139283,684870,83909,23600565,3485310,65495,93578,584731,373774,105776,359134,1,11519,11337,25,25,25,25,25,1,1,25,43
2537,41,26843900,26138,26018,12781,442878,106716,112162,557789,81430,21069173,2953204,61094,73455,547561,333472,114372,325657,1,10137,10067,22,22,22,22,22,1,1,22,26
2538,42,23226083,26680,22725,15505,454932,92447,98315,502990,82462,18091034,2522426,52049,76325,461910,289117,102205,334961,1,8755,8666,19,19,19,19,19,1,1,19,30
2539,43,19828729,27064,20270,12256,461855,78770,81117,440973,80710,15340686,2103401,43928,84379,424871,243716,98682,286051,1,7372,7336,16,16,16,16,16,1,1,16,19
2540,44,29053116,26663,26141,35261,556530,118850,146190,698117,83229,22456364,3295078,63151,82718,615038,360419,99842,389525,1,11058,10770,24,24,24,24,24,1,1,24,62
2541,45,22178234,27068,22580,26621,524462,85937,101179,523046,82035,17049269,2489017,50645,78307,417940,277323,99567,323238,1,8294,8191,18,18,18,18,18,1,1,18,34
2542,46,26813911,28655,28422,27896,468378,110320,131860,661942,87232,20693374,3009066,60668,83465,566058,334167,109480,412928,1,10137,9875,22,22,22,22,22,1,1,22,61
2543,47,26823751,27479,29259,13368,446268,110315,112707,570548,86779,20926393,2979093,62761,82887,546610,348885,106199,374200,1,10137,10060,22,22,22,22,22,1,1,22,27
2544,0,37812478,29203,31758,32881,457933,157123,187076,919264,84428,29423909,4305313,86493,84226,822490,465563,107400,617418,1,14744,14168,32,32,32,32,32,1,1,32,90
2545,1,26610847,26699,24915,11003,445927,104731,110839,547471,81382,20874836,2900051,58254,73302,536575,328317,100019,386526,1,10137,10081,22,22,22,22,22,1,1,22,23
2546,2,18479082,24859,20528,10114,445128,74915,80379,387253,82243,14378295,1852741,39729,69587,371108,231693,101566,308944,1,6912,6887,15,15,15,15,15,1,1,15,16
2547,3,23161743,30528,28883,15708,448713,96316,100965,478037,96911,18142873,2271680,51040,92065,480313,288618,124992,414101,1,8294,8252,18,18,18,18,18,1,1,18,20
2548,4,27839726,26461,27336,28275,453727,116054,138474,709859,83908,21433329,3206714,64141,79577,596673,352206,105753,417239,1,10598,10275,23,23,23,23,23,1,1,23,70
2549,5,29132698,28339,26721,29922,455060,120474,146750,734232,84442,22281117,3465686,70254,79981,672878,373006,119829,444007,1,11058,10692,24,24,24,24,24,1,1,24,75
2550,6,21046046,26159,22258,27170,455704,84899,112637,551660,83778,15987346,2428784,45671,77947,447713,257370,104626,332324,1,7833,7607,17,17,17,17,17,1,1,17,64
2551,7,25540458,25909,24839,29746,446362,103567,131972,637586,83574,19600340,2996934,55337,77360,561943,317902,114042,333045,1,9676,9385,21,21,21,21,21,1,1,21,67
2552,8,27907186,26065,26668,29381,444866,112926,147420,690250,83629,21375458,3332043,62792,79456,640621,344070,105294,406247,1,10598,10262,23,23,23,23,23,1,1,23,72
2553,9,28339092,26570,25489,27926,445456,116512,143385,707847,83902,21707245,3452843,66801,79211,612881,365030,102980,375014,1,10598,10277,23,23,23,23,23,1,1,23,69
2554,10,42775171,27544,32615,31524,456591,176998,190703,1002332,84048,33142581,5266854,106707,78386,946547,537451,99413,594877,1,16587,16020,36,36,36,36,36,1,1,36,83
2555,11,30541466,36957,30849,35180,458021,135124,161730,783044,92462,23330293,3609323,68241,80555,684071,387224,114125,534267,1,11519,11097,25,25,25,25,25,1,1,25,82
2556,12,38684455,28429,35407,32480,457342,163440,185646,918962,86392,29859510,4717065,85622,91566,922059,473745,108426,518364,1,14744,14256,32,32,32,32,32,1,1,32,79
2557,13,32819561,27534,28455,31299,459181,138228,164692,800062,84053,25234824,3938321,72893,81128,733762,412928,107792,504409,1,12441,12004,27,27,27,27,27,1,1,27,80
2558,14,28077165,27403,26765,31049,458092,117044,141281,701167,83958,21431115,3372979,78620,90695,626445,349007,101741,439804,1,10598,10258,23,23,23,23,23,1,1,23,73
2559,15,34103537,27528,30524,29772,461247,145569,164770,833809,92662,26317236,4008784,78477,79978,797079,450973,102613,482516,1,12901,12488,28,28,28,28,28,1,1,28,75
2560,16,32882909,28202,28851,30397,549737,138140,164777,795091,84323,25223229,3968404,78446,79616,727053,412800,102143,471700,1,12441,12025,27,27,27,27,27,1,1,27,77
2561,17,38518361,28337,30051,28973,464538,152620,180806,911744,83809,29826780,4667463,88431,78289,870266,491621,101564,513069,1,14744,14280,32,32,32,32,32,1,1,32,76
2562,18,22353274,26137,22039,27970,457925,81040,116164,566208,100634,16922455,2716338,48533,78924,493788,270114,100307,324698,1,8294,8061,18,18,18,18,18,1,1,18,63
2563,19,22399624,26703,21751,28304,449381,85666,121431,586780,86620,16952455,2669602,51356,76791,511041,298335,99353,334055,1,8294,8046,18,18,18,18,18,1,1,18,66
2564,20,29193606,28097,25761,30393,446380,110719,143532,733547,85078,22405050,3466496,65621,78474,645069,363813,101044,464532,1,11058,10704,24,24,24,24,24,1,1,24,73
2565,21,25625370,26795,23578,29431,448216,97721,127859,645114,88936,19562095,3052188,57640,78921,583094,309591,101075,393116,1,9676,9377,21,21,21,21,21,1,1,21,70
2566,22,17671737,26993,19756,10796,455451,73183,73750,375282,82169,13465050,1947011,41117,89779,371919,224019,101381,314081,1,6451,6421,14,14,14,14,14,1,1,14,17
2567,23,31709798,54165,39318,15836,433478,121067,146846,674684,85560,25011812,3457860,70208,84309,646697,397306,106077,364575,1,11980,11845,26,26,26,26,26,1,1,26,36
2568,24,32252915,31735,35938,39705,560861,125688,171043,957553,117302,24704819,3438009,69042,109973,705771,390213,155577,639686,1,11980,11589,26,26,26,26,26,1,1,26,75
2569,25,49467273,29298,47045,32603,611764,149206,216942,1111652,78340,40513187,4414903,99641,80608,873374,571415,106433,530862,1,11980,11551,26,26,26,26,26,1,1,26,80
2570,26,56245313,61712,45996,65599,772380,214832,277548,1482892,178287,44040735,5856302,160283,154897,1068860,772766,192082,900142,1,11519,11133,25,25,25,25,25,1,1,25,77
2571,27,42375582,33401,39075,38361,445472,158983,183818,972015,129878,33610948,4351288,102349,110658,868897,526139,180862,623438,1,12901,12502,28,28,28,28,28,1,1,28,73
2572,28,38801530,27105,32240,31157,429858,141284,171345,880522,79595,30804076,4107353,80978,83809,804341,478513,108592,540762,1,13362,12921,29,29,29,29,29,1,1,29,77
2573,29,39639236,27770,34458,16284,443097,163805,164278,845837,80999,31526795,4327148,92925,83024,796139,515606,113550,407521,1,15205,15003,33,33,33,33,33,1,1,33,43
2574,30,27786977,27028,27019,27371,430642,108860,146034,679129,80304,21706554,2958437,61497,78334,594237,353957,119419,388155,1,10598,10292,23,23,23,23,23,1,1,23,66
2575,31,30278555,43464,38370,46371,442515,117463,149159,772264,118366,23192501,3348276,73340,142161,636720,377820,173759,606006,1,9676,9409,21,21,21,21,21,1,1,21,64
2576,32,19671791,27045,21791,11712,452694,74776,82006,422586,76811,15335490,1976050,43601,75083,422640,248075,109560,291871,1,7372,7336,16,16,16,16,16,1,1,16,19
2577,33,45101267,33384,27528,30366,434637,185921,203510,1066790,77996,35733576,4862271,120964,75399,1079703,608467,116428,444327,1,11980,11590,26,26,26,26,26,1,1,26,75
2578,34,21148797,25206,20971,12329,443929,79992,87106,444604,78480,16339972,2173528,47680,86992,595412,263387,104536,344673,1,7833,7797,17,17,17,17,17,1,1,17,19
2579,35,42734492,25907,33628,16979,433461,161509,186707,903441,77765,34148627,4626438,99118,82357,864420,549570,114765,409800,1,16587,16335,36,36,36,36,36,1,1,36,48
2580,36,19748645,25697,21425,9785,433087,68959,81071,412114,78231,15353576,2044438,45822,71621,404876,247814,116489,333640,1,7372,7340,16,16,16,16,16,1,1,16,18
2581,37,22056506,27498,23111,11515,440594,80457,90267,463803,77335,17302019,2199134,51784,71359,467341,283017,102198,365074,1,8294,8249,18,18,18,18,18,1,1,18,21
2582,38,26768160,30568,29222,21879,455502,98193,126590,620048,80334,20962430,2796759,61754,84809,507776,339412,110632,442252,1,10137,9944,22,22,22,22,22,1,1,22,48
2583,39,40645335,27791,32494,20341,450085,147874,167372,910903,78856,32231147,4563919,92641,97233,797773,524845,108524,393537,1,15666,15369,34,34,34,34,34,1,1,34,54
2584,40,41933355,28076,33559,22175,458692,153698,187329,924862,80439,33251285,4667750,99384,92417,823023,545093,131203,434370,1,16127,15805,35,35,35,35,35,1,1,35,56
2585,41,28062991,28053,28068,13660,446842,108153,114117,583191,88073,22141158,2968982,80856,73442,564067,360590,125398,338341,1,10598,10521,23,23,23,23,23,1,1,23,27
2586,42,25911201,28509,27423,15126,441663,96951,107675,554794,88705,20328598,2725412,60897,76100,536185,343654,126403,353106,1,9676,9580,21,21,21,21,21,1,1,21,31
2587,43,21160293,30478,25024,12339,442861,78869,89750,444007,82531,16496140,2174631,47845,75025,445925,261100,126476,327292,1,7833,7793,17,17,17,17,17,1,1,17,20
2588,44,31241616,29281,30230,26778,449324,118324,148523,750892,81094,24440759,3411504,73060,88671,668818,394432,109415,420511,1,11980,11671,26,26,26,26,26,1,1,26,62
2589,45,16569578,27900,24164,15817,442397,58604,78530,393638,79979,12584023,1795903,35873,73482,324217,204569,122947,307535,1,5990,5927,13,13,13,13,13,1,1,13,28
2590,46,21174792,27080,24579,26015,443130,92736,117568,553816,80081,16068845,2400150,49589,84798,440313,261884,110369,393839,1,7833,7633,17,17,17,17,17,1,1,17,58
2591,47,25903829,27670,28563,12812,432994,98556,105011,538534,78685,20279011,2803420,58405,81066,525459,339373,107407,386863,1,9676,9610,21,21,21,21,21,1,1,21,25
2592,0,39079299,28221,33284,33914,444079,150922,194507,970545,80908,30511831,4295959,90535,84143,882670,499568,112063,666150,1,15205,14601,33,33,33,33,33,1,1,33,92
2593,1,35757932,28488,26736,11340,670629,125577,150331,777911,78489,28251970,3771936,88732,76436,700793,484408,106489,407667,1,10137,10081,22,22,22,22,22,1,1,22,23
2594,2,26664749,28063,27500,11806,436618,97844,105614,572402,88987,21206257,2592782,60325,77636,548192,343004,107802,359917,1,10137,10081,22,22,22,22,22,1,1,22,23
2595,3,17297947,31706,38483,12752,471217,67450,75567,370075,110874,13278470,1682710,39736,74967,357901,224331,124450,337258,1,5990,5968,13,13,13,13,13,1,1,13,15
2596,4,38858106,31397,32265,31307,512114,157718,166729,888066,94014,31133436,3785874,85869,82280,775782,479500,131126,470629,1,11980,11579,26,26,26,26,26,1,1,26,76
2597,5,37756894,32419,36093,33495,649356,151215,217729,956063,100094,29186353,4270195,88072,82910,865429,464427,122559,500485,1,13823,13358,30,30,30,30,30,1,1,30,79
2598,6,18162088,36402,23871,29421,479971,75419,106942,539581,89261,13463809,2085505,40269,85785,382116,222178,141995,359563,1,6451,6270,14,14,14,14,14,1,1,14,61
2599,7,25164449,37806,29366,28499,471117,102274,128033,634034,122363,19183720,2900791,54091,81640,524531,326183,126819,413182,1,9215,8975,20,20,20,20,20,1,1,20,60
2600,8,48877398,37742,38725,31342,637704,190145,226678,1164483,136573,38740645,5209533,104707,81433,999377,610987,126039,541285,1,15205,14707,33,33,33,33,33,1,1,33,79
2601,9,34764286,38415,34323,34767,615982,149090,193582,950692,135780,26819444,3789606,74335,120497,741709,458539,127973,479552,1,11519,11144,25,25,25,25,25,1,1,25,75
2602,10,48741958,37006,40657,32972,498561,202704,241659,1178837,130487,38090228,5606709,124179,84317,1052587,622752,129282,669021,1,18430,17760,40,40,40,40,40,1,1,40,89
2603,11,40303730,35324,34611,32023,507676,168381,208402,979348,81063,31153220,4716803,92500,86548,913394,509427,144910,640100,1,14744,14216,32,32,32,32,32,1,1,32,84
2604,12,44368002,36894,43922,34479,491736,192171,215971,1073744,87833,34589881,5086257,101076,89621,982279,552751,123683,665704,1,16587,16002,36,36,36,36,36,1,1,36,85
2605,13,35433289,28513,33316,34328,463297,144059,196720,860441,82753,27521343,3978746,81473,80445,792978,460046,108545,566286,1,13362,12914,29,29,29,29,29,1,1,29,78
2606,14,24980952,31861,28251,32991,443244,103498,131685,644473,101916,18998579,2884934,83493,83164,544961,317638,119097,431167,1,9215,8915,20,20,20,20,20,1,1,20,72
2607,15,32432019,42348,33190,32608,517905,139368,172166,813641,145344,25017790,3539082,71653,83716,766744,398951,145019,512494,1,11980,11606,26,26,26,26,26,1,1,26,73
2608,16,29769494,48063,33384,31103,480988,131670,149891,740390,154743,22989488,3303535,63034,84599,636479,352409,132111,437607,1,11058,10716,24,24,24,24,24,1,1,24,71
2609,17,36678746,37977,35684,29783,496947,157051,180801,887696,93704,28419642,4201152,105421,84213,817475,465131,147507,518562,1,13823,13404,30,30,30,30,30,1,1,30,73
2610,18,23056298,37389,29975,30832,484860,101003,127737,612368,160577,17505330,2544210,54340,85438,486205,287933,127624,380477,1,8294,8056,18,18,18,18,18,1,1,18,64
2611,19,27808777,37686,32780,38355,511449,123317,141367,735184,160256,21303954,3087287,62096,81491,610351,353388,134053,395763,1,10137,9855,22,22,22,22,22,1,1,22,64
2612,20,36980984,38053,52895,30005,490398,166508,178662,883412,159987,28570235,4326701,84867,85931,811799,473299,128445,499787,1,13823,13409,30,30,30,30,30,1,1,30,72
2613,21,28157002,38228,31534,34329,490767,123725,160565,738646,170695,21455639,3175614,64769,86295,649297,340278,131443,465178,1,10137,9817,22,22,22,22,22,1,1,22,72
2614,22,23962346,37987,28190,12655,722461,104555,107867,540132,83793,18409586,2465414,56233,78803,506046,304506,150781,353337,1,8294,8248,18,18,18,18,18,1,1,18,21
2615,23,24065753,35302,29513,17072,480930,108003,119356,543884,131827,18701178,2478553,53995,80524,482439,310240,128822,364115,1,8755,8666,19,19,19,19,19,1,1,19,30
2616,24,39997309,35753,37070,32095,500043,187047,207198,977309,159506,31046459,4533356,94642,86756,883329,507228,129197,580321,1,15205,14657,33,33,33,33,33,1,1,33,85
2617,25,36055534,35469,36101,35429,485636,164610,189373,913038,121279,27649741,4297785,83575,85199,789946,456628,126772,584953,1,13362,12878,29,29,29,29,29,1,1,29,83
2618,26,29656673,35253,33910,33344,508399,130648,161325,781103,129556,22703385,3345300,65475,84173,654656,360742,129626,499778,1,11058,10698,24,24,24,24,24,1,1,24,74
2619,27,34699540,36875,34909,32775,623149,164059,174274,848981,163055,26708694,3920221,80785,83342,756936,431173,135618,504694,1,12901,12502,28,28,28,28,28,1,1,28,73
2620,28,33568651,37618,36597,33048,499368,156894,177732,846916,169737,25795409,3679664,75438,83352,916631,411541,151044,497662,1,12441,12033,27,27,27,27,27,1,1,27,76
2621,29,33528733,48443,36001,19351,522240,148302,155764,721611,157256,26161576,3792058,81792,88281,641851,418988,130403,404816,1,11980,11831,26,26,26,26,26,1,1,26,38
2622,30,23025273,46844,28954,28866,507495,104609,125321,601132,161726,17486795,2555763,55260,82813,472419,273396,139883,353997,1,8294,8076,18,18,18,18,18,1,1,18,60
2623,31,26393589,36870,30397,31071,517546,132073,145844,677638,163883,20193278,2903656,57103,87762,553558,318307,147159,397444,1,9676,9409,21,21,21,21,21,1,1,21,64
2624,32,16184731,37818,26256,13180,506894,65307,75662,362382,166196,12227987,1598344,41106,77539,357493,193618,129488,305461,1,5529,5508,12,12,12,12,12,1,1,12,15
2625,33,30988045,38764,33997,32720,502147,126438,175308,781091,86467,23865659,3446759,73222,83606,707217,389220,159528,485902,1,11519,11150,25,25,25,25,25,1,1,25,73
2626,34,30137846,36217,34808,14587,489343,122441,126094,617718,140028,23660779,3201830,80160,82433,627855,378099,129848,395606,1,11058,10986,24,24,24,24,24,1,1,24,26
2627,35,42488706,35900,38728,20041,521676,171066,200068,929961,120846,33692809,4585089,98107,88813,848104,540576,127383,469539,1,16127,15861,35,35,35,35,35,1,1,35,50
2628,36,19579636,36858,26815,11944,491187,80542,82751,415137,160632,14980792,1975401,42649,81562,473861,234891,132588,352026,1,6912,6884,15,15,15,15,15,1,1,15,17
2629,37,23796445,33557,28846,13532,500127,99919,102873,519408,113832,18661797,2312769,55336,77058,491017,304103,120104,362167,1,8755,8700,19,19,19,19,19,1,1,19,23
2630,38,26406875,32314,29960,21300,483455,103807,119985,608547,103819,20671793,2730320,58945,102470,498755,325237,116363,399805,1,9676,9520,21,21,21,21,21,1,1,21,42
2631,39,38655449,39824,39321,21190,500224,157792,186923,857919,168364,30272090,4327663,92522,87920,751592,540628,177110,434367,1,14284,14025,31,31,31,31,31,1,1,31,51
2632,40,33439852,37911,35452,21186,483931,135321,161753,751843,168006,26238499,3613892,76146,94581,644956,426887,136489,412999,1,12441,12247,27,27,27,27,27,1,1,27,44
2633,41,32377576,37179,34780,15903,499959,133337,153164,674334,170509,25420248,3495865,79330,80838,629579,403285,144010,405256,1,11980,11871,26,26,26,26,26,1,1,26,32
2634,42,21895142,38887,31985,17740,500193,90886,112274,489639,167410,16840028,2240139,58169,90601,432882,258276,137190,388843,1,7833,7759,17,17,17,17,17,1,1,17,28
2635,43,17351646,36477,27703,12989,524908,73876,77230,369079,170957,13261928,1668153,46395,76585,341250,204931,138990,320195,1,5990,5969,13,13,13,13,13,1,1,13,15
2636,44,30803841,37631,32818,27878,501515,127002,155483,739441,85382,23773549,3521720,67469,99051,671837,391058,144958,427049,1,11519,11228,25,25,25,25,25,1,1,25,61
2637,45,17088203,36707,26099,17695,493024,70668,94480,411147,154727,12856946,1804014,38022,80975,329128,204647,130954,338970,1,5990,5930,13,13,13,13,13,1,1,13,27
2638,46,22794343,34339,29189,27211,468895,95174,124521,592085,125948,17287677,2570278,52067,88121,486695,277170,133862,401111,1,8294,8088,18,18,18,18,18,1,1,18,57
2639,47,20392284,35943,27431,14519,494355,86234,91641,435942,134601,15645869,2133993,47710,82656,421982,271690,124990,342728,1,7372,7328,16,16,16,16,16,1,1,16,21
2640,0,39771416,38216,38154,36063,488937,168046,217479,1026762,164195,30794947,4467087,91096,92360,849697,501146,132596,664635,1,14744,14160,32,32,32,32,32,1,1,32,91
2641,1,31091503,37089,33061,13459,501818,130572,137403,736729,136657,24395966,3234677,73386,79491,615886,394170,125316,445823,1,11519,11446,25,25,25,25,25,1,1,25,26
2642,2,29485529,37953,31612,13400,516028,124347,129642,613609,160698,23287849,2930242,68978,78714,597480,377783,132293,384901,1,10598,10537,23,23,23,23,23,1,1,23,24
2643,3,16961477,37154,27540,13026,500801,70927,74207,352450,163782,12977867,1610281,36852,75973,341832,203445,129057,346283,1,5990,5968,13,13,13,13,13,1,1,13,15
2644,4,38020231,43254,34850,31600,874667,158619,225656,1096352,156278,29280116,4020111,82795,86147,846947,489228,131795,461816,1,11519,11158,25,25,25,25,25,1,1,25,72
2645,5,35342669,39667,36738,34410,498176,156599,192696,896122,151410,27252540,4039334,81476,86510,812931,451047,141002,472011,1,13362,12918,29,29,29,29,29,1,1,29,78
2646,6,18768096,46124,26651,30606,1073644,78006,111031,539332,161254,13514605,1985326,40995,88328,385552,224285,127406,334951,1,6451,6268,14,14,14,14,14,1,1,14,62
2647,7,27553285,37612,31467,30380,485171,127707,147035,694481,94018,21074954,3156971,61535,84720,603867,340198,150342,432827,1,10137,9847,22,22,22,22,22,1,1,22,65
2648,8,33354278,37410,34717,35347,519196,141648,176193,845846,165436,25594679,3833503,78487,84236,758712,446124,144145,458599,1,11980,11573,26,26,26,26,26,1,1,26,78
2649,9,31111734,36597,41570,31660,514738,136140,162694,775584,161195,23853336,3569233,71139,92859,691199,383039,128224,462527,1,11519,11155,25,25,25,25,25,1,1,25,73
2650,10,44593033,37636,40530,34799,521097,194098,240201,1129821,153296,34497263,5230858,103535,85417,1006088,570365,131600,616429,1,16587,15993,36,36,36,36,36,1,1,36,86
2651,11,35907757,39032,37834,36457,505621,158439,194749,891106,169535,27537564,4198016,82151,88315,798929,438848,137375,593786,1,13362,12887,29,29,29,29,29,1,1,29,82
2652,12,39575336,36864,35907,33554,494449,171776,202082,952459,85409,30586944,4603370,91192,94822,975241,504298,147747,559222,1,14744,14248,32,32,32,32,32,1,1,32,80
2653,13,40275041,35309,36861,32713,492425,171358,204018,970396,94009,31436829,4520194,89612,85685,910098,507844,117659,570031,1,15205,14687,33,33,33,33,33,1,1,33,81
2654,14,36001293,42817,34845,32894,494953,155097,185998,918162,97645,27812758,4101816,83163,86945,801859,459188,124098,569055,1,13362,12905,29,29,29,29,29,1,1,29,79
2655,15,36090351,37222,36947,34165,496317,159670,189239,908925,173333,27774562,4168477,84236,87902,829319,457139,133013,519885,1,13362,12913,29,29,29,29,29,1,1,29,79
2656,16,32593498,38664,34875,33675,485776,145316,177377,818409,169599,24959713,3790542,71358,93932,724380,400184,134045,515653,1,11980,11585,26,26,26,26,26,1,1,26,76
2657,17,36894618,39204,37964,31975,497699,171165,200681,935828,168520,28421586,4248196,82572,86749,850002,463504,133555,525418,1,13823,13368,30,30,30,30,30,1,1,30,78
2658,18,26654643,47443,29915,31394,1282678,104436,215606,871822,118651,19470550,2992510,57484,82321,490369,325578,165882,368004,1,8294,8059,18,18,18,18,18,1,1,18,63
2659,19,20865654,38551,27581,31318,492879,100097,122083,559258,102201,15573953,2531290,49468,85787,436180,246634,136094,332280,1,7372,7168,16,16,16,16,16,1,1,16,61
2660,20,34335028,33461,34702,33048,493149,149492,176863,868779,91019,26541497,3948528,79585,79507,799108,427113,121359,457818,1,12901,12467,28,28,28,28,28,1,1,28,78
2661,21,28504628,38797,33141,42709,538921,133142,156330,749620,93873,21751314,3263808,63324,85454,617534,346145,124373,466143,1,10598,10255,23,23,23,23,23,1,1,23,73
2662,22,26991785,38112,31057,14859,585515,130612,119611,572792,104185,20942124,2910518,63089,101190,540347,325231,132327,380216,1,9676,9615,21,21,21,21,21,1,1,21,24
2663,23,35444147,37236,33047,18267,494013,139228,159655,779656,85631,27911046,3844846,79183,82246,747507,446738,148169,437679,1,13362,13193,29,29,29,29,29,1,1,29,40
2664,24,46005834,39962,40911,32799,500241,193305,237992,1126294,110570,35892770,5195582,110886,88712,1030135,569834,127357,708484,1,17509,16871,38,38,38,38,38,1,1,38,88
2665,25,34199816,36160,35593,36530,498948,142203,190585,926883,162391,26179738,3892438,77397,85016,772151,438272,129809,595702,1,12441,11974,27,27,27,27,27,1,1,27,84
2666,26,33242066,38069,34990,35259,488189,133225,171218,836143,151829,25518355,3815672,82361,87320,750740,409763,128222,560711,1,12441,12007,27,27,27,27,27,1,1,27,80
2667,27,43548113,37554,39048,33869,489987,178839,215759,1060126,156918,33851450,5055218,96849,85758,968557,555939,126052,596190,1,16127,15582,35,35,35,35,35,1,1,35,82
2668,28,26580520,38520,31121,32983,491232,109764,157986,734586,158980,20178278,2994057,69105,84393,597294,331909,132016,438296,1,9676,9354,21,21,21,21,21,1,1,21,73
2669,29,35713057,39315,34609,19346,495588,147596,165992,809378,172295,27932185,4043348,77518,85242,706019,449606,144597,390423,1,12901,12740,28,28,28,28,28,1,1,28,39
2670,30,27604527,37292,32791,43184,492724,114581,139491,714685,169165,21171378,3046006,61741,91858,593263,338854,136676,420838,1,10137,9858,22,22,22,22,22,1,1,22,64
2671,31,28366622,36624,32379,30505,495323,124026,147580,728056,169119,21691036,3250352,64675,85261,608514,350321,141810,411041,1,10137,9856,22,22,22,22,22,1,1,22,64
2672,32,23174649,37237,30797,14125,496009,93923,103294,506838,173821,17919185,2453915,56352,81138,471478,285826,130021,320690,1,8294,8248,18,18,18,18,18,1,1,18,21
2673,33,38797297,37172,37315,33386,526378,168197,205726,1000812,151494,29949780,4438853,87391,101597,880502,488818,133594,556282,1,14284,13814,31,31,31,31,31,1,1,31,78
2674,34,25087004,36134,29476,13826,495101,103712,106148,524250,87721,19469249,2665131,56574,78488,539269,314169,149985,417771,1,9215,9160,20,20,20,20,20,1,1,20,23
2675,35,41678020,39325,38214,20684,508469,175383,182634,908950,183775,32911070,4591976,96610,97042,843089,550445,132245,398109,1,15205,14986,33,33,33,33,33,1,1,33,45
2676,36,26782549,37712,31447,13842,500903,111342,116085,572148,167054,20855032,2819990,60268,104237,535244,350288,140454,366503,1,9676,9620,21,21,21,21,21,1,1,21,23
2677,37,26912631,35740,30525,14557,497756,125872,117691,590848,131210,21089796,2769727,61676,76762,549679,334865,122944,362983,1,9676,9609,21,21,21,21,21,1,1,21,25
2678,38,31371857,36805,34275,24361,514309,130522,148008,743524,158711,24409355,3415495,72457,91373,604559,396043,140081,451979,1,11519,11301,25,25,25,25,25,1,1,25,49
2679,39,44122641,38924,39718,22433,488870,185518,204723,995271,177675,34715898,4993163,100444,87666,913156,585664,136581,436937,1,16127,15817,35,35,35,35,35,1,1,35,55
2680,40,31873190,38765,34523,21538,497954,136374,151493,724109,169921,24848732,3501792,76702,90250,606015,407152,142905,424965,1,11519,11333,25,25,25,25,25,1,1,25,44
2681,41,23222235,37341,28229,16128,498397,100116,104780,506168,173499,17913189,2476014,49398,80374,453133,278754,136496,370219,1,8294,8228,18,18,18,18,18,1,1,18,26
2682,42,25672454,37711,31596,17393,515247,107087,116773,602672,171504,19888340,2703413,58466,81742,503763,318452,132318,385977,1,9215,9115,20,20,20,20,20,1,1,20,32
2683,43,25149354,36652,31550,13504,489674,105368,107205,530487,166021,19387899,2813318,57686,79641,542210,307418,129423,351298,1,8755,8704,19,19,19,19,19,1,1,19,22
2684,44,30765560,31627,31523,28431,476849,128395,194735,748524,114189,23834462,3401059,69788,91832,659642,384325,117386,452793,1,11519,11209,25,25,25,25,25,1,1,25,64
2685,45,18705563,35017,24960,17869,483007,73925,88683,443832,85087,14126270,2130611,44992,80636,368842,235183,141452,325197,1,6451,6381,14,14,14,14,14,1,1,14,29
2686,46,20813920,37253,37248,29336,494460,90348,115844,589116,164165,15542111,2343103,53295,90890,424863,253712,135268,412908,1,7372,7172,16,16,16,16,16,1,1,16,60
2687,47,24258585,38985,31182,15065,503493,109577,102490,517489,185993,18712983,2577297,53827,82795,479969,288917,136681,421842,1,8755,8695,19,19,19,19,19,1,1,19,24
2688,0,45110643,41329,42369,37296,505057,196041,269493,1132765,172880,34874862,5180365,106545,92933,967499,568217,133367,789625,1,17048,16362,37,37,37,37,37,1,1,37,95
2689,1,36916350,37804,38068,23122,502883,158482,153174,777915,164775,29067648,4043810,84300,77015,742443,465845,131001,448065,1,13823,13717,30,30,30,30,30,1,1,30,31
2690,2,31830365,36567,33891,13640,494046,136811,134426,674226,148357,25277135,3114459,73107,84779,646617,406440,122415,433449,1,11980,11901,26,26,26,26,26,1,1,26,27
2691,3,28327271,45533,37507,16942,524975,120398,117496,592348,193877,22170935,2717584,64252,112049,568265,348047,175102,521961,1,9215,9165,20,20,20,20,20,1,1,20,22
2692,4,30805619,36105,33051,34225,496296,131461,161189,781465,161620,23833885,3270527,71378,86446,685877,397788,129349,494957,1,11519,11109,25,25,25,25,25,1,1,25,80
2693,5,42893069,39093,39093,34058,601458,183439,207509,1045168,171113,33079195,5066995,98974,89219,941328,551052,134636,610739,1,15666,15135,34,34,34,34,34,1,1,34,82
2694,6,24216787,37130,32040,33394,491831,105099,147043,654182,173000,18364532,2665121,55149,85106,535730,292346,134241,410843,1,8755,8479,19,19,19,19,19,1,1,19,69
2695,7,26869383,43009,34454,35401,790098,115519,171786,817929,192212,20012335,2974577,56017,104153,556608,317301,177786,470198,1,9215,8955,20,20,20,20,20,1,1,20,64
2696,8,42520222,36900,39714,33828,506328,189325,216983,1019857,90112,32987564,5030069,99041,86410,931212,523826,148195,580858,1,16127,15561,35,35,35,35,35,1,1,35,84
2697,9,43474512,40139,40960,34793,489506,201830,218087,1084002,184039,33602642,5129133,101743,93532,959583,536216,128163,630144,1,16127,15571,35,35,35,35,35,1,1,35,83
2698,10,42140909,38199,38394,34112,494289,187976,225062,1052095,176997,32461262,4966769,99313,90258,964007,550981,137449,623746,1,15666,15094,34,34,34,34,34,1,1,34,86
2699,11,39462282,42088,37349,36417,504248,158401,211323,997643,110824,30392192,4600865,102387,88091,876532,515295,134357,654270,1,14744,14200,32,32,32,32,32,1,1,32,86
2700,12,47638173,39901,42371,42137,523144,193358,237968,1126270,165684,37112403,5512517,107749,88362,1041401,598468,139154,667286,1,17970,17327,39,39,39,39,39,1,1,39,87
2701,13,42331122,39304,38778,34734,497031,171949,224049,1034111,85491,32723343,4965494,96512,85703,937946,536484,139573,720620,1,16127,15554,35,35,35,35,35,1,1,35,85
2702,14,46278494,38736,40882,35127,496105,186707,245935,1151290,156541,35960037,5337592,106999,89461,1003170,577825,140265,711822,1,17048,16429,37,37,37,37,37,1,1,37,87
2703,15,35287259,40651,35338,31692,532118,153131,185016,860264,177292,27043747,4188844,79178,85828,796500,448798,135146,493716,1,12901,12509,28,28,28,28,28,1,1,28,72
2704,16,38543365,40051,39203,37591,487373,160706,208480,973817,182134,29579229,4504591,92448,88168,849269,497794,134879,667632,1,13823,13343,30,30,30,30,30,1,1,30,81
2705,17,45493896,38005,42105,30853,531498,194019,234009,1088132,181369,35323846,5346925,104723,87343,1021164,576342,136425,557138,1,17048,16506,37,37,37,37,37,1,1,37,79
2706,18,20828685,38696,27359,29994,504258,95998,118034,577506,166287,15577242,2397213,50531,88771,442310,256666,131587,326233,1,7372,7172,16,16,16,16,16,1,1,16,60
2707,19,16942071,36393,25337,28861,486170,70669,98488,491399,140604,12612238,1892712,37312,83923,334682,201741,124310,277232,1,5990,5843,13,13,13,13,13,1,1,13,54
2708,20,39384297,37749,37162,33443,506906,175164,202109,973479,117570,30436073,4652945,102984,85606,873752,495409,134059,519887,1,14744,14232,32,32,32,32,32,1,1,32,82
2709,21,44159141,41114,36726,34074,669485,180959,233195,1101871,114773,34244982,5132686,106460,88633,975715,568047,139407,491014,1,12441,12032,27,27,27,27,27,1,1,27,76
2710,22,21033332,39206,29521,15817,495351,99664,90539,453682,174730,15954283,2304688,47576,94509,428646,251538,132819,420763,1,7372,7336,16,16,16,16,16,1,1,16,19
2711,23,31377893,37616,34862,19117,518077,130550,144745,688261,115004,24516767,3413021,71328,79748,616489,398381,155351,438576,1,11519,11385,25,25,25,25,25,1,1,25,36
2712,24,36922940,39754,34760,34062,481559,156692,223774,934516,112144,28450750,4246205,85225,94299,821684,475651,144531,587334,1,13823,13326,30,30,30,30,30,1,1,30,83
2713,25,30611905,37090,32431,34345,485961,135166,165692,817400,107571,23571363,3353877,68012,83969,684486,382341,129883,522318,1,11519,11108,25,25,25,25,25,1,1,25,80
2714,26,41557994,37355,38989,35645,492373,177306,212490,1021572,106252,32433473,4604714,95051,85093,912455,526798,143239,635189,1,15666,15086,34,34,34,34,34,1,1,34,88
2715,27,33323816,37268,35479,33739,496201,141343,165934,821983,156232,25758328,3735295,73121,82519,754315,404429,140426,487204,1,12441,12040,27,27,27,27,27,1,1,27,75
2716,28,34375063,38209,35590,34246,506068,147140,178749,852058,156877,26652782,3764039,77267,84257,772758,421205,131697,522121,1,12901,12460,28,28,28,28,28,1,1,28,79
2717,29,36625047,38729,35862,17389,485479,157612,163161,822934,79867,28895538,3991945,81762,85367,731188,458536,144153,435525,1,13823,13650,30,30,30,30,30,1,1,30,40
2718,30,21586870,37644,29511,29993,474876,95865,125057,608987,161833,16316573,2307211,51102,84183,468774,258964,136380,399917,1,7833,7601,17,17,17,17,17,1,1,17,66
2719,31,26239712,37828,31086,29697,482485,111449,140302,702270,145386,20105228,2865277,60381,94770,571073,328185,126284,408011,1,9676,9393,21,21,21,21,21,1,1,21,67
2720,32,25150293,35000,29979,13990,479643,110425,102729,540500,142488,19576467,2635317,59111,77072,531619,314829,126431,374693,1,9215,9160,20,20,20,20,20,1,1,20,23
2721,33,34419632,38425,35318,32773,607218,151221,175522,875734,170086,26684983,3636064,81194,85539,775481,442452,130654,496968,1,12901,12474,28,28,28,28,28,1,1,28,77
2722,34,21907310,36320,28927,13324,490623,97745,96437,480453,162496,16854192,2266926,52000,80172,471264,268755,129514,378162,1,7833,7797,17,17,17,17,17,1,1,17,19
2723,35,55189203,35764,41103,19476,494069,242815,241882,1184477,96487,43884750,6181703,140930,86856,1204286,709964,149111,475530,1,16127,15879,35,35,35,35,35,1,1,35,48
2724,36,17455903,37215,26534,12745,500536,77139,76238,369283,174384,13278305,1714967,39908,78207,340570,222883,131225,375764,1,5990,5968,13,13,13,13,13,1,1,13,15
2725,37,42858703,36706,32615,14164,488567,194361,178270,927223,161730,34307143,4309232,103814,76241,924635,582147,130567,391288,1,11058,10980,24,24,24,24,24,1,1,24,27
2726,38,27353640,35413,30697,23698,487668,118399,133735,674701,150164,21209123,2866370,64513,92241,529064,350098,123938,463818,1,10137,9946,22,22,22,22,22,1,1,22,47
2727,39,43112288,37510,38750,22206,508778,192645,196811,989585,138101,33986056,4754135,97413,102872,854461,561329,130291,501345,1,16127,15826,35,35,35,35,35,1,1,35,54
2728,40,36066648,38622,35207,21238,481466,170218,184325,802176,82501,28243257,3988808,81870,87644,704896,447880,149929,546611,1,13362,13124,29,29,29,29,29,1,1,29,49
2729,41,24398752,38149,30491,14788,505134,110255,108904,547079,163654,18938469,2553170,54933,74943,477226,298849,136742,345966,1,8755,8688,19,19,19,19,19,1,1,19,26
2730,42,29552475,38657,31584,17598,586682,130145,133109,655006,168521,22822142,3301807,70057,83686,572112,360167,151229,429973,1,10598,10473,23,23,23,23,23,1,1,23,35
2731,43,21956365,39444,31049,14011,508415,95833,91483,501828,157914,16966916,2192304,51069,78217,451764,277524,133568,365026,1,7833,7789,17,17,17,17,17,1,1,17,21
2732,44,31949923,33889,33578,30827,490753,142103,167112,794864,133826,24798579,3434582,74811,92940,695287,405580,133681,487511,1,11980,11623,26,26,26,26,26,1,1,26,69
2733,45,21788841,36429,29036,19788,475864,95545,119067,516214,127556,16659930,2366662,50313,86997,418450,270550,121618,394822,1,7833,7730,17,17,17,17,17,1,1,17,35
2734,46,17424447,37113,26391,29517,509215,68749,104669,496354,177578,12836305,1877103,37968,89983,341835,208589,143374,439704,1,5990,5836,13,13,13,13,13,1,1,13,56
2735,47,25566564,37958,31345,14424,481566,102104,114270,565106,185509,19752013,2709242,60573,95189,519060,328674,140446,429085,1,9215,9150,20,20,20,20,20,1,1,20,25
2736,0,35598027,39406,34792,34563,514319,173526,213465,965554,163389,27491887,3867644,81912,93901,758178,445956,136217,583318,1,12901,12397,28,28,28,28,28,1,1,28,88
2737,1,26158563,37451,30854,12932,485067,112410,120369,549712,170462,20231657,2796999,60420,79032,543456,337996,137181,452565,1,9215,9170,20,20,20,20,20,1,1,20,21
2738,2,31785751,37609,34202,13345,505056,146310,137201,676730,110965,25238917,3148535,75034,81223,645044,413253,142037,380290,1,11519,11447,25,25,25,25,25,1,1,25,26
2739,3,23830942,33693,27119,12046,499920,94937,98976,527086,79984,18694101,2303644,54196,78926,498327,299573,144922,383492,1,8755,8710,19,19,19,19,19,1,1,19,21
2740,4,30748707,49300,44083,33548,483742,138898,167388,809977,114754,23574704,3334347,75554,85418,713774,393198,233071,496951,1,11058,10698,24,24,24,24,24,1,1,24,74
2741,5,34867924,37364,36208,30896,509638,143151,186976,913624,98965,26871557,4046884,79921,86281,768389,435700,143791,478579,1,12901,12495,28,28,28,28,28,1,1,28,74
2742,6,26491209,38257,32149,33711,511913,113929,146184,732801,107551,20084844,3043313,62310,87197,574177,339871,152315,430687,1,9215,8930,20,20,20,20,20,1,1,20,69
2743,7,23343606,39077,30746,28908,514542,99569,138177,623782,105753,17519673,2768425,52809,90083,501821,288417,138594,403230,1,8294,8066,18,18,18,18,18,1,1,18,61
2744,8,31319382,45307,34560,33067,499860,133666,169273,783381,106668,23973559,3705290,69372,87721,679700,379765,143996,474197,1,11519,11165,25,25,25,25,25,1,1,25,71
2745,9,36112704,38197,49061,33093,522131,152988,199092,874195,164278,27888469,4125169,78738,85290,781547,439727,138491,542238,1,13362,12944,29,29,29,29,29,1,1,29,74
2746,10,56650869,40217,39765,34707,594549,238194,319861,1375688,102362,44341904,6502436,135529,88461,1308167,736710,155681,636638,1,16587,16011,36,36,36,36,36,1,1,36,84
2747,11,39358363,40156,38753,35071,496493,164916,213596,1092575,176623,30360948,4430733,89398,90211,862444,490008,144817,631621,1,14284,13761,31,31,31,31,31,1,1,31,85
2748,12,43168300,38345,40671,34552,492542,191557,223501,1075403,169085,33406237,5028001,106279,87551,968806,532692,138547,634531,1,16127,15558,35,35,35,35,35,1,1,35,84
2749,13,43993598,36608,39676,32286,493623,178895,219718,1056479,144371,34243587,5072232,105169,82967,979548,568833,129935,609671,1,16587,16038,36,36,36,36,36,1,1,36,81
2750,14,34825958,40030,36002,33705,497143,150054,190952,863951,163106,26763992,3918464,82332,96360,879213,413962,142173,554519,1,12901,12474,28,28,28,28,28,1,1,28,77
2751,15,35444204,40771,35622,33299,494548,150612,181232,882250,175943,27179901,4204536,84123,93149,765863,452311,147568,522476,1,12901,12509,28,28,28,28,28,1,1,28,72
2752,16,32824981,37829,33500,32426,478156,142681,166069,812003,170371,25319709,3767800,72563,85885,711709,406970,151743,435567,1,11980,11618,26,26,26,26,26,1,1,26,71
2753,17,33226238,40869,35616,31152,502036,162497,168729,831585,199301,25544515,3797338,78426,88513,758895,420519,146398,419849,1,11980,11625,26,26,26,26,26,1,1,26,70
2754,18,26764205,41038,33208,31329,543597,112204,139760,692104,188170,20405577,2984138,71913,87371,566914,318699,138561,409622,1,9676,9400,21,21,21,21,21,1,1,21,65
2755,19,16987813,36702,25549,30281,511351,74845,98214,493307,90608,12601682,1875100,35147,83613,360253,204789,153709,312663,1,5990,5827,13,13,13,13,13,1,1,13,59
2756,20,32697521,35471,34881,31140,492735,138595,175129,808527,137668,25232673,3681613,79260,83831,730630,420363,126182,488823,1,11980,11615,26,26,26,26,26,1,1,26,71
2757,21,29059376,37774,33265,33696,494630,206803,152944,751440,154364,22088677,3312035,65348,82992,647815,374160,146623,476810,1,10598,10243,23,23,23,23,23,1,1,23,75
2758,22,18914973,37307,28604,13547,522612,82810,83641,401848,173273,14344984,1998505,41194,91917,391273,223839,149578,330041,1,6451,6422,14,14,14,14,14,1,1,14,17
2759,23,37332599,47209,36377,17115,536238,157479,165074,814338,173423,29280719,4109831,106695,82187,750975,473884,142074,438981,1,13823,13651,30,30,30,30,30,1,1,30,40
2760,24,35962649,39516,37243,33381,501526,148547,184419,884986,182406,27721160,4039792,84228,94168,820655,447025,159191,584406,1,13362,12924,29,29,29,29,29,1,1,29,77
2761,25,34818964,38210,33938,36971,488435,149140,185031,885900,170782,26663746,4037620,76191,88921,774341,446319,159473,583946,1,12901,12439,28,28,28,28,28,1,1,28,82
2762,26,28983622,39052,34628,35612,517633,123736,158843,745527,166334,22053173,3330247,61812,92511,638858,357080,143784,484792,1,10598,10243,23,23,23,23,23,1,1,23,75
2763,27,35306886,40078,35996,31027,512304,150768,209092,915233,168786,27072597,4134257,82364,92977,763714,448046,140165,509482,1,12441,12041,27,27,27,27,27,1,1,27,75
2764,28,34649891,37532,35315,33413,479658,151720,172510,862232,164407,26673478,4001699,81462,90186,778992,438489,131023,517775,1,12901,12488,28,28,28,28,28,1,1,28,75
2765,29,37009547,37851,38753,25377,505091,158108,170890,808280,137626,28951869,4258883,84194,113632,732959,478863,139246,367925,1,13823,13649,30,30,30,30,30,1,1,30,40
2766,30,24630736,37933,29114,30052,490533,110899,133063,650372,84397,18774153,2760914,55578,86757,539585,305144,149096,393146,1,9215,8930,20,20,20,20,20,1,1,20,69
2767,31,23976933,43034,37757,73967,487793,103006,130100,694420,120378,18076412,2707427,56949,83129,539091,299050,125647,398773,1,8755,8487,19,19,19,19,19,1,1,19,68
2768,32,21306406,31248,28628,13314,452741,87983,90199,453424,102639,16524925,2223074,49265,76596,461869,274920,119343,316238,1,7833,7793,17,17,17,17,17,1,1,17,20
2769,33,35322812,33421,36637,33197,494430,154295,183598,880217,118587,27361833,3920350,83934,86229,803561,448530,132163,551830,1,13362,12905,29,29,29,29,29,1,1,29,79
2770,34,22066421,44127,31434,13069,505101,96153,99136,483467,163437,16944176,2261119,61617,73666,477647,265400,148372,398500,1,7833,7789,17,17,17,17,17,1,1,17,21
2771,35,38885275,36931,37796,21270,517990,167805,176262,866400,148718,30704396,4189477,86888,91884,783448,481427,126954,447629,1,14744,14496,32,32,32,32,32,1,1,32,49
2772,36,24150252,35789,29079,12729,491905,98180,110640,511149,141362,18776706,2473476,53456,80470,510393,307229,141712,375977,1,8755,8710,19,19,19,19,19,1,1,19,21
2773,37,20412157,36086,28133,14549,496196,79311,101868,446485,150072,15774835,1985790,46911,75406,422542,249661,131566,372746,1,7372,7336,16,16,16,16,16,1,1,16,19
2774,38,34513503,40625,35433,25666,479887,136658,164840,797396,169817,27105660,3691513,82852,89761,683135,432324,135267,442669,1,12901,12656,28,28,28,28,28,1,1,28,51
2775,39,35705916,37711,36462,24731,491342,139878,174480,801662,180107,27972143,3965870,79600,91256,683460,455676,131573,439965,1,13362,13109,29,29,29,29,29,1,1,29,51
2776,40,36092357,40097,36085,20687,492067,141513,171485,828857,158579,28253540,4050288,91536,90381,711454,469754,143732,392302,1,13362,13159,29,29,29,29,29,1,1,29,44
2777,41,25004105,38798,28041,15333,502390,98130,112323,546428,94715,19368892,2695572,56156,79738,502732,313765,149800,401292,1,9215,9140,20,20,20,20,20,1,1,20,27
2778,42,25220467,36818,31522,17516,483266,98281,119498,568773,147341,19560475,2655832,56438,80440,514570,313161,132639,403897,1,9215,9120,20,20,20,20,20,1,1,20,31
2779,43,16984386,34660,25580,13430,481590,68732,80322,369901,159367,12876117,1729763,38633,75209,351776,210355,137372,331579,1,5990,5963,13,13,13,13,13,1,1,13,17
2780,44,30696309,33316,33166,33035,485238,122435,153267,761332,106776,23746435,3378884,69909,89686,685893,388559,120116,488262,1,11519,11179,25,25,25,25,25,1,1,25,69
2781,45,25874684,42333,38027,23861,500226,101358,119698,582463,126863,19682725,2925591,61896,112951,532933,316520,164714,542525,1,8755,8675,19,19,19,19,19,1,1,19,28
2782,46,27507303,35893,31419,28675,498431,115875,160446,705413,142407,20983409,3101494,69249,90611,582701,333063,128718,499499,1,10137,9864,22,22,22,22,22,1,1,22,63
2783,47,23183057,34895,29975,15047,482362,91862,105594,515275,133408,17838935,2515060,52776,93144,463032,298473,126445,386774,1,8294,8240,18,18,18,18,18,1,1,18,23
2784,0,39987405,30189,35694,33762,465533,154760,194043,985531,90821,31051122,4559676,94621,84956,890569,520643,118503,676982,1,15205,14629,33,33,33,33,33,1,1,33,89
2785,1,34462809,34191,34412,12800,489659,132829,155759,721245,124536,27244685,3632037,78612,78185,717110,429516,121986,455247,1,12901,12810,28,28,28,28,28,1,1,28,29
2786,2,20145549,34399,25956,12485,466117,80643,96484,439571,89829,15548673,1918594,45380,84188,414957,246018,294504,347751,1,7372,7344,16,16,16,16,16,1,1,16,17
2787,3,21047313,31802,28927,12827,451733,81319,89506,451132,85283,16531759,1986139,47994,73668,433723,264713,129886,346902,1,7833,7796,17,17,17,17,17,1,1,17,19
2788,4,36261141,32446,33540,33451,471562,148888,180434,919787,82424,28242239,3994653,84390,85148,814456,468476,131887,537360,1,13823,13315,30,30,30,30,30,1,1,30,84
2789,5,27342954,32055,29731,34247,463021,148468,153057,713426,93901,20877939,3131367,62699,85817,625112,340317,119203,432594,1,10137,9797,22,22,22,22,22,1,1,22,76
2790,6,14324304,28491,22430,31418,459584,54485,92723,436088,93529,10496713,1637444,33105,81492,320981,185228,114156,236437,1,5069,4922,11,11,11,11,11,1,1,11,60
2791,7,28541461,29441,30917,30592,452889,110869,152061,715856,83940,21884195,3373889,68199,79185,649925,360633,114024,404846,1,10598,10283,23,23,23,23,23,1,1,23,68
2792,8,36588186,31350,33911,34286,476078,159810,183725,907099,85118,28314311,4296026,86077,89061,817717,472382,118620,482615,1,13823,13345,30,30,30,30,30,1,1,30,81
2793,9,30038966,35278,29206,32165,478956,121530,168955,823488,83783,22849614,3581874,69626,84605,684532,377666,140957,476731,1,11058,10692,24,24,24,24,24,1,1,24,75
2794,10,47880644,41413,53987,34121,1341888,183904,392259,1475496,97786,36446340,5295057,107132,85338,1007722,592111,119884,606206,1,17048,16457,37,37,37,37,37,1,1,37,84
2795,11,45568712,33622,36423,34527,596304,181593,223981,1123813,119523,35280190,5476764,114646,87147,976750,575594,123571,584264,1,12441,11974,27,27,27,27,27,1,1,27,85
2796,12,39133419,33492,45946,33295,481857,161506,195005,936508,137164,30218232,4633923,95979,86834,870934,499690,123200,579854,1,14744,14224,32,32,32,32,32,1,1,32,83
2797,13,40261295,34524,35811,34360,485998,172702,205115,985284,101212,31166094,4723570,96799,85768,900929,506373,124926,601830,1,15205,14672,33,33,33,33,33,1,1,33,83
2798,14,34322797,33613,43565,32901,491402,146918,177548,846722,115480,26356313,4044931,81186,84272,792419,428173,124809,522545,1,12901,12446,28,28,28,28,28,1,1,28,81
2799,15,28742571,31374,30181,31285,475315,126104,148289,727871,88865,22093347,3308993,67951,81421,626797,356672,117426,430680,1,10598,10267,23,23,23,23,23,1,1,23,71
2800,16,32890935,29519,30996,33042,456001,132269,162555,809148,86014,25298110,3936431,76353,80243,742951,409763,111784,495756,1,12441,12019,27,27,27,27,27,1,1,27,78
2801,17,38885488,32682,49605,29961,483298,170480,185422,936408,104049,30206468,4526082,90431,81459,876538,484055,115315,513235,1,14744,14264,32,32,32,32,32,1,1,32,78
2802,18,22797022,31907,28292,30218,457851,97129,125639,602807,103307,17252579,2688766,53181,84040,484825,288088,121186,347207,1,8294,8055,18,18,18,18,18,1,1,18,64
2803,19,20560379,30852,35283,30050,464788,100298,116488,558723,108241,15440928,2425978,48675,78001,451019,254502,121474,295079,1,7372,7164,16,16,16,16,16,1,1,16,62
2804,20,29601851,42093,28889,37329,492265,125163,162829,746284,85085,22518168,3551834,67211,122554,674628,375442,136971,435106,1,11058,10710,24,24,24,24,24,1,1,24,72
2805,21,26244171,32644,29872,32171,478623,102630,135144,692936,100494,20011240,3034945,60157,82176,570483,324865,121607,434184,1,9676,9374,21,21,21,21,21,1,1,21,71
2806,22,20340402,28446,30867,12178,461842,74839,88676,460662,86663,15588659,2269098,48655,75974,429967,258116,111718,314042,1,7372,7336,16,16,16,16,16,1,1,16,19
2807,23,27041870,29925,37743,14728,459950,101163,119121,599052,85164,21131144,2963072,62633,72655,574547,341624,113665,335684,1,10137,10038,22,22,22,22,22,1,1,22,31
2808,24,37494210,30562,34865,39361,490103,141245,187884,925442,88631,29003345,4408653,87968,83197,846083,467369,110387,549115,1,14284,13786,31,31,31,31,31,1,1,31,81
2809,25,33293510,36013,33593,35760,501738,128985,189875,865554,133170,25521071,3876986,74372,85651,708413,409441,124822,568066,1,12441,11970,27,27,27,27,27,1,1,27,85
2810,26,35862931,36466,36695,35086,508329,154280,200032,905675,137095,27615575,4158033,81077,88696,787157,443482,124073,551180,1,13362,12891,29,29,29,29,29,1,1,29,82
2811,27,33120896,36234,35459,35134,501476,143221,181231,858873,131341,25385634,3821517,78482,82912,745105,418523,126753,539001,1,12441,12020,27,27,27,27,27,1,1,27,78
2812,28,37478573,34866,44348,33813,641217,147759,190952,926404,129894,28775853,4417196,89083,85396,841323,481915,119188,519366,1,13823,13366,30,30,30,30,30,1,1,30,78
2813,29,37719860,32717,35104,17301,493257,149356,174878,808134,114669,29657800,4301423,88965,86567,750252,486473,121837,401127,1,14284,14100,31,31,31,31,31,1,1,31,41
2814,30,21172069,30140,27436,29752,475969,96479,120982,577439,93566,16002536,2414814,49500,80964,485151,259446,116715,311180,1,7833,7603,17,17,17,17,17,1,1,17,65
2815,31,30710210,29713,30947,29666,481088,120154,149994,761042,85081,23598166,3616959,70776,80808,694982,406177,127727,426930,1,11519,11181,25,25,25,25,25,1,1,25,69
2816,32,18124279,31696,25039,12101,492673,71409,75741,390573,95711,13768958,1968416,42339,77517,379249,240232,132597,320028,1,6451,6422,14,14,14,14,14,1,1,14,17
2817,33,38852389,34442,38852,32149,490159,159094,197290,954969,115162,30171626,4394724,91920,85790,882600,508894,124947,569771,1,14744,14256,32,32,32,32,32,1,1,32,79
2818,34,23143648,32390,28899,14390,483834,90045,105652,492553,128619,17851350,2535343,53919,78531,494444,279056,124355,350268,1,8294,8250,18,18,18,18,18,1,1,18,21
2819,35,36699343,42213,35937,20425,502951,154307,163378,812350,121450,28841696,4075253,90026,84167,741388,475249,122769,415784,1,13823,13622,30,30,30,30,30,1,1,30,44
2820,36,18053347,32845,24692,11311,475882,71507,78111,375502,97068,13748627,1979724,41521,73402,364616,215200,137740,325599,1,6451,6426,14,14,14,14,14,1,1,14,16
2821,37,21347363,31413,27073,12917,478504,87812,93038,451274,99752,16533331,2223009,47114,76061,464775,260860,127035,333395,1,7833,7792,17,17,17,17,17,1,1,17,20
2822,38,27194907,31045,30396,23721,513352,112456,136165,655277,109885,21066837,2927216,64118,96147,514981,337239,121830,454242,1,10137,9948,22,22,22,22,22,1,1,22,47
2823,39,41212638,28518,36120,21674,454818,164276,180424,903610,89062,32542665,4654819,98839,86296,811431,549453,111482,479151,1,15666,15366,34,34,34,34,34,1,1,34,54
2824,40,42137113,28969,36024,18758,449063,165044,185174,889266,88085,33268683,4935390,102487,84750,832273,528952,114431,409764,1,15666,15401,34,34,34,34,34,1,1,34,50
2825,41,29324550,26235,29046,12066,459062,120538,119892,640407,83688,23072255,3189891,66301,75209,590758,369604,105872,363726,1,11058,10974,24,24,24,24,24,1,1,24,28
2826,42,21041335,26383,24198,14980,454875,83657,87199,467830,82863,16390549,2160010,48358,77295,426952,259403,104710,332073,1,7833,7763,17,17,17,17,17,1,1,17,27
2827,43,15148468,25876,19283,11002,455827,57528,63780,324621,82363,11539813,1551356,33330,85542,317810,188580,100670,291087,1,5529,5505,12,12,12,12,12,1,1,12,16
2828,44,29323387,26240,26182,26720,455948,118750,145423,708972,82602,22649085,3405987,64469,82062,632378,362191,109207,427171,1,11058,10746,24,24,24,24,24,1,1,24,66
2829,45,26885436,36632,25507,17125,457131,106517,118151,592389,102410,20925793,3043339,63537,79996,520672,344587,102028,349622,1,10137,10010,22,22,22,22,22,1,1,22,36
2830,46,23556978,26323,22277,26083,486505,101136,124110,631122,83457,17946085,2635945,57826,82969,516718,302669,98610,415143,1,8755,8518,19,19,19,19,19,1,1,19,62
2831,47,26876969,27393,25642,13012,456504,104369,114027,569361,92867,21023800,2955515,62472,80042,529332,338162,101435,383036,1,10137,10060,22,22,22,22,22,1,1,22,27
2832,0,39169099,26563,30931,32933,449629,162402,193551,958036,82660,30460312,4494216,89431,83754,857387,497627,97170,652497,1,15205,14636,33,33,33,33,33,1,1,33,88
2833,1,22288666,25007,21746,10257,445261,86314,89718,464878,82663,17323840,2423911,51908,69693,458738,282712,95615,356405,1,8294,8258,18,18,18,18,18,1,1,18,19
2834,2,20919607,25906,20694,11045,447087,82398,82945,434496,81632,16287745,2153558,47380,74989,445187,302013,96037,326495,1,7833,7801,17,17,17,17,17,1,1,17,18
2835,3,13979507,25223,19186,9938,460246,60308,56756,298131,81084,10619246,1379336,31448,72069,273221,186894,96688,309733,1,5069,5054,11,11,11,11,11,1,1,11,13
2836,4,37295647,26994,30769,32235,467180,157011,188374,929975,83436,28921225,4309458,87221,78671,847885,483979,97629,553605,1,14284,13792,31,31,31,31,31,1,1,31,81
2837,5,28691567,26641,25518,30782,452079,114894,152002,711219,82218,22079831,3295624,64878,81819,662095,353315,98232,460420,1,11058,10686,24,24,24,24,24,1,1,24,76
2838,6,22972655,26993,23221,27665,442108,82002,121881,590713,83310,17532130,2662341,50861,77925,484776,290982,110642,365105,1,8755,8515,19,19,19,19,19,1,1,19,61
2839,7,26893390,26328,24782,29050,469683,93297,311506,657005,82742,20541765,3078728,59450,78989,598381,332202,96655,412827,1,10137,9826,22,22,22,22,22,1,1,22,69
2840,8,29568751,29255,30191,34805,445889,107893,154009,741799,91978,22640362,3485891,78681,90047,661108,381975,109058,485810,1,11058,10692,24,24,24,24,24,1,1,24,75
2841,9,26608929,26594,24017,29807,440395,96978,133752,671873,83060,20359980,3113239,57568,78703,577248,328039,99435,488241,1,10137,9821,22,22,22,22,22,1,1,22,70
2842,10,30279807,27003,26604,29958,469716,108473,146066,722796,83810,23248668,3662521,65792,77065,700565,378719,106259,425792,1,11519,11144,25,25,25,25,25,1,1,25,74
2843,11,30045126,24989,27901,32172,449156,106483,149224,742139,83318,23117220,3486445,65238,80253,679840,380576,100398,519774,1,11519,11110,25,25,25,25,25,1,1,25,80
2844,12,40461908,27187,31279,32848,451862,146503,187007,938948,95330,31533839,4771335,91135,79949,895448,502531,98442,578265,1,15666,15122,34,34,34,34,34,1,1,34,83
2845,13,34846909,26258,30332,31637,456720,152642,172307,869011,84168,26879126,4169521,81397,79282,783753,439087,98179,493489,1,13362,12894,29,29,29,29,29,1,1,29,81
2846,14,43429475,26787,27521,29626,439603,168519,205300,1048999,82653,33939197,5097966,100753,78833,1007548,599575,96556,480039,1,11980,11592,26,26,26,26,26,1,1,26,74
2847,15,30513243,39495,26815,29621,442739,113006,145743,713289,94555,23541123,3576564,69455,80228,707791,388503,102926,441390,1,11519,11163,25,25,25,25,25,1,1,25,72
2848,16,26889023,25828,24596,29698,463953,101248,134838,675295,83960,20579535,3215068,60620,77033,576742,340765,99312,400532,1,10137,9823,22,22,22,22,22,1,1,22,70
2849,17,30254109,25753,26400,28424,445196,111836,147219,741850,84695,23383643,3529142,68806,89620,655138,384292,98825,433270,1,11519,11173,25,25,25,25,25,1,1,25,70
2850,18,21320882,25913,22895,27918,448347,80342,115717,572649,82979,16080832,2565646,54889,90205,458810,273479,98507,321754,1,7833,7608,17,17,17,17,17,1,1,17,63
2851,19,30907746,27613,23451,28185,566822,108695,141199,728391,83357,24365034,3252952,74049,76135,602287,380332,108804,340440,1,9215,8960,20,20,20,20,20,1,1,20,63
2852,20,38799466,31082,35489,39694,446181,126135,149318,840619,126132,30959932,3822588,76259,124666,722680,492579,138316,667796,1,10598,10299,23,23,23,23,23,1,1,23,65
2853,21,29140265,25433,25264,30515,445060,121351,146746,722812,92769,22355342,3455320,66942,79056,650287,378684,98640,446044,1,11058,10692,24,24,24,24,24,1,1,24,75
2854,22,20884330,26056,21821,11395,452345,77311,84437,439632,82776,16143186,2286955,47806,76717,444431,267298,106684,315480,1,7833,7792,17,17,17,17,17,1,1,17,20
2855,23,34801889,26315,29549,14526,460460,136178,138168,739444,94902,27508874,3854260,80191,84028,716482,448421,95765,374326,1,13362,13213,29,29,29,29,29,1,1,29,37
2856,24,31198462,26956,26850,28194,445433,124343,153018,768013,83137,24105001,3628028,71924,90560,715849,393589,95306,442261,1,11980,11602,26,26,26,26,26,1,1,26,73
2857,25,26696371,26636,24589,32579,449155,107749,138486,688172,84466,20315726,3197626,60807,79832,608424,334289,97745,450090,1,10137,9772,22,22,22,22,22,1,1,22,78
2858,26,25836638,31933,29314,51076,450115,97918,131471,693718,137855,19485106,2955482,59829,120631,562826,325192,99682,604490,1,9215,8905,20,20,20,20,20,1,1,20,74
2859,27,26817707,25430,25735,28322,462648,101177,129051,662623,84714,20498106,3217772,75533,77709,581872,332467,98438,416110,1,10137,9838,22,22,22,22,22,1,1,22,68
2860,28,37275617,26304,29877,29128,468918,145263,177227,877429,92144,28935097,4447139,92768,80951,822770,471294,95581,483727,1,14284,13842,31,31,31,31,31,1,1,31,75
2861,29,25553064,27548,24287,23634,444539,99235,110331,551878,83200,19847806,2934003,56041,80377,514834,318941,97202,339208,1,9676,9573,21,21,21,21,21,1,1,21,32
2862,30,16214416,26052,29328,26166,455147,61313,89867,443724,84860,12153796,1817586,35178,77288,338319,195690,98345,281757,1,5990,5830,13,13,13,13,13,1,1,13,58
2863,31,20910544,27368,21923,27133,444255,81166,110712,549327,88230,15861415,2434228,47592,77453,445314,265542,100395,328491,1,7833,7613,17,17,17,17,17,1,1,17,63
2864,32,18750757,25524,19948,10431,449302,80270,102666,397868,82985,14401356,2062187,42032,73137,386861,242942,101989,271259,1,6912,6883,15,15,15,15,15,1,1,15,17
2865,33,24115146,27374,23142,29190,439832,95560,134844,626691,77799,18547461,2579863,54214,87810,550444,311508,97471,431943,1,9215,8915,20,20,20,20,20,1,1,20,72
2866,34,19596789,26087,20869,11424,441041,84953,81048,406456,77774,15225430,2024790,43388,85556,421713,249844,96036,300380,1,7372,7340,16,16,16,16,16,1,1,16,18
2867,35,33010216,26172,27966,16781,432876,131496,138912,707894,77762,26236206,3485998,69577,80434,675352,428618,106829,367343,1,12901,12726,28,28,28,28,28,1,1,28,41
2868,36,18412753,25268,21181,9557,441246,72487,73066,381906,85158,14286287,1885735,40841,73224,385471,239484,97646,294196,1,6912,6884,15,15,15,15,15,1,1,15,17
2869,37,24056964,27361,23770,11067,428620,97352,97235,514140,77733,19033170,2391012,55995,77491,500692,310967,99860,310499,1,9215,9160,20,20,20,20,20,1,1,20,23
2870,38,36913244,75836,70442,60241,455677,148350,149949,875405,233980,27930766,3885884,91142,256326,705010,461407,317353,1195476,1,9676,9499,21,21,21,21,21,1,1,21,46
2871,39,35550271,26814,30387,20475,452127,144389,153519,789803,78521,28011812,3958861,81725,81786,715616,468340,109006,427090,1,13823,13558,30,30,30,30,30,1,1,30,52
2872,40,44020307,27179,32963,20524,431334,192123,189063,977227,78270,34912099,4913539,104112,82601,892988,562920,99076,504289,1,17048,16708,37,37,37,37,37,1,1,37,57
2873,41,27706536,26571,25024,12276,446071,109332,112732,585619,87163,21903707,2908278,64675,76955,548909,368670,100278,330276,1,10598,10516,23,23,23,23,23,1,1,23,28
2874,42,25157539,26756,23639,14152,432837,107052,102354,552978,77312,19821127,2573681,60297,74496,511446,328029,111589,339794,1,9676,9578,21,21,21,21,21,1,1,21,31
2875,43,19104214,26234,20166,11985,441673,76264,82797,427265,77820,14843901,1901771,45291,83974,412553,249051,97988,305481,1,6912,6875,15,15,15,15,15,1,1,15,19
2876,44,25234932,27152,24970,27243,436002,102029,130363,643470,77726,19563424,2649988,60177,83482,556173,332700,97486,422547,1,9676,9401,21,21,21,21,21,1,1,21,65
2877,45,19707246,25371,20573,15353,448903,78265,87645,438502,78065,15254282,2112167,44268,73195,389587,254807,96418,289845,1,7372,7304,16,16,16,16,16,1,1,16,27
2878,46,23300335,27802,22226,26110,444565,107630,117868,581522,79132,17832661,2616853,52613,86043,484689,294249,100620,425752,1,8755,8533,19,19,19,19,19,1,1,19,59
2879,47,18496850,26213,20211,10788,438729,75692,73520,393949,77500,14293966,1914778,42333,79166,389467,226999,97858,335681,1,6912,6880,15,15,15,15,15,1,1,15,18
2880,0,41877043,29146,31795,32101,447242,178313,209281,995517,79466,32888229,4628729,95696,89464,967033,548324,99836,556871,1,16127,15570,35,35,35,35,35,1,1,35,83
2881,1,24428466,24621,24013,9935,442217,97489,96846,500995,78050,19255228,2505764,53512,70798,485489,308065,97400,378044,1,9215,9170,20,20,20,20,20,1,1,20,21
2882,2,20589690,24302,20858,9471,437128,81745,87806,426684,81078,16191988,1977827,48177,68723,448453,258211,101588,325651,1,7833,7801,17,17,17,17,17,1,1,17,18
2883,3,17004019,25410,19943,9838,443801,68721,78201,357080,78340,13280134,1572811,38999,67399,345005,215346,95824,307167,1,6451,6425,14,14,14,14,14,1,1,14,16
2884,4,29612170,53387,27552,29892,437319,123512,151045,753619,79484,23043894,3194259,68615,77662,648081,386925,98487,438437,1,11519,11110,25,25,25,25,25,1,1,25,79
2885,5,27226401,28610,24281,30038,437972,121243,148268,687001,79678,21031358,3079511,62783,89090,596411,338548,96366,375243,1,10137,9828,22,22,22,22,22,1,1,22,70
2886,6,19780996,27152,21252,29295,446694,81542,107066,533467,78684,14959841,2224317,46444,78937,441339,247253,98658,359055,1,7372,7144,16,16,16,16,16,1,1,16,67
2887,7,24104241,27279,22700,28215,439361,101106,127948,628018,78907,18475280,2744943,55680,76847,543269,299883,99606,355199,1,9215,8925,20,20,20,20,20,1,1,20,70
2888,8,29933743,27010,27050,29427,434151,124822,148272,743486,79166,23167449,3396153,69982,77543,691266,384213,110684,423069,1,11519,11148,25,25,25,25,25,1,1,25,74
2889,9,38956756,27714,25072,29724,446551,167958,178843,946262,81253,30327818,4644396,104998,79332,883118,491426,97858,424433,1,10598,10266,23,23,23,23,23,1,1,23,71
2890,10,35655082,37262,28517,30435,441971,150093,164423,864007,79086,27767752,4063868,79815,77885,813432,439641,100424,516471,1,13823,13355,30,30,30,30,30,1,1,30,79
2891,11,44936722,28076,28163,32305,442681,187291,210687,1047555,78938,35224572,5250621,111159,79304,981093,581740,98707,553830,1,12901,12432,28,28,28,28,28,1,1,28,83
2892,12,38290601,25712,30820,29553,454009,167767,197988,896987,79195,29862404,4381769,87045,78881,890348,477500,99295,531328,1,14744,14248,32,32,32,32,32,1,1,32,80
2893,13,35976249,26420,29866,30309,462229,153077,172613,871957,79162,28002299,4083388,79724,79492,793250,474645,97103,540715,1,13823,13351,30,30,30,30,30,1,1,30,80
2894,14,35734038,27002,30223,28599,457994,153767,170467,853124,80485,27847714,4024919,93315,82919,817267,462521,99886,503836,1,13823,13377,30,30,30,30,30,1,1,30,76
2895,15,31068209,25586,26781,27425,444751,134162,146159,737418,80008,24149199,3542354,69388,77012,687592,392104,95994,432276,1,11980,11624,26,26,26,26,26,1,1,26,70
2896,16,32493782,27398,27468,29326,432846,141943,169478,814646,81200,25165745,3749890,74098,79943,732350,409797,100583,457071,1,12441,12037,27,27,27,27,27,1,1,27,75
2897,17,34412050,27721,28290,29863,447622,132403,233267,849013,80312,26743004,3897834,80900,78175,782611,434888,112335,453812,1,13362,12932,29,29,29,29,29,1,1,29,76
2898,18,26109256,27607,23127,27814,435447,105666,135252,656940,78669,20097163,2955098,64551,79101,572748,338061,107705,404307,1,9676,9389,21,21,21,21,21,1,1,21,67
2899,19,23148487,27131,22143,28274,446787,93326,113388,585665,79414,17748238,2616011,55536,79389,527943,306863,97138,321241,1,8755,8513,19,19,19,19,19,1,1,19,63
2900,20,33281081,27532,28302,29085,444096,131109,155841,797880,88535,25877961,3795115,72177,78044,758967,429554,95801,471082,1,12901,12488,28,28,28,28,28,1,1,28,75
2901,21,34368383,26529,30112,31397,433712,145001,164448,826216,81522,26796972,3833261,79817,79540,766682,433403,96380,543391,1,13362,12922,29,29,29,29,29,1,1,29,78
2902,22,17485727,26723,20213,10755,444860,67975,71904,367842,78312,13399911,1873813,39434,74166,368057,236698,108798,296266,1,6451,6422,14,14,14,14,14,1,1,14,17
2903,23,28809154,27157,24886,12928,434891,120044,120039,617965,79572,22723187,3103033,67803,73868,597927,377314,110584,317956,1,11058,10956,24,24,24,24,24,1,1,24,31
2904,24,29963169,27512,26595,29834,442154,121583,151350,822232,79458,23028277,3436921,68219,81620,698195,372324,95533,481362,1,11519,11123,25,25,25,25,25,1,1,25,78
2905,25,28319304,26974,25394,31631,430688,115366,152985,760930,79990,21695771,3326014,61941,81943,625384,348034,96915,459344,1,10598,10208,23,23,23,23,23,1,1,23,81
2906,26,28834263,27524,26541,32813,437192,120051,153758,758529,79599,22110635,3222972,66827,81681,648972,374592,97039,595538,1,11058,10644,24,24,24,24,24,1,1,24,83
2907,27,27877354,26987,25092,29951,441333,114732,153352,714900,80671,21508332,3142737,62222,77612,617411,360049,99407,422566,1,10598,10257,23,23,23,23,23,1,1,23,73
2908,28,41483243,27325,34091,30336,441164,170775,191692,977033,79931,32513924,4745571,95551,80106,923748,527474,97047,547475,1,16127,15590,35,35,35,35,35,1,1,35,81
2909,29,27962397,26221,26399,16059,460064,112340,118961,614613,79272,21884933,3100152,64011,80163,570316,356963,97917,354013,1,10598,10466,23,23,23,23,23,1,1,23,36
2910,30,28873086,25939,25351,28335,443975,128550,142740,707871,80099,22345146,3254000,65332,77713,638401,362130,99200,448304,1,11058,10716,24,24,24,24,24,1,1,24,71
2911,31,28839558,26034,25728,28616,463768,119920,139295,727342,80423,22264598,3313105,72872,76337,640805,361726,97872,401117,1,11058,10728,24,24,24,24,24,1,1,24,69
2912,32,20900020,24750,21917,10849,436884,84399,83386,437474,79906,16243395,2225755,47756,72882,445481,262767,95793,326626,1,7833,7797,17,17,17,17,17,1,1,17,19
2913,33,30889964,28142,26245,30105,448798,128295,155067,766734,80123,23925875,3420694,70860,80429,717619,391942,99873,519163,1,11980,11580,26,26,26,26,26,1,1,26,76
2914,34,24030932,34271,22619,13476,578163,99186,95036,491620,143397,18243506,2583238,63245,87366,502944,301084,139903,631878,1,8755,8711,19,19,19,19,19,1,1,19,21
2915,35,34753864,26569,29065,18049,451700,145030,148810,754812,79844,27537555,3776267,84826,79801,687470,451519,96732,385815,1,13362,13178,29,29,29,29,29,1,1,29,42
2916,36,19669787,24791,21122,10174,449230,80904,80451,408821,79429,15271271,2052189,44683,72497,413914,257635,97077,305599,1,7372,7340,16,16,16,16,16,1,1,16,18
2917,37,27611123,25937,25420,11844,445865,114855,115200,592190,79601,21794736,2873849,63409,74777,584181,357833,95585,355841,1,10598,10526,23,23,23,23,23,1,1,23,26
2918,38,25244056,27805,23945,20853,439048,106422,115571,587644,90087,19707433,2683373,58728,85204,484983,318807,97526,396627,1,9676,9510,21,21,21,21,21,1,1,21,44
2919,39,34770350,28295,29291,21832,461360,150119,160152,776615,80478,27281480,3991292,80616,80952,678992,446073,100689,402114,1,13362,13100,29,29,29,29,29,1,1,29,52
2920,40,31342394,26199,26556,21174,444328,133455,152541,758563,80010,24469761,3544239,74300,81631,624837,398059,96983,409758,1,11980,11757,26,26,26,26,26,1,1,26,49
2921,41,28432386,25175,25547,12450,447192,117625,115228,598373,79607,22320918,3216920,64308,74314,553722,351750,98717,330540,1,10598,10516,23,23,23,23,23,1,1,23,28
2922,42,25326973,25335,24903,13749,443328,106797,108383,554105,79995,19841836,2697258,57502,75042,533709,320504,102863,341664,1,9676,9579,21,21,21,21,21,1,1,21,31
2923,43,18533252,24527,20936,12114,444541,76395,76241,393245,80650,14400325,1871855,41676,72805,388164,235142,100455,294181,1,6912,6875,15,15,15,15,15,1,1,15,19
2924,44,24297123,27602,24221,27755,445163,102406,125717,608342,80595,18759550,2612564,54116,86332,520744,309865,110018,402133,1,9215,8960,20,20,20,20,20,1,1,20,63
2925,45,20968246,26105,22545,16581,442524,87393,95143,487230,80958,16148658,2327188,49142,80037,415397,265025,102596,321724,1,7833,7747,17,17,17,17,17,1,1,17,31
2926,46,17576104,26465,19356,26807,469057,71631,99219,475212,81284,13124277,1982021,40474,86043,359754,219914,106372,388218,1,6451,6282,14,14,14,14,14,1,1,14,58
2927,47,32015851,25569,20096,11337,445965,132316,121096,657398,79712,25064399,3809064,85026,87584,656970,418429,100330,300560,1,6912,6880,15,15,15,15,15,1,1,15,18
2928,0,69447482,30320,50624,50169,577601,239265,253473,1397122,124866,56809637,6356873,132800,128166,1256266,813844,143239,1083217,1,17970,17303,39,39,39,39,39,1,1,39,90
2929,1,25597639,26778,24572,10369,455326,105624,107432,534624,80345,20129866,2670417,56512,72023,513217,325005,102740,382789,1,9676,9626,21,21,21,21,21,1,1,21,22
2930,2,23156136,26539,24631,10685,456696,98811,96833,476265,83617,18251646,2277153,52831,71305,480323,291370,104554,352877,1,8755,8714,19,19,19,19,19,1,1,19,20
2931,3,17131251,26625,20029,11360,447658,71264,69825,368725,81292,13359307,1570940,36424,76837,359666,214277,113994,303028,1,6451,6425,14,14,14,14,14,1,1,14,16
2932,4,29956129,27135,26446,28882,440560,125850,147018,724312,81792,23262649,3319123,66734,79425,675394,381190,101987,467632,1,11519,11137,25,25,25,25,25,1,1,25,75
2933,5,28784383,26185,25858,29421,444701,120298,145127,717978,82855,22158039,3341724,63571,80535,639649,360272,101334,446836,1,11058,10716,24,24,24,24,24,1,1,24,71
2934,6,20861123,27335,22396,28026,441574,77993,112725,555021,81501,15817804,2372353,47068,79987,460790,264754,112121,359675,1,7833,7604,17,17,17,17,17,1,1,17,65
2935,7,26850017,27251,27461,30275,448996,103068,138195,675431,82472,20617654,3098268,59308,77973,599566,344964,110472,408663,1,10137,9819,22,22,22,22,22,1,1,22,70
2936,8,30116102,25492,27036,28639,456522,115402,143676,730307,81845,23285269,3488039,72181,77049,675397,398544,106579,404125,1,11519,11167,25,25,25,25,25,1,1,25,71
2937,9,27770900,25892,25084,28328,441687,107738,152144,690386,81794,21431643,3156456,60529,77751,633353,354295,102249,401571,1,10598,10266,23,23,23,23,23,1,1,23,71
2938,10,45111330,28990,36219,33168,460767,184485,219859,1054232,82085,35225857,5299598,99225,81478,997879,567040,106814,633634,1,17509,16870,38,38,38,38,38,1,1,38,88
2939,11,31409740,29547,28256,32174,437783,124779,164745,780599,80941,24125566,3675692,70807,90258,724747,414687,103204,525955,1,11980,11566,26,26,26,26,26,1,1,26,79
2940,12,38025751,27603,30359,29647,452296,152029,178797,879635,81609,29653828,4411247,84219,81735,861110,486244,104338,511055,1,14744,14272,32,32,32,32,32,1,1,32,77
2941,13,29186241,27108,26677,32236,462877,113352,150225,722526,81320,22272788,3467574,66993,85770,667485,448065,104058,457187,1,11058,10680,24,24,24,24,24,1,1,24,77
2942,14,30088644,26526,26696,30949,461996,116481,150247,746204,82064,23113504,3542956,65964,76801,695886,370142,99039,483189,1,11519,11130,25,25,25,25,25,1,1,25,76
2943,15,24508424,28057,27242,28895,452743,97950,129696,653350,86953,18680880,2836097,58160,80387,547362,307721,115293,377638,1,9215,8930,20,20,20,20,20,1,1,20,69
2944,16,24381129,27453,24662,26831,458602,95477,121006,623774,86551,18657107,2830912,58835,79380,518008,318312,114951,339268,1,9215,8950,20,20,20,20,20,1,1,20,65
2945,17,33870772,36218,41220,43251,455708,134318,158880,883460,109026,25891173,3891702,80627,115633,772201,438051,145361,673943,1,11980,11598,26,26,26,26,26,1,1,26,74
2946,18,23329375,26965,23011,27687,439713,93798,119419,591600,81406,17864185,2656939,53954,80458,494092,300659,104780,370709,1,8755,8516,19,19,19,19,19,1,1,19,62
2947,19,23192509,26741,23368,28054,460540,91416,124530,594983,90602,17728151,2627201,53530,80995,540617,293653,100612,327516,1,8755,8504,19,19,19,19,19,1,1,19,65
2948,20,30246137,27066,27009,30656,449451,119211,163182,741992,81461,23270977,3580519,78723,80295,674865,379394,100782,440554,1,11519,11148,25,25,25,25,25,1,1,25,73
2949,21,29199713,28042,26658,30121,440068,115070,158544,726396,93939,22471394,3391365,68459,79871,647540,370298,101274,450674,1,11058,10710,24,24,24,24,24,1,1,24,72
2950,22,14092981,24863,17717,9839,468088,53656,59234,309804,81291,10595321,1509340,30791,69740,284476,187430,99575,291816,1,5069,5050,11,11,11,11,11,1,1,11,14
2951,23,26530858,26372,25009,13654,445597,105170,112777,566096,81058,20843844,2850322,62581,75544,550636,338695,105181,328322,1,10137,10050,22,22,22,22,22,1,1,22,29
2952,24,33272828,27117,28658,30225,446122,133806,156183,816581,81236,25813017,3787000,75287,81558,766593,416479,99694,513272,1,12901,12474,28,28,28,28,28,1,1,28,77
2953,25,32538796,26801,27589,30269,447846,136312,167106,831488,81796,25057695,3771211,83453,77757,747781,435050,111027,505615,1,12441,12032,27,27,27,27,27,1,1,27,76
2954,26,22018554,27843,22028,31018,448578,87329,130245,603239,81405,16631049,2523916,50994,88116,526997,280202,97825,387770,1,8294,8010,18,18,18,18,18,1,1,18,75
2955,27,22466105,29988,43856,30551,478208,90717,121254,602824,86406,16946474,2641827,52279,77644,501964,295844,108578,357691,1,8294,8040,18,18,18,18,18,1,1,18,68
2956,28,25477046,28151,26134,27718,455392,101056,127772,638003,83365,19501077,2982054,59388,80535,552542,313795,105760,394304,1,9676,9401,21,21,21,21,21,1,1,21,65
2957,29,32684742,38538,28446,16056,456780,130349,140611,712452,80596,25674647,3713062,75022,85568,662940,421677,105814,342184,1,12441,12280,27,27,27,27,27,1,1,27,39
2958,30,22093524,25346,23262,27341,464672,89337,118983,594732,82210,16799819,2480071,50619,77488,499455,285305,103703,371181,1,8294,8039,18,18,18,18,18,1,1,18,68
2959,31,23249705,26074,23341,29129,448470,91449,123388,602969,82384,17786609,2668276,51952,77786,492138,284872,99625,361243,1,8755,8507,19,19,19,19,19,1,1,19,64
2960,32,16191090,26318,19710,10790,449483,57353,65247,344716,81495,12366541,1737062,36515,74150,333048,200795,98296,289571,1,5990,5965,13,13,13,13,13,1,1,13,16
2961,33,29870224,27321,26262,29802,445817,121270,151479,749147,93006,23069771,3380409,68857,79562,673120,383738,100748,469915,1,11519,11135,25,25,25,25,25,1,1,25,75
2962,34,21033986,26645,23830,11355,440877,76327,87458,446236,88888,16284938,2281599,48526,73544,469433,273821,103297,297212,1,7833,7797,17,17,17,17,17,1,1,17,19
2963,35,32415858,26877,28523,17135,453270,116949,135747,706474,81717,25478082,3650118,76577,79739,645856,435864,112804,370126,1,12441,12274,27,27,27,27,27,1,1,27,40
2964,36,17379008,25351,19883,10288,437758,63226,77564,364314,81141,13351352,1861480,40275,69730,358121,218790,100004,299731,1,6451,6426,14,14,14,14,14,1,1,14,16
2965,37,20701011,24867,21592,11658,445242,75864,86575,461982,80940,16164514,2117775,45446,72496,436820,268047,97490,289703,1,7833,7788,17,17,17,17,17,1,1,17,21
2966,38,24061147,28486,19680,20214,622564,89355,117042,581035,83759,18798937,2378522,58548,86190,438543,311300,101849,325123,1,5069,4992,11,11,11,11,11,1,1,11,35
2967,39,29054007,29556,29309,33181,467684,107205,130444,662623,91670,22687415,3305705,64601,83073,553393,361700,110170,336278,1,11058,10872,24,24,24,24,24,1,1,24,45
2968,40,27850886,26641,26447,18732,432129,101878,121619,624765,81790,21745616,3161883,62936,83358,527398,350544,105842,379308,1,10598,10421,23,23,23,23,23,1,1,23,44
2969,41,20979160,26191,22200,12330,454322,76317,87672,444369,82934,16242006,2347163,48332,73366,416356,267300,99416,278886,1,7833,7785,17,17,17,17,17,1,1,17,22
2970,42,15247494,25015,18374,13127,452096,53149,69209,346301,82374,11495712,1653750,34503,72428,305637,193091,109665,323063,1,5529,5481,12,12,12,12,12,1,1,12,24
2971,43,27031994,31912,27440,15213,607414,85834,92787,484461,131547,21750902,2190423,51338,132240,453882,298211,167990,510400,1,5990,5963,13,13,13,13,13,1,1,13,17
2972,44,34618159,34321,48496,41470,452016,117253,143701,765736,134928,27415261,3325773,73253,140976,640251,416313,166764,701647,1,9676,9434,21,21,21,21,21,1,1,21,59
2973,45,34538438,50362,33973,27668,672612,124371,158623,888640,153406,26600207,3818044,85245,157654,598095,478200,193129,498209,1,6912,6837,15,15,15,15,15,1,1,15,29
2974,46,34830235,45496,30550,48511,688748,121750,173151,989915,144251,26471097,3885388,98446,159066,647625,508581,176143,641517,1,6912,6741,15,15,15,15,15,1,1,15,56
2975,47,39829811,41782,41916,22196,810156,146939,165315,1041983,190133,30720640,4100559,118171,171885,726656,678543,203036,649901,1,7833,7787,17,17,17,17,17,1,1,17,21
2976,0,94627779,48540,66187,57485,744260,375879,403995,2508779,149683,73800119,11135308,307739,171061,1815609,1539588,193056,1310491,1,18891,18264,41,41,41,41,41,1,1,41,84
2977,1,38770032,43411,35263,17881,733916,133419,151941,952222,144225,29880768,4190046,224865,143952,670998,625902,181721,639502,1,7372,7344,16,16,16,16,16,1,1,16,17
2978,2,47427184,44834,36577,18316,775272,171736,187511,1166485,164731,37158717,4915284,154792,153808,874198,775699,172108,657116,1,9215,9170,20,20,20,20,20,1,1,20,21
2979,3,38382329,46555,33404,18545,752330,137360,152830,942618,145279,29847063,3846474,150521,158971,697248,612643,189054,651434,1,7372,7340,16,16,16,16,16,1,1,16,18
2980,4,44010195,46901,36093,55510,696859,168002,214298,1241129,145373,33806017,4889058,131565,177343,830195,685173,185751,700928,1,8755,8472,19,19,19,19,19,1,1,19,71
2981,5,38741817,40362,46470,42233,450854,138344,180931,902165,138449,29631384,4067986,83382,127183,777047,465712,280607,1368708,1,11519,11151,25,25,25,25,25,1,1,25,74
2982,6,39284755,46573,35935,56585,722091,135893,198414,1046914,156390,30536061,4065267,103109,149690,719107,503770,179882,629074,1,7833,7598,17,17,17,17,17,1,1,17,66
2983,7,36467309,38878,32476,49830,733162,136643,186978,1063816,143126,27785850,4104432,93406,149175,691408,497158,170389,590582,1,7372,7156,16,16,16,16,16,1,1,16,64
2984,8,63167991,47215,46011,55494,750261,227835,291403,1719971,146988,48862634,7390743,187143,154490,1217549,959952,197202,913100,1,12441,12025,27,27,27,27,27,1,1,27,77
2985,9,46778559,41159,36428,54393,888024,176668,256862,1430365,151545,35450581,5489133,136980,127961,888371,775670,163211,711208,1,10137,9800,22,22,22,22,22,1,1,22,74
2986,10,71543555,46172,51267,59143,762318,270019,329813,1970333,158933,55338957,8589600,223065,146458,1347352,1153094,184200,912831,1,14284,13830,31,31,31,31,31,1,1,31,76
2987,11,65659151,45090,44135,71715,722371,245145,313682,1694595,149540,51196659,7357818,182626,144917,1280397,963604,174646,1072211,1,13362,12872,29,29,29,29,29,1,1,29,84
2988,12,69292418,43986,54519,60163,762130,257084,311633,1815200,153794,53787607,8071921,200234,174525,1377458,1025503,174368,1022293,1,13823,13363,30,30,30,30,30,1,1,30,78
2989,13,76663820,52773,58047,65778,861680,261810,344747,1942515,143557,59854654,8850216,217993,158320,1448607,1150409,190001,1062713,1,15205,14698,33,33,33,33,33,1,1,33,80
2990,14,66862783,48011,56056,58063,711042,217603,303047,1706364,148580,52172914,7686866,186010,157758,1274262,976725,173114,986368,1,13362,12931,29,29,29,29,29,1,1,29,75
2991,15,51360172,41695,43353,53982,740019,175534,244263,1420899,145491,39323977,6015353,151690,162121,980183,800950,197870,862792,1,10137,9825,22,22,22,22,22,1,1,22,70
2992,16,62271831,44754,44606,56301,775401,218484,288601,1800662,145425,47983916,7477594,195587,151918,1171798,971793,171579,773412,1,12441,12045,27,27,27,27,27,1,1,27,74
2993,17,46721402,43564,39541,46332,755044,160404,237245,1341774,140586,35816421,5464689,134174,132672,889085,706102,165808,647961,1,9215,8940,20,20,20,20,20,1,1,20,67
2994,18,37797180,44523,34006,53718,729478,124641,189200,1138086,145825,28656262,4388461,111969,141925,681003,572103,171321,614659,1,7372,7168,16,16,16,16,16,1,1,16,61
2995,19,42347180,44235,33611,50432,755057,148574,198899,1256636,162754,32297638,4814559,140722,131356,849516,731088,168544,563559,1,8755,8528,19,19,19,19,19,1,1,19,60
2996,20,66631695,43937,51274,77707,742385,234959,281285,1853534,207229,52922637,6433860,164373,170838,1337695,980258,188545,941179,1,12441,12037,27,27,27,27,27,1,1,27,75
2997,21,58704175,47949,45482,58332,804629,201686,273521,1543650,145309,45456554,6739122,174094,162206,1099207,859278,190269,902887,1,11519,11183,25,25,25,25,25,1,1,25,69
2998,22,31608082,42645,29114,17192,758674,102654,117158,775538,151147,24067049,3521713,99086,140993,562413,494184,184910,543612,1,5990,5964,13,13,13,13,13,1,1,13,16
2999,23,54131987,44034,55052,24225,749585,178849,215232,1278042,146569,42692975,5847625,158553,146417,1003594,822630,185340,583265,1,10598,10497,23,23,23,23,23,1,1,23,31
3000,24,62919891,46534,53965,55137,766498,219838,291097,1673377,144936,48654446,7321576,196834,154975,1231353,999136,171973,938216,1,12441,12026,27,27,27,27,27,1,1,27,76
3001,25,62418496,48219,45440,65844,744526,217480,288862,1749933,148601,48039110,7325768,196631,166303,1224825,959947,178602,1018405,1,12441,12006,27,27,27,27,27,1,1,27,80
3002,26,31381074,26887,28576,33367,440427,113369,160691,798933,83776,24007743,3824129,74550,79785,705879,421771,101761,479430,1,11980,11555,26,26,26,26,26,1,1,26,81
3003,27,24299496,27199,23886,29695,446333,86575,126572,647367,83580,18554061,2820698,55010,78209,544536,298840,99291,377644,1,9215,8930,20,20,20,20,20,1,1,20,69
3004,28,40300331,27328,39000,30700,446146,144201,183032,956934,82906,31332281,4857648,86981,80712,879002,498976,100995,553489,1,15666,15149,34,34,34,34,34,1,1,34,80
3005,29,30011593,26414,27559,15626,462604,105088,148271,647241,83471,23502407,3418052,65854,81661,591861,372077,100999,362408,1,11519,11383,25,25,25,25,25,1,1,25,36
3006,30,29182560,27427,27722,28058,445915,107979,142727,715568,83347,22610155,3310349,67262,77796,639910,375095,105968,417282,1,11058,10734,24,24,24,24,24,1,1,24,68
3007,31,28713421,27086,26099,26615,449113,106001,135526,688783,84746,22158984,3391772,64356,80551,602267,357450,103374,410698,1,11058,10752,24,24,24,24,24,1,1,24,65
3008,32,24474760,28028,24296,12943,577003,81449,77555,444517,127190,19556980,2096204,43614,117357,407185,287448,142214,450777,1,5990,5960,13,13,13,13,13,1,1,13,17
3009,33,32087158,27085,28773,29802,447760,118874,158691,760692,84032,24861488,3736236,67931,87577,703429,407293,99086,468409,1,12441,12065,27,27,27,27,27,1,1,27,71
3010,34,19985787,25480,20589,10707,454330,72081,82700,415304,83035,15462472,2156875,44839,73493,424695,246117,98378,314692,1,7372,7340,16,16,16,16,16,1,1,16,18
3011,35,35846262,27470,29739,18124,446149,144756,155409,772070,110183,28276034,3955913,82120,81022,733148,457365,101193,455567,1,13823,13629,30,30,30,30,30,1,1,30,43
3012,36,16268665,24794,19190,10024,447117,61756,67719,359739,82638,12410653,1743715,37334,68761,343853,199904,98560,292908,1,5990,5968,13,13,13,13,13,1,1,13,15
3013,37,18517586,27465,23403,12127,441900,68275,86045,394108,86375,14355151,1902156,39114,71636,380480,223244,102559,303548,1,6912,6872,15,15,15,15,15,1,1,15,20
3014,38,22013585,25872,24305,20843,446781,81268,109840,518836,83755,16984830,2425142,49011,83659,413675,281877,98574,365317,1,8294,8155,18,18,18,18,18,1,1,18,41
3015,39,34563931,25887,28904,22533,439001,134880,153143,768223,83147,27108321,3982078,78088,83724,681767,433056,100116,441063,1,13362,13101,29,29,29,29,29,1,1,29,52
3016,40,29232578,27080,26008,18687,460039,110206,130419,642979,82432,22598211,3510364,62697,82144,545389,373095,97896,464932,1,11058,10890,24,24,24,24,24,1,1,24,42
3017,41,24265180,27515,23443,13093,450809,89469,102604,518317,82073,18939819,2669973,57857,86475,489202,317181,100865,296485,1,9215,9145,20,20,20,20,20,1,1,20,26
3018,42,24373259,25287,24289,13238,448224,92342,105764,557777,82525,18981329,2681115,54540,75631,489386,308747,97657,335408,1,9215,9125,20,20,20,20,20,1,1,20,30
3019,43,16185259,25550,19886,11059,450508,59693,66023,350417,82922,12384395,1696532,37274,73794,351352,204190,104230,267434,1,5990,5963,13,13,13,13,13,1,1,13,17
3020,44,24546757,26530,23314,27753,456692,94901,214634,650595,82306,18732201,2744593,54792,84520,540130,313310,96083,404403,1,9215,8960,20,20,20,20,20,1,1,20,63
3021,45,23301629,26081,22855,16726,452060,85449,105595,527747,82454,17992132,2681011,52980,80205,474820,283590,97185,320739,1,8755,8645,19,19,19,19,19,1,1,19,34
3022,46,18720318,26959,19913,27325,446458,70626,118191,508814,82991,14071445,2104774,40386,84648,391251,229868,99315,397354,1,6912,6729,15,15,15,15,15,1,1,15,59
3023,47,21015581,26417,22971,13581,456034,77763,84096,461591,82507,16187723,2347397,47963,78947,436286,260670,97648,333987,1,7833,7780,17,17,17,17,17,1,1,17,23
3024,0,54085723,27449,42832,33687,450757,207095,253273,1249204,84398,42409872,6442935,125106,85248,1155153,686400,102680,729634,1,21195,20374,46,46,46,46,46,1,1,46,96
3025,1,27929632,27638,35780,10636,440697,103995,111928,577155,82228,21929006,3058392,61022,71013,554841,349133,115293,400875,1,10598,10537,23,23,23,23,23,1,1,23,24
3026,2,19540775,24751,20980,10053,453186,73205,75848,396587,83257,15240397,1965310,41439,69064,404204,239512,98055,344927,1,7372,7344,16,16,16,16,16,1,1,16,17
3027,3,17029879,26353,20257,10481,437978,63706,92100,364756,82186,13254131,1618808,37575,77314,350596,210497,96827,286314,1,6451,6425,14,14,14,14,14,1,1,14,16
3028,4,32334017,26744,28334,26908,436044,128550,155807,794770,78593,25405307,3406140,75850,78168,720242,416494,100802,455264,1,12441,12060,27,27,27,27,27,1,1,27,72
3029,5,28460210,26059,25528,29101,428181,120497,141894,722473,78314,22078386,3196568,62102,81525,644529,357981,99941,367131,1,11058,10710,24,24,24,24,24,1,1,24,72
3030,6,28731726,33702,43950,43868,621309,86189,148586,745688,124543,22745744,2483276,53427,134764,490698,309676,173907,492399,1,6451,6264,14,14,14,14,14,1,1,14,63
3031,7,20667041,27564,21354,25529,447440,77110,112192,532438,85606,15801602,2292634,45027,78814,439300,256393,116036,308002,1,7833,7623,17,17,17,17,17,1,1,17,58
3032,8,22974724,26539,23564,28169,436534,87619,121429,601490,78684,17696610,2532182,54002,78981,515127,284990,96609,312195,1,8755,8496,19,19,19,19,19,1,1,19,66
3033,9,27544582,30648,27907,28271,457373,104181,134716,692185,88311,21329418,3043071,60707,82830,593528,339706,118016,413714,1,10598,10285,23,23,23,23,23,1,1,23,68
3034,10,43862739,48656,61328,63913,436420,176416,191905,1046573,152987,33611002,4888778,101843,169055,1004584,545809,216966,1146504,1,13823,13371,30,30,30,30,30,1,1,30,77
3035,11,35453546,26450,29862,31656,440774,139096,172109,868433,78124,27641090,3927368,87263,79120,810613,443529,98488,579571,1,13823,13330,30,30,30,30,30,1,1,30,83
3036,12,42809209,44446,51237,52975,444093,176246,194246,1021694,122422,32868455,4777360,96219,152313,958575,529722,170405,1148801,1,14744,14248,32,32,32,32,32,1,1,32,80
3037,13,33217317,24619,27533,29716,464366,129958,161488,799834,79458,25816115,3799368,77630,76325,757831,422260,96312,454504,1,12901,12488,28,28,28,28,28,1,1,28,75
3038,14,26485602,27150,33284,29397,435269,104107,131212,667043,78538,20513724,2885890,58370,79782,581399,333687,95107,431643,1,10137,9821,22,22,22,22,22,1,1,22,70
3039,15,20725755,26339,21796,26408,434335,80856,106720,562206,78828,15814735,2303015,49414,77723,433926,268063,110708,330683,1,7833,7617,17,17,17,17,17,1,1,17,62
3040,16,27500965,25920,25107,28430,439098,114724,131544,699253,79913,21253500,3093588,69210,78050,595641,339929,97834,429224,1,10598,10255,23,23,23,23,23,1,1,23,73
3041,17,40524336,26761,38443,27595,442202,162853,189771,937017,78910,31799697,4561431,97488,76868,929971,520902,98104,536323,1,15666,15173,34,34,34,34,34,1,1,34,77
3042,18,25130251,26628,24163,27349,443679,97444,124707,627453,78528,19366226,2836099,54942,78738,537478,314107,96801,395909,1,9676,9399,21,21,21,21,21,1,1,21,65
3043,19,16154183,26448,18559,26791,439653,62120,87702,450270,78801,12173263,1776614,35735,91794,345439,205155,96491,239348,1,5990,5835,13,13,13,13,13,1,1,13,57
3044,20,21991913,28090,24357,27389,444856,85853,115558,567052,80868,16821592,2473374,48768,76348,473767,281687,106378,335976,1,8294,8054,18,18,18,18,18,1,1,18,64
3045,21,33435122,28610,28372,30569,451156,133476,165871,799395,79759,25935053,3895380,80914,90406,737634,413605,114245,450677,1,12901,12495,28,28,28,28,28,1,1,28,74
3046,22,14205270,25570,18175,10193,447786,53611,57424,312283,82535,10760459,1444909,32164,74529,314438,179910,100367,290917,1,5069,5050,11,11,11,11,11,1,1,11,14
3047,23,41959258,27011,25517,13755,606936,137176,142826,819722,77412,34552256,3727827,82769,74360,730294,500241,96124,345032,1,11058,10956,24,24,24,24,24,1,1,24,31
3048,24,36812282,34276,44809,48448,447137,145298,161322,867450,137956,28704794,3723311,81634,144949,781291,434338,171648,883621,1,11980,11568,26,26,26,26,26,1,1,26,78
3049,25,28523503,26960,35835,30069,438067,112311,146142,711063,79203,22052909,3199448,61488,77205,654072,357278,96378,445075,1,11058,10686,24,24,24,24,24,1,1,24,76
3050,26,38715606,69651,66767,85638,444060,150111,166053,996487,205658,28981882,4112026,88555,217839,855536,471122,298744,1505477,1,10598,10227,23,23,23,23,23,1,1,23,78
3051,27,26309744,24851,24494,27848,453839,103063,132966,677131,87859,20280515,2957128,59421,76943,587565,327556,96272,392293,1,10137,9825,22,22,22,22,22,1,1,22,70
3052,28,34343910,28206,25890,27123,732289,129264,190988,894849,79587,26445724,3913319,80825,78525,754053,450093,97788,415387,1,10137,9827,22,22,22,22,22,1,1,22,70
3053,29,26387854,25321,24906,15515,445241,104314,122952,580230,88706,20657804,2877798,58831,77313,521836,328258,96819,362010,1,10137,10014,22,22,22,22,22,1,1,22,35
3054,30,14932233,26565,19042,24311,446188,65935,87667,437318,78375,11166846,1602769,33782,78513,305466,182767,97320,279369,1,5529,5391,12,12,12,12,12,1,1,12,54
3055,31,24437184,27922,22782,27451,453869,99111,123840,622349,95562,18827017,2663499,54752,80082,503884,307253,117107,410704,1,9215,8950,20,20,20,20,20,1,1,20,65
3056,32,20962935,26270,21383,11497,445027,82283,87625,448930,78035,16294718,2208404,73924,74928,446030,269252,96891,297738,1,7833,7786,17,17,17,17,17,1,1,17,21
3057,33,29773537,28175,28385,30344,444681,121019,151177,758442,79682,23125154,3274822,67723,80770,668658,362573,101679,450253,1,11519,11146,25,25,25,25,25,1,1,25,73
3058,34,22009719,25825,23557,11585,447930,86869,87970,458684,78339,17163672,2335386,48684,75006,469868,281777,100041,314526,1,8294,8254,18,18,18,18,18,1,1,18,20
3059,35,38950532,26949,31745,17762,464729,159734,157375,834001,79047,31119908,4087563,84740,83491,781614,492117,100428,429329,1,15205,14963,33,33,33,33,33,1,1,33,48
3060,36,16278455,27268,21385,10792,439229,65634,67273,358762,79072,12494962,1632629,37141,71069,342907,199259,106350,324723,1,5990,5968,13,13,13,13,13,1,1,13,15
3061,37,16225508,25819,22177,11231,466704,75156,68322,353460,79528,12539097,1541304,36841,69225,337898,200536,103461,294749,1,5990,5962,13,13,13,13,13,1,1,13,17
3062,38,20857967,27664,24932,23092,453857,87058,106471,511560,81051,16046377,2183940,46525,99947,399555,260136,103507,402295,1,7833,7685,17,17,17,17,17,1,1,17,45
3063,39,33415790,28660,31108,21350,462752,141263,151088,772714,83067,26332512,3646174,78343,83794,670630,420339,107077,384919,1,12901,12663,28,28,28,28,28,1,1,28,50
3064,40,32292024,27488,29948,19245,445842,128913,144846,708492,79829,25529944,3513211,72468,91964,629958,406044,103971,359861,1,12441,12247,27,27,27,27,27,1,1,27,44
3065,41,27749708,27466,29746,13338,453872,116924,116803,594608,88676,21914915,2892751,64647,75097,546593,360685,111255,342332,1,10598,10516,23,23,23,23,23,1,1,23,28
3066,42,19762064,27975,22712,14257,458030,80257,84960,439374,78667,15314630,2033333,44825,74716,400993,241284,107047,339004,1,7372,7304,16,16,16,16,16,1,1,16,27
3067,43,18487446,25303,21175,11336,441224,74579,74093,399527,79444,14381823,1849232,44071,75286,387417,232403,102714,287819,1,6912,6875,15,15,15,15,15,1,1,15,19
3068,44,22046248,27885,23670,27143,447021,89456,115467,570737,80827,16991073,2343309,49072,86618,460768,277789,101924,353489,1,8294,8074,18,18,18,18,18,1,1,18,59
3069,45,18725681,28109,23766,17278,443795,85033,89174,452390,89121,14341287,2003832,41044,82788,357216,231926,109552,329370,1,6912,6828,15,15,15,15,15,1,1,15,31
3070,46,16296089,27793,20304,27186,442759,69448,94623,456949,79628,12195693,1763162,38961,85814,351976,201865,105152,334776,1,5990,5832,13,13,13,13,13,1,1,13,57
3071,47,21203290,26846,23251,12597,450445,86578,88673,458752,82578,16449988,2213856,48134,77285,435826,277988,114222,356271,1,7833,7784,17,17,17,17,17,1,1,17,22
3072,0,47243929,27958,36212,32193,449190,199635,217143,1107565,81575,37208681,5220531,107620,85922,1044540,621372,102566,701226,1,18430,17760,40,40,40,40,40,1,1,40,89
3073,1,24320958,26518,23790,10252,449628,97152,97480,507860,78618,19077221,2519029,57450,74402,493723,305711,110172,391952,1,9215,9170,20,20,20,20,20,1,1,20,21
3074,2,23933827,26308,23146,10052,446416,90599,101417,492254,78408,18942543,2314341,52856,74362,513115,306514,100648,360848,1,9215,9170,20,20,20,20,20,1,1,20,21
3075,3,19524151,26540,21000,10310,435794,71548,78740,417383,78954,15266921,1894158,45600,71017,410732,245166,100614,349674,1,7372,7340,16,16,16,16,16,1,1,16,18
3076,4,32189783,28551,29392,32156,457968,126758,157248,792948,80838,25100135,3468931,73434,79595,713522,399730,115340,533237,1,12441,12000,27,27,27,27,27,1,1,27,81
3077,5,37712321,28447,33313,31952,447204,140685,183885,903736,81735,29348639,4336588,87266,82837,857731,479921,123031,545351,1,14744,14240,32,32,32,32,32,1,1,32,81
3078,6,20841612,26026,22808,28718,443336,79461,113883,554939,80182,15900666,2296044,53732,76330,469224,257480,116486,322297,1,7833,7599,17,17,17,17,17,1,1,17,66
3079,7,24288787,26431,24199,27543,443134,92846,121615,611379,81163,18702258,2735051,55570,78125,513193,316398,101933,357949,1,9215,8950,20,20,20,20,20,1,1,20,65
3080,8,33467942,27023,31521,31091,452255,136159,166025,808032,88908,25957884,3844113,76256,77245,763128,422383,100671,485248,1,12901,12474,28,28,28,28,28,1,1,28,77
3081,9,29906419,27150,26778,30688,441806,116205,148162,748278,80890,23067786,3419271,69479,79189,676677,378735,112584,482741,1,11519,11123,25,25,25,25,25,1,1,25,78
3082,10,38707638,29219,32107,31206,449513,151925,188268,933665,80881,30272416,4368218,86166,78173,860908,484527,107351,553095,1,15205,14654,33,33,33,33,33,1,1,33,85
3083,11,37576732,28040,40551,31966,454224,144142,184096,904506,89892,29362287,4195712,81492,79834,833406,463221,102879,580484,1,14744,14216,32,32,32,32,32,1,1,32,84
3084,12,44716838,27027,33371,30686,439933,176823,201133,1041348,80634,35132630,5044141,103350,79411,1003399,586577,99685,636690,1,17509,16910,38,38,38,38,38,1,1,38,84
3085,13,45765824,30275,37254,35243,465325,183476,213520,1045409,89679,35664184,5339644,104485,92426,1004046,568469,115352,777037,1,17509,16881,38,38,38,38,38,1,1,38,87
3086,14,64674636,37260,43973,51132,728426,235890,271235,1641722,133931,51295200,6762989,144593,144195,1233314,825292,178463,947021,1,13362,12906,29,29,29,29,29,1,1,29,79
3087,15,53405635,39187,40960,62136,940861,188434,239051,1318778,136310,41948845,5558035,135303,147486,970407,667031,176259,836552,1,11058,10704,24,24,24,24,24,1,1,24,73
3088,16,57146720,46890,47945,74575,743850,226530,271501,1635197,160100,44103231,6542321,161605,140269,1105282,902703,178906,805815,1,12441,12045,27,27,27,27,27,1,1,27,74
3089,17,70692799,45729,61104,75713,833563,284781,294938,1872488,192501,56883773,6150904,150216,182249,1413161,945092,202427,1104160,1,13362,12914,29,29,29,29,29,1,1,29,78
3090,18,41214068,36553,39201,54734,722071,156715,200893,1201233,137586,31935593,4224099,97854,152110,780866,575297,186414,712849,1,8755,8494,19,19,19,19,19,1,1,19,67
3091,19,37736955,44303,32872,43986,741813,142778,188492,1136106,141483,29086040,4046837,87443,127892,744009,547633,157497,467771,1,8294,8061,18,18,18,18,18,1,1,18,63
3092,20,58062985,41471,49208,54275,801600,225035,250359,1568324,148274,45560677,6080629,135820,150116,1174020,812222,184474,826481,1,12441,12050,27,27,27,27,27,1,1,27,73
3093,21,32545081,27967,29699,28979,453762,130375,156886,772851,80640,25319386,3678583,72870,81121,711130,425939,105712,469181,1,12441,12059,27,27,27,27,27,1,1,27,72
3094,22,21157157,27540,22027,12498,453815,82834,90556,446510,79767,16404584,2255714,48569,75998,442234,270131,102608,341772,1,7833,7791,17,17,17,17,17,1,1,17,20
3095,23,32740145,28089,29495,15960,513288,135493,136185,698198,80082,25963670,3465395,75129,75262,640936,418358,106747,357858,1,12441,12309,27,27,27,27,27,1,1,27,35
3096,24,40318400,27778,32142,30936,452171,163153,193375,962842,80931,31501055,4571837,95946,79930,907721,511796,101296,605491,1,15666,15129,34,34,34,34,34,1,1,34,82
3097,25,39398555,28883,26915,31611,537807,148923,211921,955385,80754,30681223,4583644,88786,79878,869095,491751,103299,478680,1,11058,10662,24,24,24,24,24,1,1,24,80
3098,26,29867930,28298,25984,32404,448068,113957,153620,755375,81707,23014213,3416247,66202,86941,660850,372001,107414,504649,1,11519,11108,25,25,25,25,25,1,1,25,81
3099,27,31062756,25542,26752,29124,442114,115033,150989,770237,80768,24109339,3519793,77867,79473,699734,373757,98398,463836,1,11980,11592,26,26,26,26,26,1,1,26,75
3100,28,32180721,27207,28419,30485,445255,123259,160572,784612,80776,24938865,3680427,71468,81827,723512,412329,98793,492915,1,12441,12020,27,27,27,27,27,1,1,27,78
3101,29,32307860,25668,27705,15729,434927,119503,137145,701125,80148,25435401,3638318,70868,78468,658020,405111,98864,380860,1,12441,12281,27,27,27,27,27,1,1,27,39
3102,30,17207806,26687,19566,27826,439555,64976,97384,472357,81468,12968744,1930622,37813,79896,369973,206736,96982,287221,1,6451,6269,14,14,14,14,14,1,1,14,62
3103,31,24064597,25544,22562,27693,446127,86749,124923,608627,81194,18457283,2777508,54324,76235,509204,302008,96210,368406,1,9215,8950,20,20,20,20,20,1,1,20,65
3104,32,17482583,26914,22643,10731,452951,64543,72818,378651,91046,13419405,1842177,40702,75330,362491,223499,110822,287860,1,6451,6421,14,14,14,14,14,1,1,14,17
3105,33,31990646,25682,27186,29887,430565,127787,156114,770085,81770,24993629,3506207,72439,79200,721267,409114,103244,456470,1,12441,12044,27,27,27,27,27,1,1,27,74
3106,34,27689922,27078,25078,11954,452325,101201,115853,579394,79868,21810461,2962435,61727,87345,568317,346460,98133,362293,1,10598,10528,23,23,23,23,23,1,1,23,26
3107,35,31135842,36868,27724,18270,441064,118878,138091,694956,80362,24566515,3342412,74575,80218,607626,405997,98022,404264,1,11980,11813,26,26,26,26,26,1,1,26,41
3108,36,20810552,25309,21362,10146,442556,76310,83904,442735,80646,16211424,2141046,46629,73662,452792,262702,96404,342925,1,7833,7796,17,17,17,17,17,1,1,17,19
3109,37,26400180,27963,27592,21349,432065,108826,107390,558085,81064,20849867,2694584,59443,76252,546695,339039,100309,369657,1,10137,10066,22,22,22,22,22,1,1,22,26
3110,38,31344002,26131,27455,22297,443223,132318,142862,731207,82574,24633611,3352237,73468,82634,617643,397339,96857,482146,1,11980,11743,26,26,26,26,26,1,1,26,51
3111,39,34766834,25742,28792,21559,459356,133020,156891,790673,81932,27403486,3896770,81766,82475,675371,455803,97597,375601,1,13362,13109,29,29,29,29,29,1,1,29,51
3112,40,33436273,25677,28305,18285,442510,125859,146322,754961,80856,26347968,3710100,76830,80607,652883,443652,96437,405021,1,12901,12691,28,28,28,28,28,1,1,28,46
3113,41,28658198,27702,27028,13326,451665,106429,127379,613133,82086,22614582,3046185,65075,76583,567432,369898,105769,363926,1,11058,10962,24,24,24,24,24,1,1,24,30
3114,42,21870872,26272,22591,14904,449887,86543,96470,486814,80511,17058536,2229669,50032,85614,458342,281335,99715,343637,1,8294,8206,18,18,18,18,18,1,1,18,30
3115,43,15014524,25821,21390,10751,453160,54568,61518,315189,81747,11501944,1520861,33589,71524,298131,187054,104643,272634,1,5529,5508,12,12,12,12,12,1,1,12,15
3116,44,24488476,25777,22535,26835,444939,93509,128002,624387,83080,18906186,2698667,56308,83002,533273,312704,99540,349732,1,9215,8975,20,20,20,20,20,1,1,20,60
3117,45,12799366,25689,16330,16025,447003,48791,63490,329089,82048,9508179,1373826,28530,78079,236840,155398,97501,292548,1,4608,4558,10,10,10,10,10,1,1,10,27
3118,46,22186904,26226,22611,27017,447496,88428,118947,588774,81511,16958695,2441030,51637,87353,459109,280069,99266,408735,1,8294,8078,18,18,18,18,18,1,1,18,59
3119,47,32423949,25935,21941,12731,464051,119981,131688,667867,80928,25489443,3704525,99316,77301,651620,420736,101170,354716,1,7833,7784,17,17,17,17,17,1,1,17,22
