event,layer,controller_ns,unattributed_ns,ns_admission_policy,ns_admission_prep,ns_cache_consistency_scan,ns_cache_mutation,ns_cache_mutation_and_bookkeeping,ns_cache_resident_lookup,ns_coverage_rank_and_victim,ns_coverage_sync,ns_coverage_sync_dispatch,ns_effective_route_merge,ns_eviction_candidates,ns_eviction_choose,ns_history,ns_substitution,count_assert_consistent_calls,count_candidate_slots_calls,count_candidate_visits,count_choose_calls,count_evict_calls,count_layer_resident_materializations,count_next_tick_calls,count_place_calls,count_touch_calls
0,0,11133500,24145,991897,19898,564,665209,541528,1368,0,0,0,5396477,0,0,140763,3351651,1,0,0,0,0,0,1,120,120
1,1,11318578,26252,977939,19335,546,487533,432876,1544,0,0,0,5451717,0,0,171028,3749808,1,0,0,0,0,0,1,85,85
2,2,11102068,26977,1040356,16210,484,415383,390707,1342,0,0,0,5328588,0,0,184507,3697514,1,0,0,0,0,0,1,71,71
3,3,10991259,27539,1003125,16465,555,401419,389349,1367,0,0,0,5120425,0,0,166996,3864019,1,0,0,0,0,0,1,63,63
4,4,11251582,38454,1066583,21210,562,676833,683901,1472,0,0,0,4952772,0,0,165564,3644231,1,0,0,0,0,0,1,108,108
5,5,11798270,30000,1092739,22299,677,655756,783611,1910,0,0,0,5056985,0,0,195511,3958782,1,0,0,0,0,0,1,115,115
6,6,11455174,29786,1111261,21350,468,613420,797075,1901,0,0,0,5042274,0,0,160633,3677006,1,0,0,0,0,0,1,107,107
7,7,12126369,35934,1093292,23033,556,658921,854911,1920,0,0,0,5018525,0,0,153200,4286077,1,0,0,0,0,0,1,104,104
8,8,11916131,29672,1144954,20566,559,630785,932272,1829,0,0,0,5202480,0,0,195630,3757384,1,0,0,0,0,0,1,110,110
9,9,11396882,28122,1086746,20964,573,617170,991459,1550,0,0,0,5001478,0,0,152245,3496575,1,0,0,0,0,0,1,109,109
10,10,12122737,33889,1120956,23709,497,692640,1153049,1440,0,0,0,5188489,0,0,169829,3738239,1,0,0,0,0,0,1,117,117
11,11,11924446,30043,1041968,23216,513,695562,1240298,1767,0,0,0,5069682,0,0,136260,3685137,1,0,0,0,0,0,1,117,117
12,12,11932372,30449,1041634,21962,793,662637,1314325,1483,0,0,0,5090896,0,0,163178,3605015,1,0,0,0,0,0,1,117,117
13,13,12000140,28386,1092820,22186,566,678751,1323192,1678,0,0,0,5046477,0,0,139718,3666366,1,0,0,0,0,0,1,108,108
14,14,12288613,34050,1147310,28852,655,618411,1369047,1677,0,0,0,5031551,0,0,162261,3894799,1,0,0,0,0,0,1,105,105
15,15,12357426,30568,1109971,20434,582,626311,1459241,1771,0,0,0,5068177,0,0,159004,3881367,1,0,0,0,0,0,1,108,108
16,16,12218036,37444,1098182,20443,807,635600,1567197,1445,0,0,0,5120173,0,0,146838,3589907,1,0,0,0,0,0,1,108,108
17,17,20531541,30184,1035486,21221,591,1157917,2051516,1193,4708225,1494751,91926,5114221,733594,319112,138667,3632937,1,45,19735,45,45,0,1,116,116
18,18,30417782,33468,1098423,25642,688,1595246,2352244,1506,10701330,2684269,203614,5298580,1433013,768259,181734,4039766,1,106,47488,106,106,0,1,106,106
19,19,31171406,34061,1102136,25685,679,1708343,2366429,1749,10817491,3152867,207475,5344294,1424078,771078,188902,4026139,1,101,45311,101,101,0,1,101,101
20,20,31774675,32779,1096126,25107,639,1688293,2367849,1315,10995413,3804671,212574,5311802,1459591,763356,187482,3827678,1,105,47053,105,105,0,1,105,105
21,21,32691245,29107,1091598,23275,653,1723759,2427864,1273,11512251,4097492,216272,5200748,1537437,791863,142251,3895402,1,111,49659,111,111,0,1,111,111
22,22,24315523,35699,1034238,20187,638,1142695,1603790,1673,7498389,1846859,136514,5393549,832813,499029,145319,4124131,1,70,31675,70,70,0,1,70,70
23,23,27561965,33438,1027541,20570,668,1380298,1978220,1194,9566287,2061363,177816,5386042,1151342,650341,149931,3976914,1,90,40500,90,90,0,1,90,90
24,24,33864197,34878,1206302,27405,682,1916484,2728990,1209,12265501,3752095,228249,5182305,1651881,834542,177664,3856010,1,115,51391,115,115,0,1,115,115
25,25,32720247,38642,1066234,26943,649,1790418,2371370,1185,11683166,3983754,226309,5232744,1545516,782596,154133,3816588,1,108,48357,108,108,0,1,108,108
26,26,33675666,32923,1066458,26751,967,1887675,2587326,1073,12203091,4033900,217738,5190152,1553557,798026,153533,3922496,1,109,48791,109,109,0,1,109,109
27,27,33537281,33160,1122752,28990,636,1799441,2522045,1508,12005160,3975074,221319,5203827,1553457,804756,182984,4082172,1,111,49659,111,111,0,1,111,111
28,28,31848542,32157,1080024,24946,563,1657953,2331578,1363,11319555,3825784,211195,5295613,1427537,780685,144409,3715180,1,106,47488,106,106,0,1,106,106
29,29,27145315,30282,1043659,20989,639,1330788,1853841,1154,9338291,2599691,172339,5192178,1062042,631010,143743,3724669,1,84,37863,84,84,0,1,84,84
30,30,32627182,31415,1117253,28173,702,1729688,2492662,1376,11856033,3481212,220036,5191349,1555567,778591,170496,3972629,1,109,48791,109,109,0,1,109,109
31,31,32146291,34493,1090922,21606,553,1660799,2360375,1176,11541887,3895322,216628,5169334,1468881,784513,139283,3760519,1,107,47923,107,107,0,1,107,107
32,32,23237121,30459,1045501,19684,547,1060560,1566735,1359,7530207,1688633,135397,5148030,804748,482652,125916,3596693,1,69,31231,69,69,0,1,69,69
33,33,31438956,29728,1077483,22686,537,1680561,2402533,1445,11696193,3268447,222226,5052716,1526408,787410,130376,3540207,1,110,49225,110,110,0,1,110,110
34,34,25714435,33055,1042836,20502,637,1203068,1729773,1386,8373385,2045694,150297,5469048,903530,543392,142820,4055012,1,77,34775,77,77,0,1,77,77
35,35,27582904,31694,1019297,21107,762,1393711,2007532,1419,9775302,2001039,177622,5284180,1141125,658874,142991,3926249,1,91,40939,91,91,0,1,91,91
36,36,21021852,30632,1013094,16259,469,886733,1297343,1315,6431174,1232983,111739,5143126,624040,415620,119006,3698319,1,58,26332,58,58,0,1,58,58
37,37,22608299,31359,1053712,18317,681,1025516,1506316,1257,7392284,1127451,137565,5373709,767122,477336,126522,3569152,1,67,30343,67,67,0,1,67,67
38,38,26469381,34772,1127902,23588,639,1304671,1843324,1387,8887703,1986328,156003,5434635,998522,585167,148791,3935949,1,81,36541,81,81,0,1,81,81
39,39,26566845,33470,1084212,22834,600,1232005,1744392,1472,8709730,2393712,147866,5503397,981328,577026,131403,4003398,1,78,35217,78,78,0,1,78,78
40,40,27050383,31993,1045170,22345,670,1326791,1846392,1274,9191928,2514089,158088,5382414,1072879,600875,120477,3734998,1,84,37863,84,84,0,1,84,84
41,41,24193066,33991,1006963,18948,630,1105977,1591925,1058,7995548,1725171,151703,5389762,868616,518646,120428,3663700,1,72,32562,72,72,0,1,72,72
42,42,24459560,30961,1030897,18671,574,1148014,1678554,1312,8400455,1604429,144652,5312032,891630,535035,115407,3546937,1,75,33891,75,75,0,1,75,75
43,43,22256947,32729,1073477,17264,553,985254,1442302,1422,7142247,1267713,126001,5254374,734064,468972,121998,3588577,1,65,29453,65,65,0,1,65,65
44,44,28770455,31082,1063524,22363,540,1444577,2098394,1268,10307590,2703331,188036,5354810,1261291,699712,120328,3473609,1,96,43128,96,96,0,1,96,96
45,45,23285100,33352,1009242,17787,502,1019788,1503835,1457,7347090,1971474,130619,5441917,771956,477051,121042,3437988,1,67,30343,67,67,0,1,67,67
46,46,28231105,32598,1016021,24677,583,1413021,1967142,1398,9650514,2706383,164173,5504591,1130222,620661,145262,3853859,1,87,39183,87,87,0,1,87,87
47,47,22807502,33620,1011119,20170,526,1009760,1453377,1481,7185360,1543773,123931,5481350,731138,455666,127894,3628337,1,64,29008,64,64,0,1,64,64
48,0,2785302,20282,42596,10753,499,180710,316852,3241,1314051,278389,20094,74781,102384,91548,122064,207058,1,10,4582,10,10,1,1,10,17
49,1,1111589,15434,30624,4786,494,64696,105457,2187,478453,74166,7075,69804,32280,23715,104675,97743,1,3,1383,3,3,1,1,3,3
50,2,893502,14547,27286,4874,559,53837,86746,1855,343295,46263,5001,65397,25582,18302,101263,98695,1,2,922,2,2,1,1,2,2
51,3,912073,13958,31709,6988,786,52649,87779,2003,362623,44475,4582,70575,25863,17483,107337,83263,1,2,922,2,2,1,1,2,4
52,4,1667364,14892,39898,12496,553,111399,211431,2772,721802,128664,12088,75144,59907,40216,108953,127149,1,5,2287,5,5,1,1,5,19
53,5,2148441,16482,42262,14249,673,145000,248422,2543,974115,211821,16614,82528,80891,52471,107280,153090,1,7,3194,7,7,1,1,7,22
54,6,1264142,15706,39836,12638,688,81235,152834,3891,494765,94733,6731,73447,42948,24247,111351,109092,1,3,1373,3,3,1,1,3,18
55,7,1541936,15180,42540,13876,594,109781,192234,2997,630260,124189,9620,75107,55738,44260,104884,120676,1,4,1826,4,4,1,1,4,21
56,8,2357207,16681,43380,14869,708,156113,269980,2822,1096302,223155,18904,73679,92836,60853,108295,178630,1,8,3652,8,8,1,1,8,23
57,9,1601945,18175,50381,16156,921,99677,214207,3410,558074,133519,8841,104004,48438,30862,155186,160094,1,3,1373,3,3,1,1,3,18
58,10,1974245,16213,41957,13456,562,129128,264483,2731,840294,187598,13937,71069,76526,46357,108487,161447,1,6,2738,6,6,1,1,6,23
59,11,1831153,16024,41285,12256,751,122541,223547,2942,811796,168225,11518,72380,64180,41520,112789,129399,1,5,2286,5,5,1,1,5,17
60,12,1571954,17876,49417,14415,765,94031,216298,3554,563410,116416,8503,103504,48216,30513,154369,150667,1,3,1374,3,3,1,1,3,15
61,13,1716660,15207,40115,10925,580,110228,190553,3071,732943,193985,11996,84429,72613,41076,104959,103980,1,5,2290,5,5,1,1,5,15
62,14,1606299,16030,41419,14071,713,108119,184809,3074,676689,142990,9195,75504,56504,32638,119380,125164,1,4,1827,4,4,1,1,4,20
63,15,1567422,14698,38644,15078,599,116118,186441,2669,660381,151331,10093,70645,54949,32240,112013,101523,1,4,1826,4,4,1,1,4,21
64,16,1283936,15048,39085,12562,603,78850,145834,2991,500131,114741,6750,74434,41551,24311,106731,120314,1,3,1375,3,3,1,1,3,16
65,17,1750289,15763,39503,13311,538,115077,198611,2814,769078,176834,12257,71047,64089,40266,106536,124565,1,5,2286,5,5,1,1,5,18
66,18,1954201,25138,40856,13898,557,130191,237352,3139,850327,205848,13763,72493,84074,44895,110886,120784,1,6,2735,6,6,1,1,6,25
67,19,1833039,17528,43021,19138,721,128200,241869,3092,767651,165041,10454,75830,77979,39948,115773,126794,1,5,2269,5,5,1,1,5,34
68,20,2511751,15949,43262,14475,554,170132,291039,2713,1143845,310581,17918,74811,99637,69849,107477,149509,1,8,3646,8,8,1,1,8,26
69,21,1323275,16784,41039,14682,552,82830,169387,2660,502968,117796,7177,76385,47757,25927,104006,113325,1,3,1367,3,3,1,1,3,24
70,22,1469252,15012,32603,7667,530,92323,146485,2120,657179,127131,9415,73524,43484,33007,107458,121314,1,4,1841,4,4,1,1,4,6
71,23,2297623,16614,38749,9547,575,150800,240726,2924,1143928,235686,17810,75745,77311,60922,103960,122326,1,8,3674,8,8,1,1,8,12
72,24,2369954,16854,42928,13915,693,166475,259993,3050,1105804,254677,18127,85969,89706,60962,103853,146948,1,8,3660,8,8,1,1,8,19
73,25,1525235,16159,38012,11459,533,96499,177884,2945,637036,151349,9727,69384,51224,33728,116800,112496,1,4,1831,4,4,1,1,4,16
74,26,2732989,15203,43962,14100,551,185185,305383,2856,1265356,358368,22365,72433,107059,70125,104529,165514,1,9,4108,9,9,1,1,9,24
75,27,1888949,17934,45130,13229,609,122168,210529,3133,835202,195995,11989,81110,71744,39528,115357,125292,1,5,2285,5,5,1,1,5,20
76,28,2024518,15659,41612,10980,616,134533,224384,3710,942045,201727,13581,73454,76638,46777,113109,125693,1,6,2749,6,6,1,1,6,16
77,29,2264110,16131,40725,11254,570,142247,232743,3082,1064583,263918,15647,77570,83808,65552,112324,133956,1,7,3208,7,7,1,1,7,15
78,30,2085474,16358,42574,17536,596,137388,248072,3412,920237,227351,12704,74962,87396,46050,114557,136281,1,6,2732,6,6,1,1,6,28
79,31,2853966,17543,46304,19694,602,204884,324189,3134,1357106,311661,20099,74411,126538,68436,113075,166290,1,9,4088,9,9,1,1,9,33
80,32,801888,14131,29727,6219,558,34683,57971,2168,267868,53476,3201,67511,24857,9656,113723,116139,1,1,461,1,1,1,1,1,3
81,33,2307661,16731,46604,14491,715,151158,256772,3557,1064041,242899,15700,79533,92713,64368,115507,142872,1,7,3196,7,7,1,1,7,22
82,34,1832403,16025,40905,7740,637,120345,168941,3564,885663,164372,11780,75926,64872,39928,121719,109986,1,5,2302,5,5,1,1,5,6
83,35,2345772,16300,51170,11763,599,162111,248052,3764,1106294,207548,16227,84040,91720,53741,125047,167396,1,7,3206,7,7,1,1,7,16
84,36,1372487,14644,35631,8419,769,78955,133905,1993,587288,117357,17506,73444,47500,25765,119668,109643,1,3,1380,3,3,1,1,3,6
85,37,1576717,15763,42694,7945,676,101929,151357,2492,731877,117510,10053,66440,54231,33418,128044,112288,1,4,1841,4,4,1,1,4,6
86,38,2367357,17956,51683,11979,643,169185,251250,3971,1130847,212280,15589,83316,90375,51565,138632,138086,1,7,3211,7,7,1,1,7,14
87,39,2349173,15966,46511,12119,738,153937,250089,3628,1131068,226082,16258,77910,93429,54868,132084,134486,1,7,3204,7,7,1,1,7,17
88,40,1629044,15845,39151,11227,760,108604,161183,3551,716427,144700,10192,76892,59159,34710,125553,121090,1,4,1837,4,4,1,1,4,10
89,41,2435350,15769,42142,10149,614,179165,246463,2282,1212969,250315,17882,79017,88155,58140,116744,115544,1,8,3676,8,8,1,1,8,11
90,42,2042813,15354,40818,9654,660,137811,197106,2342,983262,190592,14562,78251,69925,55713,122469,124294,1,6,2758,6,6,1,1,6,10
91,43,1606725,16192,37221,9132,763,111245,149187,2285,728142,131010,9865,82170,54480,34759,121290,118984,1,4,1841,4,4,1,1,4,6
92,44,2384332,15691,51001,16857,647,156857,270024,3381,1107490,214885,16552,78370,97586,53856,124963,176172,1,7,3196,7,7,1,1,7,24
93,45,2153888,16125,43770,12982,693,136363,216914,2827,972481,221052,14660,78862,78991,49370,122674,186124,1,6,2752,6,6,1,1,6,15
94,46,2459921,15746,49386,20209,633,164797,274299,3983,1145970,221167,16640,82369,108933,56355,122138,177296,1,7,3184,7,7,1,1,7,29
95,47,1984173,15090,38993,7517,854,124759,185973,2963,982708,161385,13254,74643,67469,57224,119055,132286,1,6,2762,6,6,1,1,6,7
96,0,2264779,17132,46285,20363,606,154487,274933,3171,970242,198030,14221,78390,98249,47944,137872,202854,1,6,2712,6,6,1,1,6,37
97,1,2014101,15625,35476,6220,782,125651,184261,3262,988401,171234,13937,67763,75804,49800,132232,143653,1,6,2763,6,6,1,1,6,6
98,2,2138999,14438,39125,6990,879,143431,202152,2867,1108521,115797,16608,66691,76249,56930,124200,164121,1,7,3223,7,7,1,1,7,7
99,3,1740713,15488,38948,7321,749,110104,178371,2299,850852,100515,12086,69208,62099,40113,115354,137206,1,5,2302,5,5,1,1,5,6
100,4,3743819,18252,57345,20977,640,269391,408652,3164,1869403,350506,27289,77873,170043,97637,137828,234819,1,13,5897,13,13,1,1,13,37
101,5,3490913,18511,49128,21565,624,242764,394483,3116,1724744,308788,25572,85811,164014,93255,117689,240849,1,12,5433,12,12,1,1,12,40
102,6,3391841,18292,58044,22178,611,225494,386224,4081,1575214,390716,23921,76754,163978,84662,127960,233712,1,11,4979,11,11,1,1,11,41
103,7,2677700,15842,49050,20309,724,176687,313772,3645,1227178,265960,19578,74558,128330,63541,115686,202840,1,8,3618,8,8,1,1,8,40
104,8,5008367,18864,62101,21857,515,333465,534138,3364,2488732,626443,38771,78721,248282,134239,116940,301935,1,18,8139,18,18,1,1,18,45
105,9,5038484,17198,63177,24765,737,344369,544267,3255,2501176,591546,47956,75168,245687,140952,126844,311387,1,18,8130,18,18,1,1,18,48
106,10,3933979,17230,63240,30113,658,274381,438832,3462,1882045,439163,31613,73379,183415,104451,132941,259056,1,13,5890,13,13,1,1,13,39
107,11,3468789,18859,50047,20159,630,247317,386213,3538,1641953,379364,24943,82740,160679,83383,128563,240401,1,11,4987,11,11,1,1,11,37
108,12,5134196,18130,61765,22976,736,356787,530066,3471,2537613,678278,40060,76105,243397,134260,132502,298050,1,18,8140,18,18,1,1,18,45
109,13,3669283,18428,52750,23845,585,239332,405135,3677,1764381,433258,27812,72389,170375,91710,124165,241441,1,12,5430,12,12,1,1,12,41
110,14,3243115,16287,55279,21401,606,222670,362242,3647,1532753,345195,22733,77898,147020,77535,120716,237133,1,10,4529,10,10,1,1,10,39
111,15,4755216,18669,58882,22926,652,325792,505100,3456,2377197,564173,38777,84290,224410,133850,124184,272858,1,16,7240,16,16,1,1,16,43
112,16,3268895,17266,54457,21521,656,219562,363809,3141,1513930,387798,22220,85336,145408,79445,128078,226268,1,10,4526,10,10,1,1,10,40
113,17,3233720,18722,54579,22155,647,231985,368050,3566,1540671,330695,22146,81220,152720,76256,123943,206365,1,10,4520,10,10,1,1,10,41
114,18,2527337,16959,52053,21732,605,179337,312605,3783,1122996,256406,15330,75579,118306,56259,119663,175724,1,7,3164,7,7,1,1,7,41
115,19,1559596,17232,45744,23479,660,103683,219300,3627,576401,142066,7781,74424,62840,24796,118296,139267,1,3,1355,3,3,1,1,3,39
116,20,3428553,24585,55927,21106,716,258676,394488,3291,1611500,372828,25163,73928,158426,84873,121371,221675,1,11,4974,11,11,1,1,11,41
117,21,3609491,17242,49584,23197,661,257583,423153,3283,1716842,395939,26447,73866,180081,101021,111585,229007,1,12,5412,12,12,1,1,12,47
118,22,2039612,17005,36275,9041,756,140032,184510,2422,964712,185098,13556,84254,65793,47744,133078,155336,1,6,2762,6,6,1,1,6,7
119,23,2067686,15535,39365,12663,687,142249,216308,3305,951309,158227,14112,72931,78181,60888,113191,188735,1,6,2748,6,6,1,1,6,15
120,24,4801307,18060,51183,21390,722,334896,506178,3645,2420252,575958,34799,77770,225809,124162,119784,286699,1,17,7697,17,17,1,1,17,42
121,25,3381908,17551,52849,21056,697,228199,389639,3274,1609782,359817,24973,74965,160518,84682,134407,219499,1,11,4983,11,11,1,1,11,38
122,26,4034220,18140,58919,24028,587,284192,455073,3198,1913675,481354,31245,77815,195946,101345,125395,263308,1,13,5879,13,13,1,1,13,43
123,27,3374752,17392,53864,23436,784,226467,389012,3664,1637354,354292,24530,76312,159897,87015,123649,197084,1,11,4979,11,11,1,1,11,40
124,28,3918625,17581,56104,21421,619,271058,428707,3907,1914359,423511,30707,74882,187426,99621,127947,260775,1,13,5887,13,13,1,1,13,40
125,29,3132517,16334,48072,13118,713,191639,308243,3763,1543611,380800,22768,80527,121548,73218,122549,205614,1,10,4573,10,10,1,1,10,20
126,30,2508140,17478,47722,23008,600,174891,316032,3616,1092734,249288,15291,86199,118419,54750,118467,189645,1,7,3163,7,7,1,1,7,42
127,31,3018629,18407,59671,23256,626,200786,371150,3580,1356579,328219,32500,75361,144796,76034,120172,207492,1,9,4061,9,9,1,1,9,45
128,32,2273289,15215,40621,8871,701,145852,216939,2486,1119623,196347,16694,76522,79524,53935,122467,177492,1,7,3218,7,7,1,1,7,10
129,33,3908215,16415,55082,21108,678,282787,432224,3632,1931832,408965,28908,80726,198807,97340,123853,225858,1,13,5881,13,13,1,1,13,42
130,34,2263855,17744,39946,9071,622,147652,215505,3226,1107917,213270,16604,75747,79049,54802,121368,161332,1,7,3221,7,7,1,1,7,9
131,35,2307398,16263,41767,14736,619,153711,269197,3428,1098014,182291,16131,75670,94521,54140,113332,173578,1,7,3192,7,7,1,1,7,24
132,36,1322439,15652,32645,7817,650,72584,118224,2066,572931,93734,8047,72773,43946,27565,109961,143844,1,3,1381,3,3,1,1,3,5
133,37,1542540,16357,34926,8425,530,92599,160915,2616,687182,116853,8712,69280,51572,31621,116408,144544,1,4,1840,4,4,1,1,4,7
134,38,2623970,17065,47778,16942,630,187797,289147,4050,1245771,240813,17903,82463,105714,62280,119017,186600,1,8,3654,8,8,1,1,8,22
135,39,3176506,18934,49210,18792,618,217191,335924,4174,1553760,314507,21785,82677,139088,84969,125578,209299,1,10,4552,10,10,1,1,10,29
136,40,2661938,17118,43725,16157,637,173011,276519,3508,1260614,272271,19383,81369,107172,75148,117100,198206,1,8,3654,8,8,1,1,8,22
137,41,2305857,16898,51271,10056,637,142045,221281,2797,1123230,213882,15446,79334,90930,53665,116765,167620,1,7,3215,7,7,1,1,7,11
138,42,2158178,16870,44314,14217,603,135134,229120,3232,1000701,188741,13892,89616,83191,49088,118657,170802,1,6,2745,6,6,1,1,6,18
139,43,2039751,16319,40517,9095,588,124213,204013,2331,982442,156447,13570,75147,73191,47513,116212,178153,1,6,2758,6,6,1,1,6,10
140,44,2664515,17626,47136,19000,828,182981,298023,3193,1256551,242853,18119,79740,113987,61510,120209,202759,1,8,3634,8,8,1,1,8,32
141,45,2407757,17626,47038,14335,738,157498,258359,2996,1121046,219095,16987,80887,92452,53773,115635,209292,1,7,3204,7,7,1,1,7,19
142,46,3772371,18269,55458,21566,688,257595,397798,3992,1789102,453575,28016,82229,172021,89837,136263,265962,1,12,5436,12,12,1,1,12,39
143,47,2521384,15865,45541,9973,789,157677,240036,2356,1256525,227563,19286,79726,90828,66100,122477,186642,1,8,3678,8,8,1,1,8,10
144,0,3497923,18317,55467,27673,678,258238,420226,3646,1602100,305006,23960,88862,178600,84422,129899,300829,1,11,4939,11,11,1,1,11,54
145,1,2345953,17940,37796,8815,635,140462,208734,3517,1102141,178909,16077,103938,75903,52341,128179,270566,1,7,3222,7,7,1,1,7,8
146,2,1784269,17043,32494,7355,673,110557,163218,2142,858185,113473,11408,68215,59970,39618,139079,160839,1,5,2302,5,5,1,1,5,6
147,3,1720402,16353,32540,8568,541,108449,174866,2364,828382,84369,10915,67822,57645,38691,119297,169600,1,5,2301,5,5,1,1,5,7
148,4,2900470,16723,47371,19988,511,234123,347828,3580,1341157,262396,19444,76997,135102,70601,117331,207318,1,9,4068,9,9,1,1,9,41
149,5,3833548,19670,74345,31915,717,254632,449018,3559,1778174,428856,27568,128851,176512,91354,122913,245464,1,12,5418,12,12,1,1,12,45
150,6,2682275,17051,48572,20935,595,208349,318674,3629,1238181,244700,18268,77206,121882,62187,119973,182073,1,8,3622,8,8,1,1,8,38
151,7,2018683,17114,47541,21864,658,138368,267653,4169,838634,188215,13043,73617,88836,43828,116914,158229,1,5,2254,5,5,1,1,5,44
152,8,3275951,18797,50957,24461,630,235919,379426,3599,1535324,310047,21730,78153,158189,81529,130489,246701,1,10,4504,10,10,1,1,10,48
153,9,3448293,18257,51522,24145,723,242878,399133,3412,1610274,371198,24244,75733,168203,84600,124117,249854,1,11,4958,11,11,1,1,11,47
154,10,2503650,17784,50143,20156,623,166429,307077,3919,1111578,258874,15545,75366,114979,57312,120666,183199,1,7,3165,7,7,1,1,7,39
155,11,3030214,18713,54244,24928,845,211718,372619,4143,1375641,286144,18782,86053,148058,71139,122313,234874,1,9,4051,9,9,1,1,9,46
156,12,3232969,18053,52646,23367,615,228015,366805,4166,1510578,322841,22754,78174,148549,77773,128052,250581,1,10,4516,10,10,1,1,10,43
157,13,3006494,25491,48776,21942,623,205903,361113,4352,1377003,320217,20831,73629,143622,68055,120094,214843,1,9,4046,9,9,1,1,9,49
158,14,3437706,17527,52372,22842,754,242358,405489,3611,1615529,341963,23711,76167,166914,83295,119977,265197,1,11,4964,11,11,1,1,11,45
159,15,2666852,16243,46522,21761,684,182184,338489,3505,1207980,251871,17449,72631,125694,62061,121940,197838,1,8,3608,8,8,1,1,8,45
160,16,3676108,17726,51045,21423,654,253465,412703,3397,1780227,382448,27383,86194,171449,97577,117317,253100,1,12,5424,12,12,1,1,12,43
161,17,2570790,16559,49425,23185,656,171134,338221,3666,1107254,281110,15434,73453,130294,57984,119142,183273,1,7,3157,7,7,1,1,7,43
162,18,2673698,17013,50601,31802,607,191449,320721,4372,1199103,273876,34592,72636,127139,58217,120004,171566,1,7,3162,7,7,1,1,7,41
163,19,1255994,16478,42553,20175,597,83382,178047,3903,431463,107799,5040,73320,44863,18072,117232,113070,1,2,908,2,2,1,1,2,35
164,20,2494344,16444,46233,22180,654,175664,304346,3563,1115294,239661,14565,73055,115058,54598,125404,187625,1,7,3158,7,7,1,1,7,43
165,21,3401296,18663,48295,22809,530,229163,398081,3276,1582004,383506,22929,76468,169636,86254,119366,240316,1,11,4958,11,11,1,1,11,47
166,22,3007022,16019,45740,10644,731,212937,285114,2700,1520391,310382,23051,75390,107439,77382,121475,197627,1,10,4593,10,10,1,1,10,13
167,23,3421357,16974,55529,13573,793,235173,377922,3809,1754615,286391,26559,78870,141537,94828,123124,211660,1,12,5496,12,12,1,1,12,19
168,24,4270914,15868,56037,22663,638,301351,467113,3700,2079676,495899,30426,77154,209628,104485,134207,272069,1,14,6322,14,14,1,1,14,46
169,25,3528939,17574,49838,23425,647,250862,400348,3585,1662665,397539,24650,84774,171958,86955,123811,230308,1,11,4959,11,11,1,1,11,46
170,26,4197639,18498,58840,24212,738,298548,465017,3331,2033576,458193,31367,76762,208354,107687,131633,280883,1,14,6318,14,14,1,1,14,47
171,27,2313414,17297,47727,21733,803,158948,305430,5614,966686,245268,13975,76282,104727,49408,119747,179769,1,6,2701,6,6,1,1,6,44
172,28,2819913,17265,51416,23668,622,193851,342545,3735,1263680,317161,16653,75099,135280,67145,119941,191852,1,8,3608,8,8,1,1,8,45
173,29,2701404,17540,42438,15137,895,180537,288993,3581,1269002,278664,19026,76410,104568,77956,117314,209343,1,8,3654,8,8,1,1,8,22
174,30,2517319,18110,48369,21867,756,185845,317091,3234,1107540,238068,14882,75029,118777,57169,120218,190364,1,7,3165,7,7,1,1,7,41
175,31,2278552,17459,46767,20625,587,154671,282085,4023,1000514,241093,12378,74570,101220,47649,120672,154239,1,6,2714,6,6,1,1,6,40
176,32,2531282,15951,41523,10398,589,174818,241743,2434,1246727,228587,16011,73742,89300,60935,121818,206706,1,8,3676,8,8,1,1,8,11
177,33,4049981,18953,62548,23209,706,280605,461195,3499,2001283,383738,30889,78170,203146,109394,126449,266197,1,14,6330,14,14,1,1,14,44
178,34,2740414,16496,42793,10061,808,180841,251437,3316,1409642,260580,21222,75455,92678,68508,114938,191639,1,9,4139,9,9,1,1,9,10
179,35,3070338,17891,45380,16945,603,210635,329690,2914,1486605,291304,22942,86957,138020,76968,117889,225595,1,10,4554,10,10,1,1,10,28
180,36,1583961,15994,36730,7859,921,102806,145049,2510,714649,120259,10201,69293,54850,32987,117519,152334,1,4,1841,4,4,1,1,4,6
181,37,2481726,15590,38595,11235,800,168674,246964,2163,1252094,206743,18928,70185,90549,64561,115076,179569,1,8,3674,8,8,1,1,8,12
182,38,3251267,17777,46091,17159,533,218483,348917,3558,1601891,299458,25688,83484,138964,82849,121670,244745,1,11,5011,11,11,1,1,11,29
183,39,2861688,17194,48181,17971,636,192336,323442,3577,1388823,260330,19231,80183,126353,67873,119716,195842,1,9,4095,9,9,1,1,9,30
184,40,3172324,17095,50087,17938,684,203681,321504,4052,1510007,361532,23044,77920,133520,75389,125612,250259,1,10,4561,10,10,1,1,10,26
185,41,3445754,17551,46805,13330,842,238674,343099,2708,1768181,331399,27831,79079,134681,91062,126493,224019,1,12,5499,12,12,1,1,12,18
186,42,2390624,16362,43709,14939,610,157981,246024,2662,1141937,187565,15596,89103,91673,55020,117528,209915,1,7,3202,7,7,1,1,7,18
187,43,2827615,17519,49824,11380,584,201745,272733,2332,1445073,226501,20669,75972,101898,68233,125637,207515,1,9,4134,9,9,1,1,9,12
188,44,2277471,17987,49867,21760,570,152967,273058,3272,984887,190699,15125,83019,98817,48863,130627,205953,1,6,2722,6,6,1,1,6,35
189,45,1759422,16856,41140,14060,614,105793,189878,2715,720840,129999,10105,77175,77630,33638,115366,223613,1,4,1827,4,4,1,1,4,20
190,46,2280415,17846,44411,22222,625,157069,286707,3836,960228,230084,13553,83391,104832,47127,117463,191021,1,6,2713,6,6,1,1,6,40
191,47,3505768,16144,53286,13783,742,245598,330871,2206,1787700,364509,26839,82197,127819,99928,126432,227714,1,12,5508,12,12,1,1,12,15
192,0,4843416,20532,61376,29348,609,366299,543238,3258,2258382,499837,35168,83373,261869,123140,137241,419746,1,16,7164,16,16,1,1,16,62
193,1,2291739,16197,39919,9766,656,144074,210202,3318,1094451,217346,15807,89711,77349,58807,130653,183483,1,7,3222,7,7,1,1,7,8
194,2,2172891,17761,39699,9599,735,141046,210774,2346,1092090,129642,17131,70461,78663,56243,130860,175841,1,7,3221,7,7,1,1,7,8
195,3,2618904,17353,43398,10982,728,183161,254423,2575,1373239,178292,20129,72800,92718,67556,121745,179805,1,9,4137,9,9,1,1,9,11
196,4,2863723,16595,46471,20604,578,211975,341982,3000,1359447,254874,21260,77530,131297,68253,127503,182354,1,9,4072,9,9,1,1,9,40
197,5,2234026,16280,43865,21835,597,158456,291377,3034,950190,233943,12850,73433,96956,48237,119126,163847,1,6,2702,6,6,1,1,6,44
198,6,2821325,16229,44513,18556,541,190071,322286,3311,1311710,326917,18953,73409,118962,71960,111720,192187,1,9,4084,9,9,1,1,9,36
199,7,1925940,16899,52935,21242,598,132875,260989,3244,773978,226041,11407,74664,80797,39310,115400,115561,1,5,2259,5,5,1,1,5,41
200,8,3473130,18342,55686,24562,781,241313,401608,3793,1671699,398693,22389,75039,167124,88601,132875,170625,1,11,4959,11,11,1,1,11,46
201,9,2517550,17999,51802,21015,610,172333,290899,3172,1159481,259982,13959,75488,112271,55816,120487,162236,1,7,3175,7,7,1,1,7,34
202,10,3795264,18489,53110,19727,651,267088,425803,4057,1782480,460112,25124,73142,182521,90717,144827,247416,1,12,5436,12,12,1,1,12,39
203,11,3063939,16921,53793,24356,794,210295,355139,3652,1393483,328462,21290,76162,159169,73910,126820,219693,1,9,4060,9,9,1,1,9,43
204,12,3196691,18493,56155,22864,643,220484,371078,3404,1492864,297058,22121,86520,164811,76298,127791,236107,1,10,4518,10,10,1,1,10,43
205,13,3820792,18814,59934,21529,640,273045,426662,4012,1840948,393616,27133,76875,185189,123528,124441,244426,1,12,5433,12,12,1,1,12,40
206,14,3031503,18828,54079,24142,655,196415,356749,3568,1374478,335560,20893,88870,140739,68859,123613,224055,1,9,4070,9,9,1,1,9,41
207,15,2764049,18558,49665,22373,630,187292,350691,3175,1236384,295759,18570,74764,124279,63105,118159,200645,1,8,3610,8,8,1,1,8,44
208,16,2935008,18179,51216,21466,592,213275,343296,3685,1372136,266903,20586,85142,137507,69070,122717,209238,1,9,4070,9,9,1,1,9,41
209,17,2501149,16779,48202,22455,640,169305,305417,3479,1117246,253941,14889,73139,123290,55511,117209,179647,1,7,3166,7,7,1,1,7,40
210,18,3239780,18975,53349,21837,766,214551,349605,4100,1499111,400185,21184,76357,154994,77258,138161,209347,1,10,4531,10,10,1,1,10,37
211,19,2014219,17819,47639,20178,679,130402,252298,3608,878181,173170,10536,84543,84182,39119,121221,150644,1,5,2268,5,5,1,1,5,36
212,20,2689242,17647,47712,20366,681,184746,312740,3624,1239932,276855,17357,75190,119615,62499,112497,197781,1,8,3622,8,8,1,1,8,38
213,21,3424127,16842,48223,21050,773,239169,372837,3507,1651050,395956,26664,74201,160608,86026,117007,210214,1,11,4980,11,11,1,1,11,39
214,22,3482075,18491,47631,11257,642,238599,335134,2957,1810126,344393,26520,77298,123530,91133,142006,212358,1,12,5511,12,12,1,1,12,14
215,23,2964561,17128,48277,15498,612,220731,313136,3411,1495308,237406,21951,79726,125703,76394,120035,189245,1,10,4573,10,10,1,1,10,21
216,24,2513584,17766,48802,20119,612,171173,314811,4142,1118827,236019,15274,76114,117209,56093,123606,193017,1,7,3162,7,7,1,1,7,43
217,25,2951728,16983,47349,21785,632,194713,345175,3136,1366518,354955,18872,74349,147830,70743,111979,176709,1,9,4077,9,9,1,1,9,37
218,26,2275305,18385,45148,23445,605,150236,303394,3349,958968,225822,13091,76665,105743,47873,114604,187977,1,6,2705,6,6,1,1,6,45
219,27,2505549,17823,44239,20571,610,174381,315368,3328,1119730,248091,15355,73266,116287,57916,112754,185830,1,7,3158,7,7,1,1,7,43
220,28,2533598,16961,49648,21252,632,168127,304612,3211,1123430,288028,14282,76435,113043,53381,118018,182538,1,7,3167,7,7,1,1,7,40
221,29,2819096,16598,45817,15660,609,188010,307894,3441,1382476,255942,19702,81000,114714,68470,119588,199175,1,9,4110,9,9,1,1,9,23
222,30,2839675,17014,50695,23858,867,200508,340218,3460,1305270,290962,20215,74081,134887,68023,120454,189163,1,8,3612,8,8,1,1,8,43
223,31,3482703,17430,51967,22094,608,241524,399447,3963,1658134,382519,25284,76176,176893,83926,122256,220482,1,11,4971,11,11,1,1,11,44
224,32,2773104,16154,41063,10520,702,185861,273383,2485,1398123,266157,20315,75922,108548,68934,117867,187070,1,9,4134,9,9,1,1,9,12
225,33,2925053,17724,50260,22688,619,222009,344986,3727,1387408,249390,19828,78357,152776,70038,121022,184221,1,9,4068,9,9,1,1,9,41
226,34,3022545,24102,40096,9809,743,197000,276163,3489,1529181,287407,23054,76505,100751,75597,171624,207024,1,10,4598,10,10,1,1,10,11
227,35,4418766,18334,56581,19486,641,332295,457749,3672,2310784,382253,35274,83507,213671,120381,130661,253477,1,15,6831,15,15,1,1,15,31
228,36,2727072,16472,38759,11070,805,189139,263017,2155,1389426,240943,19791,82428,93938,68592,118997,191540,1,9,4137,9,9,1,1,9,11
229,37,3025689,17080,42349,11322,802,206820,309102,2521,1607841,218053,22928,76015,123857,81995,118408,186596,1,11,5050,11,11,1,1,11,14
230,38,2974840,18564,48342,15488,702,196540,310452,4286,1398044,270690,20102,80729,122855,68699,135072,284275,1,9,4106,9,9,1,1,9,25
231,39,3630025,18644,54872,18488,738,247768,400681,3857,1785152,398738,26838,83274,165217,92132,125379,208247,1,12,5457,12,12,1,1,12,32
232,40,2260203,17454,39507,14132,750,139487,250850,13059,1002954,222062,15029,76912,86385,50891,123997,206734,1,6,2744,6,6,1,1,6,19
233,41,3933923,16298,54071,14121,720,282462,385277,2988,2004088,433364,30049,79111,155205,103444,135468,237257,1,14,6411,14,14,1,1,14,20
234,42,2163363,17963,44520,13779,742,135331,219417,2198,981592,162323,13623,73379,83473,46938,138744,229341,1,6,2745,6,6,1,1,6,17
235,43,1858038,16057,35445,9961,684,115975,175377,2257,882265,137030,11812,71961,64413,41029,121489,172283,1,5,2299,5,5,1,1,5,8
236,44,3691570,16743,67910,24533,738,274984,434127,3629,1738429,372063,29449,80619,189622,93786,123084,241854,1,12,5412,12,12,1,1,12,47
237,45,1492960,15925,37723,13392,605,96459,161414,2581,563487,127085,7292,75219,48179,25210,112235,206154,1,3,1372,3,3,1,1,3,19
238,46,3297391,17370,45757,22953,696,224234,402016,3222,1474315,366479,22983,80410,171534,81695,125586,258141,1,10,4514,10,10,1,1,10,45
239,47,2091174,15517,42782,10521,635,129332,196107,2342,986424,177987,13304,85484,72324,46496,115847,196072,1,6,2759,6,6,1,1,6,10
240,0,3203935,17346,52062,21944,771,224726,358616,3105,1514111,321935,22302,76659,148165,93423,143289,205481,1,10,4523,10,10,1,1,10,39
241,1,2687523,16503,43520,9772,774,180912,253052,3075,1365182,250696,20152,76142,101094,67563,132910,166176,1,9,4139,9,9,1,1,9,10
242,2,1987261,23878,37449,8817,711,128510,189003,2270,1001930,110341,14273,67283,71191,49090,127560,154955,1,6,2762,6,6,1,1,6,7
243,3,2189851,17813,37902,10869,627,152617,208678,2647,1114560,120331,15380,68533,75290,60196,131921,172487,1,7,3220,7,7,1,1,7,9
244,4,3045942,17880,50127,23283,649,215927,336676,3465,1519577,256372,20181,73581,133464,68250,128257,198253,1,9,4073,9,9,1,1,9,40
245,5,2302820,17400,48627,21594,795,163330,288722,3466,980672,219521,13309,73986,106510,47436,123960,193492,1,6,2705,6,6,1,1,6,43
246,6,2949112,18051,58817,22364,710,200366,335173,3450,1374442,327748,19106,73341,139703,71620,123450,180771,1,9,4079,9,9,1,1,9,39
247,7,2943095,16995,47459,20486,778,213422,362070,3517,1356445,313359,21585,75386,130977,72607,114685,193324,1,9,4076,9,9,1,1,9,39
248,8,2989541,17744,48013,21980,673,209758,357832,3283,1366689,327239,21714,74809,139419,95295,122125,182968,1,9,4062,9,9,1,1,9,45
249,9,3068138,18347,54205,24782,698,200909,355931,3531,1417629,328278,21992,83755,144199,71380,125490,217012,1,9,4067,9,9,1,1,9,42
250,10,3298807,18648,52808,24158,737,240973,378466,3164,1528722,371085,25612,73370,154008,80711,138303,208042,1,10,4519,10,10,1,1,10,42
251,11,3490036,18477,57332,22177,581,246806,399520,3703,1654226,360768,26016,77568,172969,87806,129459,232628,1,11,4963,11,11,1,1,11,46
252,12,3042639,18622,50607,34073,749,210213,349633,3361,1370755,316380,20290,76123,148818,67267,126682,249066,1,9,4057,9,9,1,1,9,45
253,13,3712717,18248,67489,23909,636,265339,407630,4000,1772405,411915,26696,74371,178207,91070,124861,245941,1,12,5424,12,12,1,1,12,43
254,14,3820170,21007,58162,37656,656,262241,420356,3260,1767435,462613,27232,78354,183694,90755,139531,267218,1,12,5424,12,12,1,1,12,43
255,15,2290874,16916,48425,21836,653,154440,281376,3419,991822,240785,13606,72724,101608,47346,124349,171569,1,6,2713,6,6,1,1,6,39
256,16,3475176,17156,50387,21833,637,231742,382166,3201,1685516,408634,22974,75343,158731,87801,118878,210177,1,11,4982,11,11,1,1,11,40
257,17,2201099,15719,44320,19117,604,147930,274136,2904,959006,244386,12808,71911,95713,47557,111800,153188,1,6,2716,6,6,1,1,6,37
258,18,2761057,17833,46952,23419,598,193496,321918,3574,1250936,284732,17430,88020,126432,63198,131978,190541,1,8,3618,8,8,1,1,8,40
259,19,1809551,17088,47186,22035,625,134903,244160,3803,724527,166456,9794,73381,76721,32342,124735,131795,1,4,1808,4,4,1,1,4,39
260,20,2546046,16792,46518,21268,636,178403,316269,3436,1142089,270514,15996,73625,119240,59531,119938,161791,1,7,3160,7,7,1,1,7,42
261,21,3814304,19282,57780,25719,850,266839,426338,3271,1815842,419083,26685,77200,184740,94146,127985,268544,1,12,5415,12,12,1,1,12,46
262,22,2509711,16105,38555,11125,555,162720,235640,2493,1253428,251614,19837,72944,86159,61902,120608,176026,1,8,3678,8,8,1,1,8,10
263,23,2774598,17361,43191,23335,555,182544,289635,3938,1393008,231745,19978,76998,108186,68739,115844,199541,1,9,4118,9,9,1,1,9,20
264,24,3217006,16927,47174,24036,547,217272,387049,3653,1500100,334655,23047,77322,156725,76321,125024,227154,1,10,4504,10,10,1,1,10,49
265,25,3974678,19965,59022,32837,719,303252,421865,3401,1915075,432474,29900,77067,186083,101308,127615,264095,1,13,5883,13,13,1,1,13,41
266,26,4442305,17875,61626,23243,748,308489,474211,3284,2141868,548555,34411,75956,225183,115751,135382,275723,1,15,6784,15,15,1,1,15,44
267,27,2340097,18974,48121,22057,643,155374,277555,3766,1017867,248392,12875,85063,101795,48975,129485,169155,1,6,2713,6,6,1,1,6,38
268,28,2783723,18880,62297,20013,701,185611,331532,3499,1258843,307026,17441,77152,122480,64912,128057,185279,1,8,3622,8,8,1,1,8,38
269,29,2898917,19154,45506,15835,624,191541,289061,3448,1412718,305301,21495,79915,111487,71667,121166,209999,1,9,4114,9,9,1,1,9,21
270,30,2746741,17726,50523,21332,635,179021,321634,3455,1268611,286546,19207,73870,121783,65354,130878,186166,1,8,3620,8,8,1,1,8,39
271,31,3293364,18946,52468,22157,862,222083,371844,3580,1537506,392784,22548,74500,153258,79098,123605,218125,1,10,4526,10,10,1,1,10,41
272,32,2347233,16809,39963,9480,755,142782,218588,2935,1151410,240142,17440,73222,82314,56334,120442,174617,1,7,3218,7,7,1,1,7,10
273,33,4053791,17856,56623,20654,620,290948,441399,3418,2030354,409833,30724,80032,194357,105551,124130,247292,1,14,6337,14,14,1,1,14,41
274,34,2555693,16160,39450,9036,604,168804,233258,3277,1297360,251824,19547,74761,87487,66765,120764,166596,1,8,3680,8,8,1,1,8,9
275,35,4468880,18302,52035,20369,639,313158,464195,3178,2318818,482404,36237,80079,195216,120151,124399,239700,1,16,7280,16,16,1,1,16,33
276,36,2268135,16972,38287,9477,779,144160,222738,2335,1132584,184988,16741,73828,78086,56548,113311,177301,1,7,3219,7,7,1,1,7,9
277,37,3125573,16601,55698,10066,575,251850,305862,2237,1668891,233604,23383,75962,111864,80733,115884,172363,1,11,5050,11,11,1,1,11,14
278,38,2484489,17613,45908,17314,879,162044,263379,4103,1167374,206173,16934,81822,101355,56771,139060,203760,1,7,3197,7,7,1,1,7,23
279,39,2161680,17274,44817,17021,847,138039,257794,3364,960343,202811,14173,79967,91443,47560,128913,157314,1,6,2733,6,6,1,1,6,27
280,40,3102427,17936,42517,17493,625,202766,331714,3209,1489120,345057,23811,88838,129211,77520,112758,219852,1,10,4554,10,10,1,1,10,28
281,41,2337083,17457,41082,10189,653,146672,227231,2309,1153062,214426,15729,74640,86619,55267,119780,171967,1,7,3211,7,7,1,1,7,13
282,42,2839887,17334,47529,14037,633,192859,298810,2224,1397638,243666,20614,84546,112308,71010,125192,211487,1,9,4117,9,9,1,1,9,20
283,43,1403256,16307,37753,8495,661,76259,126237,2905,591100,106189,7913,67400,47018,26006,124652,164361,1,3,1379,3,3,1,1,3,7
284,44,3982157,16621,57669,21995,703,292129,445446,3284,1938370,388382,29427,82905,198835,100309,139380,266702,1,13,5880,13,13,1,1,13,43
285,45,2219941,17020,45264,15902,592,141467,228065,3298,1002633,207978,14515,77259,86816,48023,128916,202193,1,6,2742,6,6,1,1,6,21
286,46,3308013,17499,52285,23083,653,219447,368086,3609,1525697,390473,23049,82121,151519,78660,134353,237479,1,10,4524,10,10,1,1,10,41
287,47,2579719,16711,53282,11248,672,165594,257353,2354,1277068,234762,17660,77808,92489,59970,122982,189766,1,8,3672,8,8,1,1,8,13
288,0,5336296,19661,59038,24876,718,388163,586409,3589,2590470,566176,39871,81251,265551,143812,152767,413944,1,18,8104,18,18,1,1,18,53
289,1,2103226,18218,38132,7896,648,126255,186404,3453,1000225,181947,14138,83913,69856,47826,130675,193640,1,6,2762,6,6,1,1,6,7
290,2,2693776,16066,47276,8428,698,175266,252331,2366,1400735,191125,20880,66267,92247,70840,130512,218739,1,9,4139,9,9,1,1,9,10
291,3,2629697,16442,42367,9399,579,175185,266780,3270,1407757,150837,19059,74575,92068,65936,122520,182923,1,9,4137,9,9,1,1,9,11
292,4,1542489,17758,46618,23417,664,111711,229821,3638,596142,100675,7501,77778,64744,25685,128799,107538,1,3,1351,3,3,1,1,3,44
293,5,3501803,17255,55456,24155,777,248766,398962,3944,1667012,346562,24866,76602,177005,87414,129418,243609,1,11,4957,11,11,1,1,11,47
294,6,3012563,16679,47844,21802,631,206988,346771,3333,1392599,342733,20421,75669,139607,70898,116622,209966,1,9,4067,9,9,1,1,9,43
295,7,2300083,20276,47742,22953,758,155308,300759,3922,975882,251902,13909,74993,99265,50893,128291,153230,1,6,2706,6,6,1,1,6,45
296,8,4027498,18712,50558,25535,623,281202,458895,3372,1901271,483039,25907,85262,192693,100632,120291,279506,1,13,5846,13,13,1,1,13,53
297,9,3741516,17652,50227,23318,613,252113,420881,3628,1777321,418332,28406,85516,179557,99214,113047,271691,1,12,5409,12,12,1,1,12,48
298,10,3220242,26426,48027,22951,678,219373,370354,3381,1475098,369632,23066,73056,166781,77880,120689,222850,1,10,4508,10,10,1,1,10,47
299,11,2868616,17484,52789,24251,618,192032,346526,3196,1277042,309131,18676,76711,135834,63847,125150,225329,1,8,3600,8,8,1,1,8,49
300,12,2902757,17372,50368,25588,701,206530,354269,3400,1279662,313636,20087,75992,138388,64848,127358,224558,1,8,3594,8,8,1,1,8,52
301,13,5058131,17546,62675,24649,990,389640,556482,4031,2431715,609286,38718,76825,261129,132226,133469,318750,1,17,7641,17,17,1,1,17,55
302,14,3387299,16369,57627,25899,628,223397,407411,3532,1538365,393011,24173,77571,171020,78978,126296,243022,1,10,4505,10,10,1,1,10,51
303,15,4490534,18153,62139,25616,896,316952,488907,3737,2168951,539540,34935,76643,218591,114068,130941,290465,1,15,6760,15,15,1,1,15,50
304,16,3735542,17750,69340,22845,788,263295,425988,3441,1769852,442854,26919,75846,179662,90845,131749,214368,1,12,5418,12,12,1,1,12,45
305,17,4259984,18617,58804,25358,865,287811,474227,3408,2048276,499772,29700,75271,216027,103743,133551,284554,1,14,6299,14,14,1,1,14,52
306,18,2625587,18981,48566,25735,606,175709,331879,3802,1146141,285637,15215,84122,120574,56237,120201,192182,1,7,3145,7,7,1,1,7,50
307,19,3314035,17003,53192,22500,620,227167,381246,3750,1537753,393416,21471,78016,164400,82264,123532,207705,1,10,4509,10,10,1,1,10,47
308,20,4367320,16416,56375,25767,723,299757,522084,3647,2044809,531931,33369,76738,227807,108447,128820,290630,1,14,6286,14,14,1,1,14,56
309,21,4057419,17993,66767,26390,685,286540,458678,3464,1914777,490730,29243,74220,202887,97629,118690,268726,1,13,5835,13,13,1,1,13,56
310,22,2300221,14830,35388,8135,668,154759,210521,2130,1127888,207904,17193,69195,76252,55662,117707,201989,1,7,3221,7,7,1,1,7,9
311,23,2698462,17536,48177,14717,751,169021,275423,4547,1282796,221137,17555,83446,116434,63510,131397,252015,1,8,3662,8,8,1,1,8,18
312,24,4341242,19095,72689,28774,623,301816,504393,3553,2012596,508084,31699,80219,228629,105704,134280,309088,1,14,6276,14,14,1,1,14,59
313,25,5037112,18395,66614,35356,831,352538,548954,3467,2432341,606438,37823,75071,275325,129513,130317,324129,1,17,7643,17,17,1,1,17,55
314,26,3889450,18307,49856,26308,660,282205,462092,3282,1788796,458523,26942,75311,203889,94729,117034,281516,1,12,5376,12,12,1,1,12,59
315,27,2881339,18815,46360,24375,625,204161,363132,3348,1248474,346856,18808,75922,144199,64070,116700,205494,1,8,3592,8,8,1,1,8,53
316,28,5859757,28836,51564,23328,665,412446,614818,3481,2894670,795024,50014,76690,297315,158091,118429,334386,1,21,9463,21,21,1,1,21,53
317,29,3898022,17765,42514,14245,698,248393,380570,3700,1932159,547207,28405,75324,155803,97720,125106,228413,1,13,5929,13,13,1,1,13,27
318,30,3204047,16680,46852,24123,631,227036,396098,3247,1499098,311793,23832,74968,158644,82220,116405,222420,1,10,4497,10,10,1,1,10,51
319,31,4571811,17464,51825,23426,537,310300,497909,3387,2257194,521805,34818,74180,245146,127120,129044,277656,1,16,7204,16,16,1,1,16,52
320,32,2056396,15312,34063,7799,737,122516,199298,2507,972591,184511,14323,69312,68186,47583,118782,198876,1,6,2761,6,6,1,1,6,8
321,33,4352326,18010,53256,23009,663,312176,485640,3689,2152010,459294,32972,78316,222951,115940,122062,272338,1,15,6757,15,15,1,1,15,50
322,34,3438180,17172,40700,9143,608,233757,326501,3039,1781366,380811,29081,76723,119320,95451,118622,205886,1,12,5514,12,12,1,1,12,13
323,35,3506136,16233,45196,16302,593,238854,380974,3095,1779187,313920,28738,78641,149833,95682,119899,238989,1,12,5463,12,12,1,1,12,30
324,36,2591421,15903,36449,9515,629,159272,237670,2292,1315907,226921,21020,73132,87539,91573,116527,197072,1,8,3678,8,8,1,1,8,10
325,37,3074551,16212,42179,11458,626,202819,307277,2756,1618067,216849,24786,76090,114355,94702,119754,226621,1,11,5045,11,11,1,1,11,16
326,38,4014616,17593,45628,18399,718,268842,424561,3500,2029177,408278,32927,87847,177578,121878,113949,263741,1,14,6368,14,14,1,1,14,33
327,39,4097075,17922,50687,20416,603,289007,432316,3498,2049217,445369,29596,82777,186370,106657,115838,266802,1,14,6351,14,14,1,1,14,38
328,40,4530479,17213,49757,16231,660,311301,475871,3494,2272386,540963,36508,79916,198156,127585,117968,282470,1,16,7284,16,16,1,1,16,32
329,41,3626961,16951,40245,12183,651,238350,357698,1989,1872125,355677,28359,75548,136963,113713,114483,262026,1,13,5953,13,13,1,1,13,20
330,42,3164700,17358,41237,14008,683,215399,334060,2393,1595436,240027,24390,74635,129102,86877,123150,265945,1,11,5026,11,11,1,1,11,23
331,43,2228443,16514,35756,9019,532,137965,213421,2390,1092519,158914,16561,68938,77476,53630,117513,227295,1,7,3217,7,7,1,1,7,10
332,44,6545514,19398,59996,24528,676,495027,689490,3348,3339216,759356,54109,83376,361239,183618,118812,353325,1,25,11248,25,25,1,1,25,58
333,45,3223368,16571,39074,13555,579,210839,324675,2364,1612012,344943,24557,74815,123203,86442,103697,246042,1,11,5026,11,11,1,1,11,23
334,46,4360479,18121,47371,23890,643,310336,507022,2963,2034144,512127,40101,82566,223921,115670,109905,331699,1,15,6762,15,15,1,1,15,49
335,47,2803412,15700,38575,9720,554,176227,279887,2039,1386246,272364,21904,75621,109306,73016,119352,222901,1,9,4130,9,9,1,1,9,14
336,0,5588230,17737,50996,26221,542,389067,603287,3015,2738967,631067,46501,82437,300863,154786,133827,408917,1,20,8965,20,20,1,1,20,62
337,1,3129553,16038,38909,7879,682,204720,304624,2932,1619338,290849,34265,71115,107539,82963,118459,229241,1,11,5056,11,11,1,1,11,12
338,2,2394517,15740,35510,8000,737,169688,228356,1954,1255110,137414,17044,64585,80531,58145,120192,201511,1,8,3680,8,8,1,1,8,9
339,3,1763373,16442,43695,7526,593,111509,167712,2105,865699,84370,10950,66378,59363,39509,113526,173996,1,5,2301,5,5,1,1,5,7
340,4,3631503,17141,47220,24065,571,258535,453732,3572,1756935,318701,27027,79201,182211,93983,114098,254511,1,12,5394,12,12,1,1,12,53
341,5,4011000,18741,57840,24323,620,267986,460165,3332,1893274,492748,29556,76694,197305,101048,118012,269356,1,13,5844,13,13,1,1,13,53
342,6,2718088,17374,45761,22361,557,183616,333709,3517,1217818,293102,19007,74312,125061,60509,117570,203814,1,8,3608,8,8,1,1,8,45
343,7,2263095,17552,54987,22674,655,152939,294030,3718,952324,238076,12725,75524,107262,49445,117179,164005,1,6,2706,6,6,1,1,6,45
344,8,4857936,18102,55177,26976,630,346071,531299,3135,2300147,637331,33679,76082,250689,123336,129327,325955,1,16,7164,16,16,1,1,16,62
345,9,3700176,16036,50910,21832,595,260473,421235,3180,1741286,427160,28533,72746,182343,101442,117325,255080,1,12,5409,12,12,1,1,12,48
346,10,4931932,18084,52702,23883,906,335472,530985,3486,2399726,604362,37990,72983,265390,131608,121649,332706,1,17,7636,17,17,1,1,17,56
347,11,3562996,19345,51154,27585,674,241989,444265,3640,1620491,404721,25396,83926,184876,84890,118404,251640,1,11,4933,11,11,1,1,11,57
348,12,3708006,18874,47172,24359,724,243878,428212,2876,1716432,451671,26924,83856,186149,104405,115765,256709,1,12,5388,12,12,1,1,12,55
349,13,4618601,18000,51957,24821,631,325096,522693,3635,2252802,515377,33627,77831,245314,121631,117103,308083,1,16,7180,16,16,1,1,16,58
350,14,3303926,15892,49658,23428,964,222060,386444,3086,1533202,368371,23233,77988,159524,76928,120547,242601,1,10,4501,10,10,1,1,10,52
351,15,3544431,17232,49685,24174,650,259924,418149,3045,1635567,419173,24279,74709,184908,88857,117411,226668,1,11,4938,11,11,1,1,11,56
352,16,4059769,17340,49651,22975,663,279340,456398,3064,1912374,519022,30890,78837,203384,118437,111248,256146,1,14,6298,14,14,1,1,14,52
353,17,3712576,17247,49163,23597,596,248053,448305,3043,1741452,444035,26864,73655,184083,94543,109908,248032,1,12,5397,12,12,1,1,12,52
354,18,3520372,25505,52933,24558,770,249814,418614,3557,1625168,381558,24331,75288,173297,85237,123023,256719,1,11,4943,11,11,1,1,11,53
355,19,3260558,18293,50157,23235,603,216041,389162,3782,1514625,387174,22545,73925,157529,87931,118103,197453,1,10,4505,10,10,1,1,10,49
356,20,4196323,16820,50774,23947,663,291375,481782,3525,2010815,484249,29198,74481,214726,120669,120670,272629,1,14,6288,14,14,1,1,14,55
357,21,3072829,17593,50309,25840,639,214875,381594,3148,1386244,339923,20462,73965,152234,78336,115665,212002,1,9,4038,9,9,1,1,9,55
358,22,3429104,15943,39892,9582,680,225788,341732,2115,1782830,353713,27628,70885,118112,91681,119244,229279,1,12,5511,12,12,1,1,12,14
359,23,3200274,17977,43383,15012,610,222462,322266,3537,1615652,270323,25221,79824,126663,84589,113499,259256,1,11,5031,11,11,1,1,11,22
360,24,4216002,21077,59920,37119,768,289761,516649,3432,1979002,423341,30597,115506,224300,106235,129518,278777,1,12,5385,12,12,1,1,12,56
361,25,5132262,17573,53016,23807,621,352358,548521,2948,2487069,672001,40471,75728,272956,139373,119516,326304,1,18,8095,18,18,1,1,18,55
362,26,3617162,17864,50139,26382,572,241954,430310,2990,1649950,431428,26518,75078,187325,88897,120084,267671,1,11,4931,11,11,1,1,11,58
363,27,3785596,18555,50232,32445,599,273311,433885,3845,1771575,443221,27583,74912,188045,93792,110437,263159,1,12,5388,12,12,1,1,12,55
364,28,4887286,17105,51526,24434,702,346067,548482,4027,2368393,589126,37474,76238,260480,129326,115619,318287,1,17,7638,17,17,1,1,17,56
365,29,3551113,17751,44195,15256,743,223513,363337,3702,1733564,390391,25378,79421,151561,90723,122017,289561,1,12,5475,12,12,1,1,12,26
366,30,5487392,17666,52206,25518,600,397842,587157,3211,2700003,677329,44088,85854,285050,150099,119072,341697,1,19,8547,19,19,1,1,19,55
367,31,6302409,20624,71354,27472,649,447911,703874,3990,3142539,749525,51455,78087,346103,171646,128070,359110,1,23,10340,23,23,1,1,23,59
368,32,3758299,17169,43745,11679,724,249878,365915,2575,1962511,373914,29703,74645,135577,99731,127625,262908,1,13,5965,13,13,1,1,13,16
369,33,6058708,17652,54086,26237,648,434158,656979,3460,3029018,681269,47537,80667,360607,172669,120094,373627,1,22,9859,22,22,1,1,22,63
370,34,2976408,17406,38136,10146,729,195695,282513,3203,1496298,284009,22053,72849,108772,75817,121116,247666,1,10,4590,10,10,1,1,10,14
371,35,4927910,18476,46660,17522,593,348335,524267,3720,2548813,505062,39690,78102,222845,136298,130854,306673,1,18,8181,18,18,1,1,18,36
372,36,2749769,16618,51191,9771,673,176262,263538,2616,1398236,227093,21524,74503,106303,72607,120247,208587,1,9,4137,9,9,1,1,9,11
373,37,2932035,17299,40566,10738,564,189760,305699,2081,1536047,194316,23076,69571,113206,82078,114051,232983,1,10,4588,10,10,1,1,10,15
374,38,4976495,17268,52596,18955,586,343927,514294,3179,2550513,502509,39633,80879,230848,147091,123609,350608,1,18,8170,18,18,1,1,18,39
375,39,4979450,16996,49180,28975,559,349913,519294,3119,2492607,585798,38368,81895,235371,133960,110977,332438,1,18,8156,18,18,1,1,18,42
376,40,4573702,25877,45423,17708,608,298281,467437,3171,2304531,533537,36431,75991,207575,131815,113661,311656,1,16,7272,16,16,1,1,16,35
377,41,2802926,16618,38708,11469,721,178246,276483,2258,1391296,269158,20217,73697,101974,71192,115498,235391,1,9,4124,9,9,1,1,9,17
378,42,4244249,17066,42320,13700,571,290696,438971,2396,2257316,380709,37647,75613,177730,118764,110641,280109,1,16,7300,16,16,1,1,16,28
379,43,2229019,17182,36544,8426,601,139283,219276,2672,1089458,160300,15582,72664,76008,54017,117289,219717,1,7,3217,7,7,1,1,7,11
380,44,4358340,17323,50015,24141,627,311027,493784,3223,2139221,447007,33431,82154,232261,113724,114618,295784,1,15,6749,15,15,1,1,15,54
381,45,3223544,16437,40355,15345,709,213739,355056,2730,1576331,324929,23133,74796,134561,81953,105378,258092,1,11,5019,11,11,1,1,11,26
382,46,3640985,18065,46051,24994,561,248098,418405,3704,1678201,403838,27016,82387,178865,90982,112427,307391,1,12,5403,12,12,1,1,12,50
383,47,2924578,15889,42144,9062,726,189096,286212,2541,1486153,266777,21617,75197,99612,77873,110727,240952,1,10,4594,10,10,1,1,10,13
384,0,6118392,18473,53211,29813,642,429227,680421,3566,3002804,670971,46322,80705,358393,161425,122151,460268,1,22,9820,22,22,1,1,22,70
385,1,3546241,17864,39547,10238,574,228202,351752,2864,1827743,359005,29086,72657,121507,96818,132556,255828,1,13,5972,13,13,1,1,13,14
386,2,3362519,16343,38298,9070,619,245534,342612,2190,1829616,200089,28450,68702,117053,96588,122303,245052,1,13,5972,13,13,1,1,13,14
387,3,2734939,15443,38673,8778,525,178035,283895,2391,1413979,157700,22585,74843,93836,88004,111472,244780,1,10,4596,10,10,1,1,10,12
388,4,4829261,17953,52389,25488,603,352130,552908,3022,2389924,475744,39943,75986,254459,130433,128433,329846,1,17,7645,17,17,1,1,17,55
389,5,5422446,19981,51804,24868,738,387022,591681,3419,2650123,668613,50615,74532,291583,148554,118946,339967,1,19,8522,19,19,1,1,19,60
390,6,3907554,24436,46461,22835,690,260548,437281,3790,1876532,481218,28470,74462,185810,102992,114201,247828,1,13,5867,13,13,1,1,13,47
391,7,3440347,17187,47642,24151,545,241943,414768,3332,1572184,431719,25130,74611,168899,83901,115444,218891,1,11,4946,11,11,1,1,11,52
392,8,5163433,18529,50854,25383,558,366848,558924,2775,2462618,646045,38511,83541,276834,144002,119314,368697,1,18,8055,18,18,1,1,18,63
393,9,3899969,18306,46509,24015,623,265897,455877,2821,1793808,475342,27411,89134,190519,102104,108952,298651,1,13,5843,13,13,1,1,13,53
394,10,4278583,16936,47247,23563,561,305642,494363,2877,2035961,497987,31342,74893,218791,114477,109134,304809,1,15,6735,15,15,1,1,15,56
395,11,4982709,18330,50021,27319,538,338989,655957,2962,2295999,640525,37118,74182,264862,126634,122647,326626,1,17,7607,17,17,1,1,17,63
396,12,5192845,22866,65665,42551,760,369363,655936,4081,2242301,563425,37124,135106,268071,134687,181270,469639,1,12,5379,12,12,1,1,12,58
397,13,6620250,17380,50561,26905,572,476955,740715,3058,3256675,838546,61273,77086,384651,187818,108111,389944,1,23,10299,23,23,1,1,23,65
398,14,4501482,17170,50719,23383,545,298172,488136,2886,2136290,595780,33994,76933,221766,115059,111661,328988,1,15,6746,15,15,1,1,15,54
399,15,3879854,17568,48519,26621,564,262022,480424,2506,1810999,441767,27845,73765,203606,99699,122149,261800,1,13,5814,13,13,1,1,13,61
400,16,4519985,17756,50220,25175,606,307554,515060,2545,2176341,565454,35798,77384,237746,122725,107494,278127,1,16,7180,16,16,1,1,16,58
401,17,4541889,16661,47804,22918,549,317192,511404,2690,2176004,561154,36101,74726,233755,128319,101388,311224,1,16,7192,16,16,1,1,16,55
402,18,2414082,17441,44489,23767,519,161501,325452,2565,1032488,276361,14406,73969,109986,54954,104010,172174,1,7,3151,7,7,1,1,7,49
403,19,3758885,17518,46857,23888,568,261495,439376,2780,1805407,443345,25999,73980,186448,98965,110151,222108,1,13,5851,13,13,1,1,13,52
404,20,4488455,17007,47164,23092,503,310889,509780,2623,2179693,537346,33840,73623,230083,121607,108178,293027,1,16,7188,16,16,1,1,16,56
405,21,4569412,16158,48403,25124,513,310427,535260,2405,2186734,558713,34509,75838,237559,125005,104368,308396,1,16,7184,16,16,1,1,16,57
406,22,2996492,15971,37593,8455,742,196828,295830,1724,1518086,322785,24114,72276,95131,81298,117925,207734,1,11,5056,11,11,1,1,11,12
407,23,3444840,16977,40610,13182,646,228056,372018,2621,1775054,317580,29893,77096,136289,101089,100568,233161,1,13,5944,13,13,1,1,13,23
408,24,4959894,19245,48861,26641,537,343945,571484,2565,2383290,600817,39289,76887,275131,138266,113875,319061,1,18,8060,18,18,1,1,18,63
409,25,5875952,17246,50459,27479,523,418687,654043,2548,2842273,723394,49500,75741,335507,167112,114128,397312,1,22,9843,22,22,1,1,22,66
410,26,5499029,18685,51680,28002,544,378608,616934,2674,2631161,671534,42973,75180,315137,157645,126346,381926,1,20,8955,20,20,1,1,20,64
411,27,4092899,17523,48895,24245,532,275177,477781,3121,1951325,497273,32171,73841,204543,107121,108689,270662,1,14,6282,14,14,1,1,14,56
412,28,6348717,17061,51703,25345,684,429500,669009,3231,3107278,874425,54722,78971,336095,187200,110751,402742,1,23,10319,23,23,1,1,23,62
413,29,4948527,16413,42873,15594,607,346325,526824,2775,2540779,569998,39192,77350,212655,142663,105689,308790,1,19,8647,19,19,1,1,19,34
414,30,3860904,16786,47305,24132,635,270060,465401,2879,1820299,458754,29683,74874,188955,105172,105499,250470,1,13,5859,13,13,1,1,13,50
415,31,4802462,18204,51314,23816,640,326004,531054,3254,2363043,607622,38617,77168,254764,132446,119266,255250,1,17,7655,17,17,1,1,17,53
416,32,4062697,17126,40661,10524,796,269621,398428,2211,2154554,428206,33932,77291,150267,117232,113335,248513,1,15,6875,15,15,1,1,15,19
417,33,6047288,18315,49974,25131,681,425562,672166,2907,3057526,672882,49671,77049,340460,168362,119982,366620,1,23,10316,23,23,1,1,23,62
418,34,3100229,16925,39048,9704,689,197919,314044,2751,1564361,304528,24017,74199,109856,79882,110261,252045,1,11,5049,11,11,1,1,11,15
419,35,5824764,18388,52706,18704,680,408404,603821,2948,3096449,581679,50199,80847,279917,177276,118791,333955,1,23,10451,23,23,1,1,23,39
420,36,3075936,15808,38600,9397,585,198024,296204,2313,1622080,252089,36411,70782,106828,81432,112136,233247,1,11,5054,11,11,1,1,11,13
421,37,3836154,17407,41816,11955,828,266481,405484,2200,2065751,284051,33896,75076,152950,118716,110887,248656,1,15,6876,15,15,1,1,15,19
422,38,6253814,16315,50311,18924,628,438755,643865,2695,3300113,690935,53031,83428,307648,182817,105559,358790,1,25,11329,25,25,1,1,25,45
423,39,4619212,16574,45686,22548,633,334949,502124,2535,2294542,527027,36529,83278,228330,129553,105141,289763,1,17,7698,17,17,1,1,17,43
424,40,5061321,16290,45758,16616,527,350343,534090,2833,2564660,591358,42222,80318,237736,147518,113280,317772,1,19,8633,19,19,1,1,19,37
425,41,4125926,49533,42205,12275,555,268526,417261,2254,2064374,399579,34142,74436,164127,116718,159602,320339,1,15,6859,15,15,1,1,15,23
426,42,4087260,17238,42591,14197,788,283248,418726,2044,2130191,359799,32518,72591,167077,106890,121330,318032,1,15,6842,15,15,1,1,15,28
427,43,3249983,16289,40466,9775,634,230620,329267,2254,1693572,241503,27330,72255,132657,94493,111960,246908,1,12,5502,12,12,1,1,12,17
428,44,5806477,19659,69216,33577,603,418159,680752,2538,2780688,561527,44507,116464,317367,152269,110148,499003,1,17,7637,17,17,1,1,17,57
429,45,4346969,17085,53595,16144,531,289870,462375,2008,2218459,462810,35720,77280,187259,121872,102978,298983,1,16,7284,16,16,1,1,16,32
430,46,6718779,38902,62134,31706,717,485208,730946,3731,3108396,791613,54251,129779,316729,198776,242813,523078,1,16,7212,16,16,1,1,16,50
431,47,5487454,24061,55761,16386,941,361285,627250,2433,2709546,543465,41985,121630,210862,152586,164006,455257,1,15,6874,15,15,1,1,15,20
432,0,8349814,19348,53786,30545,560,590084,874612,2589,4113146,1075976,64090,96073,522789,233624,114275,558317,1,32,14256,32,32,1,1,32,79
433,1,4962768,17799,41414,9865,500,333581,498672,2169,2634674,518021,42377,72605,180609,157509,122604,330369,1,20,9170,20,20,1,1,20,21
434,2,3483432,15620,36250,8963,543,240448,359646,1992,1903523,210131,29247,67867,124553,102343,107376,274930,1,14,6430,14,14,1,1,14,15
435,3,4729059,24864,53998,13617,689,324699,530878,2181,2418911,270464,38403,140410,165875,137996,159847,446227,1,14,6427,14,14,1,1,14,16
436,4,4602711,16962,48947,27034,548,324511,541093,2504,2259351,472983,37962,76975,262899,128672,107693,294577,1,17,7604,17,17,1,1,17,65
437,5,6142070,22708,50231,27548,588,424640,657953,2396,2952140,863404,50607,75825,341670,159043,103722,409595,1,23,10278,23,23,1,1,23,69
438,6,4073537,17688,57156,25933,562,275755,473995,2555,1868757,528962,31196,74452,207918,109300,105439,293869,1,14,6277,14,14,1,1,14,59
439,7,3302867,17494,46840,25096,505,223704,407077,2569,1518646,374074,23315,75094,166990,81660,102917,236886,1,11,4942,11,11,1,1,11,54
440,8,6215392,17221,51460,28333,585,439270,694506,2367,2955468,816677,48489,78764,374168,169658,107091,431335,1,23,10243,23,23,1,1,23,75
441,9,5509978,18110,48624,28357,545,382043,602390,2314,2606683,755590,47793,90026,294829,153888,100756,378030,1,20,8945,20,20,1,1,20,66
442,10,7028523,17522,50282,27636,502,493115,752102,2492,3451602,904763,57806,76551,406573,198422,105045,484110,1,27,12064,27,27,1,1,27,71
443,11,6805420,16767,50608,30024,543,468899,731498,2502,3211445,952270,53939,77926,421452,195569,104172,487806,1,25,11131,25,25,1,1,25,76
444,12,6931126,17449,50661,28219,577,489743,751899,2276,3387914,954609,60996,77734,406569,199748,104566,398166,1,24,10728,24,24,1,1,24,69
445,13,7425716,16833,52537,28194,592,515522,790972,2520,3676553,994559,62487,76043,434834,216161,102600,455309,1,28,12509,28,28,1,1,28,72
446,14,4782946,18633,49827,28060,510,347472,556443,2512,2217343,576796,36025,78095,288637,129283,101405,351905,1,17,7590,17,17,1,1,17,68
447,15,4986182,16751,48970,26511,569,367768,569273,2295,2341412,604473,50799,73668,277815,135006,102081,368791,1,18,8039,18,18,1,1,18,67
448,16,6760064,17696,50102,26830,569,493972,749154,2441,3327577,895958,53072,76146,376835,186416,114092,389204,1,25,11185,25,25,1,1,25,68
449,17,6885724,17885,51220,26627,500,484212,748745,2342,3365720,935439,59902,74783,389039,197928,119451,411931,1,26,11635,26,26,1,1,26,68
450,18,4697546,17133,48826,25067,583,340907,534863,2550,2247751,577148,36161,74885,248282,125458,104167,313765,1,17,7630,17,17,1,1,17,58
451,19,4697466,16550,48820,24126,806,323806,534052,2497,2245492,635222,36014,74898,242764,132190,101861,278368,1,17,7636,17,17,1,1,17,57
452,20,5658977,18217,48762,26987,563,395712,637778,2650,2728358,675737,46251,88026,322618,156358,103476,407484,1,21,9387,21,21,1,1,21,67
453,21,6192292,17983,50892,25806,541,434211,665058,2848,3008557,822319,48883,76629,337430,171820,103664,425651,1,23,10299,23,23,1,1,23,65
454,22,3789436,15869,38004,10395,520,239275,404955,1988,1932387,406626,31009,72150,149876,104406,103753,278223,1,14,6425,14,14,1,1,14,16
455,23,5007658,18579,42805,14870,527,361693,515590,2599,2646439,490711,42003,88723,218503,145686,103378,315552,1,20,9120,20,20,1,1,20,31
456,24,7216852,18328,61031,28819,525,507511,796244,2590,3518960,927475,59356,77777,441729,207376,108929,460202,1,28,12502,28,28,1,1,28,73
457,25,6501770,19710,51314,31508,579,449416,731760,2640,3070820,861106,54996,77137,391376,192065,116089,451254,1,24,10692,24,24,1,1,24,75
458,26,5991710,17991,50753,31701,665,424162,679103,2476,2764783,803973,68601,86346,357099,163830,104842,435385,1,22,9785,22,22,1,1,22,77
459,27,5631960,17109,48549,26512,579,409688,627540,2427,2741830,702790,44336,76116,323448,155533,103575,351928,1,21,9385,21,21,1,1,21,67
460,28,6719978,17893,51659,29210,580,475463,721169,2440,3309585,896893,50485,77313,383398,178176,112928,412786,1,25,11177,25,25,1,1,25,69
461,29,5750368,17874,53894,16624,569,380013,587314,2546,3003232,714410,47742,78577,251139,167209,106764,322461,1,23,10468,23,23,1,1,23,36
462,30,4432178,18208,48802,23924,529,316881,510818,2384,2156787,478034,35570,76202,250532,120697,106052,286758,1,16,7184,16,16,1,1,16,57
463,31,4885204,17038,49202,25259,555,344536,559603,2635,2357396,614980,40268,75188,258667,134633,105450,299794,1,18,8094,18,18,1,1,18,56
464,32,3470920,14778,38838,10553,593,243537,356164,1767,1756608,357035,28177,71132,126349,100063,104533,260793,1,13,5961,13,13,1,1,13,17
465,33,7636007,17589,53628,27379,627,540339,827177,2802,3880649,896319,59501,75474,458151,231632,104108,460632,1,31,13866,31,31,1,1,31,71
466,34,5817763,16576,44389,10712,678,402332,633023,2284,3135217,617723,49395,77505,221137,184282,105568,316942,1,23,10533,23,23,1,1,23,25
467,35,5970603,17193,47434,16263,586,430831,643247,2629,3208209,535284,52566,78913,299533,184688,115483,337744,1,25,11354,25,25,1,1,25,41
468,36,3753454,17793,40575,64589,654,249967,381171,2027,1954272,318178,33575,74505,132477,109520,110203,263948,1,14,6427,14,14,1,1,14,16
469,37,4179176,18150,41747,11520,577,298532,436610,1821,2261023,304995,37069,75052,164634,127546,116629,283271,1,17,7784,17,17,1,1,17,22
470,38,6193090,18947,49277,20360,481,450110,676893,2735,3183264,636022,55762,90740,318927,192203,104588,392781,1,25,11310,25,25,1,1,25,48
471,39,5472805,18062,47660,21313,492,379577,576719,2752,2780387,637367,46298,81076,270507,155360,103861,351374,1,21,9508,21,21,1,1,21,45
472,40,4317773,17316,43251,18772,630,294141,471194,3104,2106653,465728,32634,81502,212040,122177,109358,339273,1,16,7260,16,16,1,1,16,38
473,41,4167141,17825,41352,14380,510,277607,441137,2090,2148283,413705,37021,80648,183957,133335,104276,271015,1,16,7308,16,16,1,1,16,26
474,42,3929571,17462,43342,14655,538,263963,429275,2499,1988232,332133,33053,78494,164796,116557,107963,336609,1,15,6841,15,15,1,1,15,28
475,43,3138476,17308,38553,10242,556,211878,324811,2011,1625896,237734,26488,73172,112576,91072,103259,262920,1,12,5505,12,12,1,1,12,16
476,44,4998344,17207,48746,25735,542,348942,592447,2711,2413126,532452,42538,82568,282021,141166,104120,364023,1,19,8530,19,19,1,1,19,59
477,45,4627625,17435,43537,16891,522,325614,484630,2522,2356318,515403,40017,78587,212094,133889,105887,294279,1,18,8198,18,18,1,1,18,33
478,46,6089969,19110,48743,25393,593,424117,670034,2776,2964458,713851,52550,86191,343442,189416,106308,442987,1,23,10315,23,23,1,1,23,62
479,47,4131249,16260,43193,11503,520,279732,420247,1968,2151057,407572,34111,77855,152042,134693,104549,295947,1,16,7328,16,16,1,1,16,21
480,0,8477123,17521,55034,30674,531,588298,926293,2571,4198002,984048,83570,87800,563068,262170,109772,567771,1,34,15140,34,34,1,1,34,81
481,1,4503215,16985,40343,10119,562,304525,453873,2346,2364258,456770,38763,72613,170337,133142,110596,327983,1,18,8258,18,18,1,1,18,19
482,2,3550877,17454,39839,9792,576,243588,375120,1995,1938408,211656,32318,68480,125970,114609,109523,261549,1,14,6430,14,14,1,1,14,15
483,3,4152814,17883,46301,10467,498,292982,441473,1836,2298273,246197,42849,71750,164203,122400,104479,291223,1,17,7797,17,17,1,1,17,19
484,4,5460589,17562,49808,34619,518,401393,621995,2611,2714991,558990,44148,76519,317838,156982,106647,355968,1,21,9407,21,21,1,1,21,64
485,5,6638271,18638,50639,26882,583,463996,722997,2187,3269224,865797,55496,76500,370563,188965,104778,421026,1,25,11195,25,25,1,1,25,66
486,6,5160858,17333,49448,24743,549,367769,576026,2421,2468383,656583,41738,80714,269381,144028,105673,356069,1,19,8538,19,19,1,1,19,57
487,7,3532711,30452,47553,25732,495,246473,424187,2804,1597782,404522,25756,75971,176402,92752,102474,279356,1,12,5388,12,12,1,1,12,55
488,8,5501518,17188,48457,28055,565,386745,613819,2642,2652475,706829,43118,75940,323934,143442,103794,354515,1,20,8925,20,20,1,1,20,70
489,9,4746651,17636,48967,28613,528,329583,551313,2487,2225441,591173,57809,88292,258158,125591,99270,321790,1,17,7600,17,17,1,1,17,65
490,10,7320575,17886,60582,29294,551,501502,789380,2303,3611149,964628,59201,75996,421319,210558,104963,471263,1,27,12052,27,27,1,1,27,73
491,11,8879692,16974,54092,31535,559,603530,922178,2363,4300222,1258072,78960,77951,561000,269736,102702,599818,1,34,15115,34,34,1,1,34,84
492,12,6241811,17834,54329,30831,689,434919,683878,2832,2993108,777859,49359,77567,363750,173055,118122,463679,1,23,10256,23,23,1,1,23,73
493,13,8434657,18478,53776,28532,632,574298,899705,3001,4208157,1102461,65433,75035,499782,265402,109232,530733,1,32,14280,32,32,1,1,32,76
494,14,5380756,25943,48508,28617,636,357861,592942,2603,2476876,679353,39305,78494,294224,259163,108099,388132,1,19,8491,19,19,1,1,19,67
495,15,6187699,17635,49709,27885,572,450283,692412,2488,2978234,803900,51029,73164,348208,180666,104767,406747,1,23,10273,23,23,1,1,23,70
496,16,7025345,17116,51370,28507,548,495856,765005,2484,3498125,899202,59640,76484,411988,215891,107587,395542,1,27,12065,27,27,1,1,27,71
497,17,7349003,18413,60471,26604,542,494208,782908,2461,3616759,1026742,60548,75114,425275,207606,107250,444102,1,28,12516,28,28,1,1,28,71
498,18,4253556,17090,47655,25168,579,287139,483638,2743,1997771,520353,33461,88494,238594,109548,106462,294861,1,15,6734,15,15,1,1,15,57
499,19,4406820,17476,48006,23714,553,306474,530122,2506,2121821,550049,35083,74491,229100,120411,106166,240848,1,16,7188,16,16,1,1,16,56
500,20,5963212,17261,49915,26613,593,423725,657246,2390,2862246,823212,51611,75228,326464,169753,116017,360938,1,22,9850,22,22,1,1,22,65
501,21,5390509,18006,51079,27859,605,374474,607428,2668,2595117,647013,43829,77678,312485,161997,108911,361360,1,19,8481,19,19,1,1,19,69
502,22,3950183,17266,41334,10467,508,262626,386312,1771,2083506,386060,32494,74965,139815,112188,106952,293919,1,15,6883,15,15,1,1,15,17
503,23,5423274,18090,55297,14568,545,397699,573605,2330,2918499,516937,47175,72759,226502,162895,103369,313004,1,22,10038,22,22,1,1,22,31
504,24,6428124,17791,50892,28220,553,462832,729311,2525,3176220,707006,53556,77457,390435,185145,106890,439291,1,24,10710,24,24,1,1,24,72
505,25,6061413,18443,50779,28950,529,418231,667376,2571,2874639,765457,47200,78101,374099,167892,107456,459690,1,22,9799,22,22,1,1,22,74
506,26,6914153,17682,50876,28744,548,488825,745113,2450,3301122,907061,57045,77455,422759,198608,102733,513132,1,26,11584,26,26,1,1,26,76
507,27,5524317,17654,49463,26727,634,403113,614487,2442,2653258,715229,44329,78369,302624,157506,101371,357111,1,20,8950,20,20,1,1,20,65
508,28,7119245,18331,49904,29985,597,500988,799699,2431,3450205,951335,61065,76318,446233,205183,102665,424306,1,25,11140,25,25,1,1,25,75
509,29,6051192,18776,47150,15555,537,422269,618227,2326,3157822,722434,51514,90097,279087,191887,102422,331089,1,24,10920,24,24,1,1,24,37
510,30,5205122,18168,59436,24422,573,359883,579124,2278,2613458,578091,41634,76549,281614,147148,104951,317793,1,19,8525,19,19,1,1,19,60
511,31,4501736,18088,48437,23327,632,315546,508665,2578,2176592,559944,35398,76480,233868,125017,112824,264340,1,16,7192,16,16,1,1,16,55
512,32,3251199,17323,37439,10405,570,214250,334957,1823,1644839,312519,25898,75450,115181,87357,105971,267217,1,12,5505,12,12,1,1,12,16
513,33,7453514,17367,54585,28027,615,530315,806711,2908,3805386,852927,56776,78841,438314,236764,116644,427334,1,29,12996,29,29,1,1,29,67
514,34,4349554,17458,41550,10482,652,314153,450433,2592,2250065,460629,36278,73664,164191,125596,110938,290873,1,16,7336,16,16,1,1,16,19
515,35,6664337,18329,49113,17254,566,480396,693953,2420,3573868,656678,57164,90504,320835,217576,110075,375606,1,27,12255,27,27,1,1,27,43
516,36,3439527,15858,38430,9579,572,239205,349317,1882,1787993,300900,28107,73580,120211,98459,103485,271949,1,13,5969,13,13,1,1,13,15
517,37,3553942,16800,40693,10933,517,239972,367972,1627,1879507,262703,40906,82371,135124,104317,104116,266384,1,14,6415,14,14,1,1,14,19
518,38,5740264,17984,56488,20416,711,395511,642999,2513,2954897,573308,50058,79859,292422,169194,101711,382193,1,23,10400,23,23,1,1,23,48
519,39,5743840,17974,48709,20459,495,391468,611805,2522,2900461,704524,48486,85729,284831,165657,99461,361259,1,22,9961,22,22,1,1,22,45
520,40,6409867,17243,47301,17801,551,449232,708801,2502,3311814,722919,56014,82114,317690,196626,107807,371452,1,23,10429,23,23,1,1,23,43
521,41,4736460,17678,43468,13424,554,322606,490469,1932,2518462,446274,39314,77982,192439,140440,104564,326854,1,19,8684,19,19,1,1,19,26
522,42,4175376,16398,40767,15283,575,275801,454639,1970,2124302,382195,43469,74511,185808,126233,105733,327692,1,16,7292,16,16,1,1,16,30
523,43,3420084,15564,39573,9438,564,228927,357452,1738,1806354,280830,27203,72813,121962,93303,104033,260330,1,13,5963,13,13,1,1,13,17
524,44,4629155,18250,46943,26521,542,328910,541757,2293,2221422,453437,37274,81168,268260,129947,104022,368409,1,17,7624,17,17,1,1,17,61
525,45,4265107,16592,41901,14983,574,291089,443774,2053,2172268,461089,36210,76772,179045,122741,104538,301478,1,16,7292,16,16,1,1,16,30
526,46,5726538,18481,50721,25958,579,391049,627416,2784,2808969,691755,45878,82686,319398,152794,119353,388717,1,21,9432,21,21,1,1,21,59
527,47,4562718,16011,43649,11138,588,317297,467038,1977,2391783,453297,39521,78905,175833,136798,108610,320273,1,18,8246,18,18,1,1,18,22
528,0,8260538,18880,55801,32339,583,584033,913555,2948,4061805,923850,61325,82024,556840,242404,110910,613241,1,32,14184,32,32,1,1,32,88
529,1,5632432,16881,43561,9672,710,375044,556179,2284,2984136,554556,46471,73923,215426,175104,107978,470507,1,23,10537,23,23,1,1,23,24
530,2,4460038,15775,40337,8858,768,313608,472266,1574,2495857,270617,40410,71188,180787,141894,105286,300813,1,19,8714,19,19,1,1,19,20
531,3,3875065,15428,38116,9063,682,292817,414545,1503,2104874,226906,35282,66558,145955,123828,103632,295876,1,16,7340,16,16,1,1,16,18
532,4,6046295,17169,51013,29851,561,441923,696286,2441,3038852,593973,48206,77516,374558,173309,110552,390085,1,23,10253,23,23,1,1,23,74
533,5,5728924,20883,61692,27761,1048,398643,660794,2919,2688086,712657,46179,75926,330579,161895,161904,377958,1,21,9396,21,21,1,1,21,66
534,6,4831450,17292,48568,23097,511,333902,538714,2306,2295123,651552,37077,78218,246772,170496,106767,281055,1,17,7652,17,17,1,1,17,54
535,7,3345960,17834,46787,24062,634,226931,408071,2560,1500373,429678,26359,74209,161211,88106,111431,227714,1,11,4946,11,11,1,1,11,53
536,8,6247408,18049,49758,28436,661,436214,700729,11846,2981131,842723,48591,75951,371858,176758,103712,400991,1,23,10247,23,23,1,1,23,74
537,9,6995768,21204,65885,41772,679,479457,792826,3047,3216988,897741,53310,121380,390599,186514,149078,575288,1,20,8945,20,20,1,1,20,66
538,10,7054770,18525,53382,28522,585,508882,765212,2519,3433513,899392,57049,77877,422106,216971,119326,450909,1,27,12051,27,27,1,1,27,73
539,11,8097416,19027,53593,31004,623,561546,888439,2791,3920094,1037648,62228,76587,527088,237171,104233,575344,1,31,13771,31,31,1,1,31,84
540,12,7266437,17201,52093,30352,598,492945,805957,2432,3482560,926152,69783,80131,452552,213036,111295,529350,1,28,12453,28,28,1,1,28,80
541,13,6650854,18997,51282,29668,592,472386,733744,2627,3240851,842346,55171,76158,402290,187724,104361,432657,1,25,11150,25,25,1,1,25,73
542,14,4843867,18687,48664,29121,626,331751,564050,2737,2205679,628857,35326,89306,269862,134029,105273,379899,1,17,7585,17,17,1,1,17,69
543,15,4763848,17971,48728,26161,557,329817,550191,2302,2230055,584022,37273,74738,282738,126233,104443,348619,1,17,7598,17,17,1,1,17,65
544,16,6337247,17731,49383,27191,573,457063,708673,2629,3065259,826229,51196,77248,364509,180519,105671,403373,1,23,10283,23,23,1,1,23,68
545,17,6507364,17901,52512,27948,610,432180,703137,2688,3259473,834015,58676,76719,369254,183378,106363,382510,1,24,10728,24,24,1,1,24,69
546,18,4274629,17588,56413,25381,631,289827,499389,2837,2022464,503596,32050,74097,228476,116022,105477,300381,1,15,6722,15,15,1,1,15,60
547,19,4007933,16832,48597,24247,595,288662,469616,2805,1886707,495581,30202,74723,208514,105957,104836,250059,1,14,6294,14,14,1,1,14,55
548,20,6504511,17748,50963,28399,571,463211,708322,2405,3179393,838332,54065,78280,378449,183100,105418,415855,1,24,10710,24,24,1,1,24,72
549,21,4303825,17407,49496,26384,551,302846,530066,2539,1989191,518926,32801,77324,240688,114537,106022,295047,1,15,6703,15,15,1,1,15,65
550,22,4401877,17386,43887,11422,591,291137,438373,1847,2318287,469594,38497,72104,163002,135277,112629,287844,1,17,7793,17,17,1,1,17,20
551,23,5400098,17447,45567,14710,677,376741,574598,2941,2885683,482985,50345,77105,236898,174318,106822,353261,1,22,10027,22,22,1,1,22,33
552,24,6085543,17749,51060,29731,633,423303,696596,2910,2988717,675472,48152,77246,373328,181001,117890,401755,1,23,10263,23,23,1,1,23,72
553,25,5523244,17711,49636,30167,567,387375,633234,2720,2596555,686296,42471,74991,334675,158964,103181,404701,1,20,8900,20,20,1,1,20,75
554,26,5848534,17830,50505,29455,560,409625,686274,2687,2778096,716489,46512,77508,353168,158157,108832,412836,1,21,9354,21,21,1,1,21,74
555,27,4641035,17650,49085,39300,516,335354,544153,2499,2148652,553919,36111,74104,272577,122410,103463,341242,1,16,7136,16,16,1,1,16,69
556,28,5833166,17671,49102,26730,610,409627,661198,2427,2803130,697675,47090,77967,351453,172541,105286,410659,1,21,9384,21,21,1,1,21,68
557,29,5209327,17594,45143,15745,591,345096,525498,2557,2699021,609218,42252,79020,217914,146277,100456,362945,1,20,9110,20,20,1,1,20,33
558,30,4453975,16657,47429,26882,648,313993,525009,2310,2117296,501521,38180,75704,253842,127021,102290,305193,1,16,7168,16,16,1,1,16,61
559,31,4752031,18383,49840,24908,585,326784,536748,2664,2299742,562105,37428,76882,254586,134456,105563,321357,1,17,7628,17,17,1,1,17,59
560,32,4886820,17141,42514,10634,629,347895,495063,1888,2618725,509161,46110,90398,190644,150299,107286,258433,1,19,8705,19,19,1,1,19,22
561,33,4872760,17887,49096,27337,515,358137,579330,2635,2403254,459100,39831,77683,281318,144626,109435,322576,1,18,8053,18,18,1,1,18,64
562,34,3865346,18192,39857,10765,543,262512,397885,2372,2010602,371388,32306,72574,142831,113479,103623,286417,1,15,6882,15,15,1,1,15,18
563,35,6631682,18236,48774,18543,494,466939,704715,2753,3478673,741185,58586,80982,325210,203968,100848,381776,1,27,12236,27,27,1,1,27,46
564,36,3797295,16373,40752,9423,541,254473,388868,1938,2025734,318457,32460,71070,140731,112060,112536,271879,1,15,6884,15,15,1,1,15,17
565,37,3753712,25768,40432,11455,640,270090,399791,1578,2024810,249480,33399,74625,149015,116288,100390,255951,1,15,6872,15,15,1,1,15,20
566,38,5150643,16455,45347,17486,668,355053,563444,2464,2639864,490341,42276,80277,244806,147910,107070,397182,1,20,9075,20,20,1,1,20,40
567,39,5736042,18796,48099,21110,570,420951,645836,2394,2893915,657806,50328,83155,305613,173359,105236,308874,1,20,9040,20,20,1,1,20,47
568,40,6126585,17086,46797,17179,616,421269,628493,2222,3223766,716195,52357,82410,292853,179561,102434,343347,1,25,11354,25,25,1,1,25,41
569,41,5054563,17052,41449,13073,556,341056,578888,2194,2653453,500023,43833,74765,207859,150817,99690,329855,1,20,9140,20,20,1,1,20,27
570,42,4614964,16938,45158,15891,601,321337,489126,2106,2447365,382139,37914,79988,210987,141461,115530,308423,1,18,8203,18,18,1,1,18,31
571,43,3181426,16861,37098,8329,716,211338,315948,2141,1694741,247320,26855,71451,109372,89319,110266,239671,1,12,5514,12,12,1,1,12,13
572,44,4899030,19817,83904,42280,523,345130,568472,2470,2302862,482262,38217,141986,266686,129816,104030,370575,1,18,8084,18,18,1,1,18,58
573,45,5166611,18314,46805,17133,543,372807,556020,2085,2637223,587369,43027,81189,237625,150187,105329,310955,1,20,9085,20,20,1,1,20,38
574,46,4842505,18292,46459,39977,556,333195,562012,2625,2299426,552104,39689,82587,260295,135059,105509,364720,1,18,8089,18,18,1,1,18,56
575,47,4108465,17162,44108,18059,482,275557,416700,2100,2121189,410393,35220,75729,154553,120343,102968,313902,1,16,7328,16,16,1,1,16,21
576,0,7717644,17992,52685,32765,585,554414,845948,2604,3755168,854203,63309,84954,495056,236020,106220,615721,1,30,13335,30,30,1,1,30,82
577,1,5597882,16984,42451,10696,541,383769,554138,2131,3019983,559353,48274,73678,211099,191991,107729,375065,1,23,10537,23,23,1,1,23,24
578,2,3650318,17282,38647,8907,572,261859,384448,1444,1976118,218839,31852,68041,132096,112979,109097,288137,1,15,6887,15,15,1,1,15,16
579,3,3887479,17165,40117,9907,579,278761,413255,1613,2103225,228925,35416,82613,148143,123774,100325,303661,1,16,7340,16,16,1,1,16,18
580,4,5597650,18594,51693,30964,573,395059,644280,2822,2778686,532909,45285,77127,333597,165863,128986,391212,1,21,9373,21,21,1,1,21,71
581,5,6470580,17948,52269,31144,612,463064,734458,2688,3043142,843791,48976,76527,398590,192425,108276,456670,1,24,10680,24,24,1,1,24,77
582,6,3427979,17687,46373,26034,599,251222,426480,2595,1530200,390679,27128,79461,177258,90895,107449,253919,1,11,4928,11,11,1,1,11,58
583,7,3735821,17844,47347,23020,538,269524,448217,2480,1742412,426730,29813,76329,183032,105223,105993,257319,1,13,5849,13,13,1,1,13,52
584,8,5532511,16877,49407,29115,553,374882,634144,2584,2634860,702926,42727,76320,327600,144391,105703,390422,1,20,8905,20,20,1,1,20,74
585,9,5966830,17977,49997,29317,528,428436,668434,2377,2762150,804603,46962,78656,350994,164008,110772,451619,1,22,9800,22,22,1,1,22,74
586,10,6844313,18642,51015,27915,568,489492,729715,2409,3338925,883443,54442,78170,394118,193912,104771,476776,1,26,11613,26,26,1,1,26,71
587,11,6889703,17903,51934,30641,539,476776,750756,2617,3330392,859322,57510,80338,422092,198736,112430,497717,1,26,11576,26,26,1,1,26,77
588,12,7817025,18209,52526,30290,594,535971,837946,2364,3769764,1042580,64249,79398,483060,229755,106098,564221,1,30,13334,30,30,1,1,30,82
589,13,6336002,17637,56157,30766,503,433196,713770,2494,3058667,811089,50668,75967,381025,178373,104198,421492,1,24,10692,24,24,1,1,24,75
590,14,4508796,18153,56344,28466,668,317798,544634,2395,2052158,509051,32457,77216,245264,174207,102601,347384,1,15,6696,15,15,1,1,15,67
591,15,5391739,18559,50472,26955,558,381534,639927,2362,2566916,650183,43032,75306,320595,152117,107788,355435,1,20,8940,20,20,1,1,20,67
592,16,6611084,17322,52961,30254,622,471063,748101,2819,3202884,853575,52612,78691,386886,182265,112513,418516,1,24,10704,24,24,1,1,24,73
593,17,4928683,18085,51069,36319,608,353620,582739,2786,2312116,606617,37723,74161,295330,131261,104567,321682,1,18,8040,18,18,1,1,18,67
594,18,3871079,17865,47845,26312,539,261770,450994,2470,1797600,477985,28060,75878,210423,98574,113242,261522,1,13,5828,13,13,1,1,13,58
595,19,3260455,18095,45333,25198,519,221061,393882,2475,1540312,352764,22552,75163,164512,83032,105754,209803,1,10,4495,10,10,1,1,10,53
596,20,5621051,26073,50221,26922,621,393350,627716,2441,2727907,709337,44522,76371,321105,157953,107184,349328,1,21,9391,21,21,1,1,21,66
597,21,5876584,18009,51213,27210,626,414298,669783,2598,2829568,732784,47896,74677,332311,167560,106068,401983,1,22,9838,22,22,1,1,22,67
598,22,4513195,17493,42902,10738,603,291911,459593,1600,2369630,482723,40136,88288,161571,132093,103841,310073,1,18,8253,18,18,1,1,18,20
599,23,5726581,25288,42758,13263,536,417995,610505,2244,3114888,509029,50329,73407,261793,179900,103173,321473,1,24,10950,24,24,1,1,24,32
600,24,6473041,16650,50619,27974,532,456052,730016,2541,3182701,769912,54964,76860,387640,187680,107935,420965,1,25,11165,25,25,1,1,25,71
601,25,6402242,17245,57729,28681,512,513343,704289,2541,3007565,787067,52893,74071,402165,188842,108175,457124,1,24,10698,24,24,1,1,24,74
602,26,5778858,18491,48829,30186,531,391932,654040,2427,2695013,781735,44913,75156,342122,169519,105929,418035,1,21,9349,21,21,1,1,21,75
603,27,5272496,18331,48375,27364,504,381179,601314,2521,2463762,675019,45902,75382,300957,146852,101193,383841,1,19,8482,19,19,1,1,19,69
604,28,6682333,17795,52285,29353,554,484220,753330,2498,3194597,835082,55607,76092,407874,197020,123433,452593,1,25,11146,25,25,1,1,25,74
605,29,9090857,27847,74653,24466,850,688689,878546,4294,4564365,1032252,111148,154275,388836,314844,281553,544239,1,21,9562,21,21,1,1,21,34
606,30,4043354,16831,48607,24437,703,281885,491578,2449,1953478,425923,31220,77519,214000,106426,112298,256000,1,14,6284,14,14,1,1,14,57
607,31,3132223,18824,46100,23558,596,213060,385065,3095,1436601,344481,22637,76491,153514,75329,108397,224475,1,10,4501,10,10,1,1,10,50
608,32,4160687,16521,50395,12929,777,314455,439275,1921,2138467,403265,32502,83273,169936,116499,117533,262939,1,15,6876,15,15,1,1,15,19
609,33,6668831,18432,52240,29257,621,478047,749138,2906,3319622,705358,57041,77437,417796,195142,107512,458282,1,26,11600,26,26,1,1,26,73
610,34,4254491,16059,41588,8705,602,279095,427413,2317,2285269,428514,35513,74164,149746,126816,104563,274127,1,17,7801,17,17,1,1,17,18
611,35,6476882,18044,48913,16799,612,468423,687374,2813,3464531,650118,60835,79904,311965,206304,102658,357589,1,27,12255,27,27,1,1,27,43
612,36,4243987,16816,42194,10532,606,287873,428141,1874,2257576,385814,49834,73694,165365,135404,106660,281604,1,17,7797,17,17,1,1,17,19
613,37,3941192,17910,40049,11082,686,278069,410989,1688,2138860,270894,34491,71474,155088,130344,108474,271094,1,16,7332,16,16,1,1,16,20
614,38,5225306,16280,46198,19963,582,368905,567293,2562,2686295,510489,45310,80340,259679,159401,110241,351768,1,20,9060,20,20,1,1,20,43
615,39,5229924,19073,47164,20631,566,381612,561409,2709,2571853,625028,43897,82078,275861,157370,107489,333184,1,20,9050,20,20,1,1,20,45
616,40,5561949,19802,61961,16945,500,383428,585475,2952,2830323,643226,47885,82691,265960,166252,113272,341277,1,22,9998,22,22,1,1,22,38
617,41,4756709,18904,43389,12532,770,337405,484743,2201,2507270,472211,41787,72899,191506,153153,121630,296309,1,19,8689,19,19,1,1,19,25
618,42,3628136,17617,42411,15191,573,244861,375759,2642,1842017,306335,30377,75399,146660,97892,117810,312592,1,13,5932,13,13,1,1,13,26
619,43,3833703,16167,41485,9901,558,267922,390451,2110,2035848,324541,31623,73239,144453,117955,109074,268376,1,15,6880,15,15,1,1,15,18
620,44,4295474,18496,47251,25172,599,308864,534351,2847,2049536,388443,33354,91952,250558,118472,111437,314142,1,15,6738,15,15,1,1,15,56
621,45,3496870,17559,43181,15862,718,236390,368089,2119,1667011,393692,27109,80110,151129,94064,112628,287209,1,12,5466,12,12,1,1,12,29
622,46,4382155,18544,46971,26508,621,319660,508845,3014,2053322,497548,32285,84686,235760,115162,108752,330477,1,15,6734,15,15,1,1,15,56
623,47,3993781,17401,41763,11517,553,268358,395068,1905,2056722,398506,34659,74297,147028,114048,108325,323631,1,15,6874,15,15,1,1,15,20
624,0,6488155,18444,50217,30859,467,460163,729395,3016,3160552,679381,53167,83803,413220,182978,113822,508671,1,25,11124,25,25,1,1,25,77
625,1,4255708,16949,40665,10030,600,280270,435952,2184,2208760,431236,36449,71566,164222,127905,113723,315197,1,17,7801,17,17,1,1,17,18
626,2,3456449,17730,39861,8686,569,236414,358728,1712,1875788,206841,30183,72823,122979,101358,113065,269712,1,14,6429,14,14,1,1,14,15
627,3,3287840,18587,37222,9584,593,247257,341765,1676,1718791,182681,27193,77449,129397,97065,103488,295092,1,13,5969,13,13,1,1,13,15
628,4,6438042,18424,51968,29084,504,457370,712858,2497,3207779,709324,52250,74667,387927,181489,107220,444681,1,25,11175,25,25,1,1,25,70
629,5,6145057,18014,59149,29100,563,427911,695632,2464,2979444,759485,48154,73952,376513,170751,102345,401580,1,23,10242,23,23,1,1,23,75
630,6,5150949,19011,60629,25510,581,358694,563246,2538,2489241,638490,51790,77979,285970,138500,106521,332249,1,19,8531,19,19,1,1,19,58
631,7,4446538,16661,47649,24521,517,307764,521239,2679,2150731,540736,35270,76309,226241,132946,106166,257109,1,16,7196,16,16,1,1,16,54
632,8,5350126,19090,49575,34852,523,379724,617093,2580,2555188,643411,41198,75837,303255,138101,114222,375477,1,19,8481,19,19,1,1,19,69
633,9,5887870,18632,49973,29757,532,417540,658366,2822,2797427,754415,46182,75759,351475,162525,107196,415269,1,22,9807,22,22,1,1,22,73
634,10,7100405,18226,52570,28265,595,504254,783901,2652,3456297,891379,56576,74342,444667,196067,128223,462391,1,27,12031,27,27,1,1,27,76
635,11,6542718,18236,51909,31726,616,451132,727560,3029,3142661,811403,48142,79638,402520,173747,115885,484514,1,23,10229,23,23,1,1,23,78
636,12,7398399,18288,54048,27467,765,519993,779155,2956,3594686,970596,59956,87458,436420,210933,117224,518454,1,28,12495,28,28,1,1,28,74
637,13,6598915,18129,55878,29756,654,462448,728926,2654,3179541,863602,55852,75978,385494,189391,111239,439373,1,24,10716,24,24,1,1,24,71
638,14,6305171,19465,51631,28068,559,438997,707577,2591,2999783,812347,52830,77098,359081,185109,118583,451452,1,23,10274,23,23,1,1,23,70
639,15,6356920,17529,51923,27881,525,444649,701419,2447,3049464,845807,52272,76369,371648,173006,111805,430176,1,24,10710,24,24,1,1,24,72
640,16,6047063,17999,52426,34053,660,414697,663077,2879,2940173,781390,47447,79438,344586,166731,115465,386042,1,22,9821,22,22,1,1,22,70
641,17,5838132,17054,49524,26475,555,402939,626238,2516,2841567,767639,48244,76158,330539,162080,107073,379531,1,21,9396,21,21,1,1,21,66
642,18,4331933,17581,48644,26685,566,300352,491172,2771,2064138,533566,31907,85784,227974,110244,112021,278528,1,15,6723,15,15,1,1,15,60
643,19,3597336,19152,47027,25522,547,274509,431693,2862,1630221,433044,28008,74113,180684,92583,118146,239225,1,12,5391,12,12,1,1,12,54
644,20,4964253,17666,50102,27506,544,347360,565141,2832,2339824,621817,44963,75949,279907,131249,111699,347694,1,18,8049,18,18,1,1,18,65
645,21,6812507,18003,58213,29159,666,487866,740306,3450,3291951,855970,55664,76687,417965,189778,123192,463637,1,24,10704,24,24,1,1,24,73
646,22,4887141,16389,43163,10016,624,335444,475984,2088,2629115,498723,41226,74360,183188,143551,117038,316232,1,19,8710,19,19,1,1,19,21
647,23,6799891,25558,47936,15147,624,501315,687258,2944,3726294,680954,63446,81622,315992,219638,113073,318090,1,28,12761,28,28,1,1,28,36
648,24,8021825,18222,53953,29563,659,579800,857406,3059,4046877,917074,60309,79848,504847,240523,113323,516362,1,31,13831,31,31,1,1,31,76
649,25,5481945,18510,49120,31518,574,407386,651907,2595,2505282,697580,39870,77326,335624,157912,113370,393371,1,19,8455,19,19,1,1,19,75
650,26,5647800,18968,51482,41708,731,389823,641054,3066,2626132,726691,44107,75558,339708,147602,110732,430438,1,20,8905,20,20,1,1,20,74
651,27,5756895,18565,48995,27044,606,407695,614993,2676,2804264,741567,43640,74950,317248,146442,122349,385861,1,20,8935,20,20,1,1,20,68
652,28,5841156,16871,49613,28098,531,402408,648610,2918,2837790,721773,46775,76590,339157,157160,117063,395799,1,21,9379,21,21,1,1,21,69
653,29,5521601,17286,47608,15527,703,365883,557844,3009,2844325,712463,45242,77168,231495,152554,120827,329667,1,21,9568,21,21,1,1,21,33
654,30,4332763,16335,50492,25095,665,304660,520786,3276,2060009,485130,31706,75162,242595,110283,115295,291274,1,15,6725,15,15,1,1,15,59
655,31,4384679,18031,48726,25849,603,295189,515358,2974,2051076,574681,35933,83386,231531,119676,110189,271477,1,15,6734,15,15,1,1,15,57
656,32,4554222,15984,41603,10740,570,319669,454191,2182,2423053,496634,39453,72982,168403,135583,106430,266745,1,18,8254,18,18,1,1,18,20
657,33,7962942,21744,65832,42258,692,585822,929054,2959,3802616,830794,64035,123919,474698,222214,162019,634286,1,24,10734,24,24,1,1,24,68
658,34,5050020,16722,43379,9263,526,341889,496095,2458,2672661,524651,41766,75556,183864,147604,175544,318042,1,20,9170,20,20,1,1,20,21
659,35,6486625,17654,47448,17152,612,452109,691405,2691,3465812,632105,57746,81302,321295,206823,109085,383386,1,27,12250,27,27,1,1,27,44
660,36,2802859,16736,37238,8652,933,180809,280795,1694,1400680,245056,22160,69233,92409,74545,108827,263092,1,10,4596,10,10,1,1,10,12
661,37,4247173,16234,40504,11074,511,292653,431657,1609,2308629,349513,37856,72663,163657,126353,103721,290539,1,17,7788,17,17,1,1,17,21
662,38,6253053,18822,48509,19922,517,437296,671838,2308,3267222,650371,55929,91124,314341,197711,112673,364470,1,25,11318,25,25,1,1,25,47
663,39,5869439,16841,48589,20867,551,403916,622916,2332,2994727,735301,46865,82072,290919,167822,102700,333021,1,23,10407,23,23,1,1,23,47
664,40,6912217,16913,55636,19095,555,495909,724317,2686,3633711,797200,59602,81052,352054,208498,121422,343567,1,28,12705,28,28,1,1,28,44
665,41,4773336,16692,44007,12515,599,339759,488674,2145,2535874,461708,42197,75607,202192,153000,110441,287926,1,19,8689,19,19,1,1,19,25
666,42,5059483,18593,45358,15547,644,346508,557009,2010,2657653,457369,45000,78330,224333,153206,109509,348414,1,20,9110,20,20,1,1,20,33
667,43,4423241,16744,42204,10590,737,313756,482376,1930,2368984,347659,42154,70626,174421,141245,106779,303036,1,18,8250,18,18,1,1,18,21
668,44,5457707,17414,49574,25029,671,393625,611586,2568,2750698,522999,44658,84839,304430,149871,124689,375056,1,20,8985,20,20,1,1,20,58
669,45,4719579,17844,43414,16568,694,316315,491142,2043,2430817,528972,39873,85682,208309,134638,108539,294729,1,18,8194,18,18,1,1,18,34
670,46,4155485,19493,47970,25225,614,274651,481530,2721,1913652,420704,29757,79665,216530,105401,182715,354857,1,14,6291,14,14,1,1,14,54
671,47,5889967,17873,45998,11082,623,434991,622158,1805,3100504,606911,50079,92595,233209,197351,109062,365726,1,22,10072,22,22,1,1,22,25
672,0,8615775,17145,54186,31810,681,618310,931949,2526,4272782,987779,75208,81785,559409,250029,106913,625263,1,34,15115,34,34,1,1,34,84
673,1,4635501,18065,41670,10488,589,304162,438666,2569,2478425,453322,39238,74684,169593,133260,127353,343417,1,18,8258,18,18,1,1,18,19
674,2,3967490,23958,40133,10516,656,281086,399276,1685,2171464,235932,34715,70048,147345,119494,118755,312427,1,16,7344,16,16,1,1,16,17
675,3,3498240,16890,38772,9347,616,234085,360388,1605,1892326,212444,30770,69940,126058,101885,113289,289825,1,14,6430,14,14,1,1,14,15
676,4,6498303,16817,53046,29729,548,460430,733184,2663,3227592,710162,52270,77535,420452,184728,109565,419582,1,25,11145,25,25,1,1,25,75
677,5,5863838,18720,48618,30923,550,431940,665818,2585,2718480,767592,47548,76684,360399,157753,106330,429898,1,21,9339,21,21,1,1,21,77
678,6,5808030,17614,50155,27185,550,399730,658539,2774,2761838,791100,45500,77032,328945,156270,106414,384384,1,21,9402,21,21,1,1,21,65
679,7,5237608,18302,56375,26509,607,366622,583383,2864,2514276,685299,41356,77063,280240,140074,110121,334517,1,19,8516,19,19,1,1,19,62
680,8,7258308,16798,51430,30714,688,521435,794695,2584,3577212,926232,58033,77125,444958,198499,106209,451696,1,28,12453,28,28,1,1,28,80
681,9,6326375,16318,52075,30127,644,434177,729374,2610,2996825,834213,52970,75224,392166,180655,102280,426717,1,24,10692,24,24,1,1,24,75
682,10,7364858,17471,59949,30908,668,631373,785923,2910,3507345,976506,58315,77640,451412,195523,113875,455040,1,27,12018,27,27,1,1,27,78
683,11,7549958,17298,53868,32937,604,544104,814778,2908,3609964,994517,59396,79331,498195,204960,106356,530742,1,28,12446,28,28,1,1,28,81
684,12,7818745,18188,54511,39012,664,553034,850018,2556,3804826,1011206,60999,78101,506212,227008,116084,496326,1,29,12874,29,29,1,1,29,83
685,13,7002866,18711,53186,28517,626,485304,753469,2873,3414872,903715,54055,76692,419375,191010,123607,476854,1,26,11580,26,26,1,1,26,76
686,14,5390478,16917,49206,28344,691,374097,618989,2753,2554718,681562,40528,77901,320410,140895,110499,372968,1,19,8477,19,19,1,1,19,70
687,15,6962653,17153,51540,26868,583,491516,755507,2511,3412915,911858,56123,74634,413419,197491,119831,430704,1,26,11616,26,26,1,1,26,71
688,16,6971846,17437,52071,27081,639,504401,775034,3017,3354215,948780,58585,75792,421002,203304,109454,421034,1,26,11599,26,26,1,1,26,73
689,17,7020398,17165,51390,27685,602,469567,751968,2807,3430160,948519,58144,75620,420751,215091,104225,446704,1,26,11608,26,26,1,1,26,72
690,18,5410744,17109,48938,26636,544,370100,617352,2512,2579879,705327,42338,76054,298602,145830,107960,371563,1,20,8950,20,20,1,1,20,65
691,19,5247281,17099,48153,26151,599,371069,594624,2783,2529834,639390,41884,77568,292353,147585,106119,352070,1,19,8507,19,19,1,1,19,64
692,20,6689788,19243,52217,28137,638,465949,736476,2781,3218958,882058,54649,77018,402376,197646,113567,438075,1,25,11169,25,25,1,1,25,70
693,21,6672279,18772,51882,28949,589,470456,743774,2938,3206234,853638,53818,77690,404777,185947,112302,460513,1,25,11145,25,25,1,1,25,74
694,22,4147727,16578,40238,9994,620,274564,409004,1725,2156772,425729,34838,73825,151544,123499,109864,318933,1,16,7336,16,16,1,1,16,19
695,23,6277662,17987,44278,14467,638,440981,638703,2493,3449839,614788,54067,73905,286515,186961,117495,334545,1,25,11398,25,25,1,1,25,34
696,24,8464208,17754,53185,29131,689,600107,909787,2793,4267169,984997,70017,77978,551522,248516,110225,540338,1,33,14707,33,33,1,1,33,79
697,25,9756967,35078,74139,51208,911,703105,1124233,3704,4398285,1190231,80457,136780,587814,276801,189020,905201,1,25,11128,25,25,1,1,25,77
698,26,6067229,18454,52963,37410,605,420886,675044,3317,2864333,762634,47132,75337,387539,167950,111837,441788,1,22,9795,22,22,1,1,22,75
699,27,4994981,18149,49831,26867,746,355036,578152,3583,2355990,612486,37989,79433,274177,125036,105405,372101,1,17,7585,17,17,1,1,17,68
700,28,7190336,18400,54348,28647,700,498640,780985,3775,3537443,936089,57744,76734,432583,199482,112439,452327,1,27,12052,27,27,1,1,27,73
701,29,6224554,16324,47886,14912,489,415009,641039,2453,3279268,752570,56252,82934,279047,187521,109994,338856,1,25,11378,25,25,1,1,25,37
702,30,4385311,18478,56998,25593,549,303511,521504,2693,2090242,513069,35050,74610,240843,117103,104678,280390,1,16,7164,16,16,1,1,16,62
703,31,5648501,16258,48417,26750,549,395499,638887,2623,2722277,743008,42902,75094,315279,151683,104390,364885,1,21,9407,21,21,1,1,21,64
704,32,4660676,16995,42111,9928,543,317397,466015,2295,2506341,491296,41466,73442,175122,138684,104290,274751,1,19,8710,19,19,1,1,19,21
705,33,6992751,17872,51472,29619,537,499126,789238,2678,3505322,757686,60239,76853,434249,203035,102181,462644,1,28,12488,28,28,1,1,28,75
706,34,5558627,17404,43697,9631,550,376471,560012,2244,2976582,617923,50328,79390,210395,165809,107238,340953,1,23,10537,23,23,1,1,23,24
707,35,6844057,17046,61600,16528,521,484707,721948,2404,3727212,634425,56189,81390,340720,220573,105920,372874,1,29,13147,29,29,1,1,29,46
708,36,3441255,15735,39759,9037,518,227157,342986,1972,1784544,297896,27490,74038,132474,98587,101612,287450,1,13,5969,13,13,1,1,13,15
709,37,4723129,15543,42664,9996,616,315976,493360,1871,2528513,364593,42302,71286,276254,149923,100322,309910,1,19,8699,19,19,1,1,19,23
710,38,5623822,18277,46609,20052,559,387342,606450,2495,2852466,577652,48732,80738,297858,169152,106910,408530,1,22,9946,22,22,1,1,22,48
711,39,6038620,17304,49564,21202,594,411347,647549,2761,3073965,742153,49443,78686,299129,170653,117002,357268,1,23,10401,23,23,1,1,23,48
712,40,7612634,17995,52289,18306,653,535281,804905,2664,4027354,900434,61422,82331,379462,230426,113257,385855,1,31,14045,31,31,1,1,31,48
713,41,6005673,15950,45979,13702,883,446606,642468,1884,3268704,598573,47807,74908,254980,182433,105820,304976,1,25,11422,25,25,1,1,25,30
714,42,5305233,17435,45240,15372,608,361315,564677,2317,2816994,430956,46382,76489,249779,200238,105700,371731,1,21,9556,21,21,1,1,21,35
715,43,4397424,16625,41888,10335,765,303860,464879,1961,2345548,362599,51104,74443,180135,134754,99984,308544,1,18,8250,18,18,1,1,18,21
716,44,6760940,17847,50938,24257,537,477699,767775,2372,3379818,743060,58813,81753,417910,204868,102423,430870,1,27,12108,27,27,1,1,27,65
717,45,5130586,16902,44214,16509,530,356981,553497,2066,2608789,593382,45678,81126,235620,154021,102021,319250,1,20,9085,20,20,1,1,20,38
718,46,6899161,17663,51461,26658,529,475703,764092,2613,3393520,814926,56873,80266,420794,212525,104884,476654,1,27,12090,27,27,1,1,27,67
719,47,5834778,18615,47296,12351,510,399085,590949,2152,3106027,614363,55071,79132,239608,187874,113590,368155,1,24,10968,24,24,1,1,24,29
720,0,7526000,17699,53763,32184,572,532498,861961,2896,3640817,791522,62449,81181,492685,238479,104074,613220,1,29,12868,29,29,1,1,29,84
721,1,5440182,18975,43953,9006,554,378223,548728,2137,2867429,567990,47329,75465,207150,166051,116097,391095,1,22,10082,22,22,1,1,22,23
722,2,3999259,17832,39127,8645,532,288411,419625,1381,2178328,238080,36002,70427,148896,126381,114109,311483,1,17,7801,17,17,1,1,17,18
723,3,3482610,17027,49631,9553,513,241428,362985,1649,1867174,197513,37066,74052,126922,104534,101742,290821,1,14,6427,14,14,1,1,14,16
724,4,6202683,18014,51599,25962,575,465837,694108,2789,3148910,625749,49680,77266,375561,182160,111302,373171,1,24,10746,24,24,1,1,24,66
725,5,6120903,17434,51224,29868,820,433423,667928,2917,2977750,784617,47996,75288,365407,167625,123452,375154,1,22,9810,22,22,1,1,22,72
726,6,4291732,17712,49278,24229,575,288605,494632,3137,2003735,527077,33041,77186,226140,114402,119635,312348,1,15,6739,15,15,1,1,15,55
727,7,5009122,18388,50343,25704,568,354162,556338,2547,2355762,701216,40032,79681,269437,133817,102357,318770,1,18,8070,18,18,1,1,18,61
728,8,6438637,18570,51328,28732,566,457244,714225,2370,3117680,848468,51746,75266,383178,177727,105270,406267,1,24,10698,24,24,1,1,24,74
729,9,3815980,17938,48630,28905,599,276553,483623,2439,1726122,433182,30077,76210,209088,100450,103413,278751,1,13,5799,13,13,1,1,13,67
730,10,7298120,24920,52145,29229,680,488489,791665,2359,3506182,976474,60094,78151,450921,204959,104880,526972,1,28,12467,28,28,1,1,28,78
731,11,7335979,18873,53086,33265,574,506228,824547,2724,3417548,966242,59134,79204,483983,204069,100918,585584,1,27,11971,27,27,1,1,27,85
732,12,7067463,19925,52191,28392,544,492506,768098,2424,3414581,935668,60676,77923,415898,200601,102643,495393,1,27,12038,27,27,1,1,27,75
733,13,7080189,17464,61833,28706,528,501017,767878,2572,3388847,948352,60172,77125,437294,205673,101388,481340,1,27,12029,27,27,1,1,27,76
734,14,5696466,17458,49349,27620,579,389232,678252,2290,2693302,735285,44713,83547,321771,158045,103163,391860,1,21,9386,21,21,1,1,21,68
735,15,5750822,17730,49841,27051,528,391232,654897,2334,2752988,733966,58365,77386,317673,161651,110550,394630,1,21,9393,21,21,1,1,21,66
736,16,6805338,17654,51381,28117,540,481209,737205,2564,3304363,943773,55983,77467,394339,188875,111890,409978,1,26,11614,26,26,1,1,26,71
737,17,6403806,16829,50979,27590,577,452329,704309,2368,3122712,847912,50837,75697,377275,175440,109888,389064,1,24,10704,24,24,1,1,24,73
738,18,4706173,18051,48780,25211,529,363166,533762,2603,2200103,625392,37556,75977,243443,126135,103548,301917,1,17,7625,17,17,1,1,17,59
739,19,4028034,17073,46247,24584,572,279441,473890,2514,1890707,492906,30453,76652,208364,112912,100079,271640,1,14,6288,14,14,1,1,14,56
740,20,5609038,18210,57247,27093,523,378848,624003,2605,2687236,733520,46045,76924,324449,156419,104328,371588,1,21,9389,21,21,1,1,21,66
741,21,5895644,19779,50999,28908,532,421103,666667,2527,2756168,747341,49295,76857,356455,172117,102918,443978,1,22,9798,22,22,1,1,22,74
742,22,3285351,17040,37595,10219,653,219114,330154,1904,1603691,334495,28978,74203,114576,91609,107558,313562,1,12,5508,12,12,1,1,12,15
743,23,6671054,19166,47392,14550,651,469272,679525,2728,3653842,689178,56898,76547,286703,197243,104038,373321,1,27,12304,27,27,1,1,27,36
744,24,6614423,17541,52334,36993,587,464909,730552,2637,3259243,743570,60010,78593,416070,191311,108005,452068,1,25,11153,25,25,1,1,25,73
745,25,6036213,17052,50655,31845,538,429611,694504,3128,2816173,755729,48430,76884,382950,158512,104265,465937,1,22,9766,22,22,1,1,22,80
746,26,5761459,17812,50429,30129,596,414525,675641,2768,2745894,698952,46492,75616,355925,158697,107751,380232,1,21,9354,21,21,1,1,21,74
747,27,5181801,18142,50173,26919,516,356930,598588,2413,2436361,650377,40327,75251,293280,148083,103478,380963,1,19,8487,19,19,1,1,19,68
748,28,7278635,17663,53440,29548,671,512977,791197,2670,3525027,956097,59890,78471,455749,204232,105689,485314,1,28,12474,28,28,1,1,28,77
749,29,5889337,16905,45585,14722,647,396213,614538,2614,3067012,736335,50323,77386,253813,171975,105027,336242,1,23,10480,23,23,1,1,23,34
750,30,4975730,17222,50069,25804,756,347449,568166,2645,2425126,565421,40876,83339,276612,136570,109460,326215,1,18,8064,18,18,1,1,18,63
751,31,5240447,19178,50359,25781,649,351890,577369,2796,2493498,649852,41939,177193,275522,139613,108705,326103,1,19,8528,19,19,1,1,19,59
752,32,4502281,19185,43549,11703,625,311763,454648,2236,2381694,454040,38019,86702,171375,132042,107035,287665,1,18,8249,18,18,1,1,18,21
753,33,6880346,17271,52032,28895,676,499110,754022,2715,3513504,745019,56767,76281,420575,195844,103243,414392,1,27,12059,27,27,1,1,27,72
754,34,5368191,17264,45659,9886,640,382876,545738,2564,2870309,560906,48973,75552,202070,167158,118401,320195,1,22,10082,22,22,1,1,22,23
755,35,8197196,16396,52885,18189,678,600446,853452,2512,4459104,826898,73640,83194,413464,245713,114814,435811,1,34,15400,34,34,1,1,34,50
756,36,3897284,16663,39694,9767,731,257248,385614,1956,2051184,355445,33235,79586,154017,112755,110474,288915,1,15,6884,15,15,1,1,15,17
757,37,5149385,17165,43901,10765,863,362622,523481,1724,2835731,408703,48705,77976,226790,163335,113431,314193,1,21,9610,21,21,1,1,21,25
758,38,6471504,17088,50820,17485,659,457041,698340,2743,3433459,641860,54966,82326,338003,200880,110891,364943,1,26,11790,26,26,1,1,26,44
759,39,5590701,16938,50390,21486,593,383053,581416,3196,2843103,681393,43940,80903,281877,161479,111641,329293,1,21,9503,21,21,1,1,21,46
760,40,7111806,18203,50527,17356,625,503221,749614,2832,3725815,844814,58775,84008,355856,222783,109490,367887,1,29,13147,29,29,1,1,29,46
761,41,4702206,17481,40624,12538,614,314612,497533,1842,2494356,464283,39328,76751,189043,140134,106538,306529,1,19,8689,19,19,1,1,19,25
762,42,4981587,17742,44207,15872,561,356817,537567,2076,2604040,457584,41776,74294,219436,145239,104805,359571,1,20,9110,20,20,1,1,20,33
763,43,3450651,17416,40390,9266,596,254164,352432,2051,1764978,270739,30402,80386,122486,105349,115334,284662,1,13,5969,13,13,1,1,13,15
764,44,6711090,17965,52931,24730,761,472254,718862,2870,3325521,789194,58050,86311,386181,190391,112258,472811,1,26,11673,26,26,1,1,26,63
765,45,4295417,18134,41956,16545,561,284157,458967,2264,2161963,492240,33258,78112,184806,117863,105071,299520,1,16,7284,16,16,1,1,16,32
766,46,5063263,17088,47339,25905,644,357893,564975,2637,2442186,579963,39700,84104,270796,139523,109214,381296,1,18,8088,18,18,1,1,18,56
767,47,4874406,17965,43466,11504,604,346404,498475,2064,2541683,511505,42446,78124,187533,140948,105061,346624,1,19,8695,19,19,1,1,19,24
768,0,9072487,19054,53708,30361,617,632269,974462,2803,4563629,1038749,84915,81283,585445,272857,109294,623041,1,36,16011,36,36,1,1,36,84
769,1,4269816,17972,37412,9342,625,288134,426707,2395,2265176,421661,37235,70509,150396,126930,109025,306297,1,17,7801,17,17,1,1,17,18
770,2,3796237,15732,39505,9117,624,269958,403077,1613,2097035,226026,33383,71830,140241,113376,106911,267809,1,16,7344,16,16,1,1,16,17
771,3,4081238,18598,38755,10749,492,287915,452764,1661,2204616,254723,38181,73247,154717,139893,105203,299724,1,17,7797,17,17,1,1,17,19
772,4,6084243,17099,51191,27421,476,438354,684105,2593,3064083,620432,49396,76874,364243,167606,116879,403491,1,23,10281,23,23,1,1,23,69
773,5,5291783,18695,49485,27800,564,382097,602161,2683,2550272,697332,41480,76907,304904,138666,114192,284545,1,19,8470,19,19,1,1,19,71
774,6,4754788,18204,48185,27194,617,329001,540046,2535,2226590,610113,37673,76762,254143,127341,108353,348031,1,17,7627,17,17,1,1,17,60
775,7,4784922,17605,52499,24767,569,325546,537706,3140,2351748,584661,42554,74174,243317,125659,128386,272591,1,17,7643,17,17,1,1,17,55
776,8,6630129,18151,53145,27814,673,474184,734174,2833,3265153,843093,51264,75930,385554,181615,114800,401746,1,24,10716,24,24,1,1,24,71
777,9,4385479,17022,48603,28728,508,298753,509223,3066,2039901,541853,32148,74401,235039,123565,113097,319572,1,15,6697,15,15,1,1,15,66
778,10,7241047,18646,51058,28721,583,510400,788465,2556,3573188,887383,59618,75461,430473,208055,106231,500209,1,28,12495,28,28,1,1,28,74
779,11,7488953,18540,53075,29549,572,516073,806766,2849,3661629,957564,65730,84839,470667,206703,105625,508772,1,28,12460,28,28,1,1,28,79
780,12,7579822,19275,51947,29011,602,531724,806959,2713,3706356,1017493,60367,91455,450347,216648,104622,490303,1,29,12925,29,29,1,1,29,76
781,13,8145442,17606,52120,29131,628,563697,865206,2706,4024003,1081260,63933,77230,486263,236734,102561,542364,1,31,13836,31,31,1,1,31,75
782,14,6362421,17455,49609,26804,658,441804,692894,2559,3084078,830059,47566,77791,365088,197251,105827,422978,1,24,10734,24,24,1,1,24,68
783,15,5852013,17157,49440,29061,554,415601,646846,2376,2800537,771372,47431,82634,335928,158540,102900,391636,1,21,9371,21,21,1,1,21,70
784,16,5655971,17425,49024,27102,594,387421,617023,2659,2736431,737806,46668,77122,317737,162689,107408,368862,1,21,9406,21,21,1,1,21,64
785,17,6232796,17134,54415,26799,555,437039,688307,3051,3009028,827530,46961,75847,349285,167799,118638,410408,1,23,10289,23,23,1,1,23,67
786,18,3923317,16656,47003,26818,519,266197,460929,3168,1805013,468248,31653,75501,204881,115329,114350,287052,1,13,5831,13,13,1,1,13,57
787,19,3866603,18191,47750,25797,575,270362,470430,3193,1804312,458558,29378,73869,200184,100688,107424,255892,1,13,5831,13,13,1,1,13,58
788,20,5730029,17610,48439,26686,527,395653,632682,2323,2813311,706742,44363,74795,327851,151623,107731,379693,1,21,9373,21,21,1,1,21,69
789,21,5812346,17680,48288,27843,635,415798,664647,2674,2772437,776008,46004,83242,337937,157003,103696,358454,1,21,9383,21,21,1,1,21,68
790,22,4876578,16222,43481,11327,574,348043,491134,1820,2595205,491005,39620,73602,187764,137713,105007,334061,1,19,8705,19,19,1,1,19,22
791,23,6444462,17631,47089,14118,680,480734,676730,3018,3502777,624953,58295,74332,278797,201048,108366,355894,1,27,12317,27,27,1,1,27,34
792,24,6221032,17780,51879,28561,577,433636,710432,2496,3083138,700198,52324,85365,375484,179935,107595,391632,1,24,10716,24,24,1,1,24,71
793,25,6963120,17737,52175,29516,526,480228,780703,2538,3350636,894003,56586,78505,435993,195168,104345,484461,1,26,11580,26,26,1,1,26,76
794,26,6888736,18210,57948,32153,771,492499,754142,3008,3264728,875074,54527,88328,429890,196557,122326,498575,1,25,11128,25,25,1,1,25,77
795,27,6314926,18220,51429,27621,783,450147,694113,3632,3023651,825381,48615,75472,386607,175390,110117,423748,1,23,10256,23,23,1,1,23,73
796,28,6380067,17312,50677,28258,526,436069,702326,2849,3124349,818344,52352,84566,379836,183139,109654,389810,1,24,10728,24,24,1,1,24,69
797,29,5595840,16813,44943,15445,489,369294,568484,2802,2937167,691493,47879,78600,237436,163071,103626,318298,1,22,10025,22,22,1,1,22,33
798,30,3781232,17127,47528,25889,553,265439,454495,2818,1756857,423809,29641,76249,209225,100693,103857,267052,1,13,5835,13,13,1,1,13,58
799,31,3746704,17175,46541,23645,533,259514,464311,2521,1750656,447014,32193,73772,189539,102466,101312,235512,1,13,5846,13,13,1,1,13,53
800,32,3671231,16267,38245,11062,560,248724,386842,2093,1883127,367125,29453,69988,136554,111172,105175,264844,1,14,6420,14,14,1,1,14,18
801,33,6802594,17768,51927,28722,607,475948,767696,2481,3404682,767000,61342,77719,412161,201925,100970,431646,1,27,12070,27,27,1,1,27,70
802,34,4437632,16494,51116,9295,680,300548,448791,2243,2341514,447811,39277,72805,164371,144145,104718,293824,1,18,8258,18,18,1,1,18,19
803,35,7096935,17086,49649,17220,655,502182,764814,2371,3804421,729969,58208,81910,353711,224905,102151,387683,1,29,13149,29,29,1,1,29,46
804,36,4101083,16536,41815,10042,635,271242,414356,1883,2183055,375175,34397,73739,145363,116524,103730,312591,1,16,7340,16,16,1,1,16,18
805,37,4014819,16968,42104,18526,659,277220,411590,1795,2193376,283982,33391,72647,158031,115745,104845,283940,1,16,7332,16,16,1,1,16,20
806,38,6159309,19167,52163,18414,603,446856,677819,2872,3202519,649904,51613,84882,315507,183441,113479,340070,1,25,11335,25,25,1,1,25,44
807,39,5744737,18898,50231,21631,671,392423,596059,3000,2915877,692445,48845,80233,286832,161809,114329,361454,1,22,9967,22,22,1,1,22,44
808,40,6750819,18026,51359,17415,622,471859,722399,2669,3524986,823367,60287,79482,327672,200876,112222,337578,1,27,12247,27,27,1,1,27,44
809,41,4714647,17169,43880,12113,535,315348,484369,1942,2522665,478024,39922,76371,186566,138100,106567,291076,1,19,8694,19,19,1,1,19,24
810,42,4837979,17547,44480,15687,530,341941,534533,2169,2514136,421087,44514,78706,216048,146127,122699,337775,1,19,8646,19,19,1,1,19,34
811,43,3315734,16003,39244,9772,617,229522,345178,1616,1723971,266012,28854,81409,118555,98889,103099,252993,1,13,5966,13,13,1,1,13,16
812,44,5241554,17452,48922,23770,493,376034,592097,2406,2581480,557866,41731,83945,280108,147528,103023,384699,1,20,9000,20,20,1,1,20,55
813,45,4945059,17306,44199,16304,539,331918,542810,2074,2515505,580356,42524,77798,218501,144465,102043,308717,1,19,8649,19,19,1,1,19,34
814,46,5776518,17931,50464,26591,547,404654,663202,2482,2808278,666280,49382,80495,335286,176891,104394,389641,1,22,9871,22,22,1,1,22,61
815,47,4599552,17748,44734,11987,632,308719,475456,1930,2391312,454249,40230,79371,177669,147874,104453,343188,1,18,8240,18,18,1,1,18,23
816,0,8464446,18043,53907,32369,600,595649,916650,2789,4201139,975123,70130,83834,565081,243711,113493,591928,1,33,14637,33,33,1,1,33,87
817,1,6234846,17539,50200,9568,558,431658,619678,2314,3409789,650591,53609,75066,235305,185998,111885,381088,1,26,11902,26,26,1,1,26,27
818,2,4728294,16041,42917,9320,675,333264,502446,1648,2625038,289809,42491,75193,186042,155756,109849,337805,1,20,9170,20,20,1,1,20,21
819,3,4205527,17315,41037,10648,548,293692,448788,2039,2308451,243539,38431,74119,159345,140416,106446,320713,1,18,8253,18,18,1,1,18,20
820,4,6982997,17634,54600,28108,626,496169,769562,3175,3578646,682012,59813,81112,429015,204383,123192,454950,1,27,12058,27,27,1,1,27,72
821,5,6752089,16872,52440,29900,723,478629,736835,3172,3274689,850253,55093,76779,409248,193309,121686,452461,1,25,11147,25,25,1,1,25,74
822,6,3699626,16974,46363,26656,562,257533,451518,3140,1697604,432933,28136,75320,186842,98426,109720,267899,1,12,5382,12,12,1,1,12,57
823,7,3995952,18030,47460,24062,546,276707,467463,3354,1881476,504370,29749,74064,203460,105073,106012,254126,1,14,6293,14,14,1,1,14,55
824,8,5951151,16678,50716,27926,501,407175,651536,2747,2941361,757528,53808,75970,339532,164486,105756,355431,1,22,9826,22,22,1,1,22,69
825,9,3889918,17286,47511,28398,562,276354,486316,2648,1771902,468919,31988,75856,206510,108091,101973,265604,1,13,5813,13,13,1,1,13,63
826,10,8088068,18306,52378,30923,559,565428,942908,2511,3943279,1059794,59999,75530,506117,228085,115756,486495,1,31,13783,31,31,1,1,31,82
827,11,9341372,18599,55095,32420,563,690596,997004,2535,4511471,1219643,100607,78660,607457,274111,104157,648454,1,35,15528,35,35,1,1,35,88
828,12,8790685,18731,54116,29118,626,622060,934597,2494,4375878,1142693,81066,86098,533044,256230,103463,550471,1,35,15615,35,35,1,1,35,78
829,13,6750492,17581,51740,30001,617,468693,756696,2871,3250415,876220,53542,76087,415790,185283,103130,461826,1,26,11576,26,26,1,1,26,77
830,14,5914975,17292,50440,29015,566,424441,680782,2292,2815445,733624,56257,77623,361129,167682,103958,394429,1,22,9809,22,22,1,1,22,74
831,15,5167796,16557,49358,27791,580,367021,589646,2517,2441411,655255,41441,74348,298329,142286,101636,359620,1,19,8488,19,19,1,1,19,68
832,16,6909404,17978,58446,28483,572,490019,755923,2597,3360967,898685,68265,76889,398793,203878,108189,439720,1,26,11616,26,26,1,1,26,71
833,17,7523176,15791,51929,29555,530,533195,812036,2474,3706687,975045,56778,75290,465137,219352,102308,477069,1,29,12924,29,29,1,1,29,77
834,18,4946051,20413,48080,26402,501,340151,559052,2525,2397448,604832,38729,75588,272983,137216,112988,309143,1,18,8058,18,18,1,1,18,63
835,19,4732616,16880,46670,25296,521,334717,537699,2438,2217968,656135,36449,75091,241245,131913,99642,309952,1,17,7638,17,17,1,1,17,57
836,20,7124986,18637,51776,28889,622,512097,778746,2550,3477610,894703,60115,83530,438866,205922,106447,464476,1,27,12043,27,27,1,1,27,74
837,21,6185205,17392,50830,27677,567,436728,694466,2807,2988606,789514,48307,77703,365897,171087,101223,412401,1,23,10277,23,23,1,1,23,69
838,22,3220497,15694,36295,9706,562,203910,326089,1787,1605886,321093,26872,69786,119057,87146,102499,294115,1,12,5508,12,12,1,1,12,15
839,23,6894670,19153,46215,13912,621,477399,709792,2463,3760564,753191,55978,78760,306869,222800,112043,334910,1,29,13221,29,29,1,1,29,36
840,24,7424059,18466,51405,30231,599,509375,804831,2630,3658587,914194,57912,76432,480824,222427,111866,484280,1,29,12932,29,29,1,1,29,76
841,25,6308546,17206,51374,32507,526,438681,704837,2323,3012353,800925,49551,78618,396267,172290,101837,449251,1,23,10228,23,23,1,1,23,78
842,26,6439281,30040,50542,29578,665,446808,717216,2481,3015899,881564,58126,75797,400385,178493,103390,448297,1,24,10686,24,24,1,1,24,76
843,27,5736646,18456,49613,28811,555,404350,665845,2443,2731012,731617,49580,82414,329553,160770,105818,375809,1,21,9365,21,21,1,1,21,71
844,28,7754760,18363,53790,28370,521,550244,847326,2682,3772801,1047939,57514,78733,467310,237132,105577,486458,1,30,13398,30,30,1,1,30,74
845,29,7082942,16604,48779,14003,523,490221,723078,2425,3787081,846697,60299,79141,316206,230100,103068,364717,1,29,13198,29,29,1,1,29,39
846,30,4638831,17643,47640,26257,562,349333,539831,2706,2227833,515796,37199,77861,261252,129524,102183,303211,1,17,7627,17,17,1,1,17,60
847,31,5832845,18010,50789,25430,496,428705,651449,2632,2876573,727983,48415,75617,322250,167753,101111,335632,1,22,9869,22,22,1,1,22,62
848,32,4340852,16024,41970,10868,520,295657,432355,2100,2293290,443589,35779,77730,166050,139590,105887,279443,1,17,7788,17,17,1,1,17,21
849,33,6044035,17560,49607,27196,612,431753,679376,2565,3011738,610515,49323,75775,364129,175804,165524,382558,1,23,10297,23,23,1,1,23,66
850,34,4665408,15824,41287,8434,554,316425,482306,2150,2457061,487560,41633,73277,179845,141257,102686,315109,1,19,8715,19,19,1,1,19,20
851,35,6668978,16789,47087,16682,537,470359,709973,2506,3566653,688116,59903,78797,323328,201895,104946,381407,1,28,12698,28,28,1,1,28,45
852,36,3429277,15416,37400,9791,534,227582,339056,2092,1794528,295407,29951,72053,128916,98695,105765,272091,1,13,5969,13,13,1,1,13,15
853,37,5433457,17041,43869,10754,521,375866,564206,1797,2993375,478306,49776,76528,219018,170067,101973,330360,1,23,10525,23,23,1,1,23,26
854,38,5836108,18405,47862,19174,693,399513,639567,3004,3068375,563508,50404,80536,288733,167997,113873,374464,1,23,10417,23,23,1,1,23,45
855,39,6562021,17772,49686,21538,542,464724,695271,2811,3359481,796976,56777,82742,339935,206981,106853,359932,1,26,11747,26,26,1,1,26,51
856,40,5562161,16041,44638,17614,522,385117,598798,2614,2796328,656288,46883,76228,270479,165378,107583,377650,1,22,9970,22,22,1,1,22,43
857,41,5855281,17195,44263,13172,512,418233,607331,2060,3155012,605821,49413,73272,243064,179618,116113,330202,1,24,10962,24,24,1,1,24,30
858,42,4404778,17479,41616,15275,528,313434,478755,2245,2274360,368133,36617,75023,193417,127317,116514,344065,1,17,7737,17,17,1,1,17,33
859,43,3370691,16757,40560,9478,546,224798,341598,1879,1758833,256007,29305,74277,119111,98877,115483,283182,1,13,5966,13,13,1,1,13,16
860,44,7363578,17577,51752,26516,499,538837,803248,2589,3750110,819666,57397,83954,447604,215556,111050,437223,1,29,12999,29,29,1,1,29,67
861,45,4625957,16713,44091,15028,582,313502,497421,2342,2393350,499574,39054,78626,199752,135257,107891,282774,1,18,8201,18,18,1,1,18,32
862,46,5661105,17643,50288,25349,583,395018,628612,2804,2800070,641946,46336,82113,326777,167458,107705,368403,1,21,9424,21,21,1,1,21,61
863,47,4519240,19120,43524,11614,602,315085,452972,1991,2274018,425594,36173,76734,167529,128127,109948,456209,1,17,7784,17,17,1,1,17,22
864,0,6846749,18937,52419,33845,560,501284,792189,2730,3268569,680673,56983,82033,464504,205745,103956,582322,1,26,11514,26,26,1,1,26,87
865,1,4339405,16560,39809,8615,533,292968,439115,2086,2269808,428027,36600,74244,154555,136641,105859,333985,1,17,7801,17,17,1,1,17,18
866,2,4479256,16527,40859,8943,541,319711,461690,1534,2495220,296588,40502,71344,164164,134978,106432,320223,1,19,8714,19,19,1,1,19,20
867,3,4162937,17422,40221,9828,538,287759,441257,1674,2318772,250333,37802,71658,154141,125856,106813,298863,1,17,7797,17,17,1,1,17,19
868,4,7305261,17974,50982,28052,661,527365,792253,2421,3676423,820517,57632,73448,462670,224449,105464,464950,1,29,12949,29,29,1,1,29,74
869,5,8065431,17444,52625,29095,589,550523,881713,2580,3955315,1065128,62422,75422,524594,237573,112247,498161,1,32,14240,32,32,1,1,32,81
870,6,4263810,17443,46300,24375,717,290721,498518,2731,2020938,528340,30779,75661,217734,116643,103792,289118,1,15,6737,15,15,1,1,15,56
871,7,4650677,17348,49140,23555,525,328262,538165,2656,2274347,578319,35448,76467,245837,128006,106598,246004,1,17,7639,17,17,1,1,17,56
872,8,7242496,15955,51632,27909,481,496794,767017,2699,3661364,933289,59717,75840,431838,211340,103810,402811,1,28,12516,28,28,1,1,28,71
873,9,3810398,17725,48649,38263,545,258713,478563,2542,1706539,447538,29419,75019,211037,99436,103103,293307,1,13,5810,13,13,1,1,13,64
874,10,7905996,18598,51907,28476,516,543903,857771,2451,3877524,1020904,61005,76020,484693,236969,103939,541320,1,31,13823,31,31,1,1,31,77
875,11,7034079,17721,53698,32859,530,495730,773691,2553,3386644,910350,53797,85207,434586,205961,100103,480649,1,26,11558,26,26,1,1,26,80
876,12,7850022,19062,53280,29560,572,535102,831135,2400,3885940,1005086,61091,77371,486907,229298,113273,519945,1,30,13370,30,30,1,1,30,77
877,13,7876636,18654,53775,30261,556,529069,837008,2839,3806411,1017330,58466,127533,479309,230052,105990,579383,1,30,13380,30,30,1,1,30,76
878,14,6540685,17504,52778,29130,537,467603,733114,2467,3164716,834144,52245,75284,394876,184327,102470,429490,1,25,11135,25,25,1,1,25,76
879,15,5217479,16337,48649,27336,522,363189,619872,2353,2472026,662705,41991,75662,301838,141001,102877,341121,1,19,8472,19,19,1,1,19,71
880,16,6128548,18402,51662,28417,578,434467,685381,2597,2891996,794402,49493,79643,355678,185006,102139,448687,1,23,10262,23,23,1,1,23,72
881,17,8244287,17771,51974,29249,527,561594,885440,2534,4076867,1056286,63286,76998,516435,255976,101657,547693,1,32,14240,32,32,1,1,32,81
882,18,3812315,17336,47379,26217,555,262962,482315,2554,1748709,465928,26937,75704,206566,102708,106177,240268,1,13,5823,13,13,1,1,13,59
883,19,4024431,29475,48333,22687,529,272928,466635,2608,1910106,478536,32976,76275,204475,111868,102822,264178,1,14,6301,14,14,1,1,14,52
884,20,6394403,17928,51057,28034,555,445999,713496,2477,3089398,803641,57601,76386,384892,188692,108648,425599,1,24,10704,24,24,1,1,24,73
885,21,6496909,18447,51070,27843,501,447087,701165,2386,3131921,877607,49387,75373,385563,178773,102830,446956,1,24,10734,24,24,1,1,24,68
886,22,3826437,15873,39987,9295,555,255663,382054,1929,1991933,362114,38765,72081,161850,109410,105520,279408,1,15,6880,15,15,1,1,15,18
887,23,7477226,21563,54327,18082,590,544334,817913,2624,3843118,797828,65352,106480,323608,225417,155043,500947,1,24,10950,24,24,1,1,24,32
888,24,8146906,18446,53155,25531,545,574551,858396,2224,4156075,975309,62108,86674,490436,250304,107929,485223,1,32,14320,32,32,1,1,32,71
889,25,6384882,17351,49594,29220,506,435039,718451,2419,3056140,803655,47236,77322,387733,188657,106998,464561,1,24,10698,24,24,1,1,24,74
890,26,6199712,17598,51668,31211,567,437253,727829,2569,2953405,781128,51608,77641,381593,169548,115543,400551,1,23,10228,23,23,1,1,23,78
891,27,5474000,18296,51080,25618,552,383818,617438,2360,2605593,708760,43578,76445,317583,151719,102978,368182,1,20,8935,20,20,1,1,20,68
892,28,7796883,17484,52211,27040,572,543006,835489,2856,3846260,993393,60852,77522,460291,298337,107425,474145,1,30,13411,30,30,1,1,30,72
893,29,6510171,17355,48558,15007,510,443320,667218,2264,3436269,791007,58601,80526,310552,198600,103204,337180,1,27,12288,27,27,1,1,27,38
894,30,5349393,17742,49201,24684,522,376397,619568,2517,2634930,610806,43672,75883,289600,144632,103213,356026,1,20,8975,20,20,1,1,20,60
895,31,5185117,16511,48157,26136,550,410172,578915,2530,2476487,641245,40627,74389,289974,145118,105097,329209,1,19,8521,19,19,1,1,19,61
896,32,4225974,16057,42574,11071,514,276297,413375,2051,2273494,408689,34397,78088,146996,117058,113424,291889,1,16,7336,16,16,1,1,16,19
897,33,5706259,18577,49639,28637,522,396364,651744,2398,2854511,584549,45954,77403,335566,171095,102757,386543,1,22,9842,22,22,1,1,22,67
898,34,5151029,16162,43178,9719,574,346253,528739,2098,2779857,543447,45802,71614,192625,152344,101534,317083,1,21,9620,21,21,1,1,21,23
899,35,7152612,18480,48348,16630,527,561543,771431,2249,3837663,703064,62920,80845,336453,228543,108026,375890,1,30,13620,30,30,1,1,30,44
900,36,4071807,16814,40167,10021,536,269320,415896,1724,2182643,346210,36620,71158,146606,123361,102731,308000,1,16,7340,16,16,1,1,16,18
901,37,4737531,18623,49827,9938,566,334208,488468,1797,2614600,358254,44079,74869,183791,148498,105420,304593,1,19,8704,19,19,1,1,19,22
902,38,6726565,18507,51087,18398,586,473378,718406,2812,3525527,698554,58006,84004,345179,216534,110294,405293,1,27,12230,27,27,1,1,27,47
903,39,6086785,19310,50295,33932,626,411741,630317,2963,3089250,759864,50600,80156,304085,180853,105716,367077,1,23,10399,23,23,1,1,23,48
904,40,7107579,18648,56180,19193,637,486971,725643,3493,3770904,805633,60987,82983,339261,201962,133175,401909,1,27,12240,27,27,1,1,27,45
905,41,5435916,18484,44786,13377,604,381635,570003,2075,2886090,560397,47915,75069,227310,163386,107816,336969,1,21,9600,21,21,1,1,21,27
906,42,4107730,18993,57515,16195,714,285144,447934,2299,2073037,360489,32479,74912,177684,113428,112952,333955,1,15,6833,15,15,1,1,15,30
907,43,4282104,17515,41685,10936,670,289309,439238,1734,2274231,381235,35064,71686,161006,126174,122541,309080,1,17,7793,17,17,1,1,17,20
908,44,5513000,18481,49959,25090,542,394176,643972,2542,2696712,574641,45863,84882,317302,162116,110050,386672,1,21,9419,21,21,1,1,21,62
909,45,3506273,16295,41245,14621,607,222595,361103,2274,1715845,426008,26812,75688,136708,91774,104021,270677,1,12,5472,12,12,1,1,12,27
910,46,3836411,18823,44977,24797,549,258841,461256,2753,1763647,401000,27300,80807,192073,94938,110348,354302,1,13,5854,13,13,1,1,13,51
911,47,4604774,18363,49259,12574,679,323327,461729,2488,2399178,445676,36632,76686,183303,148663,124037,322180,1,17,7784,17,17,1,1,17,22
912,0,8511190,18798,59422,32746,750,592819,926905,4260,4211314,938227,70190,82899,578229,245267,124406,624958,1,33,14630,33,33,1,1,33,88
913,1,5457040,18030,48820,10120,714,370015,526936,3323,2939923,512660,45434,75583,204387,157758,126823,416514,1,22,10082,22,22,1,1,22,23
914,2,3910085,17611,40765,8951,824,267217,397785,2027,2110471,285894,32317,71258,143609,113478,123608,294270,1,15,6887,15,15,1,1,15,16
915,3,4396389,16972,47131,10674,670,309799,432477,1970,2453262,243490,36064,76818,175697,125634,132926,332805,1,17,7797,17,17,1,1,17,19
916,4,7089641,18037,68758,27791,633,514694,779887,3274,3632086,706044,58957,78075,436533,205488,133890,425494,1,27,12061,27,27,1,1,27,72
917,5,6467422,18996,55122,29834,709,453303,710633,3827,3133375,854388,49899,73268,391848,173219,130409,388592,1,23,10258,23,23,1,1,23,72
918,6,4653946,18327,51909,27100,686,332416,527573,3589,2198961,543082,35921,76893,261450,132999,128801,314239,1,16,7172,16,16,1,1,16,60
919,7,4851163,17609,52832,24545,680,339027,540536,3481,2326113,598291,38929,76911,269619,132785,118616,311189,1,17,7628,17,17,1,1,17,59
920,8,5431863,17540,53929,30464,690,376071,615183,3353,2585492,668271,41857,74377,311140,148926,133078,371492,1,19,8468,19,19,1,1,19,72
921,9,5618481,19097,50633,36407,596,390757,628250,2660,2710640,678165,46494,77691,315466,155246,112604,393775,1,20,8930,20,20,1,1,20,69
922,10,8438345,19722,59043,34730,827,607899,921309,3865,4077427,1043308,62991,79887,555589,250198,128384,593166,1,31,13760,31,31,1,1,31,85
923,11,8822133,18953,61816,32640,683,610984,942937,4070,4286792,1133548,66242,79375,607346,257238,126943,592566,1,33,14644,33,33,1,1,33,86
924,12,9010867,18768,62050,30377,901,601493,969266,3796,4415871,1194581,86012,78775,552261,263622,139035,594059,1,34,15146,34,34,1,1,34,80
925,13,9617245,19270,59023,32262,812,662253,1028480,3992,4759730,1235380,84620,77666,624664,281980,123234,623879,1,37,16451,37,37,1,1,37,85
926,14,7195098,17720,62827,30504,843,493252,768455,3873,3480137,968458,56952,79244,431281,195522,143484,462546,1,26,11584,26,26,1,1,26,77
927,15,6708016,19958,55574,28592,880,493741,723161,3038,3261401,843627,54860,94863,397526,185944,113732,431119,1,25,11151,25,25,1,1,25,73
928,16,6169771,19263,55270,29879,711,409348,670963,3412,2952862,831532,47788,78448,352780,161339,123643,432533,1,22,9821,22,22,1,1,22,70
929,17,6744780,19690,55217,30307,786,476297,765855,3490,3289186,807582,50575,102710,411721,181871,122648,426845,1,25,11150,25,25,1,1,25,74
930,18,4439133,19582,51748,25267,713,364703,503786,3745,2076101,517452,32630,77663,234625,120795,121913,288410,1,15,6728,15,15,1,1,15,59
931,19,4644226,17613,50420,36593,600,333151,527811,3371,2232461,549769,35445,75225,256335,121807,112451,291174,1,16,7168,16,16,1,1,16,61
932,20,7039768,18240,58920,28510,744,485986,744799,3762,3445153,933997,53629,76673,416404,190662,130585,451704,1,25,11175,25,25,1,1,25,69
933,21,7193133,18889,61535,30199,820,528797,764174,3511,3508770,864564,66567,80715,426853,214061,129621,494057,1,26,11607,26,26,1,1,26,72
934,22,4245460,17620,44780,10724,729,279581,407652,2245,2258215,405494,36821,72603,155416,118970,131549,303061,1,16,7336,16,16,1,1,16,19
935,23,7024578,17629,53315,15676,662,505969,707241,3370,3741439,784906,61236,73868,324061,218601,122292,394313,1,28,12754,28,28,1,1,28,37
936,24,8898401,19889,65317,29622,684,615983,959384,4032,4475461,1037932,74600,78404,582353,256793,147940,550007,1,34,15164,34,34,1,1,34,78
937,25,6868139,17709,57463,34887,819,466788,769301,3753,3249002,848864,57584,80104,461850,194011,126810,499194,1,24,10650,24,24,1,1,24,82
938,26,6896665,19075,60760,33746,661,471824,756463,3144,3355124,835334,54391,75984,440645,193946,128204,467364,1,25,11122,25,25,1,1,25,78
939,27,6624748,18168,63062,28308,665,451817,719594,3968,3271497,822023,50293,76230,397695,176872,124748,419808,1,24,10710,24,24,1,1,24,72
940,28,8284680,17784,64473,28501,663,601016,876905,4525,4135971,1048856,63256,76857,487195,231134,133738,513806,1,31,13856,31,31,1,1,31,73
941,29,7014636,18408,54733,15100,661,479066,707643,3642,3727678,856936,58160,83331,324715,210469,125972,348122,1,26,11841,26,26,1,1,26,36
942,30,7120521,22017,75204,39319,711,498953,779380,3374,3486319,825374,56484,77744,517086,195912,125793,416851,1,26,11637,26,26,1,1,26,68
943,31,5416041,16351,52418,26963,726,377545,586720,3046,2673272,646575,40335,77065,294972,156774,115966,347313,1,19,8516,19,19,1,1,19,62
944,32,3797076,17202,44099,10259,612,255421,364257,2381,1979282,380969,30521,78390,138904,103613,117103,274063,1,14,6423,14,14,1,1,14,17
945,33,7213522,17684,65130,30179,615,526828,766394,3605,3643712,818338,58692,78834,438710,198821,122613,443367,1,27,12059,27,27,1,1,27,72
946,34,5297099,19183,47619,10582,802,354058,523049,3378,2842735,546207,44972,76034,215389,153985,118275,340831,1,21,9626,21,21,1,1,21,22
947,35,6694762,17304,49301,18071,599,470007,702640,3262,3554462,687882,58215,77181,313731,198506,116054,427547,1,27,12262,27,27,1,1,27,42
948,36,3417480,16965,54679,10078,635,224243,331189,1886,1770981,279844,26196,72036,117521,90707,120473,300047,1,12,5511,12,12,1,1,12,14
949,37,4840622,17544,49428,11052,718,337001,494214,2795,2651546,381384,41204,73204,200858,135841,126578,317255,1,19,8700,19,19,1,1,19,23
950,38,5621586,18550,48171,19381,721,409379,610678,2995,2923487,526244,46831,96366,277067,160076,115985,365655,1,21,9517,21,21,1,1,21,43
951,39,6024539,19926,53236,22560,766,400131,613087,3484,3004533,712796,48111,83037,304595,162765,136498,459014,1,22,9946,22,22,1,1,22,48
952,40,7019146,18173,56011,19152,745,498297,770053,3150,3629770,827335,58337,78567,365675,209130,124032,360719,1,27,12233,27,27,1,1,27,46
953,41,4907480,18261,52230,15005,646,328416,497921,2675,2612867,485902,39548,88370,200158,138112,119951,307418,1,19,8689,19,19,1,1,19,25
954,42,5454579,17581,47838,16768,658,378990,568391,2307,2910591,507184,47208,78315,245535,158754,117352,357107,1,21,9553,21,21,1,1,21,36
955,43,4581930,17421,48292,11399,867,393689,451981,1826,2423510,378778,38363,76590,178177,130826,122870,307341,1,18,8250,18,18,1,1,18,21
956,44,5237334,19607,55453,27835,672,414134,576937,3628,2556122,476426,46454,95009,304635,139639,119618,401165,1,19,8525,19,19,1,1,19,60
957,45,5017302,18225,49038,15558,672,343483,511455,2894,2585410,571780,49617,79745,222433,142805,121757,302430,1,19,8663,19,19,1,1,19,31
958,46,5395643,17801,51722,29275,740,378096,596927,3298,2586728,612336,42126,80456,326625,146594,127969,394950,1,19,8494,19,19,1,1,19,65
959,47,5094111,17261,60151,11991,973,351070,499297,2987,2713194,507794,42455,77287,193770,152079,122261,341541,1,20,9160,20,20,1,1,20,23
960,0,7787169,19150,57639,31864,659,551168,840947,3955,3827959,805919,61043,87016,493190,230829,134162,641669,1,29,12906,29,29,1,1,29,79
961,1,5007245,30034,45263,10351,655,336232,506198,2755,2629422,494294,42199,76409,190568,142833,131544,368488,1,19,8715,19,19,1,1,19,20
962,2,3562000,15984,39713,9702,575,249101,357897,1850,1940272,207585,30968,69033,127281,105985,119277,286777,1,14,6429,14,14,1,1,14,15
963,3,3127994,16877,38577,9321,495,221106,317314,1513,1660639,172388,25272,70077,111464,88753,102139,292059,1,12,5511,12,12,1,1,12,14
964,4,5232074,17032,50851,27237,592,373627,604469,2587,2539130,538434,42210,76119,307803,144749,108680,398554,1,20,8940,20,20,1,1,20,67
965,5,5685529,17386,49567,28651,550,392364,658751,2703,2664247,721041,44461,77853,332225,167078,112805,415847,1,21,9368,21,21,1,1,21,71
966,6,4095292,17405,46941,26742,531,316478,481381,2813,1883906,457482,32075,77779,217721,101902,107218,324918,1,14,6267,14,14,1,1,14,61
967,7,4032517,16460,48062,23699,512,283311,481040,2927,1862292,504130,30815,74921,206957,105941,107433,284017,1,14,6288,14,14,1,1,14,56
968,8,5490358,17731,49382,28016,615,369847,627009,2412,2563666,711978,43823,78554,321106,155027,107858,413334,1,20,8925,20,20,1,1,20,70
969,9,5278497,15430,50691,28792,505,384423,602747,2356,2453140,655483,50420,76143,304877,144318,102061,407111,1,19,8474,19,19,1,1,19,70
970,10,7475986,17486,52366,37100,542,519113,825139,2477,3629561,947610,56603,77186,479419,214055,103964,513365,1,29,12900,29,29,1,1,29,80
971,11,7608703,17726,53182,33488,521,535181,846541,2491,3617020,977961,56865,77495,502682,217286,103880,566384,1,29,12852,29,29,1,1,29,86
972,12,7360506,18232,54288,29649,616,515139,787092,2802,3575066,959073,60525,79749,453115,209182,110017,505961,1,28,12488,28,28,1,1,28,75
973,13,7463982,17523,52939,31164,653,510228,790291,3075,3659488,967738,60962,77522,451507,206108,109678,525106,1,28,12474,28,28,1,1,28,77
974,14,6603174,17071,50517,27518,638,457761,717346,2761,3253463,836219,54686,76388,383267,185826,109940,429773,1,25,11186,25,25,1,1,25,68
975,15,5319614,17895,50877,26482,574,362640,617812,3282,2477135,700287,41463,75350,304500,140606,106529,394182,1,19,8477,19,19,1,1,19,70
976,16,6071194,18286,51783,27948,648,418908,655775,2762,2972584,739373,55736,79866,350339,178787,112640,405759,1,22,9838,22,22,1,1,22,67
977,17,6268242,18921,53034,27626,600,427257,675357,3359,3085457,759886,49754,75806,366892,170921,116782,436590,1,23,10278,23,23,1,1,23,69
978,18,4367385,17336,49586,24325,693,298184,543148,2949,2026819,517347,32965,73930,254113,118047,116893,291050,1,15,6731,15,15,1,1,15,58
979,19,4528862,19344,48438,27015,633,310007,521191,2970,2156887,548273,34636,75008,251099,122377,108378,302606,1,16,7164,16,16,1,1,16,62
980,20,5735083,17747,50443,28765,680,404710,647785,2737,2672756,742234,44893,77384,346345,155696,120835,422073,1,21,9356,21,21,1,1,21,73
981,21,3389363,19550,46290,28231,747,235424,455097,2667,1491415,361145,24643,85816,185437,84545,107172,261184,1,11,4906,11,11,1,1,11,66
982,22,4343574,16339,39951,10619,583,306137,435222,1776,2263296,458223,36477,74078,155985,129695,109170,306023,1,17,7792,17,17,1,1,17,20
983,23,6193558,17394,46431,13740,515,434247,658324,1803,3359435,605886,58711,72599,266359,201643,101210,355261,1,26,11848,26,26,1,1,26,35
984,24,7396491,18118,52104,28015,555,507813,800200,2236,3751865,841630,56975,76232,474211,219750,105998,460789,1,29,12969,29,29,1,1,29,71
985,25,6443790,18124,50265,31855,594,450465,734225,2500,3048397,793514,51755,79665,407373,179213,104961,490884,1,24,10674,24,24,1,1,24,78
986,26,6397414,17536,52230,27047,568,433881,701084,2714,3057128,860525,51457,76119,376318,176778,111701,452328,1,24,10704,24,24,1,1,24,73
987,27,6132848,17950,56198,27208,585,421207,677912,2502,2958228,810921,51139,75288,368923,170010,103987,390790,1,22,9828,22,22,1,1,22,69
988,28,5446463,17573,49831,27476,558,377059,612025,2595,2625351,667932,43523,77170,319589,148114,116352,361315,1,20,8935,20,20,1,1,20,68
989,29,6208900,17861,46286,14822,526,435645,633763,2394,3269471,748851,55223,79223,272095,181691,111695,339354,1,25,11383,25,25,1,1,25,36
990,30,4989891,17834,48961,27565,632,349472,564950,2281,2431385,567458,38702,76979,275484,135248,104980,347960,1,18,8062,18,18,1,1,18,63
991,31,4894355,17239,49279,25905,525,338360,553887,2543,2382795,586894,39392,74393,271184,134429,104872,312658,1,18,8073,18,18,1,1,18,60
992,32,3955956,15105,40452,10165,626,275155,388313,1894,2066176,391224,39522,72275,153541,116504,110055,274949,1,15,6884,15,15,1,1,15,17
993,33,6014618,17736,51383,28697,619,413146,682370,2934,2983441,615899,49327,76296,367873,174228,105277,445392,1,23,10269,23,23,1,1,23,71
994,34,5574842,17400,42160,9841,639,379354,557808,2407,3025423,585101,50131,74272,212569,171521,107327,338889,1,23,10538,23,23,1,1,23,24
995,35,6826420,17470,50509,18114,595,485763,729398,2974,3713003,645760,58023,79341,326445,211098,107625,380302,1,29,13169,29,29,1,1,29,43
996,36,4513876,16934,41991,10965,693,306124,456679,1952,2441939,388556,40619,73469,167733,134036,107850,324336,1,18,8254,18,18,1,1,18,20
997,37,4353376,16632,42436,11534,553,301217,469507,2001,2358874,302835,38101,73017,177223,133031,105793,320622,1,18,8248,18,18,1,1,18,21
998,38,4771711,16023,47283,20817,546,330510,517589,2895,2454218,425447,37942,81223,231012,133612,109275,363319,1,18,8156,18,18,1,1,18,42
999,39,7149456,18872,51005,21358,519,511992,763248,2977,3704230,840247,63257,86280,373076,223374,114559,374462,1,28,12663,28,28,1,1,28,50
1000,40,6032037,17841,47904,18544,687,419931,645024,2761,3067092,757613,52061,82847,299727,172021,112613,335371,1,24,10872,24,24,1,1,24,45
1001,41,4434438,25137,43393,12374,606,295690,454789,2159,2320712,451860,50157,76214,181092,127307,108424,284524,1,17,7784,17,17,1,1,17,22
1002,42,4129416,16694,41296,13040,583,274885,456752,2171,2112798,413377,36888,75516,168588,121067,107207,288554,1,16,7308,16,16,1,1,16,26
1003,43,3222034,16483,39262,9817,538,223485,335610,1660,1626033,263394,26409,74031,112029,102615,105305,285363,1,12,5508,12,12,1,1,12,15
1004,44,6386522,18918,51135,26595,587,462265,726748,2524,3179345,702315,50796,84402,377881,185905,104112,412994,1,25,11206,25,25,1,1,25,65
1005,45,5271482,23198,45347,14900,606,355636,570310,2235,2729315,608225,46618,79609,235108,159369,103217,297789,1,21,9564,21,21,1,1,21,34
1006,46,3862638,16331,45734,25941,552,280869,459856,2693,1739819,418686,28462,79634,201338,97885,104721,360117,1,13,5834,13,13,1,1,13,56
1007,47,5251293,15917,45077,10922,596,365998,552856,1916,2795761,520238,48115,77340,200569,158988,106059,350941,1,21,9616,21,21,1,1,21,24
1008,0,7098636,18874,50726,30012,542,497153,794101,2864,3523994,705796,61037,95201,451324,220360,107819,538833,1,28,12467,28,28,1,1,28,78
1009,1,4896547,16290,39202,9337,544,328259,492683,1925,2615524,490318,43557,69464,176309,150554,107222,355359,1,20,9170,20,20,1,1,20,21
1010,2,3656996,16247,37055,9100,564,252049,400572,1762,1991032,219779,30838,65898,131939,109345,107855,282961,1,15,6887,15,15,1,1,15,16
1011,3,3277222,16661,37829,8782,585,220332,330665,1725,1767364,187805,27562,70006,114041,93383,123636,276846,1,13,5972,13,13,1,1,13,14
1012,4,6193153,17106,50335,28096,602,443880,696657,2717,3040615,681659,54646,89046,376126,176247,107905,427516,1,24,10698,24,24,1,1,24,74
1013,5,6747568,18176,51284,29243,634,477348,760979,2778,3228397,897376,74583,77239,400614,192673,103317,432927,1,26,11600,26,26,1,1,26,73
1014,6,4553862,17362,46629,25780,526,323976,519250,2868,2163661,572430,35046,75757,242119,120230,113253,294975,1,16,7172,16,16,1,1,16,60
1015,7,3861979,18293,48131,25525,570,265114,465307,2808,1814124,452406,28667,84771,198004,97457,112100,248702,1,13,5824,13,13,1,1,13,59
1016,8,6004828,18243,51770,28418,683,416368,678219,3085,2871763,782316,46927,76105,352429,174637,117679,386186,1,22,9803,22,22,1,1,22,73
1017,9,5486266,17073,51117,28832,705,375465,622788,3377,2588851,689029,46093,75075,329183,150532,111789,396357,1,20,8915,20,20,1,1,20,72
1018,10,7280500,16045,52155,29226,722,505183,805223,3070,3533575,918005,58715,76891,462453,204208,113434,501595,1,28,12453,28,28,1,1,28,80
1019,11,5612819,17882,50207,30751,494,376177,626606,3430,2606154,735925,45561,79122,339311,149833,109103,442263,1,20,8895,20,20,1,1,20,76
1020,12,8712748,17224,55399,28809,600,607940,915499,2669,4254733,1253097,74483,76760,518031,256682,112215,538607,1,34,15155,34,34,1,1,34,79
1021,13,7667665,20062,53657,42055,653,524113,825129,2657,3670419,1051064,61753,78129,481478,230008,107293,519195,1,29,12900,29,29,1,1,29,80
1022,14,6017384,17374,53698,28827,729,426437,679029,3355,2872454,755304,48285,80498,359913,168822,116639,406020,1,22,9818,22,22,1,1,22,72
1023,15,4776116,20373,51482,27701,591,335704,547601,2961,2255799,574955,37135,89492,264080,125643,112878,329721,1,17,7594,17,17,1,1,17,66
1024,16,5382442,18020,56257,29373,677,382415,615996,3437,2590457,639995,42739,77616,325123,145339,127179,327819,1,19,8489,19,19,1,1,19,67
1025,17,6491140,17694,54435,28251,770,453376,712098,2847,3141282,849679,59949,73139,381195,209068,130924,376433,1,23,10273,23,23,1,1,23,70
1026,18,4580778,17101,50615,23863,786,332832,515986,3638,2220267,528996,35627,76046,244235,119389,123882,287515,1,15,6738,15,15,1,1,15,56
1027,19,4417044,17433,49888,26640,627,306740,522789,3353,2107503,509439,32877,74772,235933,112603,119784,296663,1,15,6722,15,15,1,1,15,60
1028,20,5855160,17648,50117,28108,614,408015,655249,3470,2815000,716495,46463,74808,339489,163100,117003,419581,1,21,9377,21,21,1,1,21,69
1029,21,4935000,17970,50483,36130,677,347543,582344,2747,2302117,578992,37153,74447,290459,129107,112956,371875,1,17,7569,17,17,1,1,17,72
1030,22,3554284,16626,38737,9567,616,230336,355118,2182,1831703,338663,28879,72366,122804,98614,116928,291145,1,13,5965,13,13,1,1,13,16
1031,23,6170016,16955,46309,13048,669,454230,635112,2442,3310378,654929,54143,74715,267258,182514,115117,342197,1,25,11398,25,25,1,1,25,34
1032,24,6896616,17305,51879,29146,559,473179,757965,2692,3419591,822853,61263,77030,421867,202512,111299,447476,1,27,12059,27,27,1,1,27,72
1033,25,7198352,26840,51901,31439,703,507232,801108,2594,3415309,900595,57608,77363,478413,208826,107105,531316,1,27,11982,27,27,1,1,27,84
1034,26,5057758,18902,49519,31314,655,373161,592850,2514,2338773,625904,37383,86301,300513,133767,104279,361923,1,18,8005,18,18,1,1,18,76
1035,27,5463625,17731,48481,27143,593,395081,614629,2681,2647536,668119,42875,74829,312258,147142,105962,358565,1,20,8925,20,20,1,1,20,70
1036,28,7996782,18187,52840,27815,619,556323,863280,2397,3954219,1066105,60219,78146,494446,238488,109056,474642,1,31,13837,31,31,1,1,31,75
1037,29,6808804,17083,47756,14158,598,454122,703889,2414,3638863,835540,56507,80109,299770,229808,105877,322310,1,28,12747,28,28,1,1,28,38
1038,30,3988606,16641,47521,25659,639,282587,500762,2395,1865620,430863,30444,75458,228091,109233,107817,264876,1,14,6273,14,14,1,1,14,60
1039,31,5680191,18312,51877,25593,587,389500,618520,2535,2741032,759564,45223,76673,319848,156675,103800,370452,1,21,9412,21,21,1,1,21,63
1040,32,3822544,16995,40031,10177,612,251532,377151,1985,2007552,400379,33748,75617,134420,122547,103571,246227,1,15,6884,15,15,1,1,15,17
1041,33,5603447,19492,50752,29614,626,403270,649748,2724,2713715,581070,44408,91628,352557,157669,106797,399377,1,21,9359,21,21,1,1,21,73
1042,34,4993933,15287,44364,8687,622,338614,499472,2026,2686298,515464,46124,75486,179346,152614,108252,321277,1,20,9170,20,20,1,1,20,21
1043,35,6957022,18412,49010,16624,676,507206,740191,2602,3737473,687018,58081,81233,341250,223648,110391,383207,1,30,13612,30,30,1,1,30,45
1044,36,2561672,15567,36809,8758,603,159171,257085,1864,1270840,208747,32190,70795,81904,67638,102159,247542,1,9,4137,9,9,1,1,9,11
1045,37,4474435,17527,44218,11231,504,300051,470717,1894,2386520,389643,38671,76786,175450,134632,100692,325899,1,18,8244,18,18,1,1,18,22
1046,38,5080705,18146,45509,18077,514,346513,589537,2471,2602314,493390,45388,91942,244389,147660,103402,331453,1,20,9070,20,20,1,1,20,41
1047,39,6219377,17743,49078,21009,674,433210,670519,2589,3167511,719368,53106,81410,316321,190452,113583,382804,1,24,10848,24,24,1,1,24,49
1048,40,6842815,17930,45877,17752,528,480848,718975,2353,3516200,849296,58423,78937,336757,207566,107264,404109,1,28,12684,28,28,1,1,28,47
1049,41,5654985,16675,43164,13216,676,411622,599567,2072,2976866,627497,48985,73804,233230,180453,100312,326846,1,23,10507,23,23,1,1,23,29
1050,42,4783022,17952,41952,15988,588,336872,530564,2130,2477098,444290,42340,80910,209516,147341,103672,331809,1,19,8658,19,19,1,1,19,32
1051,43,3568956,16055,38976,10500,618,244250,372437,1632,1841527,300289,31825,71673,130716,103707,103099,301652,1,14,6420,14,14,1,1,14,18
1052,44,8460700,19136,51505,25838,497,612232,909932,2340,4267543,990530,75297,84714,519724,261916,108088,531408,1,34,15208,34,34,1,1,34,73
1053,45,6591305,17182,47547,16158,526,455758,691128,2188,3508088,775509,58219,79713,305194,204128,104339,325628,1,27,12271,27,27,1,1,27,41
1054,46,5157308,18840,47706,28533,547,351657,585536,2311,2446624,567098,41991,84248,290568,139591,107426,444632,1,19,8504,19,19,1,1,19,63
1055,47,5143961,18353,44564,10287,522,353294,516420,1969,2702313,540517,46566,80545,204624,162240,107668,354079,1,21,9616,21,21,1,1,21,24
1056,0,8310897,18083,54777,31283,536,598333,937810,2693,4114869,927563,70360,80864,554544,238094,104876,576212,1,33,14638,33,33,1,1,33,87
1057,1,5325681,17670,48830,8875,586,370378,541237,2107,2825487,549433,46309,72639,197406,161469,106052,377203,1,22,10082,22,22,1,1,22,23
1058,2,4465444,16726,40665,9079,566,316580,488798,1395,2465532,272833,39467,77282,168974,142170,108013,317364,1,19,8714,19,19,1,1,19,20
1059,3,4044433,17842,39965,9532,534,283957,420583,1488,2215125,232564,44851,72147,149198,129221,105758,321668,1,16,7340,16,16,1,1,16,18
1060,4,7489793,17678,51579,29414,598,532786,819926,2650,3796467,831442,58477,74604,461821,228900,106198,477253,1,30,13389,30,30,1,1,30,75
1061,5,6568536,17834,59257,29080,508,466158,726312,2353,3190724,821809,54974,75460,407484,201220,100639,414724,1,25,11141,25,25,1,1,25,75
1062,6,5644417,18171,49558,26918,592,385231,622498,2495,2725340,708472,48237,76271,312408,168086,105113,395027,1,21,9409,21,21,1,1,21,64
1063,7,4459314,16795,46753,25380,540,306435,512212,2353,2132878,576332,35297,76733,235002,122949,104657,264998,1,16,7176,16,16,1,1,16,59
1064,8,5311433,16826,48925,29989,577,386276,626483,2779,2480419,645438,43717,78127,310908,154344,114230,372395,1,19,8462,19,19,1,1,19,73
1065,9,4799762,18007,47094,28903,680,329941,574767,2699,2225201,579635,39514,73233,282193,133359,102475,362061,1,17,7570,17,17,1,1,17,72
1066,10,7812148,17089,52114,29277,641,535729,850368,2729,3796266,1038615,60929,74655,498623,232254,101753,521106,1,30,13341,30,30,1,1,30,81
1067,11,6587985,18585,50543,32020,600,457917,759997,2666,3087180,842893,52460,79708,420117,178117,101082,504100,1,24,10650,24,24,1,1,24,82
1068,12,7943959,18860,53131,28341,659,549414,872397,2682,3865113,1014435,63319,87108,512215,238818,102700,534767,1,31,13799,31,31,1,1,31,80
1069,13,7639036,18224,52149,30607,666,538228,833626,2368,3730074,993941,60024,77285,476021,228040,104495,493288,1,30,13371,30,30,1,1,30,77
1070,14,5500779,17043,49450,29038,532,401114,616860,2601,2616852,682574,43910,77360,319742,153506,104876,385321,1,20,8915,20,20,1,1,20,72
1071,15,5281257,18950,56463,27051,606,364538,610648,2533,2458472,703094,41458,77163,306520,143503,102737,367521,1,19,8479,19,19,1,1,19,70
1072,16,7546095,19829,52020,30045,603,544185,831225,2731,3673504,966566,57210,79489,451260,214765,130213,492450,1,29,12920,29,29,1,1,29,77
1073,17,6794666,17131,50930,29974,624,475131,752990,2649,3336106,869328,56032,76938,403722,194979,101105,427027,1,26,11596,26,26,1,1,26,74
1074,18,6844302,16671,52366,27494,507,479862,733552,2564,3342459,910609,58040,74515,392053,196804,105812,450994,1,26,11615,26,26,1,1,26,71
1075,19,5377749,18613,48769,27266,558,381914,606274,2830,2579509,666116,43670,75980,308805,153553,115729,348163,1,20,8955,20,20,1,1,20,64
1076,20,5663158,16548,48753,28128,487,391222,638264,2631,2721599,700046,45023,75482,335678,154371,107422,397504,1,21,9359,21,21,1,1,21,72
1077,21,5942265,19070,50953,30857,615,407106,691886,2464,2827687,738274,46616,75835,357576,162379,102489,428458,1,22,9785,22,22,1,1,22,76
1078,22,3668763,16698,38372,9995,511,234652,364172,1831,1855960,394973,32725,71720,128344,103658,119497,295655,1,14,6422,14,14,1,1,14,17
1079,23,7894844,19308,50176,14645,560,558817,835765,1989,4301977,838451,70205,75230,365685,262275,101228,398533,1,34,15476,34,34,1,1,34,41
1080,24,6642068,17581,50647,27516,502,463082,740686,2226,3347293,745718,55722,74460,411329,194524,115448,395334,1,26,11625,26,26,1,1,26,70
1081,25,6967370,17594,52327,31722,593,503002,772551,2592,3305087,901661,55865,76825,444751,196206,105801,500793,1,26,11535,26,26,1,1,26,83
1082,26,6868037,17154,52713,32014,532,472712,742967,2726,3287753,870918,80527,81158,420340,197258,107099,502166,1,25,11105,25,25,1,1,25,81
1083,27,7026114,18826,60215,28836,571,486701,769852,2769,3428392,893076,57491,75893,423756,197075,105739,476922,1,27,12031,27,27,1,1,27,76
1084,28,7913613,17976,53483,29904,779,542282,843386,2682,3905941,1021242,62003,81091,488367,246785,111128,506564,1,30,13370,30,30,1,1,30,77
1085,29,6705268,16379,48446,13981,617,465467,667438,2403,3600961,816532,56948,77408,286765,195427,109257,347239,1,27,12303,27,27,1,1,27,36
1086,30,5358783,17423,48938,26060,731,366851,621492,2515,2648509,597706,42586,76178,310423,148828,118685,331858,1,20,8940,20,20,1,1,20,67
1087,31,5440768,15527,48980,27634,541,390762,644577,2757,2570879,718819,42188,74010,315771,145865,107059,335399,1,20,8950,20,20,1,1,20,65
1088,32,4086699,16877,39583,10083,578,295862,410673,1945,2155807,411537,33099,75987,144542,114651,105248,270227,1,16,7340,16,16,1,1,16,18
1089,33,6029914,19253,51366,29461,522,446706,688230,2667,2954135,624473,48312,75269,369326,173342,106159,440693,1,23,10250,23,23,1,1,23,74
1090,34,4323954,15895,41586,9381,556,283155,420552,2164,2319978,455149,36191,73582,149917,120237,102958,292653,1,17,7801,17,17,1,1,17,18
1091,35,8195137,18480,57279,18179,642,593203,849365,2451,4417363,897610,74981,81163,420223,253346,110223,400629,1,35,15860,35,35,1,1,35,50
1092,36,4023409,14857,39738,9337,615,269886,400845,1899,2155022,351802,34568,71719,150560,118933,105706,297922,1,16,7340,16,16,1,1,16,18
1093,37,3289648,16195,37058,9752,573,226381,340283,2020,1730293,233195,27879,80484,119245,94380,103143,268767,1,13,5965,13,13,1,1,13,16
1094,38,5445486,17214,46406,19147,617,383594,619194,2394,2758957,543379,47933,82475,276944,163884,101994,381354,1,22,9968,22,22,1,1,22,44
1095,39,5847442,19408,58158,20695,631,397537,643306,2689,2948969,684602,48973,83953,301548,176206,102941,357826,1,23,10403,23,23,1,1,23,47
1096,40,6830429,17118,48035,19165,544,477941,699185,2052,3549792,827212,60457,81180,330633,248255,107143,361717,1,27,12239,27,27,1,1,27,45
1097,41,5678016,16671,45022,12164,538,389211,594187,2163,3054657,629564,50746,72936,226487,175259,104349,304062,1,24,10968,24,24,1,1,24,29
1098,42,5134433,16072,44530,15431,584,351066,545319,2078,2747256,455136,44046,73516,224813,154533,108183,351870,1,21,9568,21,21,1,1,21,33
1099,43,3363335,15709,39025,10833,638,241162,346219,1469,1727756,262101,29319,70212,121176,96491,102665,298560,1,13,5962,13,13,1,1,13,17
1100,44,6626583,25644,50192,24970,603,468897,737678,2382,3315769,727718,63014,81514,388795,202213,104386,432808,1,26,11652,26,26,1,1,26,66
1101,45,5541741,17420,46310,15388,583,373514,578921,2226,2859861,646700,50937,78934,245577,185800,103402,336168,1,22,10019,22,22,1,1,22,35
1102,46,4334820,18045,54789,28621,541,296199,503568,2438,2037037,468607,32531,83504,238693,120672,109772,339803,1,15,6720,15,15,1,1,15,59
1103,47,4900051,15931,41892,9846,502,348207,499015,1946,2572582,527053,44675,75103,181714,148824,106489,326272,1,20,9165,20,20,1,1,20,22
1104,0,9900960,17891,54865,31855,604,698943,1107480,2992,4895495,1167031,84190,80885,695867,294096,116913,651853,1,40,17740,40,40,1,1,40,91
1105,1,5727407,17133,42485,10383,546,408047,566441,1996,3070393,581363,50125,73049,222619,182399,106252,394176,1,24,10992,24,24,1,1,24,25
1106,2,4425137,15349,41048,9347,526,326014,461318,1596,2444549,271801,38981,72197,167186,134405,106527,334293,1,19,8715,19,19,1,1,19,20
1107,3,4144751,16134,40331,9273,601,293521,430266,1565,2304616,240140,36852,70369,163127,129198,106980,301778,1,17,7801,17,17,1,1,17,18
1108,4,6217606,18393,50636,28887,546,459565,714129,2509,3056125,661303,54698,76593,371655,180319,110224,432024,1,25,11161,25,25,1,1,25,72
1109,5,6187091,19141,50900,29386,630,416003,676960,2640,3022640,804310,48319,75972,365652,169876,104682,399980,1,23,10262,23,23,1,1,23,72
1110,6,4648686,18663,46964,24319,641,315369,527659,2549,2193843,608696,36922,74788,239027,134520,108968,315758,1,17,7641,17,17,1,1,17,56
1111,7,5066276,17855,48068,24442,582,372516,573757,2744,2467943,643100,42189,75552,264388,141955,105452,285733,1,19,8534,19,19,1,1,19,58
1112,8,4730466,17158,55589,28051,604,357837,557164,2403,2223581,583594,37512,75195,282795,128216,100711,280056,1,17,7583,17,17,1,1,17,69
1113,9,4334306,17863,55341,28669,530,304393,530111,2535,1995465,541820,34350,76042,248398,111717,105167,281905,1,15,6687,15,15,1,1,15,69
1114,10,7180339,17343,52104,28541,547,502568,770616,2562,3474795,921234,58265,78231,454268,213523,106066,499676,1,27,12032,27,27,1,1,27,76
1115,11,5823129,18679,50217,30322,583,413808,664527,3006,2749266,701751,44205,76680,363860,155778,102943,447504,1,21,9341,21,21,1,1,21,75
1116,12,8497737,25813,52321,26859,587,572602,886386,2656,4218479,1152196,71214,76911,521846,250694,101559,537614,1,33,14713,33,33,1,1,33,78
1117,13,7719101,18403,51868,31046,655,525036,848954,2456,3762472,983850,60595,76938,482959,224069,111877,537923,1,30,13340,30,30,1,1,30,81
1118,14,5492637,18244,50140,28727,535,378196,618779,2481,2635085,705643,41463,75056,311662,150667,118232,357727,1,20,8925,20,20,1,1,20,70
1119,15,4310608,18755,48512,25975,571,296974,508433,2230,1965231,581224,33531,88386,231031,113314,102689,293752,1,15,6714,15,15,1,1,15,63
1120,16,5626411,16892,49011,28118,572,391744,624093,2536,2718557,729925,46008,75194,318377,160863,104945,359576,1,21,9382,21,21,1,1,21,68
1121,17,5323975,16172,48388,27163,496,368310,604062,2605,2551772,682196,44639,73371,313395,144701,104024,342681,1,20,8935,20,20,1,1,20,68
1122,18,4659573,16327,49172,25077,549,329469,530854,2297,2219520,605101,38320,76129,248970,127831,101445,288512,1,17,7621,17,17,1,1,17,60
1123,19,4453894,17870,50455,25208,523,308367,518308,2397,2109493,564853,40776,83410,231383,117908,101532,281411,1,16,7188,16,16,1,1,16,56
1124,20,4411309,17170,55694,28262,527,309473,530977,2320,2039116,547655,34274,77941,252604,116853,109380,289063,1,15,6690,15,15,1,1,15,68
1125,21,5243512,19002,48691,27614,552,365549,595216,2507,2508835,640327,40563,88413,298063,144439,102957,360784,1,19,8479,19,19,1,1,19,69
1126,22,4077947,17095,40092,10701,576,274138,409252,1926,2109497,424569,35696,71887,156525,121949,105657,298387,1,16,7336,16,16,1,1,16,19
1127,23,5834567,18547,44490,14205,548,414811,611418,1862,3135458,575501,51617,83658,262125,176711,97553,346063,1,24,10944,24,24,1,1,24,33
1128,24,7529661,19453,52097,28950,615,521325,838859,2591,3747441,902605,63041,78219,452198,233638,102375,486254,1,29,12946,29,29,1,1,29,74
1129,25,5970550,18592,50495,28474,553,419444,663669,2404,2851577,761794,47090,74879,366410,162692,104030,418447,1,22,9808,22,22,1,1,22,72
1130,26,5237826,16728,48163,29414,590,374276,616643,2541,2424722,650609,39868,74667,322361,141791,103295,392158,1,19,8470,19,19,1,1,19,72
1131,27,4968330,17748,47878,26523,687,353793,582457,2319,2368590,605589,39197,75061,278438,138799,100389,330862,1,18,8046,18,18,1,1,18,66
1132,28,7055520,17539,51193,29043,586,502689,773524,2310,3446909,898064,58618,76002,423582,193995,103285,478181,1,27,12044,27,27,1,1,27,74
1133,29,6735966,17268,47238,14254,528,461344,696989,2168,3555522,853870,58157,79826,290606,204066,100716,353414,1,28,12754,28,28,1,1,28,37
1134,30,4547615,16653,47514,24457,533,321749,524955,2347,2188358,537946,36499,75010,246853,121421,112563,290757,1,17,7629,17,17,1,1,17,59
1135,31,5718093,18088,49041,27516,538,397737,621666,2557,2823191,713088,46250,75488,317016,150939,105642,369336,1,21,9407,21,21,1,1,21,64
1136,32,4033445,16513,38448,10419,762,288863,418247,2003,2109174,405961,33192,73239,146624,116709,105366,267925,1,16,7340,16,16,1,1,16,18
1137,33,4711773,18981,49490,28948,614,345258,561869,2590,2262010,467698,37207,76106,280880,123975,113681,342466,1,17,7580,17,17,1,1,17,70
1138,34,4823293,17078,49458,8837,598,328045,480470,1971,2603073,510007,41538,70544,178893,143790,106402,282589,1,20,9170,20,20,1,1,20,21
1139,35,8413731,18968,51726,17851,662,634005,890306,2281,4548978,891278,75993,84954,421017,271521,104997,399194,1,36,16317,36,36,1,1,36,50
1140,36,3449720,17572,38711,9393,568,232369,348973,1949,1792936,285169,27474,70871,120061,102760,105258,295656,1,13,5968,13,13,1,1,13,15
1141,37,3904678,16255,39627,10418,604,269272,418789,1964,2116318,290684,33508,71831,147456,115744,103252,268956,1,16,7336,16,16,1,1,16,19
1142,38,5981468,17876,47173,18456,614,412788,628813,2311,3130565,636566,49899,80515,306531,173487,103730,372144,1,24,10878,24,24,1,1,24,44
1143,39,5154929,17920,45536,20916,600,352143,539931,2297,2584819,613803,42871,82806,245946,148798,103118,353425,1,19,8599,19,19,1,1,19,44
1144,40,5992554,16396,44263,17767,576,414149,644609,1946,3073610,721954,54397,77430,290294,181402,101599,352162,1,24,10890,24,24,1,1,24,42
1145,41,5374465,16478,41830,12198,605,365834,542511,1882,2880718,603071,55322,69447,212158,160043,102622,309746,1,22,10058,22,22,1,1,22,27
1146,42,5353561,17501,43316,16045,610,367137,568920,2117,2849529,496356,56799,71092,233070,158698,102760,369611,1,22,10021,22,22,1,1,22,34
1147,43,4160848,17636,42550,18983,674,297713,430515,1585,2197756,342113,36575,75729,160379,124662,104289,309689,1,17,7793,17,17,1,1,17,20
1148,44,7073569,17606,50783,26317,629,490187,766879,2311,3605619,817735,59330,85279,422024,208694,103842,416334,1,28,12544,28,28,1,1,28,67
1149,45,5126895,15994,43683,15578,501,339270,526981,1792,2659483,604471,42585,80130,230001,154484,101367,310575,1,20,9100,20,20,1,1,20,35
1150,46,5638715,17665,47263,28217,547,387918,640708,2673,2707036,679268,44021,83629,324041,152399,101093,422237,1,21,9406,21,21,1,1,21,64
1151,47,5968980,16840,53112,10316,513,421639,595873,1747,3207497,627500,54505,78568,231742,191692,104347,373089,1,25,11441,25,25,1,1,25,27
1152,0,9513315,19215,55250,30769,557,665899,1033327,2623,4774326,1069622,82907,86226,636230,281540,109400,665424,1,38,16870,38,38,1,1,38,88
1153,1,6128733,17364,56291,10448,647,435610,624145,2113,3288516,633771,55916,78657,236398,191721,102794,394342,1,26,11902,26,26,1,1,26,27
1154,2,4553650,16990,41735,9775,538,319037,468969,1805,2544052,270146,38200,74066,170990,145068,107522,344757,1,19,8714,19,19,1,1,19,20
1155,3,4385200,18479,40620,9780,587,320086,480293,1468,2426345,249682,39841,82819,166503,136478,103706,308513,1,19,8715,19,19,1,1,19,20
1156,4,6521913,19129,51693,29387,657,472742,728928,2390,3321553,650811,53668,78613,393891,188873,120503,409075,1,26,11619,26,26,1,1,26,71
1157,5,7048280,18686,51146,28955,583,490061,745894,2526,3514505,901300,57732,77019,416731,197796,104842,440504,1,27,12072,27,27,1,1,27,70
1158,6,5439047,17909,57666,24721,501,382618,607617,2476,2586074,741754,41978,73837,296972,146269,107337,351318,1,20,8965,20,20,1,1,20,62
1159,7,6499867,17375,52003,26802,572,450243,705736,2399,3168465,913897,62846,76641,359255,187294,105299,371040,1,25,11202,25,25,1,1,25,65
1160,8,5854816,16542,51741,29179,494,411527,689377,2943,2810477,748357,47067,78963,346071,158188,105370,358520,1,22,9804,22,22,1,1,22,73
1161,9,5855041,17668,50467,29256,579,413159,648424,2691,2825250,746788,47910,75573,336345,161238,103873,395820,1,22,9810,22,22,1,1,22,72
1162,10,10231252,19061,56279,30091,597,696935,1051418,2863,5068477,1371015,93371,78025,654121,287612,110678,710709,1,41,18227,41,41,1,1,41,87
1163,11,8239139,17398,54229,32503,577,548177,877356,2595,3964231,1173694,61396,78645,529894,231975,112252,554217,1,32,14216,32,32,1,1,32,84
1164,12,9051657,18508,54410,26769,548,601987,940327,2697,4474496,1261041,75954,80915,539348,272412,106197,596048,1,35,15623,35,35,1,1,35,77
1165,13,7556932,18734,52462,30689,601,511402,837939,2612,3676574,992820,68281,75478,471350,213013,104288,500689,1,29,12902,29,29,1,1,29,80
1166,14,6905506,18052,51344,27422,646,479873,741233,2592,3341124,963461,55655,77263,397098,194408,103179,452156,1,26,11621,26,26,1,1,26,71
1167,15,5467173,15530,47129,25832,613,375804,593834,2538,2614606,740023,42560,74643,297187,145922,100640,390312,1,20,8945,20,20,1,1,20,66
1168,16,6883060,18010,51269,26723,611,471025,727640,2917,3380836,954230,63965,77594,376527,189328,113711,428674,1,26,11640,26,26,1,1,26,67
1169,17,7511357,17761,51319,27568,641,510292,810817,2595,3671208,1067341,55774,74815,463949,218881,102067,436329,1,29,12961,29,29,1,1,29,72
1170,18,5248022,17780,48901,25822,603,367469,571171,3017,2475978,702222,40337,76916,291426,136620,106259,383501,1,19,8509,19,19,1,1,19,63
1171,19,4741327,18021,48751,26829,579,323088,558929,2561,2194466,632606,38490,75468,269679,130580,105328,315952,1,17,7625,17,17,1,1,17,60
1172,20,6482982,16546,49579,28892,600,449014,697689,2342,3098243,891947,51607,75918,385541,186079,104922,444063,1,24,10716,24,24,1,1,24,71
1173,21,5787055,17452,51409,28352,541,426206,660086,2446,2742252,759381,47100,88284,331255,155160,105240,371891,1,21,9369,21,21,1,1,21,71
1174,22,3732056,15453,39160,10621,539,257882,376773,2198,1893824,400954,32977,69306,133204,113572,102930,282663,1,14,6421,14,14,1,1,14,17
1175,23,6879844,16580,47121,14367,714,473940,711699,2197,3794063,722677,57491,72486,301310,217324,106021,341854,1,29,13214,29,29,1,1,29,37
1176,24,7872776,19373,52461,28564,678,556538,851130,2636,3977942,919131,61685,90023,475067,236238,105065,496245,1,31,13847,31,31,1,1,31,74
1177,25,7129870,17767,51109,33264,615,487628,789367,2525,3390088,968269,54402,76836,448761,199124,117675,492440,1,26,11550,26,26,1,1,26,81
1178,26,6522505,19281,50272,27947,623,444076,714978,2632,3104826,884469,52248,77547,387036,178091,103761,474718,1,24,10698,24,24,1,1,24,74
1179,27,6478985,18477,51109,27700,586,455779,698197,2838,3109541,882367,51763,77211,368013,181493,107047,446864,1,24,10710,24,24,1,1,24,72
1180,28,7583434,17807,52605,29472,589,513686,825572,2666,3673921,1054712,56870,80363,457288,216375,107060,494448,1,29,12920,29,29,1,1,29,77
1181,29,8271116,18163,50070,13156,540,566933,839140,2441,4456597,1057121,75077,80020,384670,264306,103307,359575,1,35,15930,35,35,1,1,35,42
1182,30,5073133,17363,49332,26458,604,362650,595977,2631,2470636,544542,39727,75927,298926,142647,101862,343851,1,19,8507,19,19,1,1,19,64
1183,31,6844080,18009,58877,28419,575,466708,748626,2514,3309011,931147,54267,77264,419564,192510,104355,432234,1,26,11619,26,26,1,1,26,71
1184,32,4199190,15831,39344,10691,484,284833,417978,1986,2221587,431767,34036,75308,151824,119761,108265,285495,1,16,7336,16,16,1,1,16,19
1185,33,5061271,28933,49267,30249,509,364698,603885,2726,2404224,509531,40667,76102,321222,142162,103538,383558,1,19,8458,19,19,1,1,19,74
1186,34,6073221,16402,45803,9407,598,428617,594975,2122,3350552,608367,56138,77648,228226,186552,104015,363799,1,25,11447,25,25,1,1,25,26
1187,35,7593805,18424,50558,16918,540,542966,794619,2278,4141458,719586,68917,87914,388337,247519,101507,412264,1,33,14970,33,33,1,1,33,47
1188,36,4129941,16960,40364,10514,638,277967,413070,1904,2168446,364668,34971,73738,161620,118097,112192,334792,1,16,7336,16,16,1,1,16,19
1189,37,4145871,16554,38825,10893,564,293649,440315,1814,2217077,304460,39430,69901,160454,127301,102023,322611,1,17,7788,17,17,1,1,17,21
1190,38,6812082,19172,46777,16992,499,476020,711287,2167,3606465,724831,58778,79073,356397,206068,106464,401092,1,28,12698,28,28,1,1,28,45
1191,39,7011274,17201,57087,20697,600,485605,729460,2469,3630428,835024,65380,79327,367020,205851,103330,411795,1,28,12642,28,28,1,1,28,53
1192,40,7699480,18669,49235,17411,566,545035,798899,2425,4051613,983570,61007,79290,366974,235326,103583,385877,1,32,14520,32,32,1,1,32,46
1193,41,5809622,18034,43934,12243,611,403999,604577,2002,3125069,624653,46421,74058,239472,178786,111110,324653,1,24,10968,24,24,1,1,24,29
1194,42,5953192,17010,46635,15984,601,401240,635771,2038,3220704,559653,51895,86845,264917,180392,104711,364796,1,25,11385,25,25,1,1,25,36
1195,43,4046359,17077,42329,10636,521,294468,410340,1442,2141821,317974,34832,75513,145064,116036,100740,337566,1,16,7336,16,16,1,1,16,19
1196,44,7499723,18955,51966,24564,584,532647,799459,2369,3856580,831371,58136,84976,441389,221111,106911,468705,1,30,13466,30,30,1,1,30,65
1197,45,5522376,17597,47137,16000,639,369199,576773,2169,2850208,641805,47067,78984,261127,164103,107326,342242,1,22,10007,22,22,1,1,22,37
1198,46,4925854,18259,45899,28560,530,345876,558804,2431,2400220,526566,37799,92664,274567,132378,104702,356599,1,18,8070,18,18,1,1,18,60
1199,47,4858174,17282,42154,10682,503,343771,505597,2014,2545505,493437,50542,75817,181661,147305,102105,339799,1,19,8706,19,19,1,1,19,22
1200,0,9567879,18301,56304,32022,635,664125,1032069,2713,4733167,1137457,90908,80669,643594,298374,107800,669741,1,38,16833,38,38,1,1,38,92
1201,1,5594830,16601,42438,9048,565,374737,557997,1994,3013643,561928,47928,68756,234946,164913,111270,388066,1,23,10538,23,23,1,1,23,24
1202,2,4814161,17765,41714,9295,538,333668,507014,1900,2705242,299480,44490,73274,191792,153737,120535,313717,1,21,9626,21,21,1,1,21,22
1203,3,3830206,16644,40749,9046,481,274313,402135,1412,2128847,215160,33270,74760,139476,114587,103644,275682,1,16,7344,16,16,1,1,16,17
1204,4,8579916,17954,61091,28165,554,589996,924590,2501,4362818,1013769,72896,77308,543839,242834,107350,534251,1,34,15158,34,34,1,1,34,79
1205,5,7001531,17273,51660,29092,508,475109,774576,2568,3430712,935585,57343,77714,425910,213912,114830,394739,1,27,12048,27,27,1,1,27,74
1206,6,6927681,17299,51831,25796,590,471239,748977,2470,3388745,974018,56375,78375,392472,191110,103981,424403,1,26,11644,26,26,1,1,26,66
1207,7,6551581,18599,50658,24484,581,454047,695093,2727,3252399,877002,55672,86432,352107,183942,107830,390008,1,25,11216,25,25,1,1,25,63
1208,8,6413289,16847,49809,29411,613,435383,711120,2483,3140339,830457,52505,76602,396524,180146,108352,382698,1,24,10686,24,24,1,1,24,76
1209,9,5637481,16591,49692,27480,569,393031,635147,2602,2726986,696275,43581,78324,324091,152985,102046,388081,1,21,9380,21,21,1,1,21,69
1210,10,10606614,18995,56332,29130,553,690254,1067258,2582,5134931,1533947,93429,77901,681898,316041,106564,796799,1,41,18228,41,41,1,1,41,87
1211,11,7828589,17436,51631,31501,561,524671,851400,2430,3782327,1069088,60670,78886,504407,225942,103379,524260,1,30,13332,30,30,1,1,30,82
1212,12,8937674,18554,54863,27234,576,615307,939413,2777,4460234,1192244,75275,78909,533063,251601,110113,577511,1,35,15611,35,35,1,1,35,78
1213,13,7611368,18500,52294,31939,538,508051,814894,2342,3665206,1007413,64407,78711,489403,216006,106398,555266,1,29,12880,29,29,1,1,29,83
1214,14,7532248,18189,51340,28997,564,515708,814902,2545,3765943,959254,56073,84843,445808,224133,105253,458696,1,29,12955,29,29,1,1,29,73
1215,15,5386138,18896,49471,27834,660,376531,608925,2157,2606576,672607,41865,76327,299913,148480,102218,353678,1,20,8945,20,20,1,1,20,66
1216,16,7082351,16710,51340,27909,524,495562,760504,2742,3489681,935226,54395,75647,432836,195644,103784,439847,1,27,12065,27,27,1,1,27,71
1217,17,6870978,17159,52383,28527,518,471066,743128,2612,3312763,920548,58828,76922,431211,186243,100853,468217,1,26,11570,26,26,1,1,26,78
1218,18,5487561,17059,48345,25318,578,392997,610447,2896,2643294,702226,41926,75595,295205,149771,107001,374903,1,20,8965,20,20,1,1,20,62
1219,19,5735183,17033,50409,27141,578,411118,624375,2648,2811346,737406,45288,75914,331277,156274,106212,338164,1,21,9397,21,21,1,1,21,66
1220,20,7603808,17349,52686,29049,515,541160,820258,2154,3707589,1008434,57465,78521,473368,230087,106737,478436,1,29,12914,29,29,1,1,29,78
1221,21,5969648,17706,49803,29668,571,420677,687865,2601,2789214,784180,60575,76034,356058,167422,103448,423826,1,22,9792,22,22,1,1,22,75
1222,22,4240524,16279,40355,10101,604,278891,433282,2129,2225692,424299,36812,73766,153961,124070,102068,318215,1,17,7792,17,17,1,1,17,20
1223,23,5700597,19282,46422,14661,532,391730,579035,2124,3104406,540937,49086,73201,241567,164745,113967,358902,1,23,10482,23,23,1,1,23,34
1224,24,8819296,17448,53436,30240,548,621131,949691,2659,4351265,1142029,71367,78051,579498,251944,111601,558388,1,34,15148,34,34,1,1,34,80
1225,25,6972793,18078,52340,32838,555,492385,777641,2543,3300194,895978,54476,78251,446377,191640,105386,524111,1,26,11544,26,26,1,1,26,82
1226,26,5975392,17089,56179,30093,559,410066,669302,2371,2828250,765482,55798,74841,357694,160197,103340,444131,1,22,9803,22,22,1,1,22,75
1227,27,5624318,18128,49207,26793,573,400109,647761,2458,2673085,709602,44822,75462,321307,155409,114224,385378,1,21,9379,21,21,1,1,21,69
1228,28,7596994,17283,52749,34849,560,525722,798350,2557,3755252,1013528,56544,78737,451608,226191,104461,478603,1,29,12945,29,29,1,1,29,74
1229,29,7061386,17740,45536,15490,537,491786,715800,1920,3744770,901813,55469,75304,314620,221637,105211,353753,1,29,13198,29,29,1,1,29,39
1230,30,3992576,16470,47267,25644,564,286075,478104,2422,1891689,427532,29549,76394,218285,103915,106883,281783,1,14,6267,14,14,1,1,14,62
1231,31,4963619,17645,48504,27829,578,339945,562650,2502,2395923,607133,38262,74943,277427,131590,102826,335862,1,18,8053,18,18,1,1,18,65
1232,32,4267143,16912,41135,11443,493,293157,432430,1956,2257307,436796,37005,74038,164503,127456,101322,271190,1,17,7793,17,17,1,1,17,20
1233,33,5863160,17679,49317,29527,701,414758,683854,2375,2859986,608012,48068,77850,367565,162522,102776,438170,1,22,9798,22,22,1,1,22,75
1234,34,5115891,18498,51105,9345,613,342138,525062,1872,2731766,532418,45181,76973,187972,153379,106981,332588,1,21,9626,21,21,1,1,21,22
1235,35,7603747,18397,48703,17972,578,557338,790634,2350,4099387,789243,62267,80948,373590,236512,104569,421259,1,32,14512,32,32,1,1,32,47
1236,36,3632314,17677,39308,10796,534,236451,372438,1899,1921603,293457,27743,82527,128189,103579,104330,291783,1,14,6423,14,14,1,1,14,17
1237,37,5044794,19561,42886,12427,566,341363,520060,2109,2735294,400046,44048,87632,202154,153385,127683,355580,1,21,9604,21,21,1,1,21,26
1238,38,6472303,16806,47403,19418,542,448488,726128,2283,3345173,675157,67947,77637,332512,201041,103875,407893,1,27,12223,27,27,1,1,27,48
1239,39,6722025,17875,49919,20500,524,468702,707030,2501,3470473,798162,58070,81491,351326,193361,108950,393141,1,27,12205,27,27,1,1,27,50
1240,40,7802867,19026,49800,18662,499,543564,796734,2133,4105023,974643,63828,84118,387907,237981,110481,408468,1,32,14504,32,32,1,1,32,48
1241,41,5578666,17480,44196,13041,527,380304,589262,1683,2976415,582959,46240,76037,230546,177109,103085,339782,1,23,10513,23,23,1,1,23,28
1242,42,4680537,16956,42486,15075,579,320027,494432,2252,2462847,437010,41338,73484,201341,144700,103670,324340,1,19,8663,19,19,1,1,19,31
1243,43,4411199,16137,41771,10474,538,314601,466592,1535,2341304,382074,38816,73823,182271,133752,104896,302615,1,18,8250,18,18,1,1,18,21
1244,44,7008978,17150,57458,26166,570,508947,759223,2470,3513835,781015,61433,82648,421508,208311,107185,461059,1,28,12551,28,28,1,1,28,66
1245,45,5919436,18737,46946,15866,554,400584,608681,2463,3069304,727228,53380,81855,261659,184569,115036,332574,1,24,10914,24,24,1,1,24,38
1246,46,5457274,24304,46915,25202,611,372455,625051,2818,2603244,614578,44115,80750,317138,150720,106728,442645,1,20,8975,20,20,1,1,20,60
1247,47,4858578,17676,43508,9874,515,334737,500947,2117,2544847,509055,43455,77166,189591,142984,123669,318437,1,20,9160,20,20,1,1,20,23
1248,0,9080932,18558,54662,31129,558,638201,974325,2748,4606115,1052631,76696,82838,595041,264775,107634,575021,1,37,16467,37,37,1,1,37,83
1249,1,5970055,17352,44239,10366,537,400245,591138,1820,3222018,638647,55532,75661,229193,181659,104967,396681,1,25,11447,25,25,1,1,25,26
1250,2,3461863,15963,37438,8583,507,239089,351338,1955,1865771,206813,29223,68163,128749,99765,115070,293436,1,14,6430,14,14,1,1,14,15
1251,3,4711366,16678,40528,9598,542,327927,490257,1454,2686812,264427,40888,80219,176762,151208,104579,319487,1,20,9170,20,20,1,1,20,21
1252,4,6621869,17116,52309,28647,581,481331,738363,2991,3372468,676168,55539,76593,400217,189340,109362,420844,1,26,11605,26,26,1,1,26,73
1253,5,8648802,20290,54057,37543,520,577885,923412,2404,4283612,1154471,72622,78146,551574,263686,104934,523646,1,34,15153,34,34,1,1,34,79
1254,6,6160525,17692,51759,26609,649,433986,690914,2738,3017806,769877,49992,76768,359649,172451,102878,386757,1,23,10291,23,23,1,1,23,67
1255,7,4637173,17067,48244,25667,520,317656,530102,2580,2233369,610429,35210,72911,253877,124114,102425,263002,1,17,7623,17,17,1,1,17,60
1256,8,5493004,17172,49404,28513,581,380558,617167,2534,2613873,695177,42005,76867,344366,145162,103959,375666,1,20,8915,20,20,1,1,20,72
1257,9,5663014,17326,50195,28580,608,389073,640494,2597,2711982,707861,46582,77593,329141,157049,105592,398341,1,21,9359,21,21,1,1,21,73
1258,10,9539299,19092,55583,31145,544,662472,994230,2725,4720984,1254302,79279,87827,602490,281620,109089,637917,1,38,16880,38,38,1,1,38,87
1259,11,8795261,18711,55844,31791,621,606703,921737,2625,4257736,1131475,75207,78374,601597,242587,102381,667872,1,34,15085,34,34,1,1,34,87
1260,12,9875889,17698,56295,28823,631,685584,1018913,2465,4896080,1339304,87265,80762,629461,282524,103906,646178,1,39,17349,39,39,1,1,39,85
1261,13,8014048,19192,54444,33225,595,545829,863672,2587,3901940,1017829,58848,79394,528704,238440,102713,566636,1,31,13759,31,31,1,1,31,85
1262,14,7339714,18536,53463,28341,566,498007,791491,2715,3616420,986382,56222,78073,446101,209004,108671,445722,1,28,12495,28,28,1,1,28,74
1263,15,4967575,16495,49586,27226,604,343797,554626,2219,2347995,654144,38836,73520,271177,133561,106698,347091,1,18,8055,18,18,1,1,18,64
1264,16,7639986,16123,51594,27951,608,524476,848922,2742,3756220,991555,58420,76922,456294,235570,104559,488030,1,30,13399,30,30,1,1,30,73
1265,17,6647624,17629,51607,26961,512,464565,740830,2616,3190934,888557,53569,75167,419489,188234,105506,421448,1,25,11163,25,25,1,1,25,72
1266,18,6810143,16105,50739,25858,552,460458,716629,2567,3352576,958232,56447,76769,380066,195456,105575,412114,1,26,11638,26,26,1,1,26,67
1267,19,4324989,18868,49105,26682,573,296958,502611,2579,2039961,519719,35162,76375,226032,117400,113504,299460,1,15,6724,15,15,1,1,15,60
1268,20,7120731,17873,51589,28311,537,505265,795441,2291,3470673,939894,57619,78380,422230,197833,110970,441825,1,27,12042,27,27,1,1,27,74
1269,21,6058484,17179,49974,29379,575,428460,693794,2464,2880963,777336,50280,76301,354340,177761,106105,413573,1,22,9797,22,22,1,1,22,74
1270,22,4339773,18129,41113,11162,502,303556,437996,1857,2271753,435188,39750,71494,157343,132476,103878,313576,1,17,7792,17,17,1,1,17,20
1271,23,5899677,17865,44387,23272,585,404198,639066,2143,3182761,555119,52998,75428,256825,179471,105662,359897,1,24,10932,24,24,1,1,24,35
1272,24,8168108,18964,53128,29701,641,569864,881482,2471,4057083,991717,61184,77915,513694,253984,104988,551292,1,32,14248,32,32,1,1,32,80
1273,25,6704310,18010,50866,31520,644,482809,733949,2571,3158901,868668,49367,77500,423531,187352,102942,515680,1,25,11115,25,25,1,1,25,79
1274,26,5747954,19099,50939,30597,599,398959,674404,2719,2701644,704849,44582,78904,355615,154099,106019,424926,1,21,9338,21,21,1,1,21,77
1275,27,6820546,17725,50477,27151,501,479509,754701,2206,3331879,870048,57226,77894,401797,197305,102600,449527,1,26,11603,26,26,1,1,26,73
1276,28,6851941,18005,50974,28556,582,496730,754998,2650,3314713,857390,65000,85967,411228,196963,106870,461315,1,26,11588,26,26,1,1,26,75
1277,29,7875509,18294,48152,15249,531,555267,803746,2036,4239690,1029577,68937,78886,349861,230765,104582,329936,1,33,15019,33,33,1,1,33,41
1278,30,3935715,18027,47605,26110,532,276360,480387,2589,1863079,418822,30233,78844,218315,116533,113116,245163,1,14,6271,14,14,1,1,14,61
1279,31,5203626,18194,49709,27934,570,359600,587991,2609,2518734,604346,45556,76730,297663,140536,116789,356665,1,19,8502,19,19,1,1,19,65
1280,32,4528531,16749,41815,12086,602,324213,458099,1775,2367477,466680,38484,77362,172230,139272,106381,305306,1,18,8250,18,18,1,1,18,21
1281,33,5295757,18146,49843,31454,540,379721,628403,2554,2550349,505357,43060,78020,340562,158637,103861,405250,1,20,8890,20,20,1,1,20,77
1282,34,4173441,15924,40078,9430,605,274988,416658,2040,2172172,452815,36554,71668,155744,130728,105197,288840,1,17,7801,17,17,1,1,17,18
1283,35,7654359,18127,48269,17833,583,537212,800682,2461,4092519,827990,61586,82484,374574,248733,103518,437788,1,32,14504,32,32,1,1,32,48
1284,36,3226710,15979,37487,9434,546,222886,330890,1794,1652947,256931,23795,81205,110430,90517,105496,286373,1,12,5511,12,12,1,1,12,14
1285,37,4136083,16390,41467,12412,569,290701,443098,2073,2206765,310792,34881,80119,163276,120909,100933,311698,1,17,7779,17,17,1,1,17,23
1286,38,5559444,19004,47618,18456,564,381744,591749,2351,2888662,567776,46674,80415,277334,161153,105222,370722,1,22,9974,22,22,1,1,22,43
1287,39,7468728,18717,50475,19467,619,525874,776950,2283,3875647,968358,58914,80609,388959,230133,111292,360431,1,30,13575,30,30,1,1,30,50
1288,40,7915258,17788,50466,17903,547,587041,824620,1957,4155384,1005231,70890,80235,392244,243695,103438,363819,1,33,14953,33,33,1,1,33,49
1289,41,5725665,16662,44980,12476,501,398225,588909,1855,3083883,647639,51687,73950,234701,174171,102087,293939,1,24,10968,24,24,1,1,24,29
1290,42,5258537,17627,44709,16566,536,369481,545090,2240,2787505,479513,43348,75272,244256,163103,121485,347806,1,21,9564,21,21,1,1,21,34
1291,43,4657496,16877,42718,10754,528,321707,475649,1561,2549676,397054,40588,82134,174955,139029,103075,301191,1,19,8705,19,19,1,1,19,22
1292,44,6756029,18956,50148,25900,571,490826,735478,2434,3405213,737759,55753,82078,393853,196793,112655,447612,1,27,12116,27,27,1,1,27,64
1293,45,5433930,16996,46157,13828,512,384244,558203,1970,2857024,632094,46673,79227,234526,160193,101948,300335,1,22,10022,22,22,1,1,22,34
1294,46,4749194,18936,48552,29782,716,320685,553112,2494,2250085,532106,37308,81481,268731,126119,106306,372781,1,17,7610,17,17,1,1,17,63
1295,47,4546482,15842,43059,10901,593,302785,468050,1872,2368240,479931,38441,77706,169553,128437,103761,337311,1,18,8249,18,18,1,1,18,21
1296,0,7883947,18602,53078,30805,529,550465,862753,2926,3881391,915143,70192,82284,505678,226417,118401,565283,1,30,13318,30,30,1,1,30,84
1297,1,7051982,38851,60007,19044,569,484241,711828,1843,3748863,789394,61633,96710,283291,227758,106823,421127,1,30,13718,30,30,1,1,30,31
1298,2,3442849,15834,38182,8352,564,241143,352223,1739,1846825,215920,30431,67545,125718,108081,105630,284662,1,14,6430,14,14,1,1,14,15
1299,3,3674952,16198,39197,9113,609,249589,380998,1764,2023258,204481,33019,71106,132349,114078,104534,294659,1,15,6888,15,15,1,1,15,16
1300,4,6951754,18141,60796,28724,792,500735,790117,2452,3474111,713481,58044,78207,442405,215080,106551,462118,1,28,12481,28,28,1,1,28,76
1301,5,8085111,18267,54348,31048,610,554737,854830,2618,4059973,1032268,60492,76410,501748,230490,108939,498333,1,32,14256,32,32,1,1,32,79
1302,6,5889899,17569,49983,25505,587,407953,650648,2327,2873817,745422,45414,75451,323656,176511,106871,388185,1,22,9856,22,22,1,1,22,64
1303,7,6092266,17646,60250,27594,500,412711,668099,2361,2988951,795549,49605,76279,358816,174468,101939,357498,1,23,10297,23,23,1,1,23,66
1304,8,5477246,18371,50244,29578,580,375853,632037,2568,2609326,690828,43506,75765,320041,151648,103116,373785,1,20,8905,20,20,1,1,20,74
1305,9,5145637,17757,48725,27968,823,358319,609594,2501,2421460,662828,40535,74866,279311,144172,102578,354200,1,18,8030,18,18,1,1,18,69
1306,10,7912010,19287,53255,28736,544,554157,849612,2898,3873826,1064479,64982,78549,472769,242434,109983,496499,1,30,13379,30,30,1,1,30,76
1307,11,9514738,19001,55808,32481,676,638805,1015763,2732,4626373,1221489,79649,79087,666473,278459,113038,684904,1,37,16382,37,37,1,1,37,92
1308,12,9114496,19801,54110,29275,579,629541,945888,2465,4466154,1258169,78234,79562,565105,264751,102892,617970,1,36,16029,36,36,1,1,36,82
1309,13,8428471,17467,53453,32150,554,579131,888160,2594,4072005,1196535,64275,77953,523434,250928,105322,564510,1,31,13799,31,31,1,1,31,80
1310,14,6813807,17985,50886,28847,670,473415,761111,2413,3261808,930433,53891,76092,404032,201689,102734,447801,1,26,11619,26,26,1,1,26,71
1311,15,5677853,17674,48568,27133,594,393191,640907,2243,2751470,704453,46192,74494,316019,171080,101665,382170,1,21,9387,21,21,1,1,21,67
1312,16,7517210,17384,59173,28927,595,534463,815962,2444,3708849,1002937,58450,75426,453901,221567,107847,429285,1,29,12952,29,29,1,1,29,73
1313,17,5931510,16608,49481,28086,706,416013,661609,2574,2835245,778484,48656,73329,346765,160009,113061,400884,1,22,9825,22,22,1,1,22,70
1314,18,4573388,16590,46819,25172,585,320438,531649,2445,2148034,585915,37673,74889,262974,128209,104024,287972,1,16,7172,16,16,1,1,16,60
1315,19,4542348,18175,49123,26655,587,325092,518907,2407,2144556,595916,35806,74298,240671,118276,98325,293554,1,16,7172,16,16,1,1,16,60
1316,20,5290213,19372,48831,28392,526,366471,595069,2553,2470160,722642,43391,86631,315116,145469,102443,343147,1,19,8477,19,19,1,1,19,69
1317,21,5288796,19320,56980,28401,522,379242,604812,2405,2495244,650796,41276,75509,311485,141991,104295,376518,1,19,8470,19,19,1,1,19,71
1318,22,3203074,17073,37418,9979,565,200852,317289,2120,1602520,321397,25364,73357,107306,85263,105764,296807,1,12,5508,12,12,1,1,12,15
1319,23,6792167,18398,45830,13647,544,470809,712259,1981,3717125,709106,61146,74607,296075,211036,102991,356613,1,28,12761,28,28,1,1,28,36
1320,24,7644588,17185,53314,29295,539,524320,827268,2358,3855867,905100,58569,76475,464776,229698,103632,496192,1,30,13389,30,30,1,1,30,75
1321,25,7167453,17951,53057,33114,577,502488,812494,2479,3415746,887439,59472,76825,477179,201905,114266,512461,1,27,11984,27,27,1,1,27,83
1322,26,7630169,20004,52671,30366,598,518780,839534,2743,3681066,1019847,61031,87805,474358,224817,103286,513263,1,29,12902,29,29,1,1,29,80
1323,27,6005132,18832,51046,30871,573,424666,684331,2564,2873583,761964,50576,75957,360955,169026,112341,387847,1,22,9796,22,22,1,1,22,75
1324,28,8803192,17585,54598,26644,590,616150,945797,2373,4369438,1184593,76771,77382,545421,272145,104916,508789,1,35,15613,35,35,1,1,35,78
1325,29,7275957,18150,47620,14335,606,479024,728666,2217,3929906,925303,58840,80560,317156,222964,100677,349933,1,29,13198,29,29,1,1,29,39
1326,30,3811003,17666,47160,27818,503,279292,467171,2573,1766769,391319,28834,75920,205093,99842,103721,297322,1,13,5823,13,13,1,1,13,61
1327,31,5403536,16875,50875,27565,564,370939,613812,2556,2589793,684833,44000,76616,307500,145814,104648,367146,1,20,8945,20,20,1,1,20,66
1328,32,4578435,17377,43707,10868,552,310038,476895,2075,2442911,456035,38007,77494,169834,128803,121049,282790,1,18,8250,18,18,1,1,18,21
1329,33,5977972,16178,50067,29899,534,421898,689059,2476,2937198,638698,48892,72696,375253,167641,103041,424442,1,23,10251,23,23,1,1,23,74
1330,34,3849048,15891,38910,9017,556,256261,375132,2034,2007323,397736,34315,73406,134399,113572,102532,287964,1,15,6888,15,15,1,1,15,16
1331,35,6664707,18391,48131,16954,612,471030,702667,2241,3530116,715210,60228,80546,319614,205720,102846,390401,1,28,12712,28,28,1,1,28,43
1332,36,3223215,16326,37195,8734,540,204515,322972,2203,1628131,296597,26921,70264,106192,90189,115283,297153,1,12,5511,12,12,1,1,12,14
1333,37,5254383,17053,42131,10745,621,373322,535855,1896,2909121,459722,47062,72309,205429,157748,100409,320960,1,22,10070,22,22,1,1,22,25
1334,38,5404639,16541,45596,16897,479,384538,588568,2258,2785690,530722,47418,81417,265018,158815,107649,373033,1,21,9527,21,21,1,1,21,41
1335,39,7436135,16994,50455,18625,495,504252,780648,2531,3791205,962162,63172,79999,379846,236114,103591,446046,1,30,13566,30,30,1,1,30,51
1336,40,7841623,18990,48882,18563,528,558421,824773,2102,4092421,967131,69537,94706,401872,244865,104349,394483,1,33,14945,33,33,1,1,33,50
1337,41,4879895,17094,41869,12629,556,334296,497759,2089,2574298,505090,41124,71221,206111,166588,102563,306608,1,20,9145,20,20,1,1,20,26
1338,42,4462853,17323,40961,16626,614,295081,461836,2278,2248663,424121,38152,76536,183780,209058,100693,347131,1,17,7747,17,17,1,1,17,31
1339,43,3310348,15838,39512,10352,493,220961,349981,1611,1716925,276513,28554,73441,119761,94135,100944,261327,1,13,5962,13,13,1,1,13,17
1340,44,8089841,19214,59513,26205,582,602715,914597,2739,4117501,914299,61703,79998,493348,236207,108315,452905,1,32,14312,32,32,1,1,32,72
1341,45,4943050,16708,45993,14676,485,336464,520551,2154,2536874,591568,38639,82117,211760,140889,104834,299338,1,19,8650,19,19,1,1,19,34
1342,46,4351509,17694,47786,28767,568,306344,516344,2733,1967912,465345,33339,84654,239680,116959,102599,420785,1,15,6711,15,15,1,1,15,62
1343,47,3971925,16462,41316,10348,564,257068,403681,2185,2040339,414444,33340,75864,139877,111956,102703,321778,1,15,6880,15,15,1,1,15,18
1344,0,8831401,17416,55276,29944,602,629623,966959,2746,4337782,1059769,75787,82938,608502,279110,106177,578770,1,35,15517,35,35,1,1,35,89
1345,1,5160445,15624,40563,8780,490,352865,512489,1895,2760921,520462,44201,71215,186216,156313,111174,377237,1,21,9626,21,21,1,1,21,22
1346,2,4641858,16737,40739,9147,548,326712,494728,1738,2579741,287480,44349,71020,175718,144350,108993,339858,1,20,9170,20,20,1,1,20,21
1347,3,4689527,17486,41618,9634,593,328470,481677,1724,2636751,276618,42090,83686,178088,149045,104479,337568,1,20,9170,20,20,1,1,20,21
1348,4,6552845,18182,51127,26784,571,447426,767843,2799,3252569,726801,58571,78607,399832,192097,108356,421280,1,26,11618,26,26,1,1,26,71
1349,5,7949423,16569,53021,30256,548,568182,861231,2405,3882102,1033403,59893,78542,527849,235813,103220,496389,1,31,13791,31,31,1,1,31,81
1350,6,4464912,17167,46683,26500,586,312707,513622,2644,2075011,564172,32440,75330,242703,121280,105544,328523,1,16,7164,16,16,1,1,16,62
1351,7,5439484,17760,49101,24926,556,379874,603714,2280,2671405,709196,46078,73680,297848,152428,107813,302825,1,20,8965,20,20,1,1,20,62
1352,8,5650581,16526,49626,30129,577,398836,654658,2581,2672581,722068,45295,75892,345899,157065,107288,371560,1,21,9337,21,21,1,1,21,77
1353,9,5881959,18391,50327,30021,594,414187,673282,2496,2755507,777800,48017,78618,345847,163422,104211,419239,1,22,9795,22,22,1,1,22,75
1354,10,9083687,18070,61654,29114,624,627727,964036,2607,4471505,1221499,74865,78280,599755,261903,108203,563845,1,36,16020,36,36,1,1,36,83
1355,11,8036719,18106,54288,32679,564,551872,865736,2638,3812807,1092436,60728,80447,528656,235680,103684,596398,1,30,13304,30,30,1,1,30,86
1356,12,8711632,17867,54066,28618,595,597125,936787,2361,4256415,1199071,72276,76553,534258,258529,105508,571603,1,34,15147,34,34,1,1,34,80
1357,13,7512419,18824,53458,31949,575,510849,820179,2532,3603336,965907,61114,78865,501725,212548,106402,544156,1,28,12425,28,28,1,1,28,84
1358,14,5561619,18056,48835,26547,601,378490,626980,2386,2645947,719085,44064,78336,324451,152838,105682,389321,1,21,9385,21,21,1,1,21,68
1359,15,4759794,18060,49193,28453,522,334600,549770,2521,2252675,589691,36739,86167,260490,129226,104560,317127,1,17,7592,17,17,1,1,17,67
1360,16,7036879,17901,52616,28442,628,496817,764705,2411,3426421,914173,55897,79279,428090,201118,118602,449779,1,27,12037,27,27,1,1,27,75
1361,17,6518453,16762,51740,26655,640,446284,733676,2541,3117430,890646,56411,74972,380088,193683,99936,426989,1,25,11162,25,25,1,1,25,72
1362,18,5154814,18055,49035,24846,511,356240,571544,2483,2505367,638381,39579,75545,291504,143341,107999,330384,1,19,8535,19,19,1,1,19,58
1363,19,3802457,30224,46192,25195,520,264386,445831,2644,1754353,475022,28860,74133,187719,110978,102947,253453,1,13,5840,13,13,1,1,13,55
1364,20,4809507,17580,47876,26605,552,336022,562332,2340,2240272,597883,35904,76829,280443,130329,118853,335687,1,17,7585,17,17,1,1,17,68
1365,21,5213846,17885,56012,30228,609,358517,600575,2568,2420380,688361,41003,73167,304128,136313,104291,379809,1,19,8450,19,19,1,1,19,75
1366,22,4093765,15656,39633,9957,567,268969,403661,1734,2149571,428779,35848,71252,144890,119368,102775,301105,1,16,7336,16,16,1,1,16,19
1367,23,6344544,17363,45625,13318,537,443409,641616,1962,3453365,663729,58431,75151,273997,187881,115720,352440,1,26,11848,26,26,1,1,26,35
1368,24,6673058,19008,52300,27521,629,453270,749305,2682,3307391,759719,56190,77993,415830,195512,106577,449131,1,26,11597,26,26,1,1,26,74
1369,25,6018272,17074,50832,31859,619,408535,695292,2483,2857169,766183,47581,76954,372874,159654,106223,424940,1,22,9771,22,22,1,1,22,79
1370,26,6311774,18729,51666,31121,647,461025,709235,2525,2954060,813348,48614,77507,387474,176488,105044,474291,1,23,10241,23,23,1,1,23,76
1371,27,6238923,17720,51449,28195,588,415897,685506,2662,2890412,837255,50740,79033,357619,172405,103024,546418,1,23,10257,23,23,1,1,23,73
1372,28,7822130,17337,52132,29086,669,530940,828500,2455,3814455,1067330,61691,77696,473552,240072,101193,525022,1,30,13380,30,30,1,1,30,76
1373,29,6282873,18227,46796,13948,593,417646,625769,2043,3309896,838794,54929,80598,277543,189079,103060,303952,1,25,11397,25,25,1,1,25,34
1374,30,4590225,17296,48818,25405,618,318888,535608,2280,2218589,529008,36739,86035,249522,125338,104579,291502,1,17,7630,17,17,1,1,17,59
1375,31,4525222,17229,48277,26139,571,318746,533130,2460,2120109,562729,37452,77166,242410,124278,98873,315653,1,16,7172,16,16,1,1,16,60
1376,32,5093186,16738,43251,11255,590,356051,516322,1859,2739543,542350,43806,76389,202457,149946,102240,290389,1,21,9621,21,21,1,1,21,23
1377,33,5237910,17901,49334,28486,647,377007,626824,2489,2546611,502748,43080,75385,327990,150518,101912,386978,1,20,8915,20,20,1,1,20,72
1378,34,5196927,18182,41798,10045,532,351674,525531,2108,2808139,565520,46253,71680,192444,156498,105754,300769,1,21,9626,21,21,1,1,21,22
1379,35,7697240,19037,50606,17867,556,562319,813223,2290,4137609,762298,69749,96528,400406,251997,104034,408721,1,33,14960,33,33,1,1,33,48
1380,36,3230226,18155,39315,9563,583,211891,319503,1920,1670249,260963,26711,83888,110493,92689,102761,281542,1,12,5511,12,12,1,1,12,14
1381,37,3796437,17639,47568,10490,533,274466,389689,1949,2014791,289204,32601,72330,142240,119313,101121,282503,1,15,6875,15,15,1,1,15,19
1382,38,5327023,19297,58097,18835,563,364046,579994,2056,2687854,545343,47311,80413,274253,166038,103499,379424,1,21,9512,21,21,1,1,21,44
1383,39,7021760,17698,49930,19938,562,492574,738589,2342,3592593,917977,59645,81075,349968,203520,103615,391734,1,28,12670,28,28,1,1,28,49
1384,40,7650093,17320,47568,18299,482,547325,786736,2152,3966136,1037391,62409,78524,372276,233769,107000,372706,1,31,14047,31,31,1,1,31,48
1385,41,5186443,17157,43827,11573,534,354020,528268,1884,2806671,520027,41183,73446,224876,160522,102307,300148,1,21,9605,21,21,1,1,21,26
1386,42,4746431,17293,42625,15273,528,353368,498389,2141,2460227,442037,41479,74803,199428,136761,106190,355889,1,19,8663,19,19,1,1,19,31
1387,43,3095141,17192,37026,9723,608,201628,320365,1908,1597113,247003,25620,70527,120918,87361,102650,255499,1,12,5505,12,12,1,1,12,16
1388,44,8039485,18713,53178,26725,792,580589,875067,2335,4116572,922833,61350,82766,479675,238144,111862,468884,1,31,13888,31,31,1,1,31,69
1389,45,4842149,17894,52861,15819,549,323047,523939,2068,2452255,578680,36615,80210,222094,140242,102391,293485,1,19,8645,19,19,1,1,19,35
1390,46,4826817,18199,48169,28497,532,332261,546990,2555,2259583,520409,37416,82786,276021,131957,109350,432092,1,17,7610,17,17,1,1,17,63
1391,47,3764737,18349,40526,10615,474,249480,368779,1925,1924217,385808,31724,85301,135331,104292,102843,305073,1,14,6419,14,14,1,1,14,18
1392,0,8210167,19925,55397,30188,688,562914,897074,2866,4047626,919072,64471,82629,542033,244595,111043,629646,1,32,14216,32,32,1,1,32,84
1393,1,6309247,18674,49660,11008,626,428924,648526,2242,3394068,641375,53378,73152,244512,207988,118275,416839,1,26,11901,26,26,1,1,26,27
1394,2,4352810,18816,42233,9995,578,312370,469726,2165,2397158,262667,37347,70227,167959,127293,135551,298725,1,18,8258,18,18,1,1,18,19
1395,3,3681766,16379,49550,8797,613,262461,378292,1904,1996528,220847,32649,68870,143517,111280,110363,279716,1,15,6888,15,15,1,1,15,16
1396,4,7182782,16038,50915,27658,497,506646,795455,3199,3666592,722680,63417,79842,454237,214704,116313,464589,1,28,12488,28,28,1,1,28,75
1397,5,6954445,17494,50690,30231,618,548515,757141,2661,3383516,895548,53432,78733,410841,193936,108864,422225,1,26,11607,26,26,1,1,26,72
1398,6,5599291,18194,57191,24950,480,381759,619223,2711,2701053,720655,46768,76619,303468,159138,104801,382281,1,21,9424,21,21,1,1,21,61
1399,7,5332069,17982,48785,24111,563,373652,595716,2510,2617913,664802,43088,74956,285010,151656,113660,317665,1,20,8980,20,20,1,1,20,59
1400,8,6216179,17932,50464,27809,548,431561,684508,2409,2991126,838945,51001,78698,350550,183706,108607,398315,1,23,10263,23,23,1,1,23,71
1401,9,5757248,17441,48868,28918,500,401398,641417,2596,2728468,748662,52447,76377,327296,167729,106346,408785,1,21,9363,21,21,1,1,21,72
1402,10,6802435,18967,63295,28637,568,482643,748864,2660,3305548,845527,55755,87421,413654,189911,104569,454416,1,25,11130,25,25,1,1,25,76
1403,11,6535052,21638,63493,40314,533,467404,737092,2999,3020044,852706,52527,84788,417645,177316,103793,492760,1,24,10662,24,24,1,1,24,80
1404,12,7537563,18048,52110,27890,608,524019,834680,2582,3653235,964469,61263,78832,469533,226528,106070,517696,1,29,12934,29,29,1,1,29,75
1405,13,6798641,17620,49743,31533,566,466855,750352,2750,3247172,950403,58664,75734,429585,186990,103936,426738,1,25,11121,25,25,1,1,25,78
1406,14,7065973,18058,50479,35567,583,505644,753682,2647,3438288,921658,58511,79680,415194,201048,108522,476412,1,27,12068,27,27,1,1,27,71
1407,15,4391955,18858,48943,28411,532,306395,510764,2475,2041667,534548,33952,75864,239391,113890,108768,327497,1,15,6694,15,15,1,1,15,68
1408,16,5705114,17395,48518,26546,745,396460,651216,2654,2738221,737436,45100,77813,316889,169851,115065,361205,1,21,9387,21,21,1,1,21,67
1409,17,5762413,17376,49765,26650,563,388222,628889,2660,2757035,790594,45839,74580,325262,155276,103638,396064,1,21,9396,21,21,1,1,21,66
1410,18,3869173,17287,46789,27500,566,264726,454372,2560,1756023,483885,29595,77207,220262,102446,103569,282386,1,13,5821,13,13,1,1,13,60
1411,19,3972089,16068,47894,25382,551,278695,470706,2482,1832986,493678,31493,74908,227642,109034,105236,255334,1,14,6286,14,14,1,1,14,57
1412,20,4517566,17903,47281,27677,507,325159,516445,2627,2107562,574767,35590,75560,254025,118813,106074,307576,1,16,7168,16,16,1,1,16,61
1413,21,5097680,17402,48955,28012,583,360745,572127,2914,2379395,685368,41505,74273,282550,137661,116040,350150,1,18,8039,18,18,1,1,18,67
1414,22,3482236,16464,38851,9785,544,220769,352928,1991,1755453,349443,29734,73385,134451,98440,105404,294594,1,13,5965,13,13,1,1,13,16
1415,23,6530966,18100,46974,13497,618,454674,676885,2128,3569827,678870,55689,80248,284763,205697,117338,325658,1,27,12302,27,27,1,1,27,36
1416,24,6339872,18786,50914,28182,562,444122,717971,14246,3124262,713759,53607,77644,380641,183198,107659,424319,1,24,10716,24,24,1,1,24,71
1417,25,6372292,17168,50489,30313,543,439024,711968,2578,3012190,870998,49541,76511,400924,171965,105171,432909,1,23,10243,23,23,1,1,23,75
1418,26,6714559,17346,51914,31243,801,463447,734333,2519,3175311,912097,53031,76576,429182,184559,106770,475430,1,25,11116,25,25,1,1,25,79
1419,27,5784572,17363,49344,27746,634,407152,633882,2484,2752644,807625,47741,77710,331953,164729,106640,356925,1,21,9374,21,21,1,1,21,70
1420,28,7444740,17459,51439,27707,541,513956,798869,2770,3617816,1069718,61426,77083,435751,210598,106482,453125,1,28,12516,28,28,1,1,28,71
1421,29,5864964,16403,45393,15115,533,391743,584243,2450,3059662,768750,50144,78343,245741,176142,102355,327947,1,23,10481,23,23,1,1,23,34
1422,30,4939128,18684,48516,38315,663,345641,566442,2631,2361360,605676,40984,72626,285484,133254,110171,308681,1,18,8064,18,18,1,1,18,63
1423,31,5359421,17725,50084,27012,720,367132,590782,3592,2646260,679232,41601,76902,289278,141723,118952,308426,1,19,8521,19,19,1,1,19,61
1424,32,3562999,16578,38681,10304,564,231391,345819,2069,1837479,366678,30634,74290,124441,98255,118450,267366,1,13,5966,13,13,1,1,13,16
1425,33,6477847,18691,51562,29334,516,474129,710787,2744,3221564,760014,52332,75726,375645,179596,111121,414086,1,24,10722,24,24,1,1,24,70
1426,34,4873530,18024,44906,9993,788,336343,480995,2788,2573972,496791,38072,77594,182716,139119,119347,352082,1,19,8715,19,19,1,1,19,20
1427,35,7509728,18868,78611,17382,796,547639,826977,3302,4018292,745973,61763,82215,359189,224624,131006,393091,1,29,13176,29,29,1,1,29,42
1428,36,4418603,15936,43341,10980,625,311181,428429,2039,2390041,370826,40049,71900,161139,129948,120883,321286,1,17,7797,17,17,1,1,17,19
1429,37,4593512,18815,44779,12128,812,311928,479464,2152,2516973,330884,38411,84375,178557,133855,116778,323601,1,18,8243,18,18,1,1,18,22
1430,38,5045928,18179,47494,19950,598,347139,533859,3036,2576877,486580,40406,82475,241137,140709,119179,388310,1,19,8616,19,19,1,1,19,41
1431,39,5016971,17202,51667,23166,721,341553,560528,3506,2522495,560600,38567,80204,243194,134572,119198,319798,1,18,8150,18,18,1,1,18,43
1432,40,7283787,17088,62709,19800,768,514429,762190,2747,3799396,864150,61988,79650,355837,212990,137594,392451,1,28,12698,28,28,1,1,28,45
1433,41,5341520,17800,46749,13400,693,354379,535580,2290,2863986,592220,46793,75796,210958,156889,119881,304106,1,21,9605,21,21,1,1,21,26
1434,42,4388037,17677,48915,16851,669,293925,450092,2583,2297757,357151,35781,72786,194277,119969,126656,352948,1,16,7292,16,16,1,1,16,30
1435,43,3856231,16013,46306,10542,577,269636,411046,2318,2015160,301908,30117,71825,145939,103554,127384,303906,1,14,6420,14,14,1,1,14,18
1436,44,6439825,19382,75570,26359,671,456419,692720,3077,3257697,693663,52936,92903,353535,198978,127852,388063,1,24,10788,24,24,1,1,24,59
1437,45,3797106,17556,46312,15568,686,261983,383724,2535,1895290,404144,28420,81268,156191,97918,120644,284867,1,13,5930,13,13,1,1,13,27
1438,46,4470174,18817,47146,27973,664,294954,524226,3128,2069457,485318,32293,83535,241030,117186,131556,392891,1,15,6722,15,15,1,1,15,59
1439,47,3558137,14908,40436,9448,560,231300,360691,2053,1834322,358781,29097,74674,122652,95549,113606,270060,1,13,5966,13,13,1,1,13,16
1440,0,7045569,17747,51705,29087,546,517158,773971,2724,3407010,852798,59110,82897,433155,200589,112866,504206,1,27,12059,27,27,1,1,27,72
1441,1,4475056,16365,39724,9186,556,294685,439190,2052,2326781,465737,39786,73665,169955,142418,110982,343974,1,17,7801,17,17,1,1,17,18
1442,2,3838806,17151,41102,9098,511,277341,399903,1818,2128236,235705,35313,72014,140634,115592,106652,257736,1,16,7344,16,16,1,1,16,17
1443,3,3433097,17917,37929,9032,563,233833,359640,1746,1855336,204305,28862,70429,124888,101411,125792,261414,1,14,6430,14,14,1,1,14,15
1444,4,4375756,17455,48848,28484,539,326310,536737,2318,2150604,386517,34885,77216,246402,120833,104350,294258,1,16,7156,16,16,1,1,16,64
1445,5,6461632,16858,51416,28301,609,447168,699265,2427,3254351,830934,51871,75308,350311,182003,102201,368609,1,24,10764,24,24,1,1,24,63
1446,6,6204120,24887,51172,25731,530,470341,664219,2490,2943218,874034,49897,73836,347121,183714,106942,385988,1,23,10315,23,23,1,1,23,63
1447,7,5446106,16408,49081,25055,526,366420,584068,2786,2676506,777227,43124,75706,298970,147045,105434,277750,1,20,8985,20,20,1,1,20,58
1448,8,6628980,18517,52412,27412,677,459576,767626,3072,3224740,856537,51602,77178,374292,179909,111884,423546,1,24,10722,24,24,1,1,24,70
1449,9,5062192,17575,50905,27717,558,350451,581859,2427,2410731,631534,39910,77374,284713,136050,110077,340311,1,18,8029,18,18,1,1,18,69
1450,10,5738546,19595,52803,29230,664,391627,640522,3511,2699764,728469,43590,76314,331821,149835,123598,447203,1,20,8930,20,20,1,1,20,69
1451,11,6316072,18526,50408,30111,589,422806,685434,2790,3126575,765184,47718,77182,366724,170935,107603,443487,1,22,9809,22,22,1,1,22,72
1452,12,7821559,16025,52286,27926,598,551387,837127,3049,3836476,1003713,57926,77795,471080,227179,113856,545136,1,29,12929,29,29,1,1,29,76
1453,13,4898915,16895,48386,30818,616,334290,579326,2643,2268167,609812,39304,76329,288408,131617,109713,362591,1,17,7567,17,17,1,1,17,73
1454,14,5069833,18492,50682,25889,630,345076,573924,3139,2388249,651067,39300,77251,290365,137423,123398,344948,1,18,8060,18,18,1,1,18,64
1455,15,3261003,17372,48586,26103,898,243414,402259,3104,1459508,364320,21517,74598,172293,78119,111973,236939,1,10,4481,10,10,1,1,10,58
1456,16,4978825,18069,49991,26039,722,347734,534514,3651,2487915,596869,39482,77720,252935,126961,128597,287626,1,16,7176,16,16,1,1,16,59
1457,17,4467893,16717,48125,24351,673,327389,514053,3376,2159683,517043,33828,74395,234071,129856,111553,272780,1,15,6731,15,15,1,1,15,58
1458,18,4239952,18242,48634,37129,685,277658,463446,3412,2013533,569471,31238,74275,209594,106303,115704,270628,1,14,6297,14,14,1,1,14,53
1459,19,4676616,15964,53854,26896,645,327851,535920,3149,2279136,548683,36834,76597,257483,126555,120002,267047,1,16,7176,16,16,1,1,16,59
1460,20,5144821,17986,51843,26323,722,362606,580945,2860,2458952,628947,39342,76163,300093,152046,118772,327221,1,18,8047,18,18,1,1,18,65
1461,21,5533638,16207,51159,28817,760,394828,621989,3043,2646229,688210,49916,74873,321237,145022,117571,373777,1,19,8461,19,19,1,1,19,73
1462,22,2889596,16660,38684,9512,628,178400,280283,1868,1444549,285176,21764,73554,95500,75685,122599,244734,1,10,4592,10,10,1,1,10,13
1463,23,5194916,18931,47192,13982,518,364652,532596,2504,2757849,537533,43640,79006,228410,146715,119487,301901,1,20,9125,20,20,1,1,20,30
1464,24,7019785,18371,55325,29070,542,487147,758445,3225,3443079,822234,64968,78613,464098,195552,157986,441130,1,26,11622,26,26,1,1,26,70
1465,25,5680187,16577,48726,27467,598,385657,621416,3057,2728252,694707,46541,75701,352007,157708,125981,395792,1,20,8940,20,20,1,1,20,67
1466,26,4800581,18311,50117,26835,585,337152,559441,3163,2258467,604066,37579,75911,269177,129457,117259,313061,1,17,7608,17,17,1,1,17,63
1467,27,4116494,17227,48061,25692,556,286816,476043,2364,1919397,490506,32012,75887,227762,103644,105788,304739,1,14,6269,14,14,1,1,14,61
1468,28,5667837,17263,48617,25443,534,401878,630367,2772,2761429,709994,48230,75627,310893,162695,106928,365167,1,21,9407,21,21,1,1,21,63
1469,29,5517289,16255,52759,13191,483,371722,567375,2186,2888164,705817,48352,80123,230341,161288,102429,276804,1,22,10032,22,22,1,1,22,32
1470,30,4025145,15866,47204,24967,539,274044,478822,2566,1941384,437003,29254,75569,209578,102580,103780,281989,1,14,6285,14,14,1,1,14,57
1471,31,4490902,17761,57470,25259,547,316357,522352,2538,2155588,559939,36740,75242,229498,126361,102533,262717,1,16,7196,16,16,1,1,16,54
1472,32,4079667,16914,40013,9469,547,275282,408532,1982,2136983,422902,40456,74566,162313,134163,107084,248461,1,16,7340,16,16,1,1,16,18
1473,33,5087352,17005,51011,26739,519,366859,596459,2360,2524088,502939,41384,74909,294163,142646,104555,341716,1,19,8496,19,19,1,1,19,66
1474,34,4413033,17965,41784,11005,558,302038,438556,2084,2337071,447686,45108,75153,161104,126340,118655,287926,1,17,7792,17,17,1,1,17,20
1475,35,5797727,18023,46658,16677,541,413009,612668,2272,3097762,572801,90910,77476,265480,175286,103506,304658,1,24,10926,24,24,1,1,24,36
1476,36,3507246,16454,38687,9809,532,243496,348755,2062,1860331,273854,35997,71403,117496,97776,114773,275821,1,13,5969,13,13,1,1,13,15
1477,37,3090330,16309,39661,10546,536,207169,319535,2088,1624490,207168,25953,71084,113408,88155,101791,262437,1,12,5505,12,12,1,1,12,16
1478,38,4844183,18308,46591,17993,589,329870,503942,2592,2468964,493989,42259,81783,221673,140120,114250,361260,1,18,8168,18,18,1,1,18,39
1479,39,5286613,18161,47303,19743,500,359987,565218,2258,2702334,617024,43763,83752,255465,150062,101570,319473,1,20,9055,20,20,1,1,20,44
1480,40,6138030,18894,46861,18250,589,424101,644288,2373,3210882,738509,55587,86416,287692,183221,103294,317073,1,24,10890,24,24,1,1,24,42
1481,41,4845077,17726,43370,10855,522,343324,494718,2125,2591214,495818,41933,76865,203904,146417,102602,273684,1,20,9150,20,20,1,1,20,25
1482,42,4711025,16678,41031,15462,660,341242,525960,2189,2462232,411784,39670,76166,202946,139396,104792,330817,1,17,7750,17,17,1,1,17,30
1483,43,4367784,16434,41433,10654,595,316560,449006,1904,2379627,370407,37849,74897,158181,133367,103590,273280,1,18,8254,18,18,1,1,18,20
1484,44,5788749,17084,50825,23517,494,408516,655794,2414,2903540,595313,46417,81579,319836,180830,107655,394935,1,22,9892,22,22,1,1,22,58
1485,45,4748341,18398,44459,16072,752,312346,494905,2178,2412867,549397,46712,80606,199652,132720,102990,334287,1,18,8196,18,18,1,1,18,33
1486,46,4812585,18023,46513,27189,519,330598,562593,2494,2239784,547463,37938,83430,274151,135358,105145,401387,1,17,7621,17,17,1,1,17,60
1487,47,4577106,17401,44945,10939,558,314077,470046,2065,2397663,471514,41617,77111,173006,135319,113684,307161,1,18,8246,18,18,1,1,18,22
1488,0,9037962,18597,56091,31919,572,631666,982764,3095,4426512,1050472,77050,86802,612430,268982,118840,672170,1,35,15536,35,35,1,1,35,87
1489,1,5540366,17066,42366,10038,582,383903,550460,2121,2990340,567322,49077,70791,207627,171810,105367,371496,1,23,10537,23,23,1,1,23,24
1490,2,4895213,16340,42196,9902,549,347873,511920,1943,2760727,311774,45424,75750,191809,150884,107895,320227,1,21,9625,21,21,1,1,21,22
1491,3,3289564,17977,37409,8565,632,228780,338238,1871,1750436,182847,27172,71201,117259,105567,125068,276542,1,13,5972,13,13,1,1,13,14
1492,4,6224524,16666,50281,28943,545,451159,700324,2526,3066382,671777,52133,84302,382415,180073,109142,427856,1,24,10704,24,24,1,1,24,73
1493,5,7257174,18287,50833,40727,568,509474,801041,2786,3591605,915610,57163,75249,436278,222625,105813,429115,1,28,12516,28,28,1,1,28,71
1494,6,5847296,16545,47687,25332,606,409759,630325,9533,2833433,752202,53232,76775,346535,181096,107131,357105,1,21,9413,21,21,1,1,21,63
1495,7,5374506,16948,49931,26239,615,388407,610912,2390,2549287,712541,44282,77156,295510,163150,105201,331937,1,20,8955,20,20,1,1,20,64
1496,8,6452792,18721,50991,29762,725,465158,711328,2795,3150883,853324,51031,77058,379237,176060,109490,376229,1,24,10692,24,24,1,1,24,75
1497,9,4518063,17398,46908,28659,475,315742,532607,2302,2104420,541732,33836,74260,264377,127268,101870,326209,1,16,7132,16,16,1,1,16,70
1498,10,7388799,17910,50906,29404,528,517345,822608,2582,3638087,907443,68227,82025,457427,205753,103561,484993,1,28,12460,28,28,1,1,28,79
1499,11,8108064,18516,53786,30820,496,562768,871853,2676,3929771,1030604,64234,80164,520317,238000,104325,599734,1,31,13784,31,31,1,1,31,82
1500,12,7723322,18340,52395,28602,715,543221,839552,2816,3790729,1005110,56149,79091,461267,220360,107880,517095,1,29,12920,29,29,1,1,29,77
1501,13,5751521,17096,49375,29508,526,393984,664880,2535,2735934,744551,45589,76085,345857,152173,103511,389917,1,21,9353,21,21,1,1,21,74
1502,14,6581600,24354,51757,28206,488,453288,734648,2624,3175623,837569,53442,78157,411208,183942,107142,439152,1,25,11134,25,25,1,1,25,76
1503,15,4753039,18098,48295,37073,590,342993,570435,2378,2215533,586024,38148,74664,262840,126568,101262,328138,1,17,7595,17,17,1,1,17,66
1504,16,5769103,18286,48534,26152,529,388525,634803,2495,2797020,782745,44755,77901,312045,157638,105907,371768,1,21,9398,21,21,1,1,21,65
1505,17,5045512,17153,47896,25742,613,356591,609885,2421,2417380,604651,39571,76377,291920,137547,106841,310924,1,18,8057,18,18,1,1,18,64
1506,18,4568096,16979,45718,26880,534,319333,517550,2372,2145113,578048,47613,78206,245963,119851,105724,318212,1,16,7164,16,16,1,1,16,62
1507,19,5163548,19565,49625,34465,504,359077,593210,2442,2460407,692525,44913,78504,272798,144664,103717,307132,1,19,8523,19,19,1,1,19,61
1508,20,5225391,18616,48604,25621,612,362897,619018,2544,2482654,670370,40487,76128,299316,144469,104627,329428,1,19,8496,19,19,1,1,19,65
1509,21,4503291,16913,56858,28873,649,321968,539838,2742,2090530,533455,35999,74970,256094,121041,103387,319974,1,16,7136,16,16,1,1,16,69
1510,22,3065942,16685,39263,9903,622,189606,310846,1985,1522672,303485,24283,72673,102956,80263,103124,287576,1,11,5048,11,11,1,1,11,15
1511,23,5497955,17528,53767,12703,520,383825,578749,1966,2928316,556616,50003,73985,235729,188078,101332,314838,1,22,10031,22,22,1,1,22,32
1512,24,5910952,18847,60125,28243,523,431072,681682,2360,2851084,658030,46387,76863,372740,166935,103496,412565,1,22,9818,22,22,1,1,22,71
1513,25,5961442,18048,49003,29445,578,416937,671737,2341,2853242,754209,48339,75366,363257,164380,100138,414422,1,22,9804,22,22,1,1,22,73
1514,26,6449083,17805,57494,30231,547,444061,714883,2541,3090393,779998,52386,78522,398392,194676,105525,481629,1,24,10680,24,24,1,1,24,77
1515,27,4544165,16583,46931,26060,565,331393,541651,2496,2102274,553458,35300,73626,261044,124763,100271,327750,1,16,7152,16,16,1,1,16,65
1516,28,7124180,19406,50597,27613,487,504803,757232,2509,3480930,895287,55864,84388,415839,196275,103913,529037,1,27,12071,27,27,1,1,27,70
1517,29,5231619,17918,44213,14586,562,340758,523587,2085,2717211,640581,42690,91788,213959,154020,109740,317921,1,20,9120,20,20,1,1,20,31
1518,30,5402669,18198,48027,25963,548,372101,613364,2448,2577699,704375,44388,76899,299930,147735,104169,366825,1,20,8955,20,20,1,1,20,64
1519,31,4501197,17336,47693,25380,543,339822,509877,2465,2156220,549303,41960,73129,235534,117806,103938,280191,1,16,7180,16,16,1,1,16,58
1520,32,3643528,16287,39009,10361,609,238862,371201,2262,1886055,366107,32341,72134,132172,108111,104839,263178,1,14,6423,14,14,1,1,14,17
1521,33,5366094,18037,51354,28562,540,368197,681389,2486,2590908,556176,40892,78048,309540,148045,100740,391180,1,20,8930,20,20,1,1,20,69
1522,34,4519569,16518,40605,9665,576,305446,447501,2073,2404919,468225,39861,72403,165669,132033,115559,298516,1,18,8253,18,18,1,1,18,20
1523,35,6348018,18065,49117,15773,520,439902,671514,2237,3412052,648112,55038,83939,299379,191011,101875,359484,1,26,11803,26,26,1,1,26,42
1524,36,3636590,15667,38432,9266,584,242212,372509,1971,1877800,342878,30837,73492,126584,119625,103467,281266,1,14,6427,14,14,1,1,14,16
1525,37,3558944,16682,39344,10452,639,244706,389148,1916,1867957,254898,30574,70794,136611,108358,102334,284531,1,14,6414,14,14,1,1,14,19
1526,38,6150696,18885,47906,19767,561,425018,671044,2442,3123986,642874,52549,84838,301778,192637,163485,402926,1,23,10412,23,23,1,1,23,46
1527,39,5052323,17118,47203,19626,505,351890,550047,2199,2513470,621160,42001,82234,245213,141281,103550,314826,1,19,8599,19,19,1,1,19,44
1528,40,6379731,17288,47109,17212,560,446878,676980,1960,3338281,741561,57459,76146,322081,201243,107894,327079,1,26,11795,26,26,1,1,26,43
1529,41,4497141,16178,42007,11695,524,308257,467742,2033,2393627,456859,39570,71750,174567,143918,102382,266032,1,18,8238,18,18,1,1,18,23
1530,42,4304094,16753,42230,14146,533,290732,454925,1968,2300312,372503,36573,81065,174690,125122,102454,290088,1,17,7763,17,17,1,1,17,27
1531,43,3578416,17371,38680,10258,617,240583,381700,1833,1855763,299461,29482,83226,127692,104502,101371,285877,1,14,6424,14,14,1,1,14,17
1532,44,5328190,18477,48859,25560,513,387507,614205,2563,2600095,547730,46540,83436,315064,159926,105120,372595,1,20,8980,20,20,1,1,20,59
1533,45,3976567,16356,41861,14821,512,267811,420072,2310,1984208,467849,32742,74803,185520,113899,100618,253185,1,15,6841,15,15,1,1,15,29
1534,46,4291036,18660,46356,25455,549,315323,505719,2591,1965371,467221,36315,80447,231841,128235,111064,355889,1,14,6287,14,14,1,1,14,56
1535,47,3886081,17055,42160,9851,488,260103,393364,1855,2027736,384500,32701,75777,141510,112286,100211,286484,1,15,6878,15,15,1,1,15,19
1536,0,9368060,25939,53692,29138,619,659835,1025740,2642,4670191,1114976,79484,84398,612163,277466,109605,622172,1,37,16474,37,37,1,1,37,82
1537,1,4409282,16875,41200,9062,614,289083,448073,1869,2324486,451396,38088,73358,155485,132910,106468,320315,1,18,8258,18,18,1,1,18,19
1538,2,3846217,17401,40020,8934,764,281007,398607,1947,2105850,228145,34776,69706,142857,121243,105638,289322,1,16,7344,16,16,1,1,16,17
1539,3,4501841,18438,42191,9366,570,317250,490760,1801,2475103,292269,42249,75228,172295,145000,104411,314910,1,19,8715,19,19,1,1,19,20
1540,4,6243406,18664,51143,28199,580,436313,716353,2491,3124437,679081,51676,74173,376941,178428,107759,397168,1,24,10716,24,24,1,1,24,71
1541,5,6240158,18691,49851,28496,544,440572,696222,2501,2968162,855719,53509,85752,360488,181437,105246,392968,1,23,10280,23,23,1,1,23,69
1542,6,4910471,18284,55616,25886,570,335032,593939,2377,2334068,605404,38397,74789,270144,136498,110314,309153,1,18,8059,18,18,1,1,18,63
1543,7,6481798,19404,52272,26235,635,455956,736421,2498,3220584,823700,52851,77119,359403,180512,102294,371914,1,25,11204,25,25,1,1,25,65
1544,8,6744535,17243,50714,29146,556,499234,763039,2356,3291075,835717,55116,76529,391897,195283,105398,431232,1,25,11164,25,25,1,1,25,71
1545,9,5010884,17965,49564,28663,509,338064,586133,2635,2373877,626982,38159,76324,288428,134401,105441,343739,1,18,8039,18,18,1,1,18,67
1546,10,7842841,17187,51869,31126,554,550866,874580,2706,3766374,1020870,61784,75844,504083,233303,106085,545610,1,30,13324,30,30,1,1,30,83
1547,11,7888053,18995,52646,31916,541,558796,873514,2852,3785828,1008855,60743,77031,523709,230163,105070,557394,1,30,13330,30,30,1,1,30,82
1548,12,7683648,16573,52194,28182,681,547332,851787,2328,3783416,968462,66120,79220,448847,235517,109266,493723,1,29,12950,29,29,1,1,29,73
1549,13,6201586,17351,51493,28460,556,421097,708229,2407,2966470,815410,50200,73782,371679,176797,103809,413846,1,23,10249,23,23,1,1,23,74
1550,14,6656298,17608,51162,27427,538,462732,715749,2472,3250279,870029,54389,77451,402281,185417,115532,423232,1,25,11162,25,25,1,1,25,72
1551,15,6601688,18075,51088,27655,592,455412,706765,2323,3240090,830330,51574,79299,393878,187603,103382,453622,1,25,11169,25,25,1,1,25,70
1552,16,7652518,19360,51655,27765,555,546046,828938,2477,3735567,940772,57935,94438,449422,229402,105329,562857,1,29,12958,29,29,1,1,29,72
1553,17,6184672,18299,51445,26830,613,415298,694199,2795,2964799,789837,51108,77001,376997,174702,104820,435929,1,23,10278,23,23,1,1,23,69
1554,18,4745469,17484,48036,26622,605,329358,551274,2672,2237533,570640,40526,75699,268344,150980,106957,318739,1,17,7612,17,17,1,1,17,62
1555,19,4221276,17485,47751,25557,602,303724,491361,3164,2013643,517143,33786,74660,220935,111448,116075,243942,1,15,6733,15,15,1,1,15,58
1556,20,6293320,19109,50557,27977,849,428937,689598,2414,3066096,813571,50824,76972,365348,170930,109361,420777,1,23,10268,23,23,1,1,23,70
1557,21,4711341,17535,47281,28665,658,329767,586358,2842,2178773,565735,37708,74441,266733,124449,109642,340754,1,16,7136,16,16,1,1,16,69
1558,22,3560196,17052,41314,10578,566,229093,345359,2761,1766630,355265,27994,73065,122532,95566,104367,368054,1,13,5959,13,13,1,1,13,18
1559,23,4716438,16990,43605,14857,542,323914,546811,2190,2438692,453904,39684,74944,197792,135738,104303,322472,1,18,8202,18,18,1,1,18,31
1560,24,7049587,18394,51839,29493,684,493482,791561,2793,3445053,866951,64915,79516,426540,199691,109683,468992,1,27,12047,27,27,1,1,27,74
1561,25,7937647,17808,52124,31442,603,571182,848884,2812,3869511,1017162,60364,78034,519998,229112,111245,527366,1,30,13341,30,30,1,1,30,81
1562,26,6496537,17795,58239,31732,570,445144,719913,2738,3097312,856892,55373,78860,399499,181670,107067,443733,1,24,10674,24,24,1,1,24,78
1563,27,7398630,17718,53704,25272,742,523335,785590,2991,3661054,979619,60872,74367,431601,212767,105744,463254,1,28,12523,28,28,1,1,28,70
1564,28,7676490,17951,53849,26560,622,519154,813533,2723,3823751,1031414,58922,77182,460700,224618,112070,453441,1,29,12966,29,29,1,1,29,71
1565,29,5578108,17294,46987,14027,540,369282,568579,2890,2901005,701049,58412,81436,235560,159500,103388,318159,1,22,10025,22,22,1,1,22,33
1566,30,4967181,17440,48000,26616,638,341579,628722,2523,2410761,557378,39006,76417,279298,132904,102631,303268,1,18,8061,18,18,1,1,18,63
1567,31,5774896,20129,50306,38258,612,398237,656804,2707,2832137,716684,46967,87034,312033,160488,111721,340779,1,21,9418,21,21,1,1,21,62
1568,32,5190379,17081,43083,11592,581,367859,520645,2087,2819944,517836,43643,85413,204602,151912,108371,295730,1,21,9616,21,21,1,1,21,24
1569,33,6209372,18023,50797,29693,607,459804,737334,2727,3065320,599150,52468,78087,380687,179378,118606,436691,1,24,10698,24,24,1,1,24,74
1570,34,6179145,16561,48350,10416,675,428477,622202,2948,3345546,668617,53187,76627,238941,181423,114937,370238,1,25,11447,25,25,1,1,25,26
1571,35,6265617,18863,49043,15646,598,447467,677502,2690,3406615,533802,56189,79817,299197,204131,109304,364753,1,26,11810,26,26,1,1,26,41
1572,36,3986569,15919,40031,10242,686,272897,395163,2208,2141887,314489,32095,73235,144033,113055,121417,309212,1,15,6883,15,15,1,1,15,17
1573,37,4509030,17613,42776,12062,691,310531,469552,2530,2443296,317083,40243,73471,179841,137647,122441,339253,1,18,8234,18,18,1,1,18,24
1574,38,5678789,17713,46581,19761,729,404722,609938,2587,2956654,548155,48772,81735,281566,161234,104381,394261,1,22,9962,22,22,1,1,22,45
1575,39,7310078,18503,52804,20566,609,507553,767496,2656,3730708,929403,66502,79488,373512,234591,106069,419618,1,29,13122,29,29,1,1,29,50
1576,40,6368757,16486,53904,16184,556,441159,671633,2194,3314765,780650,57025,75429,299650,204170,106288,328664,1,26,11815,26,26,1,1,26,40
1577,41,5603185,17281,43826,13121,664,396262,577881,2157,3050956,571164,49483,74421,230401,167910,102431,305227,1,23,10507,23,23,1,1,23,29
1578,42,4589014,19074,41516,14979,484,308547,471066,2158,2409229,449788,41062,73486,187137,134422,117602,318464,1,18,8217,18,18,1,1,18,28
1579,43,3783222,16806,40283,10668,538,271274,405396,2099,1974183,296823,31400,75692,141405,117326,114579,284750,1,15,6877,15,15,1,1,15,19
1580,44,5723082,17967,49781,26202,508,428386,635083,2352,2841124,603572,55812,88348,327256,172927,102856,370908,1,22,9865,22,22,1,1,22,63
1581,45,4088342,19243,42113,15759,541,272147,427263,2182,2009937,489124,32371,89311,180128,113646,107824,286753,1,15,6840,15,15,1,1,15,29
1582,46,4142461,18869,45559,28497,531,277370,520255,2682,1874705,421295,29570,82416,223473,102749,105131,409359,1,14,6269,14,14,1,1,14,60
1583,47,6031389,21607,53544,15881,630,410716,615622,2193,2982589,609279,49076,121490,218810,169357,147297,613298,1,18,8237,18,18,1,1,18,24
1584,0,9333281,17448,56050,31911,709,662077,1018508,2756,4684669,1057266,80495,83373,609019,279145,116224,633631,1,37,16457,37,37,1,1,37,84
1585,1,5288164,16568,41609,9634,593,361654,522422,2267,2852274,525823,46315,73359,195213,157482,106404,376547,1,22,10081,22,22,1,1,22,23
1586,2,4674955,15374,42140,9454,664,335275,504735,1890,2606188,290677,44013,72814,182814,142814,110331,315772,1,20,9170,20,20,1,1,20,21
1587,3,3618980,16111,36585,9984,645,257511,405092,1772,1907300,211854,32566,70640,162384,111525,105711,289300,1,14,6426,14,14,1,1,14,16
1588,4,5884123,16842,49902,27293,570,442631,658170,2892,2949850,563688,49647,76454,352818,168613,106813,417940,1,22,9836,22,22,1,1,22,68
1589,5,7258945,18646,50022,30258,560,515614,779637,2437,3496968,984587,56099,77929,442456,199417,105650,498665,1,27,12026,27,27,1,1,27,77
1590,6,6183420,16154,50819,27562,570,421062,666936,2642,3049912,814423,54183,75522,349473,183242,108978,361942,1,23,10302,23,23,1,1,23,65
1591,7,5724788,17174,49666,26835,566,395225,633188,2466,2746277,780724,48006,77363,322542,162542,103142,359072,1,21,9405,21,21,1,1,21,64
1592,8,6768321,18346,53091,28512,672,473859,743680,2608,3257630,903787,55527,75128,409366,188572,111475,446068,1,26,11590,26,26,1,1,26,75
1593,9,5550214,18000,49738,29424,683,371906,622598,2660,2650582,693750,46626,75175,311455,154798,112551,410268,1,20,8920,20,20,1,1,20,71
1594,10,8229258,19115,52429,29976,567,575252,878790,2904,4091784,1017224,61291,78523,513225,232483,115156,560539,1,31,13783,31,31,1,1,31,82
1595,11,7625118,17645,52077,30230,606,520851,840921,2748,3701801,955148,59732,77900,508091,224022,109403,523943,1,29,12889,29,29,1,1,29,81
1596,12,9021852,17103,53977,29034,566,618139,988125,2283,4463034,1188706,79188,78256,555779,272637,110368,564657,1,36,16029,36,36,1,1,36,82
1597,13,7321532,17731,55602,31209,625,488841,826711,2780,3554578,936711,57327,80656,451864,202708,116007,498182,1,27,12019,27,27,1,1,27,78
1598,14,6071692,17379,50420,27070,596,412086,669946,2711,2917401,817472,48307,76187,343925,171793,110501,405898,1,22,9829,22,22,1,1,22,70
1599,15,7506829,18289,54119,28364,593,531745,801097,2560,3704438,997995,56109,84264,446125,216795,109094,455242,1,29,12937,29,29,1,1,29,75
1600,16,7040241,18758,50645,27437,548,487614,767109,2714,3506457,876350,57638,79469,405426,212743,108095,439238,1,27,12077,27,27,1,1,27,69
1601,17,8102822,18791,52032,25591,600,565371,859441,2511,4020190,1102172,66413,78232,475996,247777,103597,484108,1,31,13862,31,31,1,1,31,72
1602,18,7048787,16812,52380,28478,564,500506,796699,2717,3461493,924146,53818,76514,392547,204911,112629,424573,1,26,11619,26,26,1,1,26,70
1603,19,5734352,17760,50516,27706,664,392733,648036,2892,2720925,739034,45702,86154,330579,205184,105393,361074,1,21,9391,21,21,1,1,21,67
1604,20,7362999,16630,51175,28006,581,523967,784278,2588,3613595,981967,61731,75950,446025,215049,106836,454621,1,28,12502,28,28,1,1,28,73
1605,21,6281338,18055,59890,29983,586,433166,687815,2897,3008715,809333,50569,76233,372867,171565,107279,452385,1,23,10237,23,23,1,1,23,76
1606,22,4363889,16369,40459,11193,618,289775,432136,1762,2294674,452640,38857,75292,162014,130846,107437,309817,1,17,7793,17,17,1,1,17,20
1607,23,6088476,18160,46581,15442,597,419813,645602,2186,3263880,588100,55474,74990,285587,188274,104133,379657,1,25,11378,25,25,1,1,25,37
1608,24,6084533,19415,51214,30456,708,430648,697070,3106,2976127,656245,49708,89507,371816,171528,111566,425419,1,23,10256,23,23,1,1,23,73
1609,25,6709437,17730,59884,32399,630,465476,741138,2891,3115629,900506,55697,78152,432429,205484,109128,492264,1,24,10644,24,24,1,1,24,83
1610,26,6532579,18613,49625,29571,571,454625,717912,2602,3111921,882147,54251,75862,386701,184574,111424,452180,1,24,10686,24,24,1,1,24,76
1611,27,6261495,18032,52012,29854,552,417360,686290,2322,2973568,900052,51849,76991,365429,170655,108116,408413,1,23,10250,23,23,1,1,23,74
1612,28,6495925,17394,50074,27131,716,447518,713239,2816,3141251,902038,53201,77950,365292,180770,106455,410080,1,24,10728,24,24,1,1,24,69
1613,29,5340742,16892,44102,13273,587,350216,541532,2376,2780457,662649,46702,74759,219659,157633,105170,324735,1,21,9584,21,21,1,1,21,30
1614,30,5553304,16736,48657,27006,583,383936,625229,2746,2709313,689629,46212,74652,325204,165140,108941,329320,1,21,9404,21,21,1,1,21,65
1615,31,6629355,17324,51223,27092,652,459039,728449,2452,3246070,831418,55727,77538,397951,193858,102966,437596,1,25,11187,25,25,1,1,25,68
1616,32,5798073,16208,42691,10997,526,396561,576565,2135,3107002,622850,51376,77999,282444,178764,107710,324245,1,23,10526,23,23,1,1,23,26
1617,33,5878064,17863,51211,37823,591,424019,704341,2492,2914523,550415,47869,77594,366336,165840,102603,414544,1,23,10257,23,23,1,1,23,73
1618,34,5099478,16573,42461,10408,766,336206,505155,1848,2727389,551513,41974,72216,208465,143763,114392,326349,1,20,9165,20,20,1,1,20,22
1619,35,6972533,17058,48858,16900,612,490053,732516,2151,3732075,724819,61743,78923,333160,226375,119235,388055,1,29,13168,29,29,1,1,29,43
1620,36,4674374,17633,45161,10329,814,315555,472968,1989,2527866,423013,37425,73114,179892,133216,118877,316522,1,18,8253,18,18,1,1,18,20
1621,37,5015739,17473,41900,11831,465,373686,525324,1672,2742131,373860,43837,74742,201097,148672,114133,344916,1,20,9145,20,20,1,1,20,26
1622,38,5509131,18203,47714,18594,521,392870,599806,2129,2840016,544105,45967,85858,277741,160438,108356,366813,1,22,9973,22,22,1,1,22,43
1623,39,10274035,23421,68728,33915,780,735367,1082559,3024,4836362,1280058,88335,138923,660611,321711,176938,823303,1,28,12642,28,28,1,1,28,53
1624,40,6519603,17317,46800,17198,651,441647,693027,1996,3365747,833145,57244,80564,307855,194079,108205,354128,1,26,11796,26,26,1,1,26,43
1625,41,5931927,18345,44709,13750,657,419273,605095,2088,3200313,608836,54323,75555,252708,196332,104596,335347,1,24,10962,24,24,1,1,24,30
1626,42,5778159,17106,45129,16261,586,403859,628964,2061,3089361,534616,51585,76701,257576,181825,103553,368976,1,24,10926,24,24,1,1,24,36
1627,43,3031264,18030,39184,10100,599,208560,304726,1966,1507516,230168,23561,74497,104826,79266,114188,314077,1,11,5047,11,11,1,1,11,16
1628,44,5246079,18080,49905,25381,633,372067,598220,2722,2579904,534495,43200,84822,294561,146144,116975,378970,1,19,8524,19,19,1,1,19,60
1629,45,5007541,18146,44485,15572,800,352032,541521,2139,2579120,564205,41950,77594,216620,143944,109503,299910,1,19,8659,19,19,1,1,19,32
1630,46,4174229,18286,46778,27574,584,299164,498139,2974,1916270,427136,30904,82763,229686,104635,109272,380064,1,14,6278,14,14,1,1,14,58
1631,47,4334706,16361,42362,10701,636,297864,427183,1830,2246046,471342,36483,87164,156121,122795,108068,309750,1,17,7793,17,17,1,1,17,20
1632,0,11027235,18468,57464,31031,629,762112,1154002,2531,5552198,1435588,97597,78509,737986,328850,123709,646561,1,44,19558,44,44,1,1,44,89
1633,1,6305031,16832,42355,9887,569,420371,620800,1909,3417320,699527,55427,75775,235833,188018,108464,411944,1,26,11901,26,26,1,1,26,27
1634,2,3688273,15269,37650,8455,750,267895,377107,2189,2014345,217669,33825,68390,143579,113052,108068,280030,1,15,6887,15,15,1,1,15,16
1635,3,4061391,17084,40541,10166,622,289704,435257,1949,2226217,231817,36001,73817,153820,125698,109094,309604,1,17,7796,17,17,1,1,17,19
1636,4,6296997,17528,50039,28846,554,451992,737638,2669,3166822,605957,54523,77416,388426,192225,108631,413731,1,24,10716,24,24,1,1,24,71
1637,5,7136517,17998,51016,28999,698,491404,770194,2593,3505600,948139,67918,76720,436801,203911,103841,430685,1,27,12050,27,27,1,1,27,73
1638,6,5843981,16133,48769,28605,590,397194,627987,2733,2863168,753928,46405,74492,327982,168778,109515,377702,1,21,9390,21,21,1,1,21,67
1639,7,5337149,18777,48441,24776,618,359198,592286,2339,2567249,763311,43235,77333,277964,153252,122343,286027,1,20,8980,20,20,1,1,20,59
1640,8,6103477,17286,50082,28967,521,439469,685574,2563,2994011,781581,47487,75966,375631,171137,105712,327490,1,23,10244,23,23,1,1,23,75
1641,9,6319445,18088,51351,28581,634,426527,725563,2605,3025832,873911,51126,79106,359139,172241,111022,393719,1,23,10252,23,23,1,1,23,73
1642,10,8695038,19209,54997,29999,666,595049,900940,3207,4294586,1197385,63015,79420,522738,236503,117419,579905,1,32,14248,32,32,1,1,32,80
1643,11,8653556,18273,59954,32540,556,587300,929592,3098,4165909,1132440,72635,77638,574093,260400,114652,624476,1,33,14628,33,33,1,1,33,88
1644,12,9236033,18947,54841,29963,568,626138,980657,2580,4435563,1358690,78663,77652,597245,271387,120528,582611,1,35,15552,35,35,1,1,35,85
1645,13,7724888,16755,51034,31948,554,520998,833314,2809,3783505,1004828,61433,76441,489335,231886,106404,513644,1,29,12895,29,29,1,1,29,81
1646,14,9554477,24087,70699,43910,772,691536,1066141,3381,4423451,1185280,79119,138335,550255,276454,178645,822412,1,26,11625,26,26,1,1,26,70
1647,15,5870170,16900,50002,26719,618,399480,649072,2454,2864968,740235,48547,75473,330758,162698,106446,395800,1,22,9829,22,22,1,1,22,69
1648,16,8572615,17374,51468,29344,584,634896,885143,2324,4175666,1221805,70624,77056,525761,237750,113496,529324,1,33,14697,33,33,1,1,33,80
1649,17,7477711,18051,52481,28519,604,548274,799513,2805,3672795,987810,59342,76709,447208,204764,105702,473134,1,28,12481,28,28,1,1,28,76
1650,18,7171168,18073,51617,27567,519,507911,762960,2403,3468568,978321,63298,76382,421828,208755,106681,476285,1,27,12055,27,27,1,1,27,73
1651,19,4588090,18758,48592,27081,683,329007,537155,3336,2203076,538119,34300,76408,247954,121382,111410,290829,1,16,7168,16,16,1,1,16,61
1652,20,7422625,18711,52682,28913,800,509542,777605,2832,3576216,1093805,58556,74559,438229,204504,113846,471825,1,27,12035,27,27,1,1,27,75
1653,21,5774959,18030,48821,30464,604,401033,648317,2803,2773967,724130,44561,75804,346692,153970,118559,387204,1,21,9352,21,21,1,1,21,74
1654,22,4372189,18989,42632,11446,665,306307,427499,2183,2296337,431214,44128,73965,159617,125898,120018,311291,1,16,7336,16,16,1,1,16,19
1655,23,6929597,19464,49419,16176,804,491141,711200,3148,3736711,697697,59762,78118,328156,215534,119186,403081,1,27,12276,27,27,1,1,27,40
1656,24,8776344,18470,55439,28819,668,627901,927213,3481,4350723,1120287,74110,80717,546212,249362,121378,571564,1,34,15156,34,34,1,1,34,79
1657,25,6885749,18993,52926,32105,621,483192,763326,2992,3304924,841362,52623,78358,450080,203546,116002,484699,1,25,11103,25,25,1,1,25,81
1658,26,4968384,18019,50107,29928,565,352468,584208,3323,2263876,619725,36796,76453,290002,126070,112911,403933,1,17,7559,17,17,1,1,17,75
1659,27,5808317,17583,51477,27157,788,404968,642292,3583,2807290,711883,45824,75711,346926,154903,127827,390105,1,21,9373,21,21,1,1,21,70
1660,28,7917047,18146,51635,26867,682,539532,833203,3072,3960674,1009577,62769,89263,485107,246296,109127,481097,1,30,13416,30,30,1,1,30,71
1661,29,5852304,17869,46114,15100,758,390642,598978,2689,3047078,737787,49344,81049,265542,169756,104423,325175,1,23,10475,23,23,1,1,23,35
1662,30,5771384,18119,48609,26963,581,389096,641580,2664,2849486,686653,46147,76321,334348,163671,100424,386722,1,22,9849,22,22,1,1,22,66
1663,31,7392125,26005,51739,30052,710,516954,803998,2560,3593291,1031994,62465,76582,443573,211537,102121,438544,1,28,12495,28,28,1,1,28,74
1664,32,4166642,18031,41086,11784,724,271838,414564,2099,2177053,447978,33904,74937,149618,117886,106397,298743,1,16,7336,16,16,1,1,16,19
1665,33,7224595,18099,54404,29385,671,522196,788796,2852,3663208,769727,58340,82035,433676,200453,130084,470669,1,27,12050,27,27,1,1,27,74
1666,34,4846992,19022,43190,10378,674,315702,486517,2331,2575064,501346,40687,70949,185470,142611,141341,311710,1,19,8710,19,19,1,1,19,21
1667,35,7427120,18554,50197,17611,599,529402,793364,2624,3973671,761138,62665,91589,368972,230739,106704,419291,1,30,13596,30,30,1,1,30,47
1668,36,5415590,16650,46062,10727,624,367974,557257,1932,2972910,456062,47075,76275,216743,167481,130657,347161,1,23,10531,23,23,1,1,23,25
1669,37,4197468,18303,40731,12080,590,289423,434103,2279,2296310,281727,35469,72792,166315,123226,114988,309132,1,17,7779,17,17,1,1,17,23
1670,38,4846288,18077,45105,20052,590,343392,542211,2658,2464022,446686,42830,88286,237085,133819,106948,354527,1,19,8605,19,19,1,1,19,43
1671,39,6522033,18641,49867,19400,622,458455,675538,2767,3302842,838383,54981,83716,314406,185132,108838,408445,1,25,11331,25,25,1,1,25,45
1672,40,6584818,18167,46202,17876,492,452970,682809,2205,3426599,792292,59677,78625,315337,205751,119548,366268,1,26,11782,26,26,1,1,26,45
1673,41,4974357,19063,43736,12594,693,327543,511977,2019,2639367,520963,41764,75587,196273,143749,121448,317581,1,20,9145,20,20,1,1,20,26
1674,42,5023404,16986,42326,14936,613,343912,532644,2245,2669989,467914,42284,75267,221020,146354,108629,338285,1,20,9115,20,20,1,1,20,32
1675,43,3236660,16113,38490,9637,664,213644,334374,2004,1658367,262769,28569,74892,122069,94746,105262,275060,1,12,5505,12,12,1,1,12,16
1676,44,5786297,17139,49194,24992,716,426205,645648,2624,2838688,637373,48069,85215,330471,163777,107619,408567,1,22,9877,22,22,1,1,22,61
1677,45,4914349,17932,45901,14957,610,328691,476322,2243,2548463,613887,39787,77818,203424,133162,143558,267594,1,18,8214,18,18,1,1,18,29
1678,46,4330422,17407,45727,24700,664,296405,484360,3369,2059893,440890,33335,84849,232892,124162,112414,369355,1,15,6745,15,15,1,1,15,53
1679,47,4388226,17387,44226,11894,649,289256,423850,2293,2275762,441159,36739,74364,175229,126384,122575,346459,1,16,7328,16,16,1,1,16,21
1680,0,9074717,18948,55885,27496,606,643931,960252,3392,4623883,1064644,91590,84529,554520,264162,120733,560146,1,36,16065,36,36,1,1,36,78
1681,1,6389670,18249,44673,9461,8498,432027,628023,2577,3501964,643464,58901,75604,250321,196662,119528,399718,1,26,11901,26,26,1,1,26,27
1682,2,3827975,17149,41034,8796,561,267634,392393,2318,2101974,223233,31042,69505,147118,111675,121672,291871,1,15,6887,15,15,1,1,15,16
1683,3,4274213,18303,43871,9848,630,329174,434115,2017,2354805,241001,37350,78291,164674,125898,120504,313732,1,17,7796,17,17,1,1,17,19
1684,4,5676979,17693,51665,30412,513,404879,669947,2953,2802054,537747,49234,77043,369051,164502,118610,380676,1,21,9347,21,21,1,1,21,76
1685,5,6964597,19002,52383,39373,626,505491,749271,3634,3381151,949944,58906,76831,423576,195335,113294,395780,1,26,11587,26,26,1,1,26,75
1686,6,4726977,17371,49801,28361,667,321719,526968,3277,2182458,658305,36832,77506,255671,119823,120657,327561,1,16,7168,16,16,1,1,16,61
1687,7,5683635,24292,75827,44744,992,413524,702391,4157,2502681,630081,40807,143109,294271,143702,190896,472161,1,13,5829,13,13,1,1,13,58
1688,8,6728450,19410,57073,31267,689,470088,744478,3466,3229295,879823,61850,79060,404557,187464,136814,423116,1,24,10680,24,24,1,1,24,77
1689,9,4209627,17883,48287,28983,647,289524,508186,2995,1965158,476103,30645,76683,228352,104006,129048,303127,1,14,6245,14,14,1,1,14,67
1690,10,7484195,17635,53616,31109,645,505113,823919,4107,3630427,965408,60016,77546,471459,207747,129663,505785,1,28,12446,28,28,1,1,28,81
1691,11,6429195,17807,51220,28940,573,446629,706613,3250,3123540,791499,51402,77433,400292,187521,110503,431973,1,24,10692,24,24,1,1,24,75
1692,12,9094294,19151,54717,28050,554,644204,937589,3071,4494765,1264690,77485,80318,558546,258484,108002,564668,1,36,16038,36,36,1,1,36,81
1693,13,7515980,18275,50675,29559,554,522566,832478,3006,3609390,960261,60007,78348,506121,214424,112242,518074,1,26,11588,26,26,1,1,26,75
1694,14,5294838,17997,49844,27217,566,368119,593538,2522,2449260,714668,41729,78238,297599,146207,121201,386133,1,19,8492,19,19,1,1,19,67
1695,15,4806118,17998,48345,26431,477,335958,552912,2467,2286021,571978,39933,74491,265840,133109,107859,342299,1,17,7603,17,17,1,1,17,64
1696,16,6223122,17286,50208,26561,537,416857,672513,2484,3045480,855959,49058,77918,343903,182062,108150,374146,1,23,10300,23,23,1,1,23,65
1697,17,5175494,16644,48859,25427,592,357166,577562,12724,2490407,631951,41092,76873,291783,140877,105244,358293,1,19,8510,19,19,1,1,19,63
1698,18,4571195,18247,48133,26828,547,319521,538269,2776,2143154,571328,36565,88615,253529,118304,105213,300166,1,16,7164,16,16,1,1,16,62
1699,19,4644127,16601,59205,26756,595,327354,589484,2374,2162452,573812,34857,76813,244272,119863,108833,300856,1,16,7168,16,16,1,1,16,61
1700,20,5510075,17634,50215,26614,561,379864,598902,3106,2659756,760009,49602,76330,309894,138357,117007,322224,1,19,8492,19,19,1,1,19,66
1701,21,5175351,17910,49562,28762,666,361391,576541,2701,2474673,648894,39196,76485,290873,133266,112394,362037,1,18,8037,18,18,1,1,18,68
1702,22,3564831,16185,41084,10661,634,228770,354160,2210,1847805,343174,28911,75621,128662,97007,111218,278729,1,13,5962,13,13,1,1,13,17
1703,23,4872300,18752,43432,13646,691,333968,517945,2661,2590527,435246,41411,89621,208716,142609,105184,327891,1,19,8668,19,19,1,1,19,30
1704,24,6007574,17862,49747,30179,514,417345,680979,2389,2926786,711719,59669,79815,348274,158994,112490,410812,1,22,9819,22,22,1,1,22,71
1705,25,4722427,17488,48020,29725,548,335863,561781,2440,2149399,594947,35014,75128,274920,116681,118493,361980,1,16,7120,16,16,1,1,16,73
1706,26,5399674,17355,63368,29954,500,378309,626289,2549,2556251,642008,40680,76797,316100,142941,106720,399853,1,19,8454,19,19,1,1,19,75
1707,27,5801122,18696,51531,27405,659,402679,693867,2878,2701794,766513,46434,74418,339574,156484,134156,384034,1,21,9374,21,21,1,1,21,70
1708,28,7714954,18851,53864,37221,729,1251422,771362,3013,3354580,931212,53801,76632,410787,190623,111556,449301,1,26,11596,26,26,1,1,26,74
1709,29,6046880,16107,44676,15113,659,409302,611545,2689,3146799,800098,52468,79227,258651,191017,102324,316205,1,24,10932,24,24,1,1,24,35
1710,30,4093816,17694,46024,25069,473,280666,477921,2537,1964017,459786,30109,75236,218530,105697,111710,278347,1,14,6281,14,14,1,1,14,58
1711,31,5018430,18968,47717,28942,637,343935,571071,2610,2373362,623609,41685,85866,309261,139002,106942,324823,1,18,8053,18,18,1,1,18,65
1712,32,5811974,21642,52740,13558,889,386527,588188,2282,2917906,628902,50544,132038,204923,176071,174698,461066,1,16,7340,16,16,1,1,16,18
1713,33,5087680,16840,51070,29156,670,418718,623297,4710,2412698,507480,39654,78267,296238,133382,113193,362307,1,18,8033,18,18,1,1,18,69
1714,34,4739420,18155,45068,11630,710,313152,455705,3039,2501293,485607,39569,75566,237758,136736,115345,300087,1,18,8253,18,18,1,1,18,20
1715,35,5997958,17399,45354,16460,484,454018,629619,2178,3236352,552634,50778,79323,273225,187134,108945,344055,1,23,10457,23,23,1,1,23,38
1716,36,3181538,16345,39036,8772,616,208744,329116,1923,1647358,269431,25749,69994,109995,88305,109555,256599,1,12,5511,12,12,1,1,12,14
1717,37,4623575,16870,41588,11625,518,322074,479127,2052,2533293,374224,40276,73804,182927,140490,103881,300826,1,19,8695,19,19,1,1,19,24
1718,38,4753281,17916,44497,17460,561,331657,541315,2294,2468963,399362,40075,81703,232760,138814,105056,330848,1,19,8620,19,19,1,1,19,40
1719,39,5219085,17302,45184,18077,602,364307,557971,2516,2632790,636326,41518,79251,249451,153522,104600,315668,1,20,9070,20,20,1,1,20,41
1720,40,5467302,18060,47023,17458,621,375974,582837,2275,2805307,637394,47543,79941,255317,161399,103055,333098,1,22,9980,22,22,1,1,22,41
1721,41,4765678,16905,42577,10921,607,320261,499410,2039,2517048,488226,40468,72418,213666,136635,104533,299964,1,19,8694,19,19,1,1,19,24
1722,42,4412469,17666,43985,13935,484,315721,456391,2058,2329941,391285,38342,73862,184422,130827,116892,296658,1,17,7763,17,17,1,1,17,27
1723,43,3761537,17048,39183,10646,605,256192,381736,1990,1994024,325007,31821,73026,136388,109640,105306,278925,1,15,6880,15,15,1,1,15,18
1724,44,5291884,17427,48269,23998,473,361182,590129,2369,2631988,585320,42019,82604,290545,146405,105993,363163,1,20,8985,20,20,1,1,20,58
1725,45,4462018,17122,41570,14211,534,297368,461511,2147,2308712,506354,35826,74630,194100,127229,103811,276893,1,17,7755,17,17,1,1,17,29
1726,46,4083263,17687,63417,23883,720,284192,464237,3589,1897847,439963,32216,81273,204745,108095,116110,345289,1,14,6308,14,14,1,1,14,50
1727,47,4653991,17441,44407,11898,700,315572,469961,3220,2470637,456204,41151,77924,174527,136374,119747,314228,1,18,8249,18,18,1,1,18,21
1728,0,8871013,19468,57462,32389,667,623742,968448,3391,4313957,1023742,77345,90717,597227,282587,121248,658623,1,34,15067,34,34,1,1,34,89
1729,1,5432898,18555,43380,10097,580,341813,520849,2523,2713672,556698,42671,341081,215069,152413,117614,355883,1,21,9626,21,21,1,1,21,22
1730,2,3895595,17135,40045,9128,638,291533,415042,2073,2106454,233652,32434,69972,147591,114724,113833,301341,1,16,7344,16,16,1,1,16,17
1731,3,4511483,18042,42151,10346,576,322290,469438,9434,2490794,256272,55411,74789,170490,140631,110801,340018,1,19,8710,19,19,1,1,19,21
1732,4,7855335,18519,52983,30409,616,576711,862833,2744,3892860,880415,62212,89536,490106,230913,124001,540477,1,30,13368,30,30,1,1,30,78
1733,5,7434479,18793,50832,29545,587,536608,815843,2403,3668178,943681,74049,77421,448701,210405,109573,447860,1,28,12495,28,28,1,1,28,74
1734,6,5772061,16970,49342,27154,538,405190,646831,2530,2767610,756147,48487,75768,322004,156268,109075,388147,1,21,9406,21,21,1,1,21,64
1735,7,5137589,17706,55906,26094,536,356856,592998,2467,2486943,633708,40591,78343,284405,138201,104186,318649,1,19,8506,19,19,1,1,19,64
1736,8,6184131,16746,50827,30449,531,437240,697111,2346,2919398,820128,48959,75037,366817,168895,105408,444239,1,23,10240,23,23,1,1,23,76
1737,9,5760428,17898,50200,30332,490,396891,646310,2447,2697309,765107,44374,77357,350287,153692,107223,420511,1,21,9349,21,21,1,1,21,75
1738,10,8774198,17637,52389,29070,554,594332,915849,2747,4288174,1195488,88363,77896,540254,245756,108662,617027,1,34,15138,34,34,1,1,34,81
1739,11,7934693,18588,54113,32367,530,538213,840480,2719,3819423,1038769,60926,80120,542823,229336,106716,569570,1,30,13315,30,30,1,1,30,84
1740,12,8650344,17837,55061,28387,621,582855,929847,2687,4260585,1142367,73568,80320,541898,252234,107836,574241,1,34,15145,34,34,1,1,34,80
1741,13,8390114,18703,54935,31497,722,578644,879464,3349,4105953,1196041,62362,76437,498939,238368,113339,531361,1,31,13822,31,31,1,1,31,77
1742,14,6688682,20554,51595,29873,649,464335,719240,2901,3199272,857302,51337,79583,432883,186386,106987,485785,1,25,11141,25,25,1,1,25,75
1743,15,6484019,18589,49489,25765,532,474782,698444,2249,3175001,834445,51354,73644,387531,175951,107564,408679,1,24,10734,24,24,1,1,24,68
1744,16,7109568,18369,51582,27863,543,507272,768923,2684,3513230,941286,56089,79801,418709,194056,105736,423425,1,27,12050,27,27,1,1,27,73
1745,17,6562172,17589,50321,28455,545,435865,701557,2531,3179068,934133,52986,73790,377175,175950,103625,428582,1,24,10710,24,24,1,1,24,72
1746,18,6101818,17551,48902,25606,472,404798,764075,2509,2913519,781306,55627,76579,329225,162971,103288,415390,1,22,9855,22,22,1,1,22,64
1747,19,5524279,18482,48952,28317,796,393520,616466,2161,2608478,763876,44052,83061,311215,146494,102985,355424,1,20,8940,20,20,1,1,20,67
1748,20,7572270,17533,52760,28356,523,523419,809524,2327,3683320,1018353,60684,74652,458058,238823,107946,495992,1,29,12928,29,29,1,1,29,76
1749,21,6042060,17865,50440,32525,615,467967,675883,2540,2792148,811043,56083,77155,369597,158033,103501,426665,1,21,9332,21,21,1,1,21,78
1750,22,3923945,16490,39820,10970,508,264216,391820,2041,2003580,412129,32116,75037,145409,111355,104469,313985,1,15,6876,15,15,1,1,15,19
1751,23,5723812,17387,44752,12373,669,396583,573193,2388,3123050,579627,49614,73311,234359,168441,121513,326552,1,23,10504,23,23,1,1,23,30
1752,24,7757057,19362,54094,29778,571,545602,836732,3411,3877217,857526,59256,79924,492090,231450,166773,503271,1,29,12930,29,29,1,1,29,76
1753,25,10605053,35337,70116,45925,827,816768,1206593,3714,4948569,1331341,91421,122165,641273,321382,239824,729798,1,24,10656,24,24,1,1,24,81
1754,26,12292832,32538,94682,64676,1051,902718,1476979,4647,5495517,1545325,92944,164180,842104,331028,223990,1020453,1,25,11097,25,25,1,1,25,82
1755,27,8234627,20383,57165,30308,611,579543,876918,3333,4044119,1048321,62929,76803,525292,233437,123409,552056,1,31,13809,31,31,1,1,31,79
1756,28,7393232,18716,54082,29965,861,513483,805626,3591,3667577,932893,55085,78312,453611,206479,123545,449406,1,26,11600,26,26,1,1,26,73
1757,29,6125674,19530,49862,15705,637,406048,628962,3121,3157122,787659,51901,82196,280747,176148,142959,323077,1,23,10481,23,23,1,1,23,34
1758,30,5362005,17998,50883,28075,602,369789,608035,3120,2580595,629277,42375,77442,326948,144304,128931,353631,1,19,8494,19,19,1,1,19,67
1759,31,6948724,18811,51823,29202,630,486647,746025,3401,3372642,946015,57155,76507,419199,198759,115727,426181,1,25,11173,25,25,1,1,25,70
1760,32,3600043,18886,37103,10838,607,234980,343734,2297,1830431,364882,28407,72879,126548,98143,120307,310001,1,13,5969,13,13,1,1,13,15
1761,33,6805394,17648,58748,30392,520,487964,778984,2602,3354935,779121,54620,77942,419800,201626,113255,427237,1,25,11141,25,25,1,1,25,75
1762,34,4055424,17197,40051,10004,668,266216,394740,2306,2130959,406194,34100,73951,147178,123185,109688,298987,1,15,6883,15,15,1,1,15,17
1763,35,8565669,19741,63302,19005,720,641056,912017,3228,4588696,910882,74486,84390,433030,262619,128441,424056,1,34,15412,34,34,1,1,34,49
1764,36,4354237,17841,44228,10458,623,287268,427189,2394,2370520,373274,39302,71896,158237,126305,124130,300572,1,17,7797,17,17,1,1,17,19
1765,37,4009236,17372,42572,10910,768,277505,411142,2218,2150346,279896,41255,70239,153613,113401,132072,305927,1,15,6876,15,15,1,1,15,19
1766,38,5274465,18456,53033,22189,686,391418,574942,3490,2621952,539890,42464,83677,259782,139521,134540,388425,1,19,8600,19,19,1,1,19,44
1767,39,6553400,19461,56147,20066,843,447761,666080,2984,3317419,832256,55746,82392,315856,184023,129855,422511,1,25,11337,25,25,1,1,25,44
1768,40,7081595,17872,54303,19662,707,495785,717239,2870,3619319,932266,57420,80783,357780,201085,128161,396343,1,27,12233,27,27,1,1,27,46
1769,41,5399512,18194,50835,14133,652,377991,552334,2401,2910623,549549,43859,75481,218536,161089,121825,302010,1,21,9605,21,21,1,1,21,26
1770,42,4895910,18226,49315,16955,817,350218,506267,2398,2579880,424413,40416,74298,214743,137792,127226,352946,1,18,8204,18,18,1,1,18,31
1771,43,3967208,15892,44689,11060,682,277119,415029,2439,2072537,316895,31962,75455,156710,115318,123121,308300,1,15,6876,15,15,1,1,15,19
1772,44,6412632,17835,52116,25320,703,448466,697850,3260,3286375,647555,53843,85500,365692,177346,135143,415628,1,23,10321,23,23,1,1,23,62
1773,45,4724826,17017,44740,15205,627,318426,498292,2079,2431553,531842,40334,77930,202668,144459,112586,287068,1,18,8209,18,18,1,1,18,30
1774,46,5439286,18483,53555,27193,580,377877,606893,3945,2586852,644128,40675,84761,311762,140845,125468,416269,1,19,8521,19,19,1,1,19,60
1775,47,4893423,17832,50036,11350,712,340434,476996,2764,2572797,513089,41377,78574,182337,136246,124214,344665,1,18,8249,18,18,1,1,18,21
1776,0,10299776,19588,71436,32278,795,740220,1083956,4334,4983550,1305364,91459,84469,675427,290398,148500,768002,1,38,16880,38,38,1,1,38,87
1777,1,5702326,31264,68931,12983,721,383793,570136,3043,3013438,590930,50371,83410,213930,162154,144236,372986,1,22,10081,22,22,1,1,22,23
1778,2,4837386,21420,58222,12540,850,338979,538436,2814,2595177,316218,39218,71163,181776,134446,171411,354716,1,18,8258,18,18,1,1,18,19
1779,3,4555473,18445,53525,13071,1046,334511,468799,2839,2519077,252879,35285,72186,181905,126101,138228,337576,1,17,7796,17,17,1,1,17,19
1780,4,11914094,34108,108113,66132,995,920882,1741406,5305,5417105,1141281,89535,156734,844949,306789,255110,825650,1,26,11594,26,26,1,1,26,75
1781,5,11753198,40380,108308,54870,1172,855311,1632284,5444,5273802,1451301,88871,161292,747423,324447,232940,775353,1,23,10267,23,23,1,1,23,71
1782,6,5525905,19507,69301,29689,846,386533,619466,3677,2598927,690756,38410,78088,326178,139513,155546,369468,1,18,8059,18,18,1,1,18,63
1783,7,6635382,19008,99113,29034,715,448521,774419,3963,3215260,839767,51030,79647,364792,167339,142653,400121,1,22,9851,22,22,1,1,22,65
1784,8,7160714,19614,72660,29468,676,531741,816597,3937,3427116,903334,57821,77703,432352,190820,148122,448753,1,24,10704,24,24,1,1,24,73
1785,9,5631763,19846,68521,39295,818,406947,641169,3607,2619520,719854,53556,77420,321171,146516,141097,372426,1,19,8477,19,19,1,1,19,70
1786,10,7974783,18336,68043,31376,767,567917,831579,3824,3832585,1080786,62314,81320,483287,228506,142065,542078,1,29,12916,29,29,1,1,29,78
1787,11,7652551,18743,65689,34168,701,552013,848936,3654,3673629,922029,59503,79461,504063,202876,137031,550055,1,27,11993,27,27,1,1,27,82
1788,12,9986169,18731,80901,32344,777,709187,1145213,4143,4820643,1294100,80216,82166,641946,269681,149836,656285,1,36,15984,36,36,1,1,36,87
1789,13,7515272,21292,72705,34735,734,515898,848731,3983,3585779,959606,57978,78992,470633,196744,155779,511683,1,26,11572,26,26,1,1,26,78
1790,14,7832862,20421,77976,35171,851,537670,873806,3803,3680841,1083916,57068,113742,477776,200716,144272,524833,1,27,12025,27,27,1,1,27,77
1791,15,5503928,21862,68950,31470,740,376399,612158,3255,2527862,672703,46863,86851,312947,132881,142723,466264,1,18,8040,18,18,1,1,18,67
1792,16,7996219,19434,76108,31121,783,542421,892554,4665,3842010,1124529,60209,80008,481370,204837,157593,478577,1,28,12488,28,28,1,1,28,75
1793,17,7481104,20491,80440,38381,679,530917,780134,3556,3710440,947371,59384,73580,448588,207923,136533,442687,1,27,12067,27,27,1,1,27,71
1794,18,4906688,19063,57735,26801,684,336431,566555,3722,2322013,553319,35419,75491,265295,132895,141198,370067,1,16,7168,16,16,1,1,16,61
1795,19,6453999,19481,68563,30839,630,445132,725518,4276,3117246,804337,49881,80301,374380,168770,142227,422418,1,22,9842,22,22,1,1,22,67
1796,20,6811319,18722,78259,30572,859,478339,765777,3466,3290253,869295,51945,76456,399017,183034,150036,415289,1,23,10275,23,23,1,1,23,69
1797,21,5181577,20953,58349,31426,653,364553,586864,3572,2448399,605032,39068,96854,298834,127573,139885,359562,1,17,7569,17,17,1,1,17,72
1798,22,4630596,18095,49062,11038,643,310175,437822,2396,2439380,475962,36636,75023,168960,129148,144278,331978,1,17,7792,17,17,1,1,17,20
1799,23,5923532,18901,57022,13436,724,435285,641771,4272,3169002,542046,48159,74286,252233,160269,152142,353984,1,22,10037,22,22,1,1,22,31
1800,24,6039861,20526,70181,31929,667,416726,682738,4142,2930146,660729,45080,83902,366466,153743,146042,426844,1,21,9375,21,21,1,1,21,70
1801,25,6575640,20171,69781,34829,852,457728,756610,3968,3097081,784103,49539,79118,432314,171636,144374,473536,1,22,9772,22,22,1,1,22,79
1802,26,6909936,18812,72000,34539,710,511538,780630,3547,3301499,818348,50017,80711,434940,171328,141363,489954,1,24,10662,24,24,1,1,24,80
1803,27,6551823,19197,71217,30097,700,449768,719052,3852,3148686,872325,52098,74759,379391,169427,147138,414116,1,23,10278,23,23,1,1,23,69
1804,28,8025440,19358,74556,31953,704,598318,896183,3985,3936765,977405,59088,78053,478756,218948,142146,509222,1,29,12944,29,29,1,1,29,74
1805,29,6430268,18001,55456,15129,660,425125,616186,3333,3476049,760955,51904,80631,271821,176282,136143,342593,1,24,10938,24,24,1,1,24,34
1806,30,4677008,19368,64873,29171,758,327897,529607,3822,2245581,507179,33607,79549,258603,113223,141615,322155,1,15,6713,15,15,1,1,15,63
1807,31,4714847,19622,66791,28670,750,332715,548167,4386,2226022,525449,34475,79101,266841,136976,172584,272298,1,15,6726,15,15,1,1,15,59
1808,32,5054966,18979,61804,15107,690,359177,482816,3329,2634065,544188,42434,78349,223373,144345,144473,301837,1,18,8254,18,18,1,1,18,20
1809,33,5526062,20007,59991,31959,715,394181,636003,3623,2698086,522260,41973,88728,339758,153360,132807,402611,1,19,8479,19,19,1,1,19,70
1810,34,5387328,20987,52470,10338,800,383340,515396,3175,2855711,582036,43276,78058,203833,146799,158220,332889,1,20,9170,20,20,1,1,20,21
1811,35,6776815,19331,66612,19539,721,498452,766341,3356,3545442,633993,58912,84890,342724,199054,146102,391346,1,26,11798,26,26,1,1,26,43
1812,36,4591504,18092,67807,12432,786,314367,454957,2562,2427504,375165,37696,74481,189487,127656,140732,347780,1,17,7796,17,17,1,1,17,19
1813,37,3877147,18632,55091,11731,680,268830,378221,2853,2051724,256633,33818,71141,155506,112061,145381,314845,1,14,6422,14,14,1,1,14,17
1814,38,5261383,20227,67686,21541,662,361569,553519,3386,2655343,510295,40306,85764,262489,134733,142298,401565,1,18,8159,18,18,1,1,18,41
1815,39,6990811,19347,82720,23165,779,495383,767983,4042,3443467,893184,53360,81901,339062,182892,145096,458430,1,25,11325,25,25,1,1,25,46
1816,40,6230921,29470,53278,17806,673,432978,630200,3511,3153341,790238,51587,79517,298080,171861,143835,374546,1,23,10438,23,23,1,1,23,41
1817,41,5442280,19268,50636,13009,820,386892,556533,2736,2877628,597649,59543,72569,219298,160764,136191,288744,1,21,9611,21,21,1,1,21,25
1818,42,5213222,18959,64779,17913,675,350402,536347,3462,2783691,419159,40968,74802,237057,140796,157931,366281,1,19,8657,19,19,1,1,19,32
1819,43,3829568,16269,53536,11749,955,249821,397360,2906,1948207,308776,30312,73492,153287,123919,139464,319515,1,13,5962,13,13,1,1,13,17
1820,44,7181337,18864,72546,27066,786,517688,836006,3842,3564950,813237,57193,86887,412907,193701,150930,424734,1,26,11677,26,26,1,1,26,62
1821,45,5069923,17951,52049,15584,658,335640,504889,2561,2605139,616383,40985,80391,206473,141648,140581,308991,1,18,8209,18,18,1,1,18,30
1822,46,5720067,20026,58100,35642,761,394369,682293,3685,2722266,620604,45354,83300,324230,162232,135021,432184,1,20,8965,20,20,1,1,20,62
1823,47,4882640,17372,64058,13726,769,346904,490149,2958,2500327,497090,38828,81807,185274,144428,144002,354948,1,18,8249,18,18,1,1,18,21
1824,0,9304185,22091,84399,34123,688,703837,1071324,4485,4625425,1040547,79322,96819,562240,261868,156043,560974,1,35,15635,35,35,1,1,35,76
1825,1,5821420,19829,59985,10894,702,402678,581103,3049,3117331,564497,47903,73511,215468,178913,148845,396712,1,22,10082,22,22,1,1,22,23
1826,2,4194283,19792,66093,9636,855,297474,415172,2499,2280375,244315,33381,74869,159105,117524,149761,323432,1,16,7344,16,16,1,1,16,17
1827,3,5216570,19074,57608,11537,713,381322,544673,2395,2917652,316606,43663,75909,209240,153455,150206,332517,1,20,9165,20,20,1,1,20,22
1828,4,6573704,21466,69658,31551,932,496368,740876,3560,3224422,693042,56649,78149,404065,184657,151937,416372,1,24,10698,24,24,1,1,24,74
1829,5,7656903,19773,67979,33273,844,551298,868701,4062,3729883,942421,62322,82589,473926,209547,131760,478525,1,28,12467,28,28,1,1,28,78
1830,6,6499696,19202,74965,28896,835,447449,731327,4100,3094855,882145,49705,91785,358079,167064,150173,399116,1,23,10314,23,23,1,1,23,63
1831,7,6536437,21004,76322,30827,677,462560,734721,3881,3175655,818415,49659,77246,378970,186039,150828,369633,1,23,10297,23,23,1,1,23,66
1832,8,5942781,19286,70578,30191,657,412973,694198,3854,2872353,719565,43407,76934,352478,152232,143328,350747,1,20,8915,20,20,1,1,20,72
1833,9,5665090,18624,67279,32023,718,382539,649334,3465,2636572,760145,42173,76015,315475,141234,135108,404386,1,19,8461,19,19,1,1,19,73
1834,10,9124552,21685,90740,34228,670,647652,1064977,4143,4351580,1175555,72139,78830,591947,255049,155084,580273,1,33,14649,33,33,1,1,33,86
1835,11,7582742,20985,75534,37193,758,529559,893177,3687,3566427,913178,55366,81495,487669,193298,141912,582504,1,26,11527,26,26,1,1,26,84
1836,12,7912309,20862,84050,32052,749,547971,940424,3916,3827742,948072,64370,78848,492808,212906,147556,509983,1,28,12467,28,28,1,1,28,78
1837,13,7919714,21430,97744,34268,684,575737,957235,4127,3731204,953778,62119,78347,499817,213477,145262,544485,1,28,12446,28,28,1,1,28,81
1838,14,7468540,20463,73266,33670,695,532628,896962,3845,3525141,947624,62350,83596,468840,203297,147186,468977,1,26,11570,26,26,1,1,26,79
1839,15,8009130,19245,71089,31175,632,539090,822691,3167,3887590,1162905,58310,77166,472493,212808,134195,516574,1,29,12914,29,29,1,1,29,78
1840,16,7414484,17612,63249,29628,827,526819,786239,15690,3696831,920953,58334,77058,439824,200368,133898,447154,1,27,12055,27,27,1,1,27,72
1841,17,7660326,18703,75501,31832,784,534103,896769,3916,3715519,955755,59202,77457,480158,209038,142585,459004,1,28,12488,28,28,1,1,28,75
1842,18,5918798,26523,70026,31181,616,406291,686574,4056,2823141,689554,47486,76108,351352,157994,142577,405319,1,20,8930,20,20,1,1,20,69
1843,19,6463137,19091,64371,29901,757,451931,740614,4139,3146934,786057,49860,78651,365836,165116,146252,413627,1,22,9837,22,22,1,1,22,68
1844,20,6035067,18049,58634,29890,681,413268,664969,4918,2865395,767857,46995,79014,375400,157049,134346,418602,1,21,9355,21,21,1,1,21,73
1845,21,5961800,18866,67401,30629,692,414562,669598,3759,2823411,739691,43462,79209,342659,150417,135767,441677,1,20,8910,20,20,1,1,20,73
1846,22,4902688,18585,70559,11570,745,322249,489510,2935,2545322,502164,41034,81777,191718,135937,138724,349859,1,18,8248,18,18,1,1,18,21
1847,23,7427660,18672,69593,16687,644,541258,848646,3813,3998979,680065,59018,76566,333804,237982,138079,403854,1,29,13214,29,29,1,1,29,37
1848,24,9088679,19775,79467,33870,827,620033,1067891,4662,4440522,1059560,74332,80354,588011,253448,146214,619713,1,34,15115,34,34,1,1,34,84
1849,25,7331296,20359,70993,36287,877,481226,847615,4101,3441709,911318,55870,80865,475950,193259,148294,562573,1,25,11086,25,25,1,1,25,84
1850,26,6941819,19559,69952,32858,864,478346,787968,3575,3302798,843841,55293,79626,449236,190457,143429,484017,1,25,11127,25,25,1,1,25,77
1851,27,8078641,18263,64754,30202,756,578761,884022,3860,3973848,1027421,63976,77299,510917,248782,131771,464009,1,30,13380,30,30,1,1,30,76
1852,28,8744234,20921,77293,31951,784,607316,1015724,3892,4252004,1117868,62441,78841,536796,241427,149081,547895,1,31,13829,31,31,1,1,31,76
1853,29,6024920,18554,64785,14671,706,427728,614093,3755,3100995,746851,47188,76882,253680,163744,139901,351387,1,22,10031,22,22,1,1,22,32
1854,30,5157437,20019,61683,39045,677,359821,596692,3487,2444669,603051,38148,77764,300049,129835,141240,341257,1,17,7596,17,17,1,1,17,67
1855,31,6276176,17913,65479,29939,836,446713,684602,3672,3084742,750641,50889,75642,360977,172032,137464,394635,1,22,9846,22,22,1,1,22,66
1856,32,4640961,19283,48189,11463,788,310488,438231,2846,2471627,481780,45931,78627,177243,124178,129597,300690,1,17,7793,17,17,1,1,17,20
1857,33,10271032,21843,75714,33174,1126,844479,1348015,3705,5024876,1105126,79567,80207,681240,290435,141723,539802,1,28,12467,28,28,1,1,28,78
1858,34,5404540,18945,63341,12362,758,384023,534950,3990,2870702,524056,43316,78375,204448,146469,159969,358836,1,20,9170,20,20,1,1,20,21
1859,35,7723790,19897,72421,20613,724,547664,899247,3810,4052030,787525,62258,86590,372976,229391,141349,427295,1,30,13615,30,30,1,1,30,45
1860,36,3902804,17341,52626,9979,604,262188,371644,2852,2055453,323768,32467,71804,142396,105231,141707,312744,1,14,6426,14,14,1,1,14,16
1861,37,4630735,18779,61195,12702,642,340845,466916,3265,2450643,326592,39040,77308,195269,130540,140057,366942,1,17,7787,17,17,1,1,17,21
1862,38,6402070,17264,61533,18239,740,464514,661382,3458,3327649,677115,53185,84949,319843,182950,127308,401941,1,24,10884,24,24,1,1,24,43
1863,39,7850283,18941,66412,21364,656,549918,894427,3661,3986732,972818,58437,82615,412814,234856,132295,414337,1,29,13121,29,29,1,1,29,50
1864,40,7799109,19680,72107,20276,787,536863,903660,5159,3953032,964743,60445,83849,384028,229138,144262,421080,1,30,13589,30,30,1,1,30,48
1865,41,4843527,19029,58969,14100,832,334259,479259,2484,2514410,476511,39816,74202,212480,136562,147311,333303,1,18,8238,18,18,1,1,18,23
1866,42,4076140,18815,52442,16252,592,277996,414621,3324,2036270,354023,29365,76475,172750,106115,147623,369477,1,14,6385,14,14,1,1,14,28
1867,43,3035827,17571,47253,12066,1038,203778,294601,2554,1497183,229206,23884,73658,108703,76541,150510,297281,1,10,4591,10,10,1,1,10,14
1868,44,6560201,20747,59624,26880,858,450532,691685,3169,3306497,727122,53235,88179,372209,185946,131505,442013,1,24,10770,24,24,1,1,24,62
1869,45,5324348,19439,64162,16548,805,378121,550976,2510,2699416,617772,58485,81498,230021,148992,136784,318819,1,19,8659,19,19,1,1,19,32
1870,46,4612143,19167,64739,29587,733,334296,517487,3736,2137650,480589,33491,89294,249641,114824,137154,399755,1,15,6734,15,15,1,1,15,56
1871,47,4279793,18270,60513,13298,658,290217,408004,3174,2185946,443506,34879,81904,160071,111812,142959,324582,1,15,6880,15,15,1,1,15,18
1872,0,9264154,20380,78097,34563,688,666986,1092623,4585,4432514,1039752,77951,88447,613666,260529,153885,699488,1,34,15085,34,34,1,1,34,87
1873,1,5674719,18250,69789,10982,768,383496,573101,3582,2974319,585340,45731,76835,211256,157361,147723,416186,1,21,9626,21,21,1,1,21,22
1874,2,4717366,16816,53434,10641,678,329694,492848,2902,2634913,272016,40138,72870,185699,137158,135555,332004,1,19,8714,19,19,1,1,19,20
1875,3,4346137,19864,48649,12474,686,305178,433203,2611,2374018,234375,39964,109318,166387,129271,132064,338075,1,17,7796,17,17,1,1,17,19
1876,4,7415482,20801,74760,31609,822,527237,893020,3761,3673407,746740,61693,82193,453141,212993,152207,481098,1,27,12041,27,27,1,1,27,75
1877,5,8746623,20092,74610,35046,672,598165,1014782,4093,4180236,1161436,73894,82152,558707,242324,151911,548503,1,31,13783,31,31,1,1,31,82
1878,6,5489472,18939,75568,29918,669,383239,654747,3890,2564699,689901,37514,78589,297194,139237,150888,364480,1,18,8065,18,18,1,1,18,62
1879,7,6249758,20116,68282,26759,762,429205,660703,3745,3088816,820875,47150,74580,347495,161804,137567,361899,1,22,9856,22,22,1,1,22,64
1880,8,7771428,18099,63113,32984,856,555776,867501,3781,3691493,1030004,61962,77788,508264,220598,139158,500051,1,28,12439,28,28,1,1,28,82
1881,9,5664661,20440,69409,33949,748,391657,651211,3754,2646785,665208,40303,79038,348107,137933,152906,423213,1,19,8451,19,19,1,1,19,75
1882,10,7851556,20220,83897,34199,957,558365,922762,3925,3735896,972398,62954,80095,496777,210346,148603,520162,1,28,12446,28,28,1,1,28,81
1883,11,9649203,18763,82901,36726,756,654592,1104289,4891,4665970,1204657,73760,84394,641299,252625,143923,679657,1,34,15056,34,34,1,1,34,90
1884,12,9732438,20629,79653,33090,671,683054,1128358,3796,4673721,1250698,81581,84698,615160,274599,156219,646511,1,36,16011,36,36,1,1,36,84
1885,13,9382118,143713,74957,35133,645,654603,988247,4188,4485996,1185673,72704,82268,609850,253307,136685,654149,1,34,15085,34,34,1,1,34,87
1886,14,8413897,19611,65031,30716,1016,569169,877069,4088,4072243,1213916,63047,91574,503428,245529,133843,523617,1,31,13823,31,31,1,1,31,77
1887,15,6811323,18442,73969,31552,666,463052,786855,3458,3226473,916541,49566,79054,393950,181427,144036,442282,1,24,10728,24,24,1,1,24,69
1888,16,8210023,19971,81945,30753,681,580040,951019,3589,4038361,997677,67879,80407,489238,242802,147036,478625,1,29,12958,29,29,1,1,29,72
1889,17,7667270,20659,88907,37224,695,523763,862163,4932,3720291,1007394,59890,78047,456697,201220,140020,465368,1,27,12053,27,27,1,1,27,73
1890,18,5980297,18289,66803,31829,754,416889,679062,3660,2894074,717369,46236,77299,347277,161508,142327,376921,1,21,9376,21,21,1,1,21,69
1891,19,5035855,29036,58683,29686,691,346133,557034,3848,2405780,626674,35603,88216,284464,122816,125032,322159,1,17,7606,17,17,1,1,17,64
1892,20,7457994,19641,74589,41690,997,538346,867261,3558,3514279,929016,58640,102817,450541,214888,142249,499482,1,26,11574,26,26,1,1,26,77
1893,21,6244229,19514,72952,41046,724,441300,731819,3908,2943626,733948,48330,75673,368818,164224,143812,454535,1,21,9349,21,21,1,1,21,75
1894,22,5364629,18138,62640,13733,626,363396,543153,2815,2864089,520423,43329,74053,201762,150154,140304,366014,1,20,9160,20,20,1,1,20,23
1895,23,7015535,39292,68536,16515,718,501111,757707,4214,3733952,657622,59556,73625,303777,205080,213390,380440,1,27,12303,27,27,1,1,27,36
1896,24,8802227,19024,77671,33801,640,605676,1014457,4294,4357823,977768,75095,82315,560336,255712,142892,594723,1,33,14691,33,33,1,1,33,81
1897,25,6754184,18338,63898,36495,856,456277,739295,3451,3175525,920648,53621,77513,422348,186549,139923,459447,1,23,10212,23,23,1,1,23,80
1898,26,7153376,18287,74222,34758,739,501962,823330,3686,3385196,841871,53344,78021,471104,202750,141779,522327,1,25,11121,25,25,1,1,25,78
1899,27,7241151,19556,70945,31871,784,486518,834662,4362,3466431,929137,53380,76108,438315,187246,143256,498580,1,25,11126,25,25,1,1,25,77
1900,28,7435368,20034,74418,31798,750,502918,858246,3778,3571261,967730,59426,88208,446681,205775,146069,458276,1,26,11613,26,26,1,1,26,71
1901,29,6433177,18542,65592,17582,662,432499,680870,3934,3297213,833567,53610,77552,278046,177556,140242,355710,1,24,10944,24,24,1,1,24,33
1902,30,4540102,20189,58761,27673,848,334168,523244,3640,2164595,485631,32245,91187,251548,112517,132223,301633,1,15,6721,15,15,1,1,15,61
1903,31,5203570,17462,59859,30267,693,363065,578219,3825,2505983,630410,38619,76890,321124,140296,128498,308360,1,18,8058,18,18,1,1,18,64
1904,32,4684436,17917,52025,12913,612,328326,460287,2805,2454980,470145,37946,79117,176817,128848,143900,317798,1,17,7793,17,17,1,1,17,20
1905,33,6095735,19543,68291,30998,730,458262,716871,3582,2989528,578711,45858,81414,363715,157987,139310,440935,1,21,9369,21,21,1,1,21,71
1906,34,5626199,19160,65988,13686,763,388490,565730,3523,3007481,567694,47224,77134,220196,162064,138175,348891,1,21,9620,21,21,1,1,21,23
1907,35,8876154,21025,77619,21160,730,660541,985170,3569,4777007,886720,73586,94811,438188,255505,142481,438042,1,35,15872,35,35,1,1,35,49
1908,36,4465001,18026,50206,12237,681,299464,442749,2248,2411323,387697,36928,76059,166546,126325,122177,312335,1,17,7796,17,17,1,1,17,19
1909,37,4305753,19182,60025,12580,740,317478,432713,11027,2331170,289277,35417,78217,169329,132947,125643,290008,1,16,7336,16,16,1,1,16,19
1910,38,5273182,20595,62418,21079,816,367828,574879,3705,2717073,484338,40828,94149,255215,139011,141272,349976,1,19,8614,19,19,1,1,19,41
1911,39,8277330,21924,77111,40173,674,565702,927556,3743,4194430,1073410,61257,97070,420180,229758,146102,418240,1,31,14014,31,31,1,1,31,52
1912,40,5973162,19283,66268,19261,636,419972,637941,3491,3041199,673616,44573,81437,274757,177019,139021,374688,1,22,10000,22,22,1,1,22,38
1913,41,5502274,19464,64414,14304,636,393572,569655,2834,2917799,530254,46617,76573,219583,164427,134611,347531,1,21,9605,21,21,1,1,21,26
1914,42,3601311,17479,57218,17602,676,255309,369314,2916,1818135,272172,26225,75317,147019,89422,134147,318360,1,12,5481,12,12,1,1,12,24
1915,43,3153363,17931,44611,10312,712,218338,307782,2249,1626117,243336,24346,71831,112091,85114,123449,265144,1,11,5051,11,11,1,1,11,14
1916,44,5905418,21234,75283,27110,810,422418,676395,3872,2883912,617337,46573,85063,356023,156615,136870,395903,1,21,9414,21,21,1,1,21,63
1917,45,5109211,19371,64008,18386,620,376974,533032,2993,2603281,553884,40350,82842,225730,132630,137575,317535,1,18,8208,18,18,1,1,18,30
1918,46,5094946,17975,68581,29683,797,367162,582170,4503,2434169,559511,38168,83249,276362,127518,134296,370802,1,17,7627,17,17,1,1,17,59
1919,47,5230556,18141,58687,11586,662,360249,507294,3062,2785118,546438,44536,79434,211051,148197,126946,329155,1,20,9160,20,20,1,1,20,23
1920,0,11588464,20200,84423,33915,767,848791,1286836,4128,5657812,1433403,100084,86763,784129,325994,149875,771344,1,44,19514,44,44,1,1,44,93
1921,1,6938186,18605,63438,13042,664,476400,716799,3184,3716211,719579,61509,78461,259345,213320,166862,430767,1,26,11902,26,26,1,1,26,27
1922,2,4850338,19742,60477,12352,660,344753,507360,2661,2639241,289815,40478,74794,189762,140317,179508,348418,1,19,8714,19,19,1,1,19,20
1923,3,4292644,19439,60049,13738,612,335803,449231,2565,2278444,231380,35357,74366,167488,118862,148670,356640,1,16,7340,16,16,1,1,16,18
1924,4,7184033,19082,74073,32113,932,519505,876103,4517,3554329,683653,55912,83292,457186,195723,152103,475510,1,26,11598,26,26,1,1,26,74
1925,5,8286697,19525,77089,32730,949,572319,966401,3785,4017314,1072367,59453,78759,505113,227679,147583,505631,1,29,12930,29,29,1,1,29,76
1926,6,4779886,19359,61150,24603,705,337894,556918,3489,2250406,594656,34427,75469,246018,121548,137970,315274,1,16,7180,16,16,1,1,16,58
1927,7,4504717,17997,56361,28124,690,319932,505455,3542,2161627,536934,32126,77683,239822,112792,131025,280607,1,15,6729,15,15,1,1,15,59
1928,8,7893301,34865,98187,58347,626,563633,940727,4567,3488494,868075,55406,135841,453959,194737,266714,729123,1,24,10716,24,24,1,1,24,71
1929,9,5786089,19711,71728,33624,620,391128,675418,5251,2679418,701890,42667,79091,354106,144617,143233,443587,1,19,8452,19,19,1,1,19,75
1930,10,8321518,18570,72136,31853,872,585256,894643,4100,3966404,1115517,69951,81162,523683,231153,139373,586845,1,30,13343,30,30,1,1,30,81
1931,11,8987441,18352,69382,32865,703,625632,1006078,4329,4242466,1231512,65893,79055,597329,255398,149332,609115,1,32,14216,32,32,1,1,32,84
1932,12,8593455,20489,78826,33215,712,580124,997560,17126,4184557,1055365,61339,81790,528992,231383,146163,575814,1,31,13798,31,31,1,1,31,80
1933,13,7411660,19103,72077,31974,720,509947,870689,4346,3541967,908131,53732,78670,457394,199327,144783,518800,1,26,11589,26,26,1,1,26,75
1934,14,6266141,18564,62545,31357,869,420487,679832,4092,3024767,812838,48366,80111,365281,163115,133630,420287,1,22,9824,22,22,1,1,22,71
1935,15,7429111,27519,69414,30520,719,508609,789232,3439,3579734,1024647,66272,77545,425830,199953,137326,488352,1,27,12053,27,27,1,1,27,73
1936,16,8769488,18435,76543,29289,670,595920,928688,3953,4328396,1201466,63398,77415,533061,252908,135472,523874,1,32,14288,32,32,1,1,32,75
1937,17,7533874,19564,52541,30049,606,514123,821963,2620,3662125,1003581,58533,79006,458310,221050,116851,492952,1,28,12467,28,28,1,1,28,78
1938,18,4579495,18212,59489,26708,690,327647,507028,3875,2158544,587210,35870,76827,237404,117604,131851,290536,1,15,6732,15,15,1,1,15,58
1939,19,4787211,18334,58364,26771,712,334658,527940,3619,2272618,593539,38838,76141,265896,124538,127555,317688,1,16,7176,16,16,1,1,16,59
1940,20,7110029,18766,61361,29479,620,500063,758067,3730,3459542,902042,54947,77621,430573,193928,139316,479974,1,26,11601,26,26,1,1,26,73
1941,21,5838445,20523,60114,52563,744,408314,656880,3270,2767991,705892,43750,78441,353269,151980,126428,408286,1,20,8910,20,20,1,1,20,73
1942,22,4491261,17470,51400,11460,693,300421,420965,2489,2378068,444372,36696,72894,161446,122105,149086,321696,1,16,7336,16,16,1,1,16,19
1943,23,6356640,18136,54884,15127,696,451850,627491,3389,3490060,634472,52230,75775,279827,183481,127063,342159,1,25,11404,25,25,1,1,25,33
1944,24,7255549,19025,60307,29882,763,506228,798461,3875,3591878,825732,66434,80353,452220,205883,135492,479016,1,27,12056,27,27,1,1,27,73
1945,25,7146127,18278,60441,34071,706,516094,781081,2946,3397809,890287,53909,80202,457729,205921,127054,519599,1,25,11110,25,25,1,1,25,80
1946,26,6956527,19066,66732,33315,660,471103,811252,3535,3293327,878718,54678,79275,427941,185078,137417,494430,1,24,10680,24,24,1,1,24,77
1947,27,6343776,19616,62854,29042,648,446479,682202,4001,3107525,768593,49393,76467,387511,170645,125440,413360,1,23,10273,23,23,1,1,23,70
1948,28,7873443,17668,54003,28242,657,546203,833412,3308,3867263,1069262,63168,75786,459969,238884,134326,481292,1,29,12950,29,29,1,1,29,73
1949,29,7844434,16534,49759,15117,569,538094,796468,2763,4185181,1005020,65189,79938,358306,247569,115721,368206,1,32,14560,32,32,1,1,32,41
1950,30,4035455,19661,54232,27177,779,278229,470318,3564,1924731,425631,27506,79393,216537,106411,125861,275425,1,13,5831,13,13,1,1,13,58
1951,31,4976023,17574,55169,28672,904,358093,557278,3766,2373196,586207,37182,75504,270610,123666,121646,366556,1,17,7615,17,17,1,1,17,62
1952,32,4706733,16841,46464,12987,743,327366,462090,2335,2522332,461866,37124,78352,180709,129940,120367,307217,1,18,8250,18,18,1,1,18,21
1953,33,7850709,17836,54168,38242,577,544394,871363,2797,3945237,868065,59201,78540,501928,230699,115369,522293,1,30,13375,30,30,1,1,30,77
1954,34,4467017,15924,41212,11006,563,299371,440900,2317,2330139,485465,55446,72898,159245,128097,123281,301153,1,17,7797,17,17,1,1,17,19
1955,35,7408952,18674,50752,17517,579,537852,781190,2672,3938502,800596,61272,81196,361432,232237,114448,410033,1,30,13614,30,30,1,1,30,45
1956,36,3351735,17176,39878,9650,751,227062,331897,2169,1711477,274774,25886,73853,120238,89304,117578,310042,1,12,5508,12,12,1,1,12,15
1957,37,4815441,17074,43748,11420,642,339722,478718,2288,2639450,392257,40380,73635,198185,138610,115189,324123,1,19,8699,19,19,1,1,19,23
1958,38,5478905,17436,49034,17451,989,383038,586958,3143,2845758,529181,47669,79966,262063,171658,118239,366322,1,21,9531,21,21,1,1,21,40
1959,39,6884630,17833,51767,22262,691,482441,695158,2960,3561799,790678,58652,84574,345497,194611,124387,451320,1,26,11759,26,26,1,1,26,49
1960,40,6248947,17144,47982,17480,722,439047,654850,3171,3198469,750219,55201,78400,297085,192735,121680,374762,1,24,10890,24,24,1,1,24,42
1961,41,5352405,18823,44385,13518,488,389369,537740,2142,2858019,560426,46109,82433,212499,156090,114815,315549,1,21,9605,21,21,1,1,21,26
1962,42,4008608,16848,41045,16241,551,284400,443733,2588,2052092,324860,33542,73745,170278,116746,107435,324504,1,15,6842,15,15,1,1,15,28
1963,43,3584205,15972,38518,9833,572,240930,366881,1969,1892737,294469,30413,70285,128690,104165,104508,284263,1,14,6424,14,14,1,1,14,17
1964,44,5401508,18776,48842,26577,513,398470,623936,2497,2645624,556114,45164,93595,315121,146201,112316,367762,1,20,8965,20,20,1,1,20,62
1965,45,3159192,17102,39477,14211,669,204713,349121,2328,1501619,372637,23992,74860,120764,82250,106758,248691,1,11,5025,11,11,1,1,11,24
1966,46,5724424,20239,60015,35710,533,390540,648658,2686,2739139,691301,46247,80812,313309,155429,104370,435436,1,21,9422,21,21,1,1,21,61
1967,47,5374711,17419,43956,10981,674,356042,538430,2004,2774514,565328,50314,77566,340750,159570,106513,330650,1,21,9616,21,21,1,1,21,24
1968,0,9847675,20098,59395,29962,671,683426,1022947,3189,4974138,1168360,92084,82088,637458,279554,130644,663661,1,37,16466,37,37,1,1,37,83
1969,1,5496970,17409,42181,9660,699,359802,533585,2397,2955728,549907,47050,74296,206000,171357,133914,392985,1,22,10082,22,22,1,1,22,23
1970,2,4877530,17228,42854,10049,629,354630,504113,2203,2705926,305043,45808,73071,197980,146877,118219,352900,1,20,9170,20,20,1,1,20,21
1971,3,4318206,17614,52479,10122,632,306740,454750,1949,2383898,259821,38083,82616,161574,127533,111700,308695,1,18,8257,18,18,1,1,18,19
1972,4,6150454,18282,50644,28159,523,447432,705164,2755,3089041,627919,52325,76143,378014,180180,111705,382168,1,24,10722,24,24,1,1,24,70
1973,5,5716049,18949,50308,29330,487,396182,662823,2631,2708393,775535,47152,75748,342209,158204,109075,339023,1,21,9369,21,21,1,1,21,71
1974,6,4806454,17777,47300,24680,536,333599,540914,2394,2267708,600137,35871,78685,260148,157409,109661,329635,1,17,7629,17,17,1,1,17,59
1975,7,5747011,17261,50211,27645,516,397378,634668,2570,2739415,783736,45210,76443,334051,154752,108433,374722,1,21,9400,21,21,1,1,21,65
1976,8,6783016,17376,52072,28014,522,473536,735794,2666,3326917,896543,54161,77771,383913,203598,111172,418961,1,25,11169,25,25,1,1,25,70
1977,9,4323538,17316,49468,28155,610,301103,524193,2750,2031430,521994,32714,76099,245351,113479,113782,265094,1,15,6694,15,15,1,1,15,67
1978,10,7570031,17564,51826,31092,562,509492,804578,3006,3635957,1067305,71434,75304,486616,210123,110637,494535,1,28,12446,28,28,1,1,28,81
1979,11,7283839,17504,52930,32777,686,506235,804976,3454,3483154,952531,58618,78201,480038,200748,120834,491153,1,27,12005,27,27,1,1,27,80
1980,12,7859491,18701,53613,29061,642,539717,860871,2676,3824546,1056886,60717,79992,483716,230803,124497,493053,1,29,12913,29,29,1,1,29,78
1981,13,7613989,31558,73642,51758,576,513962,806639,3707,3389459,912784,58173,147398,450879,210816,231434,731204,1,25,11135,25,25,1,1,25,76
1982,14,6809561,18865,50724,26566,617,463172,715921,2866,3331966,899914,53743,78449,390590,188680,114274,473214,1,25,11178,25,25,1,1,25,69
1983,15,6450978,17199,51495,24993,590,449925,720666,2729,3088558,866506,60533,75654,382949,181782,112578,414821,1,24,10728,24,24,1,1,24,69
1984,16,7999434,18706,63873,26834,616,602473,855465,3078,3885947,1096704,62588,77077,471695,238583,125204,470591,1,30,13408,30,30,1,1,30,72
1985,17,7681373,18959,54550,27673,695,544109,818518,2909,3754870,1006091,57894,77928,462929,251375,114083,488790,1,29,12947,29,29,1,1,29,74
1986,18,5164320,17266,49049,24083,703,361145,583175,2559,2495844,658375,40175,74509,273446,138847,118685,326459,1,18,8077,18,18,1,1,18,59
1987,19,4625615,31718,52770,39046,566,329440,528260,2526,2164182,581132,33537,74248,256225,117394,124922,289649,1,16,7160,16,16,1,1,16,63
1988,20,5421284,16686,49279,27831,598,375347,591868,2691,2598351,731576,52325,72754,300009,149751,112870,339348,1,19,8492,19,19,1,1,19,66
1989,21,5859845,17208,50375,27187,700,404014,676252,2540,2805051,724130,54538,76572,361991,166634,110958,381695,1,21,9366,21,21,1,1,21,71
1990,22,3685290,15494,40919,9640,519,243030,369268,1946,1876978,383531,31334,72932,129344,109673,108505,292177,1,14,6422,14,14,1,1,14,17
1991,23,7350248,17953,57774,13756,534,534222,771533,2031,4038465,778841,60098,81819,323220,229949,104090,335963,1,31,14126,31,31,1,1,31,38
1992,24,5724166,17350,52036,28796,608,394258,666306,2571,2789971,606623,42688,77616,348716,173006,119359,404262,1,21,9359,21,21,1,1,21,73
1993,25,6784778,17825,60951,29482,562,469459,761459,2838,3228591,866637,55183,75802,452790,193206,108658,461335,1,25,11133,25,25,1,1,25,76
1994,26,5281397,20538,59630,45106,738,374757,631208,2529,2409044,633956,40826,85975,328425,137418,107992,403255,1,19,8441,19,19,1,1,19,78
1995,27,5811176,18005,50340,26159,691,401826,646729,3386,2787903,742811,47596,82258,343606,162372,112200,385294,1,21,9378,21,21,1,1,21,69
1996,28,7200606,18786,54400,28507,678,494321,772724,3081,3592238,891780,59511,77503,437534,202755,111913,454875,1,27,12066,27,27,1,1,27,71
1997,29,5506352,15797,43953,13615,535,374622,549455,2439,2917006,660004,47542,75899,240536,163636,112075,289238,1,21,9579,21,21,1,1,21,31
1998,30,4759962,17461,50262,25773,627,347629,544723,2805,2295916,520653,36735,75087,262605,134922,115642,329122,1,17,7621,17,17,1,1,17,61
1999,31,5943163,16777,51486,26742,592,426455,655651,2780,2921145,751091,47211,75381,332360,162027,107418,366047,1,22,9852,22,22,1,1,22,65
2000,32,3100458,16818,36719,9830,610,206838,302911,2075,1558147,309661,24784,73752,105650,81037,111907,259719,1,11,5051,11,11,1,1,11,14
2001,33,5302256,17624,57269,27887,718,365394,611467,2739,2556200,595082,45427,76191,305371,148263,109383,383241,1,19,8494,19,19,1,1,19,67
2002,34,4615213,16634,42166,9701,656,312565,461963,2557,2427381,478741,46291,78007,166949,138690,110046,322866,1,18,8258,18,18,1,1,18,19
2003,35,5074326,24792,48921,16937,585,344914,553923,2549,2608292,456512,42786,93117,228472,148485,126107,377934,1,19,8634,19,19,1,1,19,38
2004,36,3349614,17374,39013,9423,577,228129,335231,2169,1692148,294253,26898,72294,115378,91922,122224,302581,1,12,5505,12,12,1,1,12,16
2005,37,3843305,17363,39342,11379,528,265607,410377,2004,2024970,300614,31911,74336,147227,115158,111869,290620,1,15,6872,15,15,1,1,15,20
2006,38,5189816,18385,45776,18968,642,361060,582520,2534,2586620,533088,42493,80920,257744,159792,109319,389955,1,20,9060,20,20,1,1,20,43
2007,39,6830147,17738,50807,20609,541,470286,717271,2569,3543790,852271,57393,83227,348848,196858,104113,363826,1,27,12198,27,27,1,1,27,51
2008,40,7562400,17756,48499,18874,596,528868,807975,2065,3920200,943143,66955,81068,379979,245117,107060,394245,1,30,13588,30,30,1,1,30,48
2009,41,5984905,17883,45103,12316,520,422167,608223,2105,3260614,608128,52514,76366,268182,182642,105874,322268,1,25,11422,25,25,1,1,25,30
2010,42,5498454,16663,45316,16298,580,388213,598437,2338,2893339,482430,61956,81036,250522,174211,105009,382106,1,22,10010,22,22,1,1,22,36
2011,43,3151897,16619,36253,9122,570,220184,320368,1766,1642322,237893,25735,68284,110401,87192,104362,270826,1,12,5508,12,12,1,1,12,15
2012,44,5752525,19113,49794,33151,609,408228,659218,2207,2840933,624765,48431,86291,335657,167857,106958,369313,1,22,9859,22,22,1,1,22,64
2013,45,5048986,17339,44370,15276,561,343535,541082,2097,2585822,588353,42819,79174,224841,144667,103986,315064,1,20,9110,20,20,1,1,20,33
2014,46,4476300,17581,46098,26217,561,313857,527343,2322,2132842,475316,35340,80909,240705,120789,107378,349042,1,16,7184,16,16,1,1,16,57
2015,47,4859235,15749,43533,9532,572,325468,498159,1461,2579389,509945,43070,76618,181684,143394,107404,323257,1,20,9165,20,20,1,1,20,22
2016,0,10418951,18510,57052,30775,458,734243,1122248,2665,5240304,1238927,91291,79949,707236,302505,118622,674166,1,41,18173,41,41,1,1,41,92
2017,1,5316012,17305,43060,9775,633,357780,522024,2114,2840108,551517,44945,73424,196660,154928,124827,376912,1,22,10082,22,22,1,1,22,23
2018,2,5302864,24983,43983,8452,631,397849,547537,2046,2986992,326347,47063,71003,215663,164005,118871,347439,1,23,10543,23,23,1,1,23,23
2019,3,3847979,17745,53101,10726,753,274158,386283,2186,2076104,239505,31842,70342,144191,111152,119166,310725,1,15,6884,15,15,1,1,15,17
2020,4,6372612,18278,53136,28629,683,474702,725904,3329,3280167,595874,58311,76150,396662,184576,129811,346400,1,22,9811,22,22,1,1,22,73
2021,5,6273069,17897,50434,29960,781,438948,698827,2881,3061295,808668,48839,78321,378578,174781,112537,370322,1,23,10266,23,23,1,1,23,71
2022,6,4931827,17940,49703,27174,542,333523,563150,2658,2336222,614300,39402,74479,285623,130499,126062,330550,1,17,7609,17,17,1,1,17,64
2023,7,5770002,16949,51293,27588,820,418301,648549,3056,2778960,743238,46104,76880,338574,153675,117510,348505,1,21,9389,21,21,1,1,21,67
2024,8,8913007,17446,56710,28657,722,612985,955211,3239,4469696,1183847,74033,75884,565260,244020,118225,507072,1,34,15136,34,34,1,1,34,81
2025,9,5771262,17924,51777,31177,762,397406,648024,2853,2777313,728832,43046,76516,335232,150868,116021,393511,1,21,9355,21,21,1,1,21,74
2026,10,10081537,19999,55833,30838,621,680551,1072234,2717,4978494,1356349,81874,84878,665154,285243,118367,648385,1,39,17310,39,39,1,1,39,89
2027,11,9323437,18480,54317,31302,628,648479,998169,2693,4579966,1197369,76251,77730,630058,259964,109064,638967,1,36,15975,36,36,1,1,36,88
2028,12,8440111,17637,52922,30590,617,577750,938996,2657,4079788,1092503,68750,82330,542117,247813,106544,599097,1,33,14661,33,33,1,1,33,84
2029,13,8703428,17974,54274,32791,661,592737,921407,3151,4216543,1172046,72659,78934,577210,249363,111950,601728,1,33,14648,33,33,1,1,33,86
2030,14,7162484,18372,52393,28302,654,484336,752483,2755,3482678,1016500,57588,76682,405851,194357,115992,473541,1,27,12069,27,27,1,1,27,71
2031,15,6707490,17371,51975,29274,625,465480,708701,2663,3294077,885504,54628,76948,397340,183504,117872,421528,1,24,10710,24,24,1,1,24,72
2032,16,7005062,17996,51703,29103,741,489918,763405,2922,3379146,960587,56004,77216,428002,203246,118290,426783,1,26,11592,26,26,1,1,26,74
2033,17,7254990,17910,55161,27387,657,499008,776280,5237,3581828,952664,64353,77269,431687,212279,131675,421595,1,27,12054,27,27,1,1,27,73
2034,18,5597715,16903,53858,29869,637,386531,615335,3592,2658933,734079,44840,77038,328310,150491,124851,372448,1,20,8940,20,20,1,1,20,67
2035,19,5419727,18974,49898,28867,698,402366,616155,3578,2586238,681584,42378,86293,304549,145902,117094,335153,1,19,8504,19,19,1,1,19,65
2036,20,6489423,17290,58188,29385,686,481982,753167,3008,3117062,822913,50730,75710,384974,169710,135236,389382,1,23,10262,23,23,1,1,23,71
2037,21,6446176,18129,52561,29735,558,442911,691151,2886,3118459,803642,50435,76234,388055,179022,129270,463128,1,23,10247,23,23,1,1,23,74
2038,22,4264465,17332,43078,11987,623,274182,418526,2596,2233572,412149,35030,75719,152728,128619,118984,339340,1,16,7336,16,16,1,1,16,19
2039,23,6674926,17633,49749,13966,787,463961,685932,3442,3663508,631114,60582,76725,295157,221854,122746,367770,1,27,12310,27,27,1,1,27,35
2040,24,8973496,19009,54903,31605,792,626829,967522,3313,4477468,1082580,72743,80195,573299,257626,119022,606590,1,35,15565,35,35,1,1,35,84
2041,25,7417531,18079,51732,32001,634,521514,814559,3042,3540675,990600,60330,78545,493002,205683,112143,494992,1,27,11997,27,27,1,1,27,81
2042,26,6372143,17674,50692,28870,536,446449,694403,2772,3068236,818278,60509,76622,380533,183228,122817,420524,1,23,10258,23,23,1,1,23,73
2043,27,7540195,18846,51359,28765,587,541431,803689,2614,3667108,993700,58652,79902,470410,211783,107674,503675,1,28,12474,28,28,1,1,28,77
2044,28,7888374,17759,50658,29915,578,558408,875627,2646,3794321,1068043,59828,78037,496472,231394,106650,518038,1,30,13348,30,30,1,1,30,80
2045,29,5862572,16116,44237,13828,520,405331,589503,2171,3136315,685551,50453,78415,245059,170146,106214,318713,1,23,10480,23,23,1,1,23,34
2046,30,5006123,16577,48278,27942,649,368757,616764,2525,2399406,538349,38480,74817,300507,136057,110222,326793,1,18,8043,18,18,1,1,18,67
2047,31,5944130,18428,50341,27989,784,413639,654974,2730,2854762,763373,46128,77322,341329,162845,115297,414189,1,22,9844,22,22,1,1,22,67
2048,32,4563886,17876,39871,11046,608,312181,462743,2030,2408986,450123,41030,83812,168947,133689,113006,317938,1,17,7793,17,17,1,1,17,20
2049,33,7194598,18485,53153,27859,707,531697,802008,2511,3617600,763615,59601,78516,450650,198031,113966,476199,1,27,12047,27,27,1,1,27,74
2050,34,6993028,17831,48553,10559,683,479376,706818,3251,3835932,709686,58958,74958,293541,216045,128078,408759,1,29,13264,29,29,1,1,29,30
2051,35,5668247,19260,47242,18178,648,411814,614420,2773,2987877,490941,49352,90503,272082,168453,111984,382720,1,23,10449,23,23,1,1,23,40
2052,36,4136415,18037,50275,12134,730,276606,405814,2342,2180466,351674,34589,73950,152831,116474,117415,343078,1,16,7336,16,16,1,1,16,19
2053,37,3725948,16530,40883,12309,640,262675,396783,2427,1978943,233976,31673,71076,143827,103108,115478,315620,1,14,6415,14,14,1,1,14,19
2054,38,6046207,18880,48764,21173,732,435677,685572,3053,3101667,567840,50920,83372,320600,180354,120620,406983,1,24,10848,24,24,1,1,24,49
2055,39,6967751,18899,51050,19345,658,479046,731231,2433,3556580,912061,62440,82525,347684,208605,111913,383281,1,28,12684,28,28,1,1,28,47
2056,40,7954085,18219,50463,18185,603,562876,819572,2236,4198864,935204,73768,80650,408493,251389,111315,422248,1,33,14945,33,33,1,1,33,50
2057,41,5117295,17865,43337,11538,562,347957,529886,1900,2730642,525514,47569,74719,205824,163740,104972,311270,1,21,9605,21,21,1,1,21,26
2058,42,5941123,18131,44191,15766,525,404298,649167,2088,3213622,556638,52420,74508,264609,178850,104377,361933,1,24,10932,24,24,1,1,24,35
2059,43,3333288,16143,37729,9497,544,223299,346524,1796,1717139,255853,28143,78911,120210,107443,101731,288326,1,13,5966,13,13,1,1,13,16
2060,44,6616575,18341,50342,27745,619,490633,742763,2327,3272635,728880,57406,83393,404394,191199,103280,442618,1,26,11640,26,26,1,1,26,68
2061,45,5498386,16999,44664,23335,545,366735,575331,1866,2894075,633309,47386,77779,236151,159628,101923,318660,1,22,10022,22,22,1,1,22,34
2062,46,5870215,17266,49479,27046,497,399731,652225,2575,2821138,644665,47928,85102,356890,167115,112335,486223,1,22,9844,22,22,1,1,22,66
2063,47,5235265,16268,42975,9833,558,356934,525323,1591,2777300,547486,47275,76080,196865,183980,104174,348623,1,21,9621,21,21,1,1,21,23
2064,0,10024335,28098,56250,32611,664,696879,1093209,2705,5007997,1185115,85189,83472,676520,302305,108494,664827,1,40,17740,40,40,1,1,40,91
2065,1,5354916,17511,42643,10449,521,395639,541203,1988,2824527,553856,47270,75494,202484,160712,116754,363865,1,22,10082,22,22,1,1,22,23
2066,2,4443833,16851,39923,7651,603,304681,464200,1779,2445350,282475,39845,71331,163766,179258,104071,322049,1,19,8719,19,19,1,1,19,19
2067,3,4123335,15769,39020,11131,520,291460,445821,1500,2260188,236347,36904,73034,157664,127913,106103,319961,1,17,7797,17,17,1,1,17,19
2068,4,7512227,19577,53160,37099,530,537338,836696,2600,3768150,884579,64072,76714,462139,231734,106174,431665,1,30,13393,30,30,1,1,30,75
2069,5,6862956,17855,51808,36762,510,479325,759541,2563,3326885,879883,53680,76817,429195,197414,110080,440638,1,26,11574,26,26,1,1,26,77
2070,6,5450172,17241,48660,38294,596,376778,616913,2425,2604517,702460,45979,73610,303411,156016,108775,354497,1,20,8960,20,20,1,1,20,63
2071,7,6106862,29196,51020,26630,581,436823,684265,2454,2993613,750949,47339,75137,346857,182717,104972,374309,1,23,10297,23,23,1,1,23,66
2072,8,8395161,18460,52252,29141,536,621444,891190,2586,4125369,1178877,63783,86587,498800,245636,106891,473609,1,32,14256,32,32,1,1,32,79
2073,9,6726585,17315,50763,29543,562,470830,739882,2593,3264009,851185,49829,79102,403227,196940,103732,467073,1,26,11589,26,26,1,1,26,75
2074,10,9649024,17182,55097,30320,576,657519,1032620,2619,4822746,1244230,82149,74958,627395,281004,107078,613531,1,38,16919,38,38,1,1,38,83
2075,11,8234142,18284,60588,32241,543,556624,882887,2782,4041153,1083657,61448,75746,535611,231832,104975,545771,1,31,13774,31,31,1,1,31,83
2076,12,9730044,19229,54519,29422,632,675918,1011660,2545,4791602,1351492,76285,79330,605034,297003,111533,623840,1,38,16941,38,38,1,1,38,81
2077,13,7332869,16952,51497,31325,566,512693,826449,2496,3511279,918944,61619,77785,481790,203471,113291,522712,1,28,12446,28,28,1,1,28,81
2078,14,7998037,18456,62262,30652,621,582721,862587,2208,3834874,1090680,61974,79370,504919,233911,107826,524976,1,30,13349,30,30,1,1,30,81
2079,15,7807338,18849,51974,29734,534,536755,875522,2350,3806835,995317,63572,76755,489927,238466,116559,504189,1,30,13366,30,30,1,1,30,78
2080,16,7800881,18944,52552,30403,568,542354,833741,2658,3828541,1024849,59174,79458,490928,236197,105564,494950,1,29,12915,29,29,1,1,29,78
2081,17,7242560,17264,51638,28061,564,490606,787586,2880,3608363,952117,61467,76941,426426,213150,105490,420007,1,28,12502,28,28,1,1,28,73
2082,18,6059082,17577,50869,28209,587,437792,663333,2353,2935015,791872,48506,78022,344061,167277,103932,389677,1,23,10291,23,23,1,1,23,67
2083,19,5421194,18643,49217,34695,603,371505,596526,2866,2581776,730019,43520,76666,310510,146536,106324,351788,1,20,8955,20,20,1,1,20,64
2084,20,6321811,17762,49935,26862,565,433762,707598,2529,3040469,869286,53707,75278,383535,178434,105888,376201,1,24,10734,24,24,1,1,24,68
2085,21,6140859,18862,50201,29938,562,434678,723332,2576,2962121,729234,48621,83453,367206,168045,104438,417592,1,22,9793,22,22,1,1,22,75
2086,22,4654385,16725,40926,10847,506,310293,480245,2011,2421562,479132,40542,75913,178902,135216,109628,351937,1,18,8248,18,18,1,1,18,21
2087,23,7328256,18550,57954,15033,542,529531,755733,1872,4030256,720977,59303,76854,336879,224398,106460,393914,1,31,14102,31,31,1,1,31,41
2088,24,7734365,19344,55079,32793,637,554934,853662,2653,3789051,881717,61372,79250,506356,237855,118638,541024,1,30,13337,30,30,1,1,30,82
2089,25,6773257,19633,50960,31309,560,478229,752355,2427,3237779,855631,53387,79369,440654,182971,111862,476131,1,25,11122,25,25,1,1,25,78
2090,26,8646433,19375,52776,36327,1218,659577,1046799,2550,4094208,1228739,70592,76509,530524,241623,108561,477055,1,27,12025,27,27,1,1,27,77
2091,27,6814821,17596,50551,27365,534,463152,763189,2489,3274617,935186,56168,76127,399256,203383,100278,444930,1,26,11609,26,26,1,1,26,72
2092,28,8579413,18567,54175,29022,565,578566,899638,2691,4351951,1108154,71997,77471,517748,236873,109535,522460,1,33,14720,33,33,1,1,33,77
2093,29,6975077,17545,50356,15957,672,475813,719823,2934,3708665,854369,59509,79643,322884,199052,115123,352732,1,28,12740,28,28,1,1,28,39
2094,30,5252560,17780,47663,26786,656,365143,614563,2697,2560620,609927,41789,75018,297667,146311,112935,333005,1,19,8513,19,19,1,1,19,63
2095,31,6059812,17133,52664,28377,732,431162,678045,2962,2949745,756833,51607,74976,348838,169758,113268,383712,1,23,10291,23,23,1,1,23,67
2096,32,5843898,16636,44444,10777,569,434554,574229,2035,3171801,626953,52397,75655,232436,175224,110167,316021,1,23,10532,23,23,1,1,23,25
2097,33,7547064,17975,52478,28202,578,527416,851879,2859,3807466,833143,57152,77607,468831,240004,104933,476541,1,30,13396,30,30,1,1,30,74
2098,34,4309723,16851,42404,9977,526,287997,436460,2094,2254668,431254,37730,75312,155405,127312,110827,320906,1,17,7796,17,17,1,1,17,19
2099,35,7377539,18931,49823,17746,607,552760,792658,2513,3905317,798166,60737,80910,360876,241090,105324,390081,1,31,14057,31,31,1,1,31,47
2100,36,3271199,14721,38412,10475,548,213870,338944,1928,1657923,267310,25035,68332,110091,96995,106774,319841,1,12,5508,12,12,1,1,12,15
2101,37,4807944,18137,42225,11609,853,324335,498141,2078,2646982,390764,41626,73158,185856,142066,106296,323818,1,20,9155,20,20,1,1,20,24
2102,38,6724505,17221,49735,21462,562,470841,718895,2004,3516697,692679,62079,83682,350570,215871,103722,418485,1,28,12656,28,28,1,1,28,51
2103,39,7188447,17142,50310,19532,585,491170,753354,2350,3792761,889258,57215,84173,363824,213331,103291,350151,1,29,13122,29,29,1,1,29,50
2104,40,7996478,17983,49760,18378,561,571167,842705,2305,4143131,999838,68678,92441,401013,266322,108598,413598,1,33,14937,33,33,1,1,33,51
2105,41,6474729,17501,45824,12069,500,440246,674800,2068,3631985,638800,55812,72340,269398,193059,104516,315811,1,27,12328,27,27,1,1,27,32
2106,42,6389180,18919,47458,22401,574,443051,673252,2320,3489773,583172,57350,79835,300303,195065,104916,370791,1,27,12281,27,27,1,1,27,39
2107,43,5054175,19134,43521,10385,518,343174,524808,2049,2731326,424716,48552,107017,205295,160596,102973,330111,1,21,9616,21,21,1,1,21,24
2108,44,7284416,18524,51366,36334,546,505415,816681,2517,3580909,861645,59471,82970,452223,220836,104805,490174,1,29,12962,29,29,1,1,29,72
2109,45,5930015,17523,54493,15517,556,410588,610324,2326,3062162,779867,50513,78706,256949,173032,106856,310603,1,24,10926,24,24,1,1,24,36
2110,46,7425292,17204,53644,26351,610,500278,808937,3191,3666897,945293,71179,83732,430974,205783,117966,493253,1,28,12537,28,28,1,1,28,68
2111,47,5738139,18602,48000,11316,556,400984,568042,2249,3043626,587443,50566,79376,226187,167936,124616,408640,1,23,10526,23,23,1,1,23,26
2112,0,9782669,19037,59089,34588,636,709651,1063943,3581,4845609,1078811,82092,85277,704898,288040,121696,685721,1,38,16806,38,38,1,1,38,95
2113,1,5859044,18499,43312,10058,718,392038,594386,2417,3128006,612039,52718,81266,222766,178492,115982,406347,1,24,10992,24,24,1,1,24,25
2114,2,5146148,18104,44914,10044,515,356285,536287,1958,2857346,324700,54344,85904,216717,165281,115356,358393,1,22,10082,22,22,1,1,22,23
2115,3,4157441,16819,38870,9694,552,294595,442185,1708,2277829,237951,35015,74122,163018,122034,112357,330692,1,17,7797,17,17,1,1,17,19
2116,4,5937212,18297,49202,29052,686,416082,661767,2730,2996638,571804,54090,90559,399436,168690,113280,364899,1,22,9819,22,22,1,1,22,71
2117,5,7371521,17802,52050,30394,583,510473,809950,2560,3596563,963804,60398,78394,446065,211326,110748,480411,1,28,12488,28,28,1,1,28,75
2118,6,4937744,18073,48272,27637,520,359789,577299,2418,2274374,611142,38894,83819,297562,131585,108227,358133,1,18,8045,18,18,1,1,18,66
2119,7,5923286,16943,51176,27322,491,407656,653126,2665,2839356,812076,47768,75330,327028,162973,114447,384929,1,22,9850,22,22,1,1,22,65
2120,8,7967854,17727,53055,30400,627,570582,891598,2430,3903774,1038735,62086,75159,484750,240024,108263,488644,1,31,13812,31,31,1,1,31,78
2121,9,7456122,19415,63837,34024,644,514868,823101,2606,3620648,937012,58479,77497,444174,223944,110772,525101,1,28,12467,28,28,1,1,28,78
2122,10,8964839,17795,54268,30618,568,642628,969566,2948,4372912,1196108,75403,78122,571656,257398,110029,584820,1,35,15570,35,35,1,1,35,83
2123,11,9078735,17646,56193,32630,574,636462,974892,3198,4346532,1204372,71945,79495,617290,257195,111734,668577,1,35,15507,35,35,1,1,35,90
2124,12,9256280,17861,54437,28433,657,627769,985674,2818,4548360,1232718,84313,80483,583773,273548,105940,629496,1,36,16011,36,36,1,1,36,84
2125,13,7545572,18144,52703,31428,594,517547,829336,2470,3633736,1005775,55051,91271,479167,217471,105002,505877,1,29,12903,29,29,1,1,29,80
2126,14,6482324,18313,51856,29786,524,440725,700430,2470,3130890,854139,51967,76768,387296,184562,115258,437340,1,24,10698,24,24,1,1,24,74
2127,15,5621097,18299,49826,29093,642,392015,669281,2350,2653375,697733,45301,76340,326314,152559,108176,399793,1,20,8910,20,20,1,1,20,73
2128,16,7487577,21207,73573,27531,561,499860,815521,2666,3643333,1031336,60721,79400,428641,232189,111885,459153,1,28,12516,28,28,1,1,28,71
2129,17,7518774,17449,52845,28064,616,554984,845996,2560,3691719,962651,58643,76705,458427,231109,106310,430696,1,29,12938,29,29,1,1,29,75
2130,18,6288320,16841,51923,26823,554,426391,719175,2825,3043775,809803,51514,76249,360950,175748,109270,416479,1,24,10740,24,24,1,1,24,67
2131,19,4565463,18203,49198,27003,525,317923,573929,2690,2111415,559042,35190,76880,258441,121701,105268,308055,1,16,7160,16,16,1,1,16,63
2132,20,6448533,18545,51442,29535,581,449599,698141,2842,3092987,860738,51545,77225,383155,171960,113187,447051,1,24,10704,24,24,1,1,24,73
2133,21,7525785,18634,52948,30301,564,510180,831805,2530,3614956,999808,57356,85749,468308,217922,113952,520772,1,29,12915,29,29,1,1,29,78
2134,22,3944368,17866,42563,10566,535,262014,397407,2110,2034210,384870,32122,76804,147581,111363,104878,319479,1,15,6877,15,15,1,1,15,19
2135,23,5043133,18755,44345,13533,532,337630,524016,2073,2665310,476042,47042,73911,213201,155566,106931,364246,1,20,9120,20,20,1,1,20,31
2136,24,8197313,17052,53391,30258,528,560461,928800,2360,3995522,1000753,62782,79607,537072,242916,108896,576915,1,32,14216,32,32,1,1,32,84
2137,25,6851446,18419,51396,31043,601,459060,741029,2642,3307949,852687,51715,78468,433941,195081,112928,514487,1,25,11114,25,25,1,1,25,79
2138,26,6776196,17228,52003,30521,517,471588,738884,2674,3263542,874676,54062,76653,417590,184454,112330,479474,1,25,11121,25,25,1,1,25,78
2139,27,6273676,17789,53001,27059,517,432896,702048,2415,3034042,826098,52375,77975,367167,177271,104050,398973,1,23,10262,23,23,1,1,23,72
2140,28,8148874,17174,52864,28312,585,567779,877986,2507,4029245,1096093,65514,76877,488622,256974,106552,481790,1,31,13844,31,31,1,1,31,74
2141,29,5545618,17683,44946,15575,541,378030,587053,2629,2857237,644856,43187,86405,244676,169024,106780,346996,1,22,10019,22,22,1,1,22,34
2142,30,5122974,17909,48778,25372,537,360260,572718,2616,2512014,588198,42443,78440,281534,141158,116502,334495,1,19,8521,19,19,1,1,19,61
2143,31,4519621,17648,47579,25437,620,316146,532801,2697,2184110,529244,34566,75612,237231,121499,110911,283520,1,16,7180,16,16,1,1,16,58
2144,32,4589478,16910,41486,10991,525,322810,458495,2168,2434880,465418,38765,74603,170218,129740,112968,309501,1,18,8250,18,18,1,1,18,21
2145,33,8504294,16866,53608,27286,608,592807,938724,2678,4322630,987339,73971,77274,535785,249772,103846,521100,1,34,15183,34,34,1,1,34,76
2146,34,5621407,17089,44316,10376,580,383931,569201,2062,3017051,603669,49587,72639,223541,167317,110966,349082,1,23,10532,23,23,1,1,23,25
2147,35,5969395,18300,50858,16939,646,423415,663132,2716,3138370,536943,54876,79778,292679,188434,113643,388666,1,24,10890,24,24,1,1,24,42
2148,36,3899119,15830,39729,10189,686,253971,407951,2259,2032816,332451,45514,73323,146124,117869,111485,308922,1,15,6881,15,15,1,1,15,18
2149,37,5267325,18439,42986,10840,600,389790,533909,2171,2909004,428545,46013,75020,220908,155458,113034,320608,1,21,9610,21,21,1,1,21,25
2150,38,5297131,18083,47945,19627,610,374996,600518,2448,2681624,466519,49279,83646,278353,163489,113615,396379,1,21,9510,21,21,1,1,21,44
2151,39,6088012,18117,48965,20533,721,427616,633487,2923,3048532,754212,48015,81732,298246,178422,109974,416517,1,23,10408,23,23,1,1,23,46
2152,40,7229644,26472,49964,18572,701,536521,775558,2328,3759329,845404,59749,78858,380772,224416,107801,363199,1,29,13126,29,29,1,1,29,49
2153,41,4622248,17376,41509,14002,640,316817,492765,2452,2432326,450045,39556,77322,194066,144711,108514,290147,1,18,8228,18,18,1,1,18,25
2154,42,6294284,17490,50046,17304,635,443065,670061,2527,3358754,619084,56449,77533,293152,189752,111044,387388,1,26,11831,26,26,1,1,26,38
2155,43,3288138,17531,39215,9826,554,224149,323241,2133,1713007,253578,35055,74206,118183,95667,119877,261916,1,12,5508,12,12,1,1,12,15
2156,44,5625844,17779,52079,25242,511,392101,637131,2986,2839358,560801,44392,85642,340680,153395,128980,344767,1,21,9421,21,21,1,1,21,61
2157,45,5244387,17123,46437,14699,520,371589,530343,2348,2728701,608496,43405,76938,223948,145672,110950,323218,1,20,9115,20,20,1,1,20,32
2158,46,5697549,20138,50088,27048,706,408762,627087,3095,2705976,646621,44761,96998,330352,157754,114676,463487,1,20,8965,20,20,1,1,20,62
2159,47,4572273,16909,45079,10255,624,307368,457312,2214,2396762,466203,40070,90040,169563,141057,110918,317899,1,18,8254,18,18,1,1,18,20
2160,0,9518550,20133,57488,33045,574,674890,1013840,3389,4612712,1135508,80009,86152,663948,289694,132426,714742,1,37,16382,37,37,1,1,37,92
2161,1,5347943,17315,41448,9473,556,386328,525928,2035,2807389,560253,48929,72621,201953,158696,118077,396942,1,21,9626,21,21,1,1,21,22
2162,2,5050657,17582,42098,9437,535,374052,529450,1694,2820119,317055,45004,71802,201308,155168,116613,348740,1,22,10082,22,22,1,1,22,23
2163,3,4358228,16119,41587,9984,641,298204,455512,1725,2399730,261049,37417,74583,176076,128565,123590,333446,1,18,8253,18,18,1,1,18,20
2164,4,6994761,16684,51640,30309,561,495767,799524,3214,3444769,752213,58533,78835,447408,199529,113036,502739,1,27,12012,27,27,1,1,27,79
2165,5,6098444,18308,50170,28721,504,433077,681637,2966,2940977,770853,50376,77409,354340,178177,107036,403893,1,23,10277,23,23,1,1,23,69
2166,6,4787296,18489,49263,27397,570,342211,566871,2565,2234627,574001,35904,77739,281879,128027,111186,336567,1,17,7603,17,17,1,1,17,65
2167,7,5731826,17648,52330,26753,722,396159,624477,2795,2837914,749192,46891,75790,312788,152734,120734,314899,1,21,9404,21,21,1,1,21,64
2168,8,7869717,18781,53524,29907,621,556785,889730,2844,3818577,1031030,60002,76009,494667,230743,117767,488730,1,30,13342,30,30,1,1,30,81
2169,9,5967802,18928,51238,28492,578,428809,663319,2736,2817598,769517,46665,77928,357014,167934,118245,418801,1,22,9811,22,22,1,1,22,72
2170,10,8369091,19253,67330,31077,644,564070,939374,3254,3991314,1110578,61887,78915,554910,241349,114456,590680,1,32,14192,32,32,1,1,32,87
2171,11,8326235,19027,54164,32304,749,557929,889715,3200,4002743,1089690,59889,80919,581942,226022,110225,617717,1,32,14200,32,32,1,1,32,86
2172,12,9707587,19069,58483,30515,575,667383,1027758,3005,4802139,1261942,76185,79537,629207,285660,133205,632924,1,37,16448,37,37,1,1,37,85
2173,13,7375677,18318,53656,31444,581,511988,816590,3334,3549273,945600,56225,79592,464486,200640,111945,532005,1,28,12467,28,28,1,1,28,78
2174,14,7439391,17453,53466,26924,635,529371,801417,2518,3627679,969484,59977,77977,460597,205527,116714,489652,1,28,12502,28,28,1,1,28,73
2175,15,6407249,20758,50441,28383,587,434130,700526,2659,3076400,823038,52728,78383,373669,189949,127904,447694,1,24,10716,24,24,1,1,24,71
2176,16,7413980,17517,54564,29994,677,507309,809673,3131,3651755,976746,58541,77581,449798,213583,117116,445995,1,28,12481,28,28,1,1,28,76
2177,17,7857994,18543,53875,30515,779,551144,841651,2981,3854529,1052754,58024,77852,495738,222527,112146,484936,1,30,13366,30,30,1,1,30,78
2178,18,5530469,20059,47325,25641,721,399939,636909,2461,2649025,708445,43243,76436,303331,146096,114938,355900,1,19,8515,19,19,1,1,19,62
2179,19,4526831,17290,49956,26962,647,313762,530304,2726,2130093,575100,34915,73270,250436,128342,111249,281779,1,16,7160,16,16,1,1,16,63
2180,20,6443443,18399,51328,28656,652,464402,705848,2543,3101620,831454,53350,76141,392382,181903,114761,420004,1,24,10698,24,24,1,1,24,74
2181,21,6279320,16760,50615,27898,630,435410,763409,2496,2953049,847216,57319,76452,359800,175307,109434,403525,1,23,10270,23,23,1,1,23,70
2182,22,3523609,17744,41417,10406,484,224829,360608,1843,1769842,358401,28296,73647,124699,97021,107163,307209,1,13,5959,13,13,1,1,13,18
2183,23,6094597,17815,45241,14941,540,433708,629537,2155,3301821,604360,53592,74763,266641,178856,107553,363074,1,25,11390,25,25,1,1,25,35
2184,24,6643598,17767,52388,30163,527,456193,744798,2450,3253611,749350,53591,79866,425402,210853,109514,457125,1,25,11129,25,25,1,1,25,77
2185,25,7310324,18741,50692,31675,542,539545,818485,2571,3517217,889306,56954,78085,482666,210284,105736,507825,1,27,12004,27,27,1,1,27,80
2186,26,6859778,18647,51727,31129,607,472729,785723,2635,3220923,882663,54671,77111,440624,199084,108944,512561,1,25,11114,25,25,1,1,25,79
2187,27,5393667,18047,65016,27936,572,366633,617385,2753,2548513,690920,42756,75463,328558,143742,105291,360082,1,20,8915,20,20,1,1,20,72
2188,28,7884349,18892,64859,28614,616,578301,848108,2740,3838826,1041276,61558,76739,476369,236615,105096,505740,1,31,13830,31,31,1,1,31,76
2189,29,5840162,19153,44606,15642,524,394541,587947,2490,3000586,721507,46432,76658,272767,185504,115991,355814,1,23,10473,23,23,1,1,23,35
2190,30,4681644,18270,48996,25707,596,334358,552831,2515,2226823,539794,38617,75913,260838,132622,126490,297274,1,17,7616,17,17,1,1,17,62
2191,31,4948405,17401,49672,28173,613,346294,571643,2459,2324229,616699,38324,77124,270040,134193,106472,365069,1,18,8065,18,18,1,1,18,62
2192,32,4317865,17721,40737,11310,617,308940,437538,2260,2239316,446176,34476,88883,162264,126401,106337,294889,1,17,7793,17,17,1,1,17,20
2193,33,7779658,20793,52288,30324,621,565438,894759,2675,3825617,870275,59944,78250,497602,235958,137952,507162,1,30,13375,30,30,1,1,30,77
2194,34,4874594,17477,42441,8942,537,323498,477241,1951,2635630,523229,42000,74914,175666,139044,110751,301273,1,19,8715,19,19,1,1,19,20
2195,35,7184908,17051,49127,18489,594,505790,786907,2330,3773061,737125,61538,79721,382966,226488,131765,411956,1,29,13133,29,29,1,1,29,48
2196,36,3815177,17527,40981,9682,624,268218,395260,1942,1962553,347345,32103,71042,146465,118865,107258,295312,1,15,6884,15,15,1,1,15,17
2197,37,4570131,15396,41544,10953,632,334143,483840,2360,2453593,354953,40186,73964,185456,144963,103984,324164,1,19,8695,19,19,1,1,19,24
2198,38,6627079,17787,51867,21225,636,477943,763774,2392,3382448,690534,60468,83845,356544,197054,103793,416769,1,27,12194,27,27,1,1,27,52
2199,39,7013881,19507,50645,22141,574,484569,735101,2256,3573798,842795,58674,83071,364453,205771,105906,464620,1,28,12656,28,28,1,1,28,51
2200,40,7200113,18177,49531,18188,564,554959,753743,2131,3746089,848363,60062,79194,369193,221728,110548,367643,1,30,13587,30,30,1,1,30,48
2201,41,4963065,17945,51564,12078,532,337746,511696,2280,2593528,535538,44000,71766,197706,150134,104033,332519,1,20,9145,20,20,1,1,20,26
2202,42,5530721,19101,46759,16197,518,385940,593198,1991,2910966,524429,50336,77066,248492,176108,135111,344509,1,22,10022,22,22,1,1,22,34
2203,43,3364210,16754,39130,10097,505,228582,371093,1881,1703723,268576,28546,73780,123464,94970,107710,295399,1,13,5963,13,13,1,1,13,17
2204,44,5506110,17834,50241,24768,535,414167,639221,2604,2717661,545189,44341,82084,318214,164186,105875,379190,1,21,9411,21,21,1,1,21,63
2205,45,4628161,18227,44793,14987,566,340886,500593,2199,2370146,521294,38617,77707,192041,127131,108750,270224,1,18,8210,18,18,1,1,18,30
2206,46,6396996,17269,51424,28987,585,460283,742946,2590,3056926,775913,53160,82493,385455,184997,109094,444874,1,24,10740,24,24,1,1,24,67
2207,47,4936387,18159,43447,10766,497,336623,505782,1830,2583694,512572,44145,78802,197256,148826,104943,349045,1,20,9160,20,20,1,1,20,23
2208,0,9416955,25583,56972,32950,570,676409,1025345,3047,4574523,1179141,79290,80546,658984,271957,111070,640568,1,37,16383,37,37,1,1,37,92
2209,1,5433047,18407,41749,9040,803,385572,558079,1926,2905971,558238,45402,69123,201983,155703,118350,362701,1,22,10082,22,22,1,1,22,23
2210,2,5000558,17099,42332,10100,558,357084,543950,1765,2804863,303314,44983,70329,201761,153598,107596,341226,1,22,10082,22,22,1,1,22,23
2211,3,4724721,17039,41771,10182,595,340330,495671,1782,2591525,302802,40532,71348,179393,143489,122787,365475,1,19,8710,19,19,1,1,19,21
2212,4,5450603,19489,64878,31515,553,396657,649819,3031,2674076,490532,41687,77087,334162,142135,123823,401159,1,20,8905,20,20,1,1,20,74
2213,5,6296243,18555,51076,29815,602,436158,733961,2993,2996149,807367,47783,76277,388680,177527,107356,421944,1,23,10240,23,23,1,1,23,75
2214,6,5500366,17493,51476,27460,484,385757,631926,2691,2627517,696040,45048,76582,307531,152265,117077,361019,1,20,8950,20,20,1,1,20,65
2215,7,5866983,17516,51540,27835,499,418031,664991,2493,2820979,772322,49134,74113,344299,170703,106892,345636,1,22,9839,22,22,1,1,22,67
2216,8,7300798,18159,53211,28248,568,518847,777214,2644,3568087,962296,61059,77812,433652,198101,114033,486867,1,27,12033,27,27,1,1,27,76
2217,9,5979460,16870,49748,28686,544,409553,656119,2880,2909425,775859,46933,78001,338458,167892,106191,392301,1,22,9820,22,22,1,1,22,70
2218,10,8186161,18543,53839,31346,642,570444,876845,2705,3939080,1132760,75930,78975,526568,237757,111425,529302,1,31,13758,31,31,1,1,31,85
2219,11,7233669,18221,53430,32756,512,498664,794375,2837,3460373,930282,60199,91408,473853,206898,106466,503395,1,27,11997,27,27,1,1,27,81
2220,12,7984630,21486,54106,31888,583,566373,854357,2574,3823706,1015095,63883,81844,514437,231545,113310,609443,1,30,13326,30,30,1,1,30,83
2221,13,6464532,18870,50897,33692,534,468707,717411,2666,3054960,790095,49178,78056,413439,174314,104558,507155,1,24,10662,24,24,1,1,24,80
2222,14,7491647,19715,53099,35136,556,513115,794780,2593,3626577,1016706,62775,108288,456952,208987,115032,477336,1,28,12481,28,28,1,1,28,76
2223,15,6042890,19030,51530,28941,530,425485,683049,2649,2922262,734880,50097,78476,344606,180730,116511,404114,1,22,9818,22,22,1,1,22,71
2224,16,6903911,18822,52355,29211,632,493093,763849,2795,3392850,864504,55569,80624,400272,190499,109729,449107,1,26,11601,26,26,1,1,26,73
2225,17,5940770,17837,61924,27701,593,419008,669837,2994,2814765,747776,47657,75482,356136,174932,106522,417606,1,22,9817,22,22,1,1,22,71
2226,18,5707466,18183,49859,26941,523,519078,635397,2448,2639392,765026,45858,75450,316522,155061,105976,351752,1,21,9397,21,21,1,1,21,65
2227,19,4660105,18688,48523,27275,513,329217,543550,2440,2197870,581884,36982,74957,259222,122158,108942,307884,1,16,7152,16,16,1,1,16,65
2228,20,7055039,18602,52003,28185,593,500236,764895,2410,3408745,913602,55949,76771,426029,194411,108871,503737,1,26,11587,26,26,1,1,26,75
2229,21,6250537,18702,50721,30451,507,424667,701521,2589,3006747,783777,47919,76312,387473,168088,103107,447956,1,22,9785,22,22,1,1,22,76
2230,22,3920568,18230,47077,10989,511,255229,412755,1809,1980249,389146,33058,71920,145748,115270,104725,333852,1,15,6873,15,15,1,1,15,20
2231,23,4783499,17998,43231,12811,539,342541,506224,1931,2511187,428837,41442,80594,206678,142748,106425,340313,1,19,8677,19,19,1,1,19,28
2232,24,6775841,17550,51969,31324,501,468707,750360,2399,3275528,820381,52011,78968,474099,181922,105674,464448,1,25,11122,25,25,1,1,25,78
2233,25,7888687,18132,52601,30948,600,576732,851664,2641,3829899,1020189,57952,76130,516317,224519,112294,518069,1,29,12892,29,29,1,1,29,81
2234,26,6093199,19451,51569,30704,550,420882,702704,3020,2867537,769988,46495,76597,371491,163784,112254,456173,1,22,9791,22,22,1,1,22,76
2235,27,7468097,16728,52780,28095,497,531581,811703,2957,3643218,985997,62197,76090,456164,215824,103097,481169,1,28,12481,28,28,1,1,28,76
2236,28,8437904,17833,52401,28937,538,569545,897023,2453,4178144,1166610,65441,79364,529824,250037,109513,490241,1,32,14280,32,32,1,1,32,76
2237,29,5481829,18041,44568,15384,506,365693,560235,2511,2864446,637924,44005,74425,242261,164100,102968,344762,1,21,9566,21,21,1,1,21,33
2238,30,6198965,19477,51467,25951,523,423683,666992,2243,3079621,770112,51524,78009,348935,176835,110394,393199,1,23,10304,23,23,1,1,23,65
2239,31,5731575,18007,50101,27093,523,391364,645177,2744,2808401,709441,45784,75357,316304,164968,105233,371078,1,21,9402,21,21,1,1,21,65
2240,32,3871067,16577,41186,10384,545,245805,383177,1865,2007168,395179,31361,73916,153187,111183,120481,279053,1,15,6881,15,15,1,1,15,18
2241,33,7376712,19132,53636,30231,557,541008,855031,2686,3631181,821943,57853,78103,464292,214001,107262,499796,1,29,12924,29,29,1,1,29,77
2242,34,4446136,16989,40846,10106,563,293254,442122,1854,2366101,447459,38607,81598,160248,130840,106367,309182,1,18,8258,18,18,1,1,18,19
2243,35,5666837,24311,45760,16391,556,382747,596778,2430,2971455,557661,47869,86845,257819,162619,119396,394200,1,22,9999,22,22,1,1,22,38
2244,36,2999563,15389,36575,8597,547,189553,295998,2028,1546590,244585,23109,67390,97819,82805,108765,279813,1,11,5054,11,11,1,1,11,13
2245,37,3653952,16850,38346,10828,584,248813,383792,2217,1909322,267226,31362,71772,137775,113186,116166,305713,1,14,6416,14,14,1,1,14,19
2246,38,4368588,17569,45423,19612,579,306059,469967,2427,2168502,424717,34387,81885,204368,117203,106427,369463,1,16,7252,16,16,1,1,16,40
2247,39,6291918,17997,48196,21169,595,425398,659055,2350,3193417,785742,63235,80839,318955,188844,106900,379226,1,25,11306,25,25,1,1,25,49
2248,40,7111313,16349,48353,18391,686,504933,771312,2400,3601664,890868,58412,80161,382893,231658,105533,397700,1,29,13125,29,29,1,1,29,49
2249,41,4553021,17845,41443,11979,625,301362,461672,2230,2432795,451580,36904,73000,187635,128132,106678,299141,1,18,8238,18,18,1,1,18,23
2250,42,4578157,15935,41422,14945,476,301467,468421,2021,2383120,468986,39871,70935,186638,146672,105412,331836,1,18,8212,18,18,1,1,18,29
2251,43,3374686,17842,38484,10196,510,220796,344722,2057,1751109,284590,29195,67321,119807,96909,103188,287960,1,13,5963,13,13,1,1,13,17
2252,44,5264328,18065,47994,26276,545,366254,609736,2317,2595258,534764,41858,82847,310594,144463,104137,379220,1,20,8955,20,20,1,1,20,64
2253,45,4229571,16754,42057,14625,553,286220,452265,2008,2129576,487480,34362,74448,175547,119544,103560,290572,1,16,7296,16,16,1,1,16,29
2254,46,4842945,18365,47942,27514,545,328338,563530,2551,2245958,543165,38190,83344,260354,126098,117533,439518,1,17,7625,17,17,1,1,17,59
2255,47,4849343,18084,43453,9798,558,326528,483314,2068,2523306,547700,43728,77039,179000,143076,117984,333707,1,19,8705,19,19,1,1,19,22
2256,0,8322077,17883,53629,29073,577,577595,940952,2890,4109204,989170,68526,81755,534056,239366,109196,568205,1,33,14702,33,33,1,1,33,79
2257,1,4716508,16573,39830,9039,554,330090,476531,1751,2492363,483628,43623,78736,169649,146095,104869,323177,1,19,8715,19,19,1,1,19,20
2258,2,4262824,18417,40873,9461,507,309038,447648,1936,2343234,270363,36974,73281,154508,130401,125540,300643,1,17,7801,17,17,1,1,17,18
2259,3,2906492,16303,48804,9439,554,206676,301999,1767,1494530,170327,25598,68538,103202,81572,103454,273729,1,11,5054,11,11,1,1,11,13
2260,4,5296336,18800,50552,37192,560,381452,611263,2709,2613882,504957,42521,78469,311212,155192,110208,377367,1,20,8930,20,20,1,1,20,69
2261,5,6405189,18430,51559,29580,583,436961,695641,2410,3093001,811444,51174,98049,386511,179442,108323,442081,1,24,10722,24,24,1,1,24,70
2262,6,4299040,17296,48794,26768,498,294841,511482,2634,1989202,530119,32667,77351,233110,111713,108585,313980,1,15,6708,15,15,1,1,15,64
2263,7,4584114,17837,49394,26938,552,316560,530721,2661,2153438,630180,36387,77257,242495,121898,118296,259500,1,16,7164,16,16,1,1,16,62
2264,8,6981085,17363,53010,29158,549,476509,759310,2961,3313386,976037,58436,75770,424218,196945,108093,489340,1,26,11584,26,26,1,1,26,76
2265,9,5711132,17031,49693,30094,532,406139,642812,2528,2720893,718728,44309,76415,344346,154050,108824,394738,1,21,9355,21,21,1,1,21,74
2266,10,8087046,19157,52348,29098,589,553519,889276,2730,3921778,1078774,64638,79772,503070,236060,106942,549295,1,31,13798,31,31,1,1,31,80
2267,11,7083503,17853,51576,30450,554,496738,775783,3011,3400948,907714,51709,78234,437762,196340,105772,529059,1,26,11586,26,26,1,1,26,75
2268,12,7509506,17704,50972,29154,549,514028,800421,2584,3683510,989748,58129,77487,451495,217141,109310,507274,1,29,12936,29,29,1,1,29,75
2269,13,6658855,17859,50414,30529,557,471611,729966,2710,3199557,881667,53520,78329,408662,181640,107693,444141,1,25,11128,25,25,1,1,25,77
2270,14,6143352,16781,50816,29220,640,449201,700323,2467,2968770,754931,49288,77293,356323,171366,108862,407071,1,22,9822,22,22,1,1,22,71
2271,15,4812892,17373,47952,26351,515,343220,569913,2495,2282997,577630,34790,75993,265747,128621,107104,332191,1,17,7612,17,17,1,1,17,63
2272,16,7408873,17741,51888,29596,573,521829,789877,2546,3687489,955205,64228,77472,448465,212841,106892,442231,1,27,12036,27,27,1,1,27,75
2273,17,6938831,17747,52443,27365,562,483679,797163,2722,3360780,935106,59069,73893,407062,198839,106494,415907,1,26,11628,26,26,1,1,26,69
2274,18,5196652,25881,50102,27377,601,377123,589591,2681,2452083,645398,42489,74589,305886,140627,108015,354209,1,19,8502,19,19,1,1,19,65
2275,19,5335611,18881,49598,27385,645,378034,605084,2807,2531879,692734,40094,75556,301334,137142,107769,366669,1,19,8497,19,19,1,1,19,66
2276,20,5959360,17679,50271,28517,530,439727,673476,2470,2878863,728414,48674,76989,351503,162479,108295,391473,1,21,9364,21,21,1,1,21,71
2277,21,5554432,17242,49071,30228,549,398713,657407,2702,2615289,672130,42922,75208,335221,147533,110630,399587,1,20,8900,20,20,1,1,20,75
2278,22,3288479,17283,39510,10613,587,209391,336261,1970,1638530,317062,26558,89120,128001,91264,106859,275470,1,12,5502,12,12,1,1,12,17
2279,23,6559008,18550,47156,15908,516,462332,687294,2011,3493223,677431,64935,76082,309361,211183,105513,387513,1,27,12289,27,27,1,1,27,38
2280,24,6357962,17836,49342,29159,573,455384,722862,2728,3110495,738132,51189,74015,397291,179143,107644,422169,1,24,10692,24,24,1,1,24,75
2281,25,5318834,18506,49890,39504,525,378668,615095,2743,2517015,655398,41992,77556,315517,142375,103859,360191,1,19,8463,19,19,1,1,19,73
2282,26,6757332,17720,50435,31003,615,476952,765399,2798,3179863,882033,51821,77121,438639,181693,106753,494487,1,25,11103,25,25,1,1,25,81
2283,27,4317506,19089,48460,26653,592,298484,517898,2803,2011797,516187,34041,76465,243630,113620,118701,289086,1,15,6709,15,15,1,1,15,64
2284,28,6979972,17514,51511,28153,610,484700,761542,2601,3405342,912932,58317,76860,417289,204504,104840,453257,1,26,11601,26,26,1,1,26,73
2285,29,5184231,16890,43247,13519,524,344098,532310,2272,2677817,683986,43946,76665,215165,145504,102932,285356,1,20,9125,20,20,1,1,20,30
2286,30,4264346,17238,47119,25934,566,310790,508681,2502,1995092,495084,33609,75553,237073,117754,105096,292255,1,15,6721,15,15,1,1,15,61
2287,31,4370747,19254,48416,27631,578,313271,503959,2569,2072004,539159,33405,79140,231471,116321,106919,276650,1,15,6719,15,15,1,1,15,61
2288,32,3051830,15871,38139,10296,618,197287,299971,1902,1538421,304774,24994,71791,102839,82249,116599,246079,1,11,5052,11,11,1,1,11,14
2289,33,6060041,18782,49744,28542,514,445990,701531,2628,2962823,664708,51454,77256,371065,174188,105398,405418,1,23,10271,23,23,1,1,23,70
2290,34,4349863,17258,41334,9484,610,286157,432127,2238,2330311,439086,36258,88505,152666,123322,113409,277098,1,17,7801,17,17,1,1,17,18
2291,35,6933121,18930,49811,17309,570,522705,745297,2312,3626615,767009,61568,80526,337664,207423,110270,385112,1,28,12705,28,28,1,1,28,44
2292,36,2793254,16693,49222,8580,709,179093,276562,2037,1407795,224915,21904,68666,93042,74197,107386,262453,1,10,4596,10,10,1,1,10,12
2293,37,3589460,16601,38712,9754,615,243419,408352,2090,1883696,259831,29060,75411,128795,100809,103501,288814,1,14,6419,14,14,1,1,14,18
2294,38,5738585,18882,54441,19741,637,396135,634611,2200,2950477,558625,48963,81637,284510,170565,119889,397272,1,23,10411,23,23,1,1,23,46
2295,39,6485308,17244,49052,18969,558,440894,690685,2471,3327992,817067,55834,80950,322742,190216,103340,367294,1,26,11773,26,26,1,1,26,47
2296,40,6664741,17575,45949,17216,592,458584,703390,2220,3435336,826993,56761,80354,341567,201795,106839,369570,1,27,12234,27,27,1,1,27,46
2297,41,4977399,16884,43412,11754,580,340610,526449,2047,2664639,503769,42922,73874,198889,151545,104841,295184,1,20,9150,20,20,1,1,20,25
2298,42,5329488,18145,54153,15658,503,377569,594404,2020,2821206,493637,45288,73598,233393,151392,106795,341727,1,21,9569,21,21,1,1,21,33
2299,43,3322351,17163,39485,9376,514,225312,341077,1886,1729842,254198,27498,87413,115706,95874,102320,274687,1,13,5966,13,13,1,1,13,16
2300,44,6263832,18237,50258,25781,533,450190,724398,2595,3104513,673728,51080,82398,372810,187145,119053,401113,1,24,10740,24,24,1,1,24,67
2301,45,5095669,17249,46423,14412,595,358992,537080,2003,2650946,590303,42020,78200,220121,147528,102891,286906,1,20,9110,20,20,1,1,20,33
2302,46,4532498,17484,47163,26774,608,319508,552264,2611,2149055,469814,44988,81340,255575,123416,105209,336689,1,16,7176,16,16,1,1,16,59
2303,47,5027882,16623,59181,9802,632,359423,502636,1990,2643115,510551,44160,77419,191862,147217,102275,360996,1,20,9160,20,20,1,1,20,23
2304,0,10029858,18526,63451,30485,650,746084,1056487,2871,5028768,1160807,91425,83215,673052,291876,113629,668532,1,40,17770,40,40,1,1,40,88
2305,1,4926823,17002,41270,9668,655,328302,483414,1974,2596800,492485,43001,82681,178180,144147,108338,398906,1,20,9170,20,20,1,1,20,21
2306,2,4618630,15192,41108,9548,512,337998,493286,1784,2557424,279739,39758,70819,187345,156955,108027,319135,1,20,9170,20,20,1,1,20,21
2307,3,3328171,16333,36454,9529,578,238545,375059,1642,1720833,203729,28407,66319,120704,98015,111307,300717,1,13,5969,13,13,1,1,13,15
2308,4,6852903,18602,52155,31268,539,503920,771500,2694,3411723,705464,62642,77244,426244,195458,107512,485938,1,26,11583,26,26,1,1,26,77
2309,5,7309299,18095,51114,28339,604,497889,797619,2809,3605640,977067,58506,75899,453177,203599,108571,430371,1,28,12495,28,28,1,1,28,74
2310,6,6059819,16772,50320,27809,561,429878,664067,2519,2981237,738993,46579,88404,341538,164030,107050,400062,1,22,9845,22,22,1,1,22,66
2311,7,6077421,18232,50905,28507,509,417255,671016,2627,2973245,805094,48768,76367,344310,175016,104647,360923,1,23,10285,23,23,1,1,23,68
2312,8,7240178,17477,51266,28618,545,500054,786493,2730,3548942,960615,59318,75018,465400,203491,106704,433507,1,28,12481,28,28,1,1,28,76
2313,9,6572855,18295,51290,30796,536,466757,732372,2432,3179775,836738,53010,76711,387037,179468,110262,447376,1,25,11140,25,25,1,1,25,75
2314,10,9096451,18994,55870,46113,541,623975,964900,3063,4446281,1152840,76194,81785,615357,255509,106408,648621,1,35,15490,35,35,1,1,35,92
2315,11,8230315,17977,52468,33202,625,552672,895101,2682,4004267,1046951,61881,77596,541272,233205,114588,595828,1,31,13759,31,31,1,1,31,85
2316,12,8429708,25444,65221,27937,581,570252,910358,2607,4117297,1106209,68185,80378,520318,250903,108420,575598,1,33,14693,33,33,1,1,33,80
2317,13,7945165,18763,53330,31660,479,545379,858460,2575,3897438,1050614,60001,78207,501062,231617,104078,511502,1,30,13343,30,30,1,1,30,81
2318,14,7471622,18977,58502,29419,508,509746,784769,2424,3660655,1017450,74329,79036,454573,209423,108094,463717,1,28,12495,28,28,1,1,28,74
2319,15,6496295,16794,51442,30796,508,446633,732886,2228,3110441,856865,54242,76576,398960,193375,102179,422370,1,24,10680,24,24,1,1,24,77
2320,16,8206858,19408,52290,27566,562,565393,869266,2569,4082195,1061301,62240,88541,501026,244512,106453,523536,1,32,14272,32,32,1,1,32,77
2321,17,7035902,16932,52142,29641,692,479553,778036,2669,3458566,895672,52668,76156,430287,197385,116833,448670,1,27,12028,27,27,1,1,27,77
2322,18,5920672,18918,52232,27376,594,402682,687491,2331,2884376,739454,47151,76995,345333,163189,105418,367132,1,22,9838,22,22,1,1,22,67
2323,19,5320497,17880,49513,28243,611,384563,617277,2656,2494242,682549,42823,75138,301152,146316,112633,364901,1,19,8490,19,19,1,1,19,68
2324,20,7406995,17090,52573,28505,606,514453,799868,2341,3596631,998783,62194,75868,444413,212478,104423,496769,1,28,12495,28,28,1,1,28,74
2325,21,5743969,19520,50861,28837,574,410145,654509,2616,2704565,726145,54385,83588,332037,161751,104965,409471,1,21,9366,21,21,1,1,21,71
2326,22,4563595,17267,42178,9989,506,303255,451646,1932,2442925,445675,38617,73201,175762,131687,115571,313384,1,18,8252,18,18,1,1,18,20
2327,23,6147540,17570,45509,14829,625,427014,710302,2027,3312279,559159,53977,75999,273298,182650,103293,369009,1,25,11384,25,25,1,1,25,36
2328,24,8634644,18735,53122,28979,560,612145,947701,2414,4288417,1070439,75777,78568,540993,261597,105915,549282,1,34,15139,34,34,1,1,34,81
2329,25,9324097,18571,54172,29573,616,628339,983706,2473,4655121,1219460,81942,76167,600765,284734,101697,586761,1,36,16029,36,36,1,1,36,82
2330,26,6926345,18113,51679,28193,509,498443,761860,2532,3327520,893984,56002,74840,417445,198966,103890,492369,1,26,11595,26,26,1,1,26,74
2331,27,6151150,17113,50423,27489,586,421418,681100,2603,3019271,769458,51106,77486,346436,171412,103177,412072,1,23,10279,23,23,1,1,23,69
2332,28,6250212,18017,51070,29141,581,423154,707633,2635,2974299,821172,51740,78637,382409,170090,105857,433777,1,23,10259,23,23,1,1,23,72
2333,29,7743056,17172,47841,12856,485,544964,786662,1888,4268830,936398,62081,78555,345488,237719,102578,299539,1,32,14576,32,32,1,1,32,39
2334,30,4493209,18046,46960,24751,590,316441,544321,2256,2123401,504158,32388,73897,256887,126306,105146,317661,1,16,7172,16,16,1,1,16,60
2335,31,4735020,18165,51740,27495,560,332908,565334,2363,2233773,591751,37846,74465,265577,126382,105554,301107,1,17,7608,17,17,1,1,17,64
2336,32,4758666,19813,58909,10993,909,341133,506563,2039,2527280,460673,39120,74882,177007,137158,113802,288385,1,18,8250,18,18,1,1,18,21
2337,33,6769644,18664,53638,29609,658,498315,748568,2681,3368959,722785,56963,92680,421547,194140,110774,449663,1,26,11602,26,26,1,1,26,73
2338,34,7012190,17727,44927,9852,718,544856,791922,2024,3702244,780002,63210,76071,300720,230936,106696,340285,1,22,10082,22,22,1,1,22,23
2339,35,9965306,17599,51541,17119,616,779137,1113547,2120,5356009,1056465,85944,83789,558043,347209,107594,388574,1,32,14504,32,32,1,1,32,48
2340,36,5891153,30452,60243,17052,626,427342,618966,2904,2757719,487109,48342,192880,232805,176500,194502,643711,1,15,6881,15,15,1,1,15,18
2341,37,6008085,29886,56962,18506,668,416377,669461,3039,2998484,435379,46605,143492,242378,174118,190120,582610,1,17,7783,17,17,1,1,17,22
2342,38,5012101,18690,47515,21221,587,347999,546864,2121,2525932,482738,40705,83300,246399,154478,107303,386249,1,19,8601,19,19,1,1,19,44
2343,39,8706827,33078,74793,36274,546,610282,948882,2877,4170443,1024077,69773,137341,452322,268724,180467,696948,1,29,13114,29,29,1,1,29,51
2344,40,8509604,18994,52368,19005,586,622324,881678,2304,4502527,1034807,74507,80835,447955,261464,109452,400798,1,35,15850,35,35,1,1,35,51
2345,41,4677002,17237,43028,11756,544,312723,505339,2302,2478169,461300,40248,73267,198164,140822,104464,287639,1,19,8695,19,19,1,1,19,24
2346,42,7435589,17094,43629,14720,553,592955,845889,2316,4010319,735954,62052,75467,351945,245015,123868,313813,1,20,9125,20,20,1,1,20,30
2347,43,2548549,16721,36170,9078,596,170729,278159,2085,1239951,192841,19400,70058,87233,64754,104504,256270,1,9,4135,9,9,1,1,9,12
2348,44,9434343,19286,50678,24947,556,717128,1049679,2270,4845658,1141532,80590,79982,610715,286964,113971,410387,1,28,12572,28,28,1,1,28,63
2349,45,5431016,20863,60307,16561,544,366650,559056,2400,2769325,654515,45915,76822,238836,155527,119345,344350,1,21,9553,21,21,1,1,21,36
2350,46,6185711,17524,51070,27767,565,440021,698318,2625,3059968,678360,50138,82156,375522,175625,107955,418097,1,24,10746,24,24,1,1,24,66
2351,47,5576051,19437,46531,10971,790,411046,622194,2174,2922170,568535,49385,80401,216998,171606,107163,346650,1,21,9615,21,21,1,1,21,24
2352,0,10929469,40625,71731,53829,549,735556,1103649,4395,5266683,1170092,91033,144631,683407,335841,181434,1046014,1,42,18719,42,42,1,1,42,83
2353,1,5161266,17877,42275,9664,526,343631,514017,1959,2748428,539544,46522,74439,189325,158820,113091,361148,1,21,9626,21,21,1,1,21,22
2354,2,3891525,18706,48351,9088,581,266349,402396,1969,2102437,231241,35617,74578,142970,119063,126637,311542,1,16,7344,16,16,1,1,16,17
2355,3,4681038,20332,51655,11718,743,363089,545207,1774,2520139,312269,40881,87902,177972,152809,106349,288199,1,12,5511,12,12,1,1,12,14
2356,4,7310269,17863,52888,29968,554,519607,809850,3029,3618864,780766,59548,78237,462406,224188,107146,545355,1,28,12474,28,28,1,1,28,77
2357,5,8391639,19558,53222,29119,559,554053,926119,2793,4135722,1123791,66186,78114,510984,264747,110056,516616,1,32,14280,32,32,1,1,32,76
2358,6,4988505,18359,50301,26159,584,367970,575701,2574,2384670,635693,39912,75393,271786,141532,107673,290198,1,18,8068,18,18,1,1,18,61
2359,7,5878281,19629,52230,27919,605,400764,647741,2685,2831324,754263,48236,74761,356953,159342,124950,376879,1,22,9829,22,22,1,1,22,69
2360,8,8071821,19716,53439,30956,590,568596,864591,2597,3969294,1075418,62695,86376,499359,239720,110614,487860,1,31,13796,31,31,1,1,31,80
2361,9,4794762,18608,49365,28433,558,334209,585744,2678,2208917,591980,34503,76316,271828,130306,107824,353493,1,17,7584,17,17,1,1,17,69
2362,10,8414731,19298,53065,30953,587,594310,895728,2728,4157245,1066274,65450,82994,536987,249594,107933,551585,1,32,14232,32,32,1,1,32,82
2363,11,8218590,19794,55098,30621,718,558278,878711,3007,3956288,1065378,63149,95981,561653,234201,109655,586058,1,31,13775,31,31,1,1,31,83
2364,12,9568202,19700,53050,29279,513,687390,1075541,2590,4704467,1227297,92502,80697,646012,301371,122750,525043,1,27,12026,27,27,1,1,27,77
2365,13,5987717,17037,50987,29846,586,432557,676265,2640,2834844,772367,47782,76213,361732,165670,119046,400145,1,22,9823,22,22,1,1,22,70
2366,14,6964145,17967,52502,29349,605,484811,759203,2799,3299191,989768,60609,77482,415947,217540,107639,448733,1,26,11594,26,26,1,1,26,75
2367,15,5102639,19151,48912,26879,552,361229,592635,2685,2421156,610615,38628,84473,286095,136166,109738,363725,1,18,8035,18,18,1,1,18,68
2368,16,8167545,20720,54558,28453,573,557354,868142,2497,4056802,1100645,62599,77191,491029,250647,120579,475756,1,32,14288,32,32,1,1,32,75
2369,17,10150091,23732,81313,52540,562,723685,1150158,2598,4827301,1352491,90032,144872,676974,303097,103514,617222,1,30,13365,30,30,1,1,30,78
2370,18,5895716,17766,51189,24972,535,406032,648521,2536,2879973,779872,49088,76990,322364,174883,111163,349832,1,22,9860,22,22,1,1,22,63
2371,19,5323659,23378,51111,40643,539,356507,581370,2712,2489397,745772,44008,77930,288883,147540,138721,335148,1,19,8509,19,19,1,1,19,64
2372,20,6407157,18922,51536,28135,600,444657,720578,2376,3155602,801713,61342,86253,376435,188247,117881,352880,1,24,10722,24,24,1,1,24,70
2373,21,5265115,18673,49608,29555,509,373302,610931,2503,2520732,671609,40253,75418,321716,142215,109100,298991,1,19,8464,19,19,1,1,19,72
2374,22,4158959,18524,40466,10070,836,296119,471567,1997,2126468,399446,34187,75258,148320,125342,104961,305398,1,13,5965,13,13,1,1,13,16
2375,23,6412486,19018,45962,14575,872,483342,708878,2070,3416357,639464,58168,74733,296727,194611,107794,349915,1,22,10018,22,22,1,1,22,34
2376,24,8030698,18603,52636,30467,612,577367,904698,2651,3951450,943527,63855,76857,521335,248110,110465,528065,1,31,13800,31,31,1,1,31,80
2377,25,5923542,17367,51082,29120,502,405662,664504,2490,2886228,712564,43818,76934,358627,173676,104941,396027,1,22,9823,22,22,1,1,22,70
2378,26,9275560,19842,54331,31037,561,675947,1092397,2844,4510010,1229079,74215,86629,661903,269336,120036,447393,1,25,11121,25,25,1,1,25,78
2379,27,7625939,33300,71399,50199,519,512798,852040,3502,3493946,932083,58920,136666,456121,223247,181688,619511,1,23,10291,23,23,1,1,23,67
2380,28,7891042,17358,53476,29385,525,546390,857202,2493,3913917,976475,61032,76748,489038,236476,124699,505828,1,30,13362,30,30,1,1,30,78
2381,29,8504433,33407,69894,26464,567,557822,841779,3054,4295768,1081685,64845,167222,360315,246116,169679,585816,1,29,13212,29,29,1,1,29,37
2382,30,7918647,23686,74521,44344,824,614503,1043175,2509,3860550,900888,63786,119845,514942,229610,106954,318510,1,18,8063,18,18,1,1,18,63
2383,31,7433936,28175,78036,42560,832,563260,925089,3165,3431489,890558,57192,120235,447116,200315,170138,475776,1,18,8068,18,18,1,1,18,62
2384,32,6171285,37322,51402,17477,1063,480726,728489,2871,2978051,619161,50306,136537,248387,177343,193797,448353,1,13,5966,13,13,1,1,13,16
2385,33,7550091,20021,50973,27794,918,596308,921048,2637,3729650,836422,62785,76966,466245,242314,105762,410248,1,24,10734,24,24,1,1,24,68
2386,34,4334667,16775,43454,10196,508,286142,447017,2003,2285249,444630,38697,73060,157881,126815,118162,284078,1,17,7796,17,17,1,1,17,19
2387,35,7212269,16766,49292,15702,581,526363,761170,2192,3918139,760464,59774,81860,331877,221930,113115,353044,1,30,13638,30,30,1,1,30,42
2388,36,3291510,17080,40023,9973,554,230404,346487,2013,1674450,255914,27736,72033,114770,92826,109852,297395,1,12,5508,12,12,1,1,12,15
2389,37,4657449,17583,41645,11285,517,329895,485615,2016,2554343,351565,40702,73695,178881,140599,104090,325018,1,19,8699,19,19,1,1,19,23
2390,38,5349280,17899,45986,19531,506,380911,590229,2289,2690722,548453,45707,82280,261563,155687,107220,400297,1,21,9506,21,21,1,1,21,45
2391,39,6919934,18848,51054,20198,573,503734,762701,2039,3542763,811673,59230,81081,360685,206127,105002,394226,1,28,12670,28,28,1,1,28,49
2392,40,7750629,18580,49136,18797,531,535241,819283,2240,4045806,977467,64862,89309,392731,242995,110456,383195,1,31,14045,31,31,1,1,31,48
2393,41,8485603,25857,63136,21042,499,609399,908974,2967,4394878,901768,66932,148842,380092,260387,109031,591799,1,25,11422,25,25,1,1,25,30
2394,42,4938545,16408,43509,15375,605,341069,523172,2219,2657784,423665,41635,72842,211508,146072,111190,331492,1,20,9115,20,20,1,1,20,32
2395,43,4847379,32619,67006,16096,544,318240,505145,2768,2313100,398153,38268,153301,176994,132517,174893,517735,1,14,6424,14,14,1,1,14,17
2396,44,6671389,17196,51288,26262,568,479405,752445,2321,3312051,729560,58458,81739,402653,201197,109625,446621,1,26,11640,26,26,1,1,26,68
2397,45,7219815,33055,65445,26024,565,502021,810576,2927,3567382,826228,59361,149724,341228,207853,104969,522457,1,19,8649,19,19,1,1,19,34
2398,46,4835705,28956,47265,25757,916,380668,624415,2560,2287136,501749,37127,87476,247342,130678,106626,327034,1,15,6742,15,15,1,1,15,54
2399,47,7322862,32287,44037,12112,692,572037,842106,1911,3814926,773426,97752,78740,317037,248088,112434,375277,1,20,9150,20,20,1,1,20,25
2400,0,9215474,19595,55795,28492,651,674375,977865,2562,4647307,1073036,78850,91260,574747,279029,110144,601766,1,37,16513,37,37,1,1,37,78
2401,1,3683004,17783,38643,9105,612,236541,361972,1660,1883959,368148,31223,71097,126403,102539,115677,317642,1,14,6430,14,14,1,1,14,15
2402,2,4588200,17642,39970,8752,525,327281,476788,1837,2511388,333752,39629,69196,170729,148367,110172,332172,1,19,8715,19,19,1,1,19,20
2403,3,3491041,16122,38615,9406,587,254722,361179,1406,1837935,217955,32000,69226,138732,107816,111474,293866,1,14,6426,14,14,1,1,14,16
2404,4,6357005,18034,52316,28873,568,467442,709981,2426,3215721,645266,51847,81458,375599,177074,111637,418763,1,24,10722,24,24,1,1,24,70
2405,5,6897396,18326,52328,31451,591,509186,758867,2709,3358622,889189,57577,76820,414269,186043,109846,431572,1,26,11586,26,26,1,1,26,75
2406,6,3916808,17457,48069,26684,530,267690,481007,2270,1781857,466049,36598,88262,205594,100731,109800,284210,1,13,5825,13,13,1,1,13,59
2407,7,5653289,16823,51483,27769,542,415198,632187,2386,2769967,701133,46924,76402,318372,158898,105681,329524,1,21,9396,21,21,1,1,21,66
2408,8,7258005,17488,51532,28249,563,514269,773552,2676,3603675,934883,62283,77689,426752,205140,111618,447636,1,28,12502,28,28,1,1,28,73
2409,9,5184308,17952,50423,30122,586,378194,600809,2618,2486957,622287,42660,75711,305555,140452,107669,322313,1,19,8462,19,19,1,1,19,72
2410,10,8954873,17636,54739,29718,562,611107,951458,2690,4371208,1177394,74254,79775,577593,264900,147586,594253,1,34,15096,34,34,1,1,34,86
2411,11,6990267,21701,52890,33282,518,480086,786348,2790,3295634,933902,58751,79052,429858,195232,122942,497281,1,25,11117,25,25,1,1,25,78
2412,12,9767458,16970,53527,30103,595,761896,1123725,2677,4842999,1228795,77352,77138,680580,287484,111952,471665,1,28,12467,28,28,1,1,28,78
2413,13,10647052,17381,52549,29591,548,800385,1202097,2616,5263772,1363381,80754,77619,756699,384358,106754,508548,1,31,13814,31,31,1,1,31,78
2414,14,6425910,25179,50767,28822,554,441970,701629,2452,3150463,824521,47835,78283,369393,176943,108174,418925,1,24,10722,24,24,1,1,24,70
2415,15,5225598,18329,49596,25127,471,374007,581943,2474,2512657,659535,43629,74877,292123,142344,120391,328095,1,19,8517,19,19,1,1,19,62
2416,16,7372892,18223,52833,27459,537,519397,799903,2449,3699919,953499,62589,76477,427024,207118,111642,413823,1,28,12523,28,28,1,1,28,70
2417,17,8050675,19231,53966,36262,625,561589,856216,2735,3962180,1040273,62011,78622,516783,234274,111947,513961,1,31,13824,31,31,1,1,31,77
2418,18,5217273,18761,49979,25588,551,370018,584868,2958,2518051,646293,39129,74995,282397,146820,111150,345715,1,19,8517,19,19,1,1,19,62
2419,19,6484870,19795,50739,28029,842,514457,785047,2499,3099523,807168,53618,77262,387293,184445,106413,367740,1,20,8945,20,20,1,1,20,66
2420,20,8116913,39919,63049,47987,533,580651,871366,3588,3627475,966592,61054,135828,514410,215164,207656,781641,1,23,10258,23,23,1,1,23,72
2421,21,7740149,45841,81877,60747,606,537361,875959,3704,3379285,889430,54178,158808,516927,199876,179829,755721,1,19,8450,19,19,1,1,19,75
2422,22,3540224,16623,39851,10017,565,227625,344926,2078,1808241,344694,27242,72594,121033,94055,117174,313506,1,13,5965,13,13,1,1,13,16
2423,23,6142072,18653,54895,14242,895,454010,692357,2394,3246195,607813,52276,73543,282245,186044,111712,344798,1,21,9573,21,21,1,1,21,32
2424,24,7565545,17736,55252,31436,562,528588,842844,9533,3658402,871939,59707,80266,472270,205346,111141,620523,1,28,12446,28,28,1,1,28,81
2425,25,9130670,27900,52486,32206,600,699867,1056542,2637,4426604,1160089,73501,76401,656816,278024,112623,474374,1,25,11123,25,25,1,1,25,78
2426,26,5742283,16340,51804,30294,594,395913,643265,2783,2681998,752745,46260,75328,343904,155789,120696,424570,1,21,9352,21,21,1,1,21,74
2427,27,5553992,18627,50345,27599,693,396287,628770,2768,2640915,695555,44998,76602,316015,143731,112801,398286,1,20,8925,20,20,1,1,20,70
2428,28,9411027,28666,84182,53305,650,677590,1047770,3911,4363860,1172897,75587,142468,590335,278902,121602,769302,1,26,11615,26,26,1,1,26,71
2429,29,7254502,18605,47909,15583,810,523018,809769,2238,3798413,876979,58414,78454,329164,222614,112774,359758,1,29,13191,29,29,1,1,29,40
2430,30,3855539,17078,48405,25086,503,270599,454648,2603,1804420,452155,29201,76017,203272,98953,110589,262010,1,13,5833,13,13,1,1,13,57
2431,31,4029266,19785,48952,26005,856,318814,566203,2752,1808082,439611,27966,76593,220709,102349,106543,264046,1,13,5834,13,13,1,1,13,57
2432,32,3238535,15829,38397,9841,561,219462,323010,1970,1647477,318226,25117,71837,115109,87357,108524,255818,1,12,5508,12,12,1,1,12,15
2433,33,6654994,18187,52000,30233,554,471626,741481,2739,3325132,743528,55213,85970,386522,194535,110268,437006,1,25,11170,25,25,1,1,25,70
2434,34,3917941,16700,41846,10296,563,268996,388719,2192,2005231,394632,34609,72507,139294,113547,110364,318445,1,15,6883,15,15,1,1,15,17
2435,35,6429259,19230,48680,17454,534,441462,686131,2153,3423369,650785,54560,82792,304085,205946,122759,369319,1,26,11799,26,26,1,1,26,43
2436,36,4107547,17967,50624,10599,605,280142,418979,1962,2159598,356119,35709,73582,149861,121735,109632,320433,1,16,7336,16,16,1,1,16,19
2437,37,3254642,15976,37345,9741,532,226459,341052,2001,1704497,214936,28083,69104,121675,104636,107900,270705,1,12,5508,12,12,1,1,12,15
2438,38,5285233,19157,46507,19466,546,361864,570811,2334,2678529,533597,43209,81820,254276,147807,112601,412709,1,20,9055,20,20,1,1,20,44
2439,39,10516861,19047,51529,20841,578,785224,1159095,2201,5469815,1352179,102017,83083,608715,348680,105638,408219,1,31,14005,31,31,1,1,31,53
2440,40,7334167,17613,48336,18458,523,512055,767856,2005,3884056,843462,59409,80830,362466,230495,109214,397389,1,30,13588,30,30,1,1,30,48
2441,41,5341207,20143,42158,12244,845,399223,589259,2268,2787095,534086,46937,72969,210118,155810,147781,320271,1,21,9605,21,21,1,1,21,26
2442,42,9007916,41827,62001,27046,838,687799,1024314,3105,4498385,814829,83563,153243,430864,257141,180002,742959,1,19,8662,19,19,1,1,19,31
2443,43,3865169,16863,41595,10426,576,258949,387677,2638,2029226,328907,42729,72124,144331,113447,109358,306323,1,15,6884,15,15,1,1,15,17
2444,44,6097333,19341,50217,25707,597,435016,680164,2742,2983803,702578,51879,84037,359036,174098,112769,415349,1,23,10315,23,23,1,1,23,63
2445,45,5586023,34935,61821,27520,544,346016,579486,3070,2539577,729303,42432,135375,242396,148623,173685,521240,1,18,8196,18,18,1,1,18,33
2446,46,5626298,19938,48381,26856,591,398627,634862,2584,2696055,615357,47767,92682,332014,173346,113084,424154,1,21,9416,21,21,1,1,21,62
2447,47,4596537,17107,44204,11573,598,320255,462655,2203,2374368,488592,38747,79149,172710,133568,105663,345145,1,18,8240,18,18,1,1,18,23
2448,0,11641293,18099,57749,31774,599,842897,1290766,3190,5877375,1339113,132132,81985,865023,346735,117656,636200,1,36,15957,36,36,1,1,36,90
2449,1,6062873,17487,42143,9839,525,416971,610805,1811,3248782,623825,55026,71624,232825,200009,114100,417101,1,25,11447,25,25,1,1,25,26
2450,2,4233945,16783,40334,8769,625,310502,452649,2170,2338352,250548,36154,71843,154621,125743,109266,315586,1,17,7801,17,17,1,1,17,18
2451,3,3474618,18365,38970,9613,568,227841,373525,1584,1829074,200811,31352,71728,123064,111565,115459,321099,1,13,5969,13,13,1,1,13,15
2452,4,6109912,18066,51297,26941,614,445249,712421,2516,3046922,581695,52057,74726,370057,183003,110440,433908,1,24,10710,24,24,1,1,24,72
2453,5,9016290,31779,82488,56302,598,614047,971026,3926,4126198,1086760,67947,170567,550794,258603,191096,804159,1,26,11600,26,26,1,1,26,73
2454,6,6042034,19641,48231,27210,708,487333,794362,2348,2840656,738529,51761,74353,369786,188446,107880,290790,1,14,6272,14,14,1,1,14,60
2455,7,6656659,18684,51229,26108,539,468198,732997,2423,3266705,862726,53850,78584,370360,181799,124372,418085,1,25,11190,25,25,1,1,25,67
2456,8,7461219,18372,50827,28519,551,528412,799518,2486,3581269,1060197,60679,75516,433242,210657,109420,501554,1,28,12488,28,28,1,1,28,75
2457,9,4841886,18450,49932,28768,623,342218,576276,2568,2191712,624453,35908,77356,297718,126924,107621,361359,1,17,7572,17,17,1,1,17,72
2458,10,8511190,18641,53248,29294,567,575483,917882,2853,4229449,1090070,65683,85313,538766,242720,107258,553963,1,32,14216,32,32,1,1,32,84
2459,11,6719218,18868,53287,30241,595,461801,735244,2640,3205486,884556,47369,76602,413551,197209,105758,486011,1,25,11129,25,25,1,1,25,76
2460,12,7327967,18169,51853,30116,623,509466,774727,2280,3510604,995081,57726,80953,449755,209195,109409,528010,1,27,12023,27,27,1,1,27,77
2461,13,7953539,19512,69150,31153,530,544498,920630,2449,3753556,1110826,59828,78402,490789,224984,112884,534348,1,29,12885,29,29,1,1,29,82
2462,14,6113498,17566,51905,28210,579,441661,675966,2515,2892180,852891,48946,80172,354086,167771,105294,393756,1,23,10267,23,23,1,1,23,71
2463,15,7573122,17477,50113,28223,774,596469,905016,2480,3636647,978722,61523,77451,477361,220091,104581,416194,1,21,9368,21,21,1,1,21,71
2464,16,7419624,18450,52334,29024,553,542589,805521,2405,3600648,999521,61076,79442,453991,211118,105479,457473,1,28,12481,28,28,1,1,28,76
2465,17,7914535,18377,53283,37046,526,601894,851963,2492,3891166,1049505,60488,78800,470959,245710,103724,448602,1,31,13846,31,31,1,1,31,74
2466,18,7038941,28981,77541,29117,571,494841,816958,2965,3220566,874007,55380,126842,376173,209012,277100,448887,1,16,7180,16,16,1,1,16,58
2467,19,4764153,18452,49893,26684,580,350440,567382,2761,2227155,590785,36347,74869,258682,123438,106534,330151,1,17,7607,17,17,1,1,17,64
2468,20,7588600,19057,51585,28700,857,613663,925224,2379,3648626,965500,62101,75681,456618,218908,109864,409837,1,26,11605,26,26,1,1,26,72
2469,21,8200028,30960,79897,57602,584,560019,928601,3747,3486330,1026792,58320,141657,509969,217483,204944,893123,1,22,9780,22,22,1,1,22,77
2470,22,3504798,16866,40338,9767,589,229239,348845,1968,1764095,365370,27876,73621,128387,108084,118180,271573,1,13,5965,13,13,1,1,13,16
2471,23,5314926,18983,45213,14049,526,383040,547799,2033,2800298,539999,46803,75140,224780,154605,110090,351568,1,21,9573,21,21,1,1,21,32
2472,24,5580488,19434,49818,29555,973,432467,739016,2407,2627752,584265,44474,77189,316599,160193,110420,385926,1,20,8925,20,20,1,1,20,70
2473,25,5560529,18092,49939,32187,498,393806,662144,2624,2604839,685322,45372,75701,327028,148704,105811,408462,1,19,8445,19,19,1,1,19,77
2474,26,8581820,17560,53066,30868,527,624834,985208,2484,4144673,1183299,69342,87212,586899,247054,107540,441254,1,23,10228,23,23,1,1,23,78
2475,27,6377176,18184,51235,27009,565,440181,708695,2292,3063838,837568,51704,91650,363787,177409,114335,428724,1,24,10716,24,24,1,1,24,71
2476,28,7295284,29776,53974,30417,845,560729,895107,2583,3419303,918793,59522,79220,433739,210726,108992,491558,1,27,12024,27,27,1,1,27,77
2477,29,8646233,28838,72389,23063,598,583280,891999,3155,4228170,1056035,70845,157488,389534,244543,193695,702601,1,26,11836,26,26,1,1,26,37
2478,30,5292404,19275,58567,25877,539,403659,689107,2608,2491592,592013,41972,78331,299550,154114,107530,327670,1,16,7168,16,16,1,1,16,61
2479,31,5302186,19479,49379,27159,792,401476,663918,2360,2479276,655461,39885,76282,303072,143035,108023,332589,1,19,8506,19,19,1,1,19,64
2480,32,4054393,17283,40121,11049,630,289308,419667,1886,2119187,412319,34651,72141,148212,114682,106474,266783,1,16,7336,16,16,1,1,16,19
2481,33,9786086,18929,53838,31286,581,746399,1089603,2601,4908280,1117964,77138,78445,708387,319261,120075,513299,1,29,12908,29,29,1,1,29,79
2482,34,4132496,16721,40922,9527,549,270254,408475,1779,2186905,409915,33827,71124,144857,117724,122849,297068,1,16,7340,16,16,1,1,16,18
2483,35,8852782,17956,46421,15710,651,685333,1007598,2155,4732410,933589,75997,78275,471157,280574,117731,387225,1,25,11352,25,25,1,1,25,41
2484,36,3135903,16336,38540,8879,520,211346,331477,1914,1575478,267660,25713,68258,105320,88756,106559,289147,1,12,5511,12,12,1,1,12,14
2485,37,5505282,28829,55162,15837,595,381301,582648,2314,2668216,423832,44595,141200,208450,155129,204635,592539,1,14,6419,14,14,1,1,14,18
2486,38,6332546,18284,51183,20003,582,448800,686421,2082,3285847,666958,53102,81154,328014,193650,113809,382657,1,26,11766,26,26,1,1,26,48
2487,39,5791558,17580,48120,19492,550,402789,606474,2066,2945267,674426,47351,80943,272212,164956,105525,403807,1,22,9964,22,22,1,1,22,44
2488,40,6508905,17708,48464,17639,541,455200,674496,2148,3409429,758483,63403,80036,318599,191190,109818,361751,1,26,11795,26,26,1,1,26,43
2489,41,5088898,17267,43771,12340,600,344261,532002,2294,2736353,511558,43832,72757,205313,150848,105427,310275,1,21,9605,21,21,1,1,21,26
2490,42,4989416,17491,43542,16047,525,335485,518359,2207,2670951,485525,44434,75738,213293,148499,116833,300487,1,20,9120,20,20,1,1,20,31
2491,43,5705013,29608,58459,14917,850,417398,654367,3157,2811087,467372,47182,148543,216143,170051,174952,490927,1,13,5962,13,13,1,1,13,17
2492,44,5323039,20090,50469,24754,808,424756,690318,2451,2536206,553812,41685,83547,293138,144775,105632,350598,1,19,8519,19,19,1,1,19,61
2493,45,4948884,16725,44691,15905,512,329579,506155,2184,2497780,578723,40785,142777,210318,142511,107184,313055,1,19,8649,19,19,1,1,19,34
2494,46,5182267,33915,73478,54478,646,354928,624030,3609,2125241,526657,35788,162687,286424,141124,146671,612591,1,13,5836,13,13,1,1,13,56
2495,47,4155856,15893,43896,10649,628,278932,416599,1943,2145913,432136,36110,76875,153783,116163,105176,321160,1,16,7328,16,16,1,1,16,21
2496,0,8369553,18022,54217,31786,511,594496,912664,2814,4124257,965984,71397,81066,560232,236126,121442,594539,1,32,14224,32,32,1,1,32,83
2497,1,4696794,26119,40790,9594,686,310201,490212,2052,2455691,491722,36650,70429,168817,136709,112282,344840,1,19,8715,19,19,1,1,19,20
2498,2,4716502,18581,39561,10288,635,337182,496273,1830,2589024,310572,44885,69633,176697,175753,110656,334932,1,18,8258,18,18,1,1,18,19
2499,3,3573570,16550,40473,9794,584,239116,382305,1574,1907708,211212,32700,73772,127440,104926,108229,317187,1,14,6426,14,14,1,1,14,16
2500,4,6369601,19551,50893,30761,930,488850,791894,2495,3054454,692303,63202,77086,387678,173356,109275,426873,1,24,10680,24,24,1,1,24,77
2501,5,9503914,32098,66923,47952,697,728590,1207255,3328,4375590,1171255,70107,131879,655445,259695,183139,569961,1,21,9367,21,21,1,1,21,71
2502,6,9121214,42110,72848,55984,979,722217,1150214,3577,4098589,1090421,70006,143556,625505,251829,189908,603471,1,18,8042,18,18,1,1,18,67
2503,7,5957056,19905,51213,28611,496,411548,657688,2707,2821151,802253,47520,75789,328488,167621,155952,386114,1,22,9840,22,22,1,1,22,67
2504,8,9671024,19812,54370,30504,980,757661,1134935,2784,4702871,1220498,82952,77441,647642,292310,120538,525726,1,29,12907,29,29,1,1,29,79
2505,9,6033394,17968,51979,30851,572,424217,701100,2645,2801665,760235,50952,78210,368813,167156,114122,462909,1,22,9786,22,22,1,1,22,76
2506,10,8986285,21766,53469,31267,1070,693765,1093351,2839,4258600,1117516,66781,77771,614021,262633,110010,581426,1,31,13767,31,31,1,1,31,84
2507,11,11226638,27506,86883,64825,758,765233,1293886,2942,5273767,1446666,84593,149607,804040,323281,116733,785918,1,34,15092,34,34,1,1,34,86
2508,12,8977653,33832,55955,38234,639,579570,897079,3997,4142131,1067217,61717,89687,533350,237243,188725,1048277,1,32,14232,32,32,1,1,32,82
2509,13,8984056,34540,73249,60768,570,586281,1006692,4003,4050019,1075523,65872,142110,585811,249769,208774,840075,1,28,12439,28,28,1,1,28,82
2510,14,5820728,18750,50547,29189,511,418759,645756,2418,2701066,764484,44787,78406,350438,155219,108931,451467,1,21,9363,21,21,1,1,21,72
2511,15,5341978,17922,49571,29839,553,403238,619848,2437,2424504,727578,43670,75715,313445,142091,105681,385886,1,19,8468,19,19,1,1,19,72
2512,16,6820518,17999,52047,43338,563,477663,734674,2598,3292201,958751,58519,76635,396167,201806,108763,398794,1,25,11191,25,25,1,1,25,67
2513,17,9563629,18024,52628,28209,531,740304,1039597,2641,4744963,1310641,85245,75982,644763,295623,105904,418574,1,26,11607,26,26,1,1,26,72
2514,18,5430331,37172,69544,50057,527,341666,619078,3627,2356799,652049,39996,134192,287478,133473,175331,529342,1,17,7624,17,17,1,1,17,59
2515,19,5055834,20547,47858,25864,824,401053,660569,2590,2344502,616566,39035,75992,305990,140082,108264,266098,1,13,5827,13,13,1,1,13,59
2516,20,9597016,20092,52378,28197,726,758098,1148330,2652,4773361,1153770,74303,76222,636418,312831,110308,449330,1,29,12949,29,29,1,1,29,73
2517,21,6398914,33342,71255,52538,569,424055,763366,3752,2775327,788179,47696,133905,383823,158055,198744,564308,1,17,7584,17,17,1,1,17,69
2518,22,4664987,17711,41381,9872,823,356023,548518,1966,2397191,463854,38166,75523,175018,144421,106690,287830,1,13,5965,13,13,1,1,13,16
2519,23,6242518,18226,48317,15922,565,445188,682060,2056,3307192,641552,55314,81434,283538,188595,108598,363961,1,26,11827,26,26,1,1,26,38
2520,24,6655470,18371,52857,30309,600,461019,772895,2754,3237654,729796,53760,79252,413790,186220,115525,500668,1,25,11128,25,25,1,1,25,77
2521,25,8785193,17504,52420,32455,586,645211,1046210,2846,4164721,1168642,95983,76502,665373,261229,109565,445946,1,23,10211,23,23,1,1,23,81
2522,26,7174329,30146,79715,60734,584,474264,821963,4004,3087334,857467,51834,179425,456503,184437,177982,707937,1,17,7567,17,17,1,1,17,73
2523,27,7504341,31694,80653,53749,537,521070,859239,3563,3299869,842389,53621,174597,455885,195044,195149,737282,1,19,8486,19,19,1,1,19,68
2524,28,6947649,18335,51554,29203,581,493898,777466,2759,3336218,905187,54927,76026,433065,194930,117722,455778,1,26,11603,26,26,1,1,26,73
2525,29,8558121,18184,45799,15171,574,607879,925425,2487,4571182,1079186,77661,74116,430682,269406,104549,335820,1,25,11384,25,25,1,1,25,36
2526,30,3623639,19234,48653,26771,624,257241,491826,2602,1642793,379542,25729,75794,192439,91747,109952,258692,1,12,5373,12,12,1,1,12,60
2527,31,4056057,16951,47713,36499,535,285830,475218,2484,1918155,462071,31988,74113,219730,107419,109292,268059,1,14,6285,14,14,1,1,14,57
2528,32,5176862,30736,59224,16640,541,350364,559542,2819,2493038,515834,39563,124114,199778,137170,199477,448022,1,14,6420,14,14,1,1,14,18
2529,33,6299187,18048,51411,29990,648,465502,709640,2780,3072744,696593,48905,77220,392681,170160,111368,451497,1,24,10680,24,24,1,1,24,77
2530,34,4610594,17416,45007,10787,505,307795,450102,1803,2416191,507708,63728,78295,164806,138055,108452,299944,1,18,8253,18,18,1,1,18,20
2531,35,5488821,17904,47869,29143,592,378311,577466,2169,2913831,520918,45933,83008,246772,154760,109231,360914,1,22,10000,22,22,1,1,22,38
2532,36,4045086,16459,40995,10063,633,276298,408785,1947,2156136,351394,34389,81944,151400,125468,107297,281878,1,16,7340,16,16,1,1,16,18
2533,37,4501276,31148,44097,14191,466,294874,443571,2463,2238135,296004,37202,75805,169497,126837,173457,553529,1,17,7783,17,17,1,1,17,22
2534,38,6337904,19822,57760,19379,837,512481,798510,2052,3218454,599764,53732,85156,332727,199150,106819,331261,1,17,7707,17,17,1,1,17,40
2535,39,6973619,18609,49349,20692,514,495721,723927,2288,3534824,910074,66959,84181,355192,213102,105926,392261,1,28,12656,28,28,1,1,28,51
2536,40,8814299,32013,67528,32331,590,608968,911560,2634,4372898,1067711,68668,144878,455912,270417,182221,595970,1,30,13580,30,30,1,1,30,49
2537,41,5689843,34634,61693,21130,540,365541,567044,2984,2800924,526612,44939,155746,224028,158156,195131,530741,1,21,9600,21,21,1,1,21,27
2538,42,5622315,35953,82978,26455,573,347299,578993,3006,2734685,538248,44193,134257,231013,154288,181341,529033,1,20,9125,20,20,1,1,20,30
2539,43,3445461,19525,39705,9953,590,231376,359848,1915,1769439,292744,28928,71345,121733,93178,119308,285874,1,13,5962,13,13,1,1,13,17
2540,44,5480629,18844,49815,24693,581,412815,623650,2558,2719036,584549,43514,80208,312696,150675,109597,347398,1,21,9420,21,21,1,1,21,62
2541,45,4246890,17157,42436,15368,540,346127,437770,2252,2114650,463764,34985,75454,173673,125524,106934,290256,1,16,7296,16,16,1,1,16,29
2542,46,4786575,17699,57085,28516,536,329109,573044,2696,2241065,546732,37039,84462,263540,125353,109252,370447,1,17,7614,17,17,1,1,17,62
2543,47,4605439,24401,42400,11455,594,317552,472603,1966,2394247,467530,42420,74838,173448,136178,107912,337895,1,18,8241,18,18,1,1,18,23
2544,0,9957484,28914,86269,66604,606,659040,1123422,4215,4503436,1043387,74503,167278,682809,268116,131111,1117774,1,28,12418,28,28,1,1,28,85
2545,1,5446336,18654,44589,10285,559,369159,550171,1894,2918774,565854,47059,77720,204108,163816,109430,364264,1,22,10082,22,22,1,1,22,23
2546,2,3955177,19487,39345,9407,901,288558,446557,1926,2145412,238954,32729,69236,142982,123688,117223,278772,1,15,6887,15,15,1,1,15,16
2547,3,3838722,18639,37460,9566,604,297814,401192,1650,2061413,220138,32891,68368,144305,125447,118234,301001,1,16,7340,16,16,1,1,16,18
2548,4,6451753,17233,51732,28787,600,490693,724037,2484,3210088,663155,88695,77361,387302,179467,111964,418155,1,25,11162,25,25,1,1,25,72
2549,5,6743641,18979,52196,30527,832,516847,846527,2451,3083915,905982,54709,78626,414050,188289,110260,439451,1,24,10686,24,24,1,1,24,76
2550,6,6097426,21011,50105,26967,889,491841,755741,2476,2835858,750998,46896,79192,341195,189517,107091,397649,1,20,8950,20,20,1,1,20,65
2551,7,8432166,42996,74241,50255,549,569286,947416,3737,3823744,1016562,63931,152712,495220,237939,189382,764196,1,24,10734,24,24,1,1,24,68
2552,8,6864758,18719,53092,30501,576,467103,748184,2524,3212254,986109,55695,79025,415783,190681,123855,480657,1,26,11563,26,26,1,1,26,79
2553,9,6532640,18173,51364,32279,643,454455,733941,2428,3070242,878214,51136,75962,392222,175563,106030,489988,1,24,10656,24,24,1,1,24,81
2554,10,9508112,35576,75361,63928,572,623682,1013562,2828,4350006,1145080,65874,175937,619544,258168,188885,889109,1,31,13774,31,31,1,1,31,83
2555,11,10650648,19585,53884,32019,602,805993,1188331,2824,5149932,1400227,85215,77681,775829,335926,109313,613287,1,32,14208,32,32,1,1,32,85
2556,12,7427294,39582,72916,56232,604,467628,818755,3676,3255105,875816,53383,160167,429894,206445,218269,768822,1,24,10686,24,24,1,1,24,76
2557,13,7103447,18262,52190,30908,552,485726,767072,2586,3414429,924558,65012,79596,438398,203977,104288,515893,1,27,12016,27,27,1,1,27,78
2558,14,8443786,40947,92670,56058,595,543031,891657,3761,3749003,1073872,62473,134987,494379,237131,188506,874716,1,29,12929,29,29,1,1,29,76
2559,15,5192112,17938,50988,28619,577,354325,580503,2415,2488674,619908,37203,76478,288829,131438,118633,395584,1,18,8029,18,18,1,1,18,70
2560,16,10808940,36973,85070,57100,719,821653,1265133,3708,5000358,1340599,90221,165902,685404,321806,185610,748684,1,24,10716,24,24,1,1,24,71
2561,17,8737425,20037,53716,28145,812,663561,1043157,2688,4231044,1136449,71507,76401,572846,253792,110844,472426,1,26,11602,26,26,1,1,26,73
2562,18,6040913,20345,51000,25879,742,475363,767713,2233,2804044,798772,48161,75730,335493,172131,110278,353029,1,19,8513,19,19,1,1,19,63
2563,19,5415394,18058,50400,27698,547,372035,617276,2763,2567719,720041,42739,76787,298323,147603,117704,355701,1,20,8955,20,20,1,1,20,64
2564,20,7625504,17790,52811,29049,549,555847,807452,2442,3717899,1015908,63441,87933,457945,216688,116134,483616,1,29,12926,29,29,1,1,29,76
2565,21,8026072,18190,49398,28104,547,598187,966556,2575,3876843,1026084,87914,75777,557794,251666,109359,377078,1,19,8469,19,19,1,1,19,71
2566,22,5520657,18313,41424,10482,729,433158,613138,1952,2928017,582130,48345,74433,207773,175161,106083,279519,1,14,6422,14,14,1,1,14,17
2567,23,5419077,24963,44403,16342,510,360060,581488,2654,2722735,536964,46964,75214,231286,162014,180428,433052,1,21,9573,21,21,1,1,21,32
2568,24,5281596,18112,50384,31165,525,368183,613308,2635,2475836,588904,40527,76996,329525,142481,126217,416798,1,19,8456,19,19,1,1,19,75
2569,25,5167079,17540,48822,30704,554,360609,589672,2533,2368393,689048,39235,84469,304243,134727,106049,390481,1,18,8008,18,18,1,1,18,75
2570,26,6047150,20260,52272,39744,590,416742,677039,2775,2852041,780643,48355,77554,362166,158093,113477,445399,1,22,9786,22,22,1,1,22,77
2571,27,7188523,31906,70162,50153,628,481823,868139,3260,3154926,903324,55992,112111,435764,187146,192854,640335,1,20,8930,20,20,1,1,20,69
2572,28,6133058,18408,51444,27732,513,451171,666348,2294,2990951,767723,49778,77903,347179,167195,109713,404706,1,23,10277,23,23,1,1,23,69
2573,29,6013598,33928,73429,27309,524,383751,599506,3196,2834925,701587,63300,156025,250691,167781,186550,531096,1,21,9573,21,21,1,1,21,32
2574,30,4793265,17091,51454,27967,576,331136,552240,2708,2297121,542766,38261,77205,277459,127550,120225,329506,1,17,7596,17,17,1,1,17,66
2575,31,4292579,17898,57259,26909,636,295916,513954,2944,1981175,541439,34267,75505,232615,112766,110682,288614,1,15,6719,15,15,1,1,15,61
2576,32,3096926,17689,38615,10584,600,192958,294505,1973,1604432,281959,23699,72885,102366,79851,116573,258237,1,10,4591,10,10,1,1,10,14
2577,33,6693084,20281,53098,30227,580,458854,736888,2789,3256349,773849,54293,86251,443277,193374,115102,467872,1,25,11154,25,25,1,1,25,73
2578,34,4719970,19042,43571,10155,915,323323,484529,2183,2561571,449695,39821,76462,163609,138803,120565,285726,1,18,8253,18,18,1,1,18,20
2579,35,5706244,19512,47867,15851,597,403496,605109,2331,3040333,535905,51234,76821,257300,166300,117880,365708,1,23,10461,23,23,1,1,23,38
2580,36,3603783,16373,42047,9781,574,238162,359119,1954,1905801,326144,29403,72103,125988,100096,111930,264308,1,14,6427,14,14,1,1,14,16
2581,37,3808561,18214,43192,10724,675,263175,400366,1880,2008633,256044,34225,74051,148637,114223,131294,303228,1,15,6872,15,15,1,1,15,20
2582,38,4565419,18961,46459,21069,572,315387,515127,2233,2273254,381814,35642,86262,217522,141386,114190,395541,1,17,7699,17,17,1,1,17,42
2583,39,7266745,38801,54124,22158,578,511079,769159,3020,3780713,872998,60994,80679,380484,203437,120797,367724,1,28,12642,28,28,1,1,28,53
2584,40,5695056,20290,48972,18171,546,386308,605988,2866,2885937,678517,48135,79645,263669,170745,124567,360700,1,22,9980,22,22,1,1,22,41
2585,41,4178780,18281,42031,13462,480,278047,443322,2273,2150019,418441,34291,75517,167559,119855,118477,296725,1,16,7320,16,16,1,1,16,23
2586,42,5312996,19207,40957,14687,900,403285,632360,2014,2769316,498970,44480,72002,234668,166603,111231,302316,1,15,6850,15,15,1,1,15,26
2587,43,2608566,17016,54253,9113,525,166571,266043,2130,1285816,195889,20437,72461,88285,71526,107190,251311,1,9,4132,9,9,1,1,9,13
2588,44,6992259,20507,62473,28282,934,551360,829445,2993,3428128,749752,56480,84771,427606,194326,123114,432088,1,21,9403,21,21,1,1,21,65
2589,45,3613195,17058,42124,14113,538,243676,381142,2208,1768945,434483,28881,78304,137712,95520,112322,256169,1,13,5937,13,13,1,1,13,25
2590,46,5157899,19043,48029,30187,517,373740,581272,2822,2432384,639184,41436,93310,285052,139717,111986,359220,1,18,8063,18,18,1,1,18,62
2591,47,4339877,25932,44319,11573,596,320801,443968,2029,2203489,449967,37656,76765,164997,122512,110252,325021,1,17,7784,17,17,1,1,17,22
2592,0,8761461,18908,55089,28610,538,627761,941176,2954,4332224,1025023,73842,83416,548536,256006,111862,655516,1,35,15600,35,35,1,1,35,80
2593,1,7474546,22827,59782,13884,570,557180,840384,1955,3895145,795280,67090,136617,315310,261898,111386,395238,1,21,9626,21,21,1,1,21,22
2594,2,4989093,19367,41233,8963,835,394844,597035,1855,2713252,323073,42683,72723,195738,175528,114411,287553,1,14,6430,14,14,1,1,14,15
2595,3,4248003,17485,40358,10854,781,332373,479866,1539,2300737,239322,36780,70185,158710,139517,108779,310717,1,17,7797,17,17,1,1,17,19
2596,4,6904689,19869,55924,30448,785,495479,785975,3442,3448772,744069,55657,81830,430233,193528,128259,430419,1,26,11600,26,26,1,1,26,74
2597,5,8935297,18071,51772,29749,697,685745,1009159,3097,4342674,1173286,72824,75672,623236,285334,117822,446159,1,24,10704,24,24,1,1,24,73
2598,6,6705235,20136,49070,27984,916,547495,925853,2829,3111815,816875,52189,77582,439779,207717,112397,312598,1,15,6701,15,15,1,1,15,66
2599,7,6163938,18399,51518,26980,535,428250,669371,2886,3042218,800977,50370,76058,337991,167698,113320,377367,1,23,10304,23,23,1,1,23,65
2600,8,8766906,34573,74713,56021,572,602620,945669,4064,4044119,1027985,68858,134212,529310,245166,201581,797443,1,27,12039,27,27,1,1,27,75
2601,9,10482610,17790,52427,28104,601,800847,1147320,2898,5225760,1395420,88064,76258,696526,341971,109899,498725,1,30,13401,30,30,1,1,30,73
2602,10,8770381,17880,54644,30978,893,676015,1013769,3078,4207364,1134926,66392,75919,559820,260805,110675,557223,1,29,12893,29,29,1,1,29,81
2603,11,8046879,20410,54600,31248,605,556035,873314,3026,3922865,1038660,62958,86072,521789,232727,107939,534631,1,31,13776,31,31,1,1,31,83
2604,12,6863306,17488,55473,27806,687,483156,762339,2708,3337236,865007,50521,78051,400205,197790,134580,450259,1,25,11158,25,25,1,1,25,72
2605,13,8255500,17492,54847,30127,714,633490,857307,3492,4031982,1067877,66108,78931,518116,229655,120715,544647,1,30,13362,30,30,1,1,30,78
2606,14,7871225,25832,75588,50403,654,578705,965464,3068,3686604,970244,60049,145676,515184,215886,115476,462392,1,20,8930,20,20,1,1,20,69
2607,15,7101917,29466,77337,47282,754,481655,820369,4157,3126028,816698,53533,150840,423222,183494,195352,691730,1,18,8041,18,18,1,1,18,67
2608,16,7382205,18361,53222,43816,613,521354,785528,2604,3637120,1001991,60556,76529,432847,202629,116559,428476,1,28,12495,28,28,1,1,28,74
2609,17,7075956,19491,52483,28332,593,507984,759519,3136,3473714,903156,56607,73824,417564,199696,131116,448741,1,27,12060,27,27,1,1,27,72
2610,18,5022979,18531,49428,25763,586,376340,594175,2564,2376621,608743,38450,76564,265714,129312,114126,346062,1,18,8063,18,18,1,1,18,62
2611,19,5912976,18592,51152,26083,641,423405,703449,3035,2848646,746745,47416,74550,334634,167450,122322,344856,1,22,9858,22,22,1,1,22,64
2612,20,7218477,18199,54316,27942,719,524373,753985,2969,3527780,938914,56498,78004,424484,199174,118733,492387,1,27,12061,27,27,1,1,27,71
2613,21,5323875,17772,49465,27531,781,396451,603044,2570,2527401,646928,41760,74615,306991,142339,108727,377500,1,19,8478,19,19,1,1,19,69
2614,22,3875039,16934,40284,11190,720,270173,389523,2024,1973063,391006,31368,75741,138460,109741,105846,318966,1,15,6880,15,15,1,1,15,18
2615,23,4588093,16149,42444,14932,632,311086,502119,2287,2400255,413945,38989,73562,192305,130127,106072,343189,1,18,8210,18,18,1,1,18,29
2616,24,5201472,18923,49180,29918,610,363244,609673,2614,2490905,548145,41993,78199,319196,149371,113554,385947,1,19,8470,19,19,1,1,19,72
2617,25,5583421,18945,49544,31302,579,427960,642568,2466,2618626,672213,45781,77264,344789,158156,104362,388866,1,20,8905,20,20,1,1,20,74
2618,26,4428500,17837,48519,30237,707,313189,538514,2831,2016277,538499,34509,76055,261542,116319,109368,324097,1,15,6675,15,15,1,1,15,73
2619,27,5235117,17586,48322,26667,649,358769,603972,2819,2520770,659527,40197,73877,291995,153518,104206,332243,1,19,8490,19,19,1,1,19,67
2620,28,7294426,17680,52812,27971,562,504530,785070,2752,3632989,966022,62820,75400,413779,213896,107584,430559,1,27,12070,27,27,1,1,27,70
2621,29,5414016,16849,44198,13671,570,359176,549615,2242,2831536,644451,45655,88779,248231,153454,113032,302557,1,21,9578,21,21,1,1,21,31
2622,30,4434265,18107,47188,24794,697,315132,527506,2540,2146768,469090,33598,73976,256854,119890,108064,290061,1,16,7172,16,16,1,1,16,60
2623,31,5027242,18998,50743,27026,614,352315,569276,2394,2411842,627448,40498,84657,272881,134845,106447,327258,1,18,8071,18,18,1,1,18,61
2624,32,3979474,16798,39641,10745,808,261448,397535,2254,2078305,402648,32346,78311,146176,116270,115482,280707,1,15,6881,15,15,1,1,15,18
2625,33,5053850,17516,52423,30337,608,377381,611262,3154,2410100,494665,39171,79558,309299,138786,114659,374931,1,18,8009,18,18,1,1,18,74
2626,34,3773959,17322,40048,9696,555,241772,367966,2013,1960014,370107,31661,74767,131228,121426,107470,297914,1,14,6422,14,14,1,1,14,17
2627,35,6527192,17996,59926,15012,594,463294,686199,2288,3496823,676172,56941,81290,309798,194710,104182,361967,1,27,12265,27,27,1,1,27,42
2628,36,3455747,25332,56592,36896,539,227882,347404,1952,1722064,324264,44067,70136,123552,95849,101570,277648,1,13,5969,13,13,1,1,13,15
2629,37,3610566,16290,39192,9698,581,238650,365815,1557,1991237,243974,29528,74356,128498,100052,102061,269077,1,14,6422,14,14,1,1,14,17
2630,38,4346757,18265,46805,18899,457,294481,492057,2154,2205876,402515,36172,81055,199564,121177,102992,324288,1,16,7260,16,16,1,1,16,38
2631,39,5923955,17308,47642,19501,529,410371,624920,2282,3028876,690774,49099,80656,289176,186076,111845,364900,1,23,10419,23,23,1,1,23,44
2632,40,5702185,16961,45749,16373,539,405544,595897,2410,2926361,683767,49280,80491,261922,165509,109729,341653,1,22,9986,22,22,1,1,22,40
2633,41,3903719,16545,41352,11672,527,264552,400442,2036,2058189,391793,31505,74030,145870,109488,105524,250194,1,15,6872,15,15,1,1,15,20
2634,42,5053378,17428,42423,14843,606,351177,524485,2274,2689368,504860,41829,76932,211593,146517,106107,322936,1,20,9120,20,20,1,1,20,31
2635,43,2354298,16703,35023,9771,541,145261,237698,1972,1137674,175963,16993,83263,77421,62296,107284,246435,1,8,3674,8,8,1,1,8,12
2636,44,4383084,18240,48732,24098,556,319313,521847,2614,2118857,444308,35646,91973,249688,121325,105629,280258,1,16,7188,16,16,1,1,16,56
2637,45,5211529,18553,46154,15341,711,359936,543178,2150,2703720,593731,44186,80228,232958,146005,112386,312292,1,20,9105,20,20,1,1,20,34
2638,46,5710481,18615,49074,27944,613,402527,642052,2826,2752456,642135,45545,84631,325586,156098,118121,442258,1,21,9411,21,21,1,1,21,63
2639,47,5280958,15676,46760,10025,618,354560,526772,2220,2825346,550347,46341,78293,213616,151802,110895,347687,1,21,9616,21,21,1,1,21,24
2640,0,7681987,17912,54867,31029,682,555765,827356,2992,3740715,881066,60781,82426,479217,218175,113450,615554,1,29,12904,29,29,1,1,29,79
2641,1,5035398,16582,41825,8976,651,336037,490624,1938,2667987,558447,42981,74417,182394,143791,108338,360410,1,20,9170,20,20,1,1,20,21
2642,2,5304794,18414,52459,9632,589,368676,558076,2060,2966713,355886,49606,76484,220660,167757,108879,348903,1,23,10537,23,23,1,1,23,24
2643,3,4510270,16126,42569,11030,680,320100,461064,1696,2519964,265215,40072,72459,172419,135735,113669,337472,1,18,8253,18,18,1,1,18,20
2644,4,6273945,18958,57152,28710,804,458129,729024,3906,3138894,588468,49333,82183,397625,177456,135412,407891,1,23,10247,23,23,1,1,23,75
2645,5,8238084,19130,66760,32762,694,565842,905493,4044,4066785,1042264,58473,77581,513292,230962,140051,513951,1,30,13376,30,30,1,1,30,76
2646,6,4451639,17044,52206,27495,625,310596,508044,3351,2095152,525387,33060,76417,243806,113134,137134,308188,1,15,6718,15,15,1,1,15,62
2647,7,5818205,18516,51571,26871,698,395433,671608,3134,2826516,766117,47042,75575,318425,158626,119224,338849,1,21,9395,21,21,1,1,21,66
2648,8,8009390,17878,60758,33512,931,562386,887886,3255,3902252,1015116,61073,77339,494305,222357,155829,514513,1,29,12908,29,29,1,1,29,79
2649,9,7063813,18333,62387,31319,680,491294,769970,3535,3450645,918573,56979,77531,423787,193242,129021,436517,1,26,11588,26,26,1,1,26,75
2650,10,9790948,20891,73005,31706,730,691244,1043192,3647,4862745,1231271,81911,82725,631287,274229,142249,620116,1,36,16002,36,36,1,1,36,85
2651,11,8019568,19031,61730,32309,807,552136,834193,4182,3867032,1086078,59073,77119,509286,247621,132164,536807,1,29,12896,29,29,1,1,29,80
2652,12,9050734,18146,70120,31260,691,622831,1019120,3442,4390486,1149822,73579,79959,567628,253109,134454,636087,1,33,14662,33,33,1,1,33,84
2653,13,7959959,17528,52855,30787,710,534479,848461,3220,3939581,1006809,65999,80248,491139,232848,124136,531159,1,29,12902,29,29,1,1,29,80
2654,14,7961075,19066,75569,32441,686,542833,918803,4090,3838495,1000822,58780,81856,478047,223111,161448,525028,1,29,12938,29,29,1,1,29,75
2655,15,5253075,19884,67874,28623,632,370956,663423,3403,2461098,590070,37567,78632,290885,130030,147243,362755,1,17,7597,17,17,1,1,17,66
2656,16,7101849,18637,58593,29069,708,482306,780832,3430,3530048,920034,59371,76815,415914,198925,126366,400801,1,26,11597,26,26,1,1,26,74
2657,17,7735912,18094,57925,28627,736,531587,817478,3514,3818049,1050671,59703,77368,464970,219687,117453,470050,1,29,12942,29,29,1,1,29,75
2658,18,5299525,18384,55721,29114,660,370705,614450,4015,2540061,645010,38900,75832,297769,134110,132943,341851,1,18,8058,18,18,1,1,18,63
2659,19,4895183,18054,54482,25710,663,338847,535686,3535,2372112,633034,35796,74646,269195,120973,131843,280607,1,16,7180,16,16,1,1,16,58
2660,20,7076045,17787,61959,30235,700,507426,795527,3768,3518284,836756,55662,76083,425120,191353,141281,414104,1,25,11162,25,25,1,1,25,71
2661,21,4582101,17541,54220,29736,628,317068,544184,3578,2108488,556010,33802,75516,270516,116423,121946,332445,1,15,6690,15,15,1,1,15,68
2662,22,3817097,18452,49080,11554,761,246358,375810,3102,1943244,344568,28568,75602,139848,97113,136762,346275,1,13,5961,13,13,1,1,13,17
2663,23,6363281,18894,67717,15081,684,455415,719796,3746,3336343,622510,53646,75422,279993,178862,143766,391406,1,24,10938,24,24,1,1,24,34
2664,24,5767326,18278,57426,32327,737,404913,657617,3764,2841684,603153,43617,77501,347030,151565,145597,382117,1,20,8905,20,20,1,1,20,74
2665,25,5439937,17994,52788,31958,824,375592,630930,3449,2536136,681437,41453,87903,331313,138039,120399,389722,1,18,7991,18,18,1,1,18,78
2666,26,5898626,18326,49157,32109,581,444060,678958,3689,2710605,760576,44672,76177,361483,156427,113289,448517,1,21,9319,21,21,1,1,21,81
2667,27,6560755,19250,52501,28155,621,443525,742864,3552,3134552,863422,50885,131876,381355,176768,109017,422412,1,24,10710,24,24,1,1,24,72
2668,28,8110149,18095,52489,28104,637,597515,864712,3077,4026655,1040804,59511,79237,482137,232630,115011,509535,1,31,13837,31,31,1,1,31,75
2669,29,6451264,17363,46217,14633,677,447331,653779,2350,3392044,813423,52370,77642,273517,191887,105833,362198,1,26,11849,26,26,1,1,26,35
2670,30,3190524,18080,47380,27300,527,226898,419566,2742,1428069,322127,23277,76444,169154,81698,106455,240807,1,10,4470,10,10,1,1,10,62
2671,31,4938572,18009,49305,27329,583,338761,572201,2617,2377539,598089,39286,82333,280389,132440,104379,315312,1,18,8056,18,18,1,1,18,64
2672,32,4482690,16456,39568,10492,498,333380,452842,1956,2383500,449561,37976,72122,169329,129873,104979,280158,1,18,8250,18,18,1,1,18,21
2673,33,5394084,18317,49158,30221,540,385957,628013,2613,2609141,522493,43883,76965,337324,152594,106344,430521,1,20,8900,20,20,1,1,20,75
2674,34,4462452,16877,40197,10939,572,286514,436599,1925,2356635,476397,38947,73966,161076,132955,105054,323799,1,17,7791,17,17,1,1,17,20
2675,35,7872721,16979,49473,16805,605,564908,819314,2141,4272381,843126,75642,79603,381701,256049,105812,388182,1,33,14970,33,33,1,1,33,47
2676,36,4002645,16958,48321,10060,546,281059,437110,1999,2099863,331779,35591,73665,145804,119039,104586,296265,1,16,7340,16,16,1,1,16,18
2677,37,4206213,19100,48654,11789,683,284892,440988,1576,2225588,322422,35643,72140,174925,124125,106923,336765,1,17,7787,17,17,1,1,17,21
2678,38,4810090,16481,44754,19680,545,355869,537668,2349,2427345,418723,41548,83847,257005,139692,105113,359471,1,19,8601,19,19,1,1,19,44
2679,39,6184652,17425,49244,19982,626,436909,697205,2290,3133551,753913,51665,79450,306208,194812,113877,327495,1,24,10860,24,24,1,1,24,47
2680,40,6020823,17413,45285,18177,559,418257,638444,2144,3091421,690479,50270,79472,290115,175148,103882,399757,1,24,10872,24,24,1,1,24,45
2681,41,5261267,17338,41820,11975,586,361885,552573,2369,2839792,529041,45604,74154,215878,159609,104038,304605,1,21,9605,21,21,1,1,21,26
2682,42,4752542,17300,41565,14430,526,348468,506640,2190,2474460,444292,41652,71339,203467,146917,105466,333830,1,19,8666,19,19,1,1,19,30
2683,43,2375170,16634,36219,9399,619,148978,253994,2042,1141189,164877,18559,70551,82368,62160,104612,262969,1,8,3672,8,8,1,1,8,13
2684,44,6575500,18293,49375,27731,576,469906,736191,2484,3254622,754678,55099,92587,398142,191837,102653,421326,1,26,11638,26,26,1,1,26,68
2685,45,5265112,17495,43400,16172,533,365349,555389,2282,2683400,632516,44688,79192,236647,153952,104902,329195,1,21,9549,21,21,1,1,21,37
2686,46,5471193,17709,47644,25522,524,382943,604102,2804,2630774,634061,42693,84570,302109,158286,107370,430082,1,20,8970,20,20,1,1,20,61
2687,47,4960662,17805,43868,10570,639,330262,496464,1986,2639632,517287,44786,76585,186195,145744,102808,346031,1,20,9160,20,20,1,1,20,23
2688,0,9422368,16708,55410,31647,604,659250,1036617,2844,4647631,1168815,83746,81101,625970,274254,107151,630620,1,38,16873,38,38,1,1,38,88
2689,1,6439664,23392,45378,10728,553,440376,637188,1657,3505429,654822,57270,75562,253408,198057,105540,430304,1,27,12357,27,27,1,1,27,28
2690,2,4827860,17918,42114,10439,556,342795,505920,1964,2680608,288677,43917,75451,186503,157079,107871,366048,1,21,9626,21,21,1,1,21,22
2691,3,3677103,17684,37499,10029,542,267251,383425,1661,1962362,206228,31843,76438,134648,112255,103502,331736,1,15,6884,15,15,1,1,15,17
2692,4,7406231,18118,51734,32611,534,532962,846056,2609,3742522,768550,56763,76494,508274,217431,106478,445095,1,29,12875,29,29,1,1,29,84
2693,5,8045421,18617,52193,29193,552,552216,887216,2624,3958447,1053212,63207,76983,503243,256252,116969,474497,1,31,13814,31,31,1,1,31,78
2694,6,4494958,17016,46492,27556,537,325910,539948,2389,2096120,536249,32273,75846,246700,123865,117557,306500,1,16,7156,16,16,1,1,16,64
2695,7,7242910,17978,51800,28022,481,517836,763452,2636,3559098,1030894,61690,74593,404754,203779,102411,423486,1,27,12076,27,27,1,1,27,70
2696,8,8827222,19056,53513,30452,609,606626,936435,2650,4393448,1138035,81288,77322,570409,256881,107076,553422,1,35,15551,35,35,1,1,35,85
2697,9,6897465,18357,52411,31041,612,491254,746025,2395,3384471,858203,57942,77236,416491,190453,113882,456692,1,26,11589,26,26,1,1,26,75
2698,10,10022248,16636,53632,31123,524,674494,1039934,2818,4955045,1323422,83455,77658,667647,306636,107580,681644,1,39,17279,39,39,1,1,39,92
2699,11,11216106,19948,55457,38522,788,884825,1347149,3079,5374839,1482569,94984,78521,777228,339001,105846,613350,1,35,15536,35,35,1,1,35,87
2700,12,8191133,19190,52900,31157,645,564642,868773,2608,4018840,1074292,63361,80735,502084,245681,109906,556319,1,31,13790,31,31,1,1,31,81
2701,13,8470870,18039,56011,29196,635,575416,910386,2822,4168369,1108312,68839,77739,528910,252066,104824,569306,1,33,14706,33,33,1,1,33,79
2702,14,8709157,19327,52709,28219,602,599724,904672,2656,4316073,1135423,75935,78061,548611,255914,112734,578497,1,33,14708,33,33,1,1,33,79
2703,15,7461010,30776,54435,32132,688,508152,790512,2462,3654384,988543,61157,84110,442522,205826,125283,480028,1,28,12481,28,28,1,1,28,76
2704,16,8324490,17149,54032,28838,629,572234,933318,2771,4107534,1093681,70574,77740,519792,250738,113505,481955,1,33,14697,33,33,1,1,33,80
2705,17,8788610,30050,61458,27877,543,582822,935706,2669,4359614,1210159,80431,90525,538988,256371,105491,505906,1,33,14702,33,33,1,1,33,80
2706,18,5694232,18766,49044,27095,534,387999,631548,2781,2759723,725262,44033,75019,329559,157147,115305,370417,1,21,9415,21,21,1,1,21,62
2707,19,6034238,17818,50071,27974,536,407059,661037,2654,2895503,783973,48577,76626,337065,161890,104344,459111,1,22,9846,22,22,1,1,22,66
2708,20,7514566,19619,52103,27548,663,526999,813893,2708,3744108,978559,62974,83833,446949,215184,114344,425082,1,27,12063,27,27,1,1,27,71
2709,21,7592456,23960,80716,44722,963,538732,918024,3157,3460444,925532,56825,122242,449514,206914,177606,583105,1,20,8925,20,20,1,1,20,70
2710,22,3848342,18220,41539,10696,634,248077,386754,2112,1982813,381265,30666,76745,135131,107287,122060,304343,1,14,6418,14,14,1,1,14,18
2711,23,6142387,20475,47689,13915,808,437991,648046,2586,3276665,593867,52915,75303,270298,184012,113883,403934,1,24,10938,24,24,1,1,24,34
2712,24,6876332,17858,55915,29092,636,477071,778644,2730,3376682,820910,57514,79405,419378,195958,115190,449349,1,26,11598,26,26,1,1,26,74
2713,25,6835160,18586,51747,31136,627,466524,767084,2618,3267156,879376,53540,76376,454911,183932,111789,469758,1,25,11119,25,25,1,1,25,78
2714,26,7307601,17367,51622,31647,608,527162,816833,2484,3482493,990846,60086,76590,457418,208951,107462,476032,1,27,12000,27,27,1,1,27,81
2715,27,5869354,18420,50262,26846,616,395843,655045,2489,2685928,905605,46757,77099,325482,169554,110247,399161,1,20,8925,20,20,1,1,20,70
2716,28,7587304,17736,53742,30728,597,527026,824231,3076,3667698,986753,60805,79159,474949,219671,116280,524853,1,29,12909,29,29,1,1,29,79
2717,29,6763923,17554,48252,14543,548,459538,681195,2706,3621428,840055,59767,74066,293883,199740,107425,343223,1,28,12761,28,28,1,1,28,36
2718,30,4507653,16828,47204,28923,592,314805,542237,2665,2092876,498666,48191,77099,272311,129749,106135,329372,1,16,7136,16,16,1,1,16,69
2719,31,5402411,16897,49861,26432,501,378274,604862,2481,2628380,676507,45711,76974,299282,152202,105615,338432,1,20,8960,20,20,1,1,20,63
2720,32,4694209,15393,40255,10461,535,327357,474757,2047,2469723,489967,42675,74279,175858,169343,105828,295731,1,17,7793,17,17,1,1,17,20
2721,33,6263113,17182,50531,31257,556,448256,725168,2469,3071721,662787,50326,75084,403800,179134,104521,440321,1,24,10680,24,24,1,1,24,77
2722,34,4400710,18208,42085,11035,615,291157,438070,1919,2286436,465466,37692,74782,160532,124526,103579,344608,1,17,7791,17,17,1,1,17,20
2723,35,6707782,17109,46785,14991,548,471175,708326,2425,3630194,650461,59802,78732,321013,206823,118494,380904,1,28,12733,28,28,1,1,28,40
2724,36,4400461,16004,39863,9959,576,337759,442767,1707,2335751,388426,44510,70199,165537,124982,104922,317499,1,17,7797,17,17,1,1,17,19
2725,37,5116243,16129,41318,10484,527,354521,547910,1598,2850917,387538,52310,71979,206662,155040,102860,316450,1,21,9615,21,21,1,1,21,24
2726,38,4936633,17322,47787,20479,644,351153,544304,2652,2511518,413650,41838,82568,243177,137747,109792,412002,1,19,8596,19,19,1,1,19,45
2727,39,6798446,17649,49691,20844,599,469704,717264,2406,3502749,814064,57796,81479,345463,195009,103481,420248,1,27,12205,27,27,1,1,27,50
2728,40,6232910,24580,46166,20173,514,430923,673039,2341,3147410,763890,52849,78693,310355,183199,107244,391534,1,25,11316,25,25,1,1,25,47
2729,41,5442503,17857,44854,12564,539,370609,559207,2144,2934690,552552,46184,82140,227337,169356,104781,317689,1,22,10059,22,22,1,1,22,27
2730,42,5055295,17497,41487,15340,526,336053,523406,2057,2698664,483898,42489,73370,223158,144936,107377,345037,1,20,9120,20,20,1,1,20,31
2731,43,2008897,15946,35214,8999,533,121890,203221,1948,931087,137308,21173,70393,62920,47376,103061,247828,1,6,2756,6,6,1,1,6,11
2732,44,5762602,19303,49436,25224,571,400611,643838,2278,2869500,624792,58661,84451,329751,162399,109520,382267,1,22,9870,22,22,1,1,22,62
2733,45,2931340,16856,38729,30428,486,188079,314992,2046,1369758,324554,21988,73695,120078,75289,104098,250264,1,10,4571,10,10,1,1,10,22
2734,46,4172629,17081,46131,24739,513,284981,476779,2455,1886842,486795,31408,82954,209863,110080,105723,406285,1,14,6292,14,14,1,1,14,54
2735,47,4900659,17337,46194,11148,634,332719,483581,2189,2614994,503127,43120,80832,181687,138025,115939,329133,1,19,8706,19,19,1,1,19,22
2736,0,10407427,20025,56989,31234,771,750322,1095752,3079,5163299,1276598,85225,83561,669613,303708,118418,748833,1,40,17800,40,40,1,1,40,85
2737,1,4674437,16736,42144,9596,625,321938,471520,1713,2417434,496198,40086,74209,170285,150669,113244,348040,1,18,8258,18,18,1,1,18,19
2738,2,4482704,16569,42397,9035,572,321474,469640,1979,2468343,289098,41676,72460,169895,157973,110122,311471,1,19,8714,19,19,1,1,19,20
2739,3,4544878,16901,40955,9808,544,331427,479942,1780,2496898,277329,41076,73586,175071,137385,107157,355019,1,19,8710,19,19,1,1,19,21
2740,4,6969610,18366,52381,30673,607,485439,796477,2620,3458104,772150,60698,77585,455329,205289,105101,448791,1,27,12013,27,27,1,1,27,79
2741,5,7163547,18003,53542,31213,543,510177,785279,2523,3464338,893305,59572,79651,446671,201018,109321,508391,1,27,12019,27,27,1,1,27,78
2742,6,4946145,17418,48235,27777,565,343180,572981,2547,2305448,622662,40468,75322,279697,138330,108779,362736,1,18,8046,18,18,1,1,18,66
2743,7,6573259,17838,51111,29463,614,450125,733357,2546,3181536,858512,54666,76825,389891,182515,118110,426150,1,25,11159,25,25,1,1,25,72
2744,8,8586995,25189,53021,29150,584,595980,957784,2692,4135951,1164538,72686,75340,547228,250172,107287,569393,1,34,15112,34,34,1,1,34,84
2745,9,6592119,17544,51272,28745,530,449172,738289,2480,3162000,842399,60509,76869,386378,217448,103161,455323,1,25,11150,25,25,1,1,25,74
2746,10,9538459,19088,59966,39207,786,666349,1022990,3771,4691083,1237363,81607,78834,607623,274845,124726,630221,1,36,15993,36,36,1,1,36,86
2747,11,8143976,18994,54962,32659,675,561280,851314,3746,3966568,1051321,62381,78996,533532,241250,117929,568369,1,30,13334,30,30,1,1,30,82
2748,12,9365596,17810,56384,31123,741,647252,993590,2831,4661232,1196927,89877,78658,613795,269826,128763,576787,1,36,15975,36,36,1,1,36,88
2749,13,9076358,16899,53098,28603,623,700170,962768,3108,4400441,1259267,82665,76024,567349,262311,107529,555503,1,34,15153,34,34,1,1,34,79
2750,14,8649583,18863,53622,28256,543,590304,930089,2948,4293168,1114199,73037,114980,536728,249791,109202,533853,1,34,15172,34,34,1,1,34,78
2751,15,7335265,16923,51168,29255,510,497260,795131,2366,3577375,938576,59754,77518,458159,203638,111848,515784,1,28,12460,28,28,1,1,28,79
2752,16,7345515,16543,51793,27463,536,513172,776543,2461,3673676,965194,60702,75657,456394,206296,107922,411163,1,28,12516,28,28,1,1,28,71
2753,17,7050376,18216,50949,28556,578,484628,767689,2962,3480979,912120,58822,79253,415255,204929,106152,439288,1,27,12061,27,27,1,1,27,72
2754,18,6263268,16990,50735,25703,568,464808,673740,2459,3076053,819403,51555,74418,352849,180490,106051,367446,1,23,10305,23,23,1,1,23,65
2755,19,5277571,18819,58106,26738,566,353307,587559,2828,2494014,738889,42007,88073,290808,142105,106258,327494,1,19,8507,19,19,1,1,19,64
2756,20,5986607,17140,49909,27722,616,430098,674034,2526,2876073,774915,50780,76203,353732,176132,104398,372329,1,22,9820,22,22,1,1,22,70
2757,21,5513073,18632,51921,29611,614,382910,635866,2670,2607219,656164,46935,76765,339626,155920,115153,393067,1,19,8459,19,19,1,1,19,73
2758,22,4451492,17096,43027,10923,686,305451,439591,1942,2335263,458282,37172,73035,163309,138935,111089,315691,1,17,7788,17,17,1,1,17,21
2759,23,5490541,17741,48513,14560,765,395786,591137,2621,2922071,490863,46446,75280,255706,163674,117986,347392,1,22,10024,22,22,1,1,22,33
2760,24,7242976,17794,53656,33131,585,513985,821336,3064,3563746,807380,59391,79566,461904,203532,114196,509710,1,27,12016,27,27,1,1,27,79
2761,25,6342113,17826,49835,30790,649,431908,713996,2686,2930757,858312,51104,76938,387818,231831,108949,448714,1,23,10240,23,23,1,1,23,76
2762,26,5376272,18459,56540,27487,529,372994,651017,2843,2523162,650105,42816,75255,313362,144085,109536,388082,1,19,8476,19,19,1,1,19,71
2763,27,5900959,18716,49252,29002,512,415517,669562,2472,2828133,738666,48040,83119,349739,161943,106915,399371,1,22,9814,22,22,1,1,22,71
2764,28,6942453,17797,51332,27796,564,517138,730289,2740,3409752,915297,54980,75294,414342,191891,107228,426013,1,26,11620,26,26,1,1,26,70
2765,29,5249907,17221,44350,13010,559,351908,532601,2468,2721788,663657,43280,79833,213568,147692,107752,310220,1,20,9125,20,20,1,1,20,30
2766,30,5210181,16994,47412,27668,565,354127,590214,2515,2508795,641162,44681,76469,296313,144755,106591,351920,1,19,8494,19,19,1,1,19,67
2767,31,5542721,16954,50025,28476,519,387759,616234,2452,2717968,694912,44293,75883,305700,150718,104044,346784,1,20,8955,20,20,1,1,20,64
2768,32,3549800,15299,37548,9771,600,238045,361850,2049,1872573,329397,28774,71532,122347,94874,109292,255849,1,13,5966,13,13,1,1,13,16
2769,33,5411703,18318,49014,28150,644,379347,657400,2791,2631503,551183,42234,78084,321667,148408,110546,392414,1,20,8930,20,20,1,1,20,69
2770,34,4985480,15685,43537,11078,636,337084,511629,2383,2693970,497297,42204,72997,190811,147353,105910,312906,1,20,9160,20,20,1,1,20,23
2771,35,5373153,17741,45201,15742,583,381605,583692,2141,2903319,449427,46628,79993,252773,163785,104345,326178,1,22,10017,22,22,1,1,22,35
2772,36,3807150,17362,40115,10487,612,253473,394405,2248,1979648,336580,35573,72035,147417,116838,119011,281346,1,15,6884,15,15,1,1,15,17
2773,37,3247516,15184,38867,10602,612,227439,337734,1896,1701200,226230,28354,71594,118622,103720,112428,253034,1,12,5505,12,12,1,1,12,16
2774,38,4441654,18915,47103,19570,589,305799,513506,2324,2218180,399082,37972,82144,219347,125871,108233,343019,1,17,7709,17,17,1,1,17,40
2775,39,5470998,17983,46434,20384,644,371221,581461,2241,2762069,631825,43941,81349,262636,155068,102838,390904,1,21,9513,21,21,1,1,21,44
2776,40,4739475,16951,43818,15952,610,337081,492559,2180,2379623,563143,39088,78719,218904,131680,109537,309630,1,18,8184,18,18,1,1,18,35
2777,41,4739701,16576,44173,11400,637,320568,485404,2113,2554493,486234,41306,74222,188868,141029,107834,264844,1,18,8239,18,18,1,1,18,23
2778,42,4438828,16907,42504,14782,540,325298,467638,2217,2302593,423685,35475,72978,183542,128186,108213,314270,1,17,7759,17,17,1,1,17,28
2779,43,2210637,15534,37619,9228,601,137976,221642,2094,1068943,153519,15940,69714,71265,55831,109495,241236,1,7,3215,7,7,1,1,7,12
2780,44,3962718,18071,46081,24641,623,279453,467765,2629,1914190,383987,30261,80834,209872,105583,113764,284964,1,14,6291,14,14,1,1,14,55
2781,45,2502461,16025,39864,14422,666,159784,275383,2167,1140852,256122,18336,77098,94142,60998,105391,241211,1,8,3650,8,8,1,1,8,24
2782,46,4636358,17437,46997,24606,752,320767,536489,2564,2215034,535285,37201,83072,241561,130184,109371,335038,1,17,7652,17,17,1,1,17,53
2783,47,3499687,16453,40959,9749,666,230251,346117,2012,1808803,353274,28492,76244,121528,95808,105955,263376,1,13,5966,13,13,1,1,13,16
2784,0,10996056,19093,58317,31611,522,782105,1145872,2928,5485507,1394912,95601,84393,729801,319861,113612,731921,1,43,19088,43,43,1,1,43,91
2785,1,4994378,18415,41512,9105,644,338431,492489,1924,2608355,543251,44794,81474,183363,148626,107462,374533,1,20,9170,20,20,1,1,20,21
2786,2,4455409,16603,42087,9060,597,314070,479255,1888,2478403,281702,41393,71843,169505,140187,108904,299912,1,19,8714,19,19,1,1,19,20
2787,3,4059599,25123,40255,10696,528,287601,435732,2021,2233173,228184,36312,73375,155737,123431,105262,302169,1,17,7797,17,17,1,1,17,19
2788,4,7190313,17179,53085,30804,596,502233,822995,2277,3521103,792256,60326,76886,538420,224528,111609,436016,1,28,12460,28,28,1,1,28,79
2789,5,6815914,18318,51025,28167,552,476653,735700,2606,3302883,936172,57957,77142,411291,191692,102953,422803,1,25,11152,25,25,1,1,25,73
2790,6,5613806,18222,48126,24827,582,387070,624986,2559,2676404,742080,53824,77311,305567,188642,109899,353707,1,20,8975,20,20,1,1,20,60
2791,7,6214949,18277,56213,26410,816,442514,674900,2980,3051712,767890,50029,78549,355211,168450,128534,392464,1,23,10303,23,23,1,1,23,65
2792,8,7884184,18821,53644,36600,645,554630,846527,2632,3847845,1032801,58775,77569,491498,227775,112870,521552,1,30,13372,30,30,1,1,30,77
2793,9,6586561,19368,53309,42970,606,444931,723891,3704,3167369,851585,52673,110175,387327,183800,104587,440266,1,24,10680,24,24,1,1,24,77
2794,10,9698069,17875,55871,31017,704,667800,1050212,2804,4733156,1267717,84393,79864,660511,287435,106702,652008,1,37,16403,37,37,1,1,37,90
2795,11,7998087,17821,51117,30800,585,551544,852408,2724,3879368,1051588,61492,79126,503746,239858,108007,567903,1,30,13345,30,30,1,1,30,80
2796,12,9462330,16367,55143,31095,578,661006,1011528,2601,4547081,1364209,82602,80568,594967,284360,105840,624385,1,37,16458,37,37,1,1,37,84
2797,13,7875100,17759,52515,29069,519,523016,846126,2493,3864945,1047053,60883,75069,483656,233618,114318,524061,1,30,13359,30,30,1,1,30,79
2798,14,7423829,22069,60648,28255,584,537531,797008,2550,3545261,1006508,58111,80626,440907,209554,113146,521071,1,27,12047,27,27,1,1,27,74
2799,15,7115453,17082,53514,28543,594,485318,762133,2385,3495311,941701,57376,75678,437843,200519,105742,451714,1,27,12059,27,27,1,1,27,72
2800,16,7178109,19015,53392,28802,690,498621,748923,3324,3540966,920112,57844,80014,412717,196808,121940,494941,1,26,11611,26,26,1,1,26,72
2801,17,8087201,17655,53945,28236,537,559000,863340,2956,3928373,1108479,63989,77459,496768,247793,109452,529219,1,31,13831,31,31,1,1,31,76
2802,18,6547318,18068,50405,27254,597,450685,704095,2871,3207908,880667,51362,76198,375655,195592,117812,388149,1,25,11189,25,25,1,1,25,67
2803,19,4919128,16962,49801,27037,583,344341,570925,2683,2379926,614325,39394,74931,268398,142296,102326,285200,1,18,8066,18,18,1,1,18,62
2804,20,6948046,17418,50327,28571,603,485967,741491,2425,3410406,877154,60265,76521,423348,201785,105515,466250,1,26,11601,26,26,1,1,26,73
2805,21,6834591,19321,51936,29567,608,471263,752644,2760,3275684,920746,61399,83775,411193,187648,104133,461914,1,25,11126,25,25,1,1,25,77
2806,22,3746985,16657,39955,10452,570,234395,378253,2176,1897643,413315,32282,72135,134135,108001,108434,298582,1,14,6417,14,14,1,1,14,18
2807,23,5191792,16806,42565,13773,539,362804,540354,2114,2731563,521767,45688,72010,234576,153842,106252,347139,1,21,9566,21,21,1,1,21,33
2808,24,6621959,16639,51235,36993,737,462554,726187,2458,3263075,747584,54739,77512,406001,195288,106437,474520,1,25,11137,25,25,1,1,25,76
2809,25,6236535,18254,52958,31785,754,421308,699812,2994,2939328,789626,50756,76970,401508,174170,112140,464172,1,22,9772,22,22,1,1,22,79
2810,26,6438682,18102,53434,28893,663,445241,716114,2851,3092239,836706,52283,78562,387266,174797,110101,441430,1,24,10692,24,24,1,1,24,75
2811,27,5240958,18459,48251,28252,584,359052,616768,2842,2448575,665926,42685,78463,307784,141744,104418,377155,1,19,8477,19,19,1,1,19,70
2812,28,5224377,17887,49153,27781,545,358584,588803,2595,2489431,640180,40760,76745,309481,139752,109702,372978,1,19,8485,19,19,1,1,19,68
2813,29,7294545,19675,56022,13910,567,500951,742463,2136,3894851,925773,60567,91395,324717,224023,108380,329115,1,30,13656,30,30,1,1,30,39
2814,30,4468086,17035,48047,26750,588,311589,539960,2506,2109108,498819,35579,75674,255180,128130,105923,313198,1,16,7156,16,16,1,1,16,64
2815,31,6515510,19230,49846,26353,629,462986,715056,2594,3151764,876499,55148,76540,368718,183460,102797,423890,1,25,11198,25,25,1,1,25,66
2816,32,5067936,18563,43052,10757,571,350250,519945,1979,2703590,528763,46566,84505,200649,154782,106743,297221,1,21,9616,21,21,1,1,21,24
2817,33,5567749,17746,49933,29267,531,411536,672504,2780,2698284,532407,46078,79510,370787,158982,103250,394154,1,21,9356,21,21,1,1,21,73
2818,34,4294671,15989,40397,9424,492,306768,425350,2235,2270784,419197,35678,74422,158869,119412,108002,307652,1,17,7800,17,17,1,1,17,18
2819,35,5851909,17233,47563,16579,536,409781,650569,2227,3024635,571043,55005,77379,289791,188671,113237,387660,1,24,10902,24,24,1,1,24,40
2820,36,4424031,17732,43438,10472,865,298450,440253,2570,2411958,382813,37450,73598,160102,127602,110696,306032,1,17,7797,17,17,1,1,17,19
2821,37,4246569,17768,42366,11349,654,291956,437686,2202,2334547,290275,38414,75656,167923,122995,111967,300811,1,17,7783,17,17,1,1,17,22
2822,38,4522623,18760,46545,19877,6781,307415,518723,3153,2275037,358853,39408,92866,214881,134054,107363,378907,1,17,7703,17,17,1,1,17,41
2823,39,7028264,17744,51071,19254,576,473998,719368,2802,3578720,917150,61658,81409,350471,248171,110780,395092,1,28,12670,28,28,1,1,28,49
2824,40,6757864,16988,46454,17447,592,466622,701200,2119,3573701,805648,57306,79763,319159,199422,106970,364473,1,27,12248,27,27,1,1,27,44
2825,41,4693701,18821,42695,13333,548,311985,484354,2088,2500751,455561,42344,76718,187049,142662,106210,308582,1,19,8691,19,19,1,1,19,25
2826,42,4825798,16506,43679,14410,576,326580,523272,2258,2583985,422020,42022,73401,204823,145488,105829,320949,1,19,8672,19,19,1,1,19,29
2827,43,3002714,17326,38729,10040,574,211186,317338,2097,1511027,222208,23481,76329,109338,83851,102395,276795,1,11,5046,11,11,1,1,11,16
2828,44,5372217,18320,46995,24645,625,382844,629640,2637,2655404,564439,44260,82273,301992,153089,103995,361059,1,21,9434,21,21,1,1,21,59
2829,45,3892382,24526,41631,15497,561,252273,410613,2452,1885234,454619,32334,79834,175584,111766,105428,300030,1,14,6382,14,14,1,1,14,29
2830,46,3848628,17937,46262,24026,526,259767,438284,2453,1807808,419864,36750,83897,188988,100666,105997,315403,1,13,5851,13,13,1,1,13,51
2831,47,4764982,18207,43993,10830,535,331553,489648,2057,2482501,518588,50724,100934,179098,148062,104692,283560,1,19,8706,19,19,1,1,19,22
2832,0,10303680,20295,59152,29374,660,740942,1110967,2695,5159081,1245859,92869,82254,670667,313167,107805,667893,1,42,18690,42,42,1,1,42,86
2833,1,5438937,17561,42677,10108,751,380820,543103,2301,2920231,534526,45958,73397,205246,160578,117041,384639,1,22,10082,22,22,1,1,22,23
2834,2,4103102,17143,39059,7881,599,270878,508339,2305,2243977,227051,33848,71868,142773,113885,117080,306416,1,16,7348,16,16,1,1,16,16
2835,3,3397729,17240,37871,9118,603,236825,341956,2291,1826516,182060,26324,71188,123655,94765,122275,305042,1,13,5969,13,13,1,1,13,15
2836,4,14315239,43716,75038,46383,678,1269652,1502980,4686,7197223,1520065,173847,148262,793342,509154,297931,732282,1,30,13367,30,30,1,1,30,78
2837,5,7011753,17051,49989,30146,584,485282,768709,2988,3402524,917606,61382,77578,428700,205526,109836,453852,1,26,11585,26,26,1,1,26,75
2838,6,5555796,17631,49303,27244,572,394929,645262,2822,2615434,721687,47856,84807,310656,164514,107687,365392,1,20,8940,20,20,1,1,20,67
2839,7,6298631,18170,51685,28267,616,443097,708403,2493,3048265,822464,64303,75806,361562,188572,106813,378115,1,24,10728,24,24,1,1,24,69
2840,8,8164705,17868,52624,29326,627,578929,875442,2716,4045135,1045282,58922,76372,516674,231864,112652,520272,1,32,14240,32,32,1,1,32,81
2841,9,5931661,19464,50554,31116,677,416384,678173,3208,2835321,702409,43993,77733,353277,175928,112522,430902,1,21,9354,21,21,1,1,21,74
2842,10,10407974,18410,56074,30981,787,725405,1091600,2854,5118243,1334095,93920,78627,694857,335122,108404,718595,1,40,17750,40,40,1,1,40,90
2843,11,9281713,18350,56902,32382,768,623928,958020,3180,4591590,1167890,73212,80716,638926,261877,116923,657049,1,34,15057,34,34,1,1,34,90
2844,12,9163596,17931,56781,29510,722,624728,974110,3322,4474663,1193977,76725,81001,600752,261107,119577,648690,1,36,16002,36,36,1,1,36,85
2845,13,9261977,20263,56770,29900,1041,634936,983621,3248,4591794,1217955,83239,79803,593588,283696,116968,565155,1,36,16020,36,36,1,1,36,83
2846,14,8128547,19519,66435,29251,810,572229,835144,2900,3952190,995798,165273,80101,495246,236551,149889,527211,1,29,12946,29,29,1,1,29,74
2847,15,6831233,18884,51804,28196,670,472319,745980,2780,3322813,867305,56083,93771,412419,198167,112498,447544,1,26,11600,26,26,1,1,26,73
2848,16,7273239,18859,52621,27856,676,511284,812714,2895,3576831,950254,62339,78647,432466,206532,111185,428080,1,27,12050,27,27,1,1,27,73
2849,17,9428747,18574,55483,28964,594,643489,1040006,2658,4676831,1217000,85726,74561,603501,292511,107817,581032,1,37,16481,37,37,1,1,37,82
2850,18,6002669,17247,50190,28572,579,411382,665235,2958,2863815,818961,55883,77485,334389,161931,106462,407580,1,22,9840,22,22,1,1,22,67
2851,19,6944140,17817,58938,27843,547,487768,751927,2671,3470651,884022,54550,74275,404209,191443,102026,415453,1,26,11624,26,26,1,1,26,70
2852,20,7622336,18456,53027,28460,538,530290,824763,2454,3720299,981196,57813,77872,502978,224328,105893,493969,1,29,12922,29,29,1,1,29,77
2853,21,5359049,19521,48862,30257,564,373148,617844,2530,2553639,636623,40230,78062,310506,139921,106606,400736,1,19,8460,19,19,1,1,19,73
2854,22,2890142,17066,37619,9473,613,203936,293758,1918,1385487,288761,22923,70722,93419,76477,105087,282883,1,10,4588,10,10,1,1,10,14
2855,23,5166735,17090,43279,13570,594,349424,555576,2272,2707012,540761,46563,72181,224071,153936,101541,338865,1,21,9572,21,21,1,1,21,32
2856,24,7423778,17271,52568,30476,524,515986,826033,2592,3677018,866198,60346,79442,469866,218520,107137,499801,1,29,12916,29,29,1,1,29,78
2857,25,8395898,19230,62399,31678,530,580611,905485,2463,4093443,1051590,65422,80080,565785,242809,112843,581530,1,32,14200,32,32,1,1,32,86
2858,26,5895107,16370,48135,29813,553,416487,677168,2538,2753657,787058,43860,75616,352515,163865,108950,418522,1,21,9353,21,21,1,1,21,74
2859,27,6013074,18307,50508,28526,564,404504,671463,2708,2878457,758325,48968,79890,347685,185467,101171,436531,1,22,9809,22,22,1,1,22,72
2860,28,6684975,17797,50873,29225,632,468296,741455,2754,3209210,823463,56421,77769,442463,196255,108328,460034,1,25,11140,25,25,1,1,25,75
2861,29,5743528,17703,45681,15183,536,391083,579214,2373,2979698,714683,47651,74127,247475,165706,103743,358672,1,23,10479,23,23,1,1,23,34
2862,30,3668921,15687,46158,26046,570,262120,452933,2498,1689177,405082,27285,76208,201562,97540,108388,257667,1,12,5367,12,12,1,1,12,62
2863,31,4658064,15308,49689,26139,589,323421,533727,2527,2243651,534069,36342,73875,264862,129171,104903,319791,1,17,7618,17,17,1,1,17,61
2864,32,4308403,16269,42156,10667,553,288853,430318,1955,2287309,441752,45794,73581,158967,127428,112234,270567,1,17,7797,17,17,1,1,17,19
2865,33,6320434,18667,60711,29483,599,459228,710211,2693,3128296,676612,50653,77640,382140,181789,107258,434454,1,24,10716,24,24,1,1,24,71
2866,34,3661500,16927,39947,9712,575,238541,361307,2141,1872551,368762,31196,73843,140785,102607,104823,297783,1,14,6426,14,14,1,1,14,16
2867,35,5979031,17217,45928,17469,560,418996,631299,2059,3167028,577829,49278,82698,284204,173174,105550,405742,1,24,10890,24,24,1,1,24,42
2868,36,3741679,15026,39147,9628,630,244758,362591,2069,1985312,342261,31002,69818,128803,103710,108318,298606,1,14,6427,14,14,1,1,14,16
2869,37,3830017,16061,41593,11541,558,266150,380155,2373,2058496,259210,34942,73902,146668,112144,116127,310097,1,14,6415,14,14,1,1,14,19
2870,38,5195301,18664,47474,20238,579,399138,571960,2547,2600391,494203,44000,82249,259858,152455,124573,376972,1,20,9050,20,20,1,1,20,45
2871,39,6051193,17888,46989,19161,566,399952,640524,2446,3131370,736021,50523,81319,291000,179467,103293,350674,1,23,10425,23,23,1,1,23,43
2872,40,6478714,16656,47150,18456,550,453595,686583,2368,3366609,737840,57311,77194,327130,207111,107326,372835,1,26,11776,26,26,1,1,26,46
2873,41,5477137,16639,43548,13243,493,382684,577855,1978,2922519,552903,49158,73043,238790,161651,106867,335766,1,22,10054,22,22,1,1,22,28
2874,42,4135497,17066,41053,15550,542,274113,434338,1994,2194461,337483,36010,73326,166972,119520,105475,317594,1,16,7304,16,16,1,1,16,27
2875,43,2125789,16574,33959,9401,751,134555,219126,2198,1000696,144706,16238,69328,70867,53704,103640,250046,1,7,3215,7,7,1,1,7,12
2876,44,5785444,16912,49657,25495,524,429954,645372,2694,2849619,637128,50327,79210,339261,171787,114592,372912,1,22,9870,22,22,1,1,22,62
2877,45,3809600,16691,40236,15319,552,265042,410154,2066,1869693,425472,29756,76167,155696,104426,115225,283105,1,14,6384,14,14,1,1,14,28
2878,46,4114699,18116,57659,25796,526,299336,480990,2421,1886975,453021,30848,82608,211709,105576,109220,349898,1,14,6289,14,14,1,1,14,55
2879,47,5231623,18550,46347,10600,749,363038,529147,2118,2789548,547161,47325,79798,210031,155548,115645,316018,1,21,9616,21,21,1,1,21,24
2880,0,9162747,18853,55020,29330,616,695386,995900,2722,4544448,1069849,82243,84892,587176,282786,113046,600480,1,37,16476,37,37,1,1,37,82
2881,1,5895279,16886,42149,10244,562,403046,594358,1793,3097952,662631,54511,78298,229838,187906,110379,404726,1,25,11447,25,25,1,1,25,26
2882,2,4434095,16609,54144,9272,554,326954,466026,1965,2422270,272736,39542,72399,169689,137331,111237,333367,1,19,8714,19,19,1,1,19,20
2883,3,3525600,16759,67380,9530,534,244220,385545,1978,1878513,197003,29777,70211,130440,102989,103957,286764,1,14,6426,14,14,1,1,14,16
2884,4,5898916,17462,50688,28333,541,462452,674289,2464,2956242,559197,48344,76909,355988,174233,109785,381989,1,23,10274,23,23,1,1,23,70
2885,5,6089373,17286,49417,28395,503,425849,676873,2588,2979131,756357,48469,74077,354635,169504,105112,401177,1,23,10272,23,23,1,1,23,70
2886,6,3818806,18385,55241,25588,533,259229,456260,2698,1752113,456532,27621,74200,196367,102349,109493,282197,1,13,5823,13,13,1,1,13,60
2887,7,4737158,18812,50554,26361,578,325738,537424,2575,2222714,599857,37889,76560,254696,127117,128518,327765,1,17,7612,17,17,1,1,17,62
2888,8,8244327,17340,52804,29428,568,581151,901550,2662,4070066,1104505,61531,77053,516505,239304,104667,485193,1,32,14224,32,32,1,1,32,83
2889,9,5859555,17949,50284,29220,585,400084,657719,2349,2830168,759458,42659,74723,339610,166908,103829,384010,1,22,9810,22,22,1,1,22,72
2890,10,7964676,18181,51678,31385,521,538527,837152,2588,3967292,1046343,58204,76252,481133,222102,110414,522904,1,29,12906,29,29,1,1,29,79
2891,11,8630435,18173,54524,32462,610,613930,905156,3323,4199613,1073470,65998,80579,573217,247739,122692,638949,1,32,14200,32,32,1,1,32,86
2892,12,6611205,17355,50806,29158,601,443395,719104,2584,3206449,877996,47220,76473,392465,186003,126736,434860,1,24,10698,24,24,1,1,24,74
2893,13,7071082,17666,52186,30597,569,486200,798391,2848,3441355,900055,57740,78560,434218,198464,104503,467730,1,27,12021,27,27,1,1,27,77
2894,14,4791654,17940,49062,26574,681,333270,569357,2501,2274959,568631,38617,78039,268470,135682,110381,317490,1,17,7609,17,17,1,1,17,63
2895,15,3895453,18368,46933,27814,529,266182,488517,2325,1798998,440558,28157,76090,210072,103795,110357,276758,1,13,5808,13,13,1,1,13,65
2896,16,6888098,17473,50449,28224,558,473190,753461,2733,3365748,931964,58192,79518,401453,196330,123386,405419,1,26,11615,26,26,1,1,26,71
2897,17,6232972,17926,59465,27852,519,423733,695066,2821,3053240,802616,51211,74896,378237,173419,105009,366962,1,24,10734,24,24,1,1,24,68
2898,18,4955591,17086,48238,26246,535,344165,559162,2716,2370284,627631,38444,76472,265811,135227,107621,335953,1,18,8065,18,18,1,1,18,62
2899,19,5150684,18939,49893,27328,488,364904,582149,2513,2448085,672882,47170,74158,285552,143237,111048,322338,1,18,8069,18,18,1,1,18,61
2900,20,5832661,18904,51875,28836,690,403472,646894,3082,2828788,712903,44645,76008,346060,155782,128183,386539,1,21,9365,21,21,1,1,21,71
2901,21,4270528,18065,46932,29056,568,302070,514120,2681,1992202,480504,30948,76755,242500,104849,113510,315768,1,14,6242,14,14,1,1,14,68
2902,22,3255297,16794,38757,10052,582,225145,321368,2130,1632121,310033,24437,75363,114182,82907,108704,292722,1,12,5505,12,12,1,1,12,16
2903,23,5533391,16572,45503,14363,598,383027,586187,2206,2949523,546504,48039,85975,252741,165959,107998,328196,1,22,10023,22,22,1,1,22,33
2904,24,6332850,18479,59086,30818,560,441981,709360,2691,3056483,776386,49813,76979,384718,172835,107389,445272,1,23,10234,23,23,1,1,23,77
2905,25,5554721,18228,48750,31480,588,394330,645336,2307,2577273,710109,43581,76523,337853,147111,104133,417119,1,20,8895,20,20,1,1,20,76
2906,26,4851146,18848,47003,27580,475,339366,557224,2556,2219432,644224,37984,76761,279693,128167,103449,368384,1,17,7584,17,17,1,1,17,69
2907,27,4367281,17170,48253,28517,569,303669,513658,2406,2063403,509876,32540,75336,245017,112300,113538,301029,1,15,6700,15,15,1,1,15,66
2908,28,5652522,18334,49224,27508,570,387879,646487,2625,2690257,702335,45539,75881,325699,159299,105095,415790,1,21,9378,21,21,1,1,21,69
2909,29,5268994,16296,44248,12708,485,346774,531054,2077,2803532,626944,45826,84578,212522,152798,103275,285877,1,21,9588,21,21,1,1,21,29
2910,30,2634477,17057,44237,26257,540,189611,360109,2736,1133016,257219,17796,76044,131846,60231,103252,214526,1,8,3586,8,8,1,1,8,56
2911,31,5089429,17918,50615,24929,548,357479,584152,2451,2468095,618731,41537,76832,293232,140486,104082,308342,1,19,8529,19,19,1,1,19,59
2912,32,4069434,17253,39341,10648,584,269567,407189,1964,2170434,407589,33017,72217,147723,116306,106881,268721,1,16,7336,16,16,1,1,16,19
2913,33,5393910,18784,50228,30844,494,403520,625088,2660,2631310,536515,42392,78992,329395,146273,118252,379163,1,20,8915,20,20,1,1,20,72
2914,34,3938726,18790,40263,10017,517,257326,393767,2310,2045848,410699,32988,72460,140142,112546,108761,292292,1,15,6884,15,15,1,1,15,17
2915,35,5437359,18835,45989,17230,619,382833,588646,2839,2838903,516688,48840,82325,262066,162932,121274,347340,1,21,9538,21,21,1,1,21,39
2916,36,3823915,16394,38162,9702,622,249839,381567,2231,2076034,323999,39932,73180,130117,110476,110586,261074,1,14,6427,14,14,1,1,14,16
2917,37,3135793,16661,38775,10104,612,205717,339241,2171,1597152,203880,25641,75876,124696,89318,104352,301597,1,12,5502,12,12,1,1,12,17
2918,38,5497382,18232,48406,18475,540,383730,601387,2146,2881916,514947,46440,83383,274763,157851,107066,358100,1,22,9977,22,22,1,1,22,42
2919,39,6339382,18186,54606,18750,560,439228,661057,2250,3292278,767997,52339,80114,305113,180349,106166,360389,1,25,11331,25,25,1,1,25,45
2920,40,6297249,18928,46599,17944,518,440804,651458,2010,3251889,780245,53868,79854,301134,196042,107220,348736,1,25,11340,25,25,1,1,25,43
2921,41,5342948,16943,43460,13214,544,367397,562545,1769,2871133,537545,47319,82533,229013,162925,106034,300574,1,22,10054,22,22,1,1,22,28
2922,42,4586343,16035,42168,15918,523,320418,481527,2269,2421533,404930,39426,73668,197163,133966,103291,333508,1,18,8204,18,18,1,1,18,31
2923,43,2960437,16452,38936,9830,527,195517,306699,2323,1470946,228028,24249,72499,107176,90373,104363,292519,1,11,5046,11,11,1,1,11,16
2924,44,5970531,17583,49182,25752,552,412618,665259,2536,2991608,658429,49120,106500,338831,166842,105444,380275,1,23,10321,23,23,1,1,23,62
2925,45,5184200,18358,44900,16506,508,344228,542330,1991,2604939,665881,43802,76477,228508,144219,112162,339391,1,19,8639,19,19,1,1,19,36
2926,46,4722363,16072,46261,26419,534,335093,533787,2418,2237701,486491,36391,83602,291528,125585,105856,394625,1,17,7637,17,17,1,1,17,57
2927,47,4355128,16880,43781,10768,568,294475,453529,1972,2252851,434746,37479,78176,161159,127552,111262,329930,1,17,7793,17,17,1,1,17,20
2928,0,10818241,18905,58496,31394,745,762042,1141700,3163,5411525,1321293,92897,80993,733276,318334,118897,724581,1,43,19098,43,43,1,1,43,90
2929,1,5048514,17333,42639,9066,649,338233,486527,2533,2673713,536263,42386,75442,183709,147043,123519,369459,1,20,9170,20,20,1,1,20,21
2930,2,3984175,17130,41017,9211,648,274079,396971,2008,2196796,235077,34378,73401,149468,121911,113144,318936,1,16,7344,16,16,1,1,16,17
2931,3,3335360,16676,38491,10162,635,227263,355833,2009,1773793,180908,41036,73839,122327,96738,108516,287134,1,13,5969,13,13,1,1,13,15
2932,4,6703288,17243,51732,30445,558,477447,759252,2568,3372894,705326,58024,77532,420177,199534,108943,421613,1,26,11585,26,26,1,1,26,76
2933,5,6780256,17887,50052,28636,552,481603,757030,2443,3295421,859922,56644,77285,408938,194774,102294,446775,1,26,11606,26,26,1,1,26,72
2934,6,5580438,17376,49840,24805,520,388791,616744,2308,2691487,744782,46235,76282,292253,157797,106474,364744,1,21,9438,21,21,1,1,21,58
2935,7,5599361,17519,51014,27141,556,393328,619440,2463,2710093,734030,45329,73856,314620,157208,105926,346838,1,21,9410,21,21,1,1,21,63
2936,8,7916094,18424,52423,30084,496,550015,863718,2648,3928647,1042988,72543,76967,476820,235948,116186,448187,1,30,13379,30,30,1,1,30,76
2937,9,5128856,18389,48948,31260,537,348339,594917,2530,2380641,629811,47075,80422,349998,137670,111368,346951,1,18,8021,18,18,1,1,18,71
2938,10,8218298,18087,51531,31981,566,584345,891993,2827,3996764,1063717,70017,75472,516432,244674,106660,563232,1,30,13325,30,30,1,1,30,83
2939,11,6289382,19910,59787,31423,601,437599,710975,2886,2953312,794146,50826,77773,399670,178006,103175,469293,1,23,10232,23,23,1,1,23,77
2940,12,7757265,18080,52678,29042,638,518367,841262,2699,3771974,1073996,61383,78872,457823,240429,106210,503812,1,29,12927,29,29,1,1,29,76
2941,13,7302567,16897,51165,30319,527,536197,782987,2592,3600984,909239,62047,76305,457756,203006,104398,468148,1,27,12015,27,27,1,1,27,78
2942,14,5596151,16718,48547,25846,568,379543,614279,2636,2706965,692365,45471,77604,319992,170771,107475,387371,1,21,9412,21,21,1,1,21,63
2943,15,4591674,17204,45488,26839,552,335599,527247,2190,2185675,545568,35355,74900,248978,130525,106052,309502,1,16,7156,16,16,1,1,16,64
2944,16,6807038,18702,51166,36649,643,482382,729264,2439,3302486,920064,55251,85010,387088,214406,104613,416875,1,26,11647,26,26,1,1,26,66
2945,17,6900833,16970,50444,27626,574,480404,743159,2642,3333941,942023,57032,74704,426353,195151,103404,446406,1,27,12068,27,27,1,1,27,71
2946,18,4911454,17722,60364,24252,538,335633,545252,2327,2335973,666607,38683,72232,261584,130635,103640,316012,1,18,8077,18,18,1,1,18,59
2947,19,5306718,18218,50063,26077,480,371626,589991,2255,2581844,677847,40205,75722,294785,151619,106707,319279,1,19,8522,19,19,1,1,19,61
2948,20,6431729,17339,50056,28054,583,445480,693689,2312,3081700,912798,54099,74444,370959,177542,107254,415420,1,24,10722,24,24,1,1,24,70
2949,21,5166608,16970,49850,28417,542,362394,588722,2597,2393279,665648,44853,75146,310558,133487,101518,392627,1,18,8020,18,18,1,1,18,71
2950,22,3138721,16469,38936,9727,560,192113,315948,2054,1603365,295565,23846,72851,103203,83165,104812,276107,1,11,5047,11,11,1,1,11,15
2951,23,5393407,18175,43630,12088,522,375287,571280,1999,2873600,538716,47384,71312,230960,176788,112781,318885,1,22,10035,22,22,1,1,22,31
2952,24,6943892,18706,51974,28178,690,489236,750709,2657,3412878,860160,63644,78692,408662,203888,126600,447218,1,26,11608,26,26,1,1,26,72
2953,25,7452589,17570,52202,31993,569,531776,795856,2521,3581581,928411,65489,76860,480689,207028,106784,573260,1,28,12446,28,28,1,1,28,81
2954,26,5649339,17618,49527,30619,532,392774,657959,2410,2633578,693597,43247,78117,337794,185438,107256,418873,1,20,8895,20,20,1,1,20,76
2955,27,5664675,16529,49442,25637,544,417557,639342,2454,2736089,691471,46490,73421,321385,159718,104624,379972,1,21,9388,21,21,1,1,21,67
2956,28,5262495,17235,49273,28282,580,372931,612087,2436,2504992,638267,41788,76276,299176,140459,103221,375492,1,19,8479,19,19,1,1,19,69
2957,29,5098053,16872,41865,13961,622,352858,517175,2311,2667280,586108,42632,73904,212192,158573,101463,310237,1,20,9120,20,20,1,1,20,31
2958,30,4454185,17320,55531,25648,571,312260,546780,2524,2096012,481099,34151,76775,251779,120426,106783,326526,1,16,7156,16,16,1,1,16,64
2959,31,5201920,18201,49181,26911,545,387860,612955,2333,2491642,619204,40523,77755,296351,146260,103176,329023,1,19,8510,19,19,1,1,19,63
2960,32,4280876,17396,40565,11276,522,286088,431015,1970,2252951,455061,39682,82471,160623,129743,106763,264750,1,17,7793,17,17,1,1,17,20
2961,33,5776998,18333,50510,29103,493,420807,666537,2577,2774362,649885,48968,78529,359554,163642,103350,410348,1,22,9807,22,22,1,1,22,73
2962,34,4028739,15455,40766,9400,575,277161,413068,1739,2111539,403266,33491,72961,149096,116082,104529,279611,1,16,7340,16,16,1,1,16,18
2963,35,5140387,18152,45769,16499,585,358479,551374,2055,2687857,507156,44470,79336,227669,157267,119077,324642,1,20,9095,20,20,1,1,20,36
2964,36,2907296,16928,37230,8845,496,179711,277589,9230,1413666,252176,22960,69859,90259,77041,107720,343586,1,10,4596,10,10,1,1,10,12
2965,37,5456531,19092,43316,11760,648,362562,561728,1982,2901121,469661,46809,116513,212013,156207,105284,447835,1,22,10059,22,22,1,1,22,27
2966,38,5288785,17765,46260,18209,538,368376,586363,2187,2749624,455656,47903,81283,273169,163828,102406,375218,1,21,9515,21,21,1,1,21,43
2967,39,5929896,19241,46834,20317,532,413645,640021,1999,3008086,682666,51484,81641,303538,177088,103048,379756,1,23,10409,23,23,1,1,23,46
2968,40,6501935,18232,46274,17753,564,446115,677776,2038,3365670,808645,57970,89939,310844,187646,105546,366923,1,26,11789,26,26,1,1,26,44
2969,41,4737236,16876,41464,12543,531,320161,479523,1646,2522675,465976,42653,74327,190948,169355,105459,293099,1,19,8691,19,19,1,1,19,25
2970,42,5053279,17308,43661,15147,572,352751,520887,2220,2656913,506367,42124,75613,217779,149631,105944,346362,1,20,9120,20,20,1,1,20,31
2971,43,2635450,15975,35903,9259,578,180574,267525,1924,1268534,197544,19877,69798,91272,68962,117060,290665,1,9,4130,9,9,1,1,9,14
2972,44,6298096,27104,51158,25839,563,442551,699772,2471,3186616,688019,52690,83200,387852,183645,102450,364166,1,25,11213,25,25,1,1,25,64
2973,45,4294579,18877,43337,15671,514,283824,456445,2129,2142797,487208,35247,77880,195845,120797,117758,296250,1,16,7288,16,16,1,1,16,31
2974,46,4325754,17425,46009,27676,553,309294,496263,2314,2014023,456639,34144,81387,232098,114087,105349,388493,1,15,6726,15,15,1,1,15,58
2975,47,4377285,17456,42217,10762,592,304721,441529,2037,2246438,422452,39124,76106,182600,146501,104972,339778,1,17,7784,17,17,1,1,17,22
2976,0,10294677,18828,54844,31758,607,719291,1108698,2782,5117802,1213804,97029,83883,703679,300831,102976,737865,1,41,18162,41,41,1,1,41,93
2977,1,4718287,17522,38902,9079,565,314160,464061,1715,2469950,501015,40984,71367,176249,146473,103792,362453,1,19,8714,19,19,1,1,19,20
2978,2,4866278,29210,41378,8797,556,352807,517279,1833,2698562,315270,45095,69104,190681,156847,105755,333104,1,21,9626,21,21,1,1,21,22
2979,3,3343394,16092,37729,9069,543,224630,343970,2027,1773193,192661,27158,68733,119448,108343,105522,314276,1,13,5969,13,13,1,1,13,15
2980,4,7027090,18020,51229,30786,581,490383,793481,2821,3510724,731506,71068,77190,451171,197249,107921,492960,1,27,12015,27,27,1,1,27,79
2981,5,7335611,17896,51688,30092,603,542175,834897,2692,3476773,943803,61958,79862,461333,208703,110804,512332,1,28,12474,28,28,1,1,28,77
2982,6,4551645,18465,60026,25994,512,322619,523599,2257,2074903,574258,36236,76187,240716,130902,152079,312892,1,16,7172,16,16,1,1,16,60
2983,7,5638951,18075,50202,25936,568,388609,616066,2476,2740901,735562,45179,76521,334064,164877,101015,338900,1,21,9409,21,21,1,1,21,63
2984,8,9615930,17960,54147,29481,531,665023,1006887,2694,4748336,1330444,83435,79172,615262,290190,116478,575890,1,38,16910,38,38,1,1,38,84
2985,9,5936644,17770,51330,29330,536,403909,668601,2626,2801713,793545,48810,75764,343903,178542,118633,401632,1,22,9805,22,22,1,1,22,73
2986,10,8861900,17068,53928,29976,528,599645,965246,2732,4274228,1224548,86565,75659,588064,264323,106986,572404,1,34,15094,34,34,1,1,34,86
2987,11,8043125,16582,53529,30523,598,558723,876591,2953,3943149,995984,59557,78849,523127,234335,107621,561004,1,31,13776,31,31,1,1,31,83
2988,12,7213527,18970,52881,29872,608,484976,778802,2783,3551846,912238,54231,81203,435432,205493,116637,487555,1,27,12018,27,27,1,1,27,78
2989,13,6915478,17972,50915,28835,598,484896,770372,2869,3367201,878869,56908,76813,415742,186540,106874,470074,1,26,11588,26,26,1,1,26,75
2990,14,6684242,17447,51649,28898,600,468682,729004,2437,3244736,845285,53254,77013,394542,182404,113428,474863,1,25,11141,25,25,1,1,25,75
2991,15,5431363,19193,48963,29314,646,372995,613533,2501,2608593,662193,41099,87411,309899,145918,108953,380152,1,20,8930,20,20,1,1,20,69
2992,16,7525410,18405,59585,27529,555,513390,829908,2465,3692268,1004037,57040,75919,448853,220235,109777,465444,1,29,12952,29,29,1,1,29,73
2993,17,5121119,18734,50148,28472,580,361501,563588,2707,2367868,683116,38874,133837,303101,130854,102467,335272,1,18,8042,18,18,1,1,18,67
2994,18,4121661,17474,47593,25010,571,292483,485773,2900,1944046,502672,31751,73961,224842,112828,118957,240800,1,14,6278,14,14,1,1,14,58
2995,19,5183042,15963,49789,26831,631,373667,582034,2669,2485596,685675,40917,73757,284961,141677,104651,314224,1,19,8516,19,19,1,1,19,62
2996,20,7325201,18972,55576,27145,661,525964,800476,2722,3655751,911006,61803,77878,436620,204970,113192,432465,1,28,12509,28,28,1,1,28,72
2997,21,5730437,18971,51252,29889,633,386092,641071,2908,2674779,726957,45157,76049,335252,151439,169330,420658,1,20,8895,20,20,1,1,20,76
2998,22,2830906,14985,37725,9111,588,176849,289511,2151,1376614,285322,21800,73771,98615,73134,111672,259058,1,10,4589,10,10,1,1,10,14
2999,23,5397338,16174,43627,12726,581,367665,557513,2365,2888011,575634,48416,71889,222533,170550,106821,312833,1,22,10041,22,22,1,1,22,30
3000,24,6642700,18521,52319,30828,609,479563,744539,2705,3218450,762902,54753,76341,416130,186223,104546,494271,1,25,11135,25,25,1,1,25,76
3001,25,5944869,18315,50118,30699,632,420474,665003,2465,2837168,739424,47799,87633,370854,157812,107812,408661,1,22,9795,22,22,1,1,22,75
3002,26,6680784,18825,51598,31772,715,467421,731069,3003,3198711,858106,53169,75568,419517,179389,112193,479728,1,25,11116,25,25,1,1,25,79
3003,27,5579678,18039,51459,27339,573,385096,613924,13446,2630815,753425,43099,74705,319336,149768,118547,380107,1,20,8930,20,20,1,1,20,69
3004,28,6621487,17046,50487,29514,631,464482,739041,2986,3223904,848140,53530,75821,399691,186219,111388,418607,1,25,11152,25,25,1,1,25,73
3005,29,6023422,16572,44908,15513,578,412614,631458,2280,3150314,724903,51269,77811,280412,180874,102191,331725,1,24,10920,24,24,1,1,24,37
3006,30,4392620,17080,48228,27761,648,320255,541043,2457,2049997,481692,34091,77988,250153,116581,104815,319831,1,15,6710,15,15,1,1,15,64
3007,31,4466131,16925,49416,26893,621,308929,523117,2548,2133270,507151,35742,77780,255682,116550,107954,303553,1,16,7172,16,16,1,1,16,60
3008,32,4537327,17708,40609,11214,546,305114,456771,2145,2384826,481140,39290,74825,172193,142053,107574,301319,1,18,8250,18,18,1,1,18,21
3009,33,5608924,17933,59709,29480,534,395830,649139,2683,2724451,555234,45822,76553,375828,158476,105716,411536,1,21,9356,21,21,1,1,21,73
3010,34,4367131,17600,43539,11575,628,300547,441968,1946,2254114,432331,38292,122425,163899,125281,103615,309371,1,17,7787,17,17,1,1,17,21
3011,35,5212905,17237,45700,16206,606,375456,565093,2147,2726364,455311,44681,83910,254459,158286,106111,361338,1,21,9538,21,21,1,1,21,39
3012,36,4499220,16252,42173,11422,599,317941,468326,1946,2427949,377592,38200,73961,169873,134496,108915,309575,1,18,8249,18,18,1,1,18,21
3013,37,4143127,18327,40361,10884,617,285257,442649,1790,2272653,274274,36737,74130,158268,125803,116582,284795,1,17,7787,17,17,1,1,17,21
3014,38,5641651,17929,49349,19047,711,401630,589358,2719,2863415,558586,52694,84143,292898,168033,168280,372859,1,22,9967,22,22,1,1,22,44
3015,39,6253456,17461,49172,21555,581,443311,664194,2355,3200411,754900,52795,80527,318693,182798,106028,358675,1,25,11313,25,25,1,1,25,48
3016,40,5944710,18181,56962,17597,716,423275,629761,2228,3058270,712034,50710,79429,282029,176765,105588,331165,1,23,10439,23,23,1,1,23,41
3017,41,4542304,16818,42741,13459,648,325813,486621,1862,2375461,446750,39718,75857,181196,135715,104785,294860,1,18,8235,18,18,1,1,18,24
3018,42,4641332,16424,43281,13894,499,321190,493886,2072,2494951,409755,39766,73011,193448,133126,108177,297852,1,18,8217,18,18,1,1,18,28
3019,43,2973922,16271,38575,10057,661,196467,305418,1895,1530285,223679,24519,71520,103356,83785,104573,262861,1,11,5049,11,11,1,1,11,15
3020,44,5639442,16757,50087,24894,600,404854,638775,2686,2806883,600381,47900,85718,310728,160630,123225,365324,1,22,9892,22,22,1,1,22,58
3021,45,4687324,17687,45855,16364,558,309816,503123,2037,2390276,533896,39070,77972,204562,134618,105541,305949,1,18,8195,18,18,1,1,18,33
3022,46,4766589,17429,47980,25639,527,340314,541661,2371,2258716,503134,36639,83997,260310,125793,104965,417114,1,17,7631,17,17,1,1,17,58
3023,47,4670216,17387,44391,11294,526,317587,455827,2153,2400138,519353,41834,78681,173127,137372,121091,349455,1,18,8240,18,18,1,1,18,23
3024,0,8424239,19219,64546,33289,700,592565,926362,3249,4164971,948365,64199,79907,573168,241671,120119,591909,1,32,14208,32,32,1,1,32,85
3025,1,5657254,17087,43189,9445,604,384965,553835,2163,3026219,612936,44047,75034,216729,163859,116961,390181,1,23,10537,23,23,1,1,23,24
3026,2,4446462,16315,44055,9379,580,332455,462208,1885,2444326,267021,39781,77048,171431,137221,111905,330852,1,19,8715,19,19,1,1,19,20
3027,3,3066964,15140,37321,9086,556,205944,327381,2058,1619688,179054,26167,68216,115031,88537,104070,268715,1,12,5511,12,12,1,1,12,14
3028,4,5861032,16483,49713,27734,646,428153,669721,2882,2922572,593230,50076,74617,361917,166449,104691,392148,1,23,10283,23,23,1,1,23,69
3029,5,5028344,18859,48732,28867,587,363583,576494,2802,2389868,637539,38322,76828,282013,133828,121237,308785,1,18,8038,18,18,1,1,18,67
3030,6,4657931,17493,48502,26993,553,325500,527718,2638,2211138,594700,38025,75478,266535,127117,110192,285349,1,17,7623,17,17,1,1,17,60
3031,7,5178035,20090,63085,25027,512,366552,577189,2460,2438529,688025,43718,77066,279667,143466,107560,345089,1,19,8526,19,19,1,1,19,60
3032,8,6601528,18665,51604,29492,620,466917,724452,2578,3180404,879256,54339,76292,386173,195171,106827,428738,1,25,11153,25,25,1,1,25,73
3033,9,5166428,18079,49492,28017,632,398517,568217,2752,2444013,644524,38493,74916,276684,131715,122279,368098,1,18,8056,18,18,1,1,18,64
3034,10,6855106,18212,52378,31803,621,496807,767100,2752,3310585,856465,56125,84897,408461,182702,117654,468544,1,25,11119,25,25,1,1,25,78
3035,11,5644245,17847,48700,29104,581,400503,629602,2782,2675505,710891,43347,80163,328419,144276,109433,423092,1,20,8920,20,20,1,1,20,71
3036,12,5689911,16809,49463,28213,571,391854,631986,2630,2694946,753677,47438,79344,322187,162007,105534,403252,1,21,9378,21,21,1,1,21,69
3037,13,5296146,19108,47436,28539,569,368540,608647,2813,2463661,668643,48815,77679,305079,141727,115335,399555,1,19,8468,19,19,1,1,19,71
3038,14,4866727,17690,46950,27374,576,333078,569399,2502,2284431,615292,39655,78114,262853,128150,105373,355290,1,17,7606,17,17,1,1,17,64
3039,15,4603945,17228,47746,27871,668,323998,522019,2341,2149589,582929,36118,77369,244846,120169,103996,347058,1,16,7164,16,16,1,1,16,62
3040,16,6844543,17199,49760,27543,650,487553,730845,2488,3319972,924997,58190,76932,397523,196316,105695,448880,1,26,11622,26,26,1,1,26,70
3041,17,5994114,18007,49308,26930,561,426098,657673,2528,2857166,806533,48342,74985,335706,174298,102440,413539,1,22,9840,22,22,1,1,22,67
3042,18,4756918,16962,49132,26366,563,329209,548071,2253,2224018,598100,36152,76307,270137,139038,104952,335658,1,17,7622,17,17,1,1,17,60
3043,19,5339912,17458,50365,25260,630,373305,586510,2881,2542699,713030,42655,76543,309246,146072,113863,339395,1,20,8975,20,20,1,1,20,60
3044,20,7243466,17542,50320,27392,563,510461,793707,2528,3547212,962791,58633,74707,436982,218263,115078,427287,1,28,12502,28,28,1,1,28,73
3045,21,5104163,26764,49833,28117,649,357196,592060,2691,2411073,650766,39849,74510,279938,132871,114877,342969,1,18,8051,18,18,1,1,18,64
3046,22,2872678,15560,37820,10568,576,182277,276595,2230,1422046,284108,22305,73333,98073,73593,114145,259449,1,10,4591,10,10,1,1,10,13
3047,23,5273493,17349,43985,13925,560,359677,538271,2344,2834204,546546,47211,74742,224013,158547,107787,304332,1,21,9589,21,21,1,1,21,29
3048,24,5737660,19455,50992,31336,616,419118,666577,3149,2740718,632192,46616,82005,350090,161205,107074,426517,1,21,9350,21,21,1,1,21,75
3049,25,4862825,18094,60233,30985,552,337365,569157,2722,2240385,613477,37542,76058,290904,126784,103327,355240,1,17,7563,17,17,1,1,17,74
3050,26,5150826,17026,50498,28074,548,381565,603830,2632,2404129,650368,48265,76956,310421,136327,103621,336566,1,18,8031,18,18,1,1,18,70
3051,27,5315100,17237,48870,28428,537,364013,621281,2534,2534609,681043,41681,72921,294287,143016,103629,361014,1,19,8486,19,19,1,1,19,68
3052,28,4588460,19194,55543,26164,527,321767,524512,2611,2179153,570038,35764,74051,250829,120239,107371,300697,1,16,7172,16,16,1,1,16,60
3053,29,5434288,19319,68190,14505,593,369709,567215,2170,2806503,631883,46742,75859,242860,161938,106218,320584,1,21,9567,21,21,1,1,21,33
3054,30,4101622,18427,48416,27259,558,292775,513752,2571,1926783,447389,31110,77658,238180,109676,108268,258800,1,14,6263,14,14,1,1,14,63
3055,31,3384811,18814,48292,27423,528,231200,428803,2704,1510000,377876,24202,100082,172213,84885,122110,235679,1,11,4932,11,11,1,1,11,57
3056,32,4428069,18117,41165,10776,587,303989,444277,2142,2367718,432064,40235,73510,163486,135122,114903,279978,1,17,7793,17,17,1,1,17,20
3057,33,4977005,18994,56741,29833,528,354560,591598,2882,2404513,481339,39052,77323,298056,144178,106097,371311,1,18,8025,18,18,1,1,18,71
3058,34,3295216,15787,39528,9851,590,217924,331314,1999,1652109,311314,26815,83992,124851,102832,105073,271237,1,12,5505,12,12,1,1,12,16
3059,35,4985681,19202,46267,15455,706,341105,515050,2432,2542340,583506,41262,94025,213242,140941,105792,324356,1,19,8649,19,19,1,1,19,34
3060,36,3682803,17060,40299,9549,664,259577,390375,2409,1912407,309675,29542,69021,136241,106148,118986,280850,1,14,6423,14,14,1,1,14,17
3061,37,3529967,16807,38491,11034,597,241977,369159,2008,1920611,234568,30391,69565,132929,102627,108051,251152,1,14,6418,14,14,1,1,14,18
3062,38,4532248,17317,46163,19525,572,315215,504913,2235,2292478,415194,37590,84311,211173,131048,109106,345408,1,17,7707,17,17,1,1,17,40
3063,39,5681927,17475,56855,18526,519,390459,613596,2295,2899520,691320,48363,78078,282471,163946,103066,315438,1,22,9972,22,22,1,1,22,43
3064,40,5104909,16496,44850,17281,500,345871,539835,2213,2579127,606014,41081,77895,242544,154568,104830,331804,1,20,9085,20,20,1,1,20,38
3065,41,4057870,16270,41074,12745,496,289469,431993,1978,2110649,385584,34880,77618,159106,127009,102354,266645,1,16,7324,16,16,1,1,16,22
3066,42,4038812,18022,40413,15202,567,273471,431576,2222,2079157,383013,35448,72021,161105,120712,103256,302627,1,15,6850,15,15,1,1,15,26
3067,43,2602508,16111,37115,9234,593,168841,270182,2262,1278696,206088,19731,68697,87576,66762,104469,266151,1,9,4133,9,9,1,1,9,13
3068,44,4867751,16395,49081,23971,583,352566,546272,2410,2404823,496540,43102,83671,259844,146539,106081,335873,1,18,8097,18,18,1,1,18,55
3069,45,3300397,16909,40385,15006,569,207134,349164,2148,1584423,407600,25234,76057,123702,79984,101335,270747,1,11,5019,11,11,1,1,11,26
3070,46,4694789,17954,46320,26949,611,328281,530333,2667,2256956,540261,46214,80498,248008,125913,104176,339648,1,17,7644,17,17,1,1,17,55
3071,47,4530791,17162,44365,11370,554,309440,460044,2144,2394474,451990,37525,77908,176255,134112,111512,301936,1,18,8240,18,18,1,1,18,23
3072,0,9629520,18141,54033,29423,562,689017,1030932,2853,4870000,1124730,83082,81830,622918,286047,106080,629872,1,38,16918,38,38,1,1,38,83
3073,1,4541840,17986,39026,9725,517,304685,475715,1752,2365048,462852,38223,71472,160585,142605,106568,345081,1,18,8258,18,18,1,1,18,19
3074,2,4225536,16222,39670,9326,742,295868,452841,2011,2329689,264848,35867,69016,155618,142018,111973,299827,1,18,8258,18,18,1,1,18,19
3075,3,3469989,17138,37227,10750,534,247482,360134,1914,1836563,205693,29667,71399,138096,105083,103499,304810,1,14,6426,14,14,1,1,14,16
3076,4,6747042,18305,50975,30595,614,475835,823852,2602,3307662,736396,55276,83819,430897,191901,105606,432707,1,26,11591,26,26,1,1,26,76
3077,5,6818224,29533,50626,32126,563,478366,756130,2551,3297884,865314,54622,78652,425502,188774,105920,451661,1,25,11096,25,25,1,1,25,82
3078,6,4553947,17446,47761,26326,543,319645,536763,2442,2121284,588720,35603,76789,249248,122199,109807,299371,1,16,7160,16,16,1,1,16,63
3079,7,4570473,17726,48594,26885,522,329106,534345,2724,2125916,573645,46977,76078,248130,121300,106512,312013,1,16,7156,16,16,1,1,16,64
3080,8,7073163,17899,52002,29955,544,507324,775644,2591,3401173,936914,57446,74373,439958,200779,108257,468304,1,27,12017,27,27,1,1,27,78
3081,9,4069884,18965,47390,27853,518,279979,499214,2700,1856888,505928,30989,77353,220601,106120,105035,290351,1,14,6255,14,14,1,1,14,65
3082,10,7968975,16352,53110,30688,588,549511,880472,2946,3885333,1005485,60602,79104,497449,228509,109995,568831,1,30,13340,30,30,1,1,30,81
3083,11,7794253,17098,52706,30861,560,543003,850253,2730,3741164,1053322,60414,76880,504933,226204,105043,529082,1,30,13339,30,30,1,1,30,81
3084,12,6637934,19114,50076,28201,584,451976,735470,2610,3188051,885810,57277,77993,382110,186748,107482,464432,1,25,11157,25,25,1,1,25,72
3085,13,7121686,18093,50605,28862,610,489688,791694,2573,3471000,933547,58060,87216,419874,203601,104354,461909,1,27,12049,27,27,1,1,27,73
3086,14,5823517,19402,49978,27821,513,395843,647512,2558,2807222,733291,45487,89141,333050,164588,104141,402970,1,21,9390,21,21,1,1,21,67
3087,15,6692621,18826,58493,27679,555,474453,742741,2186,3208832,858917,53123,77005,393722,196730,103633,475726,1,25,11141,25,25,1,1,25,75
3088,16,7618618,17198,51414,28814,578,513129,811310,2693,3813621,1006838,55803,77405,440066,223414,105147,471188,1,29,12951,29,29,1,1,29,73
3089,17,6749594,18448,50745,28185,621,478241,737627,2676,3261367,912054,56774,84085,408460,203357,106016,400938,1,26,11628,26,26,1,1,26,69
3090,18,5269383,17711,48378,27134,643,420978,577863,2501,2479822,685795,41762,76691,289483,138637,105691,356294,1,19,8508,19,19,1,1,19,64
3091,19,6365789,18180,61858,27758,526,451046,688921,2610,3086576,857715,52120,74277,364003,183814,104460,391925,1,24,10740,24,24,1,1,24,67
3092,20,8295973,18125,52708,29480,538,597537,901166,2401,4121968,1117187,66644,87505,491897,246727,104864,457226,1,31,13845,31,31,1,1,31,74
3093,21,5656500,30159,48659,28006,520,384271,642142,2736,2699244,727168,42227,75027,332373,161077,104025,378866,1,21,9363,21,21,1,1,21,72
3094,22,4170356,16456,41519,10981,696,269749,403617,1986,2189898,457867,34410,74933,145860,122165,104501,295718,1,16,7336,16,16,1,1,16,19
3095,23,5782951,18119,45173,15195,591,398750,595660,2027,3140633,553620,50263,80345,246707,172479,105568,357821,1,24,10938,24,24,1,1,24,34
3096,24,5469497,17829,48687,29181,543,382452,628913,2723,2656320,610010,42438,77133,320445,148151,103974,400698,1,20,8920,20,20,1,1,20,71
3097,25,5387124,17083,48703,32162,575,368211,621291,2581,2473558,727480,42284,75751,334089,142583,105838,394935,1,19,8456,19,19,1,1,19,75
3098,26,5802483,17867,49555,28285,626,407871,657955,2710,2799268,712535,42708,83724,335157,152607,106628,404987,1,21,9369,21,21,1,1,21,71
3099,27,6761846,17234,51579,27954,560,472261,775951,2515,3288725,852495,55219,76440,400458,191336,101926,447193,1,26,11602,26,26,1,1,26,73
3100,28,6384487,18382,50344,28532,735,435160,719622,2493,3161007,786152,49505,89848,365014,173483,108115,396095,1,23,10277,23,23,1,1,23,69
3101,29,5658262,16872,44770,14610,657,373995,610984,2403,2925780,678953,48552,77356,259894,164277,120677,318482,1,22,10019,22,22,1,1,22,34
3102,30,4253443,16168,46866,25961,607,290735,564864,2410,1989810,447713,32242,74790,232047,111702,105062,312466,1,15,6726,15,15,1,1,15,60
3103,31,5209435,16435,49634,27428,580,368814,586379,2352,2482652,661537,51277,76578,289678,142421,102642,351028,1,19,8495,19,19,1,1,19,66
3104,32,4249678,15445,40104,10648,572,280795,432811,2018,2245174,428675,36131,73247,159841,123665,104011,296541,1,17,7788,17,17,1,1,17,21
3105,33,4859076,17206,49451,30605,555,344578,586112,2683,2358088,447782,37137,77638,308672,134213,101745,362611,1,18,8014,18,18,1,1,18,73
3106,34,4150050,18378,40144,10809,556,272971,433745,1890,2127073,428109,34392,71289,155436,118088,117485,319685,1,16,7332,16,16,1,1,16,20
3107,35,5672305,17275,44487,16202,558,406064,626568,2134,2991066,555913,48932,79972,260965,181412,101856,338901,1,23,10453,23,23,1,1,23,39
3108,36,2754714,16701,37560,8918,584,175440,294930,1928,1348217,221723,21082,71642,94608,73978,116057,271346,1,10,4593,10,10,1,1,10,13
3109,37,3635197,16642,40447,11666,675,261357,381004,1872,1908928,267070,31730,73761,137071,105654,106028,291292,1,14,6415,14,14,1,1,14,19
3110,38,5452760,18282,49492,18912,508,389432,602119,2132,2807223,508454,45618,83185,268834,160260,114275,384034,1,22,9962,22,22,1,1,22,45
3111,39,7053895,18514,48457,21353,523,488380,743194,2133,3669477,857867,61587,79801,380800,208345,107249,366215,1,28,12656,28,28,1,1,28,51
3112,40,5598895,17865,44165,17275,612,383353,576536,2057,2841676,725666,47488,79231,256339,158054,104799,343779,1,22,9987,22,22,1,1,22,40
3113,41,4722957,16503,42522,11674,502,321720,505073,1976,2473440,478445,40273,72182,209839,138700,103255,306853,1,19,8695,19,19,1,1,19,24
3114,42,4153602,18380,39947,14776,576,283070,451191,2125,2121288,379551,34819,84780,167158,123034,105692,327215,1,16,7308,16,16,1,1,16,26
3115,43,2890142,18880,37625,10310,596,182628,284073,1842,1395455,227042,22860,104750,95005,75051,104611,329414,1,10,4591,10,10,1,1,10,14
3116,44,5635240,18545,49245,24316,589,400051,635517,2339,2794043,640854,47562,94107,312160,173590,105966,336356,1,22,9896,22,22,1,1,22,57
3117,45,3425457,17220,41319,15441,521,213141,374032,2257,1631185,411389,25609,75445,149312,88569,106080,273937,1,12,5469,12,12,1,1,12,28
3118,46,4476821,18203,45293,24817,530,305895,522544,2489,2115534,525875,37744,81875,230799,121456,102993,340774,1,16,7196,16,16,1,1,16,54
3119,47,4192278,18751,41563,11735,660,290402,418373,1953,2157321,409623,35021,74676,157061,121972,119758,333409,1,16,7328,16,16,1,1,16,21
