controller,policy,rank,event,step,layer,moe_cpu_ms,gemm_kernel_count,h2d_bytes,planner_h2d_bytes,planner_d2h_bytes,planner_payload_h2d_bytes,planner_payload_d2h_bytes,expert_rows,distinct_experts,expert_gpu_union_ms,gemm_gpu_union_ms,h2d_gpu_union_ms,nccl_gpu_union_ms,planner_broadcast_gpu_union_ms,routing_metadata_gpu_union_ms,dispatch_gpu_union_ms,combine_gpu_union_ms
C1,P1,0,0,0,0,295.572227,90,283115520,0,0,0,0,3997,30,1.685088,0.536704,5.462438,35.311754,0.0,12.370511,1.769122,21.172121
C1,P1,0,1,0,1,201.68796,66,207618048,0,0,0,0,3699,22,1.271524,0.398881,3.856676,26.822496,0.0,1.134146,0.470816,25.217534
C1,P1,0,2,0,2,180.215792,54,169869312,0,0,0,0,2819,18,1.063648,0.320832,3.192003,52.837918,0.0,0.949314,0.229184,51.65942
C1,P1,0,3,0,3,122.45376,48,150994944,0,0,0,0,3205,16,0.988802,0.299904,2.808803,11.791599,0.0,0.04208,1.267426,10.482093
C1,P1,0,4,0,4,151.384129,81,254803968,0,0,0,0,3537,27,1.510241,0.48336,4.75639,11.509805,0.0,0.888385,0.053984,10.567436
C1,P1,0,5,0,5,163.894733,87,273678336,0,0,0,0,3337,29,1.617991,0.515649,5.142599,0.60784,0.0,0.042848,0.170784,0.394208
C1,P1,0,6,0,6,172.86335,81,254803968,0,0,0,0,3026,27,1.514146,0.481089,4.771078,64.029003,0.0,0.923169,0.072096,63.033738
C1,P1,0,7,0,7,124.691954,78,245366784,0,0,0,0,2394,26,1.411203,0.448673,4.647364,23.923899,0.0,0.82192,0.052032,23.049947
C1,P1,0,8,0,8,142.068727,84,264241152,0,0,0,0,2315,28,1.521538,0.48448,5.042502,45.778742,0.0,1.369538,0.053056,44.356148
C1,P1,0,9,0,9,135.124748,84,264241152,0,0,0,0,2580,28,1.561378,0.491329,5.052646,28.212545,0.0,0.04176,0.054048,28.116737
C1,P1,0,10,0,10,204.509973,90,283115520,0,0,0,0,2888,30,1.635425,0.522496,5.428774,55.08592,0.0,1.336354,0.633536,53.11603
C1,P1,0,11,0,11,137.866636,90,283115520,0,0,0,0,3672,30,1.655106,0.526785,5.484007,16.080372,0.0,0.041952,0.053952,15.984468
C1,P1,0,12,0,12,156.742428,90,283115520,0,0,0,0,2626,30,1.615905,0.519201,5.493702,67.415635,0.0,1.416098,0.0544,65.945137
C1,P1,0,13,0,13,121.538599,81,254803968,0,0,0,0,3177,27,1.498787,0.474977,4.986694,23.159133,0.0,0.04192,0.053537,23.063676
C1,P1,0,14,0,14,135.844894,81,254803968,0,0,0,0,2813,27,1.480705,0.469184,5.024006,37.064494,0.0,0.041856,0.052416,36.970222
C1,P1,0,15,0,15,127.63958,81,254803968,0,0,0,0,2196,27,1.472225,0.466785,4.952901,38.353391,0.0,0.042912,0.053792,38.256687
C1,P1,0,16,0,16,183.152051,81,254803968,0,0,0,0,3664,27,1.521152,0.480096,5.044614,94.686069,0.0,0.0424,0.369089,94.27458
C1,P1,0,17,0,17,223.991855,87,273678336,0,0,0,0,3829,29,1.646819,0.519041,5.386311,42.849909,0.0,0.041888,0.19648,42.611541
C1,P1,0,18,0,18,155.794255,81,254803968,0,0,0,0,3781,27,1.520739,0.475905,5.046055,47.538523,0.0,11.360559,3.66202,32.515944
C1,P1,0,19,0,19,131.764117,78,245366784,0,0,0,0,2273,26,1.415427,0.448353,4.815078,26.578176,0.0,0.725409,0.052032,25.800735
C1,P1,0,20,0,20,148.763251,81,254803968,0,0,0,0,3867,27,1.532643,0.48816,5.079367,28.048515,0.0,1.720034,0.680993,25.647488
C1,P1,0,21,0,21,171.301052,84,264241152,0,0,0,0,2230,28,1.5488,0.479328,5.233575,73.315418,0.0,0.959298,0.615168,71.740952
C1,P1,0,22,0,22,151.811043,54,169869312,0,0,0,0,2805,18,1.066048,0.32304,3.361413,42.680598,0.0,0.04208,0.68445,41.954068
C1,P1,0,23,0,23,133.450489,69,217055232,0,0,0,0,3986,23,1.333155,0.411936,4.005381,0.481856,0.0,0.042688,0.178464,0.260704
C1,P1,0,24,0,24,149.280961,87,273678336,0,0,0,0,2613,29,1.578818,0.50144,5.45335,45.342262,0.0,0.571424,0.658529,44.112309
C1,P1,0,25,0,25,135.341854,81,254803968,0,0,0,0,3174,27,1.50749,0.472641,4.932614,38.378637,0.0,0.042304,0.614465,37.721868
C1,P1,0,26,0,26,130.496895,84,264241152,0,0,0,0,3455,28,1.549858,0.490848,5.309447,20.67484,0.0,1.293857,0.672225,18.708758
C1,P1,0,27,0,27,155.308562,84,264241152,0,0,0,0,1686,28,1.526914,0.473408,5.264774,61.400779,0.0,0.042081,0.163233,61.195465
C1,P1,0,28,0,28,151.995615,81,254803968,0,0,0,0,3729,27,1.510145,0.471969,5.098278,49.031226,0.0,4.892934,0.807937,43.330355
C1,P1,0,29,0,29,124.7315,63,198180864,0,0,0,0,5244,21,1.300161,0.403008,3.992261,10.509612,0.0,0.041792,0.136992,10.330828
C1,P1,0,30,0,30,144.919845,84,264241152,0,0,0,0,5552,28,1.641954,0.512609,5.248965,19.591255,0.0,1.604611,17.406612,0.580032
C1,P1,0,31,0,31,126.660688,81,254803968,0,0,0,0,2456,27,1.484963,0.470177,5.100646,38.684335,0.0,3.697413,0.614081,34.372841
C1,P1,0,32,0,32,131.755606,54,169869312,0,0,0,0,3610,18,1.090081,0.328672,3.246084,45.930934,0.0,2.042338,0.055328,43.833268
C1,P1,0,33,0,33,175.026895,84,264241152,0,0,0,0,3467,28,1.605729,0.500736,5.028134,26.203455,0.0,0.369472,0.83245,25.001533
C1,P1,0,34,0,34,110.65931,60,188743680,0,0,0,0,4141,20,1.195264,0.371104,3.76218,0.690177,0.0,0.042752,0.393792,0.253633
C1,P1,0,35,0,35,137.927062,69,217055232,0,0,0,0,3149,23,1.307554,0.408865,4.03098,23.94582,0.0,0.042848,0.298784,23.604188
C1,P1,0,36,0,36,93.368163,45,141557760,0,0,0,0,4433,15,0.996098,0.294785,2.834436,3.259747,0.0,1.689249,0.441633,1.128865
C1,P1,0,37,0,37,130.744065,51,160432128,0,0,0,0,3676,17,1.0496,0.31792,3.124644,39.451887,0.0,0.759425,0.053632,38.63883
C1,P1,0,38,0,38,125.170057,63,198180864,0,0,0,0,4208,21,1.258817,0.383456,3.8001,39.181006,0.0,0.837665,0.337632,38.005709
C1,P1,0,39,0,39,122.896248,60,188743680,0,0,0,0,3015,20,1.150305,0.353569,3.821637,55.519237,0.0,0.042208,0.317281,55.159748
C1,P1,0,40,0,40,114.079356,63,198180864,0,0,0,0,3711,21,1.258273,0.384321,3.920005,14.268083,0.0,1.016609,0.053697,13.197777
C1,P1,0,41,0,41,109.98802,54,169869312,0,0,0,0,4162,18,1.125056,0.336928,3.319779,15.077459,0.0,0.588033,0.05328,14.436146
C1,P1,0,42,0,42,124.057084,57,179306496,0,0,0,0,2856,19,1.117313,0.341696,3.44442,34.334345,0.0,0.898592,0.12512,33.310633
C1,P1,0,43,0,43,118.590053,51,160432128,0,0,0,0,2975,17,1.044673,0.308288,3.236676,31.116583,0.0,0.04224,0.29888,30.775463
C1,P1,0,44,0,44,128.954848,72,226492416,0,0,0,0,4072,24,1.448611,0.439872,4.567589,1.096961,0.0,0.74608,0.053536,0.297345
C1,P1,0,45,0,45,159.526676,51,160432128,0,0,0,0,3955,17,1.090337,0.3216,3.020164,48.328475,0.0,0.04192,0.16624,48.120315
C1,P1,0,46,0,46,136.986998,66,207618048,0,0,0,0,2514,22,1.224354,0.384929,4.134149,58.921001,0.0,0.042592,0.053088,58.825321
C1,P1,0,47,0,47,138.94751,48,150994944,0,0,0,0,4050,16,1.009217,0.302112,3.005828,39.753777,0.0,0.042656,0.637665,39.073456
C1,P1,0,48,1,0,12.744871,15,28311552,0,0,0,0,145,5,0.327618,0.083392,0.525984,1.739331,0.0,0.02512,0.053024,1.661187
C1,P1,0,49,1,1,6.635072,3,9437184,0,0,0,0,32,1,0.135872,0.017056,0.1752,0.561346,0.0,0.025344,0.028257,0.507745
C1,P1,0,50,1,2,6.460531,3,9437184,0,0,0,0,32,1,0.135424,0.017408,0.174496,1.854306,0.0,0.620449,0.439393,0.794464
C1,P1,0,51,1,3,7.452912,6,9437184,0,0,0,0,58,2,0.188129,0.034208,0.175296,0.09152,0.0,0.025344,0.027648,0.038528
C1,P1,0,52,1,4,10.309469,18,18874368,0,0,0,0,84,6,0.375906,0.099968,0.351552,2.065763,0.0,0.471841,0.331616,1.262306
C1,P1,0,53,1,5,16.921528,18,28311552,0,0,0,0,22,6,0.375682,0.098977,0.528257,6.470857,0.0,0.02592,0.839777,5.60516
C1,P1,0,54,1,6,11.915985,9,0,0,0,0,0,46,3,0.241217,0.052096,0.0,3.244356,0.0,0.358592,0.028128,2.857636
C1,P1,0,55,1,7,12.577945,12,18874368,0,0,0,0,22,4,0.287008,0.066688,0.35568,2.915428,0.0,0.510977,0.176288,2.228163
C1,P1,0,56,1,8,21.414342,9,18874368,0,0,0,0,11,3,0.237473,0.05072,0.350848,11.711598,0.0,0.025216,0.116416,11.569966
C1,P1,0,57,1,9,9.57869,12,9437184,0,0,0,0,54,4,0.28992,0.06816,0.17968,1.690978,0.0,0.02624,0.02864,1.636098
C1,P1,0,58,1,10,12.627354,15,18874368,0,0,0,0,35,5,0.338594,0.082721,0.35056,1.928129,0.0,0.342912,0.028384,1.556833
C1,P1,0,59,1,11,17.420422,18,9437184,0,0,0,0,89,6,0.38112,0.099968,0.176512,9.382859,0.0,0.472672,0.393568,8.516619
C1,P1,0,60,1,12,13.532141,6,9437184,0,0,0,0,61,2,0.18864,0.03488,0.17616,6.527465,0.0,2.057027,0.364929,4.105509
C1,P1,0,61,1,13,10.103177,18,18874368,0,0,0,0,90,6,0.37408,0.099328,0.348769,0.816481,0.0,0.025312,0.028128,0.763041
C1,P1,0,62,1,14,18.62014,15,9437184,0,0,0,0,68,5,0.345473,0.084353,0.189665,10.500108,0.0,0.652449,0.483648,9.364011
C1,P1,0,63,1,15,14.234552,21,18874368,0,0,0,0,47,7,0.423008,0.114944,0.348417,5.299814,0.0,0.521536,0.520609,4.257669
C1,P1,0,64,1,16,11.875306,12,9437184,0,0,0,0,101,4,0.28336,0.067968,0.175904,4.909446,0.0,0.722242,0.618496,3.568708
C1,P1,0,65,1,17,52.919016,12,9437184,0,0,0,0,89,4,0.278721,0.068096,0.174272,44.163862,0.0,39.500144,1.468898,3.19482
C1,P1,0,66,1,18,25.69105,27,18874368,0,0,0,0,29,9,0.509696,0.14736,0.349281,15.410932,0.0,2.022691,0.424481,12.96376
C1,P1,0,67,1,19,16.089335,18,18874368,0,0,0,0,26,6,0.376256,0.09872,0.348832,6.478024,0.0,1.922723,1.573377,2.981924
C1,P1,0,68,1,20,17.648367,24,28311552,0,0,0,0,62,8,0.467745,0.131041,0.541025,6.76244,0.0,2.381603,1.941506,2.439331
C1,P1,0,69,1,21,17.609742,9,9437184,0,0,0,0,26,3,0.235584,0.051264,0.17536,9.317578,0.0,2.195361,1.313826,5.808391
C1,P1,0,70,1,22,51.647261,9,18874368,0,0,0,0,96,3,0.231264,0.05088,0.349697,44.79823,0.0,43.004181,0.936736,0.857313
C1,P1,0,71,1,23,54.386512,9,18874368,0,0,0,0,51,3,0.232449,0.050592,0.3632,44.331672,0.0,39.90773,0.028224,4.395718
C1,P1,0,72,1,24,24.211156,12,18874368,0,0,0,0,11,4,0.278401,0.066432,0.360897,15.353683,0.0,0.025536,0.02832,15.299827
C1,P1,0,73,1,25,11.13351,12,18874368,0,0,0,0,41,4,0.284736,0.066848,0.3672,3.96071,0.0,0.638689,0.482913,2.839108
C1,P1,0,74,1,26,13.860262,21,18874368,0,0,0,0,89,7,0.409408,0.115648,0.348832,2.812036,0.0,0.026112,0.028256,2.757668
C1,P1,0,75,1,27,16.487692,6,18874368,0,0,0,0,31,2,0.196801,0.034624,0.34784,6.663304,0.0,2.812803,0.028256,3.822245
C1,P1,0,76,1,28,14.039872,15,18874368,0,0,0,0,55,5,0.346048,0.084032,0.374016,5.092167,0.0,1.586434,0.461953,3.04378
C1,P1,0,77,1,29,10.994656,18,18874368,0,0,0,0,119,6,0.368993,0.100352,0.349281,1.884194,0.0,0.025408,0.028576,1.83021
C1,P1,0,78,1,30,14.845077,33,28311552,0,0,0,0,39,11,0.59952,0.179008,0.524257,1.464161,0.0,0.651745,0.028256,0.78416
C1,P1,0,79,1,31,14.784998,24,28311552,0,0,0,0,46,8,0.466721,0.130785,0.524128,3.575685,0.0,0.680865,0.415681,2.479139
C1,P1,0,80,1,32,7.068815,6,9437184,0,0,0,0,64,2,0.188128,0.03488,0.179744,1.908066,0.0,0.796481,0.450528,0.661057
C1,P1,0,81,1,33,10.910914,15,18874368,0,0,0,0,36,5,0.321376,0.083072,0.358593,1.088833,0.0,0.483296,0.028384,0.577153
C1,P1,0,82,1,34,8.339473,6,18874368,0,0,0,0,56,2,0.187936,0.034464,0.363617,2.267844,0.0,0.740065,0.861474,0.666305
C1,P1,0,83,1,35,17.049368,12,18874368,0,0,0,0,58,4,0.280448,0.067104,0.3712,7.189033,0.0,1.184514,4.019205,1.985314
C1,P1,0,84,1,36,9.434718,9,9437184,0,0,0,0,71,3,0.240128,0.052,0.173952,1.594209,0.0,0.996257,0.573888,0.024064
C1,P1,0,85,1,37,6.933337,6,9437184,0,0,0,0,62,2,0.186752,0.034624,0.177984,0.685377,0.0,0.025376,0.02864,0.631361
C1,P1,0,86,1,38,14.33319,12,18874368,0,0,0,0,105,4,0.277632,0.067968,0.350337,4.585575,0.0,1.094146,3.466181,0.025248
C1,P1,0,87,1,39,14.819249,12,18874368,0,0,0,0,115,4,0.278401,0.06768,0.365793,3.373347,0.0,0.111616,0.028704,3.233027
C1,P1,0,88,1,40,9.044682,12,9437184,0,0,0,0,94,4,0.27584,0.068192,0.184576,2.185091,0.0,0.914274,0.417761,0.853056
C1,P1,0,89,1,41,11.743221,15,18874368,0,0,0,0,141,5,0.33773,0.083937,0.347712,0.525568,0.0,0.471488,0.02832,0.02576
C1,P1,0,90,1,42,9.314194,12,18874368,0,0,0,0,119,4,0.277633,0.068256,0.386337,1.834658,0.0,0.54528,0.390465,0.898913
C1,P1,0,91,1,43,9.348752,3,9437184,0,0,0,0,32,1,0.135232,0.016864,0.180704,0.987073,0.0,0.025984,0.028384,0.932705
C1,P1,0,92,1,44,15.840075,30,9437184,0,0,0,0,109,10,0.559841,0.164641,0.174753,4.448648,0.0,2.448676,0.615585,1.384387
C1,P1,0,93,1,45,9.336173,18,18874368,0,0,0,0,110,6,0.378656,0.099936,0.383585,0.645826,0.0,0.025312,0.177953,0.442561
C1,P1,0,94,1,46,15.667934,27,18874368,0,0,0,0,142,9,0.524257,0.149057,0.348928,2.61997,0.0,0.76976,0.028576,1.821634
C1,P1,0,95,1,47,9.929284,6,18874368,0,0,0,0,62,2,0.185953,0.034305,0.355521,2.226081,0.0,0.894112,0.447424,0.884545
C1,P1,0,96,2,0,17.310052,33,18874368,0,0,0,0,143,11,0.605184,0.180448,0.349825,5.044741,0.0,1.333601,0.48352,3.22762
C1,P1,0,97,2,1,7.545831,6,18874368,0,0,0,0,11,2,0.194752,0.034144,0.359457,0.674433,0.0,0.025344,0.061344,0.587745
C1,P1,0,98,2,2,9.747733,6,18874368,0,0,0,0,7,2,0.189664,0.0344,0.349984,1.953571,0.0,0.510561,0.708641,0.734369
C1,P1,0,99,2,3,7.287111,3,9437184,0,0,0,0,3,1,0.13664,0.016992,0.175456,1.336258,0.0,0.025216,0.359169,0.951873
C1,P1,0,100,2,4,16.581978,36,28311552,0,0,0,0,74,12,0.638402,0.194144,0.524257,2.045411,0.0,0.218016,0.028673,1.798722
C1,P1,0,101,2,5,17.033323,30,28311552,0,0,0,0,58,10,0.55904,0.163328,0.527233,4.64311,0.0,0.582498,0.476512,3.5841
C1,P1,0,102,2,6,17.311447,39,37748736,0,0,0,0,79,13,0.693313,0.210721,0.69872,3.262533,0.0,0.561282,0.620385,2.080866
C1,P1,0,103,2,7,17.218201,36,28311552,0,0,0,0,54,12,0.639425,0.194112,0.528609,3.542693,0.0,0.737825,0.389537,2.415331
C1,P1,0,104,2,8,19.629374,30,47185920,0,0,0,0,31,10,0.5488,0.161376,0.887105,5.68375,0.0,0.928257,0.524512,4.230981
C1,P1,0,105,2,9,20.512005,33,47185920,0,0,0,0,46,11,0.606944,0.178848,0.899873,5.494311,0.0,0.927969,0.65325,3.913092
C1,P1,0,106,2,10,18.891596,27,28311552,0,0,0,0,39,9,0.504992,0.147104,0.546017,6.776905,0.0,0.718145,0.408129,5.650631
C1,P1,0,107,2,11,17.474301,36,28311552,0,0,0,0,92,12,0.646593,0.194752,0.525537,4.759813,0.0,0.976641,0.43616,3.347012
C1,P1,0,108,2,12,19.971136,33,37748736,0,0,0,0,75,11,0.591553,0.179777,0.732512,6.340264,0.0,0.447744,0.719906,5.172614
C1,P1,0,109,2,13,16.940447,33,37748736,0,0,0,0,71,11,0.59168,0.178976,0.730945,3.672259,0.0,1.005505,0.459264,2.20749
C1,P1,0,110,2,14,18.331109,30,18874368,0,0,0,0,52,10,0.567266,0.163488,0.351008,6.509577,0.0,1.15981,0.725761,4.624006
C1,P1,0,111,2,15,17.826858,24,28311552,0,0,0,0,26,8,0.45968,0.130624,0.535841,4.236102,0.0,0.041025,0.523329,3.671748
C1,P1,0,112,2,16,15.12183,36,28311552,0,0,0,0,97,12,0.652578,0.196896,0.530464,2.092227,0.0,0.025376,0.09632,1.970531
C1,P1,0,113,2,17,19.670146,27,28311552,0,0,0,0,71,9,0.505248,0.146976,0.524833,7.188298,0.0,0.854337,1.941315,4.392646
C1,P1,0,114,2,18,15.86484,39,18874368,0,0,0,0,51,13,0.692576,0.209376,0.377121,4.175461,0.0,0.025504,1.440129,2.709828
C1,P1,0,115,2,19,22.088705,30,9437184,0,0,0,0,31,10,0.553216,0.162432,0.173857,9.705868,0.0,1.29069,1.015873,7.399305
C1,P1,0,116,2,20,21.136985,36,28311552,0,0,0,0,62,12,0.640802,0.194914,0.523777,6.56884,0.0,0.21312,1.924643,4.431077
C1,P1,0,117,2,21,21.098026,27,28311552,0,0,0,0,32,9,0.50848,0.146624,0.529441,7.228328,0.0,0.02576,0.037216,7.165352
C1,P1,0,118,2,22,9.860445,12,18874368,0,0,0,0,110,4,0.2784,0.067136,0.364576,1.740866,0.0,0.025088,0.362464,1.353314
C1,P1,0,119,2,23,12.61874,18,18874368,0,0,0,0,67,6,0.370497,0.099264,0.348801,1.530435,0.0,0.624257,0.028704,0.877474
C1,P1,0,120,2,24,24.753883,30,37748736,0,0,0,0,27,10,0.548064,0.162944,0.705857,7.032168,0.0,0.711648,0.701794,5.618726
C1,P1,0,121,2,25,19.993161,39,28311552,0,0,0,0,61,13,0.686272,0.21168,0.535169,1.874946,0.0,0.026176,0.02896,1.81981
C1,P1,0,122,2,26,18.986306,27,28311552,0,0,0,0,65,9,0.506881,0.14672,0.546945,4.680389,0.0,1.015233,0.02848,3.636676
C1,P1,0,123,2,27,18.525911,18,28311552,0,0,0,0,20,6,0.3704,0.098208,0.523552,5.580647,0.0,0.457825,0.02848,5.094342
C1,P1,0,124,2,28,15.610635,30,28311552,0,0,0,0,45,10,0.564961,0.163361,0.522688,2.087074,0.0,0.646273,0.028,1.412801
C1,P1,0,125,2,29,14.626205,24,28311552,0,0,0,0,124,8,0.479009,0.131681,0.537984,3.910916,0.0,1.0096,0.543105,2.358211
C1,P1,0,126,2,30,19.861338,42,18874368,0,0,0,0,70,14,0.740834,0.226528,0.348769,5.637157,0.0,0.439776,0.482752,4.714629
C1,P1,0,127,2,31,21.233905,24,18874368,0,0,0,0,48,8,0.451872,0.129952,0.358816,8.51377,0.0,0.02512,0.02832,8.46033
C1,P1,0,128,2,32,8.462809,12,18874368,0,0,0,0,106,4,0.27936,0.068032,0.372769,0.292736,0.0,0.024704,0.192064,0.075968
C1,P1,0,129,2,33,18.316405,27,47185920,0,0,0,0,48,9,0.502466,0.147424,0.926114,3.311555,0.0,0.307232,0.028512,2.975811
C1,P1,0,130,2,34,11.22991,6,18874368,0,0,0,0,8,2,0.190848,0.034016,0.374656,3.027395,0.0,1.392354,1.157665,0.477376
C1,P1,0,131,2,35,14.992972,18,28311552,0,0,0,0,38,6,0.375073,0.098465,0.537089,4.556517,0.0,0.0256,0.201472,4.329445
C1,P1,0,132,2,36,8.319575,9,9437184,0,0,0,0,66,3,0.241216,0.051136,0.176704,0.109024,0.0,0.025312,0.028576,0.055136
C1,P1,0,133,2,37,8.885743,9,18874368,0,0,0,0,62,3,0.24016,0.051424,0.368096,1.97277,0.0,0.501857,0.485857,0.985056
C1,P1,0,134,2,38,10.714657,21,18874368,0,0,0,0,98,7,0.425378,0.115616,0.34848,0.28064,0.0,0.0256,0.028544,0.226496
C1,P1,0,135,2,39,16.695922,18,28311552,0,0,0,0,89,6,0.376097,0.099745,0.565345,5.936389,0.0,0.865728,0.632736,4.437925
C1,P1,0,136,2,40,10.44783,12,9437184,0,0,0,0,48,4,0.27904,0.0672,0.174848,3.341765,0.0,0.809377,0.430721,2.101667
C1,P1,0,137,2,41,9.911884,15,9437184,0,0,0,0,121,5,0.324673,0.084736,0.173793,0.979234,0.0,0.0256,0.028608,0.925026
C1,P1,0,138,2,42,13.032554,24,18874368,0,0,0,0,127,8,0.488896,0.133024,0.377089,2.557348,0.0,1.850978,0.681282,0.025088
C1,P1,0,139,2,43,9.25919,6,18874368,0,0,0,0,11,2,0.1952,0.034336,0.382272,2.256036,0.0,0.913121,0.217153,1.125762
C1,P1,0,140,2,44,14.415114,30,18874368,0,0,0,0,109,10,0.578081,0.162849,0.349472,2.190402,0.0,0.60688,0.26128,1.322242
C1,P1,0,141,2,45,13.90436,24,18874368,0,0,0,0,123,8,0.491232,0.13104,0.348,2.032355,0.0,1.434978,0.258817,0.33856
C1,P1,0,142,2,46,13.731135,33,18874368,0,0,0,0,93,11,0.62432,0.179936,0.353345,2.315715,0.0,0.025888,0.028384,2.261443
C1,P1,0,143,2,47,11.455703,6,18874368,0,0,0,0,29,2,0.19008,0.034272,0.373793,2.00077,0.0,0.640833,0.02816,1.331777
C1,P1,0,144,3,0,24.585988,48,28311552,0,0,0,0,107,16,0.851776,0.258592,0.524096,6.445737,0.0,0.547233,0.028448,5.870056
C1,P1,0,145,3,1,14.490251,6,18874368,0,0,0,0,10,2,0.192672,0.033824,0.351841,0.278272,0.0,0.025088,0.028448,0.224736
C1,P1,0,146,3,2,10.411106,6,18874368,0,0,0,0,19,2,0.187489,0.03456,0.351104,0.552897,0.0,0.062656,0.02848,0.461761
C1,P1,0,147,3,3,8.270134,9,18874368,0,0,0,0,7,3,0.23168,0.050592,0.352544,1.114145,0.0,0.025792,0.17504,0.913313
C1,P1,0,148,3,4,19.054102,36,28311552,0,0,0,0,80,12,0.66477,0.195361,0.524416,4.635814,0.0,0.074528,0.028097,4.533189
C1,P1,0,149,3,5,22.267734,45,37748736,0,0,0,0,83,15,0.7984,0.243136,0.708705,5.710599,0.0,0.723169,0.02848,4.95895
C1,P1,0,150,3,6,19.553357,27,18874368,0,0,0,0,50,9,0.504289,0.14848,0.351937,7.052681,0.0,0.488769,0.028608,6.535304
C1,P1,0,151,3,7,17.72317,33,18874368,0,0,0,0,72,11,0.628608,0.17904,0.352768,3.895973,0.0,0.069664,0.028128,3.798181
C1,P1,0,152,3,8,20.501707,30,28311552,0,0,0,0,47,10,0.565312,0.1632,0.535488,5.023911,0.0,0.597186,0.028288,4.398437
C1,P1,0,153,3,9,17.346804,30,28311552,0,0,0,0,61,10,0.576128,0.162848,0.536384,3.206916,0.0,0.549409,0.028384,2.629123
C1,P1,0,154,3,10,18.067537,27,28311552,0,0,0,0,39,9,0.517058,0.146496,0.524832,4.171012,0.0,0.705633,0.028288,3.437091
C1,P1,0,155,3,11,19.321275,42,28311552,0,0,0,0,82,14,0.746305,0.227424,0.53232,4.564901,0.0,0.88944,0.501505,3.173956
C1,P1,0,156,3,12,18.546346,30,28311552,0,0,0,0,84,10,0.559201,0.162848,0.539169,5.211751,0.0,0.726209,0.028512,4.45703
C1,P1,0,157,3,13,21.304604,39,28311552,0,0,0,0,73,13,0.709473,0.209984,0.529217,6.135879,0.0,1.191969,0.194272,4.749638
C1,P1,0,158,3,14,20.216793,36,28311552,0,0,0,0,67,12,0.643553,0.194848,0.545088,7.259465,0.0,0.851329,0.571873,5.836263
C1,P1,0,159,3,15,21.372721,36,28311552,0,0,0,0,81,12,0.666209,0.195392,0.529633,8.195882,0.0,0.782304,0.485153,6.928425
C1,P1,0,160,3,16,20.35394,36,28311552,0,0,0,0,108,12,0.661378,0.196192,0.548289,7.834856,0.0,0.842144,0.564609,6.428103
C1,P1,0,161,3,17,21.998355,39,28311552,0,0,0,0,72,13,0.701858,0.210592,0.553377,8.901385,0.0,0.992736,0.378368,7.530281
C1,P1,0,162,3,18,21.654306,39,18874368,0,0,0,0,61,13,0.70352,0.211392,0.349697,7.866794,0.0,4.232037,0.028192,3.606565
C1,P1,0,163,3,19,20.597257,24,9437184,0,0,0,0,53,8,0.483489,0.131424,0.175072,4.167909,0.0,0.025184,0.028672,4.114053
C1,P1,0,164,3,20,16.384374,33,18874368,0,0,0,0,72,11,0.616544,0.179584,0.348704,3.714051,0.0,0.746785,0.31808,2.649186
C1,P1,0,165,3,21,21.394218,24,18874368,0,0,0,0,28,8,0.465185,0.130849,0.348129,10.159565,0.0,1.781122,0.747682,7.630761
C1,P1,0,166,3,22,15.357012,9,28311552,0,0,0,0,29,3,0.25248,0.050048,0.521601,4.216164,0.0,4.164324,0.028448,0.023392
C1,P1,0,167,3,23,10.756797,18,28311552,0,0,0,0,51,6,0.395873,0.098849,0.527264,1.234209,0.0,0.02576,0.028384,1.180065
C1,P1,0,168,3,24,18.980536,21,18874368,0,0,0,0,18,7,0.412352,0.114432,0.348449,5.803495,0.0,0.158208,0.028448,5.616839
C1,P1,0,169,3,25,22.863903,39,28311552,0,0,0,0,63,13,0.685633,0.210785,0.523969,7.418984,0.0,0.227552,0.02848,7.162952
C1,P1,0,170,3,26,21.113984,45,37748736,0,0,0,0,81,15,0.789538,0.242465,0.698049,4.878759,0.0,0.513409,0.028672,4.336678
C1,P1,0,171,3,27,24.072517,18,18874368,0,0,0,0,35,6,0.384864,0.099392,0.36176,10.442445,0.0,0.025952,0.028704,10.387789
C1,P1,0,172,3,28,20.259766,27,28311552,0,0,0,0,81,9,0.516674,0.147202,0.555329,6.1418,0.0,0.025984,0.350497,5.765319
C1,P1,0,173,3,29,16.226616,24,28311552,0,0,0,0,56,8,0.484416,0.131872,0.557473,4.86231,0.0,0.025408,0.144128,4.692774
C1,P1,0,174,3,30,17.852137,39,9437184,0,0,0,0,74,13,0.680192,0.21168,0.174177,5.143815,0.0,0.025536,0.028672,5.089607
C1,P1,0,175,3,31,20.855952,24,18874368,0,0,0,0,76,8,0.470593,0.130784,0.35568,8.672362,0.0,0.756609,0.028736,7.887017
C1,P1,0,176,3,32,9.839966,12,18874368,0,0,0,0,74,4,0.304256,0.067136,0.356384,0.145088,0.0,0.025248,0.028448,0.091392
C1,P1,0,177,3,33,16.201905,30,28311552,0,0,0,0,66,10,0.581537,0.163744,0.538721,3.48426,0.0,0.351456,0.569953,2.562851
C1,P1,0,178,3,34,10.006992,6,18874368,0,0,0,0,10,2,0.194081,0.034208,0.347712,3.184356,0.0,0.653664,0.544833,1.985859
C1,P1,0,179,3,35,15.726025,21,28311552,0,0,0,0,37,7,0.42928,0.115648,0.544929,2.487395,0.0,0.27536,0.028736,2.183299
C1,P1,0,180,3,36,10.035933,12,18874368,0,0,0,0,91,4,0.295296,0.067712,0.348256,1.523137,0.0,0.959969,0.538336,0.024832
C1,P1,0,181,3,37,9.271192,9,18874368,0,0,0,0,58,3,0.249152,0.050848,0.380385,1.478914,0.0,0.0256,0.028096,1.425218
C1,P1,0,182,3,38,15.396643,27,28311552,0,0,0,0,90,9,0.53648,0.147744,0.522881,2.516066,0.0,0.891873,1.210209,0.413984
C1,P1,0,183,3,39,19.366063,27,37748736,0,0,0,0,65,9,0.532705,0.146177,0.748769,6.953864,0.0,1.534049,0.578433,4.841382
C1,P1,0,184,3,40,16.244492,18,28311552,0,0,0,0,60,6,0.384128,0.099424,0.541825,5.413927,0.0,0.566337,1.96925,2.87834
C1,P1,0,185,3,41,10.5632,18,28311552,0,0,0,0,106,6,0.4008,0.100416,0.545121,0.813568,0.0,0.025408,0.035232,0.752928
C1,P1,0,186,3,42,13.862207,24,18874368,0,0,0,0,109,8,0.511042,0.131937,0.347745,1.788196,0.0,0.664706,0.02832,1.09517
C1,P1,0,187,3,43,9.707503,9,18874368,0,0,0,0,5,3,0.231137,0.051264,0.377728,2.514755,0.0,0.439169,0.494528,1.581058
C1,P1,0,188,3,44,16.182631,30,18874368,0,0,0,0,101,10,0.572448,0.16336,0.354369,3.860549,0.0,0.025056,1.394786,2.440707
C1,P1,0,189,3,45,12.927764,24,9437184,0,0,0,0,88,8,0.496097,0.132288,0.175905,1.310817,0.0,0.067584,0.0288,1.214433
C1,P1,0,190,3,46,16.059092,30,18874368,0,0,0,0,56,10,0.555712,0.164448,0.374208,2.615363,0.0,0.025728,0.028352,2.561283
C1,P1,0,191,3,47,11.072778,9,28311552,0,0,0,0,17,3,0.240192,0.050336,0.545504,2.302435,0.0,0.025408,0.265696,2.011331
C1,P1,0,192,4,0,22.91017,54,37748736,0,0,0,0,93,18,0.924193,0.291521,0.699137,4.030533,0.0,0.025248,0.302688,3.702597
C1,P1,0,193,4,1,8.796282,6,18874368,0,0,0,0,8,2,0.191232,0.034144,0.350624,1.282433,0.0,0.02576,0.0632,1.193473
C1,P1,0,194,4,2,9.666065,6,18874368,0,0,0,0,15,2,0.196672,0.033824,0.349601,1.407746,0.0,1.125218,0.259808,0.02272
C1,P1,0,195,4,3,8.224855,9,18874368,0,0,0,0,33,3,0.253216,0.051104,0.36496,1.196354,0.0,0.025664,0.089632,1.081058
C1,P1,0,196,4,4,17.823287,39,37748736,0,0,0,0,76,13,0.711936,0.210976,0.701793,2.407459,0.0,0.606305,0.168224,1.63293
C1,P1,0,197,4,5,18.697153,45,28311552,0,0,0,0,75,15,0.80496,0.243424,0.52368,1.013474,0.0,0.60413,0.384096,0.025248
C1,P1,0,198,4,6,16.828105,30,18874368,0,0,0,0,51,10,0.547968,0.162464,0.351649,0.457024,0.0,0.036448,0.301792,0.118784
C1,P1,0,199,4,7,17.22608,39,18874368,0,0,0,0,79,13,0.719168,0.211296,0.357536,0.935841,0.0,0.025824,0.884993,0.025024
C1,P1,0,200,4,8,19.922353,42,28311552,0,0,0,0,65,14,0.749889,0.226656,0.533281,1.771299,0.0,0.025409,0.593888,1.152002
C1,P1,0,201,4,9,18.681854,36,28311552,0,0,0,0,58,12,0.657185,0.194656,0.534465,2.069251,0.0,0.025664,0.623425,1.420162
C1,P1,0,202,4,10,19.25533,27,28311552,0,0,0,0,40,9,0.518848,0.147072,0.531264,3.778117,0.0,0.02528,0.0288,3.724037
C1,P1,0,203,4,11,19.819037,42,28311552,0,0,0,0,93,14,0.761794,0.227105,0.537249,1.064674,0.0,0.025728,0.028736,1.01021
C1,P1,0,204,4,12,19.88789,30,28311552,0,0,0,0,81,10,0.562112,0.163616,0.544737,3.079299,0.0,0.025888,0.028576,3.024835
C1,P1,0,205,4,13,18.494188,36,28311552,0,0,0,0,79,12,0.674561,0.194656,0.562081,0.079424,0.0,0.025504,0.02848,0.02544
C1,P1,0,206,4,14,22.125795,39,28311552,0,0,0,0,77,13,0.699745,0.211072,0.535201,2.839075,0.0,0.025376,0.02816,2.785539
C1,P1,0,207,4,15,23.990329,27,28311552,0,0,0,0,92,9,0.538913,0.147296,0.54352,6.820232,0.0,0.222688,0.028672,6.568872
C1,P1,0,208,4,16,16.323423,36,18874368,0,0,0,0,95,12,0.647968,0.19584,0.367329,0.213504,0.0,0.025696,0.0288,0.159008
C1,P1,0,209,4,17,28.359013,45,18874368,0,0,0,0,74,15,0.769025,0.242624,0.347712,5.923367,0.0,0.330848,0.243392,5.349127
C1,P1,0,210,4,18,18.796974,36,28311552,0,0,0,0,73,12,0.643776,0.194944,0.525569,0.62973,0.0,0.02544,0.106913,0.497377
C1,P1,0,211,4,19,17.423067,27,18874368,0,0,0,0,72,9,0.506689,0.147904,0.362465,4.664549,0.0,0.025344,0.60896,4.030245
C1,P1,0,212,4,20,17.127629,30,28311552,0,0,0,0,77,10,0.573377,0.164608,0.538113,1.463586,0.0,0.02576,0.028704,1.409122
C1,P1,0,213,4,21,22.048582,21,28311552,0,0,0,0,41,7,0.430624,0.115008,0.557025,7.329992,0.0,1.063329,0.028864,6.237799
C1,P1,0,214,4,22,14.263331,9,28311552,0,0,0,0,11,3,0.236289,0.050688,0.558945,3.184324,0.0,1.78781,0.028224,1.36829
C1,P1,0,215,4,23,14.110461,24,28311552,0,0,0,0,63,8,0.490657,0.131008,0.539905,1.010464,0.0,0.413312,0.572224,0.024928
C1,P1,0,216,4,24,22.099345,18,18874368,0,0,0,0,14,6,0.367328,0.098624,0.347936,7.646122,0.0,0.025408,0.027968,7.592746
C1,P1,0,217,4,25,19.839195,30,28311552,0,0,0,0,67,10,0.564,0.162272,0.560929,2.699492,0.0,0.0256,0.114817,2.559075
C1,P1,0,218,4,26,22.445635,42,28311552,0,0,0,0,87,14,0.764993,0.227297,0.526081,4.143174,0.0,0.025728,0.358785,3.758661
C1,P1,0,219,4,27,21.700263,18,9437184,0,0,0,0,50,6,0.381952,0.099584,0.173601,9.77486,0.0,0.025152,0.534049,9.215659
C1,P1,0,220,4,28,21.163463,30,18874368,0,0,0,0,87,10,0.569441,0.16272,0.348257,6.046439,0.0,0.0864,0.028608,5.931431
C1,P1,0,221,4,29,13.070302,21,18874368,0,0,0,0,30,7,0.42272,0.114656,0.365537,1.987747,0.0,0.0256,0.028352,1.933795
C1,P1,0,222,4,30,17.758182,39,28311552,0,0,0,0,86,13,0.704673,0.20992,0.522593,0.078496,0.0,0.02544,0.028448,0.024608
C1,P1,0,223,4,31,18.468069,30,28311552,0,0,0,0,77,10,0.555937,0.162689,0.525632,2.377539,0.0,1.007362,0.028544,1.341633
C1,P1,0,224,4,32,11.694314,9,18874368,0,0,0,0,19,3,0.244449,0.051008,0.354497,1.008354,0.0,0.946466,0.039136,0.022752
C1,P1,0,225,4,33,19.427061,30,28311552,0,0,0,0,72,10,0.55696,0.162912,0.561984,3.58058,0.0,0.521441,0.465056,2.594083
C1,P1,0,226,4,34,10.648817,6,18874368,0,0,0,0,40,2,0.188512,0.035328,0.347328,2.832228,0.0,0.026304,0.493281,2.312643
C1,P1,0,227,4,35,16.869716,24,37748736,0,0,0,0,32,8,0.464704,0.129888,0.69664,0.451009,0.0,0.397473,0.028672,0.024864
C1,P1,0,228,4,36,16.053072,12,18874368,0,0,0,0,74,4,0.290944,0.067008,0.606049,1.069409,0.0,0.4512,0.593729,0.02448
C1,P1,0,229,4,37,15.550357,12,28311552,0,0,0,0,22,4,0.285408,0.06592,0.521697,0.705185,0.0,0.025568,0.028448,0.651169
C1,P1,0,230,4,38,12.386467,24,18874368,0,0,0,0,43,8,0.473697,0.130753,0.37408,0.498528,0.0,0.025056,0.448544,0.024928
C1,P1,0,231,4,39,15.692406,24,18874368,0,0,0,0,55,8,0.48832,0.131136,0.349057,1.486176,0.0,0.52928,0.02848,0.928416
C1,P1,0,232,4,40,13.973835,15,18874368,0,0,0,0,60,5,0.336512,0.083552,0.370945,1.91661,0.0,0.880513,0.02832,1.007777
C1,P1,0,233,4,41,11.6929,18,28311552,0,0,0,0,112,6,0.374176,0.09904,0.533473,0.971073,0.0,0.458272,0.487873,0.024928
C1,P1,0,234,4,42,13.767462,24,18874368,0,0,0,0,105,8,0.496609,0.132096,0.347744,0.176864,0.0,0.122784,0.029024,0.025056
C1,P1,0,235,4,43,14.449571,3,9437184,0,0,0,0,18,1,0.137632,0.017376,0.173632,6.588583,0.0,1.73885,4.691077,0.158656
C1,P1,0,236,4,44,19.780231,39,28311552,0,0,0,0,102,13,0.719456,0.210752,0.530465,2.335491,0.0,0.025504,0.558497,1.75149
C1,P1,0,237,4,45,13.826955,30,18874368,0,0,0,0,93,10,0.573377,0.163745,0.34752,0.326817,0.0,0.113024,0.188705,0.025088
C1,P1,0,238,4,46,16.411363,36,18874368,0,0,0,0,77,12,0.659873,0.195072,0.353632,0.078112,0.0,0.025312,0.028288,0.024512
C1,P1,0,239,4,47,11.931796,9,28311552,0,0,0,0,30,3,0.237056,0.05104,0.522465,0.570753,0.0,0.025504,0.02784,0.517409
C1,P1,0,240,5,0,23.651363,54,37748736,0,0,0,0,115,18,0.943459,0.29184,0.700257,0.891618,0.0,0.837697,0.028672,0.025249
C1,P1,0,241,5,1,12.057414,6,18874368,0,0,0,0,4,2,0.18656,0.034432,0.349889,2.257475,0.0,0.939009,0.028352,1.290114
C1,P1,0,242,5,2,9.271669,6,18874368,0,0,0,0,7,2,0.189568,0.034368,0.350721,0.955105,0.0,0.025344,0.028448,0.901313
C1,P1,0,243,5,3,10.523128,6,18874368,0,0,0,0,31,2,0.193761,0.03456,0.352512,0.647777,0.0,0.025408,0.028,0.594369
C1,P1,0,244,5,4,23.87916,42,9437184,0,0,0,0,94,14,0.742336,0.228,0.175008,8.800844,0.0,0.699394,5.40183,2.69962
C1,P1,0,245,5,5,25.227702,45,18874368,0,0,0,0,61,15,0.786017,0.24288,0.357408,7.051497,0.0,4.373382,0.295456,2.382659
C1,P1,0,246,5,6,19.72192,30,28311552,0,0,0,0,64,10,0.560545,0.16208,0.535809,3.387877,0.0,1.077954,0.028352,2.281571
C1,P1,0,247,5,7,20.478513,30,9437184,0,0,0,0,57,10,0.572448,0.163936,0.17456,7.990699,0.0,2.187779,0.402049,5.400871
C1,P1,0,248,5,8,23.260127,27,18874368,0,0,0,0,45,9,0.520097,0.147584,0.348032,9.280075,0.0,0.863297,0.512961,7.903817
C1,P1,0,249,5,9,18.363353,33,18874368,0,0,0,0,81,11,0.638368,0.179136,0.348545,2.5657,0.0,0.711265,0.423809,1.430626
C1,P1,0,250,5,10,19.654123,24,18874368,0,0,0,0,38,8,0.469888,0.130848,0.3488,6.238471,0.0,0.624833,0.529152,5.084486
C1,P1,0,251,5,11,19.465439,51,18874368,0,0,0,0,101,17,0.895713,0.275392,0.348865,1.768034,0.0,0.726689,0.515841,0.525504
C1,P1,0,252,5,12,18.895363,36,18874368,0,0,0,0,88,12,0.664864,0.194464,0.349056,2.655459,0.0,0.959809,0.519585,1.176065
C1,P1,0,253,5,13,19.165787,39,18874368,0,0,0,0,78,13,0.704737,0.211904,0.361281,1.281634,0.0,0.025504,0.415201,0.840929
C1,P1,0,254,5,14,20.997716,42,37748736,0,0,0,0,68,14,0.744225,0.226016,0.712353,0.080448,0.0,0.026432,0.02864,0.025376
C1,P1,0,255,5,15,19.709414,27,18874368,0,0,0,0,81,9,0.525888,0.148352,0.348193,4.245861,0.0,0.025856,0.028256,4.191749
C1,P1,0,256,5,16,19.836529,36,37748736,0,0,0,0,87,12,0.647233,0.194529,0.746625,1.968227,0.0,0.02576,0.382817,1.55965
C1,P1,0,257,5,17,20.031806,33,9437184,0,0,0,0,76,11,0.617152,0.179328,0.1736,5.015367,0.0,0.025664,0.028512,4.961191
C1,P1,0,258,5,18,19.512842,36,28311552,0,0,0,0,68,12,0.6488,0.194144,0.543393,2.776515,0.0,0.025472,0.08496,2.666083
C1,P1,0,259,5,19,20.742242,21,9437184,0,0,0,0,67,7,0.423264,0.116064,0.175873,7.743466,0.0,0.026016,0.201793,7.515657
C1,P1,0,260,5,20,18.158612,36,18874368,0,0,0,0,74,12,0.650946,0.195584,0.350464,2.243523,0.0,0.025536,0.028864,2.189123
C1,P1,0,261,5,21,23.42824,30,28311552,0,0,0,0,45,10,0.560641,0.162304,0.573281,5.916647,0.0,0.126176,0.028416,5.762055
C1,P1,0,262,5,22,9.61553,6,18874368,0,0,0,0,15,2,0.198432,0.03472,0.361953,1.413282,0.0,0.026176,0.179616,1.20749
C1,P1,0,263,5,23,12.530429,21,18874368,0,0,0,0,57,7,0.44525,0.116352,0.353568,0.705506,0.0,0.383169,0.297985,0.024352
C1,P1,0,264,5,24,20.802903,18,18874368,0,0,0,0,29,6,0.381537,0.099424,0.347392,6.147721,0.0,0.230625,0.367553,5.549543
C1,P1,0,265,5,25,19.496834,30,28311552,0,0,0,0,84,10,0.577216,0.163776,0.568704,2.832452,0.0,0.025376,0.596065,2.211011
C1,P1,0,266,5,26,22.62032,48,28311552,0,0,0,0,90,16,0.858145,0.259489,0.521216,3.02138,0.0,0.025568,1.405826,1.589986
C1,P1,0,267,5,27,20.716731,15,9437184,0,0,0,0,51,5,0.336512,0.083712,0.173888,7.734441,0.0,0.025184,0.036896,7.672361
C1,P1,0,268,5,28,21.41884,27,28311552,0,0,0,0,79,9,0.518497,0.147232,0.563393,5.126758,0.0,0.025664,0.316064,4.78503
C1,P1,0,269,5,29,12.22894,24,18874368,0,0,0,0,59,8,0.465664,0.13104,0.347873,0.088736,0.0,0.02528,0.03168,0.031776
C1,P1,0,270,5,30,17.778354,36,18874368,0,0,0,0,73,12,0.651234,0.195969,0.347648,0.916865,0.0,0.0256,0.028544,0.862721
C1,P1,0,271,5,31,19.643773,27,28311552,0,0,0,0,73,9,0.521761,0.14736,0.522304,5.195749,0.0,0.667232,2.147298,2.381219
C1,P1,0,272,5,32,10.846923,9,18874368,0,0,0,0,16,3,0.239744,0.050752,0.360672,0.964033,0.0,0.435425,0.505824,0.022784
C1,P1,0,273,5,33,22.962311,27,37748736,0,0,0,0,71,9,0.51312,0.14704,0.754017,7.148266,0.0,0.02528,0.427265,6.695721
C1,P1,0,274,5,34,10.291245,6,18874368,0,0,0,0,15,2,0.197888,0.034272,0.3504,1.851937,0.0,0.02592,0.02768,1.798337
C1,P1,0,275,5,35,15.140942,21,28311552,0,0,0,0,33,7,0.423072,0.114688,0.522561,1.381025,0.0,0.33072,0.028384,1.021921
C1,P1,0,276,5,36,10.081247,9,18874368,0,0,0,0,20,3,0.242464,0.050304,0.361568,1.761345,0.0,0.746369,0.397344,0.617632
C1,P1,0,277,5,37,11.243359,12,28311552,0,0,0,0,14,4,0.281376,0.066592,0.535553,1.357313,0.0,0.025568,0.027968,1.303777
C1,P1,0,278,5,38,12.319426,18,18874368,0,0,0,0,37,6,0.384001,0.098784,0.356032,1.329186,0.0,0.415073,0.449568,0.464545
C1,P1,0,279,5,39,15.880356,21,18874368,0,0,0,0,43,7,0.431681,0.115073,0.350273,4.60231,0.0,0.242816,0.528225,3.831269
C1,P1,0,280,5,40,14.880595,21,28311552,0,0,0,0,59,7,0.419488,0.115488,0.546977,1.81805,0.0,0.024896,0.02864,1.764514
C1,P1,0,281,5,41,13.951288,18,28311552,0,0,0,0,86,6,0.374976,0.099264,0.521697,1.020098,0.0,0.967138,0.028672,0.024288
C1,P1,0,282,5,42,12.344725,21,18874368,0,0,0,0,50,7,0.438848,0.115424,0.353664,1.163297,0.0,0.476033,0.662848,0.024416
C1,P1,0,283,5,43,7.760116,6,9437184,0,0,0,0,24,2,0.18944,0.034656,0.174048,0.278241,0.0,0.025344,0.229697,0.0232
C1,P1,0,284,5,44,20.17343,45,47185920,0,0,0,0,101,15,0.82349,0.242624,0.926305,1.644449,0.0,0.122752,0.565152,0.956545
C1,P1,0,285,5,45,13.78093,27,18874368,0,0,0,0,63,9,0.531489,0.147072,0.347936,0.863234,0.0,0.703841,0.134273,0.02512
C1,P1,0,286,5,46,18.063257,39,37748736,0,0,0,0,69,13,0.709314,0.210401,0.753345,0.359008,0.0,0.025888,0.308864,0.024256
C1,P1,0,287,5,47,12.165035,9,28311552,0,0,0,0,28,3,0.246944,0.050496,0.562785,1.280322,0.0,0.025728,0.028416,1.226178
C1,P1,0,288,6,0,23.427597,45,37748736,0,0,0,0,89,15,0.795137,0.242848,0.698209,2.370435,0.0,2.316867,0.028704,0.024864
C1,P1,0,289,6,1,11.63729,6,18874368,0,0,0,0,5,2,0.188416,0.034112,0.350048,2.038115,0.0,0.729697,0.028256,1.280162
C1,P1,0,290,6,2,11.222704,9,28311552,0,0,0,0,16,3,0.238272,0.050016,0.525888,2.696677,0.0,0.511585,0.490337,1.694755
C1,P1,0,291,6,3,9.918008,9,18874368,0,0,0,0,30,3,0.251104,0.05072,0.352385,0.077536,0.0,0.025376,0.02912,0.02304
C1,P1,0,292,6,4,19.448375,45,18874368,0,0,0,0,88,15,0.777537,0.243104,0.350976,3.441861,0.0,0.564577,0.469792,2.407492
C1,P1,0,293,6,5,20.684835,36,18874368,0,0,0,0,62,12,0.662912,0.194752,0.352929,5.984231,0.0,0.818432,0.429984,4.735815
C1,P1,0,294,6,6,20.495397,33,18874368,0,0,0,0,60,11,0.599904,0.179104,0.351841,6.042632,0.0,1.768835,0.515297,3.7585
C1,P1,0,295,6,7,20.339067,33,18874368,0,0,0,0,48,11,0.607584,0.178624,0.349889,5.524647,0.0,0.809601,0.417184,4.297862
C1,P1,0,296,6,8,22.409127,33,28311552,0,0,0,0,41,11,0.604513,0.177889,0.523201,5.936997,0.0,0.807584,0.483136,4.646277
C1,P1,0,297,6,9,17.415537,36,18874368,0,0,0,0,83,12,0.653728,0.196736,0.349121,1.579393,0.0,0.477152,0.493024,0.609217
C1,P1,0,298,6,10,20.212733,24,18874368,0,0,0,0,33,8,0.467457,0.13152,0.347904,4.591077,0.0,0.02576,0.1712,4.394117
C1,P1,0,299,6,11,20.838604,45,18874368,0,0,0,0,92,15,0.810849,0.241568,0.352224,0.08032,0.0,0.025824,0.0288,0.025696
C1,P1,0,300,6,12,19.121736,33,18874368,0,0,0,0,78,11,0.618113,0.179104,0.370049,3.574148,0.0,0.989313,0.432224,2.152611
C1,P1,0,301,6,13,19.654759,45,28311552,0,0,0,0,72,15,0.784544,0.242112,0.546913,0.08016,0.0,0.025728,0.028608,0.025824
C1,P1,0,302,6,14,18.782062,45,28311552,0,0,0,0,71,15,0.797121,0.243936,0.553569,0.079296,0.0,0.025248,0.028928,0.02512
C1,P1,0,303,6,15,20.106459,33,28311552,0,0,0,0,72,11,0.618016,0.178688,0.548993,3.388452,0.0,0.025408,0.028768,3.334276
C1,P1,0,304,6,16,19.637588,33,28311552,0,0,0,0,80,11,0.61616,0.178976,0.549025,2.193411,0.0,0.025408,0.028288,2.139715
C1,P1,0,305,6,17,23.433215,42,37748736,0,0,0,0,83,14,0.751713,0.226305,0.706785,3.789126,0.0,0.431009,0.0288,3.329317
C1,P1,0,306,6,18,20.314387,42,18874368,0,0,0,0,56,14,0.728865,0.226241,0.352193,3.469573,0.0,3.008516,0.437377,0.02368
C1,P1,0,307,6,19,17.37848,27,28311552,0,0,0,0,66,9,0.52256,0.147296,0.719937,2.507588,0.0,0.025696,0.028897,2.452995
C1,P1,0,308,6,20,20.108941,48,28311552,0,0,0,0,91,16,0.843106,0.259328,0.528257,0.07968,0.0,0.025312,0.028864,0.025504
C1,P1,0,309,6,21,24.616316,36,18874368,0,0,0,0,37,12,0.639073,0.193888,0.375745,6.458185,0.0,0.025504,0.028257,6.404424
C1,P1,0,310,6,22,10.386015,9,28311552,0,0,0,0,20,3,0.243905,0.050336,0.575233,0.827297,0.0,0.025504,0.027872,0.773921
C1,P1,0,311,6,23,15.070987,24,28311552,0,0,0,0,72,8,0.489986,0.131552,0.521568,0.594114,0.0,0.541218,0.028256,0.02464
C1,P1,0,312,6,24,18.570779,42,28311552,0,0,0,0,45,14,0.733568,0.225696,0.562497,0.958849,0.0,0.529344,0.404737,0.024768
C1,P1,0,313,6,25,20.965145,39,37748736,0,0,0,0,69,13,0.698016,0.210912,0.736577,2.391395,0.0,0.948866,0.57808,0.864449
C1,P1,0,314,6,26,23.273517,63,28311552,0,0,0,0,84,21,1.063846,0.338051,0.521792,1.678275,0.0,0.025088,1.628131,0.025056
C1,P1,0,315,6,27,23.438411,21,18874368,0,0,0,0,39,7,0.417313,0.115584,0.347681,10.177965,0.0,3.466244,3.659877,3.051844
C1,P1,0,316,6,28,23.144616,36,28311552,0,0,0,0,66,12,0.652482,0.194625,0.521505,6.25812,0.0,4.82199,0.530529,0.905601
C1,P1,0,317,6,29,15.713671,27,28311552,0,0,0,0,71,9,0.518656,0.147424,0.553601,1.50317,0.0,1.002722,0.475072,0.025376
C1,P1,0,318,6,30,21.202898,51,28311552,0,0,0,0,87,17,0.877697,0.274528,0.526304,1.134626,0.0,0.672897,0.437153,0.024576
C1,P1,0,319,6,31,19.971618,30,37748736,0,0,0,0,65,10,0.562016,0.16176,0.743009,2.269698,0.0,0.026368,0.211776,2.031554
C1,P1,0,320,6,32,9.332933,9,18874368,0,0,0,0,56,3,0.244992,0.05024,0.375104,0.07712,0.0,0.025216,0.028736,0.023168
C1,P1,0,321,6,33,17.767805,33,28311552,0,0,0,0,56,11,0.602048,0.177984,0.523521,1.18893,0.0,0.430881,0.0928,0.665249
C1,P1,0,322,6,34,12.763336,12,28311552,0,0,0,0,83,4,0.288256,0.067424,0.560193,1.492611,0.0,1.05917,0.408801,0.02464
C1,P1,0,323,6,35,13.340921,21,28311552,0,0,0,0,36,7,0.426114,0.114721,0.545889,0.673728,0.0,0.0256,0.028512,0.619616
C1,P1,0,324,6,36,14.061134,12,28311552,0,0,0,0,24,4,0.29088,0.067264,0.546369,1.538753,0.0,0.732737,0.027616,0.7784
C1,P1,0,325,6,37,13.00062,12,28311552,0,0,0,0,29,4,0.290977,0.066464,0.567489,1.814851,0.0,0.506881,0.500833,0.807137
C1,P1,0,326,6,38,14.488841,24,37748736,0,0,0,0,33,8,0.462241,0.13008,0.744769,0.818817,0.0,0.025376,0.027904,0.765537
C1,P1,0,327,6,39,21.901985,30,37748736,0,0,0,0,62,10,0.5736,0.162688,0.741569,0.836098,0.0,0.782593,0.028417,0.025088
C1,P1,0,328,6,40,19.789203,21,37748736,0,0,0,0,79,7,0.43901,0.11552,0.711073,0.494944,0.0,0.02576,0.028384,0.4408
C1,P1,0,329,6,41,15.971777,18,28311552,0,0,0,0,78,6,0.39149,0.098112,0.521665,0.078944,0.0,0.02592,0.028544,0.02448
C1,P1,0,330,6,42,17.807964,21,28311552,0,0,0,0,48,7,0.437792,0.114976,0.521249,2.233251,0.0,1.161825,0.028512,1.042914
C1,P1,0,331,6,43,10.921873,6,18874368,0,0,0,0,13,2,0.194785,0.034337,0.347168,0.09888,0.0,0.047904,0.027968,0.023008
C1,P1,0,332,6,44,36.536302,54,28311552,0,0,0,0,115,18,0.966241,0.292289,0.797345,0.079808,0.0,0.025664,0.028608,0.025536
C1,P1,0,333,6,45,19.434696,24,18874368,0,0,0,0,60,8,0.473218,0.131168,0.348512,0.07904,0.0,0.025696,0.028448,0.024896
C1,P1,0,334,6,46,28.164042,42,37748736,0,0,0,0,60,14,0.741505,0.225569,0.694977,0.079424,0.0,0.02544,0.028704,0.02528
C1,P1,0,335,6,47,18.727006,9,28311552,0,0,0,0,16,3,0.23952,0.0496,0.522049,1.712162,0.0,0.02544,0.029024,1.657698
C1,P1,0,336,7,0,36.815543,51,56623104,0,0,0,0,64,17,0.873793,0.273888,1.048097,3.225668,0.0,0.025184,0.028704,3.17178
C1,P1,0,337,7,1,12.812169,6,18874368,0,0,0,0,11,2,0.19568,0.034816,0.349089,0.781281,0.0,0.02592,0.043232,0.712129
C1,P1,0,338,7,2,10.87825,9,28311552,0,0,0,0,22,3,0.244448,0.050528,0.523905,1.765122,0.0,0.573376,0.614274,0.577472
C1,P1,0,339,7,3,11.071287,12,28311552,0,0,0,0,46,4,0.30528,0.066336,0.537217,1.003874,0.0,0.362368,0.617442,0.024064
C1,P1,0,340,7,4,26.351428,39,28311552,0,0,0,0,89,13,0.696129,0.2112,0.526881,0.536609,0.0,0.025408,0.200993,0.310208
C1,P1,0,341,7,5,18.82594,39,18874368,0,0,0,0,56,13,0.698049,0.212512,0.349281,0.078337,0.0,0.02544,0.028448,0.024449
C1,P1,0,342,7,6,18.381088,33,28311552,0,0,0,0,50,11,0.589186,0.177216,0.522849,1.897281,0.0,1.042657,0.028448,0.826176
C1,P1,0,343,7,7,19.123063,27,18874368,0,0,0,0,42,9,0.519744,0.147296,0.356576,4.273797,0.0,2.16765,0.0288,2.077347
C1,P1,0,344,7,8,25.056193,36,37748736,0,0,0,0,39,12,0.643584,0.193344,0.711361,4.152421,0.0,0.632,0.028256,3.492165
C1,P1,0,345,7,9,18.714647,36,18874368,0,0,0,0,71,12,0.651456,0.195552,0.348577,1.402914,0.0,0.025632,0.12896,1.248322
C1,P1,0,346,7,10,21.998609,42,47185920,0,0,0,0,40,14,0.729697,0.225249,0.889537,2.767716,0.0,0.025344,0.483841,2.258531
C1,P1,0,347,7,11,22.04503,51,28311552,0,0,0,0,89,17,0.89808,0.275232,0.52288,3.135014,0.0,0.98765,2.12266,0.024704
C1,P1,0,348,7,12,22.073699,45,37748736,0,0,0,0,58,15,0.76813,0.242017,0.695425,3.224228,0.0,0.908449,0.593889,1.72189
C1,P1,0,349,7,13,24.672786,51,37748736,0,0,0,0,64,17,0.874978,0.274208,0.733441,3.657989,0.0,1.667554,0.02864,1.961795
C1,P1,0,350,7,14,22.659847,39,18874368,0,0,0,0,80,13,0.70816,0.211104,0.360224,4.169701,0.0,0.19856,0.028352,3.942789
C1,P1,0,351,7,15,21.481595,30,28311552,0,0,0,0,49,10,0.53888,0.1624,0.540769,4.82503,0.0,0.025248,0.066016,4.733766
C1,P1,0,352,7,16,20.716401,33,18874368,0,0,0,0,71,11,0.613985,0.179233,0.371649,4.487269,0.0,0.024704,0.388992,4.073573
C1,P1,0,353,7,17,20.161785,51,28311552,0,0,0,0,97,17,0.890016,0.274112,0.521281,0.475072,0.0,0.025056,0.424288,0.025728
C1,P1,0,354,7,18,20.308707,48,28311552,0,0,0,0,57,16,0.821154,0.257474,0.557376,2.05837,0.0,1.433698,0.600256,0.024416
C1,P1,0,355,7,19,19.951403,33,28311552,0,0,0,0,49,11,0.608417,0.178304,0.537761,4.591398,0.0,1.651266,2.120354,0.819778
C1,P1,0,356,7,20,20.289,45,28311552,0,0,0,0,97,15,0.806722,0.242976,0.5216,2.509091,0.0,0.702305,1.781826,0.02496
C1,P1,0,357,7,21,19.325941,30,18874368,0,0,0,0,21,10,0.541793,0.163488,0.350656,4.486632,0.0,0.867842,0.221857,3.396933
C1,P1,0,358,7,22,10.831422,9,28311552,0,0,0,0,13,3,0.237152,0.050176,0.554977,1.520418,0.0,0.025504,0.228096,1.266818
C1,P1,0,359,7,23,14.157188,21,18874368,0,0,0,0,80,7,0.442816,0.115776,0.347553,0.532,0.0,0.479008,0.02832,0.024672
C1,P1,0,360,7,24,21.69385,45,47185920,0,0,0,0,43,15,0.772738,0.240001,0.870305,1.207554,0.0,0.787329,0.395649,0.024576
C1,P1,0,361,7,25,26.364809,42,37748736,0,0,0,0,73,14,0.741856,0.226848,0.701505,6.081833,0.0,0.999042,0.029408,5.053383
C1,P1,0,362,7,26,25.179949,54,28311552,0,0,0,0,80,18,0.932578,0.290081,0.528609,3.744933,0.0,0.025632,0.028864,3.690437
C1,P1,0,363,7,27,20.994765,24,28311552,0,0,0,0,37,8,0.46032,0.131008,0.522305,7.517546,0.0,0.10144,0.647778,6.768328
C1,P1,0,364,7,28,20.212245,33,28311552,0,0,0,0,69,11,0.613504,0.17904,0.538401,4.832421,0.0,1.228097,1.565665,2.038659
C1,P1,0,365,7,29,18.318499,30,37748736,0,0,0,0,44,10,0.557568,0.161504,0.725153,2.172962,0.0,1.022337,1.125665,0.02496
C1,P1,0,366,7,30,22.044544,54,47185920,0,0,0,0,81,18,0.912898,0.290176,0.906209,0.52864,0.0,0.025504,0.478528,0.024608
C1,P1,0,367,7,31,26.39952,36,47185920,0,0,0,0,57,12,0.642784,0.19584,0.944481,9.107724,0.0,1.090081,0.610562,7.407081
C1,P1,0,368,7,32,12.494656,12,28311552,0,0,0,0,23,4,0.287232,0.066944,0.529888,2.583939,0.0,1.260353,0.526401,0.797185
C1,P1,0,369,7,33,23.574793,45,56623104,0,0,0,0,54,15,0.778048,0.240832,1.121953,3.964197,0.0,1.150978,0.43936,2.373859
C1,P1,0,370,7,34,14.631112,15,37748736,0,0,0,0,97,5,0.33872,0.083232,0.734401,2.595812,0.0,1.303074,1.268194,0.024544
C1,P1,0,371,7,35,15.329712,24,37748736,0,0,0,0,43,8,0.461281,0.131041,0.753889,1.557473,0.0,0.025216,0.366176,1.166081
C1,P1,0,372,7,36,11.565259,12,28311552,0,0,0,0,48,4,0.283553,0.066561,0.562272,0.304929,0.0,0.252353,0.028672,0.023904
C1,P1,0,373,7,37,14.141053,15,37748736,0,0,0,0,21,5,0.32992,0.082304,0.745793,2.69917,0.0,0.56608,0.520256,1.612834
C1,P1,0,374,7,38,20.788956,30,56623104,0,0,0,0,32,10,0.545921,0.16144,1.120098,3.77482,0.0,0.567137,0.67952,2.528163
C1,P1,0,375,7,39,26.298712,42,56623104,0,0,0,0,75,14,0.757217,0.225985,1.067906,6.446921,0.0,4.106982,1.029986,1.309953
C1,P1,0,376,7,40,18.917723,24,37748736,0,0,0,0,67,8,0.471937,0.130656,0.720641,3.399942,0.0,1.033058,0.330145,2.036739
C1,P1,0,377,7,41,13.947602,18,28311552,0,0,0,0,74,6,0.39088,0.099904,0.532256,1.25693,0.0,0.759617,0.472833,0.02448
C1,P1,0,378,7,42,16.297768,24,37748736,0,0,0,0,39,8,0.470592,0.129664,0.756993,0.156576,0.0,0.025984,0.061504,0.069088
C1,P1,0,379,7,43,13.150089,12,37748736,0,0,0,0,13,4,0.281696,0.067296,0.718497,2.689538,0.0,0.02608,0.48464,2.178818
C1,P1,0,380,7,44,27.712072,63,56623104,0,0,0,0,112,21,1.089057,0.337568,1.044609,0.823681,0.0,0.02592,0.028864,0.768897
C1,P1,0,381,7,45,14.537636,24,28311552,0,0,0,0,35,8,0.468736,0.131392,0.548865,0.999041,0.0,0.025504,0.028352,0.945185
C1,P1,0,382,7,46,23.499812,42,47185920,0,0,0,0,50,14,0.733409,0.225057,0.915074,3.158149,0.0,0.025216,0.349633,2.7833
C1,P1,0,383,7,47,16.828845,12,37748736,0,0,0,0,12,4,0.27824,0.066144,0.713441,4.258819,0.0,0.944544,0.51536,2.798915
C1,P1,0,384,8,0,39.990659,57,75497472,0,0,0,0,67,19,0.960161,0.304417,1.404705,14.236275,0.0,1.683971,4.811974,7.74033
C1,P1,0,385,8,1,14.978834,15,47185920,0,0,0,0,17,5,0.327937,0.082368,0.876322,1.111138,0.0,0.564897,0.521889,0.024352
C1,P1,0,386,8,2,15.345513,15,47185920,0,0,0,0,21,5,0.328577,0.081984,0.87645,2.550371,0.0,0.480192,0.466305,1.603874
C1,P1,0,387,8,3,14.45086,12,28311552,0,0,0,0,23,4,0.289281,0.066656,0.529185,4.826376,0.0,3.348741,0.445857,1.031778
C1,P1,0,388,8,4,25.582285,51,47185920,0,0,0,0,101,17,0.892321,0.274753,0.886977,2.593155,0.0,0.025184,0.14864,2.419331
C1,P1,0,389,8,5,20.535122,51,37748736,0,0,0,0,69,17,0.865281,0.274529,0.709185,1.220129,0.0,0.575329,0.620384,0.024416
C1,P1,0,390,8,6,19.290137,33,37748736,0,0,0,0,54,11,0.596897,0.178016,0.704737,3.804325,0.0,0.770626,0.448704,2.584995
C1,P1,0,391,8,7,20.569688,36,28311552,0,0,0,0,38,12,0.638145,0.194176,0.530337,5.147079,0.0,0.874082,0.546112,3.726885
C1,P1,0,392,8,8,26.976705,48,47185920,0,0,0,0,53,16,0.820449,0.256896,0.885409,7.198408,0.0,0.52816,0.568257,6.101991
C1,P1,0,393,8,9,26.211144,45,37748736,0,0,0,0,64,15,0.772096,0.241952,0.725729,4.140997,0.0,1.360801,0.028832,2.751364
C1,P1,0,394,8,10,27.774379,45,47185920,0,0,0,0,50,15,0.776641,0.241793,0.904097,6.290568,0.0,0.025792,0.41744,5.847336
C1,P1,0,395,8,11,27.351502,60,56623104,0,0,0,0,86,20,1.015456,0.32112,1.09101,1.159969,0.0,1.106209,0.028512,0.025248
C1,P1,0,396,8,12,25.396916,45,56623104,0,0,0,0,45,15,0.773792,0.240672,1.096353,4.599237,0.0,0.025216,0.349152,4.224869
C1,P1,0,397,8,13,24.340272,51,56623104,0,0,0,0,80,17,0.891683,0.272576,1.092418,3.79274,0.0,1.258081,0.791776,1.742883
C1,P1,0,398,8,14,22.554408,48,37748736,0,0,0,0,79,16,0.847107,0.259105,0.699457,1.780066,0.0,1.045825,0.230784,0.503457
C1,P1,0,399,8,15,1869.878585,36,37748736,0,0,0,0,50,12,0.651745,0.196545,0.751873,9.003244,0.0,0.864322,0.721249,7.417673
C1,P1,0,400,8,16,32.989197,39,56623104,0,0,0,0,69,13,0.695968,0.209696,1.075393,2.194883,0.0,0.02544,0.027968,2.141475
C1,P1,0,401,8,17,29.680448,63,56623104,0,0,0,0,101,21,1.059841,0.337697,1.042529,0.079584,0.0,0.025664,0.028736,0.025184
C1,P1,0,402,8,18,27.586314,45,28311552,0,0,0,0,57,15,0.78077,0.241825,0.521408,4.263366,0.0,0.469729,0.02864,3.764997
C1,P1,0,403,8,19,21.966691,27,37748736,0,0,0,0,40,9,0.512704,0.145376,0.725824,5.95188,0.0,0.025248,0.028608,5.898024
C1,P1,0,404,8,20,21.185437,54,37748736,0,0,0,0,87,18,0.935617,0.290304,0.713312,2.135459,0.0,1.407297,0.70333,0.024832
C1,P1,0,405,8,21,22.292324,39,47185920,0,0,0,0,22,13,0.668096,0.208224,0.893473,4.731174,0.0,1.384417,0.564385,2.782372
C1,P1,0,406,8,22,14.464376,12,37748736,0,0,0,0,15,4,0.282144,0.06672,0.738881,3.094116,0.0,1.905666,0.288321,0.900129
C1,P1,0,407,8,23,16.598205,30,47185920,0,0,0,0,79,10,0.575138,0.162336,0.924353,2.019299,0.0,0.0256,1.215618,0.778081
C1,P1,0,408,8,24,25.82178,48,47185920,0,0,0,0,43,16,0.81088,0.256832,0.914913,3.586148,0.0,0.02576,0.02784,3.532548
C1,P1,0,409,8,25,24.659907,66,56623104,0,0,0,0,87,22,1.091841,0.353696,1.069634,1.550466,0.0,0.025728,0.162464,1.362274
C1,P1,0,410,8,26,27.800185,69,56623104,0,0,0,0,79,23,1.140419,0.368706,1.043809,2.169893,0.0,1.764259,0.38061,0.025024
C1,P1,0,411,8,27,29.680741,24,47185920,0,0,0,0,40,8,0.472481,0.130752,0.900257,11.055663,0.0,1.27629,0.028128,9.751245
C1,P1,0,412,8,28,26.754172,39,56623104,0,0,0,0,63,13,0.691008,0.210752,1.143906,7.766603,0.0,0.85853,0.579041,6.329032
C1,P1,0,413,8,29,18.157043,33,47185920,0,0,0,0,32,11,0.589984,0.177024,0.869185,0.936225,0.0,0.882977,0.028448,0.0248
C1,P1,0,414,8,30,21.798611,51,37748736,0,0,0,0,67,17,0.860353,0.273952,0.695969,2.430274,0.0,1.76141,0.64336,0.025504
C1,P1,0,415,8,31,23.431572,30,37748736,0,0,0,0,50,10,0.551296,0.162848,0.69632,8.343498,0.0,0.966754,0.567904,6.80884
C1,P1,0,416,8,32,15.450052,15,37748736,0,0,0,0,65,5,0.340736,0.082368,0.725633,2.442788,0.0,1.640931,0.028288,0.773569
C1,P1,0,417,8,33,24.895856,48,66060288,0,0,0,0,59,16,0.824992,0.257376,1.224481,2.792962,0.0,0.532416,0.516608,1.743938
C1,P1,0,418,8,34,16.757584,18,47185920,0,0,0,0,94,6,0.395104,0.099136,0.917633,2.413827,0.0,1.715074,0.02864,0.670113
C1,P1,0,419,8,35,22.39206,30,56623104,0,0,0,0,31,10,0.546561,0.16176,1.043362,6.149896,0.0,0.789088,0.662786,4.698022
C1,P1,0,420,8,36,12.558877,12,28311552,0,0,0,0,24,4,0.289248,0.06624,0.529185,2.113187,0.0,1.508033,0.581026,0.024128
C1,P1,0,421,8,37,12.291569,15,37748736,0,0,0,0,28,5,0.332513,0.08128,0.749025,2.044611,0.0,0.596065,0.567809,0.880737
C1,P1,0,422,8,38,21.008152,33,56623104,0,0,0,0,33,11,0.58973,0.176705,1.118849,2.058723,0.0,0.402625,0.02816,1.627938
C1,P1,0,423,8,39,24.653581,39,56623104,0,0,0,0,66,13,0.706593,0.209248,1.137346,2.967043,0.0,0.586176,0.028576,2.352291
C1,P1,0,424,8,40,21.695589,33,56623104,0,0,0,0,41,11,0.603457,0.177344,1.073186,2.856547,0.0,0.025568,0.02832,2.802659
C1,P1,0,425,8,41,12.991084,21,37748736,0,0,0,0,76,7,0.435424,0.114816,0.748865,0.481665,0.0,0.025216,0.03584,0.420609
C1,P1,0,426,8,42,19.297485,30,47185920,0,0,0,0,39,10,0.557184,0.16128,0.94029,1.63005,0.0,0.776353,0.028416,0.825281
C1,P1,0,427,8,43,14.525414,12,28311552,0,0,0,0,14,4,0.283937,0.066752,0.562528,2.240035,0.0,1.058754,0.028512,1.152769
C1,P1,0,428,8,44,20.378237,48,47185920,0,0,0,0,99,16,0.862272,0.258016,0.936289,1.332034,0.0,0.687746,0.61968,0.024608
C1,P1,0,429,8,45,16.349168,30,47185920,0,0,0,0,35,10,0.551648,0.161568,0.930977,2.034339,0.0,1.405698,0.603873,0.024768
C1,P1,0,430,8,46,22.746576,42,47185920,0,0,0,0,52,14,0.733728,0.2248,0.928065,3.935109,0.0,1.008513,1.159042,1.767554
C1,P1,0,431,8,47,18.173728,18,56623104,0,0,0,0,22,6,0.372928,0.097504,1.132993,2.853122,0.0,1.231361,0.58352,1.038241
C1,P1,1,0,0,0,296.682898,90,283115520,0,0,0,0,4718,30,1.689016,0.543711,5.439655,83.454998,0.0,12.632548,5.01796,65.80449
C1,P1,1,1,0,1,201.163342,63,198180864,0,0,0,0,4956,21,1.326237,0.406688,3.66395,5.502854,0.0,0.458525,4.515371,0.528958
C1,P1,1,2,0,2,177.917218,54,169869312,0,0,0,0,4874,18,1.146203,0.346911,3.171504,46.739077,0.0,0.042048,5.507975,41.189054
C1,P1,1,3,0,3,124.617655,48,150994944,0,0,0,0,4502,16,1.047229,0.310112,2.797458,16.854735,0.0,2.034615,4.263115,10.557005
C1,P1,1,4,0,4,142.230353,81,254803968,0,0,0,0,3083,27,1.523451,0.47603,4.743466,23.529457,0.0,0.042528,5.84042,17.646509
C1,P1,1,5,0,5,174.979633,87,273678336,0,0,0,0,3393,29,1.641368,0.517278,5.110025,44.498319,0.0,11.254412,27.601533,5.642374
C1,P1,1,6,0,6,173.718318,81,254803968,0,0,0,0,2719,27,1.534907,0.477728,4.810026,6.325889,0.0,0.112928,5.419718,0.793243
C1,P1,1,7,0,7,125.26165,78,245366784,0,0,0,0,3033,26,1.493211,0.456478,4.687625,6.108516,0.0,0.04224,5.508518,0.557758
C1,P1,1,8,0,8,138.805153,84,264241152,0,0,0,0,3756,28,1.594742,0.504923,5.108392,11.824456,0.0,0.041568,4.92692,6.855968
C1,P1,1,9,0,9,138.252081,81,254803968,0,0,0,0,3619,27,1.567962,0.494686,4.937896,8.378939,0.0,2.510102,5.353351,0.515486
C1,P1,1,10,0,10,201.759335,87,273678336,0,0,0,0,3537,29,1.626675,0.520731,5.353095,22.93186,0.0,0.042496,22.160664,0.7287
C1,P1,1,11,0,11,141.509564,87,273678336,0,0,0,0,4351,29,1.682679,0.526142,5.388006,8.142617,0.0,2.189396,5.377288,0.575933
C1,P1,1,12,0,12,153.852749,87,273678336,0,0,0,0,3100,29,1.615093,0.512894,5.390471,49.613786,0.0,0.800125,4.230029,44.583632
C1,P1,1,13,0,13,121.493328,81,254803968,0,0,0,0,3370,27,1.536412,0.479456,5.047912,8.019067,0.0,1.645591,5.872485,0.500991
C1,P1,1,14,0,14,136.39289,78,245366784,0,0,0,0,3613,26,1.508213,0.465499,4.927721,7.548605,0.0,1.691096,5.186472,0.671037
C1,P1,1,15,0,15,128.459238,81,254803968,0,0,0,0,4152,27,1.575067,0.484191,4.979593,27.158692,0.0,1.471451,4.878058,20.809183
C1,P1,1,16,0,16,182.338379,81,254803968,0,0,0,0,3606,27,1.545241,0.487005,5.064425,6.375394,0.0,0.630747,5.078633,0.666014
C1,P1,1,17,0,17,233.733487,87,273678336,0,0,0,0,3709,29,1.661334,0.519387,5.424806,7.514749,0.0,1.394522,5.837188,0.283039
C1,P1,1,18,0,18,145.621984,81,254803968,0,0,0,0,2730,27,1.49641,0.47299,5.073321,22.567189,0.0,0.041855,0.500638,22.024696
C1,P1,1,19,0,19,132.995707,75,235929600,0,0,0,0,2648,25,1.420506,0.439294,4.668714,8.841429,0.0,0.608957,7.647868,0.584604
C1,P1,1,20,0,20,147.934539,78,245366784,0,0,0,0,2873,26,1.453015,0.456094,4.945192,23.811889,0.0,0.04176,7.627581,16.142548
C1,P1,1,21,0,21,168.991222,84,264241152,0,0,0,0,4038,28,1.623065,0.504061,5.266247,8.119611,0.0,0.0424,7.577725,0.499486
C1,P1,1,22,0,22,153.055484,54,169869312,0,0,0,0,4084,18,1.109115,0.334493,3.37512,74.778147,0.0,1.936279,22.352856,50.489012
C1,P1,1,23,0,23,134.035496,69,217055232,0,0,0,0,3572,23,1.333435,0.413918,4.030477,31.514156,0.0,0.699483,10.206001,20.608672
C1,P1,1,24,0,24,147.3135,87,273678336,0,0,0,0,4644,29,1.663705,0.531004,5.461542,9.623377,0.0,0.041983,9.073077,0.508317
C1,P1,1,25,0,25,137.843298,81,254803968,0,0,0,0,3348,27,1.510102,0.477564,4.952745,8.574997,0.0,1.973749,5.348007,1.253241
C1,P1,1,26,0,26,129.235476,81,254803968,0,0,0,0,2685,27,1.524856,0.472318,5.141064,8.850292,0.0,0.041504,8.018041,0.790747
C1,P1,1,27,0,27,156.539712,84,264241152,0,0,0,0,3940,28,1.620087,0.506174,5.268233,8.683252,0.0,0.568316,7.489436,0.6255
C1,P1,1,28,0,28,151.329452,81,254803968,0,0,0,0,2982,27,1.506068,0.476955,5.097671,21.24262,0.0,2.99061,3.542608,14.709402
C1,P1,1,29,0,29,125.972611,63,198180864,0,0,0,0,3189,21,1.219383,0.375869,4.003981,11.224237,0.0,2.37279,8.262041,0.589406
C1,P1,1,30,0,30,146.766596,81,254803968,0,0,0,0,2245,27,1.46937,0.467454,5.102632,48.757467,0.0,2.308501,22.504471,23.944495
C1,P1,1,31,0,31,128.190689,81,254803968,0,0,0,0,1788,27,1.438168,0.460957,5.117609,51.430733,0.0,3.911694,6.129699,41.38934
C1,P1,1,32,0,32,130.150385,51,160432128,0,0,0,0,3880,17,1.080413,0.323327,3.082067,10.365777,0.0,0.042336,6.564673,3.758768
C1,P1,1,33,0,33,173.099951,84,264241152,0,0,0,0,3239,28,1.582841,0.499838,5.03588,38.248715,0.0,0.041824,21.551706,16.655185
C1,P1,1,34,0,34,112.034482,57,179306496,0,0,0,0,4588,19,1.194685,0.369823,3.593231,10.535309,0.0,2.170101,6.476321,1.888887
C1,P1,1,35,0,35,139.650301,69,217055232,0,0,0,0,3807,23,1.342204,0.414207,5.414822,7.602875,0.0,0.863322,6.179812,0.559741
C1,P1,1,36,0,36,92.757146,45,141557760,0,0,0,0,3543,15,0.949342,0.27984,2.835155,6.161956,0.0,0.042816,6.04458,0.07456
C1,P1,1,37,0,37,130.444923,51,160432128,0,0,0,0,4312,17,1.085884,0.326047,3.112177,7.028097,0.0,0.484414,5.930917,0.612766
C1,P1,1,38,0,38,123.133917,60,188743680,0,0,0,0,2939,20,1.200957,0.36387,3.643183,29.557269,0.0,0.04176,5.317222,24.198287
C1,P1,1,39,0,39,125.255162,60,188743680,0,0,0,0,3138,20,1.184988,0.360832,3.838191,23.929009,0.0,1.91615,6.050789,15.96207
C1,P1,1,40,0,40,114.211672,63,198180864,0,0,0,0,4071,21,1.274548,0.390362,3.947789,26.560387,0.0,0.042176,7.064127,19.454084
C1,P1,1,41,0,41,109.890222,54,169869312,0,0,0,0,3700,18,1.09094,0.33075,3.321809,14.272702,0.0,0.45747,4.772746,9.042486
C1,P1,1,42,0,42,121.236286,57,179306496,0,0,0,0,5567,19,1.224282,0.369854,3.442513,5.587783,0.0,0.041664,4.929673,0.616446
C1,P1,1,43,0,43,121.115144,48,150994944,0,0,0,0,4102,16,1.011483,0.300191,3.058929,8.989496,0.0,2.53343,5.880645,0.575421
C1,P1,1,44,0,44,124.133954,72,226492416,0,0,0,0,2012,24,1.301875,0.41379,4.56929,35.001054,0.0,0.041472,3.887087,31.072495
C1,P1,1,45,0,45,161.142978,51,160432128,0,0,0,0,2397,17,1.008091,0.301789,3.016626,79.999084,0.0,6.207747,35.793369,37.997968
C1,P1,1,46,0,46,138.616905,66,207618048,0,0,0,0,3137,22,1.276443,0.393599,4.128204,12.809829,0.0,3.888686,8.291513,0.62963
C1,P1,1,47,0,47,139.225973,48,150994944,0,0,0,0,3143,16,1.014135,0.30342,3.025586,53.597639,0.0,2.091607,21.692795,29.813237
C1,P1,1,48,1,0,15.015332,18,28311552,0,0,0,0,27,6,0.368061,0.100767,0.523038,4.137868,0.0,3.550926,0.252383,0.334559
C1,P1,1,49,1,1,7.667869,3,9437184,0,0,0,0,32,1,0.13568,0.017344,0.174591,1.670424,0.0,1.228857,0.418687,0.02288
C1,P1,1,50,1,2,6.312444,3,9437184,0,0,0,0,32,1,0.136448,0.017504,0.174016,0.075807,0.0,0.025151,0.027776,0.02288
C1,P1,1,51,1,3,8.121207,3,9437184,0,0,0,0,32,1,0.135872,0.017568,0.173887,2.874035,0.0,1.665401,1.172826,0.035808
C1,P1,1,52,1,4,9.959105,9,9437184,0,0,0,0,66,3,0.240448,0.051648,0.174751,1.135738,0.0,0.024831,0.028448,1.082459
C1,P1,1,53,1,5,17.980501,9,18874368,0,0,0,0,19,3,0.23232,0.051424,0.35363,8.301335,0.0,2.130678,0.779611,5.391046
C1,P1,1,54,1,6,11.925184,3,0,0,0,0,0,25,1,0.13939,0.018144,0.0,6.092421,0.0,0.885053,1.626648,3.58072
C1,P1,1,55,1,7,11.031563,9,9437184,0,0,0,0,35,3,0.236928,0.051232,0.175071,2.571283,0.0,0.025823,0.309471,2.235989
C1,P1,1,56,1,8,22.687787,24,18874368,0,0,0,0,138,8,0.473694,0.133022,0.351646,11.508747,0.0,2.589364,0.366046,8.553337
C1,P1,1,57,1,9,10.147182,12,9437184,0,0,0,0,68,4,0.286686,0.068544,0.179711,1.855447,0.0,0.939451,0.287679,0.628317
C1,P1,1,58,1,10,12.552053,12,18874368,0,0,0,0,53,4,0.289951,0.067839,0.351072,3.524336,0.0,0.025312,1.560122,1.938902
C1,P1,1,59,1,11,17.293025,9,9437184,0,0,0,0,33,3,0.236799,0.051872,0.176671,9.550485,0.0,0.409055,0.320223,8.821207
C1,P1,1,60,1,12,13.124427,6,9437184,0,0,0,0,13,2,0.196638,0.03472,0.177535,5.884645,0.0,2.085206,0.319647,3.479792
C1,P1,1,61,1,13,11.665604,9,9437184,0,0,0,0,96,3,0.233438,0.052448,0.173951,3.96574,0.0,2.41826,0.593277,0.954203
C1,P1,1,62,1,14,18.409978,9,9437184,0,0,0,0,16,3,0.24176,0.052288,0.192384,9.677875,0.0,0.025664,0.028288,9.623923
C1,P1,1,63,1,15,14.080018,6,9437184,0,0,0,0,8,2,0.192159,0.035071,0.173567,6.41059,0.0,0.39302,0.419773,5.597797
C1,P1,1,64,1,16,12.019796,15,9437184,0,0,0,0,28,5,0.337342,0.084607,0.175551,3.426768,0.0,0.684542,0.594941,2.147285
C1,P1,1,65,1,17,52.699478,9,9437184,0,0,0,0,7,3,0.235295,0.051936,0.173759,45.179503,0.0,39.60708,1.466362,4.106061
C1,P1,1,66,1,18,25.566129,6,9437184,0,0,0,0,5,2,0.187358,0.034335,0.174848,18.008173,0.0,1.964759,1.145627,14.897787
C1,P1,1,67,1,19,16.639501,24,18874368,0,0,0,0,36,8,0.457182,0.131808,0.347934,5.370662,0.0,1.964439,1.624472,1.781751
C1,P1,1,68,1,20,17.328908,12,28311552,0,0,0,0,9,4,0.279327,0.066912,0.545246,7.366173,0.0,1.851639,1.998934,3.5156
C1,P1,1,69,1,21,16.451493,21,9437184,0,0,0,0,12,7,0.410078,0.116351,0.173663,6.471777,0.0,1.793079,1.361274,3.317424
C1,P1,1,70,1,22,52.889032,3,9437184,0,0,0,0,28,1,0.137344,0.017952,0.174911,46.927334,0.0,44.953614,1.130972,0.842748
C1,P1,1,71,1,23,53.641372,6,18874368,0,0,0,0,24,2,0.188704,0.034656,0.363934,45.820812,0.0,40.573253,0.574622,4.672937
C1,P1,1,72,1,24,25.914828,18,18874368,0,0,0,0,38,6,0.370846,0.101024,0.363294,15.929686,0.0,1.878361,0.399293,13.652032
C1,P1,1,73,1,25,11.141476,12,9437184,0,0,0,0,53,4,0.277504,0.068512,0.191552,2.855215,0.0,0.478908,0.530557,1.84575
C1,P1,1,74,1,26,14.407755,9,18874368,0,0,0,0,3,3,0.230528,0.050752,0.348127,6.3785,0.0,1.661657,1.295418,3.421425
C1,P1,1,75,1,27,16.611487,6,18874368,0,0,0,0,9,2,0.19312,0.034464,0.347134,8.756758,0.0,2.821076,1.738935,4.196747
C1,P1,1,76,1,28,13.170432,6,18874368,0,0,0,0,8,2,0.191326,0.034334,0.372766,4.390794,0.0,1.089626,0.282463,3.018705
C1,P1,1,77,1,29,11.437216,6,18874368,0,0,0,0,2,2,0.186461,0.034783,0.347102,2.728243,0.0,0.800443,0.136608,1.791192
C1,P1,1,78,1,30,15.091648,12,28311552,0,0,0,0,13,4,0.283999,0.067392,0.521533,3.421681,0.0,0.555038,2.226166,0.640477
C1,P1,1,79,1,31,14.867628,12,18874368,0,0,0,0,7,4,0.2792,0.068128,0.349726,3.308913,0.0,0.025696,0.028576,3.254641
C1,P1,1,80,1,32,6.747955,3,9437184,0,0,0,0,30,1,0.138142,0.017279,0.179999,0.07648,0.0,0.025312,0.028448,0.02272
C1,P1,1,81,1,33,10.797895,15,9437184,0,0,0,0,18,5,0.331392,0.085088,0.183007,2.036917,0.0,0.025024,1.008635,1.003258
C1,P1,1,82,1,34,8.212009,3,9437184,0,0,0,0,32,1,0.136384,0.017344,0.188992,1.927192,0.0,0.533918,0.657789,0.735485
C1,P1,1,83,1,35,16.531019,9,18874368,0,0,0,0,15,3,0.238239,0.050528,0.361694,7.743963,0.0,1.354616,4.67553,1.713817
C1,P1,1,84,1,36,9.374187,3,9437184,0,0,0,0,8,1,0.141791,0.016992,0.173727,4.000397,0.0,1.352634,0.555549,2.092214
C1,P1,1,85,1,37,7.333317,3,9437184,0,0,0,0,29,1,0.13984,0.0176,0.177919,1.805878,0.0,0.684795,0.437566,0.683517
C1,P1,1,86,1,38,14.010288,9,9437184,0,0,0,0,49,3,0.234399,0.051776,0.173599,2.121686,0.0,0.025152,0.330078,1.766456
C1,P1,1,87,1,39,18.818832,12,18874368,0,0,0,0,10,4,0.278048,0.067424,0.365406,9.970287,0.0,6.084067,0.540189,3.346031
C1,P1,1,88,1,40,8.511839,9,9437184,0,0,0,0,19,3,0.245022,0.052223,0.185823,0.077888,0.0,0.025568,0.028256,0.024064
C1,P1,1,89,1,41,11.49696,6,18874368,0,0,0,0,56,2,0.189151,0.035135,0.347583,3.190417,0.0,0.025536,1.567192,1.597689
C1,P1,1,90,1,42,9.456782,9,18874368,0,0,0,0,88,3,0.232831,0.05168,0.382462,0.999834,0.0,0.612285,0.317757,0.069792
C1,P1,1,91,1,43,9.429502,6,9437184,0,0,0,0,34,2,0.18976,0.034848,0.180927,2.325238,0.0,0.852061,1.450393,0.022784
C1,P1,1,92,1,44,14.603966,12,9437184,0,0,0,0,19,4,0.286783,0.067808,0.173823,5.772291,0.0,2.216917,0.589629,2.965745
C1,P1,1,93,1,45,10.636268,9,18874368,0,0,0,0,3,3,0.229696,0.050144,0.384863,1.984246,0.0,1.318234,0.027968,0.638044
C1,P1,1,94,1,46,15.36146,24,18874368,0,0,0,0,32,8,0.469758,0.131456,0.347966,2.508566,0.0,0.025248,1.836888,0.64643
C1,P1,1,95,1,47,9.259305,6,18874368,0,0,0,0,50,2,0.189024,0.035456,0.353919,1.536506,0.0,0.751646,0.03984,0.74502
C1,P1,1,96,2,0,15.140311,12,9437184,0,0,0,0,19,4,0.284829,0.068798,0.173856,4.606505,0.0,0.025088,0.027872,4.553545
C1,P1,1,97,2,1,8.700104,3,9437184,0,0,0,0,5,1,0.139967,0.016928,0.188511,2.018809,0.0,1.430171,0.043328,0.54531
C1,P1,1,98,2,2,9.449551,9,18874368,0,0,0,0,78,3,0.23315,0.051711,0.350462,0.280191,0.0,0.025376,0.231135,0.02368
C1,P1,1,99,2,3,7.261538,3,9437184,0,0,0,0,32,1,0.136639,0.017312,0.176191,1.460378,0.0,0.257823,0.520893,0.681662
C1,P1,1,100,2,4,16.573297,21,18874368,0,0,0,0,34,7,0.415005,0.115615,0.350046,4.4523,0.0,0.187456,1.597304,2.66754
C1,P1,1,101,2,5,16.840937,24,18874368,0,0,0,0,18,8,0.456541,0.13088,0.35011,4.149742,0.0,0.455263,0.397694,3.296785
C1,P1,1,102,2,6,17.138314,18,37748736,0,0,0,0,11,6,0.36656,0.099008,0.702653,4.015598,0.0,0.553183,0.028288,3.434127
C1,P1,1,103,2,7,17.548553,21,28311552,0,0,0,0,32,7,0.424572,0.115742,0.535901,3.994828,0.0,0.805468,0.083454,3.105906
C1,P1,1,104,2,8,19.194019,42,47185920,0,0,0,0,60,14,0.745054,0.226591,0.897275,1.258649,0.0,0.62454,0.57923,0.054879
C1,P1,1,105,2,9,20.210924,42,47185920,0,0,0,0,47,14,0.734332,0.226655,0.91062,2.543506,0.0,0.966683,0.7183,0.858523
C1,P1,1,106,2,10,19.136136,21,28311552,0,0,0,0,55,7,0.428669,0.116544,0.555773,6.154403,0.0,0.880764,0.205342,5.068297
C1,P1,1,107,2,11,17.349329,21,18874368,0,0,0,0,21,7,0.417312,0.115968,0.355902,5.147307,0.0,0.875261,0.28016,3.991886
C1,P1,1,108,2,12,20.099197,33,37748736,0,0,0,0,47,11,0.612254,0.178976,0.740669,4.588202,0.0,0.317631,0.697532,3.573039
C1,P1,1,109,2,13,16.819259,27,37748736,0,0,0,0,60,9,0.517275,0.148672,0.740893,2.544274,0.0,0.74502,0.533149,1.266105
C1,P1,1,110,2,14,17.699655,15,18874368,0,0,0,0,8,5,0.320767,0.083072,0.36067,7.114751,0.0,0.8807,0.67686,5.557191
C1,P1,1,111,2,15,16.119385,27,28311552,0,0,0,0,9,9,0.493535,0.147295,0.533118,2.196468,0.0,0.640445,0.028127,1.527896
C1,P1,1,112,2,16,18.367073,24,18874368,0,0,0,0,22,8,0.460094,0.131007,0.35635,3.360464,0.0,2.332822,0.216607,0.811035
C1,P1,1,113,2,17,19.199344,21,28311552,0,0,0,0,17,7,0.415456,0.115296,0.529598,2.239318,0.0,0.087712,0.027936,2.12367
C1,P1,1,114,2,18,17.522788,12,18874368,0,0,0,0,10,4,0.27987,0.067168,0.37667,3.774093,0.0,0.685852,0.027904,3.060337
C1,P1,1,115,2,19,21.111324,27,9437184,0,0,0,0,34,9,0.514205,0.148447,0.174143,4.692297,0.0,0.424735,0.028127,4.239435
C1,P1,1,116,2,20,19.767323,39,28311552,0,0,0,0,27,13,0.67878,0.210847,0.521982,0.370205,0.0,0.175839,0.027551,0.166815
C1,P1,1,117,2,21,21.697925,39,28311552,0,0,0,0,42,13,0.68694,0.209983,0.527198,5.29396,0.0,1.717081,0.116223,3.460656
C1,P1,1,118,2,22,10.761778,6,18874368,0,0,0,0,5,2,0.188223,0.034464,0.364831,3.013362,0.0,1.108218,0.539294,1.36585
C1,P1,1,119,2,23,12.357017,6,18874368,0,0,0,0,4,2,0.187264,0.034816,0.348062,4.767273,0.0,0.025504,3.15301,1.588759
C1,P1,1,120,2,24,21.032475,39,37748736,0,0,0,0,39,13,0.683835,0.212157,0.707101,3.002898,0.0,0.024896,0.028096,2.949906
C1,P1,1,121,2,25,24.483393,12,18874368,0,0,0,0,13,4,0.280959,0.067295,0.34787,14.594267,0.0,5.416006,4.853321,4.32494
C1,P1,1,122,2,26,18.756679,21,28311552,0,0,0,0,10,7,0.406813,0.114559,0.546077,6.021572,0.0,0.753501,2.502773,2.765298
C1,P1,1,123,2,27,18.680396,21,28311552,0,0,0,0,19,7,0.415167,0.11536,0.524382,6.10125,0.0,0.357021,1.915383,3.828846
C1,P1,1,124,2,28,15.779273,21,28311552,0,0,0,0,27,7,0.423456,0.115168,0.521981,3.042033,0.0,0.025375,1.002907,2.013751
C1,P1,1,125,2,29,13.628369,9,18874368,0,0,0,0,8,3,0.232927,0.050528,0.363231,3.896782,0.0,0.024864,0.02896,3.842958
C1,P1,1,126,2,30,19.123887,9,18874368,0,0,0,0,3,3,0.228479,0.0504,0.347934,8.178808,0.0,0.731803,0.03104,7.415965
C1,P1,1,127,2,31,20.927115,18,18874368,0,0,0,0,12,6,0.36611,0.10016,0.357982,9.622227,0.0,1.052891,0.611645,7.957691
C1,P1,1,128,2,32,9.352013,6,18874368,0,0,0,0,9,2,0.191712,0.034528,0.374174,1.731415,0.0,1.327418,0.380605,0.023392
C1,P1,1,129,2,33,19.229269,33,37748736,0,0,0,0,34,11,0.595038,0.179454,0.7559,2.654324,0.0,0.268351,2.361365,0.024608
C1,P1,1,130,2,34,9.998264,9,18874368,0,0,0,0,67,3,0.246046,0.052192,0.371967,0.232799,0.0,0.025568,0.028256,0.178975
C1,P1,1,131,2,35,14.240395,12,18874368,0,0,0,0,33,4,0.294876,0.067743,0.362783,4.56311,0.0,0.442684,0.226205,3.894221
C1,P1,1,132,2,36,10.024235,3,9437184,0,0,0,0,12,1,0.145023,0.017439,0.17392,4.220141,0.0,2.808274,0.766909,0.644958
C1,P1,1,133,2,37,8.328919,6,18874368,0,0,0,0,4,2,0.188447,0.034656,0.369054,0.076672,0.0,0.025696,0.028416,0.02256
C1,P1,1,134,2,38,12.00604,12,9437184,0,0,0,0,46,4,0.288735,0.068352,0.173663,3.475792,0.0,2.728819,0.723037,0.023936
C1,P1,1,135,2,39,16.891557,27,28311552,0,0,0,0,38,9,0.513567,0.146912,0.564445,3.959818,0.0,0.791642,0.601821,2.566355
C1,P1,1,136,2,40,9.812854,15,9437184,0,0,0,0,59,5,0.324032,0.08416,0.173503,0.833469,0.0,0.449855,0.359742,0.023872
C1,P1,1,137,2,41,11.118608,3,9437184,0,0,0,0,4,1,0.137952,0.017088,0.183039,4.792618,0.0,2.269911,0.753948,1.768759
C1,P1,1,138,2,42,12.613964,15,18874368,0,0,0,0,69,5,0.337246,0.084383,0.373119,1.349498,0.0,0.025408,0.458974,0.865116
C1,P1,1,139,2,43,9.517845,9,18874368,0,0,0,0,55,3,0.246815,0.051647,0.382174,1.753334,0.0,1.173722,0.555933,0.023679
C1,P1,1,140,2,44,14.714737,21,18874368,0,0,0,0,17,7,0.415231,0.115776,0.34851,2.341685,0.0,0.025888,0.661084,1.654713
C1,P1,1,141,2,45,12.087087,15,18874368,0,0,0,0,15,5,0.329086,0.084191,0.348158,1.633689,0.0,0.02528,1.084571,0.523838
C1,P1,1,142,2,46,15.385542,27,18874368,0,0,0,0,55,9,0.515421,0.147136,0.353566,2.471925,0.0,1.468697,0.244351,0.758877
C1,P1,1,143,2,47,10.820356,6,18874368,0,0,0,0,37,2,0.19136,0.035552,0.373854,3.349233,0.0,0.392575,2.027351,0.929307
C1,P1,1,144,3,0,23.33547,24,28311552,0,0,0,0,21,8,0.46454,0.132319,0.525726,8.745783,0.0,0.02576,1.091194,7.628829
C1,P1,1,145,3,1,19.419401,6,18874368,0,0,0,0,21,2,0.203612,0.034591,0.348831,12.736323,0.0,7.708923,3.943278,1.084122
C1,P1,1,146,3,2,10.947303,6,9437184,0,0,0,0,48,2,0.197695,0.035232,0.174335,4.394092,0.0,1.485177,2.886067,0.022848
C1,P1,1,147,3,3,8.342178,6,18874368,0,0,0,0,32,2,0.19859,0.035296,0.349375,1.326872,0.0,0.509436,0.346591,0.470845
C1,P1,1,148,3,4,19.559567,18,28311552,0,0,0,0,23,6,0.376415,0.099391,0.525501,7.58198,0.0,0.55811,2.139254,4.884616
C1,P1,1,149,3,5,22.343066,30,28311552,0,0,0,0,30,10,0.552221,0.163903,0.52467,3.679981,0.0,0.158879,2.276245,1.244857
C1,P1,1,150,3,6,19.399747,33,18874368,0,0,0,0,42,11,0.603805,0.181022,0.35299,1.859799,0.0,0.47235,1.363033,0.024416
C1,P1,1,151,3,7,17.889425,30,18874368,0,0,0,0,29,10,0.554016,0.164448,0.353278,3.429267,0.0,1.12486,1.691833,0.612574
C1,P1,1,152,3,8,20.132686,48,28311552,0,0,0,0,81,16,0.850011,0.260703,0.536894,2.976337,0.0,0.025056,2.736979,0.214302
C1,P1,1,153,3,9,17.463524,33,18874368,0,0,0,0,77,11,0.635869,0.181536,0.364031,4.639209,0.0,0.476574,2.523604,1.639031
C1,P1,1,154,3,10,17.960637,30,28311552,0,0,0,0,69,10,0.571902,0.16496,0.528829,5.707075,0.0,0.485405,1.342713,3.878957
C1,P1,1,155,3,11,19.090537,30,28311552,0,0,0,0,50,10,0.567901,0.163454,0.527998,5.618277,0.0,0.257151,0.028192,5.332934
C1,P1,1,156,3,12,18.268937,33,28311552,0,0,0,0,45,11,0.610618,0.180092,0.54659,5.688805,0.0,0.567996,0.571358,4.549451
C1,P1,1,157,3,13,21.436592,39,28311552,0,0,0,0,66,13,0.712732,0.212863,0.528638,5.030219,0.0,1.175356,1.293466,2.561397
C1,P1,1,158,3,14,20.006146,21,28311552,0,0,0,0,8,7,0.407677,0.115296,0.549789,7.560958,0.0,0.685757,0.430366,6.444835
C1,P1,1,159,3,15,21.76512,21,18874368,0,0,0,0,8,7,0.407807,0.116,0.354719,8.559129,0.0,0.68099,0.35107,7.527069
C1,P1,1,160,3,16,20.479232,30,18874368,0,0,0,0,54,10,0.566492,0.164127,0.375358,5.395623,0.0,0.02496,0.028352,5.342311
C1,P1,1,161,3,17,21.359949,24,28311552,0,0,0,0,23,8,0.461854,0.132031,0.557533,7.673116,0.0,0.024992,0.028736,7.619388
C1,P1,1,162,3,18,21.480757,24,9437184,0,0,0,0,11,8,0.451103,0.132416,0.174303,9.761458,0.0,4.109773,1.116474,4.535211
C1,P1,1,163,3,19,21.260869,21,9437184,0,0,0,0,40,7,0.431867,0.116351,0.173919,10.717549,0.0,0.838427,6.650721,3.228401
C1,P1,1,164,3,20,16.867415,24,18874368,0,0,0,0,33,8,0.470175,0.132512,0.348223,3.869455,0.0,0.47203,0.224767,3.172658
C1,P1,1,165,3,21,20.89376,36,18874368,0,0,0,0,56,12,0.656094,0.196095,0.349023,5.225543,0.0,0.83638,0.356798,4.032365
C1,P1,1,166,3,22,11.374132,9,28311552,0,0,0,0,40,3,0.246719,0.051104,0.523165,1.993528,0.0,0.025376,0.768253,1.199899
C1,P1,1,167,3,23,10.926762,6,18874368,0,0,0,0,5,2,0.189184,0.034784,0.349726,2.776373,0.0,0.465791,0.503326,1.807256
C1,P1,1,168,3,24,18.801587,39,18874368,0,0,0,0,85,13,0.710269,0.212703,0.348126,3.60363,0.0,0.426398,2.282901,0.894331
C1,P1,1,169,3,25,23.441833,21,28311552,0,0,0,0,27,7,0.41043,0.116512,0.52243,9.953071,0.0,0.025471,2.422036,7.505564
C1,P1,1,170,3,26,20.899761,24,28311552,0,0,0,0,21,8,0.458139,0.131838,0.523293,6.591392,0.0,0.331294,1.845559,4.414539
C1,P1,1,171,3,27,22.885979,27,9437184,0,0,0,0,28,9,0.511261,0.150047,0.185695,9.707696,0.0,1.26393,0.894619,7.549147
C1,P1,1,172,3,28,20.48854,18,18874368,0,0,0,0,28,6,0.379806,0.099934,0.379646,7.770139,0.0,2.343124,0.028224,5.398791
C1,P1,1,173,3,29,17.719679,15,28311552,0,0,0,0,15,5,0.32688,0.083424,0.554621,6.638465,0.0,2.253303,0.030431,4.354731
C1,P1,1,174,3,30,19.140452,15,9437184,0,0,0,0,18,5,0.329918,0.08464,0.173567,8.840279,0.0,2.382965,0.153183,6.304131
C1,P1,1,175,3,31,21.252205,18,18874368,0,0,0,0,9,6,0.362815,0.09904,0.353855,10.304975,0.0,1.600791,1.313882,7.390302
C1,P1,1,176,3,32,10.671727,6,18874368,0,0,0,0,9,2,0.19264,0.034496,0.350718,3.128626,0.0,1.940183,0.748316,0.440127
C1,P1,1,177,3,33,16.399259,30,28311552,0,0,0,0,44,10,0.563037,0.163743,0.542462,1.152954,0.0,0.025216,0.028448,1.09929
C1,P1,1,178,3,34,9.878892,12,18874368,0,0,0,0,61,4,0.296544,0.06912,0.347903,0.077472,0.0,0.025312,0.028192,0.023968
C1,P1,1,179,3,35,15.498395,15,28311552,0,0,0,0,31,5,0.341757,0.083871,0.541758,4.208011,0.0,0.278686,2.291509,1.637816
C1,P1,1,180,3,36,9.242811,3,9437184,0,0,0,0,3,1,0.137151,0.017056,0.173759,1.751768,0.0,0.0248,0.027232,1.699736
C1,P1,1,181,3,37,10.122562,6,18874368,0,0,0,0,2,2,0.186719,0.034944,0.378015,2.122774,0.0,0.840893,0.106816,1.175065
C1,P1,1,182,3,38,16.001429,21,28311552,0,0,0,0,60,7,0.413759,0.116479,0.522749,2.630644,0.0,0.433438,2.172982,0.024224
C1,P1,1,183,3,39,18.22811,30,28311552,0,0,0,0,79,10,0.589246,0.164703,0.576797,3.583374,0.0,0.025216,0.419294,3.138864
C1,P1,1,184,3,40,15.498661,18,28311552,0,0,0,0,25,6,0.377022,0.099231,0.543006,2.266839,0.0,0.497471,0.107455,1.661913
C1,P1,1,185,3,41,11.339449,9,28311552,0,0,0,0,6,3,0.231966,0.0504,0.54579,1.897941,0.0,0.890043,0.171903,0.835995
C1,P1,1,186,3,42,13.471316,18,18874368,0,0,0,0,66,6,0.371167,0.099872,0.347902,1.713912,0.0,0.024928,1.619384,0.0696
C1,P1,1,187,3,43,9.520582,9,18874368,0,0,0,0,78,3,0.233024,0.05136,0.380478,1.470074,0.0,0.456158,0.403551,0.610365
C1,P1,1,188,3,44,17.146509,18,18874368,0,0,0,0,27,6,0.380351,0.100063,0.35459,6.428672,0.0,2.236053,2.037142,2.155477
C1,P1,1,189,3,45,12.71335,12,9437184,0,0,0,0,30,4,0.295039,0.068448,0.177471,4.766953,0.0,0.61891,2.02895,2.119093
C1,P1,1,190,3,46,14.947837,33,18874368,0,0,0,0,52,11,0.599039,0.180352,0.370302,1.403611,0.0,0.623838,0.401567,0.378206
C1,P1,1,191,3,47,12.309797,12,28311552,0,0,0,0,31,4,0.293759,0.06688,0.553981,2.781233,0.0,1.672342,0.400862,0.708029
C1,P1,1,192,4,0,23.307057,24,37748736,0,0,0,0,39,8,0.463068,0.131775,0.697885,7.005085,0.0,2.265172,0.041151,4.698762
C1,P1,1,193,4,1,10.186876,6,18874368,0,0,0,0,14,2,0.199583,0.034912,0.34899,3.011568,0.0,1.784567,0.447422,0.779579
C1,P1,1,194,4,2,9.492657,6,9437184,0,0,0,0,37,2,0.191935,0.034976,0.17424,3.056883,0.0,1.056956,0.860572,1.139355
C1,P1,1,195,4,3,8.442554,6,9437184,0,0,0,0,41,2,0.194783,0.03568,0.175072,0.297086,0.0,0.23427,0.039936,0.02288
C1,P1,1,196,4,4,17.620554,24,28311552,0,0,0,0,44,8,0.474719,0.130943,0.525213,3.225585,0.0,0.025376,0.388734,2.811475
C1,P1,1,197,4,5,18.584743,24,18874368,0,0,0,0,37,8,0.471902,0.133119,0.349406,4.905417,0.0,0.51846,0.170912,4.216045
C1,P1,1,198,4,6,15.026684,27,18874368,0,0,0,0,47,9,0.522556,0.148446,0.35523,1.18233,0.0,0.041183,0.028192,1.112955
C1,P1,1,199,4,7,17.968675,21,18874368,0,0,0,0,36,7,0.428923,0.117024,0.360926,5.099912,0.0,1.97948,0.028352,3.09208
C1,P1,1,200,4,8,20.668896,36,28311552,0,0,0,0,76,12,0.674302,0.196032,0.539357,5.39511,0.0,2.589684,0.923804,1.881622
C1,P1,1,201,4,9,20.110038,39,28311552,0,0,0,0,93,13,0.732158,0.213504,0.543294,4.251402,0.0,2.693362,0.660957,0.897083
C1,P1,1,202,4,10,20.324504,36,18874368,0,0,0,0,69,12,0.651198,0.196447,0.363263,5.854725,0.0,2.825684,0.674172,2.354869
C1,P1,1,203,4,11,21.124854,30,28311552,0,0,0,0,37,10,0.556255,0.163168,0.53299,6.554753,0.0,2.408885,0.948924,3.196944
C1,P1,1,204,4,12,20.302916,27,28311552,0,0,0,0,25,9,0.504159,0.147519,0.552286,6.545121,0.0,1.598296,1.260506,3.686319
C1,P1,1,205,4,13,18.63977,33,28311552,0,0,0,0,79,11,0.640539,0.180672,0.570429,3.795982,0.0,1.620984,1.502521,0.672477
C1,P1,1,206,4,14,22.057969,24,28311552,0,0,0,0,14,8,0.454652,0.131167,0.528957,9.107447,0.0,0.890621,2.753427,5.463399
C1,P1,1,207,4,15,23.795371,21,28311552,0,0,0,0,17,7,0.411326,0.115103,0.545725,11.155756,0.0,1.480826,2.032022,7.642908
C1,P1,1,208,4,16,18.178542,30,18874368,0,0,0,0,74,10,0.563135,0.164576,0.370494,4.368302,0.0,2.815891,0.533439,1.018972
C1,P1,1,209,4,17,25.394912,21,18874368,0,0,0,0,38,7,0.419071,0.11664,0.359423,13.683649,0.0,0.168319,4.159469,9.355861
C1,P1,1,210,4,18,20.290426,21,28311552,0,0,0,0,20,7,0.415871,0.115136,0.535519,7.572989,0.0,3.151378,1.135163,3.286448
C1,P1,1,211,4,19,20.175583,24,18874368,0,0,0,0,53,8,0.457056,0.132992,0.360638,7.361277,0.0,2.910609,0.028224,4.422444
C1,P1,1,212,4,20,17.640639,27,18874368,0,0,0,0,40,9,0.506686,0.14864,0.364062,4.534922,0.0,1.468665,1.249178,1.817079
C1,P1,1,213,4,21,22.113119,36,28311552,0,0,0,0,60,12,0.645152,0.195744,0.554781,2.37554,0.0,0.150686,2.200662,0.024192
C1,P1,1,214,4,22,13.714972,9,28311552,0,0,0,0,27,3,0.252095,0.051232,0.559006,4.2451,0.0,1.251482,2.402036,0.591582
C1,P1,1,215,4,23,13.807896,12,28311552,0,0,0,0,24,4,0.289119,0.066624,0.536765,4.136109,0.0,0.493311,0.525661,3.117137
C1,P1,1,216,4,24,21.016753,39,18874368,0,0,0,0,79,13,0.705882,0.212541,0.348287,6.763586,0.0,0.718621,0.465118,5.579847
C1,P1,1,217,4,25,19.335954,27,28311552,0,0,0,0,34,9,0.504158,0.147264,0.562814,7.024285,0.0,1.827575,0.383709,4.813001
C1,P1,1,218,4,26,23.909127,21,28311552,0,0,0,0,26,7,0.421791,0.115519,0.523486,11.825609,0.0,2.214005,0.502269,9.109335
C1,P1,1,219,4,27,21.783855,27,9437184,0,0,0,0,60,9,0.533371,0.149503,0.174047,9.741202,0.0,0.722237,0.028576,8.990389
C1,P1,1,220,4,28,20.754713,18,9437184,0,0,0,0,30,6,0.382975,0.100384,0.18128,9.838869,0.0,0.614399,0.684157,8.540313
C1,P1,1,221,4,29,13.652745,9,18874368,0,0,0,0,30,3,0.240446,0.052032,0.356543,4.95137,0.0,0.954332,0.265568,3.73147
C1,P1,1,222,4,30,18.878243,12,18874368,0,0,0,0,29,4,0.27939,0.067519,0.347838,7.841468,0.0,1.677176,1.285915,4.878377
C1,P1,1,223,4,31,18.08088,18,28311552,0,0,0,0,7,6,0.363294,0.09936,0.525598,5.928676,0.0,0.025248,2.389173,3.514255
C1,P1,1,224,4,32,11.040827,9,18874368,0,0,0,0,24,3,0.248478,0.051807,0.350047,3.398674,0.0,0.755358,1.058588,1.584728
C1,P1,1,225,4,33,17.49109,24,28311552,0,0,0,0,32,8,0.46979,0.131872,0.563101,3.984238,0.0,0.024896,0.028608,3.930734
C1,P1,1,226,4,34,12.405471,18,18874368,0,0,0,0,76,6,0.393309,0.099616,0.347903,2.672275,0.0,2.058934,0.587997,0.025344
C1,P1,1,227,4,35,16.634903,18,37748736,0,0,0,0,23,6,0.376477,0.099519,0.704669,4.143309,0.0,0.025248,2.07759,2.040471
C1,P1,1,228,4,36,13.256725,6,18874368,0,0,0,0,12,2,0.196096,0.033824,0.499773,6.008164,0.0,0.424991,0.532669,5.050504
C1,P1,1,229,4,37,19.677376,9,28311552,0,0,0,0,9,3,0.234847,0.050624,0.521501,10.963693,0.0,6.320035,2.254453,2.389205
C1,P1,1,230,4,38,13.815361,18,18874368,0,0,0,0,91,6,0.370752,0.100544,0.380094,3.627086,0.0,1.859606,0.567773,1.199707
C1,P1,1,231,4,39,15.962025,27,18874368,0,0,0,0,70,9,0.514845,0.148638,0.348799,2.76706,0.0,0.495934,2.24607,0.025056
C1,P1,1,232,4,40,13.675749,24,18874368,0,0,0,0,53,8,0.471007,0.132447,0.369534,1.686775,0.0,0.552061,1.034043,0.100671
C1,P1,1,233,4,41,11.291299,6,18874368,0,0,0,0,19,2,0.201792,0.034592,0.359263,2.335348,0.0,0.066463,0.028256,2.240629
C1,P1,1,234,4,42,13.845242,18,18874368,0,0,0,0,32,6,0.369471,0.099552,0.348254,4.285705,0.0,0.547132,1.817143,1.92143
C1,P1,1,235,4,43,14.024257,9,9437184,0,0,0,0,72,3,0.23251,0.05184,0.173631,6.763393,0.0,1.750808,4.658859,0.353726
C1,P1,1,236,4,44,18.607067,21,28311552,0,0,0,0,23,7,0.42067,0.115776,0.527581,6.088386,0.0,0.745533,0.64662,4.696233
C1,P1,1,237,4,45,15.805754,15,9437184,0,0,0,0,47,5,0.352448,0.085248,0.173984,5.756549,0.0,2.156886,0.028704,3.570959
C1,P1,1,238,4,46,20.937879,30,18874368,0,0,0,0,51,10,0.562494,0.164416,0.35411,8.209723,0.0,6.07146,0.813789,1.324474
C1,P1,1,239,4,47,12.343103,6,18874368,0,0,0,0,27,2,0.208382,0.034688,0.349566,4.477291,0.0,0.690684,2.557269,1.229338
C1,P1,1,240,5,0,26.072721,36,37748736,0,0,0,0,45,12,0.650878,0.196607,0.699453,8.699514,0.0,3.068403,2.449717,3.181394
C1,P1,1,241,5,1,11.333407,6,18874368,0,0,0,0,9,2,0.19347,0.034304,0.34944,4.378349,0.0,0.358815,2.349109,1.670425
C1,P1,1,242,5,2,9.51195,9,18874368,0,0,0,0,54,3,0.24592,0.051776,0.351326,1.560054,0.0,0.622524,0.407005,0.530525
C1,P1,1,243,5,3,10.741608,9,18874368,0,0,0,0,66,3,0.243871,0.051776,0.35251,2.853395,0.0,1.056316,1.773975,0.023104
C1,P1,1,244,5,4,23.801062,24,9437184,0,0,0,0,41,8,0.475229,0.133248,0.181888,11.505802,0.0,0.605884,5.424999,5.474919
C1,P1,1,245,5,5,21.906611,27,18874368,0,0,0,0,31,9,0.510528,0.148992,0.351166,6.794081,0.0,0.025312,0.095008,6.673761
C1,P1,1,246,5,6,18.735456,24,18874368,0,0,0,0,41,8,0.478878,0.132192,0.35203,5.391401,0.0,0.02512,0.834013,4.532268
C1,P1,1,247,5,7,21.039888,21,0,0,0,0,0,47,7,0.441727,0.117248,0.0,9.625973,0.0,2.34207,0.351454,6.932449
C1,P1,1,248,5,8,22.697306,45,18874368,0,0,0,0,94,15,0.80451,0.245247,0.351103,4.144237,0.0,0.0248,0.031968,4.087469
C1,P1,1,249,5,9,18.365409,39,18874368,0,0,0,0,78,13,0.706108,0.212,0.349439,1.775673,0.0,0.682398,0.221183,0.872092
C1,P1,1,250,5,10,19.632298,36,18874368,0,0,0,0,70,12,0.652988,0.196863,0.352959,3.789841,0.0,0.512447,0.028832,3.248562
C1,P1,1,251,5,11,19.858913,30,18874368,0,0,0,0,35,10,0.558334,0.164991,0.35075,5.056106,0.0,0.54723,0.423967,4.084909
C1,P1,1,252,5,12,17.672745,18,9437184,0,0,0,0,16,6,0.371839,0.10128,0.174304,5.191337,0.0,0.025536,0.027904,5.137897
C1,P1,1,253,5,13,17.712874,42,18874368,0,0,0,0,73,14,0.75798,0.229247,0.36435,1.567736,0.0,1.037082,0.506142,0.024512
C1,P1,1,254,5,14,21.111305,30,28311552,0,0,0,0,37,10,0.56067,0.163839,0.542878,5.177833,0.0,2.415093,0.602845,2.159895
C1,P1,1,255,5,15,19.98089,27,18874368,0,0,0,0,36,9,0.514336,0.147296,0.34851,6.449028,0.0,2.311991,0.285054,3.851983
C1,P1,1,256,5,16,21.062458,33,37748736,0,0,0,0,85,11,0.638779,0.18035,0.747964,4.781964,0.0,2.653941,0.495934,1.632089
C1,P1,1,257,5,17,20.554163,24,9437184,0,0,0,0,34,8,0.472892,0.132927,0.173599,8.988534,0.0,2.27922,0.328639,6.380675
C1,P1,1,258,5,18,20.901471,30,18874368,0,0,0,0,38,10,0.555038,0.164096,0.373055,6.876959,0.0,2.898162,0.405983,3.572814
C1,P1,1,259,5,19,22.201094,24,9437184,0,0,0,0,62,8,0.459872,0.133504,0.175808,10.106963,0.0,2.875156,0.40035,6.831457
C1,P1,1,260,5,20,19.355031,24,18874368,0,0,0,0,42,8,0.474591,0.132032,0.350718,6.888419,0.0,2.383286,0.365471,4.139662
C1,P1,1,261,5,21,23.153078,33,28311552,0,0,0,0,56,11,0.599935,0.180512,0.579229,8.355577,0.0,2.231893,1.118748,5.004936
C1,P1,1,262,5,22,12.063176,9,18874368,0,0,0,0,63,3,0.236512,0.05088,0.365663,3.914925,0.0,2.879794,0.412126,0.623005
C1,P1,1,263,5,23,12.4011,9,18874368,0,0,0,0,13,3,0.238047,0.050272,0.355551,3.393009,0.0,0.195744,0.139232,3.058033
C1,P1,1,264,5,24,18.115833,42,9437184,0,0,0,0,87,14,0.731678,0.229344,0.173535,1.819639,0.0,0.065823,0.027936,1.72588
C1,P1,1,265,5,25,19.765523,21,18874368,0,0,0,0,40,7,0.418142,0.115935,0.396255,6.238852,0.0,2.843635,0.028384,3.366833
C1,P1,1,266,5,26,23.387059,18,18874368,0,0,0,0,26,6,0.378974,0.100128,0.347838,10.601743,0.0,2.660596,1.391962,6.549185
C1,P1,1,267,5,27,20.980633,27,9437184,0,0,0,0,58,9,0.537278,0.149248,0.173631,8.063546,0.0,1.87631,0.046688,6.140548
C1,P1,1,268,5,28,21.701949,18,28311552,0,0,0,0,22,6,0.374143,0.099168,0.56451,8.259351,0.0,1.596375,0.27747,6.385506
C1,P1,1,269,5,29,12.731462,9,18874368,0,0,0,0,49,3,0.236575,0.051168,0.348447,4.26974,0.0,1.27145,0.404223,2.594067
C1,P1,1,270,5,30,17.960886,15,18874368,0,0,0,0,33,5,0.329055,0.084192,0.348383,7.227358,0.0,0.514717,2.265781,4.44686
C1,P1,1,271,5,31,19.493456,15,18874368,0,0,0,0,5,5,0.321023,0.083776,0.347903,6.901665,0.0,0.457887,1.376537,5.067241
C1,P1,1,272,5,32,9.263654,9,18874368,0,0,0,0,15,3,0.241247,0.051616,0.361855,1.267898,0.0,0.280991,0.112639,0.874268
C1,P1,1,273,5,33,23.69868,21,37748736,0,0,0,0,26,7,0.419005,0.115134,0.756316,10.556684,0.0,1.846774,0.472573,8.237337
C1,P1,1,274,5,34,11.117609,15,18874368,0,0,0,0,26,5,0.335901,0.083806,0.36195,1.382075,0.0,1.0903,0.267583,0.024192
C1,P1,1,275,5,35,15.126643,12,28311552,0,0,0,0,6,4,0.274687,0.06608,0.521886,4.716553,0.0,0.0248,1.89791,2.793843
C1,P1,1,276,5,36,9.094694,9,18874368,0,0,0,0,62,3,0.236576,0.051296,0.362271,0.844283,0.0,0.624283,0.196832,0.023168
C1,P1,1,277,5,37,13.015504,6,18874368,0,0,0,0,5,2,0.188576,0.034976,0.36179,4.947753,0.0,2.645812,0.26963,2.032311
C1,P1,1,278,5,38,12.32423,18,9437184,0,0,0,0,89,6,0.371679,0.101024,0.18064,1.382043,0.0,0.301792,0.02832,1.051931
C1,P1,1,279,5,39,15.615521,24,18874368,0,0,0,0,74,8,0.471517,0.131999,0.358526,3.12581,0.0,0.0256,0.02832,3.07189
C1,P1,1,280,5,40,16.440213,30,18874368,0,0,0,0,71,10,0.571231,0.164864,0.375518,2.909875,0.0,2.212854,0.672445,0.024576
C1,P1,1,281,5,41,13.398716,12,28311552,0,0,0,0,49,4,0.306046,0.066911,0.531646,3.710382,0.0,0.025472,1.126235,2.558675
C1,P1,1,282,5,42,11.717972,15,18874368,0,0,0,0,66,5,0.341663,0.08432,0.352799,1.414137,0.0,0.268831,0.487165,0.658141
C1,P1,1,283,5,43,9.022617,6,0,0,0,0,0,50,2,0.190079,0.035648,0.0,3.331601,0.0,2.420085,0.778429,0.133087
C1,P1,1,284,5,44,20.383467,24,37748736,0,0,0,0,31,8,0.467423,0.131776,0.753021,4.546411,0.0,0.025152,0.053312,4.467947
C1,P1,1,285,5,45,12.342379,15,9437184,0,0,0,0,24,5,0.335453,0.084735,0.179583,2.820307,0.0,0.409887,0.219423,2.190997
C1,P1,1,286,5,46,20.348624,33,37748736,0,0,0,0,57,11,0.619707,0.180285,0.754173,4.469417,0.0,2.88901,0.521213,1.059194
C1,P1,1,287,5,47,12.689084,15,28311552,0,0,0,0,70,5,0.349372,0.084,0.562973,2.871122,0.0,1.832344,1.014811,0.023967
C1,P1,1,288,6,0,23.111163,39,37748736,0,0,0,0,53,13,0.696987,0.211647,0.699197,5.54458,0.0,2.871186,1.481912,1.191482
C1,P1,1,289,6,1,11.836071,6,18874368,0,0,0,0,9,2,0.192319,0.03456,0.348734,4.58641,0.0,1.492281,1.838167,1.255962
C1,P1,1,290,6,2,10.65101,6,18874368,0,0,0,0,24,2,0.193471,0.035231,0.350526,1.938423,0.0,0.061791,0.028352,1.84828
C1,P1,1,291,6,3,11.21542,9,18874368,0,0,0,0,54,3,0.246494,0.051424,0.35171,3.068145,0.0,2.387925,0.516701,0.163519
C1,P1,1,292,6,4,19.622519,36,18874368,0,0,0,0,44,12,0.644444,0.195872,0.351006,3.804719,0.0,0.025344,0.028352,3.751023
C1,P1,1,293,6,5,20.630859,33,9437184,0,0,0,0,30,11,0.59475,0.180863,0.176575,5.948579,0.0,0.025536,0.028191,5.894852
C1,P1,1,294,6,6,20.362521,27,18874368,0,0,0,0,46,9,0.520703,0.148032,0.355038,5.217193,0.0,0.025568,0.028128,5.163497
C1,P1,1,295,6,7,20.36085,33,18874368,0,0,0,0,61,11,0.620447,0.180607,0.352638,5.020298,0.0,0.025504,0.028768,4.966026
C1,P1,1,296,6,8,21.994031,54,28311552,0,0,0,0,88,18,0.940699,0.293023,0.528158,1.860888,0.0,0.02512,0.029056,1.806712
C1,P1,1,297,6,9,17.112162,42,18874368,0,0,0,0,67,14,0.73859,0.229822,0.352478,0.332639,0.0,0.025216,0.028544,0.278879
C1,P1,1,298,6,10,19.232182,48,18874368,0,0,0,0,85,16,0.836607,0.261343,0.351166,0.610526,0.0,0.267935,0.260959,0.081632
C1,P1,1,299,6,11,20.142482,36,18874368,0,0,0,0,48,12,0.656701,0.19568,0.354752,4.496938,0.0,1.155001,1.655352,1.686585
C1,P1,1,300,6,12,19.225583,24,18874368,0,0,0,0,27,8,0.467679,0.131807,0.38115,6.21671,0.0,2.330934,0.422847,3.462929
C1,P1,1,301,6,13,21.046052,42,28311552,0,0,0,0,81,14,0.755037,0.229631,0.555133,3.654926,0.0,2.285428,0.638653,0.730845
C1,P1,1,302,6,14,20.842973,39,28311552,0,0,0,0,38,13,0.686746,0.211711,0.557373,4.37246,0.0,2.540436,0.594814,1.23721
C1,P1,1,303,6,15,20.713511,27,28311552,0,0,0,0,31,9,0.510462,0.147359,0.550814,6.522593,0.0,1.222074,1.208475,4.092044
C1,P1,1,304,6,16,20.77357,39,28311552,0,0,0,0,77,13,0.715774,0.211935,0.55155,3.899406,0.0,1.464664,1.316155,1.118587
C1,P1,1,305,6,17,23.100735,30,28311552,0,0,0,0,28,10,0.549278,0.162592,0.532285,7.68131,0.0,0.385759,1.845464,5.450087
C1,P1,1,306,6,18,21.166116,27,18874368,0,0,0,0,34,9,0.511037,0.148544,0.354174,7.701915,0.0,4.281675,0.595164,2.825076
C1,P1,1,307,6,19,18.757192,30,18874368,0,0,0,0,56,10,0.549342,0.164864,0.377886,4.461099,0.0,1.877975,0.559453,2.023671
C1,P1,1,308,6,20,24.756627,33,28311552,0,0,0,0,30,11,0.595103,0.179072,0.525694,9.489716,0.0,5.620869,0.566047,3.3028
C1,P1,1,309,6,21,24.440501,39,18874368,0,0,0,0,58,13,0.688954,0.212573,0.376158,8.939383,0.0,1.901239,0.539518,6.498626
C1,P1,1,310,6,22,11.621898,12,28311552,0,0,0,0,81,4,0.283804,0.067136,0.579837,1.875638,0.0,1.406233,0.444861,0.024544
C1,P1,1,311,6,23,14.930428,9,28311552,0,0,0,0,6,3,0.232606,0.051104,0.522013,5.031945,0.0,0.025024,0.739164,4.267757
C1,P1,1,312,6,24,18.94533,36,18874368,0,0,0,0,72,12,0.642998,0.196539,0.393054,2.297143,0.0,0.22208,0.101696,1.973367
C1,P1,1,313,6,25,19.549173,27,28311552,0,0,0,0,41,9,0.503965,0.148158,0.572287,4.220174,0.0,0.025344,0.435103,3.759727
C1,P1,1,314,6,26,24.827038,30,28311552,0,0,0,0,25,10,0.549436,0.163198,0.522557,8.401113,0.0,1.080602,1.684665,5.635846
C1,P1,1,315,6,27,22.782047,36,18874368,0,0,0,0,64,12,0.670588,0.196958,0.348031,6.654018,0.0,2.605653,3.669935,0.37843
C1,P1,1,316,6,28,18.772528,24,28311552,0,0,0,0,16,8,0.455581,0.13216,0.525309,4.313484,0.0,0.02544,0.373822,3.914222
C1,P1,1,317,6,29,15.928818,12,28311552,0,0,0,0,12,4,0.281437,0.066718,0.555102,4.147438,0.0,0.208703,0.045471,3.893264
C1,P1,1,318,6,30,20.419386,27,18874368,0,0,0,0,30,9,0.51366,0.148638,0.354015,5.028104,0.0,0.025408,0.105535,4.897161
C1,P1,1,319,6,31,19.292759,21,37748736,0,0,0,0,12,7,0.409917,0.115294,0.743772,4.723562,0.0,0.699259,0.232992,3.791311
C1,P1,1,320,6,32,10.40665,9,18874368,0,0,0,0,26,3,0.249405,0.051039,0.376607,2.294135,0.0,1.433466,0.437599,0.42307
C1,P1,1,321,6,33,18.149091,33,28311552,0,0,0,0,23,11,0.590142,0.180287,0.522014,2.696561,0.0,0.025055,0.805724,1.865782
C1,P1,1,322,6,34,11.87089,9,28311552,0,0,0,0,18,3,0.243968,0.050528,0.565277,1.575481,0.0,0.025248,0.028256,1.521977
C1,P1,1,323,6,35,14.14946,15,28311552,0,0,0,0,10,5,0.322976,0.08304,0.548286,2.638323,0.0,0.495454,0.412445,1.730424
C1,P1,1,324,6,36,13.46791,9,28311552,0,0,0,0,15,3,0.240701,0.050783,0.546045,4.435402,0.0,0.616284,2.353877,1.465241
C1,P1,1,325,6,37,11.749158,9,28311552,0,0,0,0,12,3,0.237085,0.050559,0.563389,1.820313,0.0,0.025216,0.0752,1.719897
C1,P1,1,326,6,38,16.526086,24,37748736,0,0,0,0,95,8,0.474494,0.132319,0.747517,2.803092,0.0,1.579866,0.598622,0.624604
C1,P1,1,327,6,39,20.93552,33,28311552,0,0,0,0,57,11,0.607199,0.178751,0.570301,5.548773,0.0,0.506653,2.23631,2.80581
C1,P1,1,328,6,40,19.046086,30,28311552,0,0,0,0,57,10,0.574268,0.163902,0.522622,4.598029,0.0,1.072476,3.500849,0.024704
C1,P1,1,329,6,41,16.952021,15,28311552,0,0,0,0,29,5,0.337216,0.083808,0.521853,6.440996,0.0,2.077847,2.344757,2.018392
C1,P1,1,330,6,42,18.603713,30,28311552,0,0,0,0,94,10,0.581309,0.16451,0.523134,5.230663,0.0,2.491892,2.714163,0.024608
C1,P1,1,331,6,43,10.624985,12,18874368,0,0,0,0,76,4,0.292766,0.068159,0.349534,1.493944,0.0,0.284574,0.358719,0.850651
C1,P1,1,332,6,44,31.903273,18,28311552,0,0,0,0,27,6,0.379229,0.099136,0.52435,18.874602,0.0,0.764318,3.515536,14.594748
C1,P1,1,333,6,45,24.161283,15,18874368,0,0,0,0,21,5,0.33251,0.084191,0.347934,14.347518,0.0,7.492605,2.68434,4.170573
C1,P1,1,334,6,46,27.766982,30,37748736,0,0,0,0,46,10,0.566687,0.16336,0.708957,12.823011,0.0,3.860077,3.966573,4.996361
C1,P1,1,335,6,47,21.440734,15,18874368,0,0,0,0,75,5,0.331132,0.084256,0.348382,9.669556,0.0,6.386754,2.968531,0.314271
C1,P1,1,336,7,0,43.189582,60,47185920,0,0,0,0,70,20,1.014718,0.3248,0.884796,17.15557,0.0,9.947443,5.354855,1.853272
C1,P1,1,337,7,1,16.57205,6,18874368,0,0,0,0,9,2,0.192096,0.034912,0.362335,8.456314,0.0,4.378348,2.584149,1.493817
C1,P1,1,338,7,2,10.739364,6,18874368,0,0,0,0,13,2,0.196894,0.03488,0.349534,3.136051,0.0,0.352638,0.495935,2.287478
C1,P1,1,339,7,3,10.463374,12,28311552,0,0,0,0,61,4,0.293021,0.067263,0.525053,0.809053,0.0,0.02976,0.028512,0.750781
C1,P1,1,340,7,4,22.976383,27,28311552,0,0,0,0,35,9,0.513533,0.146944,0.525789,11.166669,0.0,2.502676,0.377631,8.286362
C1,P1,1,341,7,5,24.798266,21,9437184,0,0,0,0,26,7,0.423195,0.117438,0.175487,13.751554,0.0,6.278307,1.925112,5.548135
C1,P1,1,342,7,6,18.004083,24,18874368,0,0,0,0,25,8,0.463326,0.131615,0.351071,5.474183,0.0,0.293344,1.814519,3.36632
C1,P1,1,343,7,7,18.811652,30,18874368,0,0,0,0,51,10,0.559416,0.164894,0.356702,5.46759,0.0,1.791415,2.300566,1.375609
C1,P1,1,344,7,8,23.403044,48,28311552,0,0,0,0,77,16,0.84755,0.260926,0.543357,4.569644,0.0,0.52195,2.872275,1.175419
C1,P1,1,345,7,9,19.40883,42,18874368,0,0,0,0,59,14,0.731228,0.228672,0.354462,2.4925,0.0,2.262645,0.105023,0.124832
C1,P1,1,346,7,10,23.546878,48,47185920,0,0,0,0,63,16,0.818239,0.258623,0.903132,3.913037,0.0,1.555256,0.354015,2.003766
C1,P1,1,347,7,11,22.140904,42,28311552,0,0,0,0,51,14,0.744316,0.228448,0.525469,4.074736,0.0,0.560383,1.570425,1.943928
C1,P1,1,348,7,12,22.714366,39,37748736,0,0,0,0,34,13,0.684637,0.212222,0.712348,4.102828,0.0,0.025184,0.029248,4.048396
C1,P1,1,349,7,13,24.230064,48,37748736,0,0,0,0,99,16,0.851867,0.261086,0.738493,4.575532,0.0,0.02544,2.307574,2.242518
C1,P1,1,350,7,14,21.184285,33,18874368,0,0,0,0,29,11,0.600126,0.180959,0.36323,6.821248,0.0,0.567101,1.243866,5.010281
C1,P1,1,351,7,15,22.805148,27,18874368,0,0,0,0,31,9,0.514686,0.149246,0.36979,8.533048,0.0,2.267543,0.413917,5.851588
C1,P1,1,352,7,16,20.97326,27,18874368,0,0,0,0,61,9,0.531901,0.147486,0.37363,7.088866,0.0,0.942141,0.515869,5.630856
C1,P1,1,353,7,17,21.576192,21,28311552,0,0,0,0,12,7,0.409373,0.11571,0.52227,7.732027,0.0,0.68038,0.540862,6.510785
C1,P1,1,354,7,18,20.419688,36,28311552,0,0,0,0,24,12,0.632027,0.194974,0.561918,3.41832,0.0,0.025664,0.18755,3.205106
C1,P1,1,355,7,19,18.932756,33,28311552,0,0,0,0,51,11,0.602909,0.179231,0.541342,0.984443,0.0,0.025311,0.095072,0.86406
C1,P1,1,356,7,20,20.421906,27,18874368,0,0,0,0,28,9,0.506111,0.14784,0.347551,5.154791,0.0,0.040608,1.5862,3.527983
C1,P1,1,357,7,21,18.570489,36,18874368,0,0,0,0,51,12,0.654428,0.196862,0.352127,2.778195,0.0,0.02544,0.030752,2.722003
C1,P1,1,358,7,22,11.355149,12,28311552,0,0,0,0,78,4,0.295934,0.067072,0.558557,1.214971,0.0,0.469309,0.183456,0.562206
C1,P1,1,359,7,23,13.947837,9,18874368,0,0,0,0,6,3,0.233119,0.051392,0.348863,5.140936,0.0,0.421406,2.246261,2.473269
C1,P1,1,360,7,24,21.745473,48,37748736,0,0,0,0,80,16,0.821852,0.260447,0.707485,1.400731,0.0,0.025504,0.254687,1.12054
C1,P1,1,361,7,25,25.98887,27,37748736,0,0,0,0,50,9,0.51139,0.148,0.699997,10.345837,0.0,0.539452,1.757367,8.049018
C1,P1,1,362,7,26,25.975927,33,28311552,0,0,0,0,26,11,0.594141,0.179902,0.521886,10.266192,0.0,1.906678,0.872892,7.486622
C1,P1,1,363,7,27,21.765593,39,18874368,0,0,0,0,60,13,0.706844,0.213504,0.347392,0.425758,0.0,0.025184,0.028288,0.372286
C1,P1,1,364,7,28,19.990325,15,18874368,0,0,0,0,11,5,0.326399,0.083872,0.363134,5.070378,0.0,0.025312,0.039904,5.005162
C1,P1,1,365,7,29,15.751457,12,28311552,0,0,0,0,15,4,0.283552,0.067328,0.550813,4.031117,0.0,0.02464,0.028512,3.977965
C1,P1,1,366,7,30,24.552066,33,47185920,0,0,0,0,26,11,0.591803,0.17843,0.905531,8.276761,0.0,2.147126,0.387869,5.741766
C1,P1,1,367,7,31,26.52298,24,47185920,0,0,0,0,15,8,0.452606,0.130815,0.94534,11.47966,0.0,0.02512,0.039392,11.415148
C1,P1,1,368,7,32,11.452389,9,18874368,0,0,0,0,52,3,0.246044,0.050847,0.361982,2.390964,0.0,0.025504,0.030624,2.334836
C1,P1,1,369,7,33,24.497066,36,47185920,0,0,0,0,18,12,0.623103,0.194528,0.948059,4.985319,0.0,0.081759,0.343902,4.559658
C1,P1,1,370,7,34,13.003708,9,28311552,0,0,0,0,19,3,0.244381,0.050304,0.556797,2.710579,0.0,0.02512,0.860028,1.825431
C1,P1,1,371,7,35,17.15845,18,37748736,0,0,0,0,13,6,0.368927,0.098623,0.756221,4.61182,0.0,1.484217,0.451487,2.676116
C1,P1,1,372,7,36,11.466067,9,28311552,0,0,0,0,25,3,0.249566,0.051039,0.562205,2.832691,0.0,0.723164,1.325082,0.784445
C1,P1,1,373,7,37,13.943714,12,37748736,0,0,0,0,13,4,0.28016,0.066784,0.746108,2.659091,0.0,0.025408,0.033472,2.600211
C1,P1,1,374,7,38,20.436338,30,56623104,0,0,0,0,94,10,0.568253,0.164576,1.123643,4.051534,0.0,0.485502,0.583997,2.982035
C1,P1,1,375,7,39,27.158395,36,56623104,0,0,0,0,36,12,0.63811,0.194751,1.070843,7.346237,0.0,4.367658,0.02864,2.949939
C1,P1,1,376,7,40,18.567261,42,37748736,0,0,0,0,81,14,0.744925,0.22803,0.726173,0.282304,0.0,0.024896,0.232704,0.024704
C1,P1,1,377,7,41,13.322355,15,28311552,0,0,0,0,25,5,0.335423,0.083872,0.533021,3.223888,0.0,0.415165,0.432094,2.376629
C1,P1,1,378,7,42,19.625412,30,37748736,0,0,0,0,85,10,0.558463,0.163391,0.768477,5.270982,0.0,4.227403,0.501565,0.542014
C1,P1,1,379,7,43,13.820814,21,37748736,0,0,0,0,75,7,0.436671,0.115392,0.722013,0.947996,0.0,0.894652,0.0288,0.024544
C1,P1,1,380,7,44,26.589305,21,47185920,0,0,0,0,32,7,0.411198,0.115072,0.936316,8.603128,0.0,1.041531,1.817719,5.743878
C1,P1,1,381,7,45,15.774668,18,28311552,0,0,0,0,21,6,0.378367,0.099808,0.556093,4.121101,0.0,1.492761,0.492381,2.135959
C1,P1,1,382,7,46,25.00115,36,47185920,0,0,0,0,37,12,0.6447,0.195296,0.913916,6.259683,0.0,1.781719,0.651325,3.826639
C1,P1,1,383,7,47,14.552286,18,37748736,0,0,0,0,27,6,0.379197,0.099326,0.712669,1.608856,0.0,0.025087,0.027776,1.555993
C1,P1,1,384,8,0,38.573991,60,75497472,0,0,0,0,57,20,0.997054,0.321984,1.39961,12.768772,0.0,0.123808,5.600613,7.044351
C1,P1,1,385,8,1,15.069553,15,47185920,0,0,0,0,10,5,0.321981,0.082463,0.872924,2.647509,0.0,0.719293,0.659133,1.269083
C1,P1,1,386,8,2,16.799096,12,37748736,0,0,0,0,17,4,0.285791,0.066624,0.703229,3.339984,0.0,0.48179,0.526301,2.331893
C1,P1,1,387,8,3,11.07403,12,28311552,0,0,0,0,85,4,0.294879,0.068159,0.526078,0.080928,0.0,0.025504,0.03088,0.024544
C1,P1,1,388,8,4,26.953316,39,47185920,0,0,0,0,30,13,0.676446,0.210047,0.887867,7.797372,0.0,2.445685,0.186175,5.165512
C1,P1,1,389,8,5,20.342104,39,37748736,0,0,0,0,37,13,0.683868,0.211806,0.707645,1.73612,0.0,0.025312,0.027999,1.682809
C1,P1,1,390,8,6,19.701771,27,28311552,0,0,0,0,27,9,0.507354,0.147581,0.540509,4.425355,0.0,0.635837,0.028672,3.760846
C1,P1,1,391,8,7,20.115352,36,28311552,0,0,0,0,49,12,0.659997,0.19747,0.534622,0.451325,0.0,0.025312,0.400765,0.025248
C1,P1,1,392,8,8,26.95224,57,37748736,0,0,0,0,67,19,0.966269,0.307678,0.715549,0.418013,0.0,0.045888,0.347005,0.02512
C1,P1,1,393,8,9,24.232607,48,28311552,0,0,0,0,61,16,0.835965,0.261119,0.563229,5.694919,0.0,1.941944,0.7943,2.958675
C1,P1,1,394,8,10,29.389891,51,47185920,0,0,0,0,50,17,0.866814,0.274496,0.917181,11.688619,0.0,2.075512,0.594685,9.018422
C1,P1,1,395,8,11,26.836151,54,56623104,0,0,0,0,50,18,0.909886,0.292767,1.108731,9.022581,0.0,1.125019,2.363764,5.533798
C1,P1,1,396,8,12,27.70169,45,47185920,0,0,0,0,28,15,0.76729,0.24432,0.92918,8.139227,0.0,2.538612,0.027968,5.572647
C1,P1,1,397,8,13,23.745391,57,56623104,0,0,0,0,83,19,0.977693,0.309374,1.103867,0.710621,0.0,0.024896,0.660765,0.02496
C1,P1,1,398,8,14,22.659587,39,37748736,0,0,0,0,21,13,0.671708,0.21088,0.702941,4.855946,0.0,0.668701,0.665853,3.521392
C1,P1,1,399,8,15,1868.563472,30,37748736,0,0,0,0,26,10,0.551066,0.165023,0.756957,1849.724131,0.0,0.295998,1841.440042,7.988091
C1,P1,1,400,8,16,32.377142,48,47185920,0,0,0,0,57,16,0.826653,0.260383,0.907036,12.083943,0.0,2.01375,6.671361,3.398832
C1,P1,1,401,8,17,32.312203,33,47185920,0,0,0,0,18,11,0.585117,0.179038,0.873884,14.628284,0.0,3.110482,2.766451,8.751351
C1,P1,1,402,8,18,25.022098,30,28311552,0,0,0,0,24,10,0.546847,0.164927,0.524222,11.268875,0.0,0.502111,3.710478,7.056286
C1,P1,1,403,8,19,26.052176,42,37748736,0,0,0,0,53,14,0.730335,0.226752,0.724541,8.975253,0.0,3.703278,0.956315,4.31566
C1,P1,1,404,8,20,21.016589,33,28311552,0,0,0,0,36,11,0.587454,0.180255,0.539805,5.340422,0.0,0.427068,0.574206,4.339148
C1,P1,1,405,8,21,22.588418,51,47185920,0,0,0,0,46,17,0.86393,0.275613,0.897403,0.909277,0.0,0.044384,0.02784,0.837053
C1,P1,1,406,8,22,13.15421,15,37748736,0,0,0,0,88,5,0.34608,0.08336,0.74134,0.31059,0.0,0.025504,0.046496,0.23859
C1,P1,1,407,8,23,17.258124,18,47185920,0,0,0,0,8,6,0.36195,0.097728,0.92278,4.645896,0.0,0.707387,1.241019,2.69749
C1,P1,1,408,8,24,25.700738,60,47185920,0,0,0,0,85,20,1.008572,0.324607,0.922844,3.957422,0.0,1.521913,0.787644,1.647865
C1,P1,1,409,8,25,26.197385,39,47185920,0,0,0,0,57,13,0.689439,0.209536,0.896348,6.263235,0.0,0.730492,0.138271,5.394472
C1,P1,1,410,8,26,27.615523,39,47185920,0,0,0,0,20,13,0.673787,0.211295,0.871132,8.234489,0.0,0.545179,0.561502,7.127808
C1,P1,1,411,8,27,29.067275,45,47185920,0,0,0,0,43,15,0.775228,0.24355,0.905596,9.527508,0.0,0.983579,1.899671,6.644258
C1,P1,1,412,8,28,26.425272,33,56623104,0,0,0,0,16,11,0.581472,0.178624,1.150234,7.92854,0.0,0.025312,0.233023,7.670205
C1,P1,1,413,8,29,18.462243,18,47185920,0,0,0,0,15,6,0.368061,0.097887,0.883324,5.683078,0.0,0.587676,1.043804,4.051598
C1,P1,1,414,8,30,21.477678,30,28311552,0,0,0,0,22,10,0.544446,0.162974,0.530429,5.83927,0.0,0.893564,0.571454,4.374252
C1,P1,1,415,8,31,23.580067,21,37748736,0,0,0,0,11,7,0.409023,0.114944,0.696989,9.314231,0.0,0.02544,0.358559,8.930232
C1,P1,1,416,8,32,14.517969,12,28311552,0,0,0,0,49,4,0.308701,0.067424,0.552349,4.659369,0.0,0.764444,2.388436,1.506489
C1,P1,1,417,8,33,25.778202,39,66060288,0,0,0,0,22,13,0.668287,0.209856,1.218811,6.027141,0.0,0.534685,0.770716,4.72174
C1,P1,1,418,8,34,16.263276,12,37748736,0,0,0,0,21,4,0.285727,0.066175,0.747612,4.781065,0.0,0.812283,2.250071,1.718711
C1,P1,1,419,8,35,22.626381,24,56623104,0,0,0,0,23,8,0.460798,0.130272,1.046107,7.586943,0.0,0.083328,0.639677,6.863938
C1,P1,1,420,8,36,11.932686,9,28311552,0,0,0,0,30,3,0.238687,0.050016,0.525598,2.931188,0.0,0.76131,0.603293,1.566585
C1,P1,1,421,8,37,12.284403,12,37748736,0,0,0,0,14,4,0.283742,0.066975,0.752732,1.149339,0.0,0.099712,0.086495,0.963132
C1,P1,1,422,8,38,21.263111,36,56623104,0,0,0,0,115,12,0.657503,0.196864,1.123003,3.435151,0.0,0.679069,2.043926,0.712156
C1,P1,1,423,8,39,23.327282,42,56623104,0,0,0,0,45,14,0.734943,0.226528,1.141723,2.943921,0.0,0.561053,1.815895,0.566973
C1,P1,1,424,8,40,22.890603,39,56623104,0,0,0,0,105,13,0.709368,0.212063,1.075675,3.754797,0.0,1.887446,0.70998,1.157371
C1,P1,1,425,8,41,13.886774,18,28311552,0,0,0,0,27,6,0.379263,0.099199,0.576701,1.966008,0.0,0.665246,0.287744,1.013018
C1,P1,1,426,8,42,19.329119,33,47185920,0,0,0,0,84,11,0.611997,0.179263,0.944699,2.749941,0.0,0.164448,2.560917,0.024576
C1,P1,1,427,8,43,13.851268,18,28311552,0,0,0,0,79,6,0.395262,0.100063,0.563261,2.412948,0.0,0.025504,2.362965,0.024479
C1,P1,1,428,8,44,21.145781,36,47185920,0,0,0,0,54,12,0.636798,0.194592,0.937372,2.826353,0.0,0.203359,0.389021,2.233973
C1,P1,1,429,8,45,15.559555,27,37748736,0,0,0,0,20,9,0.500765,0.146782,0.763164,1.20886,0.0,0.025152,0.376991,0.806717
C1,P1,1,430,8,46,23.22988,39,47185920,0,0,0,0,44,13,0.691612,0.211423,0.928476,4.033965,0.0,0.682622,1.107162,2.244181
C1,P1,1,431,8,47,16.117463,18,56623104,0,0,0,0,33,6,0.38435,0.098463,1.132603,1.653274,0.0,0.026048,0.202944,1.424282
C1,P1,2,0,0,0,323.841804,90,283115520,0,0,0,0,3867,30,1.680159,0.534784,5.339741,100.82097,0.0,40.803914,7.853371,52.163685
C1,P1,2,1,0,1,201.350561,63,198180864,0,0,0,0,3514,21,1.237408,0.380608,3.741214,51.823814,0.0,1.435008,4.628766,45.76004
C1,P1,2,2,0,2,178.141212,54,169869312,0,0,0,0,2766,18,1.057663,0.321984,3.251743,73.347866,0.0,0.914304,5.467645,66.965917
C1,P1,2,3,0,3,124.522691,48,150994944,0,0,0,0,2573,16,0.9664,0.288672,2.854622,28.679921,0.0,2.307135,3.963198,22.409588
C1,P1,2,4,0,4,141.905702,81,254803968,0,0,0,0,2888,27,1.514336,0.477632,4.813918,30.559951,0.0,0.853279,5.791549,23.915123
C1,P1,2,5,0,5,175.406796,87,273678336,0,0,0,0,2795,29,1.662623,0.507488,5.212957,74.984569,0.0,11.857626,27.439154,35.687789
C1,P1,2,6,0,6,172.912721,81,254803968,0,0,0,0,3958,27,1.569854,0.489376,4.883262,59.316544,0.0,0.703039,5.295453,53.318052
C1,P1,2,7,0,7,125.742103,78,245366784,0,0,0,0,3709,26,1.494944,0.461856,4.782845,29.299632,0.0,1.441439,5.305373,22.55282
C1,P1,2,8,0,8,139.355939,81,254803968,0,0,0,0,3605,27,1.553023,0.484512,4.906557,32.328591,0.0,1.059776,5.032445,26.23637
C1,P1,2,9,0,9,137.596905,81,254803968,0,0,0,0,3600,27,1.549086,0.483552,4.84643,41.809065,0.0,2.637182,5.458877,33.713006
C1,P1,2,10,0,10,202.274111,87,273678336,0,0,0,0,2642,29,1.581984,0.5064,5.373149,74.771063,0.0,1.253823,9.034139,64.483101
C1,P1,2,11,0,11,141.136944,87,273678336,0,0,0,0,3736,29,1.622143,0.511776,5.341725,58.742914,0.0,2.606718,5.440893,50.695303
C1,P1,2,12,0,12,153.636189,87,273678336,0,0,0,0,4284,29,1.637344,0.51712,5.250461,22.241076,0.0,1.715775,3.959998,16.565303
C1,P1,2,13,0,13,121.74811,81,254803968,0,0,0,0,3075,27,1.492736,0.471968,4.910718,37.224205,0.0,2.780606,6.016093,28.427506
C1,P1,2,14,0,14,136.599781,78,245366784,0,0,0,0,3133,26,1.459583,0.459744,4.723965,49.692678,0.0,2.651614,5.437757,41.603307
C1,P1,2,15,0,15,128.658841,81,254803968,0,0,0,0,3161,27,1.522559,0.476384,4.902366,7.478236,0.0,2.244703,4.52083,0.712703
C1,P1,2,16,0,16,181.491566,81,254803968,0,0,0,0,2943,27,1.503357,0.47408,4.862302,89.354196,0.0,1.271327,5.469438,82.613431
C1,P1,2,17,0,17,225.432175,87,273678336,0,0,0,0,2573,29,1.601696,0.500192,5.194014,104.658764,0.0,2.923134,5.849885,95.885745
C1,P1,2,18,0,18,156.365256,78,245366784,0,0,0,0,3684,26,1.491392,0.465728,4.660958,49.29444,0.0,12.451002,10.267451,26.575987
C1,P1,2,19,0,19,132.72412,75,235929600,0,0,0,0,3111,25,1.438687,0.439456,4.522526,37.357582,0.0,1.143616,7.300764,28.913202
C1,P1,2,20,0,20,148.686698,78,245366784,0,0,0,0,4703,26,1.519103,0.4696,4.682621,9.775708,0.0,1.362624,7.710012,0.703072
C1,P1,2,21,0,21,168.279029,84,264241152,0,0,0,0,3567,28,1.600574,0.491999,5.052957,55.728324,0.0,0.543136,7.78326,47.401928
C1,P1,2,22,0,22,153.844572,51,160432128,0,0,0,0,3800,17,1.055103,0.317983,3.025439,48.570248,0.0,3.008159,8.316411,37.245678
C1,P1,2,23,0,23,133.547746,66,207618048,0,0,0,0,3673,22,1.279232,0.395392,3.93571,29.495218,0.0,1.143583,6.792157,21.559478
C1,P1,2,24,0,24,147.251205,87,273678336,0,0,0,0,3361,29,1.635775,0.5128,5.171453,31.546414,0.0,1.305855,9.049787,21.190772
C1,P1,2,25,0,25,137.543516,81,254803968,0,0,0,0,3658,27,1.502688,0.480608,4.820765,23.288852,0.0,3.175518,5.665885,14.447449
C1,P1,2,26,0,26,129.281552,81,254803968,0,0,0,0,3540,27,1.531997,0.481855,4.821021,20.874423,0.0,1.90016,7.755612,11.218651
C1,P1,2,27,0,27,157.339917,84,264241152,0,0,0,0,3512,28,1.554655,0.493343,4.991261,45.57508,0.0,2.177375,7.95206,35.445645
C1,P1,2,28,0,28,153.350616,78,245366784,0,0,0,0,3970,26,1.493248,0.471776,4.642494,12.423258,0.0,4.665758,6.98838,0.76912
C1,P1,2,29,0,29,125.615556,63,198180864,0,0,0,0,3986,21,1.303263,0.39296,3.757406,36.092236,0.0,0.897056,7.484476,27.710704
C1,P1,2,30,0,30,147.80258,81,254803968,0,0,0,0,3068,27,1.512063,0.473087,4.774493,17.447799,0.0,0.042048,0.153632,17.252119
C1,P1,2,31,0,31,123.902979,81,254803968,0,0,0,0,4369,27,1.56144,0.492352,4.810174,4.75555,0.0,0.042912,1.764095,2.948543
C1,P1,2,32,0,32,131.181304,51,160432128,0,0,0,0,3962,17,1.071712,0.322784,3.031518,8.69129,0.0,1.564223,6.507612,0.619455
C1,P1,2,33,0,33,172.23633,81,254803968,0,0,0,0,4908,27,1.605439,0.496448,4.812286,18.710391,0.0,0.522912,17.578679,0.6088
C1,P1,2,34,0,34,112.513656,57,179306496,0,0,0,0,2605,19,1.094142,0.338367,3.38131,15.773496,0.0,3.155582,6.390717,6.227197
C1,P1,2,35,0,35,139.702143,69,217055232,0,0,0,0,3978,23,1.341951,0.412064,4.137181,12.719481,0.0,1.363231,5.974845,5.381405
C1,P1,2,36,0,36,92.787425,42,132120576,0,0,0,0,2520,14,0.860544,0.251936,2.514622,8.849467,0.0,0.931167,6.168989,1.749311
C1,P1,2,37,0,37,130.647119,51,160432128,0,0,0,0,2753,17,1.006272,0.30272,3.061503,73.367321,0.0,1.280064,6.172989,65.914268
C1,P1,2,38,0,38,123.065772,60,188743680,0,0,0,0,3501,20,1.194144,0.36016,3.589822,11.579258,0.0,0.794976,5.683101,5.101181
C1,P1,2,39,0,39,125.430681,57,179306496,0,0,0,0,3168,19,1.148287,0.34624,3.397855,31.687535,0.0,2.489502,6.137437,23.060596
C1,P1,2,40,0,40,113.926092,63,198180864,0,0,0,0,3502,21,1.245662,0.381407,3.794206,9.17209,0.0,0.818463,7.7687,0.584927
C1,P1,2,41,0,41,110.206238,54,169869312,0,0,0,0,4129,18,1.123328,0.340608,3.233343,7.023902,0.0,1.466592,5.077246,0.480064
C1,P1,2,42,0,42,121.239325,57,179306496,0,0,0,0,2837,19,1.108544,0.337888,3.411166,39.699147,0.0,0.822527,5.391677,33.484943
C1,P1,2,43,0,43,121.281786,48,150994944,0,0,0,0,2784,16,0.975776,0.292352,2.900319,38.476779,0.0,3.053118,5.982396,29.441265
C1,P1,2,44,0,44,128.432564,72,226492416,0,0,0,0,3035,24,1.375872,0.428352,4.324574,6.270813,0.0,0.849056,4.268894,1.152863
C1,P1,2,45,0,45,157.617305,51,160432128,0,0,0,0,2583,17,1.034559,0.307744,3.057598,47.700423,0.0,1.630687,32.796239,13.273497
C1,P1,2,46,0,46,137.110353,66,207618048,0,0,0,0,3811,22,1.312799,0.404512,3.948542,14.316025,0.0,2.909695,8.136284,3.270046
C1,P1,2,47,0,47,139.434902,48,150994944,0,0,0,0,2964,16,0.997664,0.292768,2.839967,46.649417,0.0,2.808799,11.858074,31.982544
C1,P1,2,48,1,0,16.205105,9,18874368,0,0,0,0,57,3,0.239776,0.051552,0.350335,7.654268,0.0,4.303454,0.45712,2.893694
C1,P1,2,49,1,1,7.162198,6,9437184,0,0,0,0,41,2,0.193152,0.034592,0.174752,1.801182,0.0,0.867167,0.494144,0.439871
C1,P1,2,50,1,2,6.427785,0,0,0,0,0,0,0,0,0.00128,0.0,0.0,3.198815,0.0,0.607392,0.148224,2.443199
C1,P1,2,51,1,3,8.15297,0,0,0,0,0,0,0,0,0.001248,0.0,0.0,4.845437,0.0,1.794239,0.821183,2.230015
C1,P1,2,52,1,4,10.018353,15,9437184,0,0,0,0,72,5,0.334016,0.084384,0.177024,1.559806,0.0,0.634751,0.43824,0.486815
C1,P1,2,53,1,5,18.377041,18,18874368,0,0,0,0,109,6,0.382976,0.100992,0.350688,8.197691,0.0,2.320862,1.725151,4.151678
C1,P1,2,54,1,6,11.700244,24,0,0,0,0,0,113,8,0.492319,0.134144,0.0,2.620894,0.0,0.808095,1.625567,0.187232
C1,P1,2,55,1,7,11.329149,18,9437184,0,0,0,0,113,6,0.383136,0.101792,0.188351,2.085087,0.0,0.625216,0.59248,0.867391
C1,P1,2,56,1,8,22.871473,12,18874368,0,0,0,0,40,4,0.282592,0.067424,0.351552,14.030168,0.0,2.570206,0.402464,11.057498
C1,P1,2,57,1,9,9.739362,15,0,0,0,0,0,104,5,0.329184,0.085088,0.0,1.250047,0.0,0.60768,0.378464,0.263903
C1,P1,2,58,1,10,12.817963,18,9437184,0,0,0,0,36,6,0.381664,0.09936,0.17936,3.313757,0.0,0.456639,1.642463,1.214655
C1,P1,2,59,1,11,17.364246,15,9437184,0,0,0,0,89,5,0.338144,0.08448,0.17504,7.991964,0.0,0.025632,0.028768,7.937564
C1,P1,2,60,1,12,12.948218,15,9437184,0,0,0,0,104,5,0.33264,0.085408,0.17936,2.339935,0.0,0.26608,0.028384,2.045471
C1,P1,2,61,1,13,11.348874,6,9437184,0,0,0,0,17,2,0.198496,0.03424,0.174176,4.640413,0.0,2.325759,0.636415,1.678239
C1,P1,2,62,1,14,18.895054,15,9437184,0,0,0,0,57,5,0.334496,0.084448,0.174272,10.099898,0.0,0.710623,0.462848,8.926427
C1,P1,2,63,1,15,14.231935,12,9437184,0,0,0,0,88,4,0.280704,0.068928,0.175936,5.181308,0.0,0.025824,0.381375,4.774109
C1,P1,2,64,1,16,12.395424,9,9437184,0,0,0,0,48,3,0.243456,0.051392,0.175424,2.931006,0.0,0.02592,0.028576,2.87651
C1,P1,2,65,1,17,14.635182,15,9437184,0,0,0,0,61,5,0.323807,0.083872,0.174112,2.220447,0.0,0.025536,0.028704,2.166207
C1,P1,2,66,1,18,25.122446,21,9437184,0,0,0,0,79,7,0.428447,0.11664,0.176192,12.631514,0.0,0.025728,0.51472,12.091066
C1,P1,2,67,1,19,16.144059,18,9437184,0,0,0,0,87,6,0.379615,0.099551,0.173888,1.938751,0.0,0.025376,0.029056,1.884319
C1,P1,2,68,1,20,17.020905,24,28311552,0,0,0,0,104,8,0.467616,0.131328,0.522464,0.485824,0.0,0.024928,0.028384,0.432512
C1,P1,2,69,1,21,15.751978,18,9437184,0,0,0,0,47,6,0.377664,0.100096,0.173631,2.874014,0.0,0.025184,0.028704,2.820126
C1,P1,2,70,1,22,9.047512,3,9437184,0,0,0,0,2,1,0.135776,0.017248,0.17424,0.07984,0.0,0.028896,0.028192,0.022752
C1,P1,2,71,1,23,13.613919,6,18874368,0,0,0,0,13,2,0.195296,0.034752,0.348896,5.446365,0.0,0.259488,0.455999,4.730878
C1,P1,2,72,1,24,26.035532,9,9437184,0,0,0,0,62,3,0.241664,0.051072,0.173952,17.309977,0.0,1.889472,0.192224,15.228281
C1,P1,2,73,1,25,11.069178,9,9437184,0,0,0,0,41,3,0.241568,0.051584,0.178208,2.459071,0.0,0.025408,0.028224,2.405439
C1,P1,2,74,1,26,14.524012,15,9437184,0,0,0,0,51,5,0.33088,0.084064,0.174016,5.437278,0.0,1.631199,1.285792,2.520287
C1,P1,2,75,1,27,14.092664,18,9437184,0,0,0,0,46,6,0.371456,0.100128,0.1736,4.193278,0.0,0.025344,1.648031,2.519903
C1,P1,2,76,1,28,12.411113,12,9437184,0,0,0,0,65,4,0.286528,0.068,0.173792,3.391327,0.0,0.02512,0.336576,3.029631
C1,P1,2,77,1,29,11.675258,9,18874368,0,0,0,0,34,3,0.234528,0.050912,0.351328,3.393694,0.0,0.759423,0.446464,2.187807
C1,P1,2,78,1,30,14.310509,21,18874368,0,0,0,0,67,7,0.416895,0.11584,0.354784,2.446687,0.0,0.02512,2.234047,0.18752
C1,P1,2,79,1,31,15.076774,30,18874368,0,0,0,0,80,10,0.555359,0.165376,0.35264,2.324735,0.0,0.955487,0.477216,0.892032
C1,P1,2,80,1,32,7.033233,3,0,0,0,0,0,32,1,0.136192,0.0176,0.0,1.898752,0.0,0.7912,0.4112,0.696352
C1,P1,2,81,1,33,10.994834,12,9437184,0,0,0,0,48,4,0.292448,0.068064,0.176416,2.710782,0.0,0.551072,1.101599,1.058111
C1,P1,2,82,1,34,7.937577,3,9437184,0,0,0,0,32,1,0.135808,0.01712,0.1736,0.705664,0.0,0.025312,0.162592,0.51776
C1,P1,2,83,1,35,17.053437,15,18874368,0,0,0,0,112,5,0.323903,0.083359,0.357952,7.942781,0.0,1.455104,5.868221,0.619456
C1,P1,2,84,1,36,8.962691,6,9437184,0,0,0,0,64,2,0.186623,0.035039,0.173696,2.366367,0.0,0.921888,0.028512,1.415967
C1,P1,2,85,1,37,7.40451,3,9437184,0,0,0,0,25,1,0.138368,0.017376,0.173727,1.881439,0.0,0.770079,0.489824,0.621536
C1,P1,2,86,1,38,14.196442,9,9437184,0,0,0,0,71,3,0.24032,0.051296,0.173728,6.24326,0.0,1.11296,3.957949,1.172351
C1,P1,2,87,1,39,14.937227,12,18874368,0,0,0,0,53,4,0.282144,0.068672,0.3512,5.712573,0.0,1.991071,0.492096,3.229406
C1,P1,2,88,1,40,8.861619,9,9437184,0,0,0,0,67,3,0.232928,0.05136,0.17664,1.684511,0.0,0.70864,0.454688,0.521183
C1,P1,2,89,1,41,11.739416,6,18874368,0,0,0,0,13,2,0.196448,0.035104,0.354528,4.202206,0.0,0.646464,1.709919,1.845823
C1,P1,2,90,1,42,9.060473,3,9437184,0,0,0,0,17,1,0.137056,0.017216,0.173696,1.441279,0.0,0.025472,0.028128,1.387679
C1,P1,2,91,1,43,9.579419,6,9437184,0,0,0,0,63,2,0.187712,0.035104,0.177056,3.458398,0.0,1.092543,1.877503,0.488352
C1,P1,2,92,1,44,14.941733,18,9437184,0,0,0,0,40,6,0.373472,0.099264,0.174048,4.289118,0.0,2.454014,0.027904,1.8072
C1,P1,2,93,1,45,10.326857,9,9437184,0,0,0,0,9,3,0.235199,0.051264,0.177312,2.533439,0.0,1.296095,0.430144,0.8072
C1,P1,2,94,1,46,15.857345,18,18874368,0,0,0,0,23,6,0.374656,0.09936,0.355648,4.991421,0.0,0.642336,1.93715,2.411935
C1,P1,2,95,1,47,8.80689,3,9437184,0,0,0,0,32,1,0.135744,0.017216,0.180352,1.685471,0.0,0.025728,0.1448,1.514943
C1,P1,2,96,2,0,15.882713,39,9437184,0,0,0,0,53,13,0.698144,0.211424,0.17408,1.404927,0.0,0.643808,0.41408,0.347039
C1,P1,2,97,2,1,8.219165,6,9437184,0,0,0,0,60,2,0.18832,0.035456,0.192544,1.597407,0.0,1.015583,0.380096,0.201728
C1,P1,2,98,2,2,9.583745,3,9437184,0,0,0,0,5,1,0.13936,0.016992,0.1776,3.597437,0.0,0.382271,1.358623,1.856543
C1,P1,2,99,2,3,7.388403,3,9437184,0,0,0,0,11,1,0.143711,0.017024,0.176384,1.729535,0.0,0.513759,0.531584,0.684192
C1,P1,2,100,2,4,16.799202,24,18874368,0,0,0,0,54,8,0.465376,0.131072,0.358144,4.335519,0.0,0.214656,1.69824,2.422623
C1,P1,2,101,2,5,17.051035,36,18874368,0,0,0,0,77,12,0.638752,0.195808,0.356,1.519423,0.0,0.026048,0.072352,1.421023
C1,P1,2,102,2,6,17.417563,39,28311552,0,0,0,0,44,13,0.691648,0.21168,0.528832,0.486591,0.0,0.025408,0.436351,0.024832
C1,P1,2,103,2,7,17.424809,39,28311552,0,0,0,0,64,13,0.677888,0.210976,0.544191,0.197024,0.0,0.025536,0.070368,0.10112
C1,P1,2,104,2,8,19.310152,30,37748736,0,0,0,0,44,10,0.548062,0.162143,0.724544,2.703647,0.0,0.025792,0.02848,2.649375
C1,P1,2,105,2,9,20.650854,36,47185920,0,0,0,0,76,12,0.650911,0.194495,0.898719,3.144159,0.0,0.55696,0.532447,2.054752
C1,P1,2,106,2,10,19.162443,24,28311552,0,0,0,0,53,8,0.45424,0.130048,0.542816,5.055613,0.0,0.025568,0.028672,5.001373
C1,P1,2,107,2,11,16.90524,30,18874368,0,0,0,0,93,10,0.553216,0.163168,0.361088,2.738335,0.0,0.02592,0.158848,2.553567
C1,P1,2,108,2,12,20.572657,30,37748736,0,0,0,0,81,10,0.556256,0.163424,0.713375,4.112862,0.0,0.025536,0.02928,4.058046
C1,P1,2,109,2,13,17.097002,36,28311552,0,0,0,0,57,12,0.640384,0.195264,0.53408,0.13056,0.0,0.024896,0.045888,0.059776
C1,P1,2,110,2,14,17.473203,27,18874368,0,0,0,0,59,9,0.520928,0.148256,0.357472,3.443966,0.0,0.025248,0.028576,3.390142
C1,P1,2,111,2,15,16.028678,36,18874368,0,0,0,0,109,12,0.654752,0.196864,0.362208,0.717375,0.0,0.032192,0.497407,0.187776
C1,P1,2,112,2,16,16.380909,30,18874368,0,0,0,0,58,10,0.55731,0.163871,0.356,2.839358,0.0,2.065119,0.277408,0.496831
C1,P1,2,113,2,17,21.126521,27,28311552,0,0,0,0,42,9,0.5024,0.146464,0.530464,7.68006,0.0,3.111134,2.018335,2.550591
C1,P1,2,114,2,18,17.449631,33,9437184,0,0,0,0,60,11,0.62144,0.179776,0.174304,4.382365,0.0,1.849055,1.578431,0.954879
C1,P1,2,115,2,19,21.313125,27,9437184,0,0,0,0,58,9,0.517151,0.148544,0.173696,9.616956,0.0,2.67907,1.322592,5.615294
C1,P1,2,116,2,20,21.669305,36,18874368,0,0,0,0,104,12,0.648928,0.196064,0.348576,6.728732,0.0,2.64435,1.991519,2.092863
C1,P1,2,117,2,21,21.563159,27,18874368,0,0,0,0,36,9,0.513152,0.147936,0.347648,8.123644,0.0,1.912639,0.439648,5.771357
C1,P1,2,118,2,22,11.021265,9,18874368,0,0,0,0,35,3,0.238176,0.051136,0.353248,2.878142,0.0,1.494751,0.403616,0.979775
C1,P1,2,119,2,23,12.774125,6,9437184,0,0,0,0,16,2,0.198336,0.034912,0.174464,5.466716,0.0,0.576927,3.069022,1.820767
C1,P1,2,120,2,24,24.490762,30,37748736,0,0,0,0,80,10,0.558208,0.162752,0.715647,5.846878,0.0,0.551072,0.717536,4.57827
C1,P1,2,121,2,25,20.88739,30,18874368,0,0,0,0,66,10,0.548064,0.163584,0.352448,4.626749,0.0,0.393344,3.098142,1.135263
C1,P1,2,122,2,26,18.362488,33,28311552,0,0,0,0,75,11,0.603872,0.178944,0.534944,3.591934,0.0,0.02592,2.533855,1.032159
C1,P1,2,123,2,27,18.475157,42,18874368,0,0,0,0,53,14,0.746367,0.229088,0.355456,2.652191,0.0,0.025312,1.933311,0.693568
C1,P1,2,124,2,28,16.015095,33,18874368,0,0,0,0,69,11,0.609728,0.17984,0.356159,1.711232,0.0,0.540864,1.145184,0.025184
C1,P1,2,125,2,29,14.144179,9,18874368,0,0,0,0,18,3,0.242527,0.050592,0.348064,4.468542,0.0,0.157504,0.225504,4.085534
C1,P1,2,126,2,30,18.489454,48,18874368,0,0,0,0,59,16,0.81776,0.25952,0.347904,1.535774,0.0,0.02576,0.234399,1.275615
C1,P1,2,127,2,31,21.64311,42,9437184,0,0,0,0,82,14,0.740766,0.229087,0.181088,6.590652,0.0,1.610144,0.554271,4.426237
C1,P1,2,128,2,32,9.379878,6,18874368,0,0,0,0,4,2,0.187584,0.034336,0.354944,2.042847,0.0,1.276799,0.312832,0.453216
C1,P1,2,129,2,33,18.49786,33,37748736,0,0,0,0,64,11,0.616704,0.180288,0.713152,3.022975,0.0,0.024992,2.449599,0.548384
C1,P1,2,130,2,34,10.717622,9,18874368,0,0,0,0,67,3,0.237888,0.051328,0.347488,3.310111,0.0,1.123808,1.22992,0.956383
C1,P1,2,131,2,35,14.823594,24,18874368,0,0,0,0,107,8,0.45936,0.13216,0.34832,2.871263,0.0,0.473952,0.402112,1.995199
C1,P1,2,132,2,36,9.529996,3,9437184,0,0,0,0,32,1,0.135264,0.017152,0.173856,3.860255,0.0,2.376447,0.770016,0.713792
C1,P1,2,133,2,37,8.564508,6,9437184,0,0,0,0,16,2,0.199456,0.034112,0.175072,1.867455,0.0,0.5216,0.473312,0.872543
C1,P1,2,134,2,38,12.242285,12,9437184,0,0,0,0,53,4,0.279712,0.06768,0.176448,3.951135,0.0,2.712159,0.715552,0.523424
C1,P1,2,135,2,39,16.954743,15,18874368,0,0,0,0,17,5,0.32672,0.083104,0.347776,6.083229,0.0,0.68272,0.593631,4.806878
C1,P1,2,136,2,40,9.711244,9,9437184,0,0,0,0,58,3,0.24128,0.051776,0.173664,1.746463,0.0,0.025056,0.157568,1.563839
C1,P1,2,137,2,41,10.968557,6,9437184,0,0,0,0,41,2,0.188256,0.03504,0.189375,4.571357,0.0,2.220767,0.808831,1.541759
C1,P1,2,138,2,42,12.983475,9,18874368,0,0,0,0,8,3,0.2344,0.050848,0.351424,4.825021,0.0,1.895775,0.638047,2.291199
C1,P1,2,139,2,43,9.456579,9,9437184,0,0,0,0,60,3,0.24304,0.051456,0.173568,1.749406,0.0,1.125151,0.260608,0.363647
C1,P1,2,140,2,44,14.746817,30,18874368,0,0,0,0,47,10,0.56512,0.163328,0.348607,1.588575,0.0,0.554688,0.333151,0.700736
C1,P1,2,141,2,45,12.691934,12,18874368,0,0,0,0,6,4,0.27504,0.06656,0.349631,3.788767,0.0,1.059104,1.382815,1.346848
C1,P1,2,142,2,46,15.636374,24,18874368,0,0,0,0,59,8,0.485952,0.132128,0.351872,3.359646,0.0,1.558079,0.174816,1.626751
C1,P1,2,143,2,47,10.985717,9,18874368,0,0,0,0,73,3,0.232127,0.050976,0.3504,3.174398,0.0,0.523168,2.030303,0.620927
C1,P1,2,144,3,0,25.84803,39,28311552,0,0,0,0,88,13,0.72512,0.21184,0.529344,7.194011,0.0,0.552895,1.175263,5.465853
C1,P1,2,145,3,1,15.178073,6,9437184,0,0,0,0,47,2,0.197152,0.034752,0.174784,5.400412,0.0,2.80835,1.945758,0.646304
C1,P1,2,146,3,2,10.272591,3,9437184,0,0,0,0,13,1,0.146048,0.017632,0.179744,3.78371,0.0,0.427104,2.548446,0.80816
C1,P1,2,147,3,3,8.603503,6,9437184,0,0,0,0,54,2,0.18864,0.035072,0.174751,1.607167,0.0,0.734592,0.28624,0.586335
C1,P1,2,148,3,4,19.543082,24,18874368,0,0,0,0,69,8,0.495488,0.132256,0.352223,7.039899,0.0,0.780928,2.121374,4.137597
C1,P1,2,149,3,5,22.060217,36,28311552,0,0,0,0,54,12,0.655359,0.195648,0.533248,6.684988,0.0,0.700703,2.507839,3.476446
C1,P1,2,150,3,6,20.570175,33,18874368,0,0,0,0,62,11,0.616,0.179168,0.354112,6.848893,0.0,1.621663,1.348927,3.878303
C1,P1,2,151,3,7,17.730516,36,9437184,0,0,0,0,63,12,0.63808,0.195776,0.181792,3.55939,0.0,0.708576,1.680639,1.170175
C1,P1,2,152,3,8,20.689597,33,28311552,0,0,0,0,56,11,0.614304,0.1792,0.556128,5.470749,0.0,0.583424,2.851711,2.035614
C1,P1,2,153,3,9,17.534142,33,18874368,0,0,0,0,63,11,0.606432,0.181024,0.363136,2.583231,0.0,0.025152,2.532863,0.025216
C1,P1,2,154,3,10,18.240406,30,28311552,0,0,0,0,53,10,0.571263,0.163071,0.545151,3.79667,0.0,0.026048,1.324543,2.446079
C1,P1,2,155,3,11,19.209474,39,28311552,0,0,0,0,80,13,0.699007,0.211072,0.542112,2.699455,0.0,0.0512,0.468448,2.179807
C1,P1,2,156,3,12,19.020542,33,18874368,0,0,0,0,73,11,0.627552,0.180192,0.354239,3.443901,0.0,0.025472,0.489791,2.928638
C1,P1,2,157,3,13,21.030343,42,28311552,0,0,0,0,72,14,0.744352,0.227904,0.535136,3.932158,0.0,0.025312,1.237311,2.669535
C1,P1,2,158,3,14,20.184144,36,28311552,0,0,0,0,82,12,0.665408,0.195328,0.538495,4.175773,0.0,0.025344,0.078112,4.072317
C1,P1,2,159,3,15,20.785295,42,18874368,0,0,0,0,59,14,0.747295,0.227743,0.362912,4.469054,0.0,0.025856,0.02848,4.414718
C1,P1,2,160,3,16,20.864554,27,18874368,0,0,0,0,41,9,0.52096,0.147968,0.348608,7.923612,0.0,1.015136,0.575264,6.333212
C1,P1,2,161,3,17,22.425927,18,18874368,0,0,0,0,59,6,0.366112,0.099168,0.351871,10.245147,0.0,0.697056,0.500672,9.047419
C1,P1,2,162,3,18,17.700195,24,9437184,0,0,0,0,74,8,0.473088,0.13264,0.174464,5.716893,0.0,0.02528,1.109087,4.582526
C1,P1,2,163,3,19,21.453738,24,9437184,0,0,0,0,66,8,0.484896,0.132192,0.175264,10.293947,0.0,0.960544,6.651581,2.681822
C1,P1,2,164,3,20,16.850351,42,18874368,0,0,0,0,108,14,0.756672,0.228512,0.348383,0.7576,0.0,0.025376,0.706432,0.025792
C1,P1,2,165,3,21,20.969026,27,18874368,0,0,0,0,55,9,0.514688,0.147744,0.347584,7.068349,0.0,0.814624,0.24752,6.006205
C1,P1,2,166,3,22,14.741073,9,18874368,0,0,0,0,37,3,0.254464,0.050912,0.35616,6.179775,0.0,3.664895,1.033088,1.481792
C1,P1,2,167,3,23,10.977439,9,18874368,0,0,0,0,4,3,0.22976,0.050784,0.362335,2.405758,0.0,0.545439,0.375168,1.485151
C1,P1,2,168,3,24,18.9532,33,9437184,0,0,0,0,69,11,0.615104,0.180544,0.17792,5.458974,0.0,0.728576,2.283103,2.447295
C1,P1,2,169,3,25,23.274844,36,28311552,0,0,0,0,86,12,0.678464,0.195936,0.545152,8.20118,0.0,0.291648,2.56963,5.339902
C1,P1,2,170,3,26,21.256446,33,28311552,0,0,0,0,72,11,0.617696,0.17984,0.540096,6.120156,0.0,1.092927,1.910207,3.117022
C1,P1,2,171,3,27,23.30062,39,9437184,0,0,0,0,80,13,0.724928,0.212064,0.173632,8.704314,0.0,1.353343,1.407007,5.943964
C1,P1,2,172,3,28,20.229706,42,18874368,0,0,0,0,75,14,0.761056,0.227456,0.3504,2.763294,0.0,2.15123,0.58704,0.025024
C1,P1,2,173,3,29,17.706196,9,18874368,0,0,0,0,48,3,0.241184,0.051136,0.347488,8.218684,0.0,2.317535,0.39472,5.506429
C1,P1,2,174,3,30,19.555997,33,9437184,0,0,0,0,70,11,0.612479,0.178976,0.178176,6.730108,0.0,2.500286,0.646528,3.583294
C1,P1,2,175,3,31,20.810761,39,18874368,0,0,0,0,82,13,0.720511,0.211776,0.354879,5.59539,0.0,0.282624,1.2544,4.058366
C1,P1,2,176,3,32,10.955752,6,18874368,0,0,0,0,21,2,0.188384,0.034464,0.351872,3.42563,0.0,2.169439,0.786879,0.469312
C1,P1,2,177,3,33,16.063111,27,28311552,0,0,0,0,72,9,0.512959,0.147071,0.536736,2.131454,0.0,0.218912,0.211103,1.701439
C1,P1,2,178,3,34,10.277393,9,18874368,0,0,0,0,72,3,0.232608,0.051072,0.356576,2.504638,0.0,0.839904,0.571135,1.093599
C1,P1,2,179,3,35,15.452531,24,28311552,0,0,0,0,113,8,0.474272,0.13152,0.536096,2.856511,0.0,0.599296,2.232319,0.024896
C1,P1,2,180,3,36,9.363603,3,9437184,0,0,0,0,10,1,0.143776,0.017216,0.175008,3.709598,0.0,1.132127,0.552832,2.024639
C1,P1,2,181,3,37,10.675239,9,18874368,0,0,0,0,47,3,0.248928,0.050688,0.365568,2.469663,0.0,1.225215,0.357152,0.887296
C1,P1,2,182,3,38,15.373025,21,28311552,0,0,0,0,49,7,0.437215,0.116416,0.53968,2.878655,0.0,0.025856,2.106207,0.746592
C1,P1,2,183,3,39,19.226697,15,28311552,0,0,0,0,6,5,0.318368,0.082368,0.527712,6.832573,0.0,1.06064,0.028448,5.743485
C1,P1,2,184,3,40,15.272359,18,28311552,0,0,0,0,51,6,0.394047,0.099967,0.52816,3.980222,0.0,0.025344,1.837151,2.117727
C1,P1,2,185,3,41,11.425003,9,18874368,0,0,0,0,26,3,0.248064,0.050848,0.350528,2.479742,0.0,1.014208,0.374431,1.091103
C1,P1,2,186,3,42,13.877066,9,18874368,0,0,0,0,19,3,0.24144,0.050944,0.35248,5.38726,0.0,0.544736,1.748894,3.09363
C1,P1,2,187,3,43,9.195489,12,18874368,0,0,0,0,43,4,0.303488,0.067264,0.347935,0.078048,0.0,0.02592,0.028288,0.02384
C1,P1,2,188,3,44,17.583911,27,18874368,0,0,0,0,69,9,0.510943,0.147328,0.347615,3.612766,0.0,2.459486,0.587264,0.566016
C1,P1,2,189,3,45,12.626696,6,9437184,0,0,0,0,5,2,0.188544,0.034784,0.1736,5.572734,0.0,0.257504,2.053791,3.261439
C1,P1,2,190,3,46,15.067388,33,9437184,0,0,0,0,88,11,0.607263,0.179904,0.173696,1.78355,0.0,0.576223,0.393664,0.813663
C1,P1,2,191,3,47,12.363015,9,18874368,0,0,0,0,52,3,0.253471,0.051104,0.353696,3.405983,0.0,1.57568,0.380384,1.449919
C1,P1,2,192,4,0,23.517955,54,37748736,0,0,0,0,76,18,0.93088,0.291616,0.706367,3.223647,0.0,2.516063,0.479584,0.228
C1,P1,2,193,4,1,10.330521,9,18874368,0,0,0,0,65,3,0.242943,0.05216,0.34928,2.131775,0.0,1.826623,0.28128,0.023872
C1,P1,2,194,4,2,9.505263,3,9437184,0,0,0,0,6,1,0.139968,0.01728,0.174495,2.700799,0.0,0.965824,0.084032,1.650943
C1,P1,2,195,4,3,8.311924,3,9437184,0,0,0,0,9,1,0.143872,0.018016,0.176928,1.82867,0.0,0.217087,0.27952,1.332063
C1,P1,2,196,4,4,18.087096,36,28311552,0,0,0,0,85,12,0.66512,0.195936,0.532416,2.252511,0.0,0.610528,0.521727,1.120256
C1,P1,2,197,4,5,18.205887,30,18874368,0,0,0,0,71,10,0.570816,0.16368,0.353599,3.474686,0.0,0.0256,0.06288,3.386206
C1,P1,2,198,4,6,15.424137,33,18874368,0,0,0,0,87,11,0.629119,0.180064,0.357088,1.369503,0.0,0.603552,0.462463,0.303488
C1,P1,2,199,4,7,17.942001,30,9437184,0,0,0,0,71,10,0.571616,0.164544,0.187616,4.849022,0.0,1.836576,1.055583,1.956863
C1,P1,2,200,4,8,20.995365,36,28311552,0,0,0,0,78,12,0.651327,0.19504,0.5256,5.228542,0.0,2.538271,0.928576,1.761695
C1,P1,2,201,4,9,20.430486,30,28311552,0,0,0,0,68,10,0.569728,0.16416,0.530048,4.882813,0.0,2.428703,0.028288,2.425822
C1,P1,2,202,4,10,20.311521,27,18874368,0,0,0,0,55,9,0.528288,0.146752,0.381664,7.077277,0.0,2.262207,0.673152,4.141918
C1,P1,2,203,4,11,20.64522,36,18874368,0,0,0,0,83,12,0.676062,0.195488,0.354496,5.593085,0.0,1.953631,1.156767,2.482687
C1,P1,2,204,4,12,20.800916,45,18874368,0,0,0,0,84,15,0.811872,0.244512,0.350464,4.166365,0.0,1.832863,1.241151,1.092351
C1,P1,2,205,4,13,18.716687,33,28311552,0,0,0,0,67,11,0.604704,0.17952,0.548448,3.818333,0.0,1.268671,1.525503,1.024159
C1,P1,2,206,4,14,22.661155,30,28311552,0,0,0,0,69,10,0.569088,0.16336,0.537375,7.701275,0.0,0.4464,2.69315,4.561725
C1,P1,2,207,4,15,23.084055,36,18874368,0,0,0,0,48,12,0.653568,0.196544,0.354784,7.873722,0.0,0.435039,2.025598,5.413085
C1,P1,2,208,4,16,18.02163,36,18874368,0,0,0,0,47,12,0.648768,0.195488,0.34928,3.938878,0.0,2.703326,0.51232,0.723232
C1,P1,2,209,4,17,26.464451,18,18874368,0,0,0,0,65,6,0.375328,0.099392,0.351872,14.182521,0.0,0.660544,3.866814,9.655163
C1,P1,2,210,4,18,19.859853,30,28311552,0,0,0,0,78,10,0.564576,0.16304,0.548096,5.66499,0.0,2.359551,1.35664,1.948799
C1,P1,2,211,4,19,19.998313,30,9437184,0,0,0,0,59,10,0.582816,0.164608,0.18288,7.152989,0.0,2.532223,0.625472,3.995294
C1,P1,2,212,4,20,17.805888,39,18874368,0,0,0,0,96,13,0.700608,0.211936,0.347936,2.557663,0.0,1.308736,1.214271,0.034656
C1,P1,2,213,4,21,21.797786,27,18874368,0,0,0,0,67,9,0.512031,0.147455,0.35104,8.282427,0.0,0.493439,2.276287,5.512701
C1,P1,2,214,4,22,13.965577,12,28311552,0,0,0,0,26,4,0.293663,0.067392,0.529152,3.708639,0.0,0.210912,2.247519,1.250208
C1,P1,2,215,4,23,13.976334,9,18874368,0,0,0,0,11,3,0.236224,0.050496,0.348479,5.067356,0.0,0.545759,0.48656,4.035037
C1,P1,2,216,4,24,21.384143,36,18874368,0,0,0,0,83,12,0.6696,0.196768,0.358752,6.101469,0.0,0.670656,0.3008,5.130013
C1,P1,2,217,4,25,19.394043,39,28311552,0,0,0,0,85,13,0.7096,0.212064,0.529472,3.337438,0.0,1.407839,0.41536,1.514239
C1,P1,2,218,4,26,23.613845,36,28311552,0,0,0,0,79,12,0.648096,0.195264,0.535456,7.834748,0.0,1.779071,0.811328,5.244349
C1,P1,2,219,4,27,22.019327,33,9437184,0,0,0,0,71,11,0.618111,0.180671,0.174304,8.383323,0.0,0.678368,0.324415,7.38054
C1,P1,2,220,4,28,20.885337,36,9437184,0,0,0,0,83,12,0.679072,0.197792,0.174848,6.578172,0.0,0.02512,0.648448,5.904604
C1,P1,2,221,4,29,13.517359,9,18874368,0,0,0,0,58,3,0.239488,0.051584,0.34816,5.027389,0.0,0.699296,0.311328,4.016765
C1,P1,2,222,4,30,18.62202,39,18874368,0,0,0,0,77,13,0.703648,0.211296,0.352192,3.478269,0.0,1.547647,1.264479,0.666143
C1,P1,2,223,4,31,18.657505,39,18874368,0,0,0,0,84,13,0.69904,0.21312,0.355872,3.200926,0.0,0.731871,2.443775,0.02528
C1,P1,2,224,4,32,11.057209,9,18874368,0,0,0,0,62,3,0.236896,0.051552,0.35696,2.534942,0.0,0.292992,0.667775,1.574175
C1,P1,2,225,4,33,18.129413,36,18874368,0,0,0,0,87,12,0.658208,0.195424,0.356255,3.450719,0.0,0.75024,0.431872,2.268607
C1,P1,2,226,4,34,12.20352,6,18874368,0,0,0,0,8,2,0.191648,0.034432,0.347552,4.108958,0.0,1.829983,0.028192,2.250783
C1,P1,2,227,4,35,16.945197,27,37748736,0,0,0,0,106,9,0.520512,0.147456,0.720448,3.053822,0.0,0.22768,2.236254,0.589888
C1,P1,2,228,4,36,13.990495,6,18874368,0,0,0,0,10,2,0.191584,0.034368,0.353632,3.97843,0.0,0.026528,0.431328,3.520574
C1,P1,2,229,4,37,17.893973,9,18874368,0,0,0,0,39,3,0.245984,0.05088,0.352576,6.820861,0.0,3.875358,0.653536,2.291967
C1,P1,2,230,4,38,13.762765,21,18874368,0,0,0,0,62,7,0.433727,0.11568,0.352192,2.796575,0.0,1.604607,0.246656,0.945312
C1,P1,2,231,4,39,16.046774,9,18874368,0,0,0,0,7,3,0.233312,0.050016,0.348096,6.310012,0.0,0.025472,2.218494,4.066046
C1,P1,2,232,4,40,13.555409,18,18874368,0,0,0,0,25,6,0.377024,0.099392,0.35792,2.732032,0.0,0.02512,0.978656,1.728256
C1,P1,2,233,4,41,11.455581,9,18874368,0,0,0,0,16,3,0.241024,0.051424,0.35296,2.102975,0.0,0.04208,0.161856,1.899039
C1,P1,2,234,4,42,13.708862,9,9437184,0,0,0,0,33,3,0.23776,0.051264,0.173664,5.885789,0.0,0.471552,1.822687,3.59155
C1,P1,2,235,4,43,12.765563,9,9437184,0,0,0,0,25,3,0.247328,0.05104,0.173535,0.497824,0.0,0.025472,0.028736,0.443616
C1,P1,2,236,4,44,18.778397,30,18874368,0,0,0,0,78,10,0.566399,0.164032,0.353664,2.737534,0.0,0.836959,0.028448,1.872127
C1,P1,2,237,4,45,15.995869,9,9437184,0,0,0,0,11,3,0.239104,0.051904,0.176096,7.214492,0.0,2.478366,0.1752,4.560926
C1,P1,2,238,4,46,20.878531,27,9437184,0,0,0,0,53,9,0.525728,0.148224,0.17392,8.915866,0.0,5.917117,0.751903,2.246846
C1,P1,2,239,4,47,12.240478,9,18874368,0,0,0,0,67,3,0.241952,0.051392,0.359616,3.872318,0.0,0.703264,2.389151,0.779903
C1,P1,2,240,5,0,25.022299,30,37748736,0,0,0,0,46,10,0.560672,0.162432,0.703199,8.986202,0.0,1.929694,2.370014,4.686494
C1,P1,2,241,5,1,11.490148,9,18874368,0,0,0,0,78,3,0.232992,0.050848,0.354655,2.318686,0.0,0.02592,2.269342,0.023424
C1,P1,2,242,5,2,9.200595,6,18874368,0,0,0,0,13,2,0.196032,0.034912,0.358431,1.724959,0.0,0.215264,0.402976,1.106719
C1,P1,2,243,5,3,10.82188,6,18874368,0,0,0,0,11,2,0.1928,0.034336,0.352288,4.029439,0.0,1.256767,1.811776,0.960896
C1,P1,2,244,5,4,24.122043,30,9437184,0,0,0,0,80,10,0.58032,0.164448,0.188448,11.145434,0.0,0.844543,5.22147,5.079421
C1,P1,2,245,5,5,25.467215,36,9437184,0,0,0,0,70,12,0.655008,0.196576,0.174528,10.719931,0.0,4.256478,0.746464,5.716989
C1,P1,2,246,5,6,19.708199,36,18874368,0,0,0,0,88,12,0.657535,0.197248,0.373311,4.547005,0.0,0.673759,1.061952,2.811294
C1,P1,2,247,5,7,20.480568,33,0,0,0,0,0,81,11,0.619391,0.181664,0.0,5.527997,0.0,0.025504,0.029024,5.473469
C1,P1,2,248,5,8,23.280521,36,18874368,0,0,0,0,70,12,0.653248,0.195264,0.3496,8.018492,0.0,0.493952,0.557632,6.966908
C1,P1,2,249,5,9,18.337054,30,18874368,0,0,0,0,61,10,0.565888,0.163968,0.360063,3.147294,0.0,0.024928,0.028256,3.09411
C1,P1,2,250,5,10,19.729015,36,18874368,0,0,0,0,54,12,0.655584,0.195808,0.361312,4.191102,0.0,0.025152,0.298464,3.867486
C1,P1,2,251,5,11,19.3763,39,18874368,0,0,0,0,85,13,0.715072,0.211392,0.34896,2.257503,0.0,0.025632,0.028704,2.203167
C1,P1,2,252,5,12,18.301506,48,9437184,0,0,0,0,91,16,0.85808,0.261216,0.173856,1.419711,0.0,0.680256,0.387263,0.352192
C1,P1,2,253,5,13,17.629772,33,18874368,0,0,0,0,71,11,0.608096,0.179328,0.351648,2.648381,0.0,0.715551,0.073408,1.859422
C1,P1,2,254,5,14,21.280505,33,28311552,0,0,0,0,64,11,0.600032,0.178304,0.535359,4.919291,0.0,2.227742,0.549695,2.141854
C1,P1,2,255,5,15,20.331666,33,9437184,0,0,0,0,48,11,0.608608,0.179776,0.173984,6.088029,0.0,1.968703,0.458272,3.661054
C1,P1,2,256,5,16,20.406431,30,28311552,0,0,0,0,32,10,0.554208,0.163552,0.525343,5.220701,0.0,2.030558,0.449472,2.740671
C1,P1,2,257,5,17,21.493043,21,9437184,0,0,0,0,75,7,0.426719,0.117024,0.17488,10.022875,0.0,2.418431,0.454912,7.149532
C1,P1,2,258,5,18,20.436278,33,18874368,0,0,0,0,64,11,0.606464,0.17968,0.360672,5.939101,0.0,2.158175,0.328096,3.45283
C1,P1,2,259,5,19,21.78631,30,9437184,0,0,0,0,64,10,0.57888,0.164416,0.173696,9.334011,0.0,2.649439,0.435039,6.249533
C1,P1,2,260,5,20,19.953374,42,18874368,0,0,0,0,98,14,0.745535,0.227232,0.348607,4.638557,0.0,2.702974,0.483296,1.452287
C1,P1,2,261,5,21,22.940573,27,18874368,0,0,0,0,65,9,0.526144,0.147776,0.348224,7.390812,0.0,1.472671,1.115072,4.803069
C1,P1,2,262,5,22,12.429554,9,18874368,0,0,0,0,7,3,0.231584,0.050528,0.358144,4.56899,0.0,3.156671,0.4328,0.979519
C1,P1,2,263,5,23,12.544705,9,9437184,0,0,0,0,19,3,0.24336,0.050912,0.173952,3.969405,0.0,0.025119,0.600064,3.344222
C1,P1,2,264,5,24,18.279188,36,9437184,0,0,0,0,78,12,0.661824,0.1952,0.1744,3.572926,0.0,0.03824,0.352576,3.18211
C1,P1,2,265,5,25,19.774431,42,18874368,0,0,0,0,84,14,0.766496,0.227648,0.354496,3.950078,0.0,2.847774,0.68192,0.420384
C1,P1,2,266,5,26,23.621432,39,18874368,0,0,0,0,89,13,0.697216,0.211904,0.35136,7.455069,0.0,2.754431,1.483935,3.216703
C1,P1,2,267,5,27,21.126392,39,9437184,0,0,0,0,76,13,0.708863,0.214144,0.173728,6.784316,0.0,1.771935,0.392288,4.620093
C1,P1,2,268,5,28,21.544499,39,28311552,0,0,0,0,90,13,0.702591,0.21168,0.535136,5.298653,0.0,1.446719,0.46128,3.390654
C1,P1,2,269,5,29,13.109739,9,9437184,0,0,0,0,31,3,0.253888,0.051168,0.173888,4.763644,0.0,1.338559,0.475295,2.94979
C1,P1,2,270,5,30,18.234759,39,9437184,0,0,0,0,83,13,0.697952,0.213248,0.174624,3.500063,0.0,0.605984,2.292384,0.601695
C1,P1,2,271,5,31,19.432797,36,18874368,0,0,0,0,83,12,0.65312,0.195776,0.35904,3.198974,0.0,0.025184,1.655903,1.517887
C1,P1,2,272,5,32,9.205906,6,9437184,0,0,0,0,57,2,0.186464,0.034688,0.175136,1.489312,0.0,0.024992,0.031648,1.432672
C1,P1,2,273,5,33,23.719561,33,28311552,0,0,0,0,89,11,0.607552,0.17984,0.52896,8.826074,0.0,1.839134,0.4792,6.50774
C1,P1,2,274,5,34,11.176463,9,18874368,0,0,0,0,75,3,0.231456,0.050912,0.347456,2.980382,0.0,1.244736,0.361215,1.374431
C1,P1,2,275,5,35,15.67818,21,18874368,0,0,0,0,100,7,0.425504,0.116384,0.351072,3.981726,0.0,0.465856,2.211743,1.304127
C1,P1,2,276,5,36,8.945589,6,18874368,0,0,0,0,9,2,0.19152,0.034304,0.351296,0.942752,0.0,0.025568,0.034816,0.882368
C1,P1,2,277,5,37,13.099491,9,18874368,0,0,0,0,42,3,0.250592,0.0512,0.347872,4.343839,0.0,2.547455,0.53936,1.257024
C1,P1,2,278,5,38,11.902289,24,9437184,0,0,0,0,61,8,0.492576,0.132864,0.173472,0.484576,0.0,0.025568,0.149376,0.309632
C1,P1,2,279,5,39,16.013947,6,9437184,0,0,0,0,9,2,0.192864,0.034816,0.1808,8.03702,0.0,0.822848,0.552224,6.661948
C1,P1,2,280,5,40,16.370238,18,18874368,0,0,0,0,32,6,0.382624,0.099072,0.360383,5.946204,0.0,2.369919,0.744159,2.832126
C1,P1,2,281,5,41,13.899756,9,18874368,0,0,0,0,5,3,0.232096,0.050528,0.361536,5.070781,0.0,0.757408,1.030047,3.283326
C1,P1,2,282,5,42,11.611659,9,18874368,0,0,0,0,34,3,0.250976,0.05056,0.34768,2.293855,0.0,0.025696,0.02816,2.239999
C1,P1,2,283,5,43,9.126949,6,0,0,0,0,0,18,2,0.200512,0.03488,0.0,4.029695,0.0,2.645791,0.79792,0.585984
C1,P1,2,284,5,44,20.768371,33,37748736,0,0,0,0,79,11,0.635614,0.180256,0.698336,4.505854,0.0,0.58592,0.602144,3.31779
C1,P1,2,285,5,45,12.283461,9,9437184,0,0,0,0,15,3,0.238528,0.051168,0.188288,3.451006,0.0,0.025376,0.028512,3.397118
C1,P1,2,286,5,46,20.209271,39,37748736,0,0,0,0,61,13,0.696256,0.209952,0.699519,3.972414,0.0,2.85363,0.519552,0.599232
C1,P1,2,287,5,47,13.040919,9,18874368,0,0,0,0,9,3,0.233888,0.05088,0.354496,4.519742,0.0,2.000895,1.052288,1.466559
C1,P1,2,288,6,0,21.89999,33,37748736,0,0,0,0,53,11,0.609952,0.178528,0.701568,5.235935,0.0,0.552288,2.06576,2.617887
C1,P1,2,289,6,1,11.108163,9,18874368,0,0,0,0,63,3,0.23856,0.051424,0.352704,2.403518,0.0,0.484671,1.895871,0.022976
C1,P1,2,290,6,2,10.565791,6,18874368,0,0,0,0,14,2,0.195424,0.03456,0.354304,2.607455,0.0,0.061312,0.356768,2.189375
C1,P1,2,291,6,3,11.288674,6,18874368,0,0,0,0,26,2,0.206592,0.035072,0.350656,4.134557,0.0,2.528318,0.628288,0.977951
C1,P1,2,292,6,4,18.976605,33,9437184,0,0,0,0,80,11,0.619072,0.181248,0.176224,5.910717,0.0,0.672992,0.493088,4.744637
C1,P1,2,293,6,5,21.578703,30,9437184,0,0,0,0,81,10,0.576159,0.164896,0.174368,8.752027,0.0,1.389183,0.524864,6.83798
C1,P1,2,294,6,6,20.190366,36,18874368,0,0,0,0,74,12,0.67408,0.195808,0.358655,6.2775,0.0,1.398271,0.578592,4.300637
C1,P1,2,295,6,7,20.076031,27,9437184,0,0,0,0,70,9,0.53152,0.14944,0.173663,7.749724,0.0,0.808512,0.573983,6.367229
C1,P1,2,296,6,8,22.69517,36,28311552,0,0,0,0,69,12,0.651712,0.196256,0.535456,7.087452,0.0,1.053887,0.629024,5.404541
C1,P1,2,297,6,9,16.987359,27,18874368,0,0,0,0,72,9,0.518271,0.148,0.355232,4.406142,0.0,0.45376,0.546464,3.405918
C1,P1,2,298,6,10,18.700674,30,9437184,0,0,0,0,42,10,0.56096,0.164128,0.174624,4.96163,0.0,0.773696,0.360672,3.827262
C1,P1,2,299,6,11,20.272563,39,18874368,0,0,0,0,95,13,0.714687,0.212448,0.351104,5.76739,0.0,2.286431,1.942656,1.538303
C1,P1,2,300,6,12,20.199302,45,9437184,0,0,0,0,80,15,0.809951,0.245216,0.17584,2.877214,0.0,2.823486,0.028544,0.025184
C1,P1,2,301,6,13,21.131193,48,28311552,0,0,0,0,77,16,0.825087,0.259104,0.527679,3.830239,0.0,2.993695,0.701056,0.135488
C1,P1,2,302,6,14,20.747586,39,18874368,0,0,0,0,52,13,0.699135,0.212895,0.360063,5.358334,0.0,3.228447,0.55488,1.575007
C1,P1,2,303,6,15,21.364871,42,18874368,0,0,0,0,63,14,0.751743,0.228767,0.352544,5.494461,0.0,2.109215,1.209343,2.175903
C1,P1,2,304,6,16,20.097607,39,28311552,0,0,0,0,39,13,0.686976,0.209824,0.540639,4.592956,0.0,1.794622,1.359391,1.438943
C1,P1,2,305,6,17,24.030339,27,28311552,0,0,0,0,71,9,0.507456,0.147744,0.525183,8.611547,0.0,1.768319,1.890558,4.95267
C1,P1,2,306,6,18,16.980668,42,18874368,0,0,0,0,70,14,0.740512,0.228064,0.35296,1.537248,0.0,0.248864,0.662944,0.62544
C1,P1,2,307,6,19,18.796811,36,18874368,0,0,0,0,59,12,0.66416,0.196608,0.36368,4.22099,0.0,2.357951,0.552255,1.310784
C1,P1,2,308,6,20,24.678915,48,18874368,0,0,0,0,99,16,0.838431,0.258656,0.34944,7.565308,0.0,6.113021,0.515999,0.936288
C1,P1,2,309,6,21,24.005785,33,9437184,0,0,0,0,66,11,0.597888,0.180096,0.17376,10.467514,0.0,2.534686,0.514816,7.418012
C1,P1,2,310,6,22,12.577634,9,18874368,0,0,0,0,21,3,0.243328,0.050496,0.356352,4.188669,0.0,2.613375,0.449119,1.126175
C1,P1,2,311,6,23,15.375652,15,28311552,0,0,0,0,23,5,0.332992,0.08304,0.533792,5.22803,0.0,0.67792,0.98592,3.56419
C1,P1,2,312,6,24,18.08869,45,18874368,0,0,0,0,70,15,0.798943,0.243104,0.359392,1.321791,0.0,0.025888,0.125408,1.170495
C1,P1,2,313,6,25,19.889569,48,28311552,0,0,0,0,86,16,0.850304,0.258816,0.530463,1.649183,0.0,1.269887,0.028352,0.350944
C1,P1,2,314,6,26,24.570503,48,28311552,0,0,0,0,85,16,0.841504,0.26064,0.535136,6.542908,0.0,1.776927,1.649087,3.116894
C1,P1,2,315,6,27,23.146052,36,18874368,0,0,0,0,57,12,0.661695,0.196512,0.348608,8.572732,0.0,3.584094,3.647135,1.341503
C1,P1,2,316,6,28,23.075972,48,18874368,0,0,0,0,83,16,0.85264,0.25872,0.409599,5.693406,0.0,5.200862,0.467136,0.025408
C1,P1,2,317,6,29,16.389285,12,28311552,0,0,0,0,36,4,0.287776,0.067776,0.536096,6.439965,0.0,1.528095,0.495424,4.416446
C1,P1,2,318,6,30,20.367615,42,18874368,0,0,0,0,59,14,0.732448,0.227904,0.353504,4.255551,0.0,0.611296,0.41744,3.226815
C1,P1,2,319,6,31,19.798082,45,28311552,0,0,0,0,74,15,0.805439,0.244,0.525344,1.975358,0.0,1.087935,0.621023,0.2664
C1,P1,2,320,6,32,10.029878,6,18874368,0,0,0,0,8,2,0.191616,0.034848,0.40192,2.793598,0.0,1.335263,0.457952,1.000383
C1,P1,2,321,6,33,18.218251,30,18874368,0,0,0,0,79,10,0.567359,0.164703,0.352416,3.850973,0.0,0.723103,0.562239,2.565631
C1,P1,2,322,6,34,12.122953,9,28311552,0,0,0,0,20,3,0.246272,0.050848,0.533855,3.284574,0.0,0.864256,0.482207,1.938111
C1,P1,2,323,6,35,14.28007,24,28311552,0,0,0,0,89,8,0.472478,0.132128,0.52512,1.731136,0.0,0.690304,0.641472,0.39936
C1,P1,2,324,6,36,13.315967,9,28311552,0,0,0,0,17,3,0.240704,0.050464,0.53312,3.78019,0.0,0.757823,2.256895,0.765472
C1,P1,2,325,6,37,11.864189,12,28311552,0,0,0,0,25,4,0.289184,0.066048,0.54848,2.782752,0.0,0.603392,0.50352,1.67584
C1,P1,2,326,6,38,16.628623,27,28311552,0,0,0,0,55,9,0.528864,0.148224,0.531423,3.111037,0.0,1.869919,0.616895,0.624223
C1,P1,2,327,6,39,21.329471,12,28311552,0,0,0,0,5,4,0.275104,0.066752,0.52128,9.8375,0.0,0.88704,2.080639,6.869821
C1,P1,2,328,6,40,18.842992,24,28311552,0,0,0,0,38,8,0.4704,0.130912,0.524608,6.118909,0.0,0.816383,3.534367,1.768159
C1,P1,2,329,6,41,16.873188,12,18874368,0,0,0,0,8,4,0.277216,0.0672,0.364832,7.334588,0.0,2.238751,2.316414,2.779423
C1,P1,2,330,6,42,18.994067,9,18874368,0,0,0,0,25,3,0.24816,0.051328,0.370112,9.659386,0.0,2.751806,2.492606,4.414974
C1,P1,2,331,6,43,10.454456,9,18874368,0,0,0,0,20,3,0.24304,0.050944,0.352959,1.867903,0.0,0.047072,0.172768,1.648063
C1,P1,2,332,6,44,33.65108,36,28311552,0,0,0,0,59,12,0.661184,0.195808,0.539968,14.136792,0.0,1.019327,3.542494,9.574971
C1,P1,2,333,6,45,21.973267,12,18874368,0,0,0,0,8,4,0.281216,0.067104,0.358848,13.166232,0.0,5.419229,2.793918,4.953085
C1,P1,2,334,6,46,28.431345,33,28311552,0,0,0,0,58,11,0.616256,0.179936,0.53968,12.827322,0.0,4.141374,4.004671,4.681277
C1,P1,2,335,6,47,20.986649,6,18874368,0,0,0,0,19,2,0.201984,0.034688,0.386016,13.137177,0.0,6.085821,2.970142,4.081214
C1,P1,2,336,7,0,42.894822,39,47185920,0,0,0,0,44,13,0.689375,0.211456,0.877056,24.171572,0.0,10.320635,5.415869,8.435068
C1,P1,2,337,7,1,17.338369,9,18874368,0,0,0,0,75,3,0.234368,0.051072,0.368639,9.544156,0.0,5.809917,2.767552,0.966687
C1,P1,2,338,7,2,11.054345,6,18874368,0,0,0,0,10,2,0.193344,0.034272,0.350304,3.586653,0.0,0.710239,0.571616,2.304798
C1,P1,2,339,7,3,10.296268,6,18874368,0,0,0,0,18,2,0.197856,0.034016,0.365088,2.094271,0.0,0.09376,0.580928,1.419583
C1,P1,2,340,7,4,25.665841,33,18874368,0,0,0,0,86,11,0.623808,0.18,0.353728,6.528316,0.0,2.794302,0.40832,3.325694
C1,P1,2,341,7,5,21.826261,36,9437184,0,0,0,0,74,12,0.643488,0.195904,0.173728,6.046717,0.0,2.728414,0.78192,2.536383
C1,P1,2,342,7,6,18.089869,39,18874368,0,0,0,0,85,13,0.705663,0.212,0.364096,2.951294,0.0,0.226399,1.885055,0.83984
C1,P1,2,343,7,7,18.731056,27,9437184,0,0,0,0,65,9,0.536896,0.14816,0.17472,5.179422,0.0,0.543648,2.225887,2.409887
C1,P1,2,344,7,8,23.368841,42,28311552,0,0,0,0,66,14,0.74992,0.226432,0.544767,6.387516,0.0,0.715232,2.853566,2.818718
C1,P1,2,345,7,9,18.949675,33,18874368,0,0,0,0,76,11,0.618334,0.180224,0.352288,4.959837,0.0,2.635038,0.210848,2.113951
C1,P1,2,346,7,10,24.161567,30,37748736,0,0,0,0,32,10,0.551488,0.162848,0.705216,8.562107,0.0,2.401375,0.626943,5.533789
C1,P1,2,347,7,11,22.271065,33,18874368,0,0,0,0,83,11,0.61152,0.180384,0.35808,4.207263,0.0,0.817056,0.028896,3.361311
C1,P1,2,348,7,12,22.917718,48,28311552,0,0,0,0,91,16,0.854495,0.259423,0.546944,1.348576,0.0,0.606976,0.716704,0.024896
C1,P1,2,349,7,13,23.764225,51,37748736,0,0,0,0,57,17,0.857023,0.275615,0.702784,4.753791,0.0,0.276864,2.37552,2.101407
C1,P1,2,350,7,14,22.265133,42,18874368,0,0,0,0,46,14,0.737567,0.227168,0.358304,6.216605,0.0,1.408927,1.190912,3.616766
C1,P1,2,351,7,15,22.025682,51,18874368,0,0,0,0,69,17,0.883936,0.277664,0.360288,4.165662,0.0,1.948255,0.441536,1.775871
C1,P1,2,352,7,16,21.270782,33,18874368,0,0,0,0,39,11,0.602079,0.179743,0.349631,6.550205,0.0,1.471488,0.436895,4.641822
C1,P1,2,353,7,17,21.839032,27,28311552,0,0,0,0,58,9,0.504224,0.14752,0.524832,7.008253,0.0,0.938592,0.527936,5.541725
C1,P1,2,354,7,18,19.689224,42,18874368,0,0,0,0,71,14,0.73184,0.227872,0.3528,2.821087,0.0,0.324512,0.028352,2.468223
C1,P1,2,355,7,19,19.704416,42,28311552,0,0,0,0,76,14,0.763903,0.227776,0.536256,3.565343,0.0,1.306303,2.067424,0.191616
C1,P1,2,356,7,20,20.633366,39,18874368,0,0,0,0,88,13,0.714367,0.212288,0.347904,2.885566,0.0,0.653727,0.445792,1.786047
C1,P1,2,357,7,21,18.757595,36,18874368,0,0,0,0,69,12,0.6392,0.195424,0.348159,4.030078,0.0,0.483776,0.428351,3.117951
C1,P1,2,358,7,22,11.21071,12,28311552,0,0,0,0,26,4,0.292671,0.06704,0.538976,1.930944,0.0,0.555296,0.420064,0.955584
C1,P1,2,359,7,23,14.153384,12,18874368,0,0,0,0,17,4,0.28528,0.067104,0.351328,5.248991,0.0,0.948672,2.249024,2.051295
C1,P1,2,360,7,24,22.277561,48,37748736,0,0,0,0,65,16,0.839583,0.260256,0.723488,3.286207,0.0,0.604672,0.845152,1.836383
C1,P1,2,361,7,25,25.380801,45,28311552,0,0,0,0,63,15,0.790848,0.244864,0.53104,7.075164,0.0,0.025376,1.748191,5.301597
C1,P1,2,362,7,26,26.316675,39,28311552,0,0,0,0,60,13,0.701888,0.209536,0.535328,10.106747,0.0,2.347871,0.927391,6.831485
C1,P1,2,363,7,27,21.641112,48,18874368,0,0,0,0,58,16,0.836096,0.260992,0.352704,4.861085,0.0,0.583039,0.735648,3.542398
C1,P1,2,364,7,28,19.886465,51,18874368,0,0,0,0,84,17,0.896544,0.275936,0.357312,2.548862,0.0,0.799039,1.367615,0.382208
C1,P1,2,365,7,29,17.022811,15,28311552,0,0,0,0,71,5,0.324576,0.083392,0.527968,5.626526,0.0,0.968224,1.078048,3.580254
C1,P1,2,366,7,30,23.890564,42,37748736,0,0,0,0,56,14,0.738783,0.227072,0.709599,5.566877,0.0,1.605952,0.619519,3.341406
C1,P1,2,367,7,31,26.403838,39,37748736,0,0,0,0,75,13,0.710559,0.211391,0.698016,9.272379,0.0,0.610112,0.645919,8.016348
C1,P1,2,368,7,32,11.938815,6,18874368,0,0,0,0,8,2,0.192192,0.03472,0.348,4.039518,0.0,0.778816,0.472031,2.788671
C1,P1,2,369,7,33,24.46592,54,47185920,0,0,0,0,96,18,0.943968,0.29152,0.88848,3.829758,0.0,1.254496,0.624223,1.951039
C1,P1,2,370,7,34,12.912563,9,28311552,0,0,0,0,30,3,0.251104,0.050432,0.535104,2.574431,0.0,0.539808,0.228416,1.806207
C1,P1,2,371,7,35,17.637971,30,37748736,0,0,0,0,80,10,0.566272,0.163296,0.722176,3.303519,0.0,1.802624,0.534591,0.966304
C1,P1,2,372,7,36,11.353404,6,18874368,0,0,0,0,4,2,0.186304,0.034336,0.352768,3.340318,0.0,0.528224,1.384831,1.427263
C1,P1,2,373,7,37,14.098881,15,37748736,0,0,0,0,39,5,0.342527,0.082848,0.710688,3.642974,0.0,0.568575,0.514528,2.559871
C1,P1,2,374,7,38,20.864037,33,47185920,0,0,0,0,58,11,0.61264,0.178912,0.888192,3.943423,0.0,0.598848,0.547008,2.797567
C1,P1,2,375,7,39,22.755825,24,56623104,0,0,0,0,22,8,0.459872,0.13104,1.059199,6.123516,0.0,0.025184,0.833023,5.265309
C1,P1,2,376,7,40,19.105735,27,37748736,0,0,0,0,34,9,0.51312,0.14752,0.718304,3.766206,0.0,0.761791,0.201632,2.802783
C1,P1,2,377,7,41,13.095187,12,18874368,0,0,0,0,10,4,0.277248,0.06688,0.357439,3.009119,0.0,0.025536,0.028768,2.954815
C1,P1,2,378,7,42,19.426223,15,37748736,0,0,0,0,30,5,0.338976,0.082976,0.709536,7.635996,0.0,4.344062,0.07808,3.213854
C1,P1,2,379,7,43,14.248038,12,28311552,0,0,0,0,34,4,0.298176,0.067552,0.539552,3.884862,0.0,1.142367,0.525888,2.216607
C1,P1,2,380,7,44,26.666021,39,47185920,0,0,0,0,52,13,0.695776,0.211488,0.899328,8.56134,0.0,0.988576,1.758303,5.814461
C1,P1,2,381,7,45,15.07229,15,28311552,0,0,0,0,19,5,0.331008,0.08272,0.541344,4.992412,0.0,1.459359,0.577311,2.955742
C1,P1,2,382,7,46,24.65539,51,47185920,0,0,0,0,57,17,0.867904,0.274208,0.91008,5.551965,0.0,2.470655,0.699647,2.381663
C1,P1,2,383,7,47,16.19751,15,37748736,0,0,0,0,62,5,0.340191,0.083488,0.722143,4.816927,0.0,1.578368,0.509472,2.729087
C1,P1,2,384,8,0,42.764821,54,66060288,0,0,0,0,47,18,0.90067,0.290206,1.246336,19.266584,0.0,4.256158,6.01539,8.995036
C1,P1,2,385,8,1,14.865628,18,47185920,0,0,0,0,64,6,0.382174,0.098431,0.896,1.002431,0.0,0.02512,0.036832,0.940479
C1,P1,2,386,8,2,13.816978,12,37748736,0,0,0,0,21,4,0.277247,0.066368,0.732448,2.840703,0.0,0.025216,0.217312,2.598175
C1,P1,2,387,8,3,15.309934,9,28311552,0,0,0,0,17,3,0.242016,0.050496,0.541759,6.476956,0.0,4.72051,0.318399,1.438047
C1,P1,2,388,8,4,27.280717,45,47185920,0,0,0,0,63,15,0.78672,0.24368,0.943872,8.169211,0.0,2.664254,0.467615,5.037342
C1,P1,2,389,8,5,20.964444,42,37748736,0,0,0,0,61,14,0.743839,0.2288,0.729408,3.354912,0.0,0.604288,0.651072,2.099552
C1,P1,2,390,8,6,18.971398,39,28311552,0,0,0,0,64,13,0.71056,0.21168,0.554272,2.461246,0.0,0.025856,0.22656,2.20883
C1,P1,2,391,8,7,20.484035,39,28311552,0,0,0,0,71,13,0.698655,0.211711,0.535615,4.334686,0.0,0.865088,0.02816,3.441438
C1,P1,2,392,8,8,28.200899,39,37748736,0,0,0,0,62,13,0.701919,0.211104,0.71488,9.542972,0.0,0.43184,0.471488,8.639644
C1,P1,2,393,8,9,23.45867,36,28311552,0,0,0,0,72,12,0.665824,0.194624,0.533504,7.150653,0.0,0.63312,1.613919,4.903614
C1,P1,2,394,8,10,29.919197,39,47185920,0,0,0,0,42,13,0.686367,0.209888,0.904671,11.10278,0.0,1.737248,0.508096,8.857436
C1,P1,2,395,8,11,25.814713,54,56623104,0,0,0,0,73,18,0.926175,0.29056,1.102624,3.946719,0.0,0.02624,2.246431,1.674048
C1,P1,2,396,8,12,27.675905,60,47185920,0,0,0,0,99,20,1.03296,0.323648,0.9072,6.07971,0.0,2.784959,0.646624,2.648127
C1,P1,2,397,8,13,24.602017,60,56623104,0,0,0,0,47,20,0.987296,0.322752,1.059232,1.032032,0.0,0.690208,0.029088,0.312736
C1,P1,2,398,8,14,21.940568,39,37748736,0,0,0,0,57,13,0.701216,0.210784,0.712672,4.580317,0.0,0.025472,0.675967,3.878878
C1,P1,2,399,8,15,1869.639127,57,37748736,0,0,0,0,66,19,0.969055,0.307808,0.81072,1848.242435,0.0,0.744512,1841.986022,5.511901
C1,P1,2,400,8,16,32.090028,42,47185920,0,0,0,0,39,14,0.728352,0.225888,0.910335,12.969593,0.0,1.526624,6.884444,4.558525
C1,P1,2,401,8,17,32.191638,36,47185920,0,0,0,0,56,12,0.631552,0.193152,0.890016,14.239258,0.0,3.061342,2.945823,8.232093
C1,P1,2,402,8,18,25.489468,36,18874368,0,0,0,0,58,12,0.64272,0.195424,0.364704,9.677531,0.0,0.697248,3.816446,5.163837
C1,P1,2,403,8,19,26.118812,39,37748736,0,0,0,0,61,13,0.705888,0.212,0.73264,9.090365,0.0,3.526911,0.78912,4.774334
C1,P1,2,404,8,20,21.085938,51,28311552,0,0,0,0,93,17,0.886784,0.274272,0.53984,2.068,0.0,0.02544,0.604672,1.437888
C1,P1,2,405,8,21,22.242326,36,37748736,0,0,0,0,77,12,0.657567,0.196032,0.719616,4.876767,0.0,0.115168,0.720928,4.040671
C1,P1,2,406,8,22,13.239314,9,28311552,0,0,0,0,24,3,0.247008,0.050624,0.550784,3.640446,0.0,0.9656,0.535775,2.139071
C1,P1,2,407,8,23,17.909592,21,47185920,0,0,0,0,19,7,0.412736,0.113312,0.925824,4.034686,0.0,1.330655,0.403744,2.300287
C1,P1,2,408,8,24,25.935521,39,47185920,0,0,0,0,46,13,0.68784,0.209632,0.896351,8.170235,0.0,1.600479,0.805695,5.764061
C1,P1,2,409,8,25,26.519116,54,47185920,0,0,0,0,59,18,0.912096,0.289408,0.899743,4.966845,0.0,0.813023,0.521344,3.632478
C1,P1,2,410,8,26,27.691235,51,47185920,0,0,0,0,62,17,0.873472,0.27552,0.89424,6.266013,0.0,0.025184,0.819328,5.421501
C1,P1,2,411,8,27,28.923171,60,47185920,0,0,0,0,61,20,1.003261,0.322526,0.910175,7.198685,0.0,0.566432,1.784191,4.848062
C1,P1,2,412,8,28,26.801323,60,56623104,0,0,0,0,81,20,1.017856,0.323136,1.073663,4.412542,0.0,0.1776,0.548,3.686942
C1,P1,2,413,8,29,18.520378,21,47185920,0,0,0,0,93,7,0.432095,0.114784,0.910304,4.731679,0.0,0.025472,0.9672,3.739007
C1,P1,2,414,8,30,20.961309,51,28311552,0,0,0,0,65,17,0.86192,0.274144,0.545696,3.061246,0.0,0.781599,0.620768,1.658879
C1,P1,2,415,8,31,24.546725,39,28311552,0,0,0,0,70,13,0.713343,0.211456,0.52272,7.113532,0.0,0.827967,0.028416,6.257149
C1,P1,2,416,8,32,14.118001,9,28311552,0,0,0,0,6,3,0.231776,0.050464,0.526048,4.347102,0.0,0.02544,2.237919,2.083743
C1,P1,2,417,8,33,26.382385,54,56623104,0,0,0,0,103,18,0.938495,0.290751,1.100671,4.294206,0.0,0.569215,0.919712,2.805279
C1,P1,2,418,8,34,15.637534,12,37748736,0,0,0,0,12,4,0.280416,0.066784,0.7168,4.427806,0.0,0.025728,2.412159,1.989919
C1,P1,2,419,8,35,23.092686,27,47185920,0,0,0,0,101,9,0.530783,0.146879,0.882975,7.911772,0.0,0.510944,0.769503,6.631325
C1,P1,2,420,8,36,11.631076,9,28311552,0,0,0,0,31,3,0.252671,0.05088,0.553408,3.004959,0.0,0.516607,0.642976,1.845376
C1,P1,2,421,8,37,12.144173,15,28311552,0,0,0,0,18,5,0.327808,0.082816,0.5288,2.081215,0.0,0.529024,0.567008,0.985183
C1,P1,2,422,8,38,21.702932,42,56623104,0,0,0,0,69,14,0.752032,0.225984,1.096927,3.18403,0.0,1.051327,2.107519,0.025184
C1,P1,2,423,8,39,23.204727,24,56623104,0,0,0,0,11,8,0.451039,0.129792,1.087168,5.613021,0.0,0.517823,0.039296,5.055902
C1,P1,2,424,8,40,22.809496,27,56623104,0,0,0,0,29,9,0.507168,0.145888,1.069952,7.471037,0.0,2.165759,0.696768,4.60851
C1,P1,2,425,8,41,13.513148,18,28311552,0,0,0,0,24,6,0.376832,0.099456,0.548096,2.802719,0.0,1.058464,0.45552,1.288735
C1,P1,2,426,8,42,19.660708,18,47185920,0,0,0,0,23,6,0.374144,0.098528,0.901183,7.327005,0.0,1.347007,2.787071,3.192927
C1,P1,2,427,8,43,14.205665,12,28311552,0,0,0,0,31,4,0.296192,0.066848,0.559904,5.106463,0.0,0.980832,2.439487,1.686144
C1,P1,2,428,8,44,20.383309,36,37748736,0,0,0,0,39,12,0.637824,0.193408,0.733792,4.199999,0.0,0.841536,0.584,2.774463
C1,P1,2,429,8,45,17.209364,18,37748736,0,0,0,0,21,6,0.37424,0.098432,0.723072,4.682141,0.0,1.609087,0.504415,2.568639
C1,P1,2,430,8,46,21.230946,51,47185920,0,0,0,0,57,17,0.871968,0.274016,0.8856,0.44096,0.0,0.025536,0.284992,0.130432
C1,P1,2,431,8,47,17.456478,18,47185920,0,0,0,0,70,6,0.387968,0.098464,0.898719,4.35059,0.0,2.138335,0.558239,1.654016
C1,P1,3,0,0,0,283.254027,90,283115520,0,0,0,0,6770,30,1.734397,0.554495,5.33586,1.670301,0.0,0.429567,0.055968,1.184766
C1,P1,3,1,0,1,201.937508,63,198180864,0,0,0,0,6101,21,1.295932,0.394943,3.751127,40.192424,0.0,1.969371,2.71065,35.512403
C1,P1,3,2,0,2,178.677272,51,160432128,0,0,0,0,8178,17,1.204702,0.36208,3.074745,5.504118,0.0,0.898111,3.901048,0.704959
C1,P1,3,3,0,3,123.811138,45,141557760,0,0,0,0,7773,15,1.109564,0.334686,2.685242,2.110205,0.0,1.54195,0.05616,0.512095
C1,P1,3,4,0,4,142.310666,81,254803968,0,0,0,0,9844,27,1.744061,0.546111,4.847253,6.313011,0.0,0.910494,4.657398,0.745119
C1,P1,3,5,0,5,175.315903,84,264241152,0,0,0,0,9827,28,1.786398,0.566943,5.063221,43.746049,0.0,11.560934,26.519398,5.665717
C1,P1,3,6,0,6,173.393778,78,245366784,0,0,0,0,9649,26,1.708862,0.544191,4.727349,45.904698,0.0,0.262814,3.927992,41.713892
C1,P1,3,7,0,7,125.613219,78,245366784,0,0,0,0,10216,26,1.719549,0.544223,4.82703,8.076942,0.0,0.776351,4.367638,2.932953
C1,P1,3,8,0,8,138.89316,81,254803968,0,0,0,0,9676,27,1.704477,0.533919,4.938197,4.676693,0.0,0.440414,3.714232,0.522047
C1,P1,3,9,0,9,138.312166,81,254803968,0,0,0,0,9553,27,1.714398,0.540639,4.853205,29.781694,0.0,2.597274,4.419062,22.765358
C1,P1,3,10,0,10,201.492745,87,273678336,0,0,0,0,10285,29,1.826778,0.575966,5.344564,69.010024,0.0,0.290271,7.424912,61.294841
C1,P1,3,11,0,11,140.866442,87,273678336,0,0,0,0,7561,29,1.759423,0.556768,5.319317,37.463088,0.0,2.570618,4.251063,30.641407
C1,P1,3,12,0,12,153.953626,87,273678336,0,0,0,0,9334,29,1.826941,0.574399,5.22786,5.452821,0.0,1.972924,2.461403,1.018494
C1,P1,3,13,0,13,121.889087,81,254803968,0,0,0,0,9730,27,1.723803,0.536128,4.854997,15.664413,0.0,2.61657,4.857045,8.190798
C1,P1,3,14,0,14,136.650984,78,245366784,0,0,0,0,9793,26,1.691584,0.531136,4.67567,28.511393,0.0,2.357434,4.440886,21.713073
C1,P1,3,15,0,15,128.221178,81,254803968,0,0,0,0,9843,27,1.81353,0.564318,4.89103,9.5043,0.0,1.92886,3.772024,3.803416
C1,P1,3,16,0,16,181.828949,81,254803968,0,0,0,0,9139,27,1.719133,0.54336,4.849781,80.718354,0.0,1.442845,4.044599,75.23091
C1,P1,3,17,0,17,224.956872,87,273678336,0,0,0,0,9241,29,1.772603,0.56691,5.173397,100.832328,0.0,2.714778,4.526231,93.591319
C1,P1,3,18,0,18,157.595026,78,245366784,0,0,0,0,9157,26,1.702841,0.531358,4.633526,22.551983,0.0,12.739364,9.120076,0.692543
C1,P1,3,19,0,19,131.944275,75,235929600,0,0,0,0,11320,25,1.693213,0.533312,4.518071,9.102892,0.0,0.042336,6.35973,2.700826
C1,P1,3,20,0,20,148.418369,78,245366784,0,0,0,0,7909,26,1.614333,0.515552,4.674614,20.550419,0.0,1.235741,6.28085,13.033828
C1,P1,3,21,0,21,169.211295,81,254803968,0,0,0,0,9517,27,1.719261,0.54307,4.877621,60.052543,0.0,0.686078,5.849139,53.517326
C1,P1,3,22,0,22,152.967172,51,160432128,0,0,0,0,7715,17,1.198527,0.364192,3.023162,9.876266,0.0,2.130779,6.975024,0.770463
C1,P1,3,23,0,23,133.912221,66,207618048,0,0,0,0,7820,22,1.416669,0.438176,3.917655,18.224056,0.0,0.973181,4.076983,13.173892
C1,P1,3,24,0,24,147.215531,84,264241152,0,0,0,0,8734,28,1.756637,0.549053,4.989109,29.178655,0.0,0.761023,7.171184,21.246448
C1,P1,3,25,0,25,137.606039,81,254803968,0,0,0,0,9172,27,1.731419,0.54912,4.819125,7.271504,0.0,2.640731,3.871574,0.759199
C1,P1,3,26,0,26,129.065834,81,254803968,0,0,0,0,9672,27,1.753567,0.552736,4.819349,9.821995,0.0,1.313437,6.514706,1.993852
C1,P1,3,27,0,27,158.185503,81,254803968,0,0,0,0,10214,27,1.769565,0.559231,4.822229,53.930729,0.0,1.826332,6.505426,45.598971
C1,P1,3,28,0,28,147.461463,78,245366784,0,0,0,0,8671,26,1.654238,0.5128,4.64911,7.250063,0.0,0.824094,4.933333,1.492636
C1,P1,3,29,0,29,126.642609,63,198180864,0,0,0,0,6455,21,1.31859,0.405663,3.768151,31.081819,0.0,3.627672,5.978195,21.475952
C1,P1,3,30,0,30,147.142571,81,254803968,0,0,0,0,8487,27,1.726716,0.544286,4.767702,28.567585,0.0,2.935001,20.451699,5.180885
C1,P1,3,31,0,31,127.847784,78,245366784,0,0,0,0,10739,26,1.737694,0.536159,4.639222,9.653163,0.0,4.257719,4.805781,0.589663
C1,P1,3,32,0,32,130.652213,51,160432128,0,0,0,0,7164,17,1.187387,0.366685,3.026713,27.842657,0.0,1.078877,4.355734,22.408046
C1,P1,3,33,0,33,173.576275,81,254803968,0,0,0,0,7738,27,1.672667,0.517792,4.807189,56.56538,0.0,0.616992,11.891397,44.056991
C1,P1,3,34,0,34,111.354837,57,179306496,0,0,0,0,7431,19,1.270236,0.382271,3.390136,24.711337,0.0,1.928251,4.204855,18.578231
C1,P1,3,35,0,35,139.41863,66,207618048,0,0,0,0,7777,22,1.420542,0.444928,3.945687,8.521135,0.0,1.275966,3.98092,3.264249
C1,P1,3,36,0,36,92.951721,42,132120576,0,0,0,0,7384,14,1.035004,0.305694,2.497691,10.907816,0.0,1.084606,4.468598,5.354612
C1,P1,3,37,0,37,130.555412,48,150994944,0,0,0,0,7678,16,1.139098,0.343198,2.876602,28.064771,0.0,1.281629,4.635958,22.147184
C1,P1,3,38,0,38,122.940495,60,188743680,0,0,0,0,8358,20,1.352445,0.414399,3.587288,5.397942,0.0,0.896735,3.924568,0.576639
C1,P1,3,39,0,39,125.521217,57,179306496,0,0,0,0,9820,19,1.358237,0.417247,3.400056,7.292945,0.0,2.617883,4.118808,0.556254
C1,P1,3,40,0,40,114.067083,63,198180864,0,0,0,0,7355,21,1.371903,0.415744,3.790039,25.641959,0.0,0.92051,5.974482,18.746967
C1,P1,3,41,0,41,110.033304,54,169869312,0,0,0,0,6548,18,1.175711,0.353248,3.227193,27.097927,0.0,1.436989,3.681081,21.979857
C1,P1,3,42,0,42,121.415243,54,169869312,0,0,0,0,7587,18,1.226974,0.367199,3.233946,21.469425,0.0,0.931838,3.791416,16.746171
C1,P1,3,43,0,43,121.237349,48,150994944,0,0,0,0,8628,16,1.158875,0.339581,2.90025,23.11448,0.0,3.014874,4.704886,15.39472
C1,P1,3,44,0,44,124.279071,72,226492416,0,0,0,0,10233,24,1.586684,0.48928,4.305431,11.938119,0.0,0.795359,2.583643,8.559117
C1,P1,3,45,0,45,162.430612,48,150994944,0,0,0,0,8956,16,1.182399,0.346304,2.874906,42.092613,0.0,6.527442,34.547702,1.017469
C1,P1,3,46,0,46,137.338739,63,198180864,0,0,0,0,8893,21,1.423672,0.439197,3.779288,54.985226,0.0,2.871257,6.37925,45.734719
C1,P1,3,47,0,47,139.046266,48,150994944,0,0,0,0,8415,16,1.15059,0.335968,2.833081,11.114632,0.0,2.455611,8.155567,0.503454
C1,P1,3,48,1,0,16.211927,9,18874368,0,0,0,0,22,3,0.24368,0.050912,0.351136,7.259217,0.0,4.280407,0.032512,2.946298
C1,P1,3,49,1,1,7.12517,0,0,0,0,0,0,0,0,0.00128,0.0,0.0,3.170649,0.0,0.811871,0.084512,2.274266
C1,P1,3,50,1,2,6.402631,0,0,0,0,0,0,0,0,0.001248,0.0,0.0,3.077304,0.0,0.579198,0.100992,2.397114
C1,P1,3,51,1,3,8.163967,0,0,0,0,0,0,0,0,0.00128,0.0,0.0,4.818647,0.0,1.803548,0.787231,2.227868
C1,P1,3,52,1,4,10.33462,9,9437184,0,0,0,0,34,3,0.230911,0.051264,0.178015,0.933565,0.0,0.583486,0.325471,0.024608
C1,P1,3,53,1,5,18.215553,27,18874368,0,0,0,0,106,9,0.519552,0.149088,0.353503,3.662425,0.0,2.020956,1.615325,0.026144
C1,P1,3,54,1,6,11.425498,9,0,0,0,0,0,72,3,0.231807,0.052768,0.0,4.385173,0.0,0.431551,1.6287,2.324922
C1,P1,3,55,1,7,11.52736,15,9437184,0,0,0,0,86,5,0.327904,0.0856,0.182783,1.329693,0.0,0.695646,0.412415,0.221632
C1,P1,3,56,1,8,22.801353,21,9437184,0,0,0,0,67,7,0.420832,0.116576,0.175744,2.96169,0.0,2.510491,0.02848,0.422719
C1,P1,3,57,1,9,10.111664,9,0,0,0,0,0,30,3,0.235232,0.052224,0.0,1.329118,0.0,0.867038,0.274624,0.187456
C1,P1,3,58,1,10,12.650337,21,9437184,0,0,0,0,132,7,0.417536,0.118112,0.177664,1.748412,0.0,0.204704,1.518076,0.025632
C1,P1,3,59,1,11,17.510559,12,0,0,0,0,0,45,4,0.295197,0.069087,0.0,0.806237,0.0,0.478943,0.238879,0.088415
C1,P1,3,60,1,12,12.696682,15,9437184,0,0,0,0,78,5,0.33408,0.084864,0.17792,1.956922,0.0,1.629116,0.302622,0.025184
C1,P1,3,61,1,13,11.837197,12,9437184,0,0,0,0,53,4,0.285022,0.06944,0.173599,3.236569,0.0,2.64393,0.567999,0.02464
C1,P1,3,62,1,14,18.666622,21,9437184,0,0,0,0,115,7,0.423359,0.118047,0.173759,1.002238,0.0,0.513886,0.397536,0.090816
C1,P1,3,63,1,15,13.990376,21,9437184,0,0,0,0,113,7,0.430142,0.117695,0.173856,0.541023,0.0,0.079392,0.028352,0.433279
C1,P1,3,64,1,16,12.092991,15,9437184,0,0,0,0,79,5,0.329503,0.08496,0.174943,1.340253,0.0,0.776638,0.538303,0.025312
C1,P1,3,65,1,17,52.900099,21,9437184,0,0,0,0,99,7,0.414142,0.117086,0.173408,41.220903,0.0,39.712714,1.428477,0.079712
C1,P1,3,66,1,18,25.337319,21,9437184,0,0,0,0,143,7,0.422495,0.118175,0.175488,3.044699,0.0,1.881533,1.030046,0.13312
C1,P1,3,67,1,19,17.043705,30,9437184,0,0,0,0,107,10,0.553247,0.165376,0.173983,3.626265,0.0,2.139516,1.461405,0.025344
C1,P1,3,68,1,20,17.11272,21,18874368,0,0,0,0,81,7,0.419167,0.116992,0.347423,3.573913,0.0,1.672989,1.803356,0.097568
C1,P1,3,69,1,21,15.977427,24,0,0,0,0,0,171,8,0.48227,0.13472,0.0,3.404503,0.0,2.048731,1.271325,0.084447
C1,P1,3,70,1,22,53.669022,3,9437184,0,0,0,0,6,1,0.141056,0.017632,0.173984,47.123547,0.0,45.704446,1.018238,0.400863
C1,P1,3,71,1,23,53.605653,15,18874368,0,0,0,0,117,5,0.322974,0.085792,0.347839,41.008647,0.0,40.575528,0.156767,0.276352
C1,P1,3,72,1,24,25.911868,21,9437184,0,0,0,0,145,7,0.424255,0.117343,0.174463,2.224153,0.0,1.977371,0.104639,0.142143
C1,P1,3,73,1,25,11.128256,12,9437184,0,0,0,0,121,4,0.280448,0.068512,0.17872,0.889375,0.0,0.579551,0.284704,0.02512
C1,P1,3,74,1,26,14.642823,21,9437184,0,0,0,0,113,7,0.426176,0.118048,0.173568,3.101978,0.0,1.814172,1.263102,0.024704
C1,P1,3,75,1,27,16.489775,27,9437184,0,0,0,0,170,9,0.513023,0.149664,0.173855,4.556886,0.0,2.818042,1.7135,0.025344
C1,P1,3,76,1,28,13.628812,15,9437184,0,0,0,0,128,5,0.324448,0.0856,0.173536,2.030715,0.0,1.575932,0.028352,0.426431
C1,P1,3,77,1,29,11.361652,12,18874368,0,0,0,0,76,4,0.283294,0.068639,0.349599,1.034142,0.0,0.867134,0.142272,0.024736
C1,P1,3,78,1,30,14.796251,21,18874368,0,0,0,0,137,7,0.434368,0.118432,0.354048,3.061144,0.0,0.742078,2.293594,0.025472
C1,P1,3,79,1,31,14.854547,30,18874368,0,0,0,0,123,10,0.56483,0.165919,0.351391,1.189949,0.0,0.939262,0.188256,0.062431
C1,P1,3,80,1,32,7.257911,0,0,0,0,0,0,0,0,0.001408,0.0,0.0,3.396216,0.0,0.998782,0.072896,2.324538
C1,P1,3,81,1,33,10.794069,15,9437184,0,0,0,0,154,5,0.328735,0.085695,0.179935,1.591707,0.0,0.508254,1.057821,0.025632
C1,P1,3,82,1,34,8.481667,3,9437184,0,0,0,0,27,1,0.137312,0.017472,0.173727,1.549244,0.0,0.812862,0.713854,0.022528
C1,P1,3,83,1,35,15.892464,15,9437184,0,0,0,0,41,5,0.324256,0.085312,0.182944,1.222876,0.0,0.083871,1.114205,0.0248
C1,P1,3,84,1,36,8.969757,0,0,0,0,0,0,0,0,0.00144,0.0,0.0,3.725976,0.0,0.025248,0.077312,3.623416
C1,P1,3,85,1,37,7.387518,3,0,0,0,0,0,32,1,0.136,0.018176,0.0,0.956254,0.0,0.75475,0.178656,0.022848
C1,P1,3,86,1,38,14.040747,9,9437184,0,0,0,0,19,3,0.242848,0.051968,0.173664,5.512212,0.0,0.931774,3.90444,0.675998
C1,P1,3,87,1,39,18.563494,15,9437184,0,0,0,0,73,5,0.327008,0.085088,0.177312,6.930065,0.0,6.160723,0.454047,0.315295
C1,P1,3,88,1,40,9.360735,3,9437184,0,0,0,0,12,1,0.144736,0.017312,0.176256,2.270075,0.0,1.184223,0.065055,1.020797
C1,P1,3,89,1,41,11.535982,6,18874368,0,0,0,0,38,2,0.19344,0.035328,0.355135,3.133497,0.0,0.413791,1.589821,1.129885
C1,P1,3,90,1,42,9.54013,6,9437184,0,0,0,0,13,2,0.194848,0.034624,0.173535,1.013247,0.0,0.725855,0.261664,0.025728
C1,P1,3,91,1,43,9.515641,3,9437184,0,0,0,0,27,1,0.13568,0.01744,0.175904,3.354488,0.0,0.999549,1.825277,0.529662
C1,P1,3,92,1,44,14.577671,15,9437184,0,0,0,0,87,5,0.336576,0.084416,0.173696,0.760223,0.0,0.085344,0.383712,0.291167
C1,P1,3,93,1,45,10.79824,9,9437184,0,0,0,0,63,3,0.23536,0.052832,0.177311,1.978651,0.0,1.594204,0.359711,0.024736
C1,P1,3,94,1,46,15.115326,15,9437184,0,0,0,0,51,5,0.326847,0.08464,0.178751,2.45913,0.0,0.491935,1.941755,0.02544
C1,P1,3,95,1,47,9.648716,6,9437184,0,0,0,0,17,2,0.197472,0.034368,0.180384,1.714205,0.0,1.249021,0.307936,0.157248
C1,P1,3,96,2,0,16.975477,21,9437184,0,0,0,0,31,7,0.423808,0.11744,0.173696,5.321493,0.0,2.527291,0.338208,2.455994
C1,P1,3,97,2,1,9.09424,3,9437184,0,0,0,0,8,1,0.141056,0.017504,0.18896,1.928411,0.0,1.877883,0.027808,0.02272
C1,P1,3,98,2,2,9.622666,3,9437184,0,0,0,0,2,1,0.136223,0.017184,0.177504,3.06073,0.0,0.439647,1.321598,1.299485
C1,P1,3,99,2,3,7.431827,3,9437184,0,0,0,0,28,1,0.137055,0.017344,0.176128,0.441151,0.0,0.390111,0.028416,0.022624
C1,P1,3,100,2,4,16.142914,21,18874368,0,0,0,0,94,7,0.437823,0.11744,0.357823,1.62582,0.0,0.025248,1.575548,0.025024
C1,P1,3,101,2,5,17.010953,30,18874368,0,0,0,0,103,10,0.552032,0.165664,0.356319,1.018301,0.0,0.945885,0.047424,0.024992
C1,P1,3,102,2,6,17.141201,27,28311552,0,0,0,0,122,9,0.509598,0.149248,0.530559,2.979451,0.0,0.991582,0.464223,1.523646
C1,P1,3,103,2,7,17.428524,33,28311552,0,0,0,0,106,11,0.621726,0.181087,0.544639,2.060509,0.0,1.34115,0.0952,0.624159
C1,P1,3,104,2,8,19.620367,27,37748736,0,0,0,0,121,9,0.519423,0.148992,0.727583,3.5926,0.0,1.422813,0.130464,2.039323
C1,P1,3,105,2,9,20.171039,39,47185920,0,0,0,0,87,13,0.675808,0.21184,0.891902,0.802365,0.0,0.702622,0.028128,0.071615
C1,P1,3,106,2,10,19.492349,36,28311552,0,0,0,0,109,12,0.633311,0.197407,0.535935,1.651165,0.0,1.409725,0.063072,0.178368
C1,P1,3,107,2,11,17.260367,24,18874368,0,0,0,0,50,8,0.464064,0.133664,0.359775,1.151102,0.0,1.098846,0.028192,0.024064
C1,P1,3,108,2,12,19.901377,30,28311552,0,0,0,0,53,10,0.565919,0.165184,0.534174,1.499901,0.0,0.763198,0.658431,0.078272
C1,P1,3,109,2,13,16.935329,21,28311552,0,0,0,0,68,7,0.4144,0.117056,0.525022,1.53766,0.0,1.361916,0.051936,0.123808
C1,P1,3,110,2,14,17.733876,33,9437184,0,0,0,0,136,11,0.60371,0.18131,0.17808,2.296665,0.0,1.359356,0.577278,0.360031
C1,P1,3,111,2,15,16.14277,33,18874368,0,0,0,0,112,11,0.606591,0.182336,0.360832,2.399322,0.0,1.299677,0.461983,0.637662
C1,P1,3,112,2,16,16.74275,30,18874368,0,0,0,0,79,10,0.553566,0.164991,0.353664,3.066042,0.0,2.998778,0.027872,0.039392
C1,P1,3,113,2,17,20.314944,36,18874368,0,0,0,0,126,12,0.631197,0.197374,0.353536,5.594418,0.0,3.625975,1.943355,0.025088
C1,P1,3,114,2,18,18.075898,27,9437184,0,0,0,0,135,9,0.525117,0.149311,0.174016,4.709525,0.0,3.13308,1.520541,0.055904
C1,P1,3,115,2,19,21.731592,36,0,0,0,0,0,133,12,0.666399,0.199136,0.0,4.481013,0.0,3.352121,1.080413,0.048479
C1,P1,3,116,2,20,20.804804,15,18874368,0,0,0,0,63,5,0.329024,0.085024,0.347327,8.48779,0.0,2.932474,1.920028,3.635288
C1,P1,3,117,2,21,21.85525,45,18874368,0,0,0,0,146,15,0.781054,0.24624,0.347263,3.472761,0.0,3.07913,0.063264,0.330367
C1,P1,3,118,2,22,11.760154,6,18874368,0,0,0,0,16,2,0.198304,0.035488,0.351871,2.432508,0.0,2.350268,0.05824,0.024
C1,P1,3,119,2,23,12.799869,12,9437184,0,0,0,0,72,4,0.288864,0.068544,0.173951,3.911672,0.0,0.712127,3.175129,0.024416
C1,P1,3,120,2,24,22.913478,33,37748736,0,0,0,0,110,11,0.627359,0.180959,0.715103,1.219645,0.0,0.62963,0.565151,0.024864
C1,P1,3,121,2,25,21.143254,21,18874368,0,0,0,0,116,7,0.417822,0.117278,0.353567,5.19634,0.0,2.167835,3.003417,0.025088
C1,P1,3,122,2,26,18.976,30,28311552,0,0,0,0,106,10,0.561215,0.166176,0.532959,3.928407,0.0,1.465852,2.437595,0.02496
C1,P1,3,123,2,27,18.330292,39,18874368,0,0,0,0,164,13,0.717342,0.215776,0.353343,2.829018,0.0,0.916574,1.886652,0.025792
C1,P1,3,124,2,28,15.661442,24,18874368,0,0,0,0,115,8,0.458782,0.132544,0.353855,3.373976,0.0,1.302653,1.063006,1.008317
C1,P1,3,125,2,29,14.805717,15,18874368,0,0,0,0,86,5,0.332096,0.085536,0.34768,2.165369,0.0,1.586331,0.278686,0.300352
C1,P1,3,126,2,30,17.923051,30,18874368,0,0,0,0,124,10,0.564094,0.165728,0.347232,1.13011,0.0,0.775422,0.091584,0.263104
C1,P1,3,127,2,31,22.327071,42,9437184,0,0,0,0,114,14,0.753053,0.230559,0.180255,3.589623,0.0,2.601177,0.640127,0.348319
C1,P1,3,128,2,32,9.601317,3,9437184,0,0,0,0,24,1,0.136608,0.018176,0.175871,2.119678,0.0,1.59395,0.027904,0.497824
C1,P1,3,129,2,33,18.189163,30,37748736,0,0,0,0,110,10,0.544767,0.163616,0.708894,3.629881,0.0,0.450847,2.466523,0.712511
C1,P1,3,130,2,34,11.25675,3,9437184,0,0,0,0,2,1,0.135296,0.017248,0.180544,3.879863,0.0,1.613436,0.997502,1.268925
C1,P1,3,131,2,35,14.357451,21,18874368,0,0,0,0,42,7,0.414207,0.116768,0.347615,0.555838,0.0,0.503134,0.028224,0.02448
C1,P1,3,132,2,36,10.041703,3,9437184,0,0,0,0,18,1,0.13744,0.017792,0.17408,3.589401,0.0,2.814362,0.743935,0.031104
C1,P1,3,133,2,37,8.407736,6,9437184,0,0,0,0,56,2,0.186592,0.035072,0.175552,1.293534,0.0,0.428768,0.305536,0.55923
C1,P1,3,134,2,38,12.547753,9,9437184,0,0,0,0,17,3,0.239904,0.051584,0.176351,3.99551,0.0,2.805465,0.676318,0.513727
C1,P1,3,135,2,39,15.900554,24,18874368,0,0,0,0,99,8,0.488544,0.133504,0.348031,0.086656,0.0,0.025216,0.028512,0.032928
C1,P1,3,136,2,40,10.320346,6,0,0,0,0,0,12,2,0.195486,0.035328,0.0,2.734298,0.0,1.047582,0.029024,1.657692
C1,P1,3,137,2,41,11.083587,6,9437184,0,0,0,0,9,2,0.191872,0.034528,0.182976,3.221368,0.0,2.438074,0.759519,0.023775
C1,P1,3,138,2,42,12.433205,6,9437184,0,0,0,0,6,2,0.191486,0.035455,0.176031,4.30063,0.0,1.954907,0.02752,2.318203
C1,P1,3,139,2,43,9.905769,3,9437184,0,0,0,0,6,1,0.139551,0.016896,0.173567,1.911325,0.0,0.685887,0.282912,0.942526
C1,P1,3,140,2,44,14.474747,18,9437184,0,0,0,0,79,6,0.370528,0.100704,0.1736,1.349213,0.0,0.608767,0.714495,0.025951
C1,P1,3,141,2,45,12.841851,15,9437184,0,0,0,0,47,5,0.328831,0.0848,0.175776,2.685115,0.0,1.354333,1.264606,0.066176
C1,P1,3,142,2,46,15.729826,18,9437184,0,0,0,0,39,6,0.37456,0.100704,0.177952,2.035933,0.0,1.867773,0.142528,0.025632
C1,P1,3,143,2,47,11.008273,6,9437184,0,0,0,0,26,2,0.189024,0.035104,0.174048,2.669019,0.0,0.717439,1.928476,0.023104
C1,P1,3,144,3,0,22.626867,42,28311552,0,0,0,0,31,14,0.719903,0.228352,0.523871,1.727132,0.0,0.571711,1.130333,0.025088
C1,P1,3,145,3,1,17.582091,3,9437184,0,0,0,0,11,1,0.144032,0.017312,0.175071,7.041392,0.0,5.177556,1.8415,0.022336
C1,P1,3,146,3,2,10.295209,3,9437184,0,0,0,0,13,1,0.146112,0.017344,0.179008,3.33084,0.0,0.498592,2.508602,0.323646
C1,P1,3,147,3,3,8.512228,3,9437184,0,0,0,0,17,1,0.138176,0.018112,0.190048,0.959805,0.0,0.688414,0.248639,0.022752
C1,P1,3,148,3,4,19.431414,27,18874368,0,0,0,0,84,9,0.534303,0.148608,0.354623,2.959001,0.0,0.847613,2.0863,0.025088
C1,P1,3,149,3,5,21.703698,33,28311552,0,0,0,0,89,11,0.606525,0.18128,0.534335,3.261689,0.0,0.827711,2.408922,0.025056
C1,P1,3,150,3,6,19.925241,30,9437184,0,0,0,0,102,10,0.579135,0.166112,0.17792,5.451381,0.0,2.0559,1.310909,2.084572
C1,P1,3,151,3,7,18.022443,33,9437184,0,0,0,0,92,11,0.615968,0.181568,0.17872,3.530873,0.0,1.910748,1.594973,0.025152
C1,P1,3,152,3,8,20.72604,36,28311552,0,0,0,0,72,12,0.666656,0.196928,0.557279,4.073527,0.0,1.29539,2.753785,0.024352
C1,P1,3,153,3,9,17.264402,27,18874368,0,0,0,0,55,9,0.516287,0.148768,0.367072,4.151031,0.0,0.993981,2.535003,0.622047
C1,P1,3,154,3,10,18.670694,39,28311552,0,0,0,0,95,13,0.708256,0.213888,0.541855,2.597659,0.0,1.274877,1.297822,0.02496
C1,P1,3,155,3,11,19.252864,33,28311552,0,0,0,0,44,11,0.591583,0.181055,0.540287,1.252221,0.0,0.866046,0.362015,0.02416
C1,P1,3,156,3,12,18.216079,27,18874368,0,0,0,0,54,9,0.526975,0.149632,0.351551,1.249853,0.0,0.791071,0.434398,0.024384
C1,P1,3,157,3,13,21.78903,30,28311552,0,0,0,0,45,10,0.536127,0.164288,0.528415,2.866393,0.0,1.699036,1.142781,0.024576
C1,P1,3,158,3,14,19.754679,33,18874368,0,0,0,0,99,11,0.63443,0.182303,0.358591,0.934495,0.0,0.870111,0.039136,0.025248
C1,P1,3,159,3,15,21.551277,42,18874368,0,0,0,0,108,14,0.77542,0.229789,0.359935,1.6959,0.0,1.334045,0.318111,0.043744
C1,P1,3,160,3,16,20.862781,39,18874368,0,0,0,0,53,13,0.681886,0.212223,0.347935,1.665307,0.0,1.313885,0.325918,0.025504
C1,P1,3,161,3,17,21.825506,45,18874368,0,0,0,0,102,15,0.811453,0.244255,0.349631,1.231581,0.0,0.968382,0.237535,0.025664
C1,P1,3,162,3,18,21.171706,30,9437184,0,0,0,0,110,10,0.568896,0.165824,0.173472,5.551508,0.0,4.359255,1.166525,0.025728
C1,P1,3,163,3,19,21.995765,36,0,0,0,0,0,97,12,0.67059,0.198528,0.0,8.012879,0.0,1.520029,6.467506,0.025344
C1,P1,3,164,3,20,16.359546,24,9437184,0,0,0,0,43,8,0.477631,0.133504,0.181503,2.341275,0.0,0.408063,0.852575,1.080637
C1,P1,3,165,3,21,21.233233,42,18874368,0,0,0,0,117,14,0.789951,0.23088,0.35424,1.321341,0.0,0.602943,0.633598,0.0848
C1,P1,3,166,3,22,11.840774,9,18874368,0,0,0,0,63,3,0.250464,0.051968,0.355455,2.047838,0.0,0.757727,0.826623,0.463488
C1,P1,3,167,3,23,10.84222,15,18874368,0,0,0,0,96,5,0.323933,0.084991,0.359903,0.778621,0.0,0.494687,0.259006,0.024928
C1,P1,3,168,3,24,18.949431,30,9437184,0,0,0,0,84,10,0.592032,0.165664,0.177984,3.115064,0.0,0.869311,2.221402,0.024351
C1,P1,3,169,3,25,23.129654,36,18874368,0,0,0,0,80,12,0.665568,0.197472,0.365279,3.091641,0.0,0.558943,2.507066,0.025632
C1,P1,3,170,3,26,21.252751,39,28311552,0,0,0,0,82,13,0.721247,0.214336,0.540575,2.833274,0.0,1.241949,1.566173,0.025152
C1,P1,3,171,3,27,22.69319,54,9437184,0,0,0,0,113,18,0.943228,0.293661,0.173567,3.003162,0.0,1.594524,1.383198,0.02544
C1,P1,3,172,3,28,20.432632,42,18874368,0,0,0,0,72,14,0.747839,0.229408,0.348767,3.681142,0.0,2.977752,0.142176,0.561214
C1,P1,3,173,3,29,18.257611,21,18874368,0,0,0,0,82,7,0.44528,0.117824,0.348351,3.134937,0.0,3.006617,0.103168,0.025152
C1,P1,3,174,3,30,19.646122,30,9437184,0,0,0,0,94,10,0.586847,0.166208,0.176127,3.244441,0.0,2.619642,0.599807,0.024992
C1,P1,3,175,3,31,20.858361,39,9437184,0,0,0,0,89,13,0.705694,0.213728,0.181024,2.664187,0.0,1.391133,1.247998,0.025056
C1,P1,3,176,3,32,10.852235,6,18874368,0,0,0,0,29,2,0.209247,0.03488,0.349631,3.094555,0.0,2.293436,0.778495,0.022624
C1,P1,3,177,3,33,16.276016,36,28311552,0,0,0,0,74,12,0.66963,0.197152,0.534911,1.080766,0.0,0.660799,0.321183,0.098784
C1,P1,3,178,3,34,10.232274,3,9437184,0,0,0,0,11,1,0.143583,0.017408,0.179392,2.805722,0.0,0.884446,0.452447,1.468829
C1,P1,3,179,3,35,15.656108,21,28311552,0,0,0,0,26,7,0.419712,0.116064,0.534463,3.23225,0.0,0.861503,2.181403,0.189344
C1,P1,3,180,3,36,9.57391,3,9437184,0,0,0,0,4,1,0.137407,0.017152,0.174688,2.716827,0.0,1.101758,0.420991,1.194078
C1,P1,3,181,3,37,10.166561,9,18874368,0,0,0,0,20,3,0.243647,0.051776,0.362687,1.148862,0.0,1.017918,0.107328,0.023616
C1,P1,3,182,3,38,15.083248,18,28311552,0,0,0,0,9,6,0.365311,0.099903,0.539134,1.269563,0.0,0.68771,0.254559,0.327294
C1,P1,3,183,3,39,19.641362,27,28311552,0,0,0,0,93,9,0.53587,0.148864,0.527711,2.129146,0.0,1.59158,0.455326,0.08224
C1,P1,3,184,3,40,15.044316,15,28311552,0,0,0,0,10,5,0.323263,0.084351,0.527391,2.595194,0.0,0.459295,1.807932,0.327967
C1,P1,3,185,3,41,11.618793,12,18874368,0,0,0,0,36,4,0.299359,0.068928,0.349503,1.443966,0.0,1.369886,0.049216,0.024864
C1,P1,3,186,3,42,13.58541,6,18874368,0,0,0,0,2,2,0.1824,0.03472,0.352479,4.652278,0.0,0.631679,1.482813,2.537786
C1,P1,3,187,3,43,9.615746,3,9437184,0,0,0,0,1,1,0.1336,0.017184,0.174079,2.524155,0.0,0.73715,0.292928,1.494077
C1,P1,3,188,3,44,17.181398,27,9437184,0,0,0,0,56,9,0.515774,0.148832,0.173599,4.330101,0.0,2.483674,1.821435,0.024992
C1,P1,3,189,3,45,12.882292,12,0,0,0,0,0,44,4,0.280543,0.068,0.0,2.946394,0.0,0.91011,2.011228,0.025056
C1,P1,3,190,3,46,15.024386,21,9437184,0,0,0,0,44,7,0.419038,0.117183,0.173599,3.013721,0.0,0.757822,0.128128,2.127771
C1,P1,3,191,3,47,12.425513,12,18874368,0,0,0,0,85,4,0.275488,0.068736,0.356287,1.870716,0.0,1.817404,0.028896,0.024416
C1,P1,3,192,4,0,23.475659,39,37748736,0,0,0,0,47,13,0.690878,0.212096,0.701182,4.812629,0.0,2.56521,0.041984,2.205435
C1,P1,3,193,4,1,10.450192,3,9437184,0,0,0,0,7,1,0.140448,0.01712,0.17392,2.931129,0.0,2.011387,0.049056,0.870686
C1,P1,3,194,4,2,9.514555,3,9437184,0,0,0,0,22,1,0.137056,0.01792,0.17552,2.179964,0.0,0.025056,0.555391,1.599517
C1,P1,3,195,4,3,8.334966,3,9437184,0,0,0,0,16,1,0.146688,0.017312,0.17808,0.781278,0.0,0.267328,0.064575,0.449375
C1,P1,3,196,4,4,17.595021,27,28311552,0,0,0,0,51,9,0.522975,0.14784,0.534015,0.865404,0.0,0.57107,0.269791,0.024543
C1,P1,3,197,4,5,18.642473,27,18874368,0,0,0,0,73,9,0.546399,0.149375,0.353471,4.124568,0.0,0.77347,0.028992,3.322106
C1,P1,3,198,4,6,14.644112,27,9437184,0,0,0,0,71,9,0.516478,0.149824,0.181152,1.729019,0.0,0.65747,0.319806,0.751743
C1,P1,3,199,4,7,18.768274,30,9437184,0,0,0,0,70,10,0.568607,0.164224,0.188031,3.929014,0.0,2.739386,0.96451,0.225118
C1,P1,3,200,4,8,20.524228,27,18874368,0,0,0,0,37,9,0.512832,0.148832,0.349247,2.604059,0.0,2.551291,0.028384,0.024384
C1,P1,3,201,4,9,19.852309,24,18874368,0,0,0,0,37,8,0.469375,0.132064,0.349375,3.476279,0.0,2.886361,0.565214,0.024704
C1,P1,3,202,4,10,20.561866,27,18874368,0,0,0,0,92,9,0.531136,0.149344,0.377855,3.923639,0.0,3.320184,0.578815,0.02464
C1,P1,3,203,4,11,20.948386,27,18874368,0,0,0,0,43,9,0.520799,0.149632,0.353023,3.881399,0.0,2.747193,1.109662,0.024544
C1,P1,3,204,4,12,20.927445,30,18874368,0,0,0,0,66,10,0.570943,0.165216,0.348575,3.521337,0.0,2.277339,1.219262,0.024736
C1,P1,3,205,4,13,18.360867,18,28311552,0,0,0,0,31,6,0.378655,0.10016,0.525919,4.784149,0.0,1.717692,1.478333,1.588124
C1,P1,3,206,4,14,22.347999,36,18874368,0,0,0,0,91,12,0.683774,0.198016,0.355743,3.928089,0.0,1.271934,2.631163,0.024992
C1,P1,3,207,4,15,23.787143,42,18874368,0,0,0,0,99,14,0.77859,0.230912,0.352191,3.625305,0.0,1.656189,1.943932,0.025184
C1,P1,3,208,4,16,17.866845,24,9437184,0,0,0,0,40,8,0.473056,0.1328,0.173536,3.531416,0.0,3.043833,0.462559,0.025024
C1,P1,3,209,4,17,26.451537,48,18874368,0,0,0,0,79,16,0.836351,0.261568,0.347583,5.034964,0.0,1.116766,3.893014,0.025184
C1,P1,3,210,4,18,20.04792,33,28311552,0,0,0,0,85,11,0.612767,0.181792,0.533823,4.102743,0.0,2.896122,1.181949,0.024672
C1,P1,3,211,4,19,20.011172,33,9437184,0,0,0,0,72,11,0.609407,0.180703,0.182495,3.521496,0.0,2.894713,0.601823,0.02496
C1,P1,3,212,4,20,17.656932,24,18874368,0,0,0,0,43,8,0.474655,0.132704,0.347551,2.795578,0.0,1.627772,1.127358,0.040448
C1,P1,3,213,4,21,21.894225,36,18874368,0,0,0,0,88,12,0.674047,0.19728,0.349055,4.728564,0.0,1.078301,2.218331,1.431932
C1,P1,3,214,4,22,14.484048,9,18874368,0,0,0,0,73,3,0.231807,0.051744,0.35616,4.173208,0.0,1.915164,2.234108,0.023936
C1,P1,3,215,4,23,13.698408,15,18874368,0,0,0,0,70,5,0.330623,0.085632,0.347423,2.517146,0.0,0.025344,0.02816,2.463642
C1,P1,3,216,4,24,20.461756,36,18874368,0,0,0,0,80,12,0.66288,0.197376,0.355904,1.14531,0.0,0.734911,0.148416,0.261983
C1,P1,3,217,4,25,19.487172,30,18874368,0,0,0,0,70,10,0.58163,0.165887,0.354143,2.677818,0.0,2.432507,0.028032,0.217279
C1,P1,3,218,4,26,23.775369,42,28311552,0,0,0,0,64,14,0.748157,0.228959,0.526495,3.124474,0.0,2.718043,0.028703,0.377728
C1,P1,3,219,4,27,22.038922,48,0,0,0,0,0,75,16,0.838079,0.261472,0.0,2.110106,0.0,1.249276,0.498366,0.362464
C1,P1,3,220,4,28,20.810775,42,9437184,0,0,0,0,56,14,0.741982,0.229535,0.174912,2.074301,0.0,1.048126,0.637439,0.388736
C1,P1,3,221,4,29,14.406202,21,9437184,0,0,0,0,36,7,0.427102,0.116959,0.173472,1.51286,0.0,1.331676,0.156832,0.024352
C1,P1,3,222,4,30,17.849582,30,18874368,0,0,0,0,64,10,0.562656,0.165888,0.351679,4.393495,0.0,1.354077,1.226301,1.813117
C1,P1,3,223,4,31,18.957985,36,18874368,0,0,0,0,88,12,0.669278,0.197696,0.354143,4.766869,0.0,1.215165,2.406106,1.145598
C1,P1,3,224,4,32,11.093499,6,18874368,0,0,0,0,8,2,0.192352,0.035008,0.354623,2.603994,0.0,0.15472,0.729438,1.719836
C1,P1,3,225,4,33,18.232363,30,18874368,0,0,0,0,65,10,0.579392,0.166112,0.353823,1.394717,0.0,0.79571,0.297535,0.301472
C1,P1,3,226,4,34,12.100333,3,9437184,0,0,0,0,12,1,0.1448,0.017568,0.173664,5.128949,0.0,1.919804,0.557919,2.651226
C1,P1,3,227,4,35,17.039108,24,37748736,0,0,0,0,41,8,0.471104,0.131232,0.718974,3.019322,0.0,0.522047,2.120188,0.377087
C1,P1,3,228,4,36,14.369623,3,9437184,0,0,0,0,9,1,0.142912,0.017408,0.175456,3.378105,0.0,0.0416,0.027648,3.308857
C1,P1,3,229,4,37,16.990836,9,18874368,0,0,0,0,75,3,0.233567,0.052768,0.351935,3.947446,0.0,3.558039,0.222816,0.166591
C1,P1,3,230,4,38,14.076775,9,9437184,0,0,0,0,4,3,0.230367,0.051424,0.173503,4.438101,0.0,1.931675,0.02768,2.478746
C1,P1,3,231,4,39,15.788617,27,18874368,0,0,0,0,94,9,0.522077,0.149823,0.347103,3.17068,0.0,0.489375,2.215323,0.465982
C1,P1,3,232,4,40,13.472861,9,18874368,0,0,0,0,13,3,0.23664,0.050912,0.358463,3.26905,0.0,0.761823,0.976351,1.530876
C1,P1,3,233,4,41,12.099975,12,18874368,0,0,0,0,45,4,0.293376,0.06896,0.352768,1.832795,0.0,0.845406,0.177918,0.809471
C1,P1,3,234,4,42,13.499184,3,9437184,0,0,0,0,1,1,0.133312,0.01728,0.173471,5.787924,0.0,0.025024,1.673565,4.089335
C1,P1,3,235,4,43,14.18786,3,9437184,0,0,0,0,6,1,0.140095,0.016768,0.173695,7.572848,0.0,1.977916,4.64767,0.947262
C1,P1,3,236,4,44,18.006595,33,18874368,0,0,0,0,52,11,0.611648,0.181184,0.352863,2.419513,0.0,0.951101,0.50003,0.968382
C1,P1,3,237,4,45,16.677761,12,9437184,0,0,0,0,42,4,0.279487,0.068288,0.176096,7.110226,0.0,3.320857,0.164512,3.624857
C1,P1,3,238,4,46,20.856161,21,9437184,0,0,0,0,37,7,0.408703,0.116928,0.173407,9.403979,0.0,6.069011,0.615871,2.719097
C1,P1,3,239,4,47,12.398105,6,18874368,0,0,0,0,46,2,0.1888,0.035552,0.360223,3.390809,0.0,0.887998,2.479835,0.022976
C1,P1,3,240,5,0,25.669252,33,37748736,0,0,0,0,49,11,0.60947,0.179584,0.699679,8.100238,0.0,2.329211,2.287771,3.483256
C1,P1,3,241,5,1,11.997342,3,9437184,0,0,0,0,7,1,0.141792,0.017408,0.179103,4.900854,0.0,1.191229,2.325564,1.384061
C1,P1,3,242,5,2,9.547537,6,18874368,0,0,0,0,39,2,0.197791,0.035264,0.357439,0.96867,0.0,0.79539,0.15088,0.0224
C1,P1,3,243,5,3,10.7202,3,9437184,0,0,0,0,12,1,0.144511,0.017408,0.17696,3.687864,0.0,1.240349,1.739644,0.707871
C1,P1,3,244,5,4,23.122888,30,0,0,0,0,0,41,10,0.558493,0.163999,0.0,0.452639,0.0,0.02496,0.028064,0.399615
C1,P1,3,245,5,5,25.509479,42,9437184,0,0,0,0,94,14,0.75747,0.22864,0.17456,5.162612,0.0,4.875957,0.261664,0.024991
C1,P1,3,246,5,6,19.526527,36,18874368,0,0,0,0,63,12,0.66291,0.198175,0.375263,2.169082,0.0,1.274973,0.868893,0.025216
C1,P1,3,247,5,7,20.670187,36,0,0,0,0,0,71,12,0.653504,0.197856,0.0,2.708507,0.0,2.419035,0.264032,0.02544
C1,P1,3,248,5,8,22.710348,42,9437184,0,0,0,0,47,14,0.736064,0.229088,0.181599,0.982782,0.0,0.914302,0.043488,0.024992
C1,P1,3,249,5,9,19.004084,30,18874368,0,0,0,0,36,10,0.556223,0.164992,0.356223,1.564797,0.0,1.367069,0.172416,0.025312
C1,P1,3,250,5,10,19.482959,39,9437184,0,0,0,0,94,13,0.715775,0.213823,0.184736,1.058687,0.0,0.660256,0.354047,0.044384
C1,P1,3,251,5,11,19.890845,30,9437184,0,0,0,0,35,10,0.550718,0.164414,0.173983,4.919286,0.0,0.957919,0.299391,3.661976
C1,P1,3,252,5,12,17.730615,42,9437184,0,0,0,0,60,14,0.734047,0.228096,0.174176,2.434874,0.0,0.767134,0.419711,1.248029
C1,P1,3,253,5,13,17.797135,18,9437184,0,0,0,0,34,6,0.385152,0.099936,0.173727,6.292595,0.0,1.456477,0.444703,4.391415
C1,P1,3,254,5,14,21.445285,39,28311552,0,0,0,0,84,13,0.708668,0.212832,0.530207,3.681208,0.0,2.811418,0.512127,0.357663
C1,P1,3,255,5,15,20.123541,48,9437184,0,0,0,0,91,16,0.838079,0.261024,0.173535,2.626874,0.0,2.473178,0.12832,0.025376
C1,P1,3,256,5,16,20.251139,39,28311552,0,0,0,0,52,13,0.694368,0.213472,0.521983,2.839034,0.0,2.751514,0.02832,0.0592
C1,P1,3,257,5,17,21.490349,42,9437184,0,0,0,0,71,14,0.741344,0.227552,0.173823,3.457593,0.0,3.253945,0.17904,0.024608
C1,P1,3,258,5,18,20.604542,30,18874368,0,0,0,0,86,10,0.561791,0.165472,0.356447,3.038617,0.0,2.968185,0.045344,0.025088
C1,P1,3,259,5,19,22.038062,36,9437184,0,0,0,0,63,12,0.660507,0.195807,0.174271,3.381048,0.0,3.326072,0.030464,0.024512
C1,P1,3,260,5,20,19.784663,27,9437184,0,0,0,0,42,9,0.513792,0.147168,0.173887,3.234329,0.0,3.125786,0.083839,0.024704
C1,P1,3,261,5,21,23.356137,45,18874368,0,0,0,0,90,15,0.786719,0.244288,0.354367,3.45561,0.0,2.424988,1.00483,0.025792
C1,P1,3,262,5,22,12.13434,6,18874368,0,0,0,0,15,2,0.199168,0.035072,0.356255,3.097914,0.0,3.04873,0.027136,0.022048
C1,P1,3,263,5,23,12.604811,9,9437184,0,0,0,0,66,3,0.238304,0.052384,0.174048,3.691608,0.0,0.633759,0.268576,2.789273
C1,P1,3,264,5,24,18.379433,36,9437184,0,0,0,0,62,12,0.643999,0.19488,0.174912,0.614432,0.0,0.250208,0.1968,0.167424
C1,P1,3,265,5,25,19.658277,33,18874368,0,0,0,0,48,11,0.604095,0.180192,0.364639,3.345561,0.0,2.75497,0.565631,0.02496
C1,P1,3,266,5,26,23.251327,33,18874368,0,0,0,0,51,11,0.607903,0.181376,0.350143,3.049562,0.0,2.788858,0.02816,0.232544
C1,P1,3,267,5,27,20.909707,36,0,0,0,0,0,71,12,0.669823,0.1984,0.0,2.714362,0.0,2.253051,0.216928,0.244383
C1,P1,3,268,5,28,21.200673,39,28311552,0,0,0,0,65,13,0.707871,0.212928,0.531871,2.267675,0.0,2.067291,0.028416,0.171968
C1,P1,3,269,5,29,13.77341,15,9437184,0,0,0,0,25,5,0.336832,0.084416,0.173663,2.436314,0.0,2.314682,0.092032,0.0296
C1,P1,3,270,5,30,18.164098,36,9437184,0,0,0,0,67,12,0.64512,0.196224,0.174496,3.197785,0.0,0.983774,2.189724,0.024287
C1,P1,3,271,5,31,19.247699,45,18874368,0,0,0,0,95,15,0.79635,0.245182,0.357439,1.783869,0.0,0.721632,1.036638,0.025599
C1,P1,3,272,5,32,9.717517,3,9437184,0,0,0,0,6,1,0.140384,0.017408,0.174784,2.821848,0.0,0.894813,0.338238,1.588797
C1,P1,3,273,5,33,23.978181,39,28311552,0,0,0,0,70,13,0.709696,0.212704,0.528959,2.497915,0.0,1.992188,0.028064,0.477663
C1,P1,3,274,5,34,10.730956,3,9437184,0,0,0,0,4,1,0.13744,0.01696,0.1736,2.692537,0.0,1.007709,0.030624,1.654204
C1,P1,3,275,5,35,15.501298,27,18874368,0,0,0,0,38,9,0.51536,0.148608,0.350879,2.865465,0.0,0.69587,2.144411,0.025184
C1,P1,3,276,5,36,9.223149,3,9437184,0,0,0,0,22,1,0.1376,0.017472,0.175295,1.380125,0.0,0.677822,0.043808,0.658495
C1,P1,3,277,5,37,12.949639,12,18874368,0,0,0,0,83,4,0.28288,0.068864,0.347839,3.393817,0.0,2.587418,0.13344,0.672959
C1,P1,3,278,5,38,12.007048,12,9437184,0,0,0,0,10,4,0.280096,0.068864,0.173567,0.931614,0.0,0.512702,0.200352,0.21856
C1,P1,3,279,5,39,15.85657,24,9437184,0,0,0,0,99,8,0.471103,0.133984,0.173567,1.290717,0.0,0.811583,0.454046,0.025088
C1,P1,3,280,5,40,16.520402,12,18874368,0,0,0,0,9,4,0.278304,0.068288,0.358847,6.460465,0.0,2.540538,0.659743,3.260184
C1,P1,3,281,5,41,13.823322,12,18874368,0,0,0,0,18,4,0.284576,0.068512,0.364831,4.422936,0.0,0.763744,1.205502,2.45369
C1,P1,3,282,5,42,11.711781,6,9437184,0,0,0,0,3,2,0.185056,0.034688,0.173632,3.04537,0.0,0.357088,0.509727,2.178555
C1,P1,3,283,5,43,9.2374,0,0,0,0,0,0,0,0,0.00144,0.0,0.0,5.433077,0.0,2.64374,0.336543,2.452794
C1,P1,3,284,5,44,20.443498,33,37748736,0,0,0,0,43,11,0.602813,0.180639,0.694846,0.319999,0.0,0.219807,0.074688,0.025504
C1,P1,3,285,5,45,12.294334,9,9437184,0,0,0,0,59,3,0.230879,0.051904,0.188255,2.577818,0.0,0.431775,0.094784,2.051259
C1,P1,3,286,5,46,20.398704,21,28311552,0,0,0,0,55,7,0.424768,0.116704,0.523327,4.267159,0.0,3.044826,0.028608,1.193725
C1,P1,3,287,5,47,12.886304,9,18874368,0,0,0,0,51,3,0.251136,0.052512,0.352287,3.962806,0.0,2.027483,0.976157,0.959166
C1,P1,3,288,6,0,21.289423,33,28311552,0,0,0,0,59,11,0.620254,0.181024,0.525759,4.594518,0.0,0.678207,2.027131,1.88918
C1,P1,3,289,6,1,11.343484,3,9437184,0,0,0,0,4,1,0.136799,0.017088,0.178176,4.648055,0.0,1.291646,1.84422,1.512189
C1,P1,3,290,6,2,10.946431,9,18874368,0,0,0,0,80,3,0.233119,0.05216,0.355936,0.904222,0.0,0.652222,0.228576,0.023424
C1,P1,3,291,6,3,11.209853,6,18874368,0,0,0,0,18,2,0.198079,0.034592,0.352255,3.424954,0.0,2.455899,0.436288,0.532767
C1,P1,3,292,6,4,19.800935,33,9437184,0,0,0,0,44,11,0.608574,0.180896,0.178048,0.984542,0.0,0.624222,0.33552,0.0248
C1,P1,3,293,6,5,20.24653,39,9437184,0,0,0,0,83,13,0.709952,0.214432,0.173856,0.810398,0.0,0.510783,0.274591,0.025024
C1,P1,3,294,6,6,20.763593,33,9437184,0,0,0,0,76,11,0.619326,0.181088,0.183903,2.30486,0.0,1.878364,0.40144,0.025056
C1,P1,3,295,6,7,20.315698,39,9437184,0,0,0,0,77,13,0.700351,0.21344,0.174464,0.998015,0.0,0.663039,0.25232,0.082656
C1,P1,3,296,6,8,22.122843,42,28311552,0,0,0,0,58,14,0.745215,0.229088,0.529823,1.177823,0.0,0.707903,0.366624,0.103296
C1,P1,3,297,6,9,16.8632,30,9437184,0,0,0,0,34,10,0.553471,0.164991,0.178431,1.63926,0.0,0.603006,0.349535,0.686719
C1,P1,3,298,6,10,18.822211,42,9437184,0,0,0,0,96,14,0.759901,0.229631,0.174431,2.940601,0.0,1.003581,0.219647,1.717373
C1,P1,3,299,6,11,20.623081,21,9437184,0,0,0,0,21,7,0.413984,0.116288,0.173823,8.309037,0.0,2.389082,1.645245,4.27471
C1,P1,3,300,6,12,19.868143,36,9437184,0,0,0,0,71,12,0.655998,0.197311,0.174047,5.243191,0.0,3.546233,0.155936,1.541022
C1,P1,3,301,6,13,20.784638,24,18874368,0,0,0,0,26,8,0.460863,0.132352,0.347616,7.584591,0.0,3.007065,0.573503,4.004023
C1,P1,3,302,6,14,21.457027,39,18874368,0,0,0,0,93,13,0.699839,0.212095,0.353215,4.783059,0.0,3.585911,0.424958,0.77219
C1,P1,3,303,6,15,20.577255,48,18874368,0,0,0,0,90,16,0.836958,0.261278,0.352064,2.891547,0.0,1.734173,1.132606,0.024768
C1,P1,3,304,6,16,21.342711,39,28311552,0,0,0,0,60,13,0.703453,0.21216,0.537343,3.493337,0.0,2.179004,1.290141,0.024192
C1,P1,3,305,6,17,22.500225,45,28311552,0,0,0,0,74,15,0.799709,0.24451,0.523103,3.621432,0.0,0.878142,1.778428,0.964862
C1,P1,3,306,6,18,21.53289,33,9437184,0,0,0,0,96,11,0.608799,0.181087,0.17712,6.548689,0.0,5.230964,0.028,1.289725
C1,P1,3,307,6,19,19.075434,39,18874368,0,0,0,0,75,13,0.711518,0.212735,0.357183,3.036411,0.0,2.552699,0.458592,0.02512
C1,P1,3,308,6,20,24.6034,27,18874368,0,0,0,0,36,9,0.510112,0.148352,0.347903,10.24065,0.0,6.034003,0.26944,3.937207
C1,P1,3,309,6,21,24.304838,42,9437184,0,0,0,0,95,14,0.759167,0.228735,0.173823,3.043674,0.0,2.512475,0.405375,0.125824
C1,P1,3,310,6,22,12.101352,6,18874368,0,0,0,0,8,2,0.191743,0.034848,0.354751,2.985753,0.0,2.236508,0.167071,0.582174
C1,P1,3,311,6,23,14.972565,15,18874368,0,0,0,0,74,5,0.330336,0.084864,0.356032,4.471609,0.0,0.796543,0.788959,2.886107
C1,P1,3,312,6,24,18.879992,33,18874368,0,0,0,0,69,11,0.609535,0.180703,0.349439,3.961559,0.0,0.889566,0.028064,3.043929
C1,P1,3,313,6,25,20.108258,42,28311552,0,0,0,0,60,14,0.739104,0.227872,0.526239,4.289497,0.0,1.042527,0.268704,2.978266
C1,P1,3,314,6,26,24.494996,36,28311552,0,0,0,0,62,12,0.66227,0.19667,0.532575,8.117678,0.0,1.306301,0.028512,6.782865
C1,P1,3,315,6,27,20.548889,57,18874368,0,0,0,0,96,19,0.984126,0.308415,0.347871,0.07824,0.0,0.02544,0.028224,0.024576
C1,P1,3,316,6,28,23.329682,51,18874368,0,0,0,0,91,17,0.903262,0.276863,0.357663,6.960497,0.0,4.656758,0.02832,2.275419
C1,P1,3,317,6,29,15.407245,21,18874368,0,0,0,0,35,7,0.424864,0.115328,0.362207,5.05826,0.0,0.575007,0.036287,4.446966
C1,P1,3,318,6,30,21.00804,42,18874368,0,0,0,0,80,14,0.759167,0.228895,0.352448,6.965809,0.0,0.670494,0.028512,6.266803
C1,P1,3,319,6,31,19.288755,54,28311552,0,0,0,0,105,18,0.933854,0.289951,0.523327,3.046906,0.0,0.481856,0.028576,2.536474
C1,P1,3,320,6,32,10.086246,6,9437184,0,0,0,0,8,2,0.189792,0.034848,0.17584,2.782425,0.0,1.152317,0.276543,1.353565
C1,P1,3,321,6,33,18.18193,45,18874368,0,0,0,0,98,15,0.81683,0.244544,0.348287,1.284286,0.0,0.514335,0.744991,0.02496
C1,P1,3,322,6,34,11.954222,9,28311552,0,0,0,0,18,3,0.242112,0.051232,0.531743,2.347196,0.0,0.676575,0.100384,1.570237
C1,P1,3,323,6,35,14.54118,33,28311552,0,0,0,0,63,11,0.618557,0.178943,0.525023,0.922974,0.0,0.76691,0.130656,0.025408
C1,P1,3,324,6,36,13.163536,9,18874368,0,0,0,0,66,3,0.241246,0.051455,0.356639,4.254519,0.0,0.458975,2.209531,1.586013
C1,P1,3,325,6,37,12.086261,12,18874368,0,0,0,0,79,4,0.28435,0.068608,0.363711,0.855327,0.0,0.645791,0.028384,0.181152
C1,P1,3,326,6,38,16.536903,21,28311552,0,0,0,0,19,7,0.417663,0.115744,0.530271,2.159356,0.0,1.704445,0.430431,0.02448
C1,P1,3,327,6,39,21.269309,30,28311552,0,0,0,0,118,10,0.587295,0.165472,0.52067,4.867447,0.0,0.883327,2.14342,1.8407
C1,P1,3,328,6,40,19.569726,15,28311552,0,0,0,0,12,5,0.322814,0.083967,0.523967,6.359762,0.0,0.97187,3.410617,1.977275
C1,P1,3,329,6,41,16.059623,12,18874368,0,0,0,0,22,4,0.28944,0.06848,0.362815,5.681685,0.0,1.63395,2.242043,1.805692
C1,P1,3,330,6,42,19.026731,9,18874368,0,0,0,0,7,3,0.232639,0.050944,0.360384,7.273299,0.0,1.586045,2.459164,3.22809
C1,P1,3,331,6,43,10.805864,6,18874368,0,0,0,0,15,2,0.197472,0.034528,0.352767,2.219613,0.0,0.5,0.073568,1.646045
C1,P1,3,332,6,44,33.499186,33,28311552,0,0,0,0,52,11,0.608606,0.179551,0.536703,13.907493,0.0,0.807808,3.436057,9.663628
C1,P1,3,333,6,45,21.880356,9,9437184,0,0,0,0,52,3,0.243264,0.051424,0.185472,13.053284,0.0,5.260501,2.706394,5.086389
C1,P1,3,334,6,46,28.432225,30,28311552,0,0,0,0,63,10,0.56,0.164352,0.538303,12.474245,0.0,4.038167,3.797784,4.638294
C1,P1,3,335,6,47,20.944087,12,18874368,0,0,0,0,45,4,0.305278,0.068864,0.352799,10.016812,0.0,5.822003,2.859995,1.334814
C1,P1,3,336,7,0,42.309937,54,47185920,0,0,0,0,77,18,0.925472,0.291616,0.890334,15.675326,0.0,10.05377,5.193237,0.428319
C1,P1,3,337,7,1,17.844637,6,18874368,0,0,0,0,4,2,0.186687,0.034144,0.367487,8.48235,0.0,6.05954,2.399994,0.022816
C1,P1,3,338,7,2,10.693509,9,18874368,0,0,0,0,78,3,0.231935,0.052224,0.35072,0.164448,0.0,0.025184,0.028288,0.110976
C1,P1,3,339,7,3,10.344486,6,18874368,0,0,0,0,18,2,0.197344,0.034528,0.360735,1.766011,0.0,0.258142,0.585023,0.922846
C1,P1,3,340,7,4,26.178611,36,18874368,0,0,0,0,46,12,0.648863,0.196223,0.352704,3.376825,0.0,2.744122,0.027872,0.604831
C1,P1,3,341,7,5,21.230521,42,9437184,0,0,0,0,100,14,0.762304,0.22912,0.174175,4.159609,0.0,2.244699,0.882559,1.032351
C1,P1,3,342,7,6,18.205079,39,18874368,0,0,0,0,96,13,0.706752,0.213152,0.365088,1.749052,0.0,0.025792,1.698428,0.024832
C1,P1,3,343,7,7,18.794837,39,9437184,0,0,0,0,98,13,0.698877,0.213856,0.176512,3.57436,0.0,1.233309,2.315771,0.02528
C1,P1,3,344,7,8,22.966316,48,28311552,0,0,0,0,74,16,0.844509,0.261663,0.542591,2.678618,0.0,0.025568,2.62841,0.02464
C1,P1,3,345,7,9,19.668026,27,9437184,0,0,0,0,50,9,0.522751,0.148192,0.173824,5.512692,0.0,2.634457,0.028608,2.849627
C1,P1,3,346,7,10,23.99144,45,37748736,0,0,0,0,121,15,0.806941,0.245056,0.702239,1.728637,0.0,1.675037,0.028256,0.025344
C1,P1,3,347,7,11,21.738661,30,18874368,0,0,0,0,33,10,0.552927,0.164864,0.356959,3.146745,0.0,0.025408,1.924988,1.196349
C1,P1,3,348,7,12,22.466661,39,28311552,0,0,0,0,73,13,0.700127,0.212575,0.539903,1.736892,0.0,0.593023,0.134112,1.009757
C1,P1,3,349,7,13,24.618801,27,28311552,0,0,0,0,36,9,0.511135,0.148448,0.521599,3.154522,0.0,0.88451,2.245116,0.024896
C1,P1,3,350,7,14,21.408047,42,9437184,0,0,0,0,99,14,0.748992,0.229696,0.180416,2.140317,0.0,0.965439,1.149246,0.025632
C1,P1,3,351,7,15,22.471367,51,18874368,0,0,0,0,107,17,0.885311,0.27824,0.358688,2.520538,0.0,2.319706,0.040448,0.160384
C1,P1,3,352,7,16,20.893998,54,18874368,0,0,0,0,85,18,0.924574,0.292895,0.349439,1.674524,0.0,1.369437,0.028352,0.276735
C1,P1,3,353,7,17,21.502016,54,18874368,0,0,0,0,89,18,0.940508,0.292894,0.353247,2.306652,0.0,1.248221,0.028224,1.030207
C1,P1,3,354,7,18,20.210638,33,18874368,0,0,0,0,104,11,0.594815,0.182368,0.349984,4.887127,0.0,1.029086,0.372479,3.485562
C1,P1,3,355,7,19,20.007601,39,18874368,0,0,0,0,80,13,0.694527,0.213952,0.358655,1.875134,0.0,1.331326,0.028512,0.515296
C1,P1,3,356,7,20,20.068872,30,18874368,0,0,0,0,43,10,0.564384,0.165248,0.348448,4.644886,0.0,0.057503,1.261277,3.326106
C1,P1,3,357,7,21,19.142649,48,18874368,0,0,0,0,115,16,0.855518,0.260896,0.347008,1.226621,0.0,0.780094,0.069056,0.377471
C1,P1,3,358,7,22,11.17219,9,28311552,0,0,0,0,18,3,0.242336,0.051424,0.535743,0.469503,0.0,0.418336,0.028256,0.022911
C1,P1,3,359,7,23,13.982195,12,9437184,0,0,0,0,66,4,0.285503,0.068352,0.177152,3.737082,0.0,0.876895,2.180508,0.679679
C1,P1,3,360,7,24,21.695361,42,37748736,0,0,0,0,68,14,0.732189,0.228062,0.715486,1.965116,0.0,0.595263,0.698879,0.670974
C1,P1,3,361,7,25,25.894808,48,28311552,0,0,0,0,70,16,0.83363,0.260255,0.530047,2.666427,0.0,0.907455,1.733564,0.025408
C1,P1,3,362,7,26,26.07642,45,18874368,0,0,0,0,90,15,0.812478,0.244896,0.3608,3.546233,0.0,2.406108,0.826014,0.314111
C1,P1,3,363,7,27,21.691219,51,18874368,0,0,0,0,101,17,0.90496,0.278144,0.353024,3.922584,0.0,0.838655,0.602974,2.480955
C1,P1,3,364,7,28,19.990164,48,18874368,0,0,0,0,92,16,0.847455,0.260831,0.354976,3.113081,0.0,0.999133,1.14163,0.972318
C1,P1,3,365,7,29,16.58313,27,28311552,0,0,0,0,43,9,0.51904,0.149568,0.528862,3.520216,0.0,1.025661,0.954462,1.540093
C1,P1,3,366,7,30,24.098942,39,37748736,0,0,0,0,93,13,0.694047,0.212128,0.706302,5.535796,0.0,2.122492,0.02816,3.385144
C1,P1,3,367,7,31,26.764981,63,37748736,0,0,0,0,109,21,1.065855,0.339936,0.695551,1.007454,0.0,0.864414,0.117664,0.025376
C1,P1,3,368,7,32,11.87435,12,18874368,0,0,0,0,23,4,0.289248,0.067872,0.356639,0.806751,0.0,0.696159,0.08704,0.023552
C1,P1,3,369,7,33,24.308731,51,47185920,0,0,0,0,88,17,0.886143,0.27488,0.885759,1.238878,0.0,1.18467,0.029056,0.025152
C1,P1,3,370,7,34,13.225932,12,28311552,0,0,0,0,15,4,0.282495,0.067839,0.532158,2.956506,0.0,0.647647,0.98627,1.322589
C1,P1,3,371,7,35,17.19114,33,28311552,0,0,0,0,49,11,0.605854,0.179968,0.542142,1.547166,0.0,1.49395,0.028352,0.024864
C1,P1,3,372,7,36,11.593875,9,18874368,0,0,0,0,50,3,0.240798,0.051456,0.351039,2.818521,0.0,0.925374,1.271293,0.621854
C1,P1,3,373,7,37,14.27964,15,28311552,0,0,0,0,86,5,0.345183,0.084575,0.534111,0.521215,0.0,0.346432,0.117088,0.057695
C1,P1,3,374,7,38,20.195903,30,47185920,0,0,0,0,24,10,0.541216,0.162336,0.889598,0.470238,0.0,0.025599,0.028128,0.416511
C1,P1,3,375,7,39,26.854149,42,56623104,0,0,0,0,109,14,0.764254,0.228575,1.058493,5.509524,0.0,4.586134,0.898046,0.025344
C1,P1,3,376,7,40,18.990429,21,37748736,0,0,0,0,15,7,0.410816,0.115616,0.716382,2.756506,0.0,0.933982,0.096128,1.726396
C1,P1,3,377,7,41,13.323437,12,18874368,0,0,0,0,8,4,0.277024,0.068384,0.356671,2.585019,0.0,0.649311,0.373247,1.562461
C1,P1,3,378,7,42,19.64453,12,28311552,0,0,0,0,10,4,0.276735,0.068128,0.531967,6.938865,0.0,4.562262,0.072416,2.304187
C1,P1,3,379,7,43,14.232267,9,28311552,0,0,0,0,15,3,0.240351,0.051168,0.535583,3.253274,0.0,1.314141,0.372255,1.566878
C1,P1,3,380,7,44,26.259804,36,47185920,0,0,0,0,56,12,0.655744,0.195904,0.898846,3.943703,0.0,1.162205,1.676188,1.10531
C1,P1,3,381,7,45,15.839912,15,28311552,0,0,0,0,68,5,0.326911,0.084192,0.538175,2.410941,0.0,2.062589,0.324128,0.024224
C1,P1,3,382,7,46,24.191045,33,37748736,0,0,0,0,80,11,0.616256,0.181632,0.723935,2.758328,0.0,2.346746,0.028224,0.383358
C1,P1,3,383,7,47,16.665999,18,37748736,0,0,0,0,59,6,0.373567,0.099904,0.706686,2.448125,0.0,1.996157,0.275488,0.17648
C1,P1,3,384,8,0,42.473006,63,66060288,0,0,0,0,84,21,1.063838,0.339392,1.232381,4.127768,0.0,3.958968,0.028576,0.140224
C1,P1,3,385,8,1,14.865315,15,47185920,0,0,0,0,24,5,0.33072,0.083104,0.88867,2.604251,0.0,0.629566,0.543295,1.43139
C1,P1,3,386,8,2,14.180964,15,37748736,0,0,0,0,72,5,0.345247,0.084895,0.715135,0.968541,0.0,0.640574,0.028352,0.299615
C1,P1,3,387,8,3,15.293685,6,18874368,0,0,0,0,17,2,0.19952,0.035104,0.359072,5.792789,0.0,4.716694,0.066912,1.009183
C1,P1,3,388,8,4,26.730475,45,47185920,0,0,0,0,62,15,0.782495,0.24304,0.902846,3.041625,0.0,2.675802,0.028384,0.337439
C1,P1,3,389,8,5,20.990683,42,28311552,0,0,0,0,89,14,0.746783,0.228639,0.553375,3.187417,0.0,1.119549,0.465823,1.602045
C1,P1,3,390,8,6,19.556934,42,28311552,0,0,0,0,111,14,0.767773,0.228767,0.535423,1.009151,0.0,0.837471,0.147136,0.024544
C1,P1,3,391,8,7,20.512145,36,18874368,0,0,0,0,98,12,0.656349,0.197728,0.358336,3.470488,0.0,0.761598,0.411839,2.297051
C1,P1,3,392,8,8,27.439157,51,37748736,0,0,0,0,74,17,0.885952,0.27488,0.703646,6.462546,0.0,0.071008,0.028064,6.363474
C1,P1,3,393,8,9,23.806881,45,28311552,0,0,0,0,59,15,0.78294,0.244478,0.529503,3.194873,0.0,1.550844,1.593341,0.050688
C1,P1,3,394,8,10,29.842107,51,47185920,0,0,0,0,114,17,0.897598,0.275327,0.895486,2.140157,0.0,2.086941,0.028352,0.024864
C1,P1,3,395,8,11,26.575514,48,56623104,0,0,0,0,46,16,0.817471,0.2584,1.088702,6.217203,0.0,0.76931,2.194395,3.253498
C1,P1,3,396,8,12,27.634803,48,47185920,0,0,0,0,84,16,0.833502,0.260703,0.89795,3.044922,0.0,2.519834,0.421664,0.103424
C1,P1,3,397,8,13,23.678678,36,47185920,0,0,0,0,46,12,0.646623,0.196128,0.871679,1.505885,0.0,0.496831,0.506815,0.502239
C1,P1,3,398,8,14,23.027219,51,37748736,0,0,0,0,98,17,0.867359,0.276959,0.705246,1.31267,0.0,1.002622,0.284928,0.02512
C1,P1,3,399,8,15,1868.677267,69,28311552,0,0,0,0,114,23,1.155453,0.373344,0.533535,1841.957895,0.0,0.025664,1841.831975,0.100256
C1,P1,3,400,8,16,32.349045,51,47185920,0,0,0,0,91,17,0.879389,0.27728,0.883806,9.28859,0.0,1.985245,6.74901,0.554335
C1,P1,3,401,8,17,32.5597,63,47185920,0,0,0,0,81,21,1.059263,0.338495,0.874494,6.660114,0.0,3.207449,2.773498,0.679167
C1,P1,3,402,8,18,25.47372,36,18874368,0,0,0,0,117,12,0.642495,0.197376,0.350559,4.342327,0.0,0.024992,3.558361,0.758974
C1,P1,3,403,8,19,25.244701,42,28311552,0,0,0,0,102,14,0.747291,0.228286,0.535135,4.410328,0.0,3.199289,0.857471,0.353568
C1,P1,3,404,8,20,20.93832,27,28311552,0,0,0,0,40,9,0.515614,0.148544,0.530079,3.283544,0.0,0.785822,0.028256,2.469466
C1,P1,3,405,8,21,22.396053,54,37748736,0,0,0,0,111,18,0.939391,0.292159,0.705119,2.224861,0.0,0.791392,0.564575,0.868894
C1,P1,3,406,8,22,13.358798,9,28311552,0,0,0,0,27,3,0.250016,0.052032,0.531871,1.343133,0.0,1.174109,0.044512,0.124512
C1,P1,3,407,8,23,18.546893,18,37748736,0,0,0,0,72,6,0.388959,0.100544,0.712382,2.145819,0.0,1.391293,0.729438,0.025088
C1,P1,3,408,8,24,25.278305,39,47185920,0,0,0,0,82,13,0.689888,0.211456,0.89603,2.040283,0.0,1.008573,0.663839,0.367871
C1,P1,3,409,8,25,25.578468,51,47185920,0,0,0,0,53,17,0.861918,0.274015,0.885471,0.936829,0.0,0.883806,0.028415,0.024608
C1,P1,3,410,8,26,27.723863,54,47185920,0,0,0,0,95,18,0.929981,0.292095,0.892062,6.521586,0.0,1.365469,0.2584,4.897717
C1,P1,3,411,8,27,29.243786,63,37748736,0,0,0,0,112,21,1.079903,0.340095,0.714751,3.751608,0.0,1.754395,1.568829,0.428384
C1,P1,3,412,8,28,27.309043,57,47185920,0,0,0,0,96,19,0.969312,0.306272,0.896702,1.154974,0.0,1.101502,0.028064,0.025408
C1,P1,3,413,8,29,19.166347,30,37748736,0,0,0,0,47,10,0.566046,0.164992,0.723647,2.417372,0.0,0.521887,0.857023,1.038462
C1,P1,3,414,8,30,20.656372,33,28311552,0,0,0,0,102,11,0.620831,0.181888,0.531039,1.490622,0.0,0.025312,0.028192,1.437118
C1,P1,3,415,8,31,23.688682,54,28311552,0,0,0,0,125,18,0.936319,0.292896,0.521119,0.802655,0.0,0.684799,0.092576,0.02528
C1,P1,3,416,8,32,15.015665,15,28311552,0,0,0,0,33,5,0.340768,0.084224,0.525183,3.375065,0.0,1.043998,2.307003,0.024064
C1,P1,3,417,8,33,25.294385,51,56623104,0,0,0,0,72,17,0.875962,0.274366,1.062909,0.195839,0.0,0.025472,0.145791,0.024576
C1,P1,3,418,8,34,16.651695,15,37748736,0,0,0,0,36,5,0.342878,0.084383,0.714462,3.45532,0.0,1.141597,2.289627,0.024096
C1,P1,3,419,8,35,23.122909,36,47185920,0,0,0,0,49,12,0.649344,0.19552,0.878079,0.079264,0.0,0.025472,0.02848,0.025312
C1,P1,3,420,8,36,11.603514,9,18874368,0,0,0,0,56,3,0.248992,0.051904,0.362144,0.64163,0.0,0.025216,0.028576,0.587838
C1,P1,3,421,8,37,12.358068,15,28311552,0,0,0,0,94,5,0.339135,0.0848,0.527647,0.081312,0.0,0.025312,0.030656,0.025344
C1,P1,3,422,8,38,21.318053,30,47185920,0,0,0,0,13,10,0.536448,0.162688,0.883455,4.50207,0.0,0.415615,1.921404,2.165051
C1,P1,3,423,8,39,23.582877,42,47185920,0,0,0,0,121,14,0.752991,0.228128,0.885311,3.34185,0.0,0.443679,1.629085,1.269086
C1,P1,3,424,8,40,22.552946,21,47185920,0,0,0,0,11,7,0.40736,0.115296,0.893886,5.945362,0.0,1.682556,0.463423,3.799383
C1,P1,3,425,8,41,13.882171,15,28311552,0,0,0,0,12,5,0.32272,0.085088,0.555327,0.968607,0.0,0.854623,0.090016,0.023968
C1,P1,3,426,8,42,19.238034,15,37748736,0,0,0,0,11,5,0.322655,0.083775,0.716766,4.639736,0.0,0.803552,2.509083,1.327101
C1,P1,3,427,8,43,14.411123,9,28311552,0,0,0,0,9,3,0.234975,0.051264,0.542783,3.57404,0.0,0.733502,2.253371,0.587167
C1,P1,3,428,8,44,20.306176,30,37748736,0,0,0,0,49,10,0.564192,0.163904,0.718527,2.94905,0.0,0.065408,0.028416,2.855226
C1,P1,3,429,8,45,16.582935,21,37748736,0,0,0,0,84,7,0.428223,0.117408,0.707774,2.461722,0.0,1.222717,0.028448,1.210557
C1,P1,3,430,8,46,22.23039,39,47185920,0,0,0,0,79,13,0.70096,0.21248,0.883006,3.129528,0.0,0.602046,0.632671,1.894811
C1,P1,3,431,8,47,16.856006,21,47185920,0,0,0,0,77,7,0.445951,0.114912,0.895998,1.619229,0.0,1.355261,0.028384,0.235584
C2,P1,0,0,0,0,90.853275,90,283115520,4656,0,4656,0,3997,30,1.674884,0.531809,5.257799,17.058422,0.005312,0.123008,9.903885,7.026217
C2,P1,0,1,0,1,68.255656,66,207618048,4656,0,4656,0,3699,22,1.26781,0.397664,3.890917,8.255979,0.005472,0.041728,6.190601,2.018178
C2,P1,0,2,0,2,69.409926,54,169869312,4656,0,4656,0,2819,18,1.060582,0.319201,3.158084,11.156238,0.005632,0.832609,7.536394,2.781603
C2,P1,0,3,0,3,68.381064,48,150994944,4656,0,4656,0,3205,16,0.986402,0.295009,2.828323,17.298357,0.00528,3.240195,7.66897,6.383912
C2,P1,0,4,0,4,75.680027,81,254803968,4656,0,4656,0,3537,27,1.503041,0.477377,4.792998,10.535374,0.005248,0.669761,5.646375,4.21399
C2,P1,0,5,0,5,81.148759,87,273678336,4656,0,4656,0,3337,29,1.616354,0.511552,5.134663,14.474676,0.005408,0.042112,7.952203,6.474953
C2,P1,0,6,0,6,75.783223,81,254803968,4656,0,4656,0,3026,27,1.50941,0.47728,4.810342,13.686769,0.005568,0.042528,8.383722,5.254951
C2,P1,0,7,0,7,79.113762,78,245366784,4656,0,4656,0,2394,26,1.404643,0.446338,4.582406,17.240085,0.005504,1.615234,7.609833,8.009514
C2,P1,0,8,0,8,86.416259,84,264241152,4656,0,4656,0,2315,28,1.520034,0.482976,4.991878,18.628728,0.005568,8.273451,7.450314,2.899395
C2,P1,0,9,0,9,86.470799,84,264241152,4656,0,4656,0,2580,28,1.55565,0.486049,5.038598,15.269331,0.005312,4.677094,9.793805,0.79312
C2,P1,0,10,0,10,83.448459,90,283115520,4656,0,4656,0,2888,30,1.637475,0.519489,5.390152,14.594674,0.00528,1.742689,6.173576,6.673129
C2,P1,0,11,0,11,82.95458,90,283115520,4656,0,4656,0,3672,30,1.653889,0.523552,5.489703,14.399058,0.005536,0.042048,5.742215,8.609259
C2,P1,0,12,0,12,84.679644,90,283115520,4656,0,4656,0,2626,30,1.616481,0.517216,5.539271,14.287667,0.005536,0.110464,5.493799,8.677868
C2,P1,0,13,0,13,81.498268,81,254803968,4656,0,4656,0,3177,27,1.49597,0.474208,4.982758,13.88357,0.005344,0.041376,5.352678,8.484172
C2,P1,0,14,0,14,87.944003,81,254803968,4656,0,4656,0,2813,27,1.475268,0.465954,5.000583,8.548586,0.005536,0.042048,7.454441,1.046561
C2,P1,0,15,0,15,80.840245,81,254803968,4656,0,4656,0,2196,27,1.471232,0.464864,5.033351,15.449491,0.005568,1.191234,5.43207,8.820619
C2,P1,0,16,0,16,78.57547,81,254803968,4656,0,4656,0,3664,27,1.509634,0.474176,5.003399,11.343694,0.005536,0.042304,5.587687,5.708167
C2,P1,0,17,0,17,88.760831,87,273678336,4656,0,4656,0,3829,29,1.63818,0.517025,5.313799,13.738961,0.00528,0.041536,7.149225,6.54292
C2,P1,0,18,0,18,93.007333,81,254803968,4656,0,4656,0,3781,27,1.514274,0.473536,5.065286,10.311694,0.005344,1.833186,6.131848,2.341316
C2,P1,0,19,0,19,94.373795,78,245366784,4656,0,4656,0,2273,26,1.412036,0.448321,4.871814,14.856466,0.005696,0.041984,7.889258,6.919528
C2,P1,0,20,0,20,96.048108,81,254803968,4656,0,4656,0,3867,27,1.525603,0.484,4.888263,8.528363,0.005376,1.444577,7.00289,0.07552
C2,P1,0,21,0,21,101.565884,84,264241152,4656,0,4656,0,2230,28,1.54666,0.476993,5.236199,15.51186,0.00528,0.041888,7.223785,8.240907
C2,P1,0,22,0,22,81.748773,54,169869312,4656,0,4656,0,2805,18,1.068961,0.323136,3.37098,13.153778,0.005536,0.042144,6.01844,7.087658
C2,P1,0,23,0,23,92.029877,69,217055232,4656,0,4656,0,3986,23,1.331392,0.409728,4.333317,14.233747,0.005472,0.04256,6.149768,8.035947
C2,P1,0,24,0,24,95.828741,87,273678336,4656,0,4656,0,2613,29,1.571203,0.496193,5.478184,9.744206,0.005536,0.042432,8.808716,0.887522
C2,P1,0,25,0,25,100.643135,81,254803968,4656,0,4656,0,3174,27,1.500834,0.46957,5.055687,13.417938,0.005248,0.782305,6.476328,6.154057
C2,P1,0,26,0,26,95.570014,84,264241152,4656,0,4656,0,3455,28,1.552707,0.488065,5.298183,10.21051,0.005472,0.096448,6.398729,3.709861
C2,P1,0,27,0,27,103.235375,84,264241152,4656,0,4656,0,1686,28,1.528963,0.47376,5.285063,16.233558,0.005312,0.305089,8.159626,7.763531
C2,P1,0,28,0,28,97.700219,81,254803968,4656,0,4656,0,3729,27,1.514592,0.470464,5.071783,10.447791,0.005568,0.811873,8.108395,1.521955
C2,P1,0,29,0,29,87.024601,63,198180864,4656,0,4656,0,5244,21,1.297858,0.401698,3.982853,13.757139,0.005536,0.042144,8.63486,5.074599
C2,P1,0,30,0,30,118.193332,84,264241152,4656,0,4656,0,5552,28,1.634594,0.510016,5.275303,19.053145,0.180736,1.298402,9.304524,8.269483
C2,P1,0,31,0,31,101.713269,81,254803968,4656,0,4656,0,2456,27,1.481603,0.467874,5.106599,8.440139,0.005472,0.042592,7.902186,0.489889
C2,P1,0,32,0,32,82.209479,54,169869312,4656,0,4656,0,3610,18,1.084898,0.328513,3.374149,11.790449,0.005248,2.737252,5.568808,3.479141
C2,P1,0,33,0,33,102.507636,84,264241152,4656,0,4656,0,3467,28,1.603746,0.499936,5.258695,14.368916,0.005568,0.840002,5.860776,7.66257
C2,P1,0,34,0,34,83.615181,60,188743680,4656,0,4656,0,4141,20,1.186146,0.366817,3.771525,10.258926,0.005504,0.093088,8.080491,2.079843
C2,P1,0,35,0,35,92.767459,69,217055232,4656,0,4656,0,3149,23,1.305922,0.404769,4.331782,16.605174,0.005248,8.678283,6.113928,1.807715
C2,P1,0,36,0,36,77.949869,45,141557760,4656,0,4656,0,4433,15,0.994529,0.29408,2.82314,15.047667,0.005696,1.042657,7.902027,6.097287
C2,P1,0,37,0,37,72.317319,51,160432128,4656,0,4656,0,3676,17,1.044514,0.316801,3.235109,7.416169,0.005568,0.042432,6.410952,0.957217
C2,P1,0,38,0,38,87.062299,63,198180864,4656,0,4656,0,4208,21,1.25645,0.379456,3.942277,13.416497,0.005216,5.949383,6.252809,1.209089
C2,P1,0,39,0,39,85.85405,60,188743680,4656,0,4656,0,3015,20,1.153185,0.353665,3.825221,12.807888,0.005312,1.414338,7.731402,3.656836
C2,P1,0,40,0,40,88.874366,63,198180864,4656,0,4656,0,3711,21,1.255426,0.38285,3.945221,14.508529,0.00528,1.155617,8.40161,4.946022
C2,P1,0,41,0,41,85.621752,54,169869312,4656,0,4656,0,4162,18,1.122336,0.33536,3.383556,17.255766,0.00544,2.092547,8.19265,6.965129
C2,P1,0,42,0,42,83.369833,57,179306496,4656,0,4656,0,2856,19,1.113985,0.336929,3.613797,13.670291,0.00528,0.977474,8.430891,4.256646
C2,P1,0,43,0,43,77.127411,51,160432128,4656,0,4656,0,2975,17,1.044,0.3064,3.207652,8.794666,0.00528,0.991008,7.640362,0.158016
C2,P1,0,44,0,44,92.420097,72,226492416,4656,0,4656,0,4072,24,1.446947,0.436705,4.445637,9.853357,0.005568,0.042369,7.907562,1.897858
C2,P1,0,45,0,45,78.084782,51,160432128,4656,0,4656,0,3955,17,1.090817,0.321088,3.173348,13.104273,0.005344,0.04224,6.273352,6.783337
C2,P1,0,46,0,46,94.61528,66,207618048,4656,0,4656,0,2514,22,1.225728,0.38336,4.133541,8.190603,0.005536,0.04224,5.699816,2.443011
C2,P1,0,47,0,47,75.002913,48,150994944,4656,0,4656,0,4050,16,1.010784,0.301696,2.998372,9.755694,0.005248,0.041728,5.804232,3.904486
C2,P1,0,48,1,0,13.523789,15,28311552,4656,0,4656,0,145,5,0.328225,0.083904,0.523297,2.232132,0.005472,0.049248,1.130242,1.04717
C2,P1,0,49,1,1,9.700058,3,9437184,4656,0,4656,0,32,1,0.135552,0.017376,0.1744,1.700514,0.00544,0.995777,0.676577,0.02272
C2,P1,0,50,1,2,7.086341,3,9437184,4656,0,4656,0,32,1,0.135904,0.01696,0.175073,1.698945,0.00544,0.203104,0.978624,0.511777
C2,P1,0,51,1,3,8.0769,6,9437184,4656,0,4656,0,58,2,0.187776,0.034976,0.174752,1.572099,0.005216,0.584386,0.959585,0.022912
C2,P1,0,52,1,4,12.176551,18,18874368,4656,0,4656,0,84,6,0.375936,0.099328,0.362336,1.557347,0.005184,0.025152,1.017186,0.509825
C2,P1,0,53,1,5,18.664894,18,28311552,4656,0,4656,0,22,6,0.374432,0.098048,0.525601,7.01524,0.005216,0.528544,2.405731,4.075749
C2,P1,0,54,1,6,18.574239,9,0,4656,0,4656,0,46,3,0.24,0.052032,0.0,4.338087,0.005376,0.769058,0.962017,2.601636
C2,P1,0,55,1,7,15.041901,12,18874368,4656,0,4656,0,22,4,0.288032,0.066976,0.358752,2.272708,0.005472,0.026208,1.576931,0.664097
C2,P1,0,56,1,8,14.21484,9,18874368,4656,0,4656,0,11,3,0.237123,0.051264,0.348544,4.993286,0.005792,0.025984,1.056417,3.905093
C2,P1,0,57,1,9,11.939389,12,9437184,4656,0,4656,0,54,4,0.29152,0.06832,0.174016,2.276002,0.005184,0.025216,1.035969,1.209633
C2,P1,0,58,1,10,13.575682,15,18874368,4656,0,4656,0,35,5,0.339553,0.083264,0.366112,2.955044,0.005184,0.489921,1.047489,1.41245
C2,P1,0,59,1,11,12.951081,18,9437184,4656,0,4656,0,89,6,0.380322,0.100225,0.177953,3.186117,0.00544,0.037728,2.503556,0.639393
C2,P1,0,60,1,12,14.079113,6,9437184,4656,0,4656,0,61,2,0.18752,0.034752,0.1752,4.480229,0.005376,0.026112,0.69552,3.753221
C2,P1,0,61,1,13,13.800681,18,18874368,4656,0,4656,0,90,6,0.374849,0.099968,0.348864,3.030019,0.00544,1.789185,1.210338,0.025056
C2,P1,0,62,1,14,15.790527,15,9437184,4656,0,4656,0,68,5,0.344193,0.084384,0.184097,5.995656,0.005216,0.631712,1.046658,4.31207
C2,P1,0,63,1,15,15.553063,21,18874368,4656,0,4656,0,47,7,0.42656,0.115712,0.348161,4.519431,0.0056,0.025664,1.133026,3.355141
C2,P1,0,64,1,16,13.838497,12,9437184,4656,0,4656,0,101,4,0.284448,0.068064,0.173664,3.049123,0.005216,0.866656,0.418657,1.758594
C2,P1,0,65,1,17,14.419871,12,9437184,4656,0,4656,0,89,4,0.28096,0.068576,0.182305,4.389158,0.005216,0.657601,1.018114,2.708227
C2,P1,0,66,1,18,16.584446,27,18874368,4656,0,4656,0,29,9,0.508672,0.147104,0.358016,2.572227,0.00544,0.0256,0.027872,2.513315
C2,P1,0,67,1,19,25.909684,18,18874368,4656,0,4656,0,26,6,0.379296,0.09888,0.35088,13.3244,0.005216,10.455949,1.197281,1.665954
C2,P1,0,68,1,20,18.291146,24,28311552,4656,0,4656,0,62,8,0.471073,0.131425,0.547873,4.021988,0.005216,0.026528,1.152065,2.838179
C2,P1,0,69,1,21,15.11095,9,9437184,4656,0,4656,0,26,3,0.236672,0.051136,0.173793,6.690569,0.005376,0.025632,1.031777,5.627784
C2,P1,0,70,1,22,11.13473,9,18874368,4656,0,4656,0,96,3,0.230849,0.050752,0.359201,1.329027,0.005472,0.567393,0.73197,0.024192
C2,P1,0,71,1,23,13.458577,9,18874368,4656,0,4656,0,51,3,0.233312,0.050784,0.386593,3.676292,0.00512,0.940065,1.075585,1.655522
C2,P1,0,72,1,24,15.26263,12,18874368,4656,0,4656,0,11,4,0.278944,0.066944,0.347777,6.120265,0.005472,0.025792,1.065474,5.023527
C2,P1,0,73,1,25,12.959278,12,18874368,4656,0,4656,0,41,4,0.287168,0.068768,0.362177,2.425668,0.005472,0.629953,0.669538,1.120705
C2,P1,0,74,1,26,14.663458,21,18874368,4656,0,4656,0,89,7,0.410241,0.115904,0.363425,1.699202,0.005408,0.585568,1.082721,0.025505
C2,P1,0,75,1,27,18.410865,6,18874368,4656,0,4656,0,31,2,0.196608,0.034432,0.365888,9.231085,0.005216,0.025152,1.066914,8.133803
C2,P1,0,76,1,28,13.804935,15,18874368,4656,0,4656,0,55,5,0.345248,0.083744,0.374912,3.710148,0.005184,0.025408,1.077665,2.601891
C2,P1,0,77,1,29,14.460948,18,18874368,4656,0,4656,0,119,6,0.366754,0.100352,0.347489,1.219299,0.005408,0.640162,0.548481,0.025248
C2,P1,0,78,1,30,16.113303,33,28311552,4656,0,4656,0,39,11,0.601345,0.178848,0.543649,1.758019,0.005376,0.545857,1.181474,0.025312
C2,P1,0,79,1,31,20.191806,24,28311552,4656,0,4656,0,46,8,0.467776,0.130688,0.534177,5.746217,0.005408,0.728194,1.10893,3.903685
C2,P1,0,80,1,32,8.499555,6,9437184,4656,0,4656,0,64,2,0.18672,0.034912,0.182336,1.591074,0.005408,0.02544,1.537282,0.022944
C2,P1,0,81,1,33,11.982726,15,18874368,4656,0,4656,0,36,5,0.319776,0.0824,0.356289,1.873156,0.00528,0.402017,1.07549,0.390369
C2,P1,0,82,1,34,8.904698,6,18874368,4656,0,4656,0,56,2,0.187648,0.034272,0.362849,1.934242,0.005408,0.264256,0.986177,0.678401
C2,P1,0,83,1,35,12.107693,12,18874368,4656,0,4656,0,58,4,0.283136,0.067392,0.34784,0.878882,0.005248,0.02528,0.736193,0.112161
C2,P1,0,84,1,36,10.016781,9,9437184,4656,0,4656,0,71,3,0.239682,0.051585,0.19152,2.773988,0.00528,1.75277,0.992162,0.023776
C2,P1,0,85,1,37,9.847139,6,9437184,4656,0,4656,0,62,2,0.187424,0.034848,0.174656,0.396161,0.005408,0.025952,0.341825,0.022976
C2,P1,0,86,1,38,12.637332,12,18874368,4656,0,4656,0,105,4,0.278016,0.068128,0.36688,3.968804,0.00544,0.243936,2.19245,1.526978
C2,P1,0,87,1,39,15.338503,12,18874368,4656,0,4656,0,115,4,0.280097,0.068256,0.362113,4.225383,0.005184,0.025793,1.117826,3.07658
C2,P1,0,88,1,40,11.247199,12,9437184,4656,0,4656,0,94,4,0.278049,0.067904,0.173952,1.515265,0.005216,0.471552,1.013697,0.0248
C2,P1,0,89,1,41,11.279482,15,18874368,4656,0,4656,0,141,5,0.337184,0.083552,0.359233,1.149602,0.005376,0.067456,1.051714,0.025056
C2,P1,0,90,1,42,12.742724,12,18874368,4656,0,4656,0,119,4,0.279104,0.068768,0.352353,1.179363,0.005504,0.728706,0.419873,0.02528
C2,P1,0,91,1,43,12.274332,3,9437184,4656,0,4656,0,32,1,0.136097,0.0176,0.173632,5.646088,0.005408,0.329633,1.052898,4.258149
C2,P1,0,92,1,44,15.045351,30,9437184,4656,0,4656,0,109,10,0.55936,0.1648,0.173664,0.085665,0.005376,0.025953,0.028896,0.02544
C2,P1,0,93,1,45,14.89799,18,18874368,4656,0,4656,0,110,6,0.377248,0.099776,0.372896,3.363845,0.005632,2.450051,0.883298,0.024864
C2,P1,0,94,1,46,15.010666,27,18874368,4656,0,4656,0,142,9,0.526336,0.149312,0.370209,1.286018,0.00528,0.025312,1.229474,0.025952
C2,P1,0,95,1,47,14.58116,6,18874368,4656,0,4656,0,62,2,0.187969,0.035233,0.362337,7.358954,0.005184,5.235432,1.057665,1.060673
C2,P1,0,96,2,0,18.053481,33,18874368,4656,0,4656,0,143,11,0.60637,0.180672,0.361856,2.307524,0.005376,0.027712,1.127074,1.147362
C2,P1,0,97,2,1,10.238409,6,18874368,4656,0,4656,0,11,2,0.194624,0.034144,0.350081,2.821188,0.005408,0.025728,2.700516,0.089536
C2,P1,0,98,2,2,11.729685,6,18874368,4656,0,4656,0,7,2,0.190048,0.034464,0.34944,0.864033,0.005472,0.076224,0.759169,0.023168
C2,P1,0,99,2,3,9.182795,3,9437184,4656,0,4656,0,3,1,0.13664,0.016704,0.175488,3.468229,0.005152,0.672098,1.829154,0.961825
C2,P1,0,100,2,4,18.327152,36,28311552,4656,0,4656,0,74,12,0.639137,0.194752,0.526753,1.378402,0.005152,0.529697,0.819041,0.024512
C2,P1,0,101,2,5,18.006339,30,28311552,4656,0,4656,0,58,10,0.558817,0.16272,0.523712,3.311524,0.005184,0.655329,1.138785,1.512226
C2,P1,0,102,2,6,20.205435,39,37748736,4656,0,4656,0,79,13,0.692865,0.210912,0.697889,0.977953,0.00512,0.025376,0.922049,0.025408
C2,P1,0,103,2,7,20.313004,36,28311552,4656,0,4656,0,54,12,0.640608,0.195488,0.523232,2.085987,0.0056,0.542913,1.512482,0.024992
C2,P1,0,104,2,8,20.666155,30,47185920,4656,0,4656,0,31,10,0.548737,0.16096,0.891329,3.586375,0.005152,0.94109,1.396611,1.243522
C2,P1,0,105,2,9,28.575926,33,47185920,4656,0,4656,0,46,11,0.606848,0.177792,0.893249,9.10667,0.0056,6.309993,1.028546,1.762531
C2,P1,0,106,2,10,17.535159,27,28311552,4656,0,4656,0,39,9,0.504001,0.14608,0.547393,2.045827,0.005408,0.876642,0.841793,0.321984
C2,P1,0,107,2,11,18.766938,36,28311552,4656,0,4656,0,92,12,0.649345,0.196288,0.522273,2.290212,0.005568,1.18269,1.076705,0.025249
C2,P1,0,108,2,12,18.798402,33,37748736,4656,0,4656,0,75,11,0.593665,0.178593,0.732385,2.177283,0.005376,0.475809,1.227297,0.468801
C2,P1,0,109,2,13,19.359064,33,37748736,4656,0,4656,0,71,11,0.590976,0.17904,0.742017,2.573571,0.005184,1.235969,1.307906,0.024512
C2,P1,0,110,2,14,18.346067,30,18874368,4656,0,4656,0,52,10,0.569248,0.163328,0.348609,3.340549,0.005376,1.140514,2.157603,0.037056
C2,P1,0,111,2,15,18.282312,24,28311552,4656,0,4656,0,26,8,0.462786,0.131553,0.544129,4.80935,0.00528,0.330464,2.259107,2.214499
C2,P1,0,112,2,16,23.919225,36,28311552,4656,0,4656,0,97,12,0.651936,0.195424,0.533089,6.862121,0.005216,4.129766,2.282499,0.44464
C2,P1,0,113,2,17,21.34688,27,28311552,4656,0,4656,0,71,9,0.508385,0.148,0.559041,6.06292,0.005376,0.372225,2.253763,3.431556
C2,P1,0,114,2,18,16.212228,39,18874368,4656,0,4656,0,51,13,0.693794,0.211072,0.348736,1.225537,0.005408,0.025376,1.169345,0.025408
C2,P1,0,115,2,19,18.120177,30,9437184,4656,0,4656,0,31,10,0.551329,0.163201,0.173632,3.764742,0.00544,0.025728,1.06893,2.664644
C2,P1,0,116,2,20,20.342037,36,28311552,4656,0,4656,0,62,12,0.643233,0.194656,0.544065,3.063876,0.005216,0.520544,1.190914,1.347202
C2,P1,0,117,2,21,21.872572,27,28311552,4656,0,4656,0,32,9,0.508128,0.146464,0.522625,6.492904,0.005216,0.724481,1.228481,4.534726
C2,P1,0,118,2,22,15.497192,12,18874368,4656,0,4656,0,110,4,0.276865,0.068064,0.34736,0.912482,0.00544,0.249217,0.633313,0.024512
C2,P1,0,119,2,23,16.227439,18,18874368,4656,0,4656,0,67,6,0.371168,0.09952,0.348417,0.556672,0.00544,0.025216,0.501824,0.024192
C2,P1,0,120,2,24,27.642387,30,37748736,4656,0,4656,0,27,10,0.545888,0.162176,0.695905,1.553762,0.005376,0.025376,0.617153,0.905857
C2,P1,0,121,2,25,24.333438,39,28311552,4656,0,4656,0,61,13,0.685664,0.209312,0.521921,0.567776,0.0056,0.025536,0.51056,0.02608
C2,P1,0,122,2,26,23.352793,27,28311552,4656,0,4656,0,65,9,0.508064,0.147168,0.520993,0.67792,0.0056,0.025344,0.62176,0.025216
C2,P1,0,123,2,27,29.73971,18,28311552,4656,0,4656,0,20,6,0.371104,0.098048,0.526625,8.407883,0.005184,0.025792,0.523073,7.853834
C2,P1,0,124,2,28,22.856394,30,28311552,4656,0,4656,0,45,10,0.563424,0.162912,0.521312,0.910785,0.005472,0.025536,0.853793,0.025984
C2,P1,0,125,2,29,15.501242,24,28311552,4656,0,4656,0,124,8,0.482592,0.131968,0.521633,2.417346,0.005376,0.02512,1.141313,1.245537
C2,P1,0,126,2,30,20.886491,42,18874368,4656,0,4656,0,70,14,0.741345,0.228129,0.349377,3.3385,0.00544,0.026176,1.809122,1.497762
C2,P1,0,127,2,31,24.597687,24,18874368,4656,0,4656,0,48,8,0.457696,0.132352,0.37216,7.179115,0.005184,0.359521,0.601154,6.213256
C2,P1,0,128,2,32,10.414768,12,18874368,4656,0,4656,0,106,4,0.281794,0.06912,0.374368,1.157985,0.005184,0.02624,1.101825,0.024736
C2,P1,0,129,2,33,29.193737,27,47185920,4656,0,4656,0,48,9,0.50384,0.147136,0.910785,6.494409,0.005408,0.025344,1.253154,5.210503
C2,P1,0,130,2,34,16.419034,6,18874368,4656,0,4656,0,8,2,0.19104,0.03472,0.347681,0.405472,0.005376,0.02512,0.352096,0.02288
C2,P1,0,131,2,35,15.934813,18,28311552,4656,0,4656,0,38,6,0.37456,0.099072,0.540161,3.73575,0.005248,1.144898,1.202433,1.383171
C2,P1,0,132,2,36,9.135698,9,9437184,4656,0,4656,0,66,3,0.240993,0.051392,0.187872,1.684131,0.005152,0.582689,1.072642,0.023648
C2,P1,0,133,2,37,11.529924,9,18874368,4656,0,4656,0,62,3,0.240992,0.05088,0.369665,1.732099,0.005408,0.0256,1.125218,0.575873
C2,P1,0,134,2,38,12.941385,21,18874368,4656,0,4656,0,98,7,0.424992,0.115424,0.348608,1.663362,0.005376,0.49584,1.13725,0.024896
C2,P1,0,135,2,39,17.096497,18,28311552,4656,0,4656,0,89,6,0.377504,0.099552,0.529024,4.637351,0.005312,0.439777,1.173154,3.019108
C2,P1,0,136,2,40,14.73565,12,9437184,4656,0,4656,0,48,4,0.278336,0.067904,0.173473,5.477416,0.005408,1.743746,2.6065,1.121762
C2,P1,0,137,2,41,12.390704,15,9437184,4656,0,4656,0,121,5,0.324576,0.08432,0.17792,2.894181,0.005184,0.02544,1.088514,1.775043
C2,P1,0,138,2,42,15.119427,24,18874368,4656,0,4656,0,127,8,0.488416,0.1328,0.370305,1.663841,0.005408,0.821633,0.811712,0.025088
C2,P1,0,139,2,43,11.146665,6,18874368,4656,0,4656,0,11,2,0.194976,0.034848,0.348225,2.050049,0.005376,0.686752,1.335233,0.022688
C2,P1,0,140,2,44,16.356568,30,18874368,4656,0,4656,0,109,10,0.578656,0.163456,0.394113,2.004322,0.00512,0.521888,1.452321,0.024993
C2,P1,0,141,2,45,13.946036,24,18874368,4656,0,4656,0,123,8,0.494177,0.132704,0.362497,2.334083,0.005344,0.025536,1.164865,1.138338
C2,P1,0,142,2,46,30.043205,33,18874368,4656,0,4656,0,93,11,0.624576,0.179904,0.347584,3.834054,0.005504,1.506338,2.296899,0.025313
C2,P1,0,143,2,47,11.123492,6,18874368,4656,0,4656,0,29,2,0.189984,0.0344,0.355713,2.903651,0.005152,0.02544,1.114689,1.75837
C2,P1,0,144,3,0,21.944739,48,28311552,4656,0,4656,0,107,16,0.854656,0.259072,0.524737,2.301028,0.0056,0.025664,1.248066,1.021698
C2,P1,0,145,3,1,10.000839,6,18874368,4656,0,4656,0,10,2,0.194977,0.034464,0.351808,1.9177,0.005408,0.745569,1.143938,0.022785
C2,P1,0,146,3,2,10.380558,6,18874368,4656,0,4656,0,19,2,0.187712,0.03456,0.34976,1.168898,0.005408,0.025792,0.881922,0.255776
C2,P1,0,147,3,3,9.530806,9,18874368,4656,0,4656,0,7,3,0.231136,0.050112,0.350785,1.742434,0.005408,0.3616,1.038114,0.337312
C2,P1,0,148,3,4,21.841319,36,28311552,4656,0,4656,0,80,12,0.667202,0.196032,0.526945,3.843685,0.005568,0.0256,1.464802,2.347715
C2,P1,0,149,3,5,23.523495,45,37748736,4656,0,4656,0,83,15,0.797953,0.241856,0.702145,4.622279,0.005408,0.025312,2.666404,1.925155
C2,P1,0,150,3,6,19.363705,27,18874368,4656,0,4656,0,50,9,0.504321,0.14704,0.349825,5.611625,0.005248,1.089122,1.122402,3.394853
C2,P1,0,151,3,7,19.879698,33,18874368,4656,0,4656,0,72,11,0.628289,0.1792,0.352896,4.803943,0.005568,0.620385,1.126497,3.051493
C2,P1,0,152,3,8,21.157969,30,28311552,4656,0,4656,0,47,10,0.565953,0.162113,0.522753,4.636007,0.005472,0.025888,1.243906,3.360741
C2,P1,0,153,3,9,18.019728,30,28311552,4656,0,4656,0,61,10,0.57776,0.16352,0.529121,3.024227,0.005408,0.472865,1.149313,1.396641
C2,P1,0,154,3,10,21.179582,27,28311552,4656,0,4656,0,39,9,0.514369,0.146016,0.527744,6.502729,0.005408,0.828129,1.15661,4.512582
C2,P1,0,155,3,11,20.826078,42,28311552,4656,0,4656,0,82,14,0.748257,0.228065,0.549056,4.238213,0.005248,1.527139,1.164225,1.541601
C2,P1,0,156,3,12,17.783457,30,28311552,4656,0,4656,0,84,10,0.560608,0.163968,0.538977,3.098468,0.005184,0.590273,1.374401,1.12861
C2,P1,0,157,3,13,19.589733,39,28311552,4656,0,4656,0,73,13,0.713313,0.211552,0.548641,2.716003,0.005376,1.277377,1.408898,0.024352
C2,P1,0,158,3,14,19.209848,36,28311552,4656,0,4656,0,67,12,0.64208,0.19488,0.551617,2.945572,0.005152,0.83984,1.214498,0.886082
C2,P1,0,159,3,15,19.71378,36,28311552,4656,0,4656,0,81,12,0.667968,0.19552,0.535329,2.205665,0.005184,0.877856,1.221249,0.101376
C2,P1,0,160,3,16,19.201952,36,28311552,4656,0,4656,0,108,12,0.663649,0.196704,0.54208,2.120515,0.005184,0.025504,1.162817,0.92701
C2,P1,0,161,3,17,20.26966,39,28311552,4656,0,4656,0,72,13,0.700608,0.211232,0.548737,2.864388,0.005152,0.02512,1.171682,1.662434
C2,P1,0,162,3,18,18.408287,39,18874368,4656,0,4656,0,61,13,0.703234,0.21152,0.348385,1.20861,0.005472,0.025408,1.152738,0.024992
C2,P1,0,163,3,19,17.725123,24,9437184,4656,0,4656,0,53,8,0.485761,0.132448,0.174112,4.918343,0.005345,0.025184,1.071425,3.816389
C2,P1,0,164,3,20,17.590922,33,18874368,4656,0,4656,0,72,11,0.620288,0.180288,0.367265,3.153507,0.00544,0.02544,1.314273,1.808354
C2,P1,0,165,3,21,22.050294,24,18874368,4656,0,4656,0,28,8,0.46384,0.131008,0.348353,6.224552,0.005408,0.02576,1.248161,4.945223
C2,P1,0,166,3,22,11.726602,9,28311552,4656,0,4656,0,29,3,0.251552,0.05008,0.551872,2.368451,0.005472,0.02544,1.153473,1.184066
C2,P1,0,167,3,23,19.939256,18,28311552,4656,0,4656,0,51,6,0.395872,0.09904,0.549921,9.623246,0.005376,5.870185,1.09037,2.657315
C2,P1,0,168,3,24,20.880694,21,18874368,4656,0,4656,0,18,7,0.41408,0.115424,0.347936,6.710824,0.005184,0.52768,0.489856,5.688104
C2,P1,0,169,3,25,20.990333,39,28311552,4656,0,4656,0,63,13,0.688225,0.210624,0.551169,2.629764,0.00544,0.115713,1.207393,1.301218
C2,P1,0,170,3,26,24.354366,45,37748736,4656,0,4656,0,81,15,0.788321,0.242144,0.715553,3.176196,0.005216,0.025344,1.233153,1.912483
C2,P1,0,171,3,27,21.323515,18,18874368,4656,0,4656,0,35,6,0.384416,0.09936,0.352064,8.607435,0.005216,0.025664,1.121025,7.45553
C2,P1,0,172,3,28,21.207114,27,28311552,4656,0,4656,0,81,9,0.516,0.147008,0.530368,6.6322,0.005504,0.025344,1.209665,5.391687
C2,P1,0,173,3,29,17.463841,24,28311552,4656,0,4656,0,56,8,0.481889,0.13008,0.564417,2.406147,0.005472,1.20653,1.169921,0.024224
C2,P1,0,174,3,30,22.409875,39,9437184,4656,0,4656,0,74,13,0.681601,0.212192,0.173696,2.839395,0.005216,0.025312,2.783747,0.02512
C2,P1,0,175,3,31,18.217996,24,18874368,4656,0,4656,0,76,8,0.468352,0.13168,0.347392,4.802695,0.005472,0.451073,1.103714,3.242436
C2,P1,0,176,3,32,12.344606,12,18874368,4656,0,4656,0,74,4,0.305344,0.068032,0.362849,1.291682,0.005376,0.217856,1.04397,0.02448
C2,P1,0,177,3,33,21.301432,30,28311552,4656,0,4656,0,66,10,0.577856,0.161984,0.551425,4.286437,0.00544,0.025536,1.184321,3.07114
C2,P1,0,178,3,34,10.724846,6,18874368,4656,0,4656,0,10,2,0.196416,0.0352,0.352736,2.435234,0.005184,0.025056,1.093441,1.311553
C2,P1,0,179,3,35,18.938403,21,28311552,4656,0,4656,0,37,7,0.428224,0.115456,0.559361,4.660071,0.005184,0.505633,0.974306,3.174948
C2,P1,0,180,3,36,11.319096,12,18874368,4656,0,4656,0,91,4,0.294369,0.067712,0.349057,0.487328,0.005312,0.025248,0.431744,0.025024
C2,P1,0,181,3,37,17.509492,9,18874368,4656,0,4656,0,58,3,0.249056,0.05104,0.347489,7.466826,0.00544,3.716389,3.721445,0.023552
C2,P1,0,182,3,38,18.671762,27,28311552,4656,0,4656,0,90,9,0.538529,0.146752,0.57648,3.027013,0.005184,0.599425,1.254722,1.167682
C2,P1,0,183,3,39,20.556696,27,37748736,4656,0,4656,0,65,9,0.532833,0.146912,0.747105,4.452999,0.005152,0.026144,1.426947,2.994756
C2,P1,0,184,3,40,15.743504,18,28311552,4656,0,4656,0,60,6,0.381472,0.099296,0.551873,3.128517,0.005408,0.025856,1.19645,1.900803
C2,P1,0,185,3,41,13.867685,18,28311552,4656,0,4656,0,106,6,0.401088,0.099904,0.528033,1.915522,0.0056,0.025248,0.926081,0.958593
C2,P1,0,186,3,42,15.2708,24,18874368,4656,0,4656,0,109,8,0.515169,0.132736,0.347361,1.328769,0.005152,0.501632,0.796801,0.025184
C2,P1,0,187,3,43,17.700736,9,18874368,4656,0,4656,0,5,3,0.230496,0.0504,0.383777,8.143947,0.005376,5.361831,1.884675,0.892065
C2,P1,0,188,3,44,20.387142,30,18874368,4656,0,4656,0,101,10,0.575488,0.163488,0.347649,3.785638,0.005152,1.947811,1.807874,0.024801
C2,P1,0,189,3,45,13.725329,24,9437184,4656,0,4656,0,88,8,0.496864,0.132512,0.1736,1.912162,0.005216,0.669025,1.212897,0.025024
C2,P1,0,190,3,46,19.364627,30,18874368,4656,0,4656,0,56,10,0.556481,0.163456,0.362592,3.272517,0.005408,0.026336,1.172738,2.068035
C2,P1,0,191,3,47,14.619925,9,28311552,4656,0,4656,0,17,3,0.241952,0.050976,0.542273,4.503559,0.005216,0.02544,1.25357,3.219333
C2,P1,0,192,4,0,22.74634,54,37748736,4656,0,4656,0,93,18,0.920386,0.2904,0.697633,1.524577,0.005536,0.025952,1.468321,0.024768
C2,P1,0,193,4,1,11.716049,6,18874368,4656,0,4656,0,8,2,0.191904,0.03456,0.348705,1.706529,0.005664,0.80384,0.874465,0.02256
C2,P1,0,194,4,2,9.587643,6,18874368,4656,0,4656,0,15,2,0.197664,0.03456,0.351745,2.270339,0.005248,0.025408,1.047041,1.192642
C2,P1,0,195,4,3,10.535155,9,18874368,4656,0,4656,0,33,3,0.252928,0.05056,0.350112,1.26093,0.005248,0.518369,0.714529,0.022784
C2,P1,0,196,4,4,20.885293,39,37748736,4656,0,4656,0,76,13,0.71581,0.211104,0.703745,2.613795,0.005408,0.222624,1.259137,1.126626
C2,P1,0,197,4,5,20.180271,45,28311552,4656,0,4656,0,75,15,0.805217,0.242688,0.525249,1.418563,0.005408,0.025856,1.209667,0.177632
C2,P1,0,198,4,6,19.122506,30,18874368,4656,0,4656,0,51,10,0.550432,0.1632,0.351041,3.969413,0.005152,0.144128,1.118241,2.701892
C2,P1,0,199,4,7,20.325661,39,18874368,4656,0,4656,0,79,13,0.717697,0.211552,0.349025,2.334883,0.005408,0.693857,0.794017,0.841601
C2,P1,0,200,4,8,22.752805,42,28311552,4656,0,4656,0,65,14,0.749665,0.22544,0.536641,2.245635,0.005184,0.966689,1.248578,0.025184
C2,P1,0,201,4,9,19.169009,36,28311552,4656,0,4656,0,58,12,0.658083,0.195264,0.53168,2.254018,0.005376,0.02544,1.205441,1.017761
C2,P1,0,202,4,10,19.565579,27,28311552,4656,0,4656,0,40,9,0.519009,0.146656,0.530785,4.202086,0.00544,0.025856,1.439522,2.731268
C2,P1,0,203,4,11,19.932056,42,28311552,4656,0,4656,0,93,14,0.763778,0.227168,0.541664,1.650403,0.005408,0.025632,1.44669,0.172673
C2,P1,0,204,4,12,19.495419,30,28311552,4656,0,4656,0,81,10,0.565217,0.164224,0.547457,3.824324,0.005184,0.025408,1.217825,2.575907
C2,P1,0,205,4,13,18.081516,36,28311552,4656,0,4656,0,79,12,0.679809,0.196448,0.547329,1.259906,0.005248,0.025344,1.20477,0.024544
C2,P1,0,206,4,14,21.38472,39,28311552,4656,0,4656,0,77,13,0.70208,0.210944,0.544065,4.59223,0.005376,0.02608,1.217377,3.343397
C2,P1,0,207,4,15,27.428065,27,28311552,4656,0,4656,0,92,9,0.543168,0.147904,0.521697,4.032677,0.005184,1.71485,0.826658,1.485985
C2,P1,0,208,4,16,17.488673,36,18874368,4656,0,4656,0,95,12,0.647075,0.196097,0.371296,1.246146,0.005184,0.025313,1.166081,0.049568
C2,P1,0,209,4,17,21.868052,45,18874368,4656,0,4656,0,74,15,0.769441,0.243104,0.348544,2.768997,0.005152,0.025568,1.305154,1.433123
C2,P1,0,210,4,18,18.891115,36,28311552,4656,0,4656,0,73,12,0.642531,0.194849,0.544417,1.787138,0.005152,0.025344,1.184833,0.571809
C2,P1,0,211,4,19,16.18152,27,18874368,4656,0,4656,0,72,9,0.507232,0.14768,0.36,3.024646,0.005472,0.025537,1.110466,1.883171
C2,P1,0,212,4,20,17.962589,30,28311552,4656,0,4656,0,77,10,0.571905,0.163104,0.552257,2.874372,0.0056,0.025696,1.19021,1.652866
C2,P1,0,213,4,21,23.209167,21,28311552,4656,0,4656,0,41,7,0.429569,0.114016,0.521761,6.587082,0.005376,0.026112,1.168738,5.386856
C2,P1,0,214,4,22,12.525689,9,28311552,4656,0,4656,0,11,3,0.235904,0.050624,0.548801,3.070437,0.005216,0.025184,1.149154,1.890883
C2,P1,0,215,4,23,16.691261,24,28311552,4656,0,4656,0,63,8,0.490818,0.131072,0.550177,2.821988,0.005184,0.427425,1.071201,1.318178
C2,P1,0,216,4,24,26.10273,18,18874368,4656,0,4656,0,14,6,0.369091,0.098497,0.356832,4.019236,0.005216,0.661248,0.890753,2.462019
C2,P1,0,217,4,25,22.594328,30,28311552,4656,0,4656,0,67,10,0.564225,0.163168,0.541952,2.902725,0.005184,0.025856,1.283395,1.58829
C2,P1,0,218,4,26,22.658364,42,28311552,4656,0,4656,0,87,14,0.766912,0.227488,0.524065,4.365542,0.005184,1.216257,3.119301,0.0248
C2,P1,0,219,4,27,19.895861,18,9437184,4656,0,4656,0,50,6,0.382688,0.10016,0.173568,7.34516,0.005184,0.845024,1.092225,5.402727
C2,P1,0,220,4,28,18.965376,30,18874368,4656,0,4656,0,87,10,0.573121,0.164416,0.350432,3.172452,0.005376,0.025888,1.095521,2.045667
C2,P1,0,221,4,29,16.182508,21,18874368,4656,0,4656,0,30,7,0.422978,0.114848,0.370881,4.345767,0.005536,0.025697,1.164642,3.149892
C2,P1,0,222,4,30,22.862994,39,28311552,4656,0,4656,0,86,13,0.710081,0.21152,0.522465,4.691143,0.005152,0.02528,1.148642,3.512069
C2,P1,0,223,4,31,19.860958,30,28311552,4656,0,4656,0,77,10,0.558338,0.162912,0.554401,3.852772,0.005184,0.61632,1.172066,2.059202
C2,P1,0,224,4,32,11.042284,9,18874368,4656,0,4656,0,19,3,0.242976,0.050752,0.372576,2.279394,0.005088,0.025632,1.124225,1.124449
C2,P1,0,225,4,33,19.705106,30,28311552,4656,0,4656,0,72,10,0.55792,0.1632,0.543041,3.445702,0.005376,0.025984,0.579042,2.8353
C2,P1,0,226,4,34,13.260229,6,18874368,4656,0,4656,0,40,2,0.187968,0.034656,0.372768,3.533348,0.005184,0.933056,0.514977,2.080131
C2,P1,0,227,4,35,18.50792,24,37748736,4656,0,4656,0,32,8,0.467168,0.130336,0.706625,2.747779,0.00512,0.971905,1.74573,0.025024
C2,P1,0,228,4,36,12.840109,12,18874368,4656,0,4656,0,74,4,0.291905,0.067584,0.371296,2.838691,0.005504,0.603776,2.204515,0.024896
C2,P1,0,229,4,37,12.443036,12,28311552,4656,0,4656,0,22,4,0.285152,0.065824,0.551329,2.868357,0.005184,0.025312,1.137058,1.700803
C2,P1,0,230,4,38,14.792819,24,18874368,4656,0,4656,0,43,8,0.475648,0.131392,0.348736,0.975457,0.005472,0.48352,0.462017,0.024448
C2,P1,0,231,4,39,16.369003,24,18874368,4656,0,4656,0,55,8,0.489953,0.132961,0.365728,4.038278,0.005344,0.52608,1.103202,2.403652
C2,P1,0,232,4,40,15.753094,15,18874368,4656,0,4656,0,60,5,0.338752,0.084192,0.348288,3.750532,0.00544,0.834049,1.111649,1.799394
C2,P1,0,233,4,41,13.420735,18,28311552,4656,0,4656,0,112,6,0.374049,0.099745,0.527009,2.399172,0.005408,0.025344,1.164642,1.203778
C2,P1,0,234,4,42,15.645947,24,18874368,4656,0,4656,0,105,8,0.49984,0.13232,0.378465,1.150306,0.005408,0.02624,1.093346,0.025312
C2,P1,0,235,4,43,11.798454,3,9437184,4656,0,4656,0,18,1,0.137664,0.017408,0.1736,2.611428,0.00544,1.639362,0.463873,0.502753
C2,P1,0,236,4,44,21.065993,39,28311552,4656,0,4656,0,102,13,0.719072,0.211392,0.525057,4.775302,0.005408,0.534496,1.410594,2.824804
C2,P1,0,237,4,45,15.243147,30,18874368,4656,0,4656,0,93,10,0.571841,0.163648,0.34784,1.608993,0.005472,0.50992,1.068705,0.024896
C2,P1,0,238,4,46,18.421649,36,18874368,4656,0,4656,0,77,12,0.661186,0.195553,0.360481,1.428866,0.005376,0.025408,1.373666,0.024416
C2,P1,0,239,4,47,11.896691,9,28311552,4656,0,4656,0,30,3,0.237536,0.051776,0.549377,2.957859,0.005408,0.02544,2.424355,0.502656
C2,P1,0,240,5,0,23.582965,54,37748736,4656,0,4656,0,115,18,0.942242,0.291073,0.699841,1.364129,0.00528,0.025184,1.308385,0.02528
C2,P1,0,241,5,1,10.649439,6,18874368,4656,0,4656,0,4,2,0.188224,0.034816,0.351008,3.156709,0.005472,0.922018,1.067873,1.161346
C2,P1,0,242,5,2,12.576199,6,18874368,4656,0,4656,0,7,2,0.189057,0.034368,0.35088,2.729124,0.005568,0.025376,1.081986,1.616194
C2,P1,0,243,5,3,10.838856,6,18874368,4656,0,4656,0,31,2,0.19456,0.03504,0.353568,1.782114,0.005152,0.516544,1.099042,0.161376
C2,P1,0,244,5,4,18.913075,42,9437184,4656,0,4656,0,94,14,0.745601,0.226944,0.174784,1.365314,0.005408,0.025952,1.308577,0.025377
C2,P1,0,245,5,5,21.88632,45,18874368,4656,0,4656,0,61,15,0.790177,0.242592,0.351009,1.466883,0.00528,0.025056,1.411843,0.024704
C2,P1,0,246,5,6,21.286043,30,28311552,4656,0,4656,0,64,10,0.56093,0.162945,0.526913,5.056357,0.005408,0.025792,1.333281,3.691876
C2,P1,0,247,5,7,16.474039,30,9437184,4656,0,4656,0,57,10,0.574624,0.164128,0.174272,3.356516,0.005376,0.025408,1.071201,2.254531
C2,P1,0,248,5,8,24.915063,27,18874368,4656,0,4656,0,45,9,0.521376,0.147744,0.348448,9.738254,0.00544,0.912674,1.195714,7.624426
C2,P1,0,249,5,9,19.384734,33,18874368,4656,0,4656,0,81,11,0.637504,0.180032,0.349024,2.765442,0.005152,0.535104,1.174465,1.050721
C2,P1,0,250,5,10,20.144475,24,18874368,4656,0,4656,0,38,8,0.473889,0.132192,0.349697,6.383559,0.005408,0.567648,1.200674,4.609829
C2,P1,0,251,5,11,20.65296,51,18874368,4656,0,4656,0,101,17,0.896769,0.276609,0.347745,1.829762,0.005248,0.606209,1.193057,0.025248
C2,P1,0,252,5,12,19.570218,36,18874368,4656,0,4656,0,88,12,0.665635,0.196128,0.347488,4.790727,0.00544,0.899329,1.136898,2.74906
C2,P1,0,253,5,13,18.77003,39,18874368,4656,0,4656,0,78,13,0.706753,0.211041,0.361184,3.2249,0.005216,0.988802,1.334913,0.895969
C2,P1,0,254,5,14,20.944064,42,37748736,4656,0,4656,0,68,14,0.741089,0.2264,0.727777,2.305794,0.005216,0.761536,1.513954,0.025088
C2,P1,0,255,5,15,21.947567,27,18874368,4656,0,4656,0,81,9,0.52656,0.148032,0.3768,7.875787,0.005408,1.249282,2.251139,4.369958
C2,P1,0,256,5,16,35.914792,36,37748736,4656,0,4656,0,87,12,0.646465,0.194496,0.752481,15.224693,0.005632,7.625419,1.333506,6.260136
C2,P1,0,257,5,17,21.310368,33,9437184,4656,0,4656,0,76,11,0.617569,0.179936,0.186368,5.056583,0.005344,0.025568,1.101026,3.924645
C2,P1,0,258,5,18,20.415478,36,28311552,4656,0,4656,0,68,12,0.649536,0.194304,0.535009,1.860355,0.005184,0.02528,1.183554,0.646337
C2,P1,0,259,5,19,20.598299,21,9437184,4656,0,4656,0,67,7,0.424768,0.116448,0.173696,6.214153,0.005408,0.02576,1.186338,4.996647
C2,P1,0,260,5,20,20.717596,36,18874368,4656,0,4656,0,74,12,0.655744,0.19552,0.347553,2.961123,0.005248,0.025792,1.150562,1.779521
C2,P1,0,261,5,21,26.869892,30,28311552,4656,0,4656,0,45,10,0.563457,0.16336,0.550753,11.699889,0.005248,3.410021,2.851588,5.433032
C2,P1,0,262,5,22,11.328552,6,18874368,4656,0,4656,0,15,2,0.199456,0.03456,0.347424,2.547332,0.005216,0.025408,1.30365,1.213058
C2,P1,0,263,5,23,17.146,21,18874368,4656,0,4656,0,57,7,0.44672,0.114912,0.37952,2.835492,0.00544,0.02576,2.779876,0.024416
C2,P1,0,264,5,24,22.168182,18,18874368,4656,0,4656,0,29,6,0.379808,0.099136,0.347424,8.460043,0.005408,0.459233,1.197345,6.798057
C2,P1,0,265,5,25,19.605866,30,28311552,4656,0,4656,0,84,10,0.579744,0.16368,0.555297,3.531238,0.005408,0.025856,1.21053,2.289444
C2,P1,0,266,5,26,22.114263,48,28311552,4656,0,4656,0,90,16,0.858241,0.259456,0.5216,1.317826,0.005408,0.025664,1.21373,0.073024
C2,P1,0,267,5,27,18.099006,15,9437184,4656,0,4656,0,51,5,0.336384,0.083808,0.173568,6.331624,0.005216,0.0256,1.135745,5.165063
C2,P1,0,268,5,28,23.418986,27,28311552,4656,0,4656,0,79,9,0.515264,0.146016,0.555968,5.144327,0.00544,0.026304,2.301092,2.811491
C2,P1,0,269,5,29,13.406342,24,18874368,4656,0,4656,0,59,8,0.464833,0.130721,0.358113,1.17629,0.005536,0.02528,1.121026,0.024448
C2,P1,0,270,5,30,23.328598,36,18874368,4656,0,4656,0,73,12,0.652065,0.195329,0.349089,5.745223,0.00544,0.025696,1.121634,4.592453
C2,P1,0,271,5,31,23.131662,27,28311552,4656,0,4656,0,73,9,0.52304,0.1464,0.533217,6.184039,0.00544,0.025344,1.328641,4.824614
C2,P1,0,272,5,32,9.820103,9,18874368,4656,0,4656,0,16,3,0.240768,0.050976,0.358816,1.61133,0.005408,0.025824,1.101058,0.47904
C2,P1,0,273,5,33,25.674511,27,37748736,4656,0,4656,0,71,9,0.51437,0.147233,0.732097,8.682188,0.005504,0.52992,0.986946,7.159818
C2,P1,0,274,5,34,12.036067,6,18874368,4656,0,4656,0,15,2,0.197504,0.034336,0.347776,3.022917,0.005184,0.025376,1.079458,1.912899
C2,P1,0,275,5,35,15.67795,21,28311552,4656,0,4656,0,33,7,0.422112,0.11504,0.522337,2.078819,0.005248,0.147329,0.852609,1.073633
C2,P1,0,276,5,36,11.472486,9,18874368,4656,0,4656,0,20,3,0.243104,0.05024,0.361952,2.920067,0.00544,0.759489,1.076224,1.078914
C2,P1,0,277,5,37,13.206822,12,28311552,4656,0,4656,0,14,4,0.281088,0.066144,0.55536,3.835364,0.005216,0.025184,1.156865,2.648099
C2,P1,0,278,5,38,16.171484,18,18874368,4656,0,4656,0,37,6,0.385473,0.099616,0.347584,3.110084,0.005184,0.252929,0.50576,2.346211
C2,P1,0,279,5,39,14.608951,21,18874368,4656,0,4656,0,43,7,0.433376,0.114848,0.364928,3.105155,0.005408,0.564865,1.286529,1.248353
C2,P1,0,280,5,40,16.781061,21,28311552,4656,0,4656,0,59,7,0.419712,0.114752,0.525825,3.4145,0.005344,0.376673,1.210593,1.82189
C2,P1,0,281,5,41,13.519288,18,28311552,4656,0,4656,0,86,6,0.376384,0.09952,0.569856,2.535779,0.005376,0.026144,1.308929,1.19533
C2,P1,0,282,5,42,14.685681,21,18874368,4656,0,4656,0,50,7,0.439489,0.115296,0.376609,1.408705,0.005184,0.509921,0.868896,0.024704
C2,P1,0,283,5,43,8.727936,6,9437184,4656,0,4656,0,24,2,0.189122,0.03472,0.180608,1.791809,0.005408,0.339808,1.336065,0.110528
C2,P1,0,284,5,44,24.876565,45,47185920,4656,0,4656,0,101,15,0.82413,0.24192,0.924769,2.500835,0.005376,0.025568,1.351042,1.118849
C2,P1,0,285,5,45,13.402376,27,18874368,4656,0,4656,0,63,9,0.532,0.146944,0.35024,1.223681,0.00544,0.02592,1.167425,0.024896
C2,P1,0,286,5,46,21.325351,39,37748736,4656,0,4656,0,69,13,0.710688,0.210208,0.765857,1.967426,0.005184,0.025472,1.328065,0.608705
C2,P1,0,287,5,47,12.769887,9,28311552,4656,0,4656,0,28,3,0.248192,0.050112,0.538945,2.867748,0.005376,0.025344,1.139778,1.69725
C2,P1,0,288,6,0,25.429777,45,37748736,4656,0,4656,0,89,15,0.791394,0.242017,0.698209,3.864037,0.005408,0.025952,1.378817,2.45386
C2,P1,0,289,6,1,11.17365,6,18874368,4656,0,4656,0,5,2,0.188481,0.034273,0.349249,2.167715,0.0056,0.025856,1.050946,1.085313
C2,P1,0,290,6,2,12.703661,9,28311552,4656,0,4656,0,16,3,0.237729,0.049952,0.528193,2.300676,0.005184,0.586498,0.892065,0.816929
C2,P1,0,291,6,3,11.824302,9,18874368,4656,0,4656,0,30,3,0.250784,0.050304,0.351265,2.632483,0.005376,0.588097,1.131553,0.907457
C2,P1,0,292,6,4,21.753245,45,18874368,4656,0,4656,0,88,15,0.778753,0.243105,0.351585,2.851236,0.005216,0.0256,1.096865,1.723555
C2,P1,0,293,6,5,22.52357,36,18874368,4656,0,4656,0,62,12,0.66109,0.194272,0.354497,7.006377,0.00544,0.025376,1.128386,5.847175
C2,P1,0,294,6,6,21.274,33,18874368,4656,0,4656,0,60,11,0.597921,0.178144,0.352193,6.162313,0.005281,0.483969,1.243009,4.430054
C2,P1,0,295,6,7,21.937702,33,18874368,4656,0,4656,0,48,11,0.607905,0.178976,0.350176,7.40449,0.005184,0.261856,1.138882,5.998568
C2,P1,0,296,6,8,22.217919,33,28311552,4656,0,4656,0,41,11,0.601504,0.178976,0.524193,5.640709,0.005216,0.96944,1.246273,3.41978
C2,P1,0,297,6,9,19.094912,36,18874368,4656,0,4656,0,83,12,0.654241,0.195648,0.360096,3.738149,0.005504,0.669473,1.147137,1.916035
C2,P1,0,298,6,10,22.207252,24,18874368,4656,0,4656,0,33,8,0.468288,0.131104,0.347841,8.647756,0.00544,1.102274,1.233602,6.30644
C2,P1,0,299,6,11,22.5019,45,18874368,4656,0,4656,0,92,15,0.813313,0.24304,0.347712,3.303748,0.005184,0.952609,1.154977,1.190978
C2,P1,0,300,6,12,19.354472,33,18874368,4656,0,4656,0,78,11,0.614497,0.179169,0.349153,3.409156,0.005184,1.289858,0.931361,1.182753
C2,P1,0,301,6,13,21.95511,45,28311552,4656,0,4656,0,72,15,0.785505,0.241952,0.522657,1.874754,0.005152,0.915425,0.928673,0.025504
C2,P1,0,302,6,14,20.870419,45,28311552,4656,0,4656,0,71,15,0.797445,0.242978,0.522177,1.413153,0.005184,0.636928,0.745825,0.025216
C2,P1,0,303,6,15,24.095539,33,28311552,4656,0,4656,0,72,11,0.619776,0.180064,0.528897,5.754824,0.005152,2.332067,0.636641,2.780964
C2,P1,0,304,6,16,21.360915,33,28311552,4656,0,4656,0,80,11,0.618242,0.177697,0.552033,3.227108,0.005184,0.477248,1.290242,1.454434
C2,P1,0,305,6,17,22.78836,42,37748736,4656,0,4656,0,83,14,0.754849,0.226528,0.736545,3.113251,0.005504,0.294529,1.185889,1.627329
C2,P1,0,306,6,18,19.332677,42,18874368,4656,0,4656,0,56,14,0.728928,0.226368,0.363169,2.340963,0.005216,0.025024,1.159266,1.151457
C2,P1,0,307,6,19,19.095226,27,28311552,4656,0,4656,0,66,9,0.522176,0.146944,0.524992,4.292199,0.00544,0.025248,1.351971,2.90954
C2,P1,0,308,6,20,25.009579,48,28311552,4656,0,4656,0,91,16,0.839937,0.259104,0.550177,4.658375,0.00544,3.405669,1.221986,0.02528
C2,P1,0,309,6,21,19.891826,36,18874368,4656,0,4656,0,37,12,0.63949,0.193536,0.348576,2.988837,0.0056,0.025408,1.114434,1.843395
C2,P1,0,310,6,22,11.848444,9,28311552,4656,0,4656,0,20,3,0.243616,0.04976,0.556865,2.29386,0.0056,0.025888,1.192002,1.07037
C2,P1,0,311,6,23,17.117151,24,28311552,4656,0,4656,0,72,8,0.489473,0.132192,0.549377,3.257029,0.005216,0.551649,1.003681,1.696483
C2,P1,0,312,6,24,21.365882,42,28311552,4656,0,4656,0,45,14,0.734144,0.22688,0.521184,2.914435,0.005408,0.65408,0.815009,1.439938
C2,P1,0,313,6,25,24.291402,39,37748736,4656,0,4656,0,69,13,0.69776,0.210912,0.694945,5.096869,0.005184,0.209472,0.66064,4.221573
C2,P1,0,314,6,26,28.047827,63,28311552,4656,0,4656,0,84,21,1.062912,0.3376,0.521633,2.010433,0.00544,0.554624,1.425153,0.025216
C2,P1,0,315,6,27,28.012359,21,18874368,4656,0,4656,0,39,7,0.418018,0.115489,0.347744,13.918099,0.005408,0.413025,2.014115,11.485551
C2,P1,0,316,6,28,27.769316,36,28311552,4656,0,4656,0,66,12,0.652578,0.194561,0.530304,8.189836,0.00544,0.613858,0.562465,7.008073
C2,P1,0,317,6,29,26.012191,27,28311552,4656,0,4656,0,71,9,0.519936,0.147296,0.522496,3.601061,0.005216,0.025696,3.545925,0.024224
C2,P1,0,318,6,30,21.917376,51,28311552,4656,0,4656,0,87,17,0.877121,0.274304,0.522689,2.146563,0.005184,0.025952,1.30829,0.807137
C2,P1,0,319,6,31,26.354245,30,37748736,4656,0,4656,0,65,10,0.561506,0.16208,0.751713,10.112845,0.00544,1.228033,1.299746,7.579626
C2,P1,0,320,6,32,11.909424,9,18874368,4656,0,4656,0,56,3,0.246592,0.051584,0.348288,2.227236,0.00544,0.835266,1.363522,0.023008
C2,P1,0,321,6,33,21.124175,33,28311552,4656,0,4656,0,56,11,0.603009,0.178721,0.545089,6.836744,0.005152,1.39757,1.223585,4.210437
C2,P1,0,322,6,34,11.867119,12,28311552,4656,0,4656,0,83,4,0.288352,0.067712,0.560673,2.530436,0.005216,0.025376,1.14717,1.352674
C2,P1,0,323,6,35,21.031213,21,28311552,4656,0,4656,0,36,7,0.426529,0.114656,0.565568,8.48366,0.005184,0.687649,1.243042,6.547785
C2,P1,0,324,6,36,15.646465,12,28311552,4656,0,4656,0,24,4,0.291201,0.066976,0.568128,4.595717,0.00544,0.850401,1.091361,2.648515
C2,P1,0,325,6,37,14.184304,12,28311552,4656,0,4656,0,29,4,0.2928,0.066432,0.531201,2.835811,0.005184,0.919041,0.986657,0.924929
C2,P1,0,326,6,38,18.434642,24,37748736,4656,0,4656,0,33,8,0.464544,0.130336,0.729889,6.285641,0.005408,0.429729,1.247842,4.602662
C2,P1,0,327,6,39,28.256972,30,37748736,4656,0,4656,0,62,10,0.577216,0.162784,0.697345,14.042356,0.005472,8.348524,1.018817,4.669543
C2,P1,0,328,6,40,15.638956,21,37748736,4656,0,4656,0,79,7,0.438176,0.115264,0.700705,3.120003,0.005472,0.694305,1.002497,1.417729
C2,P1,0,329,6,41,14.099228,18,28311552,4656,0,4656,0,78,6,0.39296,0.099424,0.561985,3.602468,0.00544,1.093569,1.159233,1.344226
C2,P1,0,330,6,42,13.636504,21,28311552,4656,0,4656,0,48,7,0.437632,0.115296,0.532289,3.089316,0.005568,0.025376,1.290465,1.767907
C2,P1,0,331,6,43,12.057827,6,18874368,4656,0,4656,0,13,2,0.196224,0.03488,0.376736,2.031844,0.005184,0.025472,0.496417,1.504771
C2,P1,0,332,6,44,20.458508,54,28311552,4656,0,4656,0,115,18,0.966144,0.291168,0.522657,4.479655,0.005184,1.600418,1.27933,1.594723
C2,P1,0,333,6,45,20.188377,24,18874368,4656,0,4656,0,60,8,0.473793,0.1312,0.359489,9.084845,0.005344,6.256328,1.652931,1.170242
C2,P1,0,334,6,46,23.028517,42,37748736,4656,0,4656,0,60,14,0.743617,0.226177,0.753282,7.854316,0.005408,1.858403,2.210756,3.779749
C2,P1,0,335,6,47,14.156914,9,28311552,4656,0,4656,0,16,3,0.240161,0.050112,0.522689,4.204293,0.005216,0.73344,1.122786,2.342851
C2,P1,0,336,7,0,29.380647,51,56623104,4656,0,4656,0,64,17,0.87373,0.273248,1.05245,11.080464,0.005184,0.025216,1.499811,9.550253
C2,P1,0,337,7,1,13.535692,6,18874368,4656,0,4656,0,11,2,0.195232,0.034592,0.349856,4.22151,0.005184,1.217794,0.859168,2.139364
C2,P1,0,338,7,2,11.84562,9,28311552,4656,0,4656,0,22,3,0.244096,0.05056,0.525313,3.180997,0.005152,0.731521,1.144994,1.29933
C2,P1,0,339,7,3,11.52076,12,28311552,4656,0,4656,0,46,4,0.307392,0.067392,0.528,2.818306,0.005216,0.025536,1.152513,1.635041
C2,P1,0,340,7,4,21.599691,39,28311552,4656,0,4656,0,89,13,0.697217,0.210816,0.531137,6.603433,0.005408,0.57568,0.742049,5.280296
C2,P1,0,341,7,5,22.660277,39,18874368,4656,0,4656,0,56,13,0.697377,0.210816,0.349024,8.894763,0.005184,1.335234,0.520032,7.034313
C2,P1,0,342,7,6,23.471869,33,28311552,4656,0,4656,0,50,11,0.591233,0.178656,0.527105,9.515084,0.005184,1.394145,0.920802,7.194953
C2,P1,0,343,7,7,21.224911,27,18874368,4656,0,4656,0,42,9,0.519424,0.14704,0.350593,8.281675,0.005696,0.470241,1.123233,6.682505
C2,P1,0,344,7,8,27.231961,36,37748736,4656,0,4656,0,39,12,0.643329,0.19408,0.713601,8.834094,0.005376,0.02608,1.304707,7.497931
C2,P1,0,345,7,9,19.279887,36,18874368,4656,0,4656,0,71,12,0.654657,0.194816,0.349633,4.915751,0.005184,0.025184,0.561473,4.32391
C2,P1,0,346,7,10,23.124061,42,47185920,4656,0,4656,0,40,14,0.73312,0.225728,0.894593,5.845832,0.005408,0.025888,1.36413,4.450406
C2,P1,0,347,7,11,20.541463,51,28311552,4656,0,4656,0,89,17,0.898176,0.274976,0.549089,3.852036,0.005472,0.025984,1.255361,2.565219
C2,P1,0,348,7,12,22.554815,45,37748736,4656,0,4656,0,58,15,0.768128,0.241312,0.727041,4.25463,0.005184,0.025632,2.81626,1.407554
C2,P1,0,349,7,13,23.643217,51,37748736,4656,0,4656,0,64,17,0.877025,0.274241,0.726369,7.059593,0.005216,1.533634,2.806947,2.713796
C2,P1,0,350,7,14,19.635571,39,18874368,4656,0,4656,0,80,13,0.709475,0.212257,0.38096,6.2994,0.005184,1.13373,1.291009,3.869477
C2,P1,0,351,7,15,20.83964,30,28311552,4656,0,4656,0,49,10,0.542177,0.163328,0.551233,8.68302,0.005408,0.861154,1.234241,6.582217
C2,P1,0,352,7,16,22.09498,33,18874368,4656,0,4656,0,71,11,0.613857,0.180097,0.362305,9.627438,0.005184,1.181985,1.804131,6.636138
C2,P1,0,353,7,17,22.576458,51,28311552,4656,0,4656,0,97,17,0.895201,0.275521,0.523361,6.799434,0.005409,1.31453,1.204353,4.275142
C2,P1,0,354,7,18,21.800842,48,28311552,4656,0,4656,0,57,16,0.824642,0.258016,0.559969,6.990955,0.005216,1.14589,1.202658,4.637191
C2,P1,0,355,7,19,19.428773,33,28311552,4656,0,4656,0,49,11,0.608834,0.178688,0.561889,5.666185,0.005408,0.703968,1.437859,3.51895
C2,P1,0,356,7,20,18.207727,45,28311552,4656,0,4656,0,97,15,0.805888,0.243808,0.538721,3.454982,0.005184,0.83053,1.174178,1.44509
C2,P1,0,357,7,21,20.34757,30,18874368,4656,0,4656,0,21,10,0.542688,0.16144,0.347872,8.196844,0.005216,0.873506,1.337122,5.981
C2,P1,0,358,7,22,13.627133,9,28311552,4656,0,4656,0,13,3,0.23744,0.050176,0.541569,5.020776,0.00544,2.169091,1.15917,1.687075
C2,P1,0,359,7,23,15.191461,21,18874368,4656,0,4656,0,80,7,0.442081,0.115712,0.371968,4.724103,0.005504,0.025632,1.153762,3.539205
C2,P1,0,360,7,24,30.219227,45,47185920,4656,0,4656,0,43,15,0.772385,0.242208,0.922721,10.673488,0.00512,0.883202,1.334978,8.450188
C2,P1,0,361,7,25,25.424113,42,37748736,4656,0,4656,0,73,14,0.742082,0.225824,0.749409,9.984844,0.005184,0.025152,1.312129,8.642379
C2,P1,0,362,7,26,21.609108,54,28311552,4656,0,4656,0,80,18,0.936128,0.290912,0.544097,5.865545,0.005184,0.965186,1.273122,3.622053
C2,P1,0,363,7,27,22.626679,24,28311552,4656,0,4656,0,37,8,0.461793,0.130657,0.522145,10.351791,0.005184,1.443811,1.231586,7.67121
C2,P1,0,364,7,28,21.454646,33,28311552,4656,0,4656,0,69,11,0.614883,0.178848,0.523713,8.162541,0.005408,1.313251,1.208738,5.635144
C2,P1,0,365,7,29,18.029678,30,37748736,4656,0,4656,0,44,10,0.562595,0.163329,0.704129,4.542117,0.005216,1.102338,1.364929,2.069634
C2,P1,0,366,7,30,23.481874,54,47185920,4656,0,4656,0,81,18,0.914753,0.29104,0.917218,6.113768,0.005408,0.026112,1.391169,4.691079
C2,P1,0,367,7,31,25.697875,36,47185920,4656,0,4656,0,57,12,0.643426,0.194049,0.871585,9.353741,0.00544,1.544609,0.987714,6.815978
C2,P1,0,368,7,32,14.173186,12,28311552,4656,0,4656,0,23,4,0.29008,0.066336,0.524001,3.459557,0.005184,1.714723,0.569793,1.169857
C2,P1,0,369,7,33,27.20219,45,56623104,4656,0,4656,0,54,15,0.780035,0.242081,1.155489,10.503247,0.005376,0.368385,1.39485,8.734636
C2,P1,0,370,7,34,15.338955,15,37748736,4656,0,4656,0,97,5,0.34048,0.084928,0.708065,3.811685,0.005216,2.093379,0.545024,1.168066
C2,P1,0,371,7,35,21.397182,24,37748736,4656,0,4656,0,43,8,0.464832,0.130752,0.752513,9.330828,0.005216,0.904096,1.290082,7.131434
C2,P1,0,372,7,36,14.205741,12,28311552,4656,0,4656,0,48,4,0.285121,0.066881,0.572544,4.282663,0.005152,0.918402,1.127042,2.232067
C2,P1,0,373,7,37,13.614889,15,37748736,4656,0,4656,0,21,5,0.333056,0.082912,0.747105,3.645092,0.005184,0.516832,1.16685,1.956226
C2,P1,0,374,7,38,21.121236,30,56623104,4656,0,4656,0,32,10,0.548641,0.162368,1.11197,5.113286,0.0056,0.856672,1.366338,2.884676
C2,P1,0,375,7,39,25.42279,42,56623104,4656,0,4656,0,75,14,0.755362,0.226688,1.137185,7.018792,0.005152,0.929153,1.416737,4.66775
C2,P1,0,376,7,40,22.77047,24,37748736,4656,0,4656,0,67,8,0.473889,0.130528,0.697889,8.230443,0.005504,0.025472,2.640068,5.559399
C2,P1,0,377,7,41,13.459548,18,28311552,4656,0,4656,0,74,6,0.390754,0.098976,0.57296,3.454886,0.00544,0.025056,1.144642,2.279748
C2,P1,0,378,7,42,20.712924,24,37748736,4656,0,4656,0,39,8,0.473217,0.129632,0.742945,7.008971,0.005376,2.556196,1.232834,3.214565
C2,P1,0,379,7,43,15.327032,12,37748736,4656,0,4656,0,13,4,0.279778,0.066081,0.760353,3.720519,0.00544,0.588065,0.837186,2.289828
C2,P1,0,380,7,44,22.401061,63,56623104,4656,0,4656,0,112,21,1.091873,0.338881,1.048129,2.663811,0.00544,1.093506,1.539361,0.025504
C2,P1,0,381,7,45,14.23217,24,28311552,4656,0,4656,0,35,8,0.468352,0.130336,0.529889,2.539042,0.005184,0.506688,1.205441,0.821729
C2,P1,0,382,7,46,29.394958,42,47185920,4656,0,4656,0,50,14,0.734529,0.22576,1.169538,3.26794,0.005536,0.640736,1.810851,0.810817
C2,P1,0,383,7,47,16.804268,12,37748736,4656,0,4656,0,12,4,0.279009,0.066464,0.697153,2.733795,0.005152,0.025312,1.011233,1.692098
C2,P1,0,384,8,0,36.525399,57,75497472,4656,0,4656,0,67,19,0.961057,0.305281,1.406914,6.309512,0.005248,0.026144,2.932452,3.345668
C2,P1,0,385,8,1,15.662433,15,47185920,4656,0,4656,0,17,5,0.327328,0.0816,0.884258,3.399204,0.005408,0.025664,1.373154,1.994978
C2,P1,0,386,8,2,14.152332,15,47185920,4656,0,4656,0,21,5,0.328609,0.082848,0.879713,2.777442,0.005152,0.025216,1.192033,1.555041
C2,P1,0,387,8,3,12.222499,12,28311552,4656,0,4656,0,23,4,0.287137,0.066721,0.527169,0.710625,0.005408,0.105824,0.575169,0.024224
C2,P1,0,388,8,4,21.573255,51,47185920,4656,0,4656,0,101,17,0.893444,0.274114,0.886082,3.335684,0.005152,0.399872,1.307137,1.623523
C2,P1,0,389,8,5,20.44028,51,37748736,4656,0,4656,0,69,17,0.864384,0.274112,0.711713,3.560036,0.005632,0.735873,1.312353,1.506178
C2,P1,0,390,8,6,19.122429,33,37748736,4656,0,4656,0,54,11,0.601056,0.179904,0.707201,5.295719,0.005376,0.748705,1.225794,3.315844
C2,P1,0,391,8,7,18.821247,36,28311552,4656,0,4656,0,38,12,0.641216,0.194496,0.530209,5.3698,0.005184,0.025824,1.266562,4.07223
C2,P1,0,392,8,8,30.678853,48,47185920,4656,0,4656,0,53,16,0.821153,0.257569,0.872481,3.624229,0.005216,0.026144,0.676129,2.91674
C2,P1,0,393,8,9,27.200856,45,37748736,4656,0,4656,0,64,15,0.771457,0.241536,0.697057,1.975715,0.005408,0.025568,0.834626,1.110113
C2,P1,0,394,8,10,35.839635,45,47185920,4656,0,4656,0,50,15,0.780642,0.242912,0.872481,8.154795,0.005184,2.087203,0.887841,5.174567
C2,P1,0,395,8,11,33.966543,60,56623104,4656,0,4656,0,86,20,1.020513,0.322656,1.057442,2.119331,0.005376,0.025472,0.773697,1.314786
C2,P1,0,396,8,12,31.757965,45,56623104,4656,0,4656,0,45,15,0.779107,0.241729,1.048705,3.855941,0.005408,0.025824,0.706689,3.11802
C2,P1,0,397,8,13,33.035455,51,56623104,4656,0,4656,0,80,17,0.892961,0.274784,1.048162,4.518663,0.00544,0.02576,0.773985,3.713478
C2,P1,0,398,8,14,24.620561,48,37748736,4656,0,4656,0,79,16,0.850336,0.260416,0.736609,1.383233,0.005312,0.025504,1.326817,0.0256
C2,P1,0,399,8,15,41.002514,36,37748736,4656,0,4656,0,50,12,0.650209,0.193728,0.746209,22.899518,0.005472,0.720513,6.049927,16.123606
C2,P1,0,400,8,16,24.790798,39,56623104,4656,0,4656,0,69,13,0.698691,0.20992,1.078913,7.278442,0.0056,0.428961,1.526433,5.317448
C2,P1,0,401,8,17,32.340836,63,56623104,4656,0,4656,0,101,21,1.060545,0.338689,1.045986,11.997871,0.005408,1.161697,1.474913,9.355853
C2,P1,0,402,8,18,22.009859,45,28311552,4656,0,4656,0,57,15,0.779808,0.24112,0.556545,6.449673,0.005216,0.02544,1.204962,5.214055
C2,P1,0,403,8,19,20.139471,27,37748736,4656,0,4656,0,40,9,0.514817,0.146913,0.698561,7.171849,0.005376,0.025632,1.286305,5.854536
C2,P1,0,404,8,20,22.084252,54,37748736,4656,0,4656,0,87,18,0.938816,0.28944,0.722017,6.350984,0.00544,1.631395,1.322913,3.391236
C2,P1,0,405,8,21,25.28851,39,47185920,4656,0,4656,0,22,13,0.67005,0.210593,0.885825,9.120747,0.005184,1.633985,1.164641,6.316937
C2,P1,0,406,8,22,15.158252,12,37748736,4656,0,4656,0,15,4,0.281888,0.06656,0.749537,3.874437,0.005376,1.600226,0.724929,1.543906
C2,P1,0,407,8,23,16.201967,30,47185920,4656,0,4656,0,79,10,0.577792,0.163552,0.870849,2.392741,0.005472,1.07325,1.289155,0.024864
C2,P1,0,408,8,24,23.901019,48,47185920,4656,0,4656,0,43,16,0.814368,0.256864,0.89613,6.765737,0.005152,1.325954,1.592449,3.842182
C2,P1,0,409,8,25,24.199646,66,56623104,4656,0,4656,0,87,22,1.095171,0.35501,1.055137,3.758501,0.005184,1.004353,1.589474,1.15949
C2,P1,0,410,8,26,31.180374,69,56623104,4656,0,4656,0,79,23,1.140418,0.369409,1.05741,8.871627,0.005152,1.562209,1.020001,6.284265
C2,P1,0,411,8,27,29.377251,24,47185920,4656,0,4656,0,40,8,0.470177,0.13024,0.879777,14.839446,0.005472,0.025376,1.334979,13.473619
C2,P1,0,412,8,28,27.13857,39,56623104,4656,0,4656,0,63,13,0.693696,0.211616,1.082497,8.574187,0.005472,1.369377,0.825121,6.374217
C2,P1,0,413,8,29,22.359512,33,47185920,4656,0,4656,0,32,11,0.593472,0.17792,0.928801,7.327276,0.005216,0.592481,1.263267,5.466312
C2,P1,0,414,8,30,25.117586,51,37748736,4656,0,4656,0,67,17,0.858816,0.273952,0.726913,6.734923,0.005216,0.266976,1.443779,5.018952
C2,P1,0,415,8,31,26.15838,30,37748736,4656,0,4656,0,50,10,0.552034,0.162881,0.753217,12.778034,0.0056,0.025248,1.269699,11.477487
C2,P1,0,416,8,32,15.457007,15,37748736,4656,0,4656,0,65,5,0.340384,0.083392,0.695809,4.188485,0.005216,1.685826,1.220802,1.276641
C2,P1,0,417,8,33,26.455793,48,66060288,4656,0,4656,0,59,16,0.829217,0.259232,1.328738,8.186158,0.0056,0.539426,1.286083,6.355049
C2,P1,0,418,8,34,15.42064,18,47185920,4656,0,4656,0,94,6,0.394016,0.099488,0.8712,2.730693,0.005504,1.861891,0.838594,0.024704
C2,P1,0,419,8,35,22.279701,30,56623104,4656,0,4656,0,31,10,0.549985,0.162272,1.121953,8.407981,0.005184,0.899074,1.574787,5.928936
C2,P1,0,420,8,36,14.727047,12,28311552,4656,0,4656,0,24,4,0.289537,0.067264,0.555009,4.667399,0.00544,1.597827,1.190498,1.873634
C2,P1,0,421,8,37,14.665819,15,37748736,4656,0,4656,0,28,5,0.333568,0.082208,0.751233,4.607526,0.00544,0.026112,1.172609,3.403365
C2,P1,0,422,8,38,22.927612,33,56623104,4656,0,4656,0,33,11,0.589504,0.177888,1.108545,5.964136,0.005152,0.289568,1.526787,4.142629
C2,P1,0,423,8,39,27.188214,39,56623104,4656,0,4656,0,66,13,0.707424,0.210336,1.114722,10.56203,0.005216,0.025728,1.389666,9.14142
C2,P1,0,424,8,40,20.741928,33,56623104,4656,0,4656,0,41,11,0.605856,0.179296,1.12413,5.938345,0.005184,1.316227,1.365602,3.251332
C2,P1,0,425,8,41,17.551487,21,37748736,4656,0,4656,0,76,7,0.436417,0.11504,0.748737,5.061991,0.005376,1.638083,1.348673,2.069859
C2,P1,0,426,8,42,20.529485,30,47185920,4656,0,4656,0,39,10,0.556928,0.1624,0.927489,5.448871,0.00544,1.144801,1.274818,3.023812
C2,P1,0,427,8,43,13.853642,12,28311552,4656,0,4656,0,14,4,0.281984,0.0664,0.538432,4.853767,0.005216,0.682914,1.184737,2.9809
C2,P1,0,428,8,44,25.90731,48,47185920,4656,0,4656,0,99,16,0.864578,0.258688,0.949441,6.325321,0.005184,0.025408,2.753667,3.541062
C2,P1,0,429,8,45,18.989259,30,47185920,4656,0,4656,0,35,10,0.551745,0.16336,0.937313,4.72247,0.005408,0.025088,1.308865,3.383109
C2,P1,0,430,8,46,26.380914,42,47185920,4656,0,4656,0,52,14,0.732705,0.227009,0.906049,9.50827,0.005216,0.025568,2.893349,6.584137
C2,P1,0,431,8,47,18.348656,18,56623104,4656,0,4656,0,22,6,0.373888,0.09856,1.074977,3.791557,0.005568,1.494019,1.007681,1.284289
C2,P1,1,0,0,0,89.381639,90,283115520,0,4656,0,4656,4718,30,1.681721,0.539293,5.242056,34.255521,25.98964,1.130875,1.120763,6.014243
C2,P1,1,1,0,1,70.474946,63,198180864,0,4656,0,4656,4956,21,1.321436,0.40451,3.709422,27.160225,21.610716,1.778454,1.576441,2.194614
C2,P1,1,2,0,2,66.900826,54,169869312,0,4656,0,4656,4874,18,1.142746,0.34419,3.157938,24.400302,20.938687,0.468094,2.15231,0.841211
C2,P1,1,3,0,3,70.301859,48,150994944,0,4656,0,4656,4502,16,1.046107,0.307871,2.820148,35.567868,20.858592,4.851209,1.642584,8.215483
C2,P1,1,4,0,4,74.258795,81,254803968,0,4656,0,4656,3083,27,1.524981,0.475067,4.788234,28.540541,21.747068,0.041888,1.711576,5.040009
C2,P1,1,5,0,5,82.493204,87,273678336,0,4656,0,4656,3393,29,1.642168,0.513661,5.126025,34.559808,22.062746,1.909432,1.541592,9.046038
C2,P1,1,6,0,6,82.702649,81,254803968,0,4656,0,4656,2719,27,1.531538,0.473338,4.866602,36.592343,21.490077,5.901508,1.771608,7.42915
C2,P1,1,7,0,7,79.113813,78,245366784,0,4656,0,4656,3033,26,1.495066,0.457087,4.641546,34.578367,20.674944,1.453819,1.332473,11.117131
C2,P1,1,8,0,8,84.438647,84,264241152,0,4656,0,4656,3756,28,1.5894,0.498462,5.059177,37.19922,21.007199,8.066651,2.297461,5.827909
C2,P1,1,9,0,9,83.415643,81,254803968,0,4656,0,4656,3619,27,1.567706,0.491328,4.961321,35.898907,22.16553,0.387934,11.566187,1.779256
C2,P1,1,10,0,10,80.647969,87,273678336,0,4656,0,4656,3537,29,1.61916,0.513342,5.325639,31.327823,22.377785,0.585052,1.607449,6.757537
C2,P1,1,11,0,11,84.311362,87,273678336,0,4656,0,4656,4351,29,1.682295,0.526172,5.428455,33.923106,22.430296,1.831063,1.40569,8.256057
C2,P1,1,12,0,12,84.130243,87,273678336,0,4656,0,4656,3100,29,1.61071,0.508478,5.433575,31.894509,22.483576,0.041792,1.234459,8.134682
C2,P1,1,13,0,13,80.541197,81,254803968,0,4656,0,4656,3370,27,1.540701,0.476127,5.062057,33.002472,22.68284,0.788349,1.40185,8.129433
C2,P1,1,14,0,14,90.11077,78,245366784,0,4656,0,4656,3613,26,1.509723,0.465534,4.906538,44.375189,37.270644,1.673498,2.246901,3.184146
C2,P1,1,15,0,15,79.17175,81,254803968,0,4656,0,4656,4152,27,1.577882,0.482238,5.065449,32.270027,22.299737,0.0424,1.454617,8.473273
C2,P1,1,16,0,16,77.408779,81,254803968,0,4656,0,4656,3606,27,1.543259,0.483232,5.031752,29.772853,22.631352,0.997723,1.654456,4.489322
C2,P1,1,17,0,17,91.709946,87,273678336,0,4656,0,4656,3709,29,1.658359,0.512989,5.333095,43.274104,31.197616,1.994391,1.802391,8.279706
C2,P1,1,18,0,18,90.039402,81,254803968,0,4656,0,4656,2730,27,1.491448,0.471933,5.089896,42.874554,39.201803,0.042047,1.610841,2.019863
C2,P1,1,19,0,19,97.047018,75,235929600,0,4656,0,4656,2648,25,1.418839,0.43955,4.729066,51.474512,39.630537,1.711287,1.741176,8.391512
C2,P1,1,20,0,20,93.015407,78,245366784,0,4656,0,4656,2873,26,1.453467,0.454208,4.739403,44.963825,40.255878,0.582909,1.343834,2.781204
C2,P1,1,21,0,21,101.857013,84,264241152,0,4656,0,4656,4038,28,1.618619,0.498044,5.256231,52.651598,42.131359,1.816534,1.39257,7.311135
C2,P1,1,22,0,22,82.621428,54,169869312,0,4656,0,4656,4084,18,1.107743,0.33264,3.403024,42.676123,32.26334,1.550648,1.720633,7.141502
C2,P1,1,23,0,23,91.661713,69,217055232,0,4656,0,4656,3572,23,1.333019,0.410176,4.369228,46.506316,35.14355,1.827417,1.487225,8.048124
C2,P1,1,24,0,24,97.741064,87,273678336,0,4656,0,4656,4644,29,1.661075,0.528541,5.502951,46.885225,43.153498,1.583706,1.521945,0.626076
C2,P1,1,25,0,25,98.831934,81,254803968,0,4656,0,4656,3348,27,1.515447,0.478461,5.071656,50.116122,41.258147,0.290718,1.76764,6.799617
C2,P1,1,26,0,26,97.754667,81,254803968,0,4656,0,4656,2685,27,1.530298,0.471487,5.126761,49.05872,42.344958,0.89302,1.33209,4.488652
C2,P1,1,27,0,27,104.540923,84,264241152,0,4656,0,4656,3940,28,1.62367,0.504478,5.302183,55.229156,43.173977,0.623102,2.921427,8.51065
C2,P1,1,28,0,28,96.255248,81,254803968,0,4656,0,4656,2982,27,1.503767,0.474334,5.086185,48.127939,41.8328,0.769084,3.076754,2.449301
C2,P1,1,29,0,29,88.329009,63,198180864,0,4656,0,4656,3189,21,1.217373,0.375263,3.997518,45.744846,37.514708,0.84198,2.042871,5.345287
C2,P1,1,30,0,30,117.92579,81,254803968,0,4656,0,4656,2245,27,1.470395,0.464958,5.103368,69.938751,58.90389,0.041728,2.054775,8.938358
C2,P1,1,31,0,31,94.413954,81,254803968,0,4656,0,4656,1788,27,1.437754,0.461243,5.131336,46.944969,42.455997,1.145755,2.506005,0.837212
C2,P1,1,32,0,32,91.30556,51,160432128,0,4656,0,4656,3880,17,1.078297,0.321599,3.206769,52.699983,33.527046,12.826405,2.125175,4.221357
C2,P1,1,33,0,33,99.8369,84,264241152,0,4656,0,4656,3239,28,1.578778,0.496575,5.273224,50.964949,41.607073,0.042688,1.834231,7.480957
C2,P1,1,34,0,34,91.197115,57,179306496,0,4656,0,4656,4588,19,1.188698,0.36576,3.608144,49.652156,36.037466,7.278111,1.784633,4.551946
C2,P1,1,35,0,35,93.475684,69,217055232,0,4656,0,4656,3807,23,1.342876,0.416127,4.343691,48.814975,35.927259,9.353589,1.774199,1.759928
C2,P1,1,36,0,36,75.891172,45,141557760,0,4656,0,4656,3543,15,0.949885,0.27795,2.826035,39.08398,30.549683,0.451934,1.63676,6.445603
C2,P1,1,37,0,37,73.874922,51,160432128,0,4656,0,4656,4312,17,1.083195,0.323744,3.254641,34.849341,31.019058,1.392984,1.778583,0.658716
C2,P1,1,38,0,38,82.159568,60,188743680,0,4656,0,4656,2939,20,1.204218,0.363231,3.778158,38.648077,34.852671,0.819387,1.347226,1.628793
C2,P1,1,39,0,39,85.440085,60,188743680,0,4656,0,4656,3138,20,1.182746,0.359135,3.839791,43.477498,37.095318,0.041376,1.602489,4.738315
C2,P1,1,40,0,40,89.626399,63,198180864,0,4656,0,4656,4071,21,1.276698,0.390973,3.953455,45.440398,37.370708,0.042848,1.749624,6.277218
C2,P1,1,41,0,41,84.379899,54,169869312,0,4656,0,4656,3700,18,1.089082,0.331839,3.390928,43.917207,34.821536,0.0424,1.593337,7.459934
C2,P1,1,42,0,42,83.289756,57,179306496,0,4656,0,4656,5567,19,1.218583,0.367069,3.630063,42.150591,35.173118,0.04176,1.922776,5.012937
C2,P1,1,43,0,43,74.988571,48,150994944,0,4656,0,4656,4102,16,1.015165,0.300384,3.034386,36.743256,33.565638,0.041952,2.081622,1.054044
C2,P1,1,44,0,44,92.509339,72,226492416,0,4656,0,4656,2012,24,1.298714,0.412191,4.457259,47.221926,39.693577,2.026742,2.002647,3.49896
C2,P1,1,45,0,45,80.424204,51,160432128,0,4656,0,4656,2397,17,1.009019,0.302877,3.188626,41.81904,31.933165,1.951031,1.726361,6.208483
C2,P1,1,46,0,46,88.481589,66,207618048,0,4656,0,4656,3137,22,1.273304,0.390366,4.156877,44.919313,36.237145,1.394073,1.401849,5.886246
C2,P1,1,47,0,47,82.015671,48,150994944,0,4656,0,4656,3143,16,1.014524,0.303071,3.00597,43.574264,31.811598,6.628899,1.442617,3.69115
C2,P1,1,48,1,0,13.587357,18,28311552,0,4656,0,4656,27,6,0.367935,0.099744,0.523933,3.951854,2.948146,0.917436,0.061024,0.025248
C2,P1,1,49,1,1,9.365712,3,9437184,0,4656,0,4656,32,1,0.136224,0.017696,0.174816,4.238573,1.277594,0.767006,0.573692,1.620281
C2,P1,1,50,1,2,7.14543,3,9437184,0,4656,0,4656,32,1,0.136543,0.0176,0.174335,1.18284,0.959195,0.025631,0.175326,0.022688
C2,P1,1,51,1,3,7.536282,3,9437184,0,4656,0,4656,32,1,0.136415,0.01744,0.174527,1.639737,0.91878,0.025568,0.035104,0.660285
C2,P1,1,52,1,4,13.414458,9,9437184,0,4656,0,4656,66,3,0.239327,0.051424,0.1904,5.837766,1.816312,2.258614,0.138879,1.623961
C2,P1,1,53,1,5,18.62131,9,18874368,0,4656,0,4656,19,3,0.233054,0.051136,0.349503,9.263572,2.482965,0.434492,0.049056,6.297059
C2,P1,1,54,1,6,14.133504,3,0,0,4656,0,4656,25,1,0.138303,0.017824,0.0,7.719807,0.454462,0.605502,0.184991,6.474852
C2,P1,1,55,1,7,19.526648,9,9437184,0,4656,0,4656,35,3,0.238718,0.05248,0.175807,12.666822,2.830803,5.89866,1.294363,2.642996
C2,P1,1,56,1,8,14.479725,24,18874368,0,4656,0,4656,138,8,0.472639,0.133472,0.350558,4.351818,2.253078,0.830618,0.318302,0.94982
C2,P1,1,57,1,9,12.714186,12,9437184,0,4656,0,4656,68,4,0.283871,0.068096,0.187295,5.124264,1.956695,1.868599,0.370558,0.928412
C2,P1,1,58,1,10,13.463322,12,18874368,0,4656,0,4656,53,4,0.286911,0.067936,0.373726,5.168553,1.960375,0.393375,0.227071,2.587732
C2,P1,1,59,1,11,12.946889,9,9437184,0,4656,0,4656,33,3,0.235008,0.05136,0.179135,3.496656,1.359065,0.066272,0.079904,1.991415
C2,P1,1,60,1,12,14.392555,6,9437184,0,4656,0,4656,13,2,0.19651,0.034816,0.176095,7.602301,2.677812,1.12425,0.086976,3.713263
C2,P1,1,61,1,13,13.757094,9,9437184,0,4656,0,4656,96,3,0.234815,0.053248,0.174047,6.019973,1.770136,1.613913,0.28755,2.348374
C2,P1,1,62,1,14,15.044988,9,9437184,0,4656,0,4656,16,3,0.240736,0.051392,0.186783,7.057953,1.480313,0.025376,0.20896,5.343304
C2,P1,1,63,1,15,17.323486,6,9437184,0,4656,0,4656,8,2,0.192223,0.034912,0.173535,10.603439,1.845304,2.560948,0.434013,5.763174
C2,P1,1,64,1,16,13.669713,15,9437184,0,4656,0,4656,28,5,0.336512,0.084384,0.174335,5.223591,2.589204,0.383678,0.405662,1.845047
C2,P1,1,65,1,17,13.115188,9,9437184,0,4656,0,4656,7,3,0.235904,0.051552,0.18224,5.411144,1.493465,0.025056,0.256415,3.636208
C2,P1,1,66,1,18,17.290311,6,9437184,0,4656,0,4656,5,2,0.189279,0.034912,0.180767,10.43605,2.032119,1.445306,0.782141,6.176484
C2,P1,1,67,1,19,15.051247,24,18874368,0,4656,0,4656,36,8,0.459261,0.132543,0.353503,4.318189,2.120022,0.172928,0.466366,1.558873
C2,P1,1,68,1,20,17.584788,12,28311552,0,4656,0,4656,9,4,0.278365,0.066912,0.552285,8.972247,3.08933,0.624476,0.209664,5.048777
C2,P1,1,69,1,21,17.516702,21,9437184,0,4656,0,4656,12,7,0.409856,0.116032,0.173599,7.382815,1.517113,2.259894,0.06864,3.537168
C2,P1,1,70,1,22,10.405962,3,9437184,0,4656,0,4656,28,1,0.138848,0.017632,0.189023,4.777609,2.998386,0.414686,0.236543,1.127994
C2,P1,1,71,1,23,12.539568,6,18874368,0,4656,0,4656,24,2,0.190269,0.03488,0.389758,5.007593,2.239382,0.024928,0.163231,2.580052
C2,P1,1,72,1,24,17.469956,18,18874368,0,4656,0,4656,38,6,0.371326,0.100064,0.348574,8.088186,2.039415,2.187511,0.254269,3.606991
C2,P1,1,73,1,25,12.663385,12,9437184,0,4656,0,4656,53,4,0.277631,0.068064,0.191583,4.233005,3.07957,0.1032,0.047231,1.003004
C2,P1,1,74,1,26,12.866768,9,18874368,0,4656,0,4656,3,3,0.229215,0.050144,0.362878,5.039818,1.929207,0.025184,0.145376,2.940051
C2,P1,1,75,1,27,18.986488,6,18874368,0,4656,0,4656,9,2,0.192863,0.034976,0.36659,11.917863,2.082902,1.716857,0.204349,7.913755
C2,P1,1,76,1,28,15.609012,6,18874368,0,4656,0,4656,8,2,0.191167,0.034528,0.37571,8.803896,2.087863,2.523316,0.235871,3.956846
C2,P1,1,77,1,29,14.304842,6,18874368,0,4656,0,4656,2,2,0.186944,0.03472,0.347294,7.785949,3.052914,0.544414,0.311551,3.87707
C2,P1,1,78,1,30,16.554187,12,28311552,0,4656,0,4656,13,4,0.281662,0.06736,0.53667,7.807898,2.788691,0.59766,0.221855,4.199692
C2,P1,1,79,1,31,18.456784,12,18874368,0,4656,0,4656,7,4,0.275295,0.06752,0.360543,8.973847,2.509364,0.024832,0.21024,6.229411
C2,P1,1,80,1,32,9.742892,3,9437184,0,4656,0,4656,30,1,0.138622,0.0176,0.180991,4.007375,1.209019,1.549818,0.613245,0.635293
C2,P1,1,81,1,33,11.896862,15,9437184,0,4656,0,4656,18,5,0.331997,0.084415,0.183423,3.078802,1.68956,0.048832,0.166655,1.173755
C2,P1,1,82,1,34,8.901513,3,9437184,0,4656,0,4656,32,1,0.136991,0.017568,0.189696,2.829653,1.636185,0.025472,0.149056,1.01894
C2,P1,1,83,1,35,12.522056,9,18874368,0,4656,0,4656,15,3,0.238719,0.050687,0.347902,5.673927,2.24111,1.13926,0.46483,1.828727
C2,P1,1,84,1,36,10.290731,3,9437184,0,4656,0,4656,8,1,0.141727,0.017216,0.192704,2.673268,1.207259,0.390495,0.070688,1.004826
C2,P1,1,85,1,37,10.054774,3,9437184,0,4656,0,4656,29,1,0.139039,0.017856,0.173663,4.714604,2.036118,0.552415,0.483134,1.642937
C2,P1,1,86,1,38,12.505583,9,9437184,0,4656,0,4656,49,3,0.235199,0.052064,0.193119,5.273224,1.744632,0.025088,1.481401,2.022103
C2,P1,1,87,1,39,16.076727,12,18874368,0,4656,0,4656,10,4,0.279072,0.067104,0.363358,8.280826,3.556304,1.467929,0.236288,3.020305
C2,P1,1,88,1,40,11.158845,9,9437184,0,4656,0,4656,19,3,0.243647,0.051104,0.173919,4.438632,1.590393,0.470204,0.218013,2.160022
C2,P1,1,89,1,41,11.18152,6,18874368,0,4656,0,4656,56,2,0.187615,0.03504,0.359935,3.799055,2.313749,0.032896,0.108895,1.343515
C2,P1,1,90,1,42,12.388396,9,18874368,0,4656,0,4656,88,3,0.234109,0.052383,0.34787,5.173129,2.830259,0.025312,0.556957,1.760601
C2,P1,1,91,1,43,11.811238,6,9437184,0,4656,0,4656,34,2,0.189152,0.03488,0.173951,2.257302,1.459129,0.025184,0.290367,0.482622
C2,P1,1,92,1,44,16.43881,12,9437184,0,4656,0,4656,19,4,0.287004,0.068288,0.173471,8.518905,2.015862,2.351125,0.59267,3.559248
C2,P1,1,93,1,45,14.549408,9,18874368,0,4656,0,4656,3,3,0.230271,0.050752,0.372478,7.499197,3.475408,1.659929,0.543133,1.820727
C2,P1,1,94,1,46,14.992451,24,18874368,0,4656,0,4656,32,8,0.469213,0.131583,0.369854,4.544906,2.261846,0.157759,0.498909,1.626392
C2,P1,1,95,1,47,14.844506,6,18874368,0,4656,0,4656,50,2,0.188736,0.035456,0.362175,8.724439,1.946807,5.481287,0.319805,0.97654
C2,P1,1,96,2,0,17.552855,12,9437184,0,4656,0,4656,19,4,0.285471,0.068416,0.174175,8.718264,1.986391,1.80124,0.243998,4.686635
C2,P1,1,97,2,1,12.918577,3,9437184,0,4656,0,4656,5,1,0.140863,0.017344,0.173855,5.461414,1.802264,3.049392,0.027936,0.581822
C2,P1,1,98,2,2,11.401034,9,18874368,0,4656,0,4656,78,3,0.231518,0.051552,0.349438,5.325864,1.980791,1.849304,0.525693,0.970076
C2,P1,1,99,2,3,8.826192,3,9437184,0,4656,0,4656,32,1,0.137566,0.0184,0.174687,3.443503,1.38873,0.024896,1.180986,0.848891
C2,P1,1,100,2,4,18.221676,21,18874368,0,4656,0,4656,34,7,0.414078,0.115263,0.350431,7.838108,2.569237,0.330591,0.548412,4.389868
C2,P1,1,101,2,5,17.804683,24,18874368,0,4656,0,4656,18,8,0.456222,0.131455,0.349598,6.678336,2.561268,0.572764,0.069984,3.47432
C2,P1,1,102,2,6,24.946227,18,37748736,0,4656,0,4656,11,6,0.367646,0.098271,0.702269,15.043548,3.803022,5.471912,0.498078,5.270536
C2,P1,1,103,2,7,20.787771,21,28311552,0,4656,0,4656,32,7,0.426943,0.116479,0.528733,9.201366,3.330929,0.829051,0.028416,5.01297
C2,P1,1,104,2,8,20.355959,42,47185920,0,4656,0,4656,60,14,0.746493,0.227455,0.900924,5.822246,4.478667,0.74067,0.578269,0.02464
C2,P1,1,105,2,9,28.47204,42,47185920,0,4656,0,4656,47,14,0.733277,0.226719,0.908924,13.564355,6.752225,6.393635,0.394143,0.024352
C2,P1,1,106,2,10,17.802886,21,28311552,0,4656,0,4656,55,7,0.425821,0.115648,0.559389,7.257245,4.899146,0.954298,0.214431,1.18937
C2,P1,1,107,2,11,18.542329,21,18874368,0,4656,0,4656,21,7,0.420096,0.116928,0.366014,7.961916,2.681204,0.986684,0.152896,4.141132
C2,P1,1,108,2,12,18.941343,33,37748736,0,4656,0,4656,47,11,0.61094,0.179392,0.740765,5.629096,4.00651,0.425311,0.401663,0.795612
C2,P1,1,109,2,13,19.534886,27,37748736,0,4656,0,4656,60,9,0.516574,0.147871,0.754525,7.316512,3.676943,1.042461,0.37235,2.224758
C2,P1,1,110,2,14,16.420656,15,18874368,0,4656,0,4656,8,5,0.321407,0.083968,0.349151,7.208608,2.270037,0.764957,1.482074,2.69154
C2,P1,1,111,2,15,20.529815,27,28311552,0,4656,0,4656,9,9,0.493883,0.147551,0.547389,8.915193,2.91653,2.969907,1.512442,1.516314
C2,P1,1,112,2,16,18.580537,24,18874368,0,4656,0,4656,22,8,0.460384,0.131808,0.358655,7.038142,2.753651,0.447293,1.534841,2.302357
C2,P1,1,113,2,17,22.04762,21,28311552,0,4656,0,4656,17,7,0.416255,0.116095,0.559933,11.810508,3.028243,2.607349,1.480729,4.694187
C2,P1,1,114,2,18,18.01045,12,18874368,0,4656,0,4656,10,4,0.278783,0.067263,0.348382,8.503513,2.146998,1.76796,0.169695,4.41886
C2,P1,1,115,2,19,18.878061,27,9437184,0,4656,0,4656,34,9,0.514975,0.14976,0.173919,6.631265,2.375861,1.488121,0.09536,2.671923
C2,P1,1,116,2,20,20.523816,39,28311552,0,4656,0,4656,27,13,0.678173,0.211328,0.543486,5.370887,4.973321,0.175679,0.197535,0.024352
C2,P1,1,117,2,21,21.172697,39,28311552,0,4656,0,4656,42,13,0.69075,0.211743,0.522494,5.63076,3.089234,0.377055,0.028384,2.136087
C2,P1,1,118,2,22,14.560123,6,18874368,0,4656,0,4656,5,2,0.189952,0.034848,0.348479,7.784348,3.595216,0.025088,0.84422,3.319824
C2,P1,1,119,2,23,17.268014,6,18874368,0,4656,0,4656,4,2,0.187519,0.034528,0.349374,10.981967,3.449456,2.960564,0.536413,4.035534
C2,P1,1,120,2,24,26.9842,39,37748736,0,4656,0,4656,39,13,0.687903,0.211648,0.696541,12.92567,7.282814,2.972436,0.605917,2.064503
C2,P1,1,121,2,25,26.064161,12,18874368,0,4656,0,4656,13,4,0.281694,0.067903,0.348286,17.561456,4.797674,4.602379,0.551582,7.609821
C2,P1,1,122,2,26,23.533155,21,28311552,0,4656,0,4656,10,7,0.408926,0.114815,0.522301,13.146018,5.622502,3.604431,0.513501,3.405584
C2,P1,1,123,2,27,30.892274,21,28311552,0,4656,0,4656,19,7,0.415165,0.114559,0.522654,20.239459,5.220392,4.720522,0.584638,9.713907
C2,P1,1,124,2,28,26.111695,21,28311552,0,4656,0,4656,27,7,0.420221,0.114783,0.531709,15.039098,5.471111,4.740362,0.579197,4.248428
C2,P1,1,125,2,29,15.57165,9,18874368,0,4656,0,4656,8,3,0.232992,0.050688,0.348606,6.725663,2.730803,0.70966,0.203934,3.081266
C2,P1,1,126,2,30,21.537165,9,18874368,0,4656,0,4656,3,3,0.230208,0.05088,0.348159,11.542924,2.582356,0.764573,0.028704,8.167291
C2,P1,1,127,2,31,22.639127,18,18874368,0,4656,0,4656,12,6,0.366747,0.099295,0.37331,12.278277,3.585007,1.260186,0.223581,7.209503
C2,P1,1,128,2,32,12.671765,6,18874368,0,4656,0,4656,9,2,0.192192,0.034656,0.37555,5.994212,2.312534,2.841554,0.142624,0.6975
C2,P1,1,129,2,33,25.066415,33,37748736,0,4656,0,4656,34,11,0.599611,0.179646,0.743261,11.465582,6.69357,0.465694,0.159776,4.146542
C2,P1,1,130,2,34,22.518015,9,18874368,0,4656,0,4656,67,3,0.244959,0.05184,0.347646,16.085431,4.347916,7.73987,1.735671,2.261974
C2,P1,1,131,2,35,16.204467,12,18874368,0,4656,0,4656,33,4,0.298368,0.06912,0.366398,8.290107,2.835411,1.913239,0.429887,3.11157
C2,P1,1,132,2,36,9.396323,3,9437184,0,4656,0,4656,12,1,0.145087,0.017184,0.185983,3.832465,1.585369,0.816734,0.305471,1.124891
C2,P1,1,133,2,37,11.730868,6,18874368,0,4656,0,4656,4,2,0.188704,0.034368,0.370175,5.766532,3.285489,1.329433,0.347199,0.804411
C2,P1,1,134,2,38,12.808117,12,9437184,0,4656,0,4656,46,4,0.289535,0.067744,0.17376,4.909289,1.836823,0.541919,0.309341,2.221206
C2,P1,1,135,2,39,17.154404,27,28311552,0,4656,0,4656,38,9,0.513531,0.146974,0.527902,5.758118,2.815763,0.592765,0.289855,2.059735
C2,P1,1,136,2,40,13.741122,15,9437184,0,4656,0,4656,59,5,0.325438,0.084352,0.173664,3.435378,1.44953,1.806297,0.10864,0.070911
C2,P1,1,137,2,41,14.537818,3,9437184,0,4656,0,4656,4,1,0.137792,0.017152,0.175871,7.996953,1.61292,2.457876,0.027872,3.898285
C2,P1,1,138,2,42,15.183556,15,18874368,0,4656,0,4656,69,5,0.339773,0.084447,0.366655,6.444038,3.715791,0.753598,0.35392,1.620729
C2,P1,1,139,2,43,10.887136,9,18874368,0,4656,0,4656,55,3,0.247232,0.051648,0.348062,3.88904,1.850647,0.025024,0.699486,1.313883
C2,P1,1,140,2,44,15.920794,21,18874368,0,4656,0,4656,17,7,0.415647,0.115936,0.392926,4.15995,2.469525,0.024992,0.239679,1.425754
C2,P1,1,141,2,45,15.628181,15,18874368,0,4656,0,4656,15,5,0.32931,0.083263,0.364958,6.999552,2.398773,1.740345,0.259295,2.601139
C2,P1,1,142,2,46,28.161856,27,18874368,0,4656,0,4656,55,9,0.517341,0.148255,0.348383,16.651572,7.766268,1.651992,2.406454,4.826858
C2,P1,1,143,2,47,12.476304,6,18874368,0,4656,0,4656,37,2,0.188864,0.035456,0.355454,5.966087,2.390677,1.768729,0.188928,1.617753
C2,P1,1,144,3,0,23.571658,24,28311552,0,4656,0,4656,21,8,0.461629,0.130784,0.52451,11.186602,3.499024,1.736023,0.196862,5.754693
C2,P1,1,145,3,1,9.695289,6,18874368,0,4656,0,4656,21,2,0.204349,0.035646,0.350334,3.693298,1.973943,0.404351,0.457407,0.857597
C2,P1,1,146,3,2,10.37376,6,9437184,0,4656,0,4656,48,2,0.19955,0.035008,0.174527,4.105326,2.981907,0.830012,0.270655,0.022752
C2,P1,1,147,3,3,9.173675,6,18874368,0,4656,0,4656,32,2,0.197821,0.035296,0.348478,2.392117,1.807576,0.025248,0.128224,0.431069
C2,P1,1,148,3,4,21.717401,18,28311552,0,4656,0,4656,23,6,0.375933,0.099903,0.52579,10.775376,3.639887,2.092887,0.028096,5.014506
C2,P1,1,149,3,5,25.926,30,28311552,0,4656,0,4656,30,10,0.550045,0.163199,0.52819,12.624356,3.5892,2.108692,1.627705,5.298759
C2,P1,1,150,3,6,18.772294,33,18874368,0,4656,0,4656,42,11,0.604702,0.179935,0.352542,5.157286,2.238197,0.024992,0.166846,2.727251
C2,P1,1,151,3,7,19.165565,30,18874368,0,4656,0,4656,29,10,0.551774,0.163935,0.354174,6.555972,2.035031,0.025088,0.281824,4.214029
C2,P1,1,152,3,8,21.316978,48,28311552,0,4656,0,4656,81,16,0.851516,0.261247,0.527165,5.314472,3.522831,0.710653,0.238687,0.842301
C2,P1,1,153,3,9,18.237901,33,18874368,0,4656,0,4656,77,11,0.634143,0.181375,0.361598,5.018154,2.902067,0.603327,0.107742,1.405018
C2,P1,1,154,3,10,21.073168,30,28311552,0,4656,0,4656,69,10,0.57302,0.164542,0.533022,8.549275,3.368625,0.628286,0.084,4.468364
C2,P1,1,155,3,11,20.904606,30,28311552,0,4656,0,4656,50,10,0.568414,0.164512,0.556638,8.171803,3.273585,1.454073,0.057568,3.386577
C2,P1,1,156,3,12,17.537722,33,28311552,0,4656,0,4656,45,11,0.606845,0.180384,0.541087,4.705227,2.871507,0.024768,0.637918,1.171034
C2,P1,1,157,3,13,20.094294,39,28311552,0,4656,0,4656,66,13,0.714974,0.21267,0.563837,4.849066,3.327793,1.201146,0.028767,0.29136
C2,P1,1,158,3,14,18.777394,21,28311552,0,4656,0,4656,8,7,0.408699,0.114782,0.557405,7.708412,3.062066,0.310205,0.106048,4.230093
C2,P1,1,159,3,15,19.232832,21,18874368,0,4656,0,4656,8,7,0.405404,0.11491,0.368095,7.393566,2.735188,0.736187,0.027552,3.894639
C2,P1,1,160,3,16,18.92842,30,18874368,0,4656,0,4656,54,10,0.568734,0.165919,0.370399,6.022465,2.772915,0.631035,0.179261,2.439254
C2,P1,1,161,3,17,19.694852,24,28311552,0,4656,0,4656,23,8,0.461599,0.131648,0.550717,8.712857,3.00165,0.872828,0.314207,4.524172
C2,P1,1,162,3,18,17.021614,24,9437184,0,4656,0,4656,11,8,0.449408,0.132096,0.174751,6.001411,1.942711,1.371354,0.311774,2.375572
C2,P1,1,163,3,19,19.09683,21,9437184,0,4656,0,4656,40,7,0.431743,0.116287,0.174272,8.526265,1.554297,2.779955,0.084191,4.107822
C2,P1,1,164,3,20,19.764689,24,18874368,0,4656,0,4656,33,8,0.471167,0.132576,0.367358,8.595928,2.423573,2.422707,0.55107,3.198578
C2,P1,1,165,3,21,21.279195,36,18874368,0,4656,0,4656,56,12,0.656669,0.195903,0.350526,7.82275,2.685012,1.937048,0.342878,2.857812
C2,P1,1,166,3,22,13.639287,9,28311552,0,4656,0,4656,40,3,0.246079,0.05136,0.553213,6.474432,2.853235,2.290484,0.374493,0.95622
C2,P1,1,167,3,23,20.196409,6,18874368,0,4656,0,4656,5,2,0.188831,0.034399,0.37875,11.709387,2.489109,5.451688,0.069087,3.699503
C2,P1,1,168,3,24,20.740919,39,18874368,0,4656,0,4656,85,13,0.709596,0.212639,0.348447,6.511779,3.318065,0.026336,0.482494,2.684884
C2,P1,1,169,3,25,21.54246,21,28311552,0,4656,0,4656,27,7,0.410462,0.115135,0.550909,10.211186,4.996777,0.669309,0.251455,4.293645
C2,P1,1,170,3,26,22.489426,24,28311552,0,4656,0,4656,21,8,0.458173,0.131744,0.54051,10.978447,4.402828,1.037084,0.283615,5.25492
C2,P1,1,171,3,27,22.739927,27,9437184,0,4656,0,4656,28,9,0.511583,0.149248,0.173599,10.628749,1.998487,2.175893,0.200413,6.253956
C2,P1,1,172,3,28,21.826431,18,18874368,0,4656,0,4656,28,6,0.381726,0.100479,0.357439,11.166159,2.757171,0.585599,0.345151,7.478238
C2,P1,1,173,3,29,16.000556,15,28311552,0,4656,0,4656,15,5,0.327838,0.083328,0.565789,6.904801,2.889683,0.685788,0.154112,3.175218
C2,P1,1,174,3,30,28.545474,15,9437184,0,4656,0,4656,18,5,0.331968,0.0848,0.173663,17.026484,4.098062,6.591938,0.238431,6.098053
C2,P1,1,175,3,31,18.398232,18,18874368,0,4656,0,4656,9,6,0.364992,0.099584,0.349022,8.367898,2.349205,0.593564,0.187008,5.238121
C2,P1,1,176,3,32,11.570781,6,18874368,0,4656,0,4656,9,2,0.19219,0.034528,0.360702,4.78913,2.417973,0.025088,0.294238,2.051831
C2,P1,1,177,3,33,20.536366,30,28311552,0,4656,0,4656,44,10,0.56419,0.164288,0.556221,8.006238,3.604176,0.497375,0.320639,3.584048
C2,P1,1,178,3,34,11.877576,12,18874368,0,4656,0,4656,61,4,0.297278,0.06768,0.353503,4.108939,2.372981,1.390778,0.320893,0.024287
C2,P1,1,179,3,35,18.721677,15,28311552,0,4656,0,4656,31,5,0.340669,0.0832,0.558205,9.311509,5.035881,0.025504,0.320735,3.929389
C2,P1,1,180,3,36,11.303744,3,9437184,0,4656,0,4656,3,1,0.13744,0.017024,0.173727,5.429543,2.106743,0.069632,0.413406,2.839762
C2,P1,1,181,3,37,17.680198,6,18874368,0,4656,0,4656,2,2,0.187103,0.035136,0.348414,11.705582,2.324822,3.681809,3.496529,2.202422
C2,P1,1,182,3,38,16.891812,21,28311552,0,4656,0,4656,60,7,0.413247,0.116032,0.577694,6.025542,3.259922,0.05232,0.379423,2.333877
C2,P1,1,183,3,39,20.925677,30,28311552,0,4656,0,4656,79,10,0.59078,0.164191,0.577853,9.193268,3.535792,2.037429,0.670396,2.949651
C2,P1,1,184,3,40,16.433094,18,28311552,0,4656,0,4656,25,6,0.376928,0.099328,0.552093,7.200384,3.423089,1.812504,0.178496,1.786295
C2,P1,1,185,3,41,15.846589,9,28311552,0,4656,0,4656,6,3,0.232159,0.050911,0.530014,8.22233,2.865555,2.504245,0.335198,2.517332
C2,P1,1,186,3,42,14.908186,18,18874368,0,4656,0,4656,66,6,0.372765,0.100351,0.347678,5.076583,4.070989,0.025088,0.387869,0.592637
C2,P1,1,187,3,43,13.245474,9,18874368,0,4656,0,4656,78,3,0.234236,0.052159,0.381182,6.28922,3.625776,0.513918,1.547961,0.601565
C2,P1,1,188,3,44,19.718444,18,18874368,0,4656,0,4656,27,6,0.379005,0.099582,0.348926,9.742036,2.293398,1.079227,2.5805,3.788911
C2,P1,1,189,3,45,13.61267,12,9437184,0,4656,0,4656,30,4,0.29584,0.068064,0.186143,6.028129,1.443737,0.859962,0.555293,3.169137
C2,P1,1,190,3,46,17.250798,33,18874368,0,4656,0,4656,52,11,0.600348,0.180318,0.362847,4.368846,2.245974,0.55875,0.208448,1.355674
C2,P1,1,191,3,47,16.315009,12,28311552,0,4656,0,4656,31,4,0.295103,0.067744,0.543933,8.45401,2.911507,2.571349,0.395359,2.575795
C2,P1,1,192,4,0,24.35323,24,37748736,0,4656,0,4656,39,8,0.462911,0.131199,0.698845,10.89371,4.443051,1.553369,0.028032,4.869258
C2,P1,1,193,4,1,10.463087,6,18874368,0,4656,0,4656,14,2,0.198368,0.035168,0.348734,3.996078,2.138838,0.068416,0.660574,1.12825
C2,P1,1,194,4,2,11.190743,6,9437184,0,4656,0,4656,37,2,0.191712,0.034912,0.175391,5.276935,1.840984,1.988919,0.330301,1.116731
C2,P1,1,195,4,3,10.489283,6,9437184,0,4656,0,4656,41,2,0.195392,0.034912,0.174175,4.579338,1.748504,0.444862,0.448414,1.937558
C2,P1,1,196,4,4,20.497487,24,28311552,0,4656,0,4656,44,8,0.475645,0.132192,0.525502,8.429786,3.384272,0.025152,0.332479,4.687883
C2,P1,1,197,4,5,20.353907,24,18874368,0,4656,0,4656,37,8,0.470591,0.132032,0.349982,8.339484,2.846451,0.651295,0.146687,4.695051
C2,P1,1,198,4,6,19.271303,27,18874368,0,4656,0,4656,47,9,0.523168,0.14816,0.368094,6.025862,2.245206,0.02528,0.157248,3.598128
C2,P1,1,199,4,7,19.513712,21,18874368,0,4656,0,4656,36,7,0.428447,0.115584,0.351902,8.366106,2.038359,0.025311,1.160411,5.142025
C2,P1,1,200,4,8,22.625144,36,28311552,0,4656,0,4656,76,12,0.676222,0.19568,0.541245,8.817239,3.044306,1.432185,0.306815,4.033933
C2,P1,1,201,4,9,19.158728,39,28311552,0,4656,0,4656,93,13,0.731133,0.212479,0.551677,4.265612,3.26197,0.815996,0.162079,0.025567
C2,P1,1,202,4,10,19.322942,36,18874368,0,4656,0,4656,69,12,0.651198,0.196448,0.362494,6.308609,2.760628,0.763963,0.680956,2.103062
C2,P1,1,203,4,11,19.989027,30,28311552,0,4656,0,4656,37,10,0.556602,0.164511,0.546238,6.422753,3.088882,1.038329,0.048992,2.24655
C2,P1,1,204,4,12,19.993412,27,28311552,0,4656,0,4656,25,9,0.50438,0.146943,0.556958,7.559386,3.082386,1.02969,0.198526,3.248784
C2,P1,1,205,4,13,17.725791,33,28311552,0,4656,0,4656,79,11,0.639867,0.180255,0.553693,4.963177,3.400497,0.563805,0.30147,0.697405
C2,P1,1,206,4,14,21.469121,24,28311552,0,4656,0,4656,14,8,0.454846,0.131711,0.549373,9.970227,3.19877,0.888124,0.065567,5.817766
C2,P1,1,207,4,15,30.872053,21,28311552,0,4656,0,4656,17,7,0.411806,0.114527,0.523742,18.652556,8.466681,5.323368,1.430138,3.432369
C2,P1,1,208,4,16,17.735072,30,18874368,0,4656,0,4656,74,10,0.560733,0.163552,0.374462,5.163557,2.644372,1.287673,0.110718,1.120794
C2,P1,1,209,4,17,20.776359,21,18874368,0,4656,0,4656,38,7,0.418496,0.116416,0.348191,10.784783,3.328977,1.571001,0.432926,5.451879
C2,P1,1,210,4,18,19.991201,21,28311552,0,4656,0,4656,20,7,0.414527,0.115232,0.543325,9.531286,3.4204,3.018356,0.153055,2.939475
C2,P1,1,211,4,19,18.828202,24,18874368,0,4656,0,4656,53,8,0.457117,0.131454,0.361023,6.918562,2.153814,2.723637,0.027776,2.013335
C2,P1,1,212,4,20,18.814974,27,18874368,0,4656,0,4656,40,9,0.505951,0.147744,0.38259,6.860353,3.09621,1.747192,0.261887,1.755064
C2,P1,1,213,4,21,22.274884,36,28311552,0,4656,0,4656,60,12,0.647034,0.196446,0.523262,8.229273,3.650416,1.822392,0.209725,2.54674
C2,P1,1,214,4,22,14.192921,9,28311552,0,4656,0,4656,27,3,0.252768,0.051104,0.557917,6.894723,2.987762,2.126552,0.191231,1.589178
C2,P1,1,215,4,23,16.858167,12,28311552,0,4656,0,4656,24,4,0.289792,0.06688,0.552126,8.779481,4.850058,0.599613,0.353631,2.976179
C2,P1,1,216,4,24,23.882959,39,18874368,0,4656,0,4656,79,13,0.706878,0.213119,0.423006,9.298775,2.448405,0.061888,2.775892,4.01259
C2,P1,1,217,4,25,23.904939,27,28311552,0,4656,0,4656,34,9,0.504766,0.147776,0.549918,11.570634,4.400876,5.086695,0.028512,2.054551
C2,P1,1,218,4,26,25.427311,21,28311552,0,4656,0,4656,26,7,0.419936,0.114656,0.525342,13.948385,3.407216,3.725903,2.308982,4.506284
C2,P1,1,219,4,27,18.448727,27,9437184,0,4656,0,4656,60,9,0.533759,0.149535,0.173887,5.729061,1.433113,0.169695,0.05712,4.069133
C2,P1,1,220,4,28,17.996788,18,9437184,0,4656,0,4656,30,6,0.383327,0.100991,0.177151,7.489982,1.974775,1.128411,0.125888,4.260908
C2,P1,1,221,4,29,16.937928,9,18874368,0,4656,0,4656,30,3,0.239583,0.051263,0.369886,9.550391,2.348662,2.048535,0.247136,4.906058
C2,P1,1,222,4,30,23.417047,12,18874368,0,4656,0,4656,29,4,0.280607,0.067744,0.348062,13.869027,2.765108,2.571125,0.107136,8.425658
C2,P1,1,223,4,31,19.835784,18,28311552,0,4656,0,4656,7,6,0.363358,0.098464,0.553182,9.501494,2.957298,2.098519,0.06512,4.380557
C2,P1,1,224,4,32,11.854601,9,18874368,0,4656,0,4656,24,3,0.246813,0.050559,0.372543,5.327493,2.454677,1.60636,0.372349,0.894107
C2,P1,1,225,4,33,20.264477,24,28311552,0,4656,0,4656,32,8,0.467998,0.131488,0.544542,9.241301,4.184781,0.669086,0.468637,3.918797
C2,P1,1,226,4,34,13.070644,18,18874368,0,4656,0,4656,76,6,0.39299,0.099903,0.37456,4.430412,3.285969,0.644477,0.475678,0.024288
C2,P1,1,227,4,35,18.227881,18,37748736,0,4656,0,4656,23,6,0.375295,0.099391,0.706044,6.895616,3.638959,0.025344,0.028064,3.203249
C2,P1,1,228,4,36,12.124775,6,18874368,0,4656,0,4656,12,2,0.195295,0.034335,0.377439,6.151108,2.115798,0.617023,1.527128,1.891159
C2,P1,1,229,4,37,13.963411,9,28311552,0,4656,0,4656,9,3,0.23539,0.050368,0.553213,6.348545,2.782963,1.880086,0.046975,1.638521
C2,P1,1,230,4,38,14.661384,18,18874368,0,4656,0,4656,91,6,0.372447,0.100831,0.34787,5.542344,3.232305,0.376608,0.547742,1.385689
C2,P1,1,231,4,39,16.554237,27,18874368,0,4656,0,4656,70,9,0.515422,0.148864,0.366078,5.178119,2.623188,0.499069,0.133824,1.922038
C2,P1,1,232,4,40,14.110062,24,18874368,0,4656,0,4656,53,8,0.467679,0.131743,0.348318,3.372655,2.594068,0.477277,0.114399,0.186911
C2,P1,1,233,4,41,14.686128,6,18874368,0,4656,0,4656,19,2,0.201598,0.034976,0.352958,7.709885,2.848019,1.654296,0.322271,2.885299
C2,P1,1,234,4,42,16.033234,18,18874368,0,4656,0,4656,32,6,0.368032,0.100064,0.380062,7.073791,2.577844,3.311441,0.148064,1.036442
C2,P1,1,235,4,43,11.948702,9,9437184,0,4656,0,4656,72,3,0.234525,0.052832,0.173663,4.827722,2.479188,1.690168,0.633982,0.024384
C2,P1,1,236,4,44,20.991385,21,28311552,0,4656,0,4656,23,7,0.416732,0.114559,0.524958,9.596757,2.873875,0.024992,0.471263,6.226627
C2,P1,1,237,4,45,14.635108,15,9437184,0,4656,0,4656,47,5,0.351675,0.084702,0.173823,5.776708,1.878871,0.025216,0.267421,3.6052
C2,P1,1,238,4,46,16.44083,30,18874368,0,4656,0,4656,51,10,0.55859,0.165184,0.36259,4.956074,2.26735,0.721116,0.642749,1.324859
C2,P1,1,239,4,47,14.168655,6,18874368,0,4656,0,4656,27,2,0.207806,0.034623,0.377342,7.473502,2.629428,2.456118,1.477849,0.910107
C2,P1,1,240,5,0,26.009993,36,37748736,0,4656,0,4656,45,12,0.649887,0.195264,0.696189,7.758461,4.414956,2.271893,0.377535,0.694077
C2,P1,1,241,5,1,9.938932,6,18874368,0,4656,0,4656,9,2,0.192894,0.034688,0.348127,2.780661,2.161622,0.405311,0.190752,0.022976
C2,P1,1,242,5,2,13.160011,9,18874368,0,4656,0,4656,54,3,0.246944,0.05152,0.348702,5.568648,3.615472,1.427866,0.119232,0.406078
C2,P1,1,243,5,3,10.096844,9,18874368,0,4656,0,4656,66,3,0.243392,0.051936,0.34979,2.477653,2.000279,0.025504,0.135872,0.315998
C2,P1,1,244,5,4,17.267228,24,9437184,0,4656,0,4656,41,8,0.476959,0.132576,0.174047,6.607876,1.526233,0.819294,0.652349,3.61
C2,P1,1,245,5,5,22.945476,27,18874368,0,4656,0,4656,31,9,0.511263,0.147488,0.353023,9.84248,0.745948,2.800019,0.339165,5.957348
C2,P1,1,246,5,6,21.381523,24,18874368,0,4656,0,4656,41,8,0.475452,0.131711,0.35571,12.284646,2.922835,1.706134,0.616957,7.03872
C2,P1,1,247,5,7,23.520731,21,0,0,4656,0,4656,47,7,0.443325,0.117344,0.0,13.097031,1.109979,7.094785,0.378687,4.51358
C2,P1,1,248,5,8,24.667284,45,18874368,0,4656,0,4656,94,15,0.805852,0.245567,0.363358,8.655833,2.489684,0.550335,0.433373,5.182441
C2,P1,1,249,5,9,18.893053,39,18874368,0,4656,0,4656,78,13,0.706175,0.212544,0.352191,4.068206,2.609972,0.27987,0.266399,0.911965
C2,P1,1,250,5,10,20.481292,36,18874368,0,4656,0,4656,70,12,0.656094,0.19683,0.352415,6.749057,2.384821,0.844125,0.450334,3.069777
C2,P1,1,251,5,11,21.082332,30,18874368,0,4656,0,4656,35,10,0.559903,0.164319,0.351166,7.657215,2.497556,0.578207,0.328159,4.253293
C2,P1,1,252,5,12,19.275287,18,9437184,0,4656,0,4656,16,6,0.369598,0.100192,0.174271,7.918108,1.981719,0.025984,0.158751,5.751654
C2,P1,1,253,5,13,18.597988,42,18874368,0,4656,0,4656,73,14,0.758203,0.228064,0.362494,3.732078,2.485525,0.752315,0.469534,0.024704
C2,P1,1,254,5,14,20.94634,30,28311552,0,4656,0,4656,37,10,0.561341,0.162591,0.561886,7.228128,3.617424,0.574781,0.03792,2.998003
C2,P1,1,255,5,15,21.530659,27,18874368,0,4656,0,4656,36,9,0.515902,0.14816,0.381599,9.819476,2.18671,1.038396,1.483257,5.111113
C2,P1,1,256,5,16,34.052807,33,37748736,0,4656,0,4656,85,11,0.638555,0.180063,0.763261,20.849346,6.000452,7.840316,0.403615,6.604963
C2,P1,1,257,5,17,21.110531,24,9437184,0,4656,0,4656,34,8,0.470719,0.132896,0.188191,10.030064,1.82636,2.620306,0.152159,5.431239
C2,P1,1,258,5,18,20.06486,30,18874368,0,4656,0,4656,38,10,0.557213,0.164127,0.361791,7.407648,2.918483,2.505173,0.03856,1.945432
C2,P1,1,259,5,19,20.754873,24,9437184,0,4656,0,4656,62,8,0.459453,0.132767,0.175391,9.528435,1.769655,3.003284,0.455453,4.300043
C2,P1,1,260,5,20,20.575204,24,18874368,0,4656,0,4656,42,8,0.476702,0.132256,0.348511,7.892858,2.460181,2.801841,0.04304,2.587796
C2,P1,1,261,5,21,23.98636,33,28311552,0,4656,0,4656,56,11,0.600859,0.179486,0.553086,10.751566,2.992691,0.525886,2.06383,5.169159
C2,P1,1,262,5,22,10.847997,9,18874368,0,4656,0,4656,63,3,0.237663,0.051168,0.347935,3.090194,2.509396,0.52915,0.02848,0.023168
C2,P1,1,263,5,23,18.574963,9,18874368,0,4656,0,4656,13,3,0.239456,0.05136,0.380638,9.291639,2.104023,3.367216,0.203936,3.616464
C2,P1,1,264,5,24,21.984525,42,9437184,0,4656,0,4656,87,14,0.733567,0.229536,0.173759,7.165311,3.225265,1.312313,0.338207,2.289526
C2,P1,1,265,5,25,20.855816,21,18874368,0,4656,0,4656,40,7,0.418431,0.116736,0.381918,9.616209,3.53288,2.246453,0.351069,3.485807
C2,P1,1,266,5,26,21.699913,18,18874368,0,4656,0,4656,26,6,0.378718,0.100031,0.34819,10.655085,3.779951,1.654968,0.378141,4.842025
C2,P1,1,267,5,27,19.8447,27,9437184,0,4656,0,4656,58,9,0.535103,0.14992,0.180447,7.598589,1.565721,3.017554,0.02848,2.986834
C2,P1,1,268,5,28,22.742832,18,28311552,0,4656,0,4656,22,6,0.37542,0.099934,0.556829,11.959114,3.723919,2.341845,1.37449,4.51886
C2,P1,1,269,5,29,14.951705,9,18874368,0,4656,0,4656,49,3,0.237472,0.052,0.358302,7.359681,2.231158,2.408342,0.13408,2.586101
C2,P1,1,270,5,30,23.394687,15,18874368,0,4656,0,4656,33,5,0.329629,0.084735,0.348254,13.402147,3.696335,1.437369,0.233439,8.035004
C2,P1,1,271,5,31,22.595976,15,18874368,0,4656,0,4656,5,5,0.320479,0.083808,0.359327,12.509992,2.863187,2.443541,0.45811,6.745154
C2,P1,1,272,5,32,11.797555,9,18874368,0,4656,0,4656,15,3,0.239741,0.050464,0.361118,4.689001,2.19759,2.239957,0.228158,0.023296
C2,P1,1,273,5,33,24.85522,21,37748736,0,4656,0,4656,26,7,0.42016,0.115168,0.732572,14.30675,4.78017,0.370238,0.750876,8.405466
C2,P1,1,274,5,34,13.671099,15,18874368,0,4656,0,4656,26,5,0.33584,0.08448,0.34931,5.499623,2.497077,2.727123,0.250911,0.024512
C2,P1,1,275,5,35,15.650063,12,28311552,0,4656,0,4656,6,4,0.27648,0.066112,0.533021,6.888481,2.881747,0.025472,0.284255,3.697007
C2,P1,1,276,5,36,10.693541,9,18874368,0,4656,0,4656,62,3,0.237055,0.050816,0.362047,3.02632,2.094742,0.711003,0.197439,0.023136
C2,P1,1,277,5,37,14.849583,6,18874368,0,4656,0,4656,5,2,0.189504,0.03488,0.383487,8.358618,2.584468,2.30082,0.223712,3.249618
C2,P1,1,278,5,38,16.4109,18,9437184,0,4656,0,4656,89,6,0.371903,0.100224,0.174303,6.68621,2.507924,0.497086,1.544665,2.136535
C2,P1,1,279,5,39,14.445386,24,18874368,0,4656,0,4656,74,8,0.470716,0.132512,0.370366,3.658639,1.996791,0.024832,0.565309,1.071707
C2,P1,1,280,5,40,15.588863,30,18874368,0,4656,0,4656,71,10,0.570462,0.164095,0.351327,3.23317,2.661652,0.025504,0.393631,0.152383
C2,P1,1,281,5,41,15.064401,12,28311552,0,4656,0,4656,49,4,0.30816,0.067584,0.568413,7.498398,2.888083,1.850199,0.604829,2.155287
C2,P1,1,282,5,42,14.470983,15,18874368,0,4656,0,4656,66,5,0.343167,0.08432,0.378302,5.588453,3.92331,0.603068,0.188095,0.87398
C2,P1,1,283,5,43,8.126399,6,0,0,4656,0,4656,50,2,0.188352,0.035616,0.0,2.395639,0.914972,0.519392,0.669565,0.29171
C2,P1,1,284,5,44,25.885193,24,37748736,0,4656,0,4656,31,8,0.466207,0.130592,0.754076,13.566082,4.425772,2.505877,0.028799,6.605634
C2,P1,1,285,5,45,13.796139,15,9437184,0,4656,0,4656,24,5,0.337246,0.084832,0.175679,5.299367,1.974935,0.942331,0.409183,1.972918
C2,P1,1,286,5,46,21.626612,33,37748736,0,4656,0,4656,57,11,0.618174,0.179936,0.768734,8.347385,4.657547,2.142422,0.286783,1.260633
C2,P1,1,287,5,47,14.350031,15,28311552,0,4656,0,4656,70,5,0.350463,0.084224,0.542621,6.260389,2.907635,2.518709,0.236031,0.598014
C2,P1,1,288,6,0,25.303715,39,37748736,0,4656,0,4656,53,13,0.699069,0.21152,0.700061,10.213808,4.402156,2.028341,0.296671,3.48664
C2,P1,1,289,6,1,12.658002,6,18874368,0,4656,0,4656,9,2,0.193088,0.034784,0.347326,6.029766,3.418897,1.672442,0.097824,0.840603
C2,P1,1,290,6,2,12.662618,6,18874368,0,4656,0,4656,24,2,0.194495,0.035232,0.350943,5.649893,4.085326,0.033248,0.450237,1.081082
C2,P1,1,291,6,3,10.868846,9,18874368,0,4656,0,4656,54,3,0.246208,0.051296,0.349374,3.44485,2.172438,0.02544,0.330976,0.915996
C2,P1,1,292,6,4,21.750927,36,18874368,0,4656,0,4656,44,12,0.647324,0.197247,0.350559,7.096066,2.153334,2.038872,0.089408,2.814452
C2,P1,1,293,6,5,23.985975,33,9437184,0,4656,0,4656,30,11,0.595518,0.181279,0.176895,10.525614,1.958551,1.871542,0.205568,6.489953
C2,P1,1,294,6,6,21.098828,27,18874368,0,4656,0,4656,46,9,0.521982,0.14832,0.354527,7.932669,2.274646,0.025632,0.028416,5.603975
C2,P1,1,295,6,7,22.33416,33,18874368,0,4656,0,4656,61,11,0.619807,0.180864,0.350558,8.269531,2.068631,0.024608,0.2376,5.938692
C2,P1,1,296,6,8,21.825725,54,28311552,0,4656,0,4656,88,18,0.936828,0.292414,0.525949,4.168782,3.410353,0.025792,0.214399,0.518238
C2,P1,1,297,6,9,19.317178,42,18874368,0,4656,0,4656,67,14,0.735196,0.229984,0.352446,3.763825,2.358709,0.025216,0.263584,1.116316
C2,P1,1,298,6,10,22.194587,48,18874368,0,4656,0,4656,85,16,0.837531,0.26064,0.349822,4.645132,2.062198,0.025088,0.028384,2.529462
C2,P1,1,299,6,11,22.536983,36,18874368,0,4656,0,4656,48,12,0.656442,0.197439,0.349246,4.14203,2.516244,1.340634,0.260544,0.024608
C2,P1,1,300,6,12,18.877928,24,18874368,0,4656,0,4656,27,8,0.468765,0.133568,0.350334,4.806505,2.101239,0.0256,0.160543,2.519123
C2,P1,1,301,6,13,21.620484,42,28311552,0,4656,0,4656,81,14,0.753052,0.229055,0.524958,5.941542,3.216402,0.025376,0.218624,2.48114
C2,P1,1,302,6,14,21.358972,39,28311552,0,4656,0,4656,38,13,0.684346,0.210655,0.525373,7.86425,2.957747,0.025568,0.48166,4.399275
C2,P1,1,303,6,15,23.584857,27,28311552,0,4656,0,4656,31,9,0.512895,0.148671,0.523486,11.442028,3.925166,0.025504,0.679101,6.812257
C2,P1,1,304,6,16,21.387845,39,28311552,0,4656,0,4656,77,13,0.717757,0.213024,0.543165,8.398296,5.613671,0.301534,0.484829,1.998262
C2,P1,1,305,6,17,22.341739,30,28311552,0,4656,0,4656,28,10,0.551103,0.163647,0.560189,9.725684,4.921385,0.942908,0.162592,3.698799
C2,P1,1,306,6,18,20.412136,27,18874368,0,4656,0,4656,34,9,0.51331,0.147808,0.364703,8.307289,2.465013,1.908439,0.152543,3.781294
C2,P1,1,307,6,19,19.960885,30,18874368,0,4656,0,4656,56,10,0.544798,0.163968,0.348926,5.533222,2.85829,2.048055,0.02816,0.598717
C2,P1,1,308,6,20,25.667181,33,28311552,0,4656,0,4656,30,11,0.595518,0.179584,0.551997,12.545989,3.188946,5.384071,0.287645,3.685327
C2,P1,1,309,6,21,19.975136,39,18874368,0,4656,0,4656,58,13,0.690653,0.213087,0.349438,4.92065,2.262262,1.172442,0.178752,1.307194
C2,P1,1,310,6,22,12.709463,12,28311552,0,4656,0,4656,81,4,0.284192,0.067296,0.543933,4.166925,2.928115,1.069691,0.144704,0.024415
C2,P1,1,311,6,23,17.191556,9,28311552,0,4656,0,4656,6,3,0.231936,0.050176,0.548254,9.001654,4.773322,0.02592,0.298111,3.904301
C2,P1,1,312,6,24,20.971414,36,18874368,0,4656,0,4656,72,12,0.643643,0.196735,0.348671,6.71549,2.7197,0.237087,0.446623,3.31208
C2,P1,1,313,6,25,24.600051,27,28311552,0,4656,0,4656,41,9,0.503358,0.14736,0.52163,11.887465,3.985166,0.23027,0.703774,6.968255
C2,P1,1,314,6,26,26.186584,30,28311552,0,4656,0,4656,25,10,0.548381,0.163359,0.521949,9.421493,5.716934,0.094463,0.615101,2.994995
C2,P1,1,315,6,27,34.129371,36,18874368,0,4656,0,4656,64,12,0.668157,0.196928,0.350814,19.49402,2.581684,6.514722,0.878299,9.519315
C2,P1,1,316,6,28,27.202031,24,28311552,0,4656,0,4656,16,8,0.454047,0.131744,0.52323,14.58598,3.192434,0.025536,0.490781,10.877229
C2,P1,1,317,6,29,24.454403,12,28311552,0,4656,0,4656,12,4,0.280382,0.066974,0.565437,16.201651,3.813198,2.214709,3.556591,6.617153
C2,P1,1,318,6,30,26.20777,27,18874368,0,4656,0,4656,30,9,0.513498,0.149149,0.347646,13.341474,3.505775,4.532651,0.636702,4.666346
C2,P1,1,319,6,31,25.918568,21,37748736,0,4656,0,4656,12,7,0.409213,0.114591,0.755932,14.494269,3.797551,0.72694,0.228192,9.741586
C2,P1,1,320,6,32,11.843314,9,18874368,0,4656,0,4656,26,3,0.248671,0.051616,0.348318,4.999915,2.207702,0.796509,0.561822,1.433882
C2,P1,1,321,6,33,20.062695,33,28311552,0,4656,0,4656,23,11,0.589758,0.18048,0.545789,6.638881,2.925651,1.355001,0.178111,2.180118
C2,P1,1,322,6,34,13.073843,9,28311552,0,4656,0,4656,18,3,0.244255,0.050816,0.559262,5.451239,3.283473,1.290906,0.176128,0.700732
C2,P1,1,323,6,35,21.476979,15,28311552,0,4656,0,4656,10,5,0.321695,0.083775,0.565885,11.669227,5.274344,0.025216,0.678109,5.691558
C2,P1,1,324,6,36,14.874832,9,28311552,0,4656,0,4656,15,3,0.240639,0.051168,0.564989,7.099039,4.792106,0.307999,0.251327,1.747607
C2,P1,1,325,6,37,13.931639,9,28311552,0,4656,0,4656,12,3,0.237663,0.0512,0.521534,4.560651,2.752404,0.025216,0.055391,1.72764
C2,P1,1,326,6,38,18.361767,24,37748736,0,4656,0,4656,95,8,0.476475,0.132766,0.726621,4.650604,3.670639,0.456159,0.199231,0.324575
C2,P1,1,327,6,39,28.273945,33,28311552,0,4656,0,4656,57,11,0.608062,0.181312,0.521342,14.791166,3.576592,8.422841,0.415711,2.376022
C2,P1,1,328,6,40,15.736231,30,28311552,0,4656,0,4656,57,10,0.575104,0.163424,0.521437,4.574732,3.51016,0.737758,0.301406,0.025408
C2,P1,1,329,6,41,12.962711,15,28311552,0,4656,0,4656,29,5,0.338014,0.082976,0.564414,4.913196,2.830068,0.973116,0.046496,1.063516
C2,P1,1,330,6,42,15.581811,30,28311552,0,4656,0,4656,94,10,0.580349,0.1648,0.540509,5.864102,2.978739,2.451828,0.409439,0.024096
C2,P1,1,331,6,43,12.244229,12,18874368,0,4656,0,4656,76,4,0.295006,0.068576,0.37939,5.832994,3.471184,0.495869,0.646684,1.219257
C2,P1,1,332,6,44,20.620018,18,28311552,0,4656,0,4656,27,6,0.379485,0.099134,0.52435,10.594829,3.290641,1.505368,0.295166,5.503654
C2,P1,1,333,6,45,14.564344,15,18874368,0,4656,0,4656,21,5,0.334591,0.083999,0.348223,5.519719,2.323509,0.432318,1.014939,1.748953
C2,P1,1,334,6,46,22.62688,30,37748736,0,4656,0,4656,46,10,0.565596,0.163295,0.750013,9.840946,3.77787,1.778904,0.941564,3.342608
C2,P1,1,335,6,47,13.108038,15,18874368,0,4656,0,4656,75,5,0.32992,0.084736,0.347902,3.82267,2.625108,0.959227,0.076448,0.161887
C2,P1,1,336,7,0,30.903998,60,47185920,0,4656,0,4656,70,20,1.015069,0.32416,0.874013,10.912526,5.352584,0.925852,0.411581,4.222509
C2,P1,1,337,7,1,12.590495,6,18874368,0,4656,0,4656,9,2,0.192607,0.03488,0.348574,5.741959,4.114605,0.024896,0.319167,1.283291
C2,P1,1,338,7,2,11.044191,6,18874368,0,4656,0,4656,13,2,0.197088,0.034944,0.351614,4.636906,2.502517,0.627932,0.227999,1.278458
C2,P1,1,339,7,3,13.167132,12,28311552,0,4656,0,4656,61,4,0.293599,0.067583,0.524958,4.883048,2.741267,1.841625,0.195678,0.104478
C2,P1,1,340,7,4,21.909152,27,28311552,0,4656,0,4656,35,9,0.513854,0.148256,0.523485,8.907416,2.971922,0.024928,0.289951,5.620615
C2,P1,1,341,7,5,22.705877,21,9437184,0,4656,0,4656,26,7,0.422302,0.115999,0.174911,11.525548,2.25903,0.796251,0.321055,8.149212
C2,P1,1,342,7,6,23.024938,24,18874368,0,4656,0,4656,25,8,0.463839,0.131872,0.354975,11.648461,4.41966,0.702973,0.392447,6.133381
C2,P1,1,343,7,7,21.270678,30,18874368,0,4656,0,4656,51,10,0.560222,0.165502,0.351518,8.168538,3.512432,0.979516,0.071774,3.604816
C2,P1,1,344,7,8,25.340564,48,28311552,0,4656,0,4656,77,16,0.846553,0.260223,0.545565,7.086046,4.985577,0.753916,0.144255,1.202298
C2,P1,1,345,7,9,20.377171,42,18874368,0,4656,0,4656,59,14,0.733692,0.230175,0.351806,4.639178,2.439765,2.133877,0.040224,0.025312
C2,P1,1,346,7,10,23.426413,48,47185920,0,4656,0,4656,63,16,0.81766,0.259614,0.904892,6.930335,4.704042,1.633657,0.349565,0.243071
C2,P1,1,347,7,11,20.390984,42,28311552,0,4656,0,4656,51,14,0.7439,0.227839,0.54963,4.818886,3.123058,1.29084,0.194878,0.21011
C2,P1,1,348,7,12,24.183414,39,37748736,0,4656,0,4656,34,13,0.686334,0.213055,0.734716,9.256182,4.010734,1.507354,1.926231,1.811863
C2,P1,1,349,7,13,23.88896,48,37748736,0,4656,0,4656,99,16,0.851482,0.260991,0.735933,4.017966,3.938606,0.02528,0.0288,0.02528
C2,P1,1,350,7,14,18.942432,33,18874368,0,4656,0,4656,29,11,0.595261,0.178944,0.382174,5.541062,2.306454,0.025504,0.487261,2.721843
C2,P1,1,351,7,15,21.526906,27,18874368,0,4656,0,4656,31,9,0.511932,0.147677,0.378014,8.895863,2.776083,0.714876,0.368095,5.036809
C2,P1,1,352,7,16,22.173394,27,18874368,0,4656,0,4656,61,9,0.535424,0.148256,0.363134,7.720926,2.511957,0.026048,0.027968,5.154953
C2,P1,1,353,7,17,22.35645,21,28311552,0,4656,0,4656,12,7,0.409597,0.115423,0.522493,9.545974,3.074258,0.0248,0.09328,6.353636
C2,P1,1,354,7,18,21.089658,36,28311552,0,4656,0,4656,24,12,0.635198,0.197568,0.558301,3.259697,2.957778,0.025344,0.246367,0.030208
C2,P1,1,355,7,19,19.38181,33,28311552,0,4656,0,4656,51,11,0.603775,0.180575,0.561054,4.928776,3.173201,0.590782,0.596349,0.568444
C2,P1,1,356,7,20,18.545565,27,18874368,0,4656,0,4656,28,9,0.507036,0.148639,0.361247,6.05997,2.747539,0.724317,0.211421,2.376693
C2,P1,1,357,7,21,20.139548,36,18874368,0,4656,0,4656,51,12,0.653119,0.196575,0.347391,7.066048,2.534964,0.025536,0.02832,4.477228
C2,P1,1,358,7,22,13.267418,12,28311552,0,4656,0,4656,78,4,0.296735,0.067968,0.545917,4.59009,3.114194,0.185951,0.288447,1.001498
C2,P1,1,359,7,23,16.394646,9,18874368,0,4656,0,4656,6,3,0.232861,0.051551,0.370526,9.27119,2.72706,1.92124,0.170239,4.452651
C2,P1,1,360,7,24,28.183604,48,37748736,0,4656,0,4656,80,16,0.821597,0.261022,0.74934,12.133447,6.484226,0.143327,0.121982,5.383912
C2,P1,1,361,7,25,27.268797,27,37748736,0,4656,0,4656,50,9,0.508542,0.14816,0.748765,13.351043,3.855375,1.674583,0.324159,7.496926
C2,P1,1,362,7,26,22.157651,33,28311552,0,4656,0,4656,26,11,0.594142,0.179264,0.545246,7.281437,3.148145,0.02496,0.102143,4.006189
C2,P1,1,363,7,27,22.320208,39,18874368,0,4656,0,4656,60,13,0.70697,0.213822,0.350142,6.65165,2.76162,0.02512,0.071488,3.793422
C2,P1,1,364,7,28,21.15343,15,18874368,0,4656,0,4656,11,5,0.325469,0.084031,0.348862,9.869617,2.695507,0.024928,0.099678,7.049504
C2,P1,1,365,7,29,16.679585,12,28311552,0,4656,0,4656,15,4,0.283295,0.066688,0.523614,7.586047,3.442736,0.024704,0.028384,4.090223
C2,P1,1,366,7,30,24.913249,33,47185920,0,4656,0,4656,26,11,0.589148,0.178494,0.913852,10.789231,4.640715,0.719997,0.425245,5.003274
C2,P1,1,367,7,31,25.427595,24,47185920,0,4656,0,4656,15,8,0.453566,0.13139,0.871452,12.660966,4.475308,0.025088,0.403006,7.757564
C2,P1,1,368,7,32,13.081608,9,18874368,0,4656,0,4656,52,3,0.246015,0.051072,0.34835,6.218948,3.571568,0.72022,0.670845,1.256315
C2,P1,1,369,7,33,28.804153,36,47185920,0,4656,0,4656,18,12,0.624156,0.195358,0.975899,13.238947,5.17156,0.304288,0.148863,7.614236
C2,P1,1,370,7,34,13.893353,9,28311552,0,4656,0,4656,19,3,0.245887,0.051296,0.544669,6.14122,4.383084,0.024736,0.517981,1.215419
C2,P1,1,371,7,35,21.563167,18,37748736,0,4656,0,4656,13,6,0.367966,0.098847,0.749597,11.277451,3.798383,0.523869,0.199327,6.755872
C2,P1,1,372,7,36,12.686416,9,28311552,0,4656,0,4656,25,3,0.247613,0.0504,0.567421,5.565704,2.789843,0.453311,0.373567,1.948983
C2,P1,1,373,7,37,14.960563,12,37748736,0,4656,0,4656,13,4,0.279678,0.065855,0.744125,6.533665,3.622319,1.995543,0.139648,0.776155
C2,P1,1,374,7,38,21.226699,30,56623104,0,4656,0,4656,94,10,0.566844,0.164992,1.110107,8.479867,7.45235,0.680798,0.321791,0.024928
C2,P1,1,375,7,39,25.645568,36,56623104,0,4656,0,4656,36,12,0.636796,0.194877,1.136219,11.064908,8.039676,0.61046,0.118911,2.295861
C2,P1,1,376,7,40,22.16552,42,37748736,0,4656,0,4656,81,14,0.742525,0.228224,0.696893,6.459137,4.771818,1.393465,0.268414,0.02544
C2,P1,1,377,7,41,15.313437,15,28311552,0,4656,0,4656,25,5,0.333631,0.082943,0.570909,6.929793,2.911763,2.679411,0.327071,1.011548
C2,P1,1,378,7,42,21.220543,30,37748736,0,4656,0,4656,85,10,0.558206,0.164222,0.746204,9.021526,6.063044,2.704979,0.228991,0.024512
C2,P1,1,379,7,43,15.671583,21,37748736,0,4656,0,4656,75,7,0.434944,0.115424,0.760316,5.258087,4.209964,0.025152,0.998619,0.024352
C2,P1,1,380,7,44,21.773531,21,47185920,0,4656,0,4656,32,7,0.410846,0.114495,0.873788,9.125014,5.005385,0.025344,0.098656,3.995629
C2,P1,1,381,7,45,14.252499,18,28311552,0,4656,0,4656,21,6,0.375262,0.099488,0.531357,4.077582,3.182418,0.025344,0.217152,0.652668
C2,P1,1,382,7,46,28.301188,36,47185920,0,4656,0,4656,37,12,0.645247,0.194624,1.591674,9.471125,4.830314,0.025184,0.898428,3.717199
C2,P1,1,383,7,47,17.935144,18,37748736,0,4656,0,4656,27,6,0.379295,0.09968,0.694717,7.92582,5.015785,1.975127,0.911132,0.023776
C2,P1,1,384,8,0,35.794316,60,75497472,0,4656,0,4656,57,20,0.996031,0.321472,1.396953,19.480166,13.450274,2.715604,1.857111,1.457177
C2,P1,1,385,8,1,16.992022,15,47185920,0,4656,0,4656,10,5,0.321982,0.082527,0.874876,9.137657,4.730347,2.351158,0.334271,1.721881
C2,P1,1,386,8,2,15.903398,12,37748736,0,4656,0,4656,17,4,0.288704,0.068192,0.701693,8.716661,4.054254,2.803858,0.119294,1.739255
C2,P1,1,387,8,3,12.231699,12,28311552,0,4656,0,4656,85,4,0.295454,0.06784,0.523454,4.717769,3.55544,0.265885,0.716349,0.180095
C2,P1,1,388,8,4,21.8844,39,47185920,0,4656,0,4656,30,13,0.676572,0.211039,0.880988,7.119137,4.849545,0.330943,0.197184,1.741465
C2,P1,1,389,8,5,19.8997,39,37748736,0,4656,0,4656,37,13,0.680699,0.210176,0.708861,5.636423,4.020781,0.321984,0.118624,1.175034
C2,P1,1,390,8,6,19.189997,27,28311552,0,4656,0,4656,27,9,0.50598,0.147199,0.536765,6.412609,3.513296,0.791259,0.219487,1.888567
C2,P1,1,391,8,7,18.741149,36,28311552,0,4656,0,4656,49,12,0.657726,0.196416,0.534686,5.087689,3.163154,0.195999,0.322751,1.405785
C2,P1,1,392,8,8,28.051307,57,37748736,0,4656,0,4656,67,19,0.966267,0.307839,0.705085,10.493586,8.012955,1.41321,0.703806,0.363615
C2,P1,1,393,8,9,28.70079,48,28311552,0,4656,0,4656,61,16,0.835007,0.26032,0.528477,12.912228,6.505154,5.18228,0.939612,0.285182
C2,P1,1,394,8,10,36.042398,51,47185920,0,4656,0,4656,50,17,0.864764,0.275262,0.883772,19.694664,9.046807,6.499971,0.591965,3.555921
C2,P1,1,395,8,11,35.225782,54,56623104,0,4656,0,4656,50,18,0.911836,0.292319,1.067195,17.701038,11.045486,5.631494,0.727772,0.296286
C2,P1,1,396,8,12,33.892937,45,47185920,0,4656,0,4656,28,15,0.763549,0.242494,0.888316,18.153389,9.871795,5.030505,0.674621,2.576468
C2,P1,1,397,8,13,34.261839,57,56623104,0,4656,0,4656,83,19,0.978461,0.308862,1.064059,16.621813,10.555568,3.80875,0.669886,1.587609
C2,P1,1,398,8,14,26.394427,39,37748736,0,4656,0,4656,21,13,0.672608,0.210464,0.750653,11.694411,4.527468,1.764696,0.269183,5.133064
C2,P1,1,399,8,15,40.919277,30,37748736,0,4656,0,4656,26,10,0.549535,0.163136,0.747293,21.935421,5.517127,0.025312,0.301087,16.091895
C2,P1,1,400,8,16,25.867344,48,47185920,0,4656,0,4656,57,16,0.828125,0.259454,0.913468,8.571833,6.204548,1.798488,0.028224,0.540573
C2,P1,1,401,8,17,32.038603,33,47185920,0,4656,0,4656,18,11,0.58358,0.179166,0.877212,17.32104,5.298408,0.582203,0.508446,10.931983
C2,P1,1,402,8,18,21.894719,30,28311552,0,4656,0,4656,24,10,0.544733,0.163583,0.563741,9.510966,3.097042,1.509881,0.298591,4.605452
C2,P1,1,403,8,19,21.752412,42,37748736,0,4656,0,4656,53,14,0.729213,0.227423,0.699581,6.797633,4.082798,1.067129,0.325663,1.322043
C2,P1,1,404,8,20,22.044731,33,28311552,0,4656,0,4656,36,11,0.586334,0.179904,0.543965,4.853706,3.638927,0.861628,0.328223,0.024928
C2,P1,1,405,8,21,25.644308,51,47185920,0,4656,0,4656,46,17,0.86419,0.275872,0.88022,5.793765,4.666571,0.784827,0.316927,0.02544
C2,P1,1,406,8,22,14.473745,15,37748736,0,4656,0,4656,88,5,0.345597,0.084255,0.751452,5.213513,4.940425,0.024736,0.222784,0.025568
C2,P1,1,407,8,23,15.945453,18,47185920,0,4656,0,4656,8,6,0.365087,0.097856,0.874268,7.270814,4.507307,0.459229,0.357695,1.946583
C2,P1,1,408,8,24,24.145906,60,47185920,0,4656,0,4656,85,20,1.005309,0.324191,0.897627,8.822295,5.056105,0.968826,0.028096,2.769268
C2,P1,1,409,8,25,24.424695,39,47185920,0,4656,0,4656,57,13,0.688573,0.211902,0.87158,11.79582,5.429959,0.407775,0.639229,5.318857
C2,P1,1,410,8,26,29.778043,39,47185920,0,4656,0,4656,20,13,0.671998,0.210304,0.882364,15.197437,6.914432,0.715838,0.348703,7.218464
C2,P1,1,411,8,27,31.469154,45,47185920,0,4656,0,4656,43,15,0.774717,0.243295,0.878524,15.701338,5.056649,1.707322,0.099712,8.837655
C2,P1,1,412,8,28,26.4541,33,56623104,0,4656,0,4656,16,11,0.582141,0.179552,1.081242,13.34157,6.54781,0.581917,0.725981,5.485862
C2,P1,1,413,8,29,22.615207,18,47185920,0,4656,0,4656,15,6,0.36691,0.098271,0.932284,13.30224,6.286403,1.132505,0.295167,5.588165
C2,P1,1,414,8,30,24.080122,30,28311552,0,4656,0,4656,22,10,0.544125,0.163264,0.551645,11.05339,4.212781,1.497081,0.02896,5.314568
C2,P1,1,415,8,31,28.190123,21,37748736,0,4656,0,4656,11,7,0.407007,0.114432,0.751901,17.294673,3.800431,1.787577,0.407165,11.2995
C2,P1,1,416,8,32,14.629196,12,28311552,0,4656,0,4656,49,4,0.309182,0.067551,0.523773,6.989375,3.45624,1.067579,0.344191,2.121365
C2,P1,1,417,8,33,27.470244,39,66060288,0,4656,0,4656,22,13,0.669211,0.211742,1.326873,12.595971,6.1369,0.679739,0.280639,5.498693
C2,P1,1,418,8,34,14.348649,12,37748736,0,4656,0,4656,21,4,0.285952,0.066848,0.696381,5.730949,4.046957,0.044383,0.35075,1.288859
C2,P1,1,419,8,35,22.449275,24,56623104,0,4656,0,4656,23,8,0.460767,0.130751,1.12857,11.960486,5.088488,0.38966,0.646365,5.835973
C2,P1,1,420,8,36,12.970007,9,28311552,0,4656,0,4656,30,3,0.240352,0.0512,0.557565,5.273095,2.956883,0.684413,0.198366,1.433433
C2,P1,1,421,8,37,15.818911,12,37748736,0,4656,0,4656,14,4,0.283454,0.066847,0.752956,7.329567,3.554159,1.16118,0.160576,2.453652
C2,P1,1,422,8,38,22.750436,36,56623104,0,4656,0,4656,115,12,0.655739,0.195326,1.103707,8.425273,6.784865,0.860763,0.028224,0.751421
C2,P1,1,423,8,39,28.68032,42,56623104,0,4656,0,4656,45,14,0.735835,0.229566,1.113435,13.77837,5.624582,2.04556,0.359647,5.748581
C2,P1,1,424,8,40,21.243659,39,56623104,0,4656,0,4656,105,13,0.710749,0.212671,1.122043,6.248163,5.408007,0.7119,0.103456,0.0248
C2,P1,1,425,8,41,16.693845,18,28311552,0,4656,0,4656,27,6,0.378845,0.098655,0.579165,6.908736,4.585034,0.024608,0.517918,1.781176
C2,P1,1,426,8,42,20.214946,33,47185920,0,4656,0,4656,84,11,0.613822,0.180256,0.928252,7.144446,5.888485,0.595292,0.288159,0.37251
C2,P1,1,427,8,43,13.6761,18,28311552,0,4656,0,4656,79,6,0.393279,0.09968,0.538718,3.172753,3.043506,0.024992,0.080096,0.024159
C2,P1,1,428,8,44,25.42228,36,47185920,0,4656,0,4656,54,12,0.637662,0.19488,0.952956,10.940301,5.340711,1.651801,1.846679,2.10111
C2,P1,1,429,8,45,18.83616,27,37748736,0,4656,0,4656,20,9,0.501983,0.147615,0.760764,7.392544,4.270029,1.170652,0.299551,1.652312
C2,P1,1,430,8,46,28.670038,39,47185920,0,4656,0,4656,44,13,0.69078,0.211263,0.906524,6.878753,5.110665,1.698936,0.02816,0.040992
C2,P1,1,431,8,47,17.313143,18,56623104,0,4656,0,4656,33,6,0.384415,0.099392,1.073467,5.550821,5.083464,0.024576,0.418782,0.023999
C2,P1,2,0,0,0,89.311468,90,283115520,0,4656,0,4656,3867,30,1.671614,0.531615,5.298493,36.585198,26.001811,1.309503,1.669408,7.604476
C2,P1,2,1,0,1,70.231776,63,198180864,0,4656,0,4656,3514,21,1.237184,0.379424,3.785374,28.371153,21.678005,2.103391,1.636414,2.953343
C2,P1,2,2,0,2,67.530455,54,169869312,0,4656,0,4656,2766,18,1.055391,0.319712,3.232926,29.182417,20.867574,1.360479,2.036286,4.918078
C2,P1,2,3,0,3,65.554045,48,150994944,0,4656,0,4656,2573,16,0.967008,0.288768,2.873631,29.00997,20.750358,0.042272,1.446623,6.770717
C2,P1,2,4,0,4,73.977715,81,254803968,0,4656,0,4656,2888,27,1.51312,0.473344,4.872733,28.671537,21.819926,0.694815,1.661439,4.495357
C2,P1,2,5,0,5,83.070685,87,273678336,0,4656,0,4656,2795,29,1.656192,0.499104,5.219805,35.778159,22.421365,2.588287,1.627263,9.141244
C2,P1,2,6,0,6,81.842661,81,254803968,0,4656,0,4656,3958,27,1.567935,0.4864,4.933118,36.628368,22.250774,5.729662,1.953471,6.694461
C2,P1,2,7,0,7,79.359233,78,245366784,0,4656,0,4656,3709,26,1.495008,0.461696,4.755485,35.875791,21.487606,2.265631,1.595903,10.526651
C2,P1,2,8,0,8,84.866916,81,254803968,0,4656,0,4656,3605,27,1.545791,0.477984,4.931485,38.543597,21.873109,8.684412,2.318655,5.667421
C2,P1,2,9,0,9,87.756764,81,254803968,0,4656,0,4656,3600,27,1.543455,0.478303,4.877662,32.023249,22.201782,5.774397,2.327423,1.719647
C2,P1,2,10,0,10,81.149446,87,273678336,0,4656,0,4656,2642,29,1.580255,0.503839,5.361214,33.318577,22.397782,1.312288,1.601823,8.006684
C2,P1,2,11,0,11,83.649655,87,273678336,0,4656,0,4656,3736,29,1.62,0.510784,5.325853,35.538479,22.450581,2.124383,1.464511,9.499004
C2,P1,2,12,0,12,83.254766,87,273678336,0,4656,0,4656,4284,29,1.636223,0.514464,5.29379,35.845136,22.598038,1.566399,1.674432,10.006267
C2,P1,2,13,0,13,81.818542,81,254803968,0,4656,0,4656,3075,27,1.486656,0.469184,4.927901,36.570221,22.716213,2.936575,1.576574,9.340859
C2,P1,2,14,0,14,90.313704,78,245366784,0,4656,0,4656,3133,26,1.453856,0.456448,4.725149,45.610378,37.036431,2.689759,1.995294,3.888894
C2,P1,2,15,0,15,79.464215,81,254803968,0,4656,0,4656,3161,27,1.523519,0.475936,4.928222,33.667121,21.563349,1.273568,1.394016,9.436188
C2,P1,2,16,0,16,77.153082,81,254803968,0,4656,0,4656,2943,27,1.500031,0.470304,4.875997,31.478769,21.822134,1.800767,1.796223,6.059645
C2,P1,2,17,0,17,92.913352,87,273678336,0,4656,0,4656,2573,29,1.606304,0.499968,5.231614,44.638378,30.342866,3.149822,1.599134,9.546556
C2,P1,2,18,0,18,89.698292,78,245366784,0,4656,0,4656,3684,26,1.480608,0.460352,4.667101,44.835756,39.214702,0.585632,1.494304,3.541118
C2,P1,2,19,0,19,96.850994,75,235929600,0,4656,0,4656,3111,25,1.434912,0.436,4.51411,52.883783,39.516462,2.328927,1.97667,9.061724
C2,P1,2,20,0,20,93.540314,78,245366784,0,4656,0,4656,4703,26,1.520575,0.469888,4.659197,47.137353,40.229709,1.727871,1.636543,3.54323
C2,P1,2,21,0,21,101.150334,84,264241152,0,4656,0,4656,3567,28,1.601216,0.490016,5.012926,54.007623,42.005932,2.277695,1.087744,8.636252
C2,P1,2,22,0,22,83.830544,51,160432128,0,4656,0,4656,3800,17,1.050368,0.313056,3.03283,44.892235,32.246512,2.823167,1.533632,8.288924
C2,P1,2,23,0,23,91.101594,66,207618048,0,4656,0,4656,3673,22,1.276575,0.392768,3.938814,47.755081,35.219247,2.130783,1.36736,9.037691
C2,P1,2,24,0,24,98.204517,87,273678336,0,4656,0,4656,3361,29,1.631807,0.506976,5.173821,49.510569,43.188396,2.849246,1.694784,1.778143
C2,P1,2,25,0,25,98.474434,81,254803968,0,4656,0,4656,3658,27,1.503008,0.477376,4.807966,51.384839,41.184813,1.410943,1.448639,7.340444
C2,P1,2,26,0,26,97.698317,81,254803968,0,4656,0,4656,3540,27,1.525696,0.476896,4.82259,51.089703,42.281228,2.678046,1.24784,4.882589
C2,P1,2,27,0,27,104.86892,84,264241152,0,4656,0,4656,3512,28,1.54992,0.492448,5.020957,57.374084,43.094411,2.352767,2.760798,9.166108
C2,P1,2,28,0,28,96.717016,78,245366784,0,4656,0,4656,3970,26,1.496832,0.470016,4.687902,50.765639,41.759916,2.278142,2.876767,3.850814
C2,P1,2,29,0,29,88.552966,63,198180864,0,4656,0,4656,3986,21,1.299456,0.390176,3.745727,46.641002,37.511278,1.650559,1.6432,5.835965
C2,P1,2,30,0,30,117.007832,81,254803968,0,4656,0,4656,3068,27,1.51296,0.4696,4.815262,71.553119,58.91338,1.047712,1.89024,9.701787
C2,P1,2,31,0,31,101.548941,81,254803968,0,4656,0,4656,4369,27,1.557791,0.490431,4.823293,49.03284,42.456011,2.901758,2.676511,0.99856
C2,P1,2,32,0,32,79.638671,51,160432128,0,4656,0,4656,3962,17,1.073375,0.321439,3.046686,40.014316,33.274192,1.023648,1.388575,4.327901
C2,P1,2,33,0,33,98.941303,81,254803968,0,4656,0,4656,4908,27,1.602175,0.49264,4.827102,52.338631,41.682444,0.609216,1.480575,8.566396
C2,P1,2,34,0,34,92.088953,57,179306496,0,4656,0,4656,2605,19,1.0968,0.337248,3.402238,51.324773,36.003886,8.758204,1.387166,5.175517
C2,P1,2,35,0,35,93.489962,69,217055232,0,4656,0,4656,3978,23,1.344096,0.41392,4.116734,48.986152,35.714319,9.452603,1.659007,2.160223
C2,P1,2,36,0,36,75.99926,42,132120576,0,4656,0,4656,2520,14,0.85936,0.249888,2.502622,40.011471,30.425074,0.9208,1.289184,7.376413
C2,P1,2,37,0,37,73.837985,51,160432128,0,4656,0,4656,2753,17,1.002624,0.301568,3.04259,35.135439,30.805009,1.387519,1.476032,1.466879
C2,P1,2,38,0,38,87.170593,60,188743680,0,4656,0,4656,3501,20,1.193024,0.358656,3.587358,45.797228,34.730256,6.485854,2.072319,2.508799
C2,P1,2,39,0,39,85.785472,57,179306496,0,4656,0,4656,3168,19,1.148703,0.344287,3.411647,45.258347,37.085551,0.901695,1.463648,5.807453
C2,P1,2,40,0,40,89.11312,63,198180864,0,4656,0,4656,3502,21,1.247135,0.38096,3.754718,46.543465,37.463022,0.708991,1.652415,6.719037
C2,P1,2,41,0,41,84.956868,54,169869312,0,4656,0,4656,4129,18,1.118848,0.33584,3.230463,45.753802,34.821328,1.164928,1.696126,8.07142
C2,P1,2,42,0,42,82.997973,57,179306496,0,4656,0,4656,2837,19,1.106687,0.336896,3.414046,42.734154,35.004079,0.534688,1.635742,5.559645
C2,P1,2,43,0,43,75.10242,48,150994944,0,4656,0,4656,2784,16,0.972607,0.29152,2.915582,38.962637,34.411632,0.872575,2.226271,1.452159
C2,P1,2,44,0,44,92.128678,72,226492416,0,4656,0,4656,3035,24,1.3816,0.431456,4.29539,47.993514,39.381613,2.533279,1.815264,4.263358
C2,P1,2,45,0,45,80.984458,51,160432128,0,4656,0,4656,2583,17,1.03008,0.306912,3.046911,43.498219,31.780049,2.782911,1.64067,7.294589
C2,P1,2,46,0,46,92.181372,66,207618048,0,4656,0,4656,3811,22,1.308352,0.401408,3.951006,43.157482,36.231726,1.720991,1.652063,3.552702
C2,P1,2,47,0,47,78.209689,48,150994944,0,4656,0,4656,2964,16,0.993152,0.291616,2.839615,41.12145,31.885937,3.045886,1.519966,4.669661
C2,P1,2,48,1,0,14.822759,9,18874368,0,4656,0,4656,57,3,0.239584,0.051456,0.353151,6.924733,2.957695,1.818847,0.072256,2.075935
C2,P1,2,49,1,1,9.01441,6,9437184,0,4656,0,4656,41,2,0.194528,0.035104,0.174688,3.232383,1.240064,0.244512,0.359136,1.388671
C2,P1,2,50,1,2,7.167508,0,0,0,4656,0,4656,0,0,0.001472,0.0,0.0,3.815455,1.059264,0.461024,0.04848,2.246687
C2,P1,2,51,1,3,7.665182,0,0,0,4656,0,4656,0,0,0.001248,0.0,0.0,4.305566,1.012576,0.541216,0.040096,2.711678
C2,P1,2,52,1,4,13.386853,15,9437184,0,4656,0,4656,72,5,0.332767,0.084191,0.192096,5.488381,1.795039,2.369055,0.279167,1.04512
C2,P1,2,53,1,5,19.061332,18,18874368,0,4656,0,4656,109,6,0.381984,0.099776,0.350976,9.567676,2.421055,0.471168,1.693919,4.981534
C2,P1,2,54,1,6,15.772207,24,0,0,4656,0,4656,113,8,0.491903,0.133344,0.0,1.336415,0.456608,0.529471,0.226208,0.124128
C2,P1,2,55,1,7,17.159657,18,9437184,0,4656,0,4656,113,6,0.379776,0.100672,0.174304,5.920766,2.719199,2.912415,0.028768,0.260384
C2,P1,2,56,1,8,14.665032,12,18874368,0,4656,0,4656,40,4,0.284256,0.068,0.35392,6.527581,2.250943,0.795616,0.287264,3.193758
C2,P1,2,57,1,9,12.607783,15,0,0,4656,0,4656,104,5,0.330272,0.085056,0.0,4.292381,1.976159,1.720735,0.028576,0.566911
C2,P1,2,58,1,10,13.409443,18,9437184,0,4656,0,4656,36,6,0.38528,0.100224,0.176032,4.358944,1.94544,0.53232,0.0496,1.831584
C2,P1,2,59,1,11,13.268554,15,9437184,0,4656,0,4656,89,5,0.338368,0.085056,0.174816,4.946463,1.461152,0.45328,1.720863,1.311168
C2,P1,2,60,1,12,14.273017,15,9437184,0,4656,0,4656,104,5,0.331008,0.084736,0.177792,6.040829,2.690303,1.009183,0.14288,2.198463
C2,P1,2,61,1,13,13.359522,6,9437184,0,4656,0,4656,17,2,0.198944,0.03472,0.17456,6.666975,1.749312,1.308416,0.420128,3.189119
C2,P1,2,62,1,14,15.474877,15,9437184,0,4656,0,4656,57,5,0.33616,0.084256,0.175135,6.906653,1.579007,0.63472,0.267552,4.425374
C2,P1,2,63,1,15,17.40631,12,9437184,0,4656,0,4656,88,4,0.27952,0.068736,0.174143,9.119036,1.866303,2.530047,0.028512,4.694174
C2,P1,2,64,1,16,13.641232,9,9437184,0,4656,0,4656,48,3,0.243488,0.051872,0.174144,5.895966,2.504927,0.025568,0.417472,2.947999
C2,P1,2,65,1,17,13.336887,15,9437184,0,4656,0,4656,61,5,0.325728,0.084,0.174464,4.821662,1.597439,0.261536,0.22112,2.741567
C2,P1,2,66,1,18,17.312664,21,9437184,0,4656,0,4656,79,7,0.43104,0.117376,0.179392,7.843964,2.045567,1.339712,0.789983,3.668702
C2,P1,2,67,1,19,26.629222,18,9437184,0,4656,0,4656,87,6,0.379552,0.100896,0.173824,16.556185,2.092991,11.882363,0.028672,2.552159
C2,P1,2,68,1,20,17.824742,24,28311552,0,4656,0,4656,104,8,0.470048,0.131392,0.531648,7.182205,3.111774,0.755296,0.238304,3.076831
C2,P1,2,69,1,21,17.129416,18,9437184,0,4656,0,4656,47,6,0.375616,0.099648,0.174048,7.877724,1.520223,2.180383,0.037312,4.139806
C2,P1,2,70,1,22,10.910401,3,9437184,0,4656,0,4656,2,1,0.135456,0.017248,0.186464,5.215519,2.991199,0.918368,0.042272,1.26368
C2,P1,2,71,1,23,12.640734,6,18874368,0,4656,0,4656,13,2,0.193728,0.033888,0.36192,6.129918,2.303615,0.98848,0.130112,2.707711
C2,P1,2,72,1,24,17.535326,9,9437184,0,4656,0,4656,62,3,0.242079,0.051615,0.173952,9.613915,2.048415,2.284927,0.028512,5.252061
C2,P1,2,73,1,25,12.728826,9,9437184,0,4656,0,4656,41,3,0.241216,0.05088,0.175008,5.326783,3.111935,0.210048,0.200096,1.804704
C2,P1,2,74,1,26,13.069085,15,9437184,0,4656,0,4656,51,5,0.32896,0.083936,0.173696,4.338334,2.010687,0.228736,0.059872,2.039039
C2,P1,2,75,1,27,19.078297,18,9437184,0,4656,0,4656,46,6,0.371744,0.100096,0.173663,10.066524,2.107743,1.70528,0.083232,6.170269
C2,P1,2,76,1,28,15.651098,12,9437184,0,4656,0,4656,65,4,0.286528,0.068448,0.174112,7.739645,2.097087,2.436767,0.05776,3.148031
C2,P1,2,77,1,29,14.609051,9,18874368,0,4656,0,4656,34,3,0.233632,0.050272,0.352576,7.404955,3.057406,0.406304,0.475263,3.465982
C2,P1,2,78,1,30,15.766447,21,18874368,0,4656,0,4656,67,7,0.416096,0.115232,0.353984,5.305694,2.725023,0.026048,0.101504,2.453119
C2,P1,2,79,1,31,18.628615,30,18874368,0,4656,0,4656,80,10,0.554976,0.165088,0.356544,6.882556,2.610783,0.872895,0.034176,3.364702
C2,P1,2,80,1,32,10.138953,3,0,0,4656,0,4656,32,1,0.136672,0.018016,0.0,4.74499,1.217759,1.960319,0.399072,1.16784
C2,P1,2,81,1,33,11.964553,12,9437184,0,4656,0,4656,48,4,0.293248,0.068128,0.173952,3.770814,1.724447,0.10976,0.147648,1.788959
C2,P1,2,82,1,34,8.900966,3,9437184,0,4656,0,4656,32,1,0.13536,0.017248,0.176736,3.167326,1.687071,0.172672,0.171808,1.135775
C2,P1,2,83,1,35,13.082035,15,18874368,0,4656,0,4656,112,5,0.325024,0.08496,0.353664,4.702238,2.240831,1.313856,0.337471,0.81008
C2,P1,2,84,1,36,9.912876,6,9437184,0,4656,0,4656,64,2,0.187264,0.034784,0.17376,4.157439,1.332608,1.797632,0.2936,0.733599
C2,P1,2,85,1,37,10.207338,3,9437184,0,4656,0,4656,25,1,0.137376,0.01728,0.1736,4.890398,2.039903,0.709312,0.410208,1.730975
C2,P1,2,86,1,38,12.62994,9,9437184,0,4656,0,4656,71,3,0.240032,0.051328,0.173824,5.458077,1.840735,0.391295,1.167776,2.058271
C2,P1,2,87,1,39,16.234738,12,18874368,0,4656,0,4656,53,4,0.280991,0.067391,0.352736,8.041211,3.565342,1.500479,0.028704,2.946686
C2,P1,2,88,1,40,11.014426,9,9437184,0,4656,0,4656,67,3,0.234528,0.051776,0.185984,4.095294,1.521343,0.025216,0.29152,2.257215
C2,P1,2,89,1,41,11.363432,6,18874368,0,4656,0,4656,13,2,0.196544,0.034528,0.352223,4.707358,2.419935,0.512128,0.129728,1.645567
C2,P1,2,90,1,42,12.79012,3,9437184,0,4656,0,4656,17,1,0.138144,0.017408,0.176896,7.080636,2.938623,0.833759,0.5168,2.791454
C2,P1,2,91,1,43,11.922645,6,9437184,0,4656,0,4656,63,2,0.187423,0.034944,0.175968,5.754686,1.518048,0.270624,0.191776,3.774238
C2,P1,2,92,1,44,16.734612,18,9437184,0,4656,0,4656,40,6,0.374559,0.100096,0.174752,7.617117,2.024607,2.460063,0.441216,2.691231
C2,P1,2,93,1,45,14.635957,9,9437184,0,4656,0,4656,9,3,0.234432,0.050976,0.173408,6.185244,3.377214,0.345792,0.469759,1.992479
C2,P1,2,94,1,46,16.411934,18,18874368,0,4656,0,4656,23,6,0.373952,0.09904,0.348832,5.555134,2.341919,0.60544,0.027968,2.579807
C2,P1,2,95,1,47,9.998099,3,9437184,0,4656,0,4656,32,1,0.135616,0.017024,0.17904,2.313343,0.817728,0.025856,0.042784,1.426975
C2,P1,2,96,2,0,17.545891,39,9437184,0,4656,0,4656,53,13,0.698944,0.211584,0.174048,2.75155,1.904703,0.734943,0.044896,0.067008
C2,P1,2,97,2,1,12.279559,6,9437184,0,4656,0,4656,60,2,0.186944,0.035072,0.175424,6.114013,1.815007,2.357759,1.918431,0.022816
C2,P1,2,98,2,2,11.546134,3,9437184,0,4656,0,4656,5,1,0.139648,0.017056,0.178432,5.890492,1.977919,1.716831,0.273855,1.921887
C2,P1,2,99,2,3,9.223354,3,9437184,0,4656,0,4656,11,1,0.144191,0.017152,0.17392,4.067934,1.477535,0.71776,0.977984,0.894655
C2,P1,2,100,2,4,18.43698,24,18874368,0,4656,0,4656,54,8,0.470591,0.131136,0.356672,7.071996,2.565887,0.198944,0.343071,3.964094
C2,P1,2,101,2,5,18.032488,36,18874368,0,4656,0,4656,77,12,0.638752,0.196096,0.3568,4.358429,2.478367,0.025408,0.227519,1.627135
C2,P1,2,102,2,6,25.056214,39,28311552,0,4656,0,4656,44,13,0.692736,0.210784,0.530336,11.054906,3.771262,4.898845,0.242688,2.142111
C2,P1,2,103,2,7,20.701274,39,28311552,0,4656,0,4656,64,13,0.67968,0.210912,0.556992,6.350525,3.249182,0.025376,0.649152,2.426815
C2,P1,2,104,2,8,20.40897,30,37748736,0,4656,0,4656,44,10,0.549118,0.162176,0.714912,7.351196,4.402206,0.025696,0.428064,2.49523
C2,P1,2,105,2,9,28.597162,36,47185920,0,4656,0,4656,76,12,0.650463,0.193376,0.898975,14.097529,6.761597,5.938781,0.028288,1.368863
C2,P1,2,106,2,10,17.856285,24,28311552,0,4656,0,4656,53,8,0.45424,0.131264,0.53456,6.065182,4.827774,0.025376,0.2192,0.992832
C2,P1,2,107,2,11,18.123557,30,18874368,0,4656,0,4656,93,10,0.552992,0.163232,0.364384,5.58611,2.613503,0.02528,0.218912,2.728415
C2,P1,2,108,2,12,19.479441,30,37748736,0,4656,0,4656,81,10,0.558784,0.164512,0.720896,5.003421,3.93235,0.025344,0.114848,0.930879
C2,P1,2,109,2,13,19.033605,36,28311552,0,4656,0,4656,57,12,0.64112,0.195488,0.53776,5.060413,3.602046,0.025216,0.368896,1.064255
C2,P1,2,110,2,14,16.66329,27,18874368,0,4656,0,4656,59,9,0.521088,0.14736,0.352704,5.184444,2.269823,0.430751,1.490271,0.993599
C2,P1,2,111,2,15,20.293911,36,18874368,0,4656,0,4656,109,12,0.653152,0.19552,0.349248,7.120828,2.92275,2.538431,1.517535,0.142112
C2,P1,2,112,2,16,22.995238,30,18874368,0,4656,0,4656,58,10,0.556127,0.163583,0.349631,11.420475,2.751391,5.394686,1.494591,1.779807
C2,P1,2,113,2,17,23.33798,27,28311552,0,4656,0,4656,42,9,0.502112,0.146912,0.523968,11.507642,3.033182,3.130143,1.492191,3.852126
C2,P1,2,114,2,18,17.510079,33,9437184,0,4656,0,4656,60,11,0.622015,0.179968,0.180736,5.050173,2.201087,1.130239,0.353248,1.365599
C2,P1,2,115,2,19,18.727503,27,9437184,0,4656,0,4656,58,9,0.517312,0.149792,0.174368,7.037885,2.394047,1.298751,0.19328,3.151807
C2,P1,2,116,2,20,20.529963,36,18874368,0,4656,0,4656,104,12,0.651008,0.195872,0.349056,6.83782,4.978877,0.241376,0.263296,1.354271
C2,P1,2,117,2,21,20.387353,27,18874368,0,4656,0,4656,36,9,0.514464,0.14784,0.347808,8.480316,3.053599,0.604992,0.26976,4.551965
C2,P1,2,118,2,22,15.289216,9,18874368,0,4656,0,4656,35,3,0.237888,0.05072,0.354016,8.701854,3.694047,1.19728,0.80912,3.001407
C2,P1,2,119,2,23,17.645566,6,9437184,0,4656,0,4656,16,2,0.197632,0.034432,0.173984,11.188027,3.45427,3.067455,0.500416,4.165886
C2,P1,2,120,2,24,26.760168,30,37748736,0,4656,0,4656,80,10,0.557024,0.164352,0.714016,14.496633,7.280668,2.778943,0.634432,3.80259
C2,P1,2,121,2,25,26.857663,30,18874368,0,4656,0,4656,66,10,0.546976,0.163168,0.352736,14.975993,4.806206,4.721662,0.586591,4.861534
C2,P1,2,122,2,26,23.140734,33,28311552,0,4656,0,4656,75,11,0.605376,0.180192,0.527936,10.554139,5.636221,3.012319,0.46832,1.437279
C2,P1,2,123,2,27,30.652103,42,18874368,0,4656,0,4656,53,14,0.742335,0.22672,0.35472,16.459801,5.22899,4.513182,0.571968,6.145661
C2,P1,2,124,2,28,26.22803,33,18874368,0,4656,0,4656,69,11,0.610111,0.178623,0.359072,13.665432,5.471229,4.784157,0.952991,2.457055
C2,P1,2,125,2,29,15.992324,9,18874368,0,4656,0,4656,18,3,0.241728,0.050592,0.353216,8.158877,2.737663,0.794944,0.127776,4.498494
C2,P1,2,126,2,30,21.276368,48,18874368,0,4656,0,4656,59,16,0.818368,0.25872,0.354304,6.290589,2.599998,0.49408,1.060288,2.136223
C2,P1,2,127,2,31,22.791058,42,9437184,0,4656,0,4656,82,14,0.741312,0.229568,0.179008,8.595069,3.574335,1.24224,0.229152,3.549342
C2,P1,2,128,2,32,12.777767,6,18874368,0,4656,0,4656,4,2,0.187904,0.033728,0.352192,6.713149,2.330815,2.727902,0.375392,1.27904
C2,P1,2,129,2,33,24.376667,33,37748736,0,4656,0,4656,64,11,0.616128,0.17856,0.712064,11.408123,6.643453,0.09296,0.140096,4.531614
C2,P1,2,130,2,34,21.292322,9,18874368,0,4656,0,4656,67,3,0.239968,0.051104,0.348064,12.016986,4.167006,5.535357,0.514656,1.799967
C2,P1,2,131,2,35,16.288773,24,18874368,0,4656,0,4656,107,8,0.457632,0.131744,0.357535,4.307454,2.699103,0.16992,0.323968,1.114463
C2,P1,2,132,2,36,8.864321,3,9437184,0,4656,0,4656,32,1,0.136191,0.017632,0.173536,3.180959,1.51888,0.025152,0.36352,1.273407
C2,P1,2,133,2,37,12.069338,6,9437184,0,4656,0,4656,16,2,0.196704,0.034144,0.173792,6.206783,3.286175,1.480384,0.306944,1.13328
C2,P1,2,134,2,38,13.087515,12,9437184,0,4656,0,4656,53,4,0.279264,0.068448,0.174304,5.270462,1.846911,0.560064,0.365664,2.497823
C2,P1,2,135,2,39,17.082036,15,18874368,0,4656,0,4656,17,5,0.327232,0.083264,0.347872,7.406429,2.769535,0.02592,0.336768,4.274206
C2,P1,2,136,2,40,13.747776,9,9437184,0,4656,0,4656,58,3,0.241184,0.051232,0.1736,5.066526,1.362591,0.025184,1.855903,1.822848
C2,P1,2,137,2,41,14.357958,6,9437184,0,4656,0,4656,41,2,0.189792,0.034784,0.182016,6.063581,1.723487,2.296607,0.227232,1.816255
C2,P1,2,138,2,42,15.275136,9,18874368,0,4656,0,4656,8,3,0.233376,0.050944,0.348608,7.655133,3.750718,0.831136,0.125984,2.947295
C2,P1,2,139,2,43,10.95313,9,9437184,0,4656,0,4656,60,3,0.241664,0.051904,0.173568,3.759102,1.984543,0.424576,0.029056,1.320927
C2,P1,2,140,2,44,16.150668,30,18874368,0,4656,0,4656,47,10,0.56336,0.16352,0.36016,4.431839,2.578559,0.583744,0.746112,0.523424
C2,P1,2,141,2,45,15.495332,12,18874368,0,4656,0,4656,6,4,0.273536,0.067328,0.351552,7.394173,2.418879,1.757535,0.046112,3.171647
C2,P1,2,142,2,46,28.967846,24,18874368,0,4656,0,4656,59,8,0.488224,0.132704,0.348032,13.657659,7.781565,1.939263,0.028608,3.908223
C2,P1,2,143,2,47,11.981993,9,18874368,0,4656,0,4656,73,3,0.233728,0.051776,0.350495,4.822877,2.387839,1.140831,0.028512,1.265695
C2,P1,2,144,3,0,23.887539,39,28311552,0,4656,0,4656,88,13,0.727168,0.212288,0.529695,9.091355,3.524862,1.817439,0.227744,3.52131
C2,P1,2,145,3,1,9.641782,6,9437184,0,4656,0,4656,47,2,0.196896,0.03488,0.174496,2.951007,1.907103,0.02576,0.028864,0.98928
C2,P1,2,146,3,2,10.3011,3,9437184,0,4656,0,4656,13,1,0.147168,0.01728,0.176832,4.997055,2.993151,0.919712,0.223968,0.860224
C2,P1,2,147,3,3,9.383209,6,9437184,0,4656,0,4656,54,2,0.188704,0.034688,0.177216,3.506141,1.902367,0.543071,0.285599,0.775104
C2,P1,2,148,3,4,21.791519,24,18874368,0,4656,0,4656,69,8,0.497632,0.132192,0.351008,11.225275,3.638782,2.185471,0.753312,4.64771
C2,P1,2,149,3,5,25.550284,36,28311552,0,4656,0,4656,54,12,0.655935,0.194784,0.531776,12.241178,3.614334,2.284255,1.610495,4.732094
C2,P1,2,150,3,6,19.502101,33,18874368,0,4656,0,4656,62,11,0.617983,0.180352,0.358464,6.919773,2.322047,1.007327,0.207616,3.382783
C2,P1,2,151,3,7,19.666099,36,9437184,0,4656,0,4656,63,12,0.638815,0.195488,0.181824,6.099134,2.12192,0.1496,0.295488,3.532126
C2,P1,2,152,3,8,21.385547,33,28311552,0,4656,0,4656,56,11,0.616766,0.180415,0.538656,7.603741,3.49283,0.146976,0.149728,3.814207
C2,P1,2,153,3,9,18.266573,33,18874368,0,4656,0,4656,63,11,0.605504,0.17904,0.355264,4.263454,2.844575,0.02544,0.03488,1.358559
C2,P1,2,154,3,10,21.247893,30,28311552,0,4656,0,4656,53,10,0.56976,0.163776,0.532223,8.540699,3.321022,0.025344,0.274048,4.920285
C2,P1,2,155,3,11,20.405909,39,28311552,0,4656,0,4656,80,13,0.700639,0.211264,0.543487,6.371453,3.290622,0.817344,0.058304,2.205183
C2,P1,2,156,3,12,18.645611,33,18874368,0,4656,0,4656,73,11,0.628128,0.179808,0.353152,4.549757,2.966558,0.289344,0.028448,1.265407
C2,P1,2,157,3,13,19.296234,42,28311552,0,4656,0,4656,72,14,0.74384,0.228896,0.54784,4.193567,3.278335,0.02544,0.62336,0.266432
C2,P1,2,158,3,14,19.227704,36,28311552,0,4656,0,4656,82,12,0.665792,0.196288,0.538048,4.985854,3.042943,0.025664,0.174432,1.742815
C2,P1,2,159,3,15,18.351168,42,18874368,0,4656,0,4656,59,14,0.747808,0.229024,0.359904,3.497663,2.609535,0.025344,0.14896,0.713824
C2,P1,2,160,3,16,18.829893,27,18874368,0,4656,0,4656,41,9,0.520352,0.147904,0.350976,6.993117,2.741375,0.720127,0.2944,3.237215
C2,P1,2,161,3,17,20.3637,18,18874368,0,4656,0,4656,59,6,0.366976,0.099744,0.350592,9.992828,3.031647,1.263743,0.07872,5.618718
C2,P1,2,162,3,18,17.008747,24,9437184,0,4656,0,4656,74,8,0.474719,0.133055,0.174848,5.811549,1.974783,1.249311,0.02912,2.558335
C2,P1,2,163,3,19,18.98506,24,9437184,0,4656,0,4656,66,8,0.484863,0.132256,0.174048,7.845852,1.574111,2.613951,0.064704,3.593086
C2,P1,2,164,3,20,19.678053,42,18874368,0,4656,0,4656,108,14,0.756224,0.228576,0.348832,4.723678,2.400735,2.268991,0.028544,0.025408
C2,P1,2,165,3,21,21.562336,27,18874368,0,4656,0,4656,55,9,0.5136,0.14688,0.357695,8.449213,2.671679,1.913407,0.0288,3.835327
C2,P1,2,166,3,22,13.593895,9,18874368,0,4656,0,4656,37,3,0.2544,0.050944,0.348255,5.312604,2.863934,2.145055,0.280703,0.022912
C2,P1,2,167,3,23,14.644342,9,18874368,0,4656,0,4656,4,3,0.230335,0.051072,0.351008,7.307262,2.609855,0.74832,0.133792,3.815295
C2,P1,2,168,3,24,20.874032,33,9437184,0,4656,0,4656,69,11,0.61056,0.179872,0.175328,8.020572,3.402782,0.429344,0.444511,3.743935
C2,P1,2,169,3,25,21.295393,36,28311552,0,4656,0,4656,86,12,0.681728,0.195616,0.532608,7.442524,5.003166,0.613759,0.028864,1.796735
C2,P1,2,170,3,26,22.735642,33,28311552,0,4656,0,4656,72,11,0.620352,0.179808,0.535264,9.572827,4.399646,1.342079,0.037472,3.79363
C2,P1,2,171,3,27,23.182855,39,9437184,0,4656,0,4656,80,13,0.724415,0.21232,0.173824,9.153372,2.021471,2.298175,0.27392,4.559806
C2,P1,2,172,3,28,21.629116,42,18874368,0,4656,0,4656,75,14,0.760768,0.228288,0.354944,3.579454,2.774271,0.528127,0.251424,0.025632
C2,P1,2,173,3,29,16.044285,9,18874368,0,4656,0,4656,48,3,0.243168,0.05152,0.348447,8.151388,2.858399,0.896127,0.183744,4.213118
C2,P1,2,174,3,30,28.972217,33,9437184,0,4656,0,4656,70,11,0.614432,0.181376,0.179936,16.802266,4.129951,6.778046,2.566687,3.327582
C2,P1,2,175,3,31,18.079642,39,18874368,0,4656,0,4656,82,13,0.719775,0.212288,0.35904,4.217854,2.254399,0.02544,0.060672,1.877343
C2,P1,2,176,3,32,11.697884,6,18874368,0,4656,0,4656,21,2,0.187136,0.034528,0.35168,4.744958,2.470111,0.209856,0.053408,2.011583
C2,P1,2,177,3,33,20.497572,27,28311552,0,4656,0,4656,72,9,0.511647,0.147584,0.531488,8.798651,3.648542,1.010143,0.05648,4.083486
C2,P1,2,178,3,34,12.201461,9,18874368,0,4656,0,4656,72,3,0.233504,0.051872,0.348992,4.943998,2.364095,1.712799,0.028544,0.83856
C2,P1,2,179,3,35,18.724613,24,28311552,0,4656,0,4656,113,8,0.47392,0.131296,0.535744,8.067997,5.11875,0.32368,0.124064,2.501503
C2,P1,2,180,3,36,11.240745,3,9437184,0,4656,0,4656,10,1,0.142784,0.017184,0.176384,5.895518,2.209023,0.550048,0.337024,2.799423
C2,P1,2,181,3,37,17.99695,9,18874368,0,4656,0,4656,47,3,0.249568,0.05136,0.367104,10.937084,2.323071,3.954558,3.080863,1.578592
C2,P1,2,182,3,38,17.203063,21,28311552,0,4656,0,4656,49,7,0.438592,0.115584,0.537504,6.211101,3.252319,0.0264,0.215584,2.716798
C2,P1,2,183,3,39,21.146056,15,28311552,0,4656,0,4656,6,5,0.317631,0.0824,0.539072,10.557179,3.479038,1.717247,0.02848,5.332414
C2,P1,2,184,3,40,15.964779,18,28311552,0,4656,0,4656,51,6,0.394624,0.099296,0.529312,6.700765,3.428511,1.315775,0.0392,1.917279
C2,P1,2,185,3,41,15.778195,9,18874368,0,4656,0,4656,26,3,0.248448,0.050432,0.356544,8.91574,2.869823,2.518046,0.694848,2.833023
C2,P1,2,186,3,42,15.533852,9,18874368,0,4656,0,4656,19,3,0.242208,0.050304,0.367008,7.640061,4.122942,0.504864,0.089984,2.922271
C2,P1,2,187,3,43,17.602846,12,18874368,0,4656,0,4656,43,4,0.303072,0.06704,0.347775,10.914778,3.631806,5.109022,1.530463,0.643487
C2,P1,2,188,3,44,20.626172,27,18874368,0,4656,0,4656,69,9,0.512032,0.148384,0.348064,9.080635,2.325823,1.809759,2.558942,2.386111
C2,P1,2,189,3,45,13.186844,6,9437184,0,4656,0,4656,5,2,0.189376,0.034752,0.173471,6.352126,1.412192,0.026048,0.562464,4.351422
C2,P1,2,190,3,46,17.533291,33,9437184,0,4656,0,4656,88,11,0.606784,0.180192,0.173759,4.93987,2.278591,0.561728,0.247904,1.851647
C2,P1,2,191,3,47,16.194285,9,18874368,0,4656,0,4656,52,3,0.25344,0.051232,0.3528,8.859835,2.971423,2.264958,0.3624,3.261054
C2,P1,2,192,4,0,24.41659,54,37748736,0,4656,0,4656,76,18,0.931423,0.291616,0.702912,7.024732,4.47075,1.663167,0.557312,0.333503
C2,P1,2,193,4,1,10.548217,9,18874368,0,4656,0,4656,65,3,0.241472,0.05104,0.348672,3.446368,2.144704,0.05616,0.588672,0.656832
C2,P1,2,194,4,2,11.148542,3,9437184,0,4656,0,4656,6,1,0.139776,0.017376,0.178272,5.229022,1.793503,1.812287,0.028192,1.59504
C2,P1,2,195,4,3,10.410685,3,9437184,0,4656,0,4656,9,1,0.143616,0.017184,0.177216,4.948956,1.759839,0.384544,0.438623,2.36595
C2,P1,2,196,4,4,20.761982,36,28311552,0,4656,0,4656,85,12,0.666784,0.194912,0.532032,6.759294,3.425695,0.111008,0.39904,2.823551
C2,P1,2,197,4,5,19.907506,30,18874368,0,4656,0,4656,71,10,0.572544,0.164064,0.35408,7.228379,2.79171,0.09776,0.334143,4.004766
C2,P1,2,198,4,6,18.975371,33,18874368,0,4656,0,4656,87,11,0.628224,0.17968,0.365728,6.124957,2.341631,0.648544,0.317632,2.81715
C2,P1,2,199,4,7,20.182329,30,9437184,0,4656,0,4656,71,10,0.572736,0.163488,0.180384,8.016252,2.132607,0.967136,1.157919,3.75859
C2,P1,2,200,4,8,23.018061,36,28311552,0,4656,0,4656,78,12,0.65264,0.195392,0.534432,9.380284,3.073919,1.465951,0.373312,4.467102
C2,P1,2,201,4,9,19.278758,30,28311552,0,4656,0,4656,68,10,0.569472,0.1632,0.537504,6.00275,3.273247,0.514976,0.301344,1.913183
C2,P1,2,202,4,10,19.430942,27,18874368,0,4656,0,4656,55,9,0.532,0.14832,0.358112,7.491644,2.744255,0.272672,0.647647,3.82707
C2,P1,2,203,4,11,19.620718,36,18874368,0,4656,0,4656,83,12,0.677184,0.195488,0.357887,6.203389,3.091038,0.6224,0.566111,1.92384
C2,P1,2,204,4,12,20.154156,45,18874368,0,4656,0,4656,84,15,0.81168,0.244192,0.350624,4.317951,3.090591,0.967936,0.234112,0.025312
C2,P1,2,205,4,13,17.927615,33,28311552,0,4656,0,4656,67,11,0.607488,0.179168,0.541599,4.871518,3.372126,0.138432,0.352576,1.008384
C2,P1,2,206,4,14,22.000865,30,28311552,0,4656,0,4656,69,10,0.567808,0.16304,0.533888,9.091773,3.202047,0.550944,0.316,5.022782
C2,P1,2,207,4,15,26.206638,36,18874368,0,4656,0,4656,48,12,0.652256,0.196768,0.35136,8.095484,7.948092,0.02576,0.096192,0.02544
C2,P1,2,208,4,16,18.714542,36,18874368,0,4656,0,4656,47,12,0.651679,0.195487,0.349536,5.011134,2.661247,2.214911,0.102976,0.032
C2,P1,2,209,4,17,21.74278,18,18874368,0,4656,0,4656,65,6,0.377856,0.100864,0.348191,10.947708,3.334142,1.563328,0.125536,5.924702
C2,P1,2,210,4,18,19.495909,30,28311552,0,4656,0,4656,78,10,0.564255,0.163743,0.534592,7.349374,3.440703,2.082175,0.233696,1.5928
C2,P1,2,211,4,19,18.445217,30,9437184,0,4656,0,4656,59,10,0.581312,0.164768,0.173632,6.731869,2.179935,2.268799,0.60256,1.680575
C2,P1,2,212,4,20,18.907081,39,18874368,0,4656,0,4656,96,13,0.700192,0.212544,0.352384,5.180766,3.109375,1.686719,0.35984,0.024832
C2,P1,2,213,4,21,22.025069,27,18874368,0,4656,0,4656,67,9,0.514432,0.14864,0.347807,10.060091,3.660446,1.752127,0.338336,4.309182
C2,P1,2,214,4,22,14.553862,12,28311552,0,4656,0,4656,26,4,0.2888,0.066144,0.543328,7.173693,2.998975,2.530719,0.259808,1.384191
C2,P1,2,215,4,23,16.96093,9,18874368,0,4656,0,4656,11,3,0.235392,0.050752,0.350912,9.420221,4.87027,0.74704,0.19776,3.605151
C2,P1,2,216,4,24,26.022869,36,18874368,0,4656,0,4656,83,12,0.66704,0.195776,0.362208,5.971071,2.489151,0.50896,1.239968,1.732992
C2,P1,2,217,4,25,22.020642,39,28311552,0,4656,0,4656,85,13,0.711072,0.212032,0.541152,7.330749,4.360382,2.549919,0.292288,0.12816
C2,P1,2,218,4,26,25.219635,36,28311552,0,4656,0,4656,79,12,0.649824,0.195104,0.526048,10.171066,3.30531,2.071391,2.274239,2.520126
C2,P1,2,219,4,27,18.609492,33,9437184,0,4656,0,4656,71,11,0.616832,0.179872,0.17424,5.268894,1.443455,0.02592,0.271232,3.528287
C2,P1,2,220,4,28,18.327001,36,9437184,0,4656,0,4656,83,12,0.67984,0.19648,0.173791,4.708157,2.016927,1.124511,0.055968,1.510751
C2,P1,2,221,4,29,16.827953,9,18874368,0,4656,0,4656,58,3,0.239936,0.051392,0.348448,9.46822,2.371935,1.688415,0.355936,5.051934
C2,P1,2,222,4,30,23.582991,39,18874368,0,4656,0,4656,77,13,0.701728,0.210752,0.353471,8.43414,2.772383,2.39747,0.154208,3.110079
C2,P1,2,223,4,31,19.776765,39,18874368,0,4656,0,4656,84,13,0.694368,0.211904,0.356896,6.189631,2.968127,1.828736,0.30448,1.088288
C2,P1,2,224,4,32,12.007344,9,18874368,0,4656,0,4656,62,3,0.236,0.050464,0.35264,4.972606,2.469375,1.473024,0.028512,1.001695
C2,P1,2,225,4,33,20.150714,36,18874368,0,4656,0,4656,87,12,0.656736,0.195744,0.35232,6.955805,4.206654,0.40896,0.275008,2.065183
C2,P1,2,226,4,34,12.939108,6,18874368,0,4656,0,4656,8,2,0.190304,0.034208,0.347936,6.397213,3.293886,0.592768,0.21264,2.297919
C2,P1,2,227,4,35,18.548483,27,37748736,0,4656,0,4656,106,9,0.519712,0.146624,0.713408,7.580029,3.930494,0.78816,0.81536,2.046015
C2,P1,2,228,4,36,11.917524,6,18874368,0,4656,0,4656,10,2,0.192576,0.0344,0.347711,4.588541,2.128639,0.412223,0.245952,1.801727
C2,P1,2,229,4,37,14.283655,9,18874368,0,4656,0,4656,39,3,0.246208,0.051264,0.356447,7.13014,2.801726,2.060319,0.12592,2.142175
C2,P1,2,230,4,38,14.83082,21,18874368,0,4656,0,4656,62,7,0.431904,0.11488,0.348768,4.956285,3.19027,0.025536,0.502848,1.237631
C2,P1,2,231,4,39,16.657456,9,18874368,0,4656,0,4656,7,3,0.23328,0.050144,0.347648,7.856283,2.566014,0.025472,0.043424,5.221373
C2,P1,2,232,4,40,13.987929,18,18874368,0,4656,0,4656,25,6,0.378272,0.098688,0.3504,4.408509,2.498494,0.02576,0.12112,1.763135
C2,P1,2,233,4,41,14.829476,9,18874368,0,4656,0,4656,16,3,0.239808,0.0504,0.350879,7.600347,2.874814,1.698399,0.228224,2.79891
C2,P1,2,234,4,42,15.909645,9,9437184,0,4656,0,4656,33,3,0.23872,0.051808,0.178272,8.706044,2.551455,3.215262,0.246048,2.693279
C2,P1,2,235,4,43,11.910311,9,9437184,0,4656,0,4656,25,3,0.248543,0.051328,0.174848,5.51971,2.496927,1.994783,0.46752,0.56048
C2,P1,2,236,4,44,21.091952,30,18874368,0,4656,0,4656,78,10,0.566624,0.163968,0.352607,8.249053,2.970079,0.556416,0.044864,4.677694
C2,P1,2,237,4,45,14.951448,9,9437184,0,4656,0,4656,11,3,0.239136,0.051648,0.174079,7.569915,1.980479,0.565599,0.273824,4.750013
C2,P1,2,238,4,46,16.303366,27,9437184,0,4656,0,4656,53,9,0.527647,0.148352,0.183712,5.730654,2.284607,0.663808,0.595744,2.186495
C2,P1,2,239,4,47,12.48585,9,18874368,0,4656,0,4656,67,3,0.241984,0.051168,0.348319,0.887359,0.102496,0.732863,0.028512,0.023488
C2,P1,2,240,5,0,25.406831,30,37748736,0,4656,0,4656,46,10,0.56368,0.1624,0.70304,12.026714,4.437886,1.590111,0.1544,5.844317
C2,P1,2,241,5,1,9.979578,9,18874368,0,4656,0,4656,78,3,0.233792,0.051552,0.349568,2.714815,2.090815,0.025216,0.097024,0.50176
C2,P1,2,242,5,2,12.894842,6,18874368,0,4656,0,4656,13,2,0.197024,0.034784,0.359904,6.426207,3.573215,1.314208,0.060416,1.478368
C2,P1,2,243,5,3,10.265287,6,18874368,0,4656,0,4656,11,2,0.193312,0.034272,0.353216,3.781663,2.077887,0.579328,0.183424,0.941024
C2,P1,2,244,5,4,17.769507,30,9437184,0,4656,0,4656,80,10,0.583647,0.164736,0.174144,4.620029,1.549791,0.943839,0.02816,2.098239
C2,P1,2,245,5,5,22.883305,36,9437184,0,4656,0,4656,70,12,0.653952,0.196224,0.174528,8.324091,2.407678,2.431103,0.646175,2.839135
C2,P1,2,246,5,6,21.746091,36,18874368,0,4656,0,4656,88,12,0.659391,0.197216,0.357184,5.23971,2.938495,1.352096,0.621088,0.328031
C2,P1,2,247,5,7,22.936228,33,0,0,4656,0,4656,81,11,0.617854,0.18112,0.0,9.247612,1.107456,6.265533,0.028512,1.846111
C2,P1,2,248,5,8,24.525888,36,18874368,0,4656,0,4656,70,12,0.652959,0.195168,0.36688,9.054716,2.410687,0.025408,0.028576,6.590045
C2,P1,2,249,5,9,19.304821,30,18874368,0,4656,0,4656,61,10,0.565056,0.163744,0.357536,5.449564,2.557855,0.025824,0.100767,2.765118
C2,P1,2,250,5,10,20.206699,36,18874368,0,4656,0,4656,54,12,0.657184,0.195616,0.362784,5.690142,2.326207,0.025952,0.028832,3.309151
C2,P1,2,251,5,11,20.628973,39,18874368,0,4656,0,4656,85,13,0.712224,0.211872,0.350048,5.600317,2.426878,0.02544,0.180992,2.967007
C2,P1,2,252,5,12,19.882394,48,9437184,0,4656,0,4656,91,16,0.854656,0.260224,0.178111,3.855518,2.066111,0.616512,0.195136,0.977759
C2,P1,2,253,5,13,18.459698,33,18874368,0,4656,0,4656,71,11,0.606464,0.179232,0.352384,4.461342,2.398271,0.025696,0.277664,1.759711
C2,P1,2,254,5,14,21.493808,33,28311552,0,4656,0,4656,64,11,0.602783,0.179616,0.536831,7.104125,3.540063,0.0256,0.566495,2.971967
C2,P1,2,255,5,15,21.537527,33,9437184,0,4656,0,4656,48,11,0.608351,0.180575,0.17408,7.849437,2.143647,0.025504,1.4576,4.222686
C2,P1,2,256,5,16,33.568175,30,28311552,0,4656,0,4656,32,10,0.55024,0.161408,0.538975,20.667127,6.005277,7.094109,0.263168,7.304573
C2,P1,2,257,5,17,21.837962,21,9437184,0,4656,0,4656,75,7,0.426976,0.115904,0.173856,10.351579,1.792767,2.364095,0.042144,6.152573
C2,P1,2,258,5,18,20.038131,33,18874368,0,4656,0,4656,64,11,0.606432,0.178528,0.358848,6.836508,2.967934,1.972479,0.171296,1.724799
C2,P1,2,259,5,19,20.48821,30,9437184,0,4656,0,4656,64,10,0.57872,0.163456,0.174176,8.521916,1.737119,2.377823,0.506112,3.900862
C2,P1,2,260,5,20,20.687844,42,18874368,0,4656,0,4656,98,14,0.744128,0.227072,0.35536,6.014077,2.478271,2.486559,0.277568,0.771679
C2,P1,2,261,5,21,28.820268,27,18874368,0,4656,0,4656,65,9,0.52656,0.147744,0.348672,15.683864,3.004254,5.626013,0.737664,6.315933
C2,P1,2,262,5,22,11.055506,9,18874368,0,4656,0,4656,7,3,0.232192,0.050848,0.3584,4.471807,2.521279,0.610304,0.44944,0.890784
C2,P1,2,263,5,23,18.767572,9,9437184,0,4656,0,4656,19,3,0.242176,0.050848,0.1848,11.110939,2.132927,3.293054,1.801247,3.883711
C2,P1,2,264,5,24,21.901338,36,9437184,0,4656,0,4656,78,12,0.661568,0.196096,0.174016,8.585052,3.230526,1.103455,0.36352,3.887551
C2,P1,2,265,5,25,20.869143,42,18874368,0,4656,0,4656,84,14,0.769599,0.228607,0.358464,6.029278,3.529822,2.100288,0.3736,0.025568
C2,P1,2,266,5,26,21.723351,39,18874368,0,4656,0,4656,89,13,0.696384,0.210976,0.360192,7.470301,3.773822,1.539167,0.397664,1.759648
C2,P1,2,267,5,27,19.978958,39,9437184,0,4656,0,4656,76,13,0.710048,0.2128,0.173856,6.124093,1.569983,2.86339,0.40368,1.28704
C2,P1,2,268,5,28,22.52514,39,28311552,0,4656,0,4656,90,13,0.701823,0.212096,0.536831,8.474204,3.71347,2.073151,1.435296,1.252287
C2,P1,2,269,5,29,15.274302,9,9437184,0,4656,0,4656,31,3,0.254239,0.051392,0.173952,7.849373,2.245375,2.441823,0.3008,2.861375
C2,P1,2,270,5,30,23.20923,39,9437184,0,4656,0,4656,83,13,0.702048,0.212864,0.17392,9.302619,3.671487,1.205279,0.273984,4.151869
C2,P1,2,271,5,31,22.7074,36,18874368,0,4656,0,4656,83,12,0.653856,0.195616,0.347872,9.722715,2.875326,2.450623,0.592543,3.804223
C2,P1,2,272,5,32,11.851435,6,9437184,0,4656,0,4656,57,2,0.188256,0.03472,0.176096,5.848702,2.224607,2.274911,0.380672,0.968512
C2,P1,2,273,5,33,24.712921,33,28311552,0,4656,0,4656,89,11,0.607712,0.180192,0.527327,12.029979,4.747134,0.02576,0.7256,6.531485
C2,P1,2,274,5,34,13.789977,9,18874368,0,4656,0,4656,75,3,0.231679,0.051168,0.349824,7.071677,2.500127,2.863838,0.308064,1.399648
C2,P1,2,275,5,35,16.292082,21,18874368,0,4656,0,4656,100,7,0.423488,0.116288,0.353087,5.972157,2.981886,0.35216,0.403136,2.234975
C2,P1,2,276,5,36,10.365257,6,18874368,0,4656,0,4656,9,2,0.192576,0.03504,0.355103,3.754653,2.041247,0.025952,0.218111,1.469343
C2,P1,2,277,5,37,15.017833,9,18874368,0,4656,0,4656,42,3,0.249696,0.05104,0.354335,8.12422,2.571391,2.252767,0.266592,3.03347
C2,P1,2,278,5,38,16.086149,24,9437184,0,4656,0,4656,61,8,0.493056,0.13232,0.1736,4.253694,2.499583,0.283328,1.445951,0.024832
C2,P1,2,279,5,39,14.690251,6,9437184,0,4656,0,4656,9,2,0.193664,0.034272,0.173536,7.723772,2.110431,0.735712,0.587839,4.28979
C2,P1,2,280,5,40,15.579786,18,18874368,0,4656,0,4656,32,6,0.38096,0.098592,0.362367,6.530333,2.78067,0.567904,0.398432,2.783327
C2,P1,2,281,5,41,15.498266,9,18874368,0,4656,0,4656,5,3,0.232512,0.05088,0.368288,7.838043,2.90419,2.183871,0.028704,2.721278
C2,P1,2,282,5,42,14.371178,9,18874368,0,4656,0,4656,34,3,0.2528,0.051296,0.353183,6.908283,3.938782,0.498751,0.09072,2.38003
C2,P1,2,283,5,43,8.13594,6,0,0,4656,0,4656,18,2,0.201568,0.034816,0.0,2.92915,0.929408,0.600639,0.763392,0.635711
C2,P1,2,284,5,44,26.167896,33,37748736,0,4656,0,4656,79,11,0.636416,0.179488,0.707424,12.797881,4.532317,2.517471,0.490528,5.257565
C2,P1,2,285,5,45,13.815622,9,9437184,0,4656,0,4656,15,3,0.24016,0.051328,0.173728,6.546301,1.997791,0.849503,0.459936,3.239071
C2,P1,2,286,5,46,21.352188,39,37748736,0,4656,0,4656,61,13,0.70032,0.210784,0.707519,7.584604,4.675198,1.95152,0.311231,0.646655
C2,P1,2,287,5,47,14.690016,9,18874368,0,4656,0,4656,9,3,0.233152,0.050496,0.35216,7.428988,2.911551,2.628446,0.069152,1.819839
C2,P1,2,288,6,0,26.085572,33,37748736,0,4656,0,4656,53,11,0.613696,0.180096,0.70224,12.18745,4.421374,2.317406,0.459328,4.989342
C2,P1,2,289,6,1,11.965512,9,18874368,0,4656,0,4656,63,3,0.238656,0.051648,0.348096,4.491966,3.418111,1.008703,0.040896,0.024256
C2,P1,2,290,6,2,12.5523,6,18874368,0,4656,0,4656,14,2,0.196416,0.034976,0.350688,6.018589,4.13571,0.087904,0.44368,1.351295
C2,P1,2,291,6,3,10.94505,6,18874368,0,4656,0,4656,26,2,0.20688,0.035264,0.352832,4.546077,2.275871,0.559295,0.234752,1.476159
C2,P1,2,292,6,4,20.960814,33,9437184,0,4656,0,4656,80,11,0.617952,0.180096,0.176512,8.506877,2.164991,2.27056,0.311296,3.76003
C2,P1,2,293,6,5,24.93844,30,9437184,0,4656,0,4656,81,10,0.574496,0.164384,0.17408,12.35385,1.979711,2.997439,0.143744,7.232956
C2,P1,2,294,6,6,21.161621,36,18874368,0,4656,0,4656,74,12,0.672671,0.196928,0.362048,8.181148,2.370911,0.797919,0.420512,4.591806
C2,P1,2,295,6,7,21.89996,27,9437184,0,4656,0,4656,70,9,0.5296,0.148992,0.174048,10.362715,2.170367,0.713248,0.261184,7.217916
C2,P1,2,296,6,8,22.638635,36,28311552,0,4656,0,4656,69,12,0.652192,0.19552,0.534528,8.869403,3.505342,1.219103,0.3472,3.797758
C2,P1,2,297,6,9,18.792433,27,18874368,0,4656,0,4656,72,9,0.519328,0.148576,0.367455,6.807227,2.45715,0.5656,0.028703,3.755774
C2,P1,2,298,6,10,22.552295,30,9437184,0,4656,0,4656,42,10,0.562784,0.164096,0.174112,10.142907,2.154015,1.176607,0.460096,6.352189
C2,P1,2,299,6,11,22.080648,39,18874368,0,4656,0,4656,95,13,0.716832,0.211712,0.349471,7.721724,2.527135,2.171807,0.076192,2.94659
C2,P1,2,300,6,12,19.419637,45,9437184,0,4656,0,4656,80,15,0.808798,0.245311,0.177024,4.812094,2.211487,1.511455,0.330176,0.758976
C2,P1,2,301,6,13,21.815011,48,28311552,0,4656,0,4656,77,16,0.824864,0.258752,0.526816,6.574427,3.323422,1.061407,0.473855,1.715743
C2,P1,2,302,6,14,21.077205,39,18874368,0,4656,0,4656,52,13,0.696448,0.211392,0.36032,7.270046,3.040191,0.782688,0.495936,2.951231
C2,P1,2,303,6,15,24.259679,42,18874368,0,4656,0,4656,63,14,0.750303,0.227264,0.353055,10.002235,4.051838,2.358463,0.531552,3.060382
C2,P1,2,304,6,16,20.828707,39,28311552,0,4656,0,4656,39,13,0.687104,0.209856,0.553856,7.486013,5.628061,0.813632,0.40224,0.64208
C2,P1,2,305,6,17,22.743589,27,28311552,0,4656,0,4656,71,9,0.507968,0.146848,0.52512,10.967963,4.89427,1.771359,0.230848,4.071486
C2,P1,2,306,6,18,20.431835,42,18874368,0,4656,0,4656,70,14,0.737567,0.227199,0.352512,6.394813,2.475423,2.417631,0.271712,1.230047
C2,P1,2,307,6,19,20.429819,36,18874368,0,4656,0,4656,59,12,0.663968,0.195552,0.356256,7.392894,2.878175,2.476287,0.582784,1.455648
C2,P1,2,308,6,20,20.659683,48,18874368,0,4656,0,4656,99,16,0.83891,0.261344,0.348543,4.64227,3.108607,0.0256,0.25632,1.251743
C2,P1,2,309,6,21,18.953758,33,9437184,0,4656,0,4656,66,11,0.600736,0.18,0.174112,6.210653,2.218847,1.267903,0.154176,2.569727
C2,P1,2,310,6,22,13.672755,9,18874368,0,4656,0,4656,21,3,0.243711,0.050752,0.362432,6.433566,2.910303,2.167263,0.176704,1.179296
C2,P1,2,311,6,23,17.53308,15,28311552,0,4656,0,4656,23,5,0.332064,0.083424,0.534399,8.679868,4.871197,0.687584,0.028288,3.092799
C2,P1,2,312,6,24,20.585678,45,18874368,0,4656,0,4656,70,15,0.7952,0.2424,0.348608,5.743645,2.680478,0.02576,0.457856,2.579551
C2,P1,2,313,6,25,24.387189,48,28311552,0,4656,0,4656,86,16,0.850495,0.258719,0.5304,9.061051,4.01619,0.802496,0.407967,3.834398
C2,P1,2,314,6,26,25.893102,48,28311552,0,4656,0,4656,85,16,0.83936,0.259392,0.526207,9.879419,5.737629,1.076319,0.124384,2.941087
C2,P1,2,315,6,27,34.22982,36,18874368,0,4656,0,4656,57,12,0.658336,0.195648,0.348479,21.099926,2.589727,7.496924,1.163104,9.850171
C2,P1,2,316,6,28,27.047577,48,18874368,0,4656,0,4656,83,16,0.853854,0.260351,0.3648,11.631995,3.27971,0.74064,0.371712,7.239933
C2,P1,2,317,6,29,26.002203,12,28311552,0,4656,0,4656,36,4,0.286784,0.067712,0.525312,10.932699,3.835454,2.792191,0.028608,4.276446
C2,P1,2,318,6,30,24.594652,42,18874368,0,4656,0,4656,59,14,0.731456,0.22848,0.349536,8.640987,3.458302,2.77379,0.028,2.380895
C2,P1,2,319,6,31,26.216421,45,28311552,0,4656,0,4656,74,15,0.801855,0.244799,0.5368,10.668762,3.785054,0.781855,0.061408,6.040445
C2,P1,2,320,6,32,11.438935,6,18874368,0,4656,0,4656,8,2,0.191423,0.034559,0.347488,4.669949,2.20819,0.660096,0.03248,1.769183
C2,P1,2,321,6,33,19.888551,30,18874368,0,4656,0,4656,79,10,0.569791,0.16432,0.348096,7.879804,2.937822,1.702879,0.26688,2.972223
C2,P1,2,322,6,34,13.373884,9,28311552,0,4656,0,4656,20,3,0.245503,0.050527,0.528704,6.173981,3.300863,1.793823,0.144288,0.935007
C2,P1,2,323,6,35,21.486888,24,28311552,0,4656,0,4656,89,8,0.471808,0.132032,0.528512,10.647964,5.375358,0.5832,0.260832,4.428574
C2,P1,2,324,6,36,14.857731,9,28311552,0,4656,0,4656,17,3,0.242623,0.050816,0.534656,7.810301,4.803294,0.890752,0.027968,2.088287
C2,P1,2,325,6,37,14.289542,12,28311552,0,4656,0,4656,25,4,0.289695,0.066655,0.529407,6.778813,2.843071,1.154559,0.21904,2.562143
C2,P1,2,326,6,38,18.477698,27,28311552,0,4656,0,4656,55,9,0.529184,0.14752,0.532224,5.803806,2.090943,0.646112,0.326752,2.739999
C2,P1,2,327,6,39,28.652821,12,28311552,0,4656,0,4656,5,4,0.2744,0.066304,0.522751,19.651897,3.581823,8.495645,0.438592,7.135837
C2,P1,2,328,6,40,15.601547,24,28311552,0,4656,0,4656,38,8,0.470528,0.130976,0.535967,5.189439,3.521439,0.410848,0.42896,0.828192
C2,P1,2,329,6,41,13.046537,12,18874368,0,4656,0,4656,8,4,0.278815,0.067232,0.358304,5.068957,2.835327,0.984191,0.2216,1.027839
C2,P1,2,330,6,42,15.5666,9,18874368,0,4656,0,4656,25,3,0.247008,0.05072,0.36016,7.498462,2.979199,2.300767,0.028032,2.190464
C2,P1,2,331,6,43,12.160733,9,18874368,0,4656,0,4656,20,3,0.243008,0.050816,0.351776,5.434653,3.463518,0.439488,0.475551,1.056096
C2,P1,2,332,6,44,20.666231,36,28311552,0,4656,0,4656,59,12,0.66224,0.195968,0.538559,6.672029,3.295678,1.608896,0.301759,1.465696
C2,P1,2,333,6,45,19.783271,12,18874368,0,4656,0,4656,8,4,0.279456,0.066848,0.348,12.300764,2.321983,5.961694,1.228928,2.788159
C2,P1,2,334,6,46,23.350406,33,28311552,0,4656,0,4656,58,11,0.617888,0.179648,0.521792,10.405499,3.767774,1.947615,1.331743,3.358367
C2,P1,2,335,6,47,12.473325,6,18874368,0,4656,0,4656,19,2,0.202816,0.03472,0.359008,5.172382,2.550943,0.037568,0.104544,2.479327
C2,P1,2,336,7,0,31.759331,39,47185920,0,4656,0,4656,44,13,0.690623,0.210144,0.894207,15.879417,5.384253,2.173183,0.028032,8.293949
C2,P1,2,337,7,1,12.849954,9,18874368,0,4656,0,4656,75,3,0.233216,0.051104,0.353984,5.992157,4.21331,0.698944,0.12576,0.954143
C2,P1,2,338,7,2,11.315196,6,18874368,0,4656,0,4656,10,2,0.192576,0.034432,0.356287,4.895487,2.506623,0.731392,0.271392,1.38608
C2,P1,2,339,7,3,12.953406,6,18874368,0,4656,0,4656,18,2,0.200192,0.034624,0.357248,5.915678,2.759007,1.669952,0.093664,1.393055
C2,P1,2,340,7,4,21.85398,33,18874368,0,4656,0,4656,86,11,0.625216,0.179808,0.353824,8.988061,3.021087,0.167488,0.783232,5.016254
C2,P1,2,341,7,5,23.142669,36,9437184,0,4656,0,4656,74,12,0.644032,0.196416,0.17616,9.506652,2.257855,0.986719,0.492352,5.769726
C2,P1,2,342,7,6,22.863804,39,18874368,0,4656,0,4656,85,13,0.708704,0.213632,0.360704,9.146877,4.429086,0.37168,0.40048,3.945631
C2,P1,2,343,7,7,20.899121,27,9437184,0,4656,0,4656,65,9,0.53952,0.148736,0.174272,9.417918,3.526015,0.937248,0.142624,4.812031
C2,P1,2,344,7,8,25.481549,42,28311552,0,4656,0,4656,66,14,0.749856,0.225824,0.546528,10.823132,4.991102,1.290975,0.394272,4.146783
C2,P1,2,345,7,9,19.872585,33,18874368,0,4656,0,4656,76,11,0.619584,0.180064,0.352896,7.583356,2.458303,2.558527,0.336767,2.229759
C2,P1,2,346,7,10,24.172246,30,37748736,0,4656,0,4656,32,10,0.550784,0.162464,0.706848,11.829916,4.725823,2.639583,0.425504,4.039006
C2,P1,2,347,7,11,20.590183,33,18874368,0,4656,0,4656,83,11,0.607488,0.17952,0.360351,7.415901,3.146303,1.632639,0.38608,2.250879
C2,P1,2,348,7,12,24.104864,48,28311552,0,4656,0,4656,91,16,0.857055,0.259616,0.54032,6.076734,4.029599,1.633791,0.029024,0.38432
C2,P1,2,349,7,13,23.577921,51,37748736,0,4656,0,4656,57,17,0.856672,0.273728,0.706144,7.669852,4.046398,1.308863,1.935167,0.379424
C2,P1,2,350,7,14,20.022498,42,18874368,0,4656,0,4656,46,14,0.739264,0.22768,0.360992,5.300381,2.398175,1.040927,0.523744,1.337535
C2,P1,2,351,7,15,20.741571,51,18874368,0,4656,0,4656,69,17,0.883328,0.276544,0.355039,4.150239,2.707839,0.025664,0.03168,1.385056
C2,P1,2,352,7,16,21.847934,33,18874368,0,4656,0,4656,39,11,0.602207,0.1792,0.349696,9.097052,2.600095,0.778336,1.026559,4.692062
C2,P1,2,353,7,17,23.01923,27,28311552,0,4656,0,4656,58,9,0.50304,0.14784,0.522943,10.379388,3.179647,1.076832,0.356896,5.766013
C2,P1,2,354,7,18,21.551438,42,18874368,0,4656,0,4656,71,14,0.73472,0.227296,0.356992,7.147421,3.052222,0.612192,0.195168,3.287839
C2,P1,2,355,7,19,19.169878,42,28311552,0,4656,0,4656,76,14,0.763168,0.2272,0.534208,4.80307,3.185023,0.420031,0.425568,0.772448
C2,P1,2,356,7,20,18.518878,39,18874368,0,4656,0,4656,88,13,0.715071,0.212639,0.354688,4.023551,2.760255,0.871584,0.04192,0.349792
C2,P1,2,357,7,21,20.262118,36,18874368,0,4656,0,4656,69,12,0.6408,0.195584,0.347936,7.213501,2.620095,0.620704,0.571328,3.401374
C2,P1,2,358,7,22,13.30427,12,28311552,0,4656,0,4656,26,4,0.29168,0.066784,0.538016,5.948796,3.219359,1.892223,0.335167,0.502047
C2,P1,2,359,7,23,16.382068,12,18874368,0,4656,0,4656,17,4,0.28512,0.067424,0.350432,8.387133,2.721599,2.098688,0.043104,3.523742
C2,P1,2,360,7,24,28.670388,48,37748736,0,4656,0,4656,65,16,0.835391,0.258976,0.713952,12.537819,6.580317,0.779968,0.317024,4.86051
C2,P1,2,361,7,25,26.760328,45,28311552,0,4656,0,4656,63,15,0.79296,0.243552,0.529504,11.572602,3.899006,1.706751,0.399936,5.566909
C2,P1,2,362,7,26,22.592844,39,28311552,0,4656,0,4656,60,13,0.703583,0.212384,0.527455,7.879837,3.24787,0.972736,0.342112,3.317119
C2,P1,2,363,7,27,22.189285,48,18874368,0,4656,0,4656,58,16,0.837183,0.261184,0.35424,6.483486,2.846559,0.689024,0.125696,2.822207
C2,P1,2,364,7,28,21.176573,51,18874368,0,4656,0,4656,84,17,0.896191,0.274432,0.3552,5.336989,2.793727,0.887903,0.174784,1.480575
C2,P1,2,365,7,29,17.807104,15,28311552,0,4656,0,4656,71,5,0.324351,0.082976,0.529696,8.828667,3.552094,0.976256,0.535135,3.765182
C2,P1,2,366,7,30,24.159908,42,37748736,0,4656,0,4656,56,14,0.739039,0.225887,0.716479,9.08726,4.616254,0.195264,0.434176,3.841566
C2,P1,2,367,7,31,25.684212,39,37748736,0,4656,0,4656,75,13,0.712128,0.212096,0.697504,11.4655,4.583454,0.894752,0.445568,5.541726
C2,P1,2,368,7,32,13.581619,6,18874368,0,4656,0,4656,8,2,0.193504,0.034656,0.351584,6.885086,3.569119,0.980384,0.50224,1.833343
C2,P1,2,369,7,33,28.111703,54,47185920,0,4656,0,4656,96,18,0.941856,0.291488,0.906656,10.557307,5.193662,0.229056,0.336287,4.798302
C2,P1,2,370,7,34,14.461697,9,28311552,0,4656,0,4656,30,3,0.251808,0.050944,0.547648,7.530396,4.485566,1.132383,0.512831,1.399616
C2,P1,2,371,7,35,22.065781,30,37748736,0,4656,0,4656,80,10,0.566816,0.162624,0.716415,9.976123,3.80707,0.790336,0.263456,5.115261
C2,P1,2,372,7,36,12.590528,6,18874368,0,4656,0,4656,4,2,0.186368,0.034624,0.351328,5.254813,2.756255,0.025439,0.02784,2.445279
C2,P1,2,373,7,37,14.922779,15,37748736,0,4656,0,4656,39,5,0.344032,0.082848,0.706656,6.587101,3.604222,1.956991,0.217856,0.808032
C2,P1,2,374,7,38,21.62996,33,47185920,0,4656,0,4656,58,11,0.616544,0.179488,0.89552,8.722077,7.468061,0.841152,0.353376,0.059488
C2,P1,2,375,7,39,24.871784,24,56623104,0,4656,0,4656,22,8,0.458144,0.130016,1.063264,12.343099,7.979229,0.025376,0.264224,4.07427
C2,P1,2,376,7,40,22.836492,27,37748736,0,4656,0,4656,34,9,0.513536,0.1464,0.714848,11.42342,4.781694,1.799807,1.41712,3.424799
C2,P1,2,377,7,41,15.161142,12,18874368,0,4656,0,4656,10,4,0.278688,0.067296,0.353856,7.305662,2.915743,2.413951,0.048736,1.927232
C2,P1,2,378,7,42,18.552115,15,37748736,0,4656,0,4656,30,5,0.340096,0.083616,0.712576,6.431294,3.531679,0.026016,0.028416,2.845183
C2,P1,2,379,7,43,15.770225,12,28311552,0,4656,0,4656,34,4,0.297408,0.066944,0.53312,7.426398,4.289406,0.660224,0.498848,1.97792
C2,P1,2,380,7,44,22.108977,39,47185920,0,4656,0,4656,52,13,0.695743,0.209888,0.888799,7.350686,5.090654,0.765408,0.365568,1.129056
C2,P1,2,381,7,45,13.711125,15,28311552,0,4656,0,4656,19,5,0.331168,0.08368,0.533536,4.687551,3.204607,0.073984,0.079936,1.329024
C2,P1,2,382,7,46,29.385933,51,47185920,0,4656,0,4656,57,17,0.86672,0.274048,0.870368,6.14579,4.903294,0.866016,0.02832,0.34816
C2,P1,2,383,7,47,17.258688,15,37748736,0,4656,0,4656,62,5,0.34016,0.082976,0.718048,8.009629,4.947902,0.743264,0.357824,1.960639
C2,P1,2,384,8,0,36.049934,54,66060288,0,4656,0,4656,47,18,0.901727,0.289407,1.239583,17.714681,13.444506,2.424383,1.592832,0.25296
C2,P1,2,385,8,1,16.990589,18,47185920,0,4656,0,4656,64,6,0.383008,0.098848,0.888064,6.815037,4.777791,1.965631,0.047008,0.024607
C2,P1,2,386,8,2,15.281911,12,37748736,0,4656,0,4656,21,4,0.275648,0.066048,0.698464,7.345405,4.058206,2.242047,0.171424,0.873728
C2,P1,2,387,8,3,12.345224,9,28311552,0,4656,0,4656,17,3,0.243039,0.051199,0.52976,5.149022,3.594142,0.434976,0.501184,0.61872
C2,P1,2,388,8,4,21.837351,45,47185920,0,4656,0,4656,63,15,0.785952,0.242976,0.899904,5.181054,4.78323,0.025376,0.319648,0.0528
C2,P1,2,389,8,5,20.359524,42,37748736,0,4656,0,4656,61,14,0.745118,0.227296,0.714048,4.192479,3.966879,0.02544,0.079776,0.120384
C2,P1,2,390,8,6,18.484786,39,28311552,0,4656,0,4656,64,13,0.709888,0.211008,0.534368,4.047966,3.468671,0.025184,0.251967,0.302144
C2,P1,2,391,8,7,18.932406,39,28311552,0,4656,0,4656,71,13,0.701536,0.211712,0.54272,4.69075,3.225823,0.554912,0.143904,0.766111
C2,P1,2,392,8,8,29.202085,39,37748736,0,4656,0,4656,62,13,0.7008,0.211168,0.710879,14.017657,8.022396,1.433952,0.631647,3.929662
C2,P1,2,393,8,9,28.03322,36,28311552,0,4656,0,4656,72,12,0.671584,0.19616,0.530751,13.775642,6.506109,4.096542,0.373344,2.799647
C2,P1,2,394,8,10,36.507597,39,47185920,0,4656,0,4656,42,13,0.687264,0.210496,0.914079,21.719286,9.052124,6.122781,0.984191,5.56019
C2,P1,2,395,8,11,34.50331,54,56623104,0,4656,0,4656,73,18,0.927424,0.291584,1.108927,17.55225,11.057372,4.900254,0.677024,0.9176
C2,P1,2,396,8,12,34.336487,60,47185920,0,4656,0,4656,99,20,1.03136,0.322848,0.910976,16.407161,9.794044,5.614621,0.60624,0.392256
C2,P1,2,397,8,13,35.387281,60,56623104,0,4656,0,4656,47,20,0.987232,0.322112,1.072895,16.726874,10.54534,4.189183,0.56928,1.423071
C2,P1,2,398,8,14,25.667398,39,37748736,0,4656,0,4656,57,13,0.701792,0.210688,0.714815,10.92166,4.534398,1.14368,0.028352,5.21523
C2,P1,2,399,8,15,41.948361,57,37748736,0,4656,0,4656,66,19,0.966687,0.306239,0.711968,23.881111,6.01779,0.462656,5.208958,12.191707
C2,P1,2,400,8,16,25.255583,42,47185920,0,4656,0,4656,39,14,0.728415,0.225856,0.891072,9.718876,6.223421,0.665952,0.462688,2.366815
C2,P1,2,401,8,17,31.35049,36,47185920,0,4656,0,4656,56,12,0.631072,0.193824,0.8832,16.465401,5.245886,0.025472,0.487584,10.706459
C2,P1,2,402,8,18,22.783238,36,18874368,0,4656,0,4656,58,12,0.64272,0.195424,0.365888,9.052315,3.10883,1.920031,0.127968,3.895486
C2,P1,2,403,8,19,21.841496,39,37748736,0,4656,0,4656,61,13,0.703904,0.209824,0.714016,7.025278,4.099615,0.632159,0.182304,2.1112
C2,P1,2,404,8,20,21.904063,51,28311552,0,4656,0,4656,93,17,0.887648,0.274496,0.522431,4.588893,3.58227,0.025408,0.120511,0.860704
C2,P1,2,405,8,21,25.119058,36,37748736,0,4656,0,4656,77,12,0.654079,0.194912,0.722111,9.894492,4.56515,0.025728,0.070272,5.233342
C2,P1,2,406,8,22,14.553694,9,28311552,0,4656,0,4656,24,3,0.247392,0.050176,0.53264,6.439133,5.012542,0.159232,0.079743,1.187616
C2,P1,2,407,8,23,15.939923,21,47185920,0,4656,0,4656,19,7,0.412768,0.113312,0.89296,5.255422,4.43395,0.025376,0.027616,0.76848
C2,P1,2,408,8,24,24.086707,39,47185920,0,4656,0,4656,46,13,0.686559,0.210143,0.898015,9.081084,5.06051,0.823616,0.592255,2.604703
C2,P1,2,409,8,25,24.804015,54,47185920,0,4656,0,4656,59,18,0.913824,0.289408,0.883392,6.787774,5.33267,0.025856,0.624672,0.804576
C2,P1,2,410,8,26,29.806297,51,47185920,0,4656,0,4656,62,17,0.874016,0.274016,0.891519,11.670972,6.840798,0.025856,0.03584,4.768478
C2,P1,2,411,8,27,31.287549,60,47185920,0,4656,0,4656,61,20,1.003072,0.322176,0.895264,12.595929,5.059198,1.414719,0.161248,5.960764
C2,P1,2,412,8,28,26.676414,60,56623104,0,4656,0,4656,81,20,1.020352,0.322688,1.073983,8.002556,6.484764,0.025504,0.498784,0.993504
C2,P1,2,413,8,29,22.548717,21,47185920,0,4656,0,4656,93,7,0.43312,0.115712,0.892128,11.777498,6.299101,0.509664,0.107744,4.860989
C2,P1,2,414,8,30,23.57268,51,28311552,0,4656,0,4656,65,17,0.861152,0.276064,0.527328,7.925756,4.202558,1.099584,0.591871,2.031743
C2,P1,2,415,8,31,29.160387,39,28311552,0,4656,0,4656,70,13,0.712447,0.212768,0.522304,14.091482,3.826846,1.990464,0.0288,8.245372
C2,P1,2,416,8,32,13.996687,9,28311552,0,4656,0,4656,6,3,0.231488,0.050112,0.528223,6.024124,3.406942,0.02512,0.126304,2.465758
C2,P1,2,417,8,33,27.858493,54,56623104,0,4656,0,4656,103,18,0.935296,0.29088,1.075328,9.594619,6.074397,0.309119,0.148288,3.062815
C2,P1,2,418,8,34,14.356709,12,37748736,0,4656,0,4656,12,4,0.279231,0.06608,0.704256,5.754365,4.062526,0.025472,0.406688,1.259679
C2,P1,2,419,8,35,22.854949,27,47185920,0,4656,0,4656,101,9,0.53296,0.148768,0.887327,10.939386,5.097373,0.568672,0.268384,5.004957
C2,P1,2,420,8,36,12.954082,9,28311552,0,4656,0,4656,31,3,0.252256,0.05056,0.541344,5.418716,2.98003,0.632287,0.028288,1.778111
C2,P1,2,421,8,37,15.349404,15,28311552,0,4656,0,4656,18,5,0.329344,0.083104,0.531583,6.983772,3.601022,0.950911,0.174752,2.257087
C2,P1,2,422,8,38,23.152173,42,56623104,0,4656,0,4656,69,14,0.75552,0.226592,1.068607,8.727772,6.792028,1.131008,0.526592,0.278144
C2,P1,2,423,8,39,28.543682,24,56623104,0,4656,0,4656,11,8,0.449183,0.129216,1.052959,16.68284,5.634269,1.942015,0.279008,8.827548
C2,P1,2,424,8,40,20.831199,27,56623104,0,4656,0,4656,29,9,0.506368,0.146016,1.066815,9.333532,5.421278,0.912064,0.110047,2.890143
C2,P1,2,425,8,41,16.779167,18,28311552,0,4656,0,4656,24,6,0.375455,0.098303,0.542111,7.768155,4.668061,1.206975,0.028928,1.864191
C2,P1,2,426,8,42,20.507241,18,47185920,0,4656,0,4656,23,6,0.371808,0.097888,0.89808,10.79545,5.904413,1.501023,0.028672,3.361342
C2,P1,2,427,8,43,14.172527,12,28311552,0,4656,0,4656,31,4,0.296128,0.06704,0.540864,6.589084,3.141663,1.123199,0.259135,2.065087
C2,P1,2,428,8,44,24.928539,36,37748736,0,4656,0,4656,39,12,0.638976,0.194304,0.723648,9.725691,5.351005,1.954975,0.028448,2.391263
C2,P1,2,429,8,45,20.354952,18,37748736,0,4656,0,4656,21,6,0.373184,0.098304,0.705439,10.422427,4.264414,2.165663,0.413823,3.578527
C2,P1,2,430,8,46,26.563649,51,47185920,0,4656,0,4656,57,17,0.87296,0.273792,0.899936,11.262137,5.130333,1.469439,1.91107,2.751295
C2,P1,2,431,8,47,18.880259,18,47185920,0,4656,0,4656,70,6,0.38976,0.098528,0.904735,9.415067,5.193725,2.350271,0.412896,1.458175
C2,P1,3,0,0,0,88.783154,90,283115520,0,4656,0,4656,6770,30,1.733724,0.552382,5.296821,27.168615,25.995177,1.03283,0.055424,0.085184
C2,P1,3,1,0,1,70.716154,63,198180864,0,4656,0,4656,6101,21,1.295195,0.394845,3.765016,24.085292,21.633394,2.31561,0.0552,0.081088
C2,P1,3,2,0,2,67.026073,51,160432128,0,4656,0,4656,8178,17,1.201948,0.362015,3.055259,22.175728,20.980115,1.041405,0.056832,0.097376
C2,P1,3,3,0,3,70.354874,45,141557760,0,4656,0,4656,7773,15,1.103391,0.329759,2.701978,26.384201,20.867444,5.08415,0.05632,0.376287
C2,P1,3,4,0,4,74.538772,81,254803968,0,4656,0,4656,9844,27,1.738395,0.544607,4.898614,22.661456,21.886097,0.597823,0.053408,0.124128
C2,P1,3,5,0,5,82.600694,84,264241152,0,4656,0,4656,9827,28,1.78262,0.56275,5.057654,24.428909,22.3724,1.883293,0.054464,0.118752
C2,P1,3,6,0,6,83.07526,78,245366784,0,4656,0,4656,9649,26,1.706749,0.541023,4.781398,27.853701,21.950641,5.738548,0.05552,0.108992
C2,P1,3,7,0,7,79.914811,78,245366784,0,4656,0,4656,10216,26,1.716063,0.54096,4.77631,21.443666,20.65266,0.626271,0.053471,0.111264
C2,P1,3,8,0,8,81.130504,81,254803968,0,4656,0,4656,9676,27,1.70646,0.535359,4.93631,24.145483,21.880625,0.864638,1.051741,0.348479
C2,P1,3,9,0,9,84.182588,81,254803968,0,4656,0,4656,9553,27,1.715421,0.539967,4.870966,31.004574,21.905266,0.468415,8.508781,0.122112
C2,P1,3,10,0,10,80.587428,87,273678336,0,4656,0,4656,10285,29,1.825662,0.57552,5.316661,22.57032,22.31816,0.042048,0.054624,0.155488
C2,P1,3,11,0,11,83.40779,87,273678336,0,4656,0,4656,7561,29,1.763164,0.556959,5.284502,24.177518,22.447824,1.581758,0.055104,0.092832
C2,P1,3,12,0,12,84.038033,87,273678336,0,4656,0,4656,9334,29,1.824478,0.570494,5.261365,23.912654,22.604848,1.129438,0.055584,0.122784
C2,P1,3,13,0,13,81.075962,81,254803968,0,4656,0,4656,9730,27,1.723901,0.536446,4.860566,24.541228,22.714128,1.652604,0.054624,0.119872
C2,P1,3,14,0,14,90.280095,78,245366784,0,4656,0,4656,9793,26,1.689244,0.530782,4.65375,40.436972,37.316529,2.079133,0.679743,0.361567
C2,P1,3,15,0,15,78.975622,81,254803968,0,4656,0,4656,9843,27,1.80326,0.560255,4.900182,23.257934,22.433072,0.585342,0.055232,0.184288
C2,P1,3,16,0,16,77.214207,81,254803968,0,4656,0,4656,9139,27,1.713822,0.538688,4.84559,24.319627,22.674928,1.469404,0.055936,0.119359
C2,P1,3,17,0,17,92.396726,87,273678336,0,4656,0,4656,9241,29,1.770202,0.564061,5.187926,34.118904,31.236798,2.705818,0.055904,0.120384
C2,P1,3,18,0,18,90.963621,78,245366784,0,4656,0,4656,9157,26,1.697147,0.526302,4.64575,40.742026,40.083339,0.489727,0.056768,0.112192
C2,P1,3,19,0,19,95.849866,75,235929600,0,4656,0,4656,11320,25,1.688477,0.530624,4.495414,41.504617,39.7531,1.021694,0.597727,0.132096
C2,P1,3,20,0,20,93.34792,78,245366784,0,4656,0,4656,7909,26,1.611675,0.51104,4.65151,42.820806,40.1491,1.33414,0.057216,1.28035
C2,P1,3,21,0,21,102.13994,81,254803968,0,4656,0,4656,9517,27,1.719454,0.5392,4.837973,44.386338,42.204967,2.006364,0.054336,0.120671
C2,P1,3,22,0,22,82.432826,51,160432128,0,4656,0,4656,7715,17,1.198912,0.364768,3.027737,33.991704,32.390875,1.449853,0.057408,0.093568
C2,P1,3,23,0,23,91.891739,66,207618048,0,4656,0,4656,7820,22,1.414909,0.438016,3.932344,37.451793,35.219573,2.078044,0.056672,0.097504
C2,P1,3,24,0,24,98.167475,84,264241152,0,4656,0,4656,8734,28,1.759772,0.550144,4.994357,45.422623,43.124581,2.132315,0.0552,0.110527
C2,P1,3,25,0,25,98.462631,81,254803968,0,4656,0,4656,9172,27,1.725085,0.548736,4.803701,42.181318,41.262537,0.747966,0.055552,0.115263
C2,P1,3,26,0,26,97.664802,81,254803968,0,4656,0,4656,9672,27,1.751932,0.550303,4.80735,44.428833,42.350022,1.901341,0.055583,0.121887
C2,P1,3,27,0,27,104.608222,81,254803968,0,4656,0,4656,10214,27,1.764444,0.554751,4.835702,46.372958,43.220933,1.581917,1.405533,0.164575
C2,P1,3,28,0,28,96.468629,78,245366784,0,4656,0,4656,8671,26,1.642494,0.506591,4.68367,45.104,41.783943,1.697596,1.388317,0.234144
C2,P1,3,29,0,29,88.545783,63,198180864,0,4656,0,4656,6455,21,1.31878,0.403808,3.762072,38.998414,37.419345,1.374461,0.057568,0.14704
C2,P1,3,30,0,30,118.408694,81,254803968,0,4656,0,4656,8487,27,1.722205,0.538622,4.801333,59.91853,59.07114,0.691646,0.055072,0.100672
C2,P1,3,31,0,31,93.46201,78,245366784,0,4656,0,4656,10739,26,1.741534,0.537919,4.64543,45.191746,42.551686,1.028191,1.483773,0.128096
C2,P1,3,32,0,32,92.087947,51,160432128,0,4656,0,4656,7164,17,1.18115,0.362912,3.041306,47.47686,33.660569,13.672739,0.05824,0.085312
C2,P1,3,33,0,33,100.331307,81,254803968,0,4656,0,4656,7738,27,1.67145,0.516735,4.81791,42.243464,41.638536,0.45824,0.056736,0.089952
C2,P1,3,34,0,34,91.497033,57,179306496,0,4656,0,4656,7431,19,1.270462,0.380799,3.394649,43.81178,36.062804,7.29288,0.054528,0.401568
C2,P1,3,35,0,35,85.051072,66,207618048,0,4656,0,4656,7777,22,1.421433,0.445822,3.943896,36.757937,35.787924,0.820542,0.056127,0.093344
C2,P1,3,36,0,36,75.695478,42,132120576,0,4656,0,4656,7384,14,1.037246,0.30432,2.498267,31.199197,30.44816,0.447262,0.058432,0.245343
C2,P1,3,37,0,37,74.014746,48,150994944,0,4656,0,4656,7678,16,1.136925,0.342239,2.868441,32.713146,30.989822,1.570909,0.056672,0.095743
C2,P1,3,38,0,38,86.779227,60,188743680,0,4656,0,4656,8358,20,1.350749,0.41376,3.580952,41.763816,34.830326,6.283091,0.547551,0.102848
C2,P1,3,39,0,39,86.04714,57,179306496,0,4656,0,4656,9820,19,1.358235,0.41456,3.409752,38.42203,37.238066,0.997373,0.056736,0.129855
C2,P1,3,40,0,40,88.992629,63,198180864,0,4656,0,4656,7355,21,1.367934,0.413536,3.744153,38.104944,37.476049,0.482943,0.055968,0.089984
C2,P1,3,41,0,41,85.000857,54,169869312,0,4656,0,4656,6548,18,1.174333,0.352543,3.213785,36.300948,34.883478,1.229182,0.055744,0.132544
C2,P1,3,42,0,42,83.160618,54,169869312,0,4656,0,4656,7587,18,1.225053,0.364766,3.236889,35.953652,35.170582,0.624542,0.056224,0.102304
C2,P1,3,43,0,43,75.198514,48,150994944,0,4656,0,4656,8628,16,1.155903,0.339392,2.906139,35.614004,33.749529,0.82611,0.919262,0.119103
C2,P1,3,44,0,44,92.908732,72,226492416,0,4656,0,4656,10233,24,1.582364,0.486399,4.281239,42.242568,39.394317,2.317372,0.404959,0.12592
C2,P1,3,45,0,45,80.135955,48,150994944,0,4656,0,4656,8956,16,1.185726,0.348319,2.873946,33.799577,31.894077,1.744572,0.055168,0.10576
C2,P1,3,46,0,46,88.296875,63,198180864,0,4656,0,4656,8893,21,1.417563,0.4376,3.766712,37.991152,36.276916,1.406621,0.055616,0.251999
C2,P1,3,47,0,47,82.247366,48,150994944,0,4656,0,4656,8415,16,1.150876,0.336575,2.836379,38.986158,31.855453,6.973009,0.053504,0.104192
C2,P1,3,48,1,0,14.465067,9,18874368,0,4656,0,4656,22,3,0.245855,0.052128,0.352223,5.016663,2.95385,1.453822,0.091104,0.517887
C2,P1,3,49,1,1,8.95131,0,0,0,4656,0,4656,0,0,0.001248,0.0,0.0,4.949814,1.19267,0.024896,0.090592,3.641656
C2,P1,3,50,1,2,7.195384,0,0,0,4656,0,4656,0,0,0.00128,0.0,0.0,3.817272,1.05651,0.487166,0.02768,2.245916
C2,P1,3,51,1,3,7.679601,0,0,0,4656,0,4656,0,0,0.00144,0.0,0.0,4.226968,1.014142,0.548479,0.027552,2.636795
C2,P1,3,52,1,4,13.692064,9,9437184,0,4656,0,4656,34,3,0.231264,0.051392,0.186847,4.252119,1.81446,2.385531,0.028384,0.023744
C2,P1,3,53,1,5,18.878935,27,18874368,0,4656,0,4656,106,9,0.521086,0.150176,0.350655,4.142872,2.397275,0.024736,1.694973,0.025888
C2,P1,3,54,1,6,13.57686,9,0,0,4656,0,4656,72,3,0.230976,0.05264,0.0,4.795892,0.366847,0.025184,0.02848,4.375381
C2,P1,3,55,1,7,20.312397,15,9437184,0,4656,0,4656,86,5,0.327071,0.085535,0.174047,11.581577,2.82217,6.439219,1.258878,1.06131
C2,P1,3,56,1,8,14.518324,21,9437184,0,4656,0,4656,67,7,0.419872,0.116608,0.177856,2.945529,2.257211,0.63475,0.028512,0.025056
C2,P1,3,57,1,9,12.707158,9,0,0,4656,0,4656,30,3,0.234751,0.052191,0.0,3.975256,1.966652,1.716796,0.267776,0.024032
C2,P1,3,58,1,10,13.414547,21,9437184,0,4656,0,4656,132,7,0.415424,0.117728,0.174367,2.221211,1.864156,0.024864,0.033568,0.298623
C2,P1,3,59,1,11,13.219467,12,0,0,4656,0,4656,45,4,0.293695,0.069024,0.0,3.127546,1.364381,0.077408,1.661853,0.023904
C2,P1,3,60,1,12,14.116985,15,9437184,0,4656,0,4656,78,5,0.334975,0.084991,0.17696,3.675544,2.681082,0.939902,0.028704,0.025856
C2,P1,3,61,1,13,13.585479,12,9437184,0,4656,0,4656,53,4,0.285504,0.068896,0.173472,3.771608,1.658652,0.114336,0.435072,1.563548
C2,P1,3,62,1,14,15.377003,21,9437184,0,4656,0,4656,115,7,0.424831,0.11792,0.173631,2.170523,1.569565,0.547422,0.028,0.025536
C2,P1,3,63,1,15,17.219071,21,9437184,0,4656,0,4656,113,7,0.430079,0.117312,0.17392,4.687926,1.861212,2.396539,0.404895,0.02528
C2,P1,3,64,1,16,13.695793,15,9437184,0,4656,0,4656,79,5,0.33088,0.085152,0.173536,3.410616,2.58921,0.395071,0.400767,0.025568
C2,P1,3,65,1,17,13.240882,21,9437184,0,4656,0,4656,99,7,0.415871,0.116768,0.173439,1.924731,1.515517,0.067168,0.02816,0.313886
C2,P1,3,66,1,18,17.157821,21,9437184,0,4656,0,4656,143,7,0.422238,0.118528,0.179264,4.182423,2.03654,1.348061,0.772222,0.0256
C2,P1,3,67,1,19,27.054082,30,9437184,0,4656,0,4656,107,10,0.555296,0.164416,0.1736,14.912416,2.102395,12.064998,0.418687,0.326336
C2,P1,3,68,1,20,17.446621,21,18874368,0,4656,0,4656,81,7,0.420352,0.117344,0.355295,3.729879,3.115994,0.504126,0.028128,0.081631
C2,P1,3,69,1,21,16.963062,24,0,0,4656,0,4656,171,8,0.482751,0.135712,0.0,3.956376,1.530845,2.320987,0.078368,0.026176
C2,P1,3,70,1,22,11.084054,3,9437184,0,4656,0,4656,6,1,0.139296,0.016928,0.183232,5.164631,3.005914,1.191486,0.027552,0.939679
C2,P1,3,71,1,23,12.590141,15,18874368,0,4656,0,4656,117,5,0.322816,0.085056,0.347647,3.573625,2.331004,1.065405,0.028096,0.14912
C2,P1,3,72,1,24,17.492519,21,9437184,0,4656,0,4656,145,7,0.423776,0.117088,0.173632,4.379414,2.031868,2.236155,0.085888,0.025503
C2,P1,3,73,1,25,12.628462,12,9437184,0,4656,0,4656,121,4,0.278815,0.068671,0.175519,3.789111,3.107385,0.337727,0.318975,0.025024
C2,P1,3,74,1,26,13.029576,21,9437184,0,4656,0,4656,113,7,0.423007,0.116991,0.173663,3.210011,2.029212,0.455008,0.035008,0.690783
C2,P1,3,75,1,27,19.021362,27,9437184,0,4656,0,4656,170,9,0.514654,0.150752,0.173791,3.848598,2.060027,1.711708,0.050464,0.026399
C2,P1,3,76,1,28,15.757788,15,9437184,0,4656,0,4656,128,5,0.322784,0.085312,0.17456,4.715863,2.09206,2.558779,0.03984,0.025184
C2,P1,3,77,1,29,14.077658,12,18874368,0,4656,0,4656,76,4,0.282304,0.068544,0.352703,6.026931,2.976282,0.024928,0.575967,2.449754
C2,P1,3,78,1,30,16.28966,21,18874368,0,4656,0,4656,137,7,0.43555,0.117759,0.357856,5.736275,2.779258,0.697758,0.031296,2.227963
C2,P1,3,79,1,31,18.32772,30,18874368,0,4656,0,4656,123,10,0.563423,0.166144,0.355391,3.632729,2.594587,0.71939,0.090112,0.22864
C2,P1,3,80,1,32,10.345806,0,0,0,4656,0,4656,0,0,0.00144,0.0,0.0,6.560305,1.195325,2.111324,0.410847,2.842809
C2,P1,3,81,1,33,11.598256,15,9437184,0,4656,0,4656,154,5,0.329344,0.085024,0.1736,1.841885,1.678013,0.030432,0.028,0.10544
C2,P1,3,82,1,34,9.231585,3,9437184,0,4656,0,4656,27,1,0.137184,0.017344,0.176543,2.427099,1.716733,0.659934,0.028192,0.02224
C2,P1,3,83,1,35,12.752019,15,9437184,0,4656,0,4656,41,5,0.324734,0.08451,0.177983,3.741817,2.231324,1.13155,0.353727,0.025216
C2,P1,3,84,1,36,10.060983,0,0,0,4656,0,4656,0,0,0.001472,0.0,0.0,6.283154,1.327677,2.024796,0.028192,2.902489
C2,P1,3,85,1,37,10.101421,3,0,0,4656,0,4656,32,1,0.136351,0.018271,0.0,4.456535,2.03078,0.611134,0.399711,1.41491
C2,P1,3,86,1,38,12.683663,9,9437184,0,4656,0,4656,19,3,0.244448,0.052,0.173695,2.236348,1.804156,0.261536,0.146912,0.023744
C2,P1,3,87,1,39,15.823652,15,9437184,0,4656,0,4656,73,5,0.327296,0.084416,0.177951,5.197813,3.559832,1.419006,0.193727,0.025248
C2,P1,3,88,1,40,11.451154,3,9437184,0,4656,0,4656,12,1,0.144352,0.017472,0.182848,4.949492,1.579676,0.692862,0.028128,2.648826
C2,P1,3,89,1,41,11.162964,6,18874368,0,4656,0,4656,38,2,0.193311,0.035072,0.351967,2.898715,2.327451,0.077344,0.033344,0.460576
C2,P1,3,90,1,42,12.86243,6,9437184,0,4656,0,4656,13,2,0.196927,0.03536,0.173536,6.185267,2.926554,0.801022,0.457215,2.000476
C2,P1,3,91,1,43,11.896856,3,9437184,0,4656,0,4656,27,1,0.137951,0.017536,0.17632,4.905397,1.527517,0.27667,0.028032,3.073178
C2,P1,3,92,1,44,16.442444,15,9437184,0,4656,0,4656,87,5,0.336509,0.084543,0.174976,5.90703,2.024732,2.406493,0.551392,0.924413
C2,P1,3,93,1,45,14.88331,9,9437184,0,4656,0,4656,63,3,0.236,0.0528,0.173504,6.222865,3.436312,2.283867,0.028096,0.47459
C2,P1,3,94,1,46,14.73825,15,9437184,0,4656,0,4656,51,5,0.327072,0.084416,0.17344,5.717588,2.341435,0.458591,0.395808,2.521754
C2,P1,3,95,1,47,15.256176,6,9437184,0,4656,0,4656,17,2,0.199552,0.034752,0.178496,7.870222,1.948539,5.854451,0.044064,0.023168
C2,P1,3,96,2,0,17.378064,21,9437184,0,4656,0,4656,31,7,0.425503,0.11696,0.173568,3.888536,2.0007,1.812572,0.046848,0.028416
C2,P1,3,97,2,1,13.170762,3,9437184,0,4656,0,4656,8,1,0.141087,0.017216,0.174464,7.257489,1.814716,3.329241,1.910588,0.202944
C2,P1,3,98,2,2,11.614997,3,9437184,0,4656,0,4656,2,1,0.135616,0.017024,0.177215,6.239024,1.988059,1.913435,0.373695,1.963835
C2,P1,3,99,2,3,9.330767,3,9437184,0,4656,0,4656,28,1,0.135936,0.01728,0.173983,2.329083,1.493885,0.751326,0.060864,0.023008
C2,P1,3,100,2,4,17.744611,21,18874368,0,4656,0,4656,94,7,0.438143,0.116736,0.3576,4.185271,2.516123,0.025728,0.426847,1.216573
C2,P1,3,101,2,5,18.072003,30,18874368,0,4656,0,4656,103,10,0.55072,0.165216,0.356575,3.675641,2.568123,1.054078,0.028352,0.025088
C2,P1,3,102,2,6,24.784579,27,28311552,0,4656,0,4656,122,9,0.509662,0.148544,0.53219,13.364229,3.795897,5.765204,0.237376,3.565752
C2,P1,3,103,2,7,20.628735,33,28311552,0,4656,0,4656,106,11,0.622047,0.180832,0.547999,8.112303,3.327001,1.24838,0.652447,2.884475
C2,P1,3,104,2,8,21.179354,27,37748736,0,4656,0,4656,121,9,0.51856,0.147264,0.715935,8.328398,4.493302,1.43107,0.027936,2.37609
C2,P1,3,105,2,9,21.918411,39,47185920,0,4656,0,4656,87,13,0.676796,0.211647,0.89587,9.31262,6.658898,0.0248,0.146432,2.48249
C2,P1,3,106,2,10,18.269985,36,28311552,0,4656,0,4656,109,12,0.636637,0.197437,0.529375,6.362227,4.887478,1.420925,0.028864,0.02496
C2,P1,3,107,2,11,18.216114,24,18874368,0,4656,0,4656,50,8,0.462335,0.130784,0.367584,8.37688,2.689434,0.955359,0.028064,4.704023
C2,P1,3,108,2,12,19.233124,30,28311552,0,4656,0,4656,53,10,0.56592,0.164736,0.544063,8.462253,3.984376,0.736254,0.03248,3.709143
C2,P1,3,109,2,13,19.050384,21,28311552,0,4656,0,4656,68,7,0.413504,0.116,0.529406,9.539468,3.644504,1.02563,0.028352,4.840982
C2,P1,3,110,2,14,16.885583,33,9437184,0,4656,0,4656,136,11,0.607327,0.18272,0.178528,2.782299,2.058044,0.093376,0.02864,0.602239
C2,P1,3,111,2,15,19.781576,33,18874368,0,4656,0,4656,112,11,0.605088,0.181344,0.348095,5.266453,2.674682,1.347582,0.027968,1.216221
C2,P1,3,112,2,16,22.630127,30,18874368,0,4656,0,4656,79,10,0.552893,0.164766,0.348511,6.360083,2.499547,3.807576,0.02816,0.0248
C2,P1,3,113,2,17,20.392412,36,18874368,0,4656,0,4656,126,12,0.631648,0.196512,0.350784,3.891608,2.776506,0.937566,0.028768,0.148768
C2,P1,3,114,2,18,18.171799,27,9437184,0,4656,0,4656,135,9,0.523808,0.150304,0.177536,5.863124,2.189499,2.4631,0.028192,1.182333
C2,P1,3,115,2,19,19.108981,36,0,0,4656,0,4656,133,12,0.665406,0.198591,0.0,4.50543,2.392091,2.060027,0.028192,0.02512
C2,P1,3,116,2,20,19.633854,15,18874368,0,4656,0,4656,63,5,0.329312,0.085024,0.356383,9.577133,4.978966,0.827839,0.02816,3.742168
C2,P1,3,117,2,21,20.846238,45,18874368,0,4656,0,4656,146,15,0.778368,0.245472,0.347231,5.314452,3.095322,2.047515,0.146208,0.025407
C2,P1,3,118,2,22,15.985836,6,18874368,0,4656,0,4656,16,2,0.198463,0.03488,0.352927,8.776207,3.682425,2.039644,0.450527,2.603611
C2,P1,3,119,2,23,17.58375,12,9437184,0,4656,0,4656,72,4,0.291488,0.068832,0.17376,9.023757,3.453337,3.221337,0.405983,1.9431
C2,P1,3,120,2,24,26.070933,33,37748736,0,4656,0,4656,110,11,0.629116,0.181407,0.710623,11.064776,7.28136,2.934202,0.517855,0.331359
C2,P1,3,121,2,25,26.467725,21,18874368,0,4656,0,4656,116,7,0.418463,0.1176,0.352479,16.767004,4.799958,5.567892,0.515647,5.883507
C2,P1,3,122,2,26,23.741378,30,28311552,0,4656,0,4656,106,10,0.561342,0.165536,0.527263,11.970855,5.622676,4.254775,0.449759,1.643645
C2,P1,3,123,2,27,30.504987,39,18874368,0,4656,0,4656,164,13,0.712544,0.215008,0.354591,11.258344,5.230645,5.206324,0.484191,0.337184
C2,P1,3,124,2,28,26.011476,24,18874368,0,4656,0,4656,115,8,0.459197,0.133981,0.354015,15.169408,5.475029,5.646709,1.054589,2.993081
C2,P1,3,125,2,29,16.58767,15,18874368,0,4656,0,4656,86,5,0.332767,0.085343,0.360127,6.058261,2.726458,1.674846,0.028288,1.628669
C2,P1,3,126,2,30,20.636653,30,18874368,0,4656,0,4656,124,10,0.565503,0.164672,0.348095,4.405687,2.586267,0.796926,0.99795,0.024544
C2,P1,3,127,2,31,23.626397,42,9437184,0,4656,0,4656,114,14,0.753021,0.229504,0.179104,5.974931,3.585304,2.335771,0.028096,0.02576
C2,P1,3,128,2,32,12.664226,3,9437184,0,4656,0,4656,24,1,0.136768,0.018016,0.176768,5.872436,2.314779,2.711802,0.028416,0.817439
C2,P1,3,129,2,33,24.058354,30,37748736,0,4656,0,4656,110,10,0.546336,0.164992,0.708479,7.177491,6.665811,0.381376,0.02848,0.101824
C2,P1,3,130,2,34,23.572583,3,9437184,0,4656,0,4656,2,1,0.135424,0.016704,0.173504,17.824603,4.352279,8.701517,1.678461,3.092346
C2,P1,3,131,2,35,16.225334,21,18874368,0,4656,0,4656,42,7,0.414623,0.117151,0.357119,4.692055,2.852315,1.786972,0.028064,0.024704
C2,P1,3,132,2,36,9.208631,3,9437184,0,4656,0,4656,18,1,0.1376,0.017824,0.173567,2.694907,1.576893,0.624959,0.028416,0.464639
C2,P1,3,133,2,37,11.916678,6,9437184,0,4656,0,4656,56,2,0.187712,0.03584,0.1736,4.673814,3.298937,1.322909,0.028608,0.02336
C2,P1,3,134,2,38,12.839249,9,9437184,0,4656,0,4656,17,3,0.239007,0.0512,0.174272,3.432409,1.739645,0.024864,0.02832,1.63958
C2,P1,3,135,2,39,16.381528,24,18874368,0,4656,0,4656,99,8,0.485823,0.133312,0.347136,3.494106,2.704442,0.350336,0.028288,0.41104
C2,P1,3,136,2,40,14.325388,6,0,0,4656,0,4656,12,2,0.19552,0.035872,0.0,7.436019,1.455389,2.389148,1.662749,1.928733
C2,P1,3,137,2,41,14.41544,6,9437184,0,4656,0,4656,9,2,0.191808,0.035168,0.181951,6.782834,1.715037,2.435258,0.114208,2.518331
C2,P1,3,138,2,42,14.252049,6,9437184,0,4656,0,4656,6,2,0.191008,0.0344,0.174015,6.022066,3.65612,0.025407,0.027712,2.312827
C2,P1,3,139,2,43,11.405351,3,9437184,0,4656,0,4656,6,1,0.140512,0.017152,0.17376,5.658291,1.978812,1.015806,0.662302,2.001371
C2,P1,3,140,2,44,15.432426,18,9437184,0,4656,0,4656,79,6,0.371774,0.100799,0.175423,4.217494,2.570778,0.566495,0.028384,1.051837
C2,P1,3,141,2,45,17.373151,15,9437184,0,4656,0,4656,47,5,0.329279,0.084736,0.1776,4.712023,2.369883,2.270364,0.046112,0.025664
C2,P1,3,142,2,46,27.083312,18,9437184,0,4656,0,4656,39,6,0.376991,0.10016,0.180351,15.309824,7.774288,0.544127,2.512507,4.478902
C2,P1,3,143,2,47,12.866376,6,9437184,0,4656,0,4656,26,2,0.19024,0.035552,0.176224,4.637879,2.393819,2.028092,0.1928,0.023168
C2,P1,3,144,3,0,22.766338,42,28311552,0,4656,0,4656,31,14,0.718239,0.228543,0.525119,5.172694,3.448569,1.670557,0.028,0.025568
C2,P1,3,145,3,1,10.568922,3,9437184,0,4656,0,4656,11,1,0.144384,0.01744,0.17408,4.440343,1.979644,1.291198,0.454654,0.714847
C2,P1,3,146,3,2,10.358249,3,9437184,0,4656,0,4656,13,1,0.14672,0.017632,0.1768,4.275766,2.984377,0.972797,0.028384,0.290208
C2,P1,3,147,3,3,9.290741,3,9437184,0,4656,0,4656,17,1,0.137983,0.017984,0.177152,2.393467,1.892188,0.449567,0.02816,0.023552
C2,P1,3,148,3,4,21.5004,27,18874368,0,4656,0,4656,84,9,0.534687,0.149791,0.351423,6.207859,3.641336,2.134556,0.406815,0.025152
C2,P1,3,149,3,5,25.322047,33,28311552,0,4656,0,4656,89,11,0.604895,0.181663,0.532927,6.131411,3.604057,2.411898,0.048864,0.066592
C2,P1,3,150,3,6,19.125793,30,9437184,0,4656,0,4656,102,10,0.57987,0.165375,0.184384,3.736536,2.313371,1.309021,0.027808,0.086336
C2,P1,3,151,3,7,19.619892,33,9437184,0,4656,0,4656,92,11,0.616734,0.182271,0.180735,3.574681,2.128603,1.078878,0.028192,0.339008
C2,P1,3,152,3,8,21.340215,36,28311552,0,4656,0,4656,72,12,0.668192,0.198208,0.544159,4.678422,3.534201,1.073885,0.02784,0.042496
C2,P1,3,153,3,9,18.058074,27,18874368,0,4656,0,4656,55,9,0.513343,0.148992,0.352927,4.202295,2.902202,1.02675,0.060256,0.213087
C2,P1,3,154,3,10,21.140914,39,28311552,0,4656,0,4656,95,13,0.71075,0.215104,0.531934,4.229783,3.374265,0.729342,0.028704,0.097472
C2,P1,3,155,3,11,20.816688,33,28311552,0,4656,0,4656,44,11,0.591647,0.179903,0.540799,3.884407,3.185625,0.628031,0.046336,0.024415
C2,P1,3,156,3,12,17.481229,27,18874368,0,4656,0,4656,54,9,0.524508,0.149535,0.350431,4.155224,2.95993,0.561567,0.609343,0.024384
C2,P1,3,157,3,13,19.833479,30,28311552,0,4656,0,4656,45,10,0.535488,0.163776,0.530527,5.987124,3.326745,1.557437,0.611839,0.491103
C2,P1,3,158,3,14,19.063241,33,18874368,0,4656,0,4656,99,11,0.63344,0.181472,0.358143,4.672918,3.082042,1.012509,0.028416,0.549951
C2,P1,3,159,3,15,18.930915,42,18874368,0,4656,0,4656,108,14,0.774559,0.230751,0.355232,4.47116,2.752794,1.18339,0.104288,0.430688
C2,P1,3,160,3,16,19.108831,39,18874368,0,4656,0,4656,53,13,0.683774,0.213088,0.347551,4.308631,2.785082,1.360126,0.027519,0.135904
C2,P1,3,161,3,17,20.251255,45,18874368,0,4656,0,4656,102,15,0.812895,0.244768,0.347007,4.827478,2.999417,1.468158,0.048096,0.311807
C2,P1,3,162,3,18,16.660835,30,9437184,0,4656,0,4656,110,10,0.569568,0.165792,0.173536,4.336153,1.969884,1.484286,0.166304,0.715679
C2,P1,3,163,3,19,19.808451,36,0,0,4656,0,4656,97,12,0.670525,0.199007,0.0,4.819381,1.507293,3.258745,0.028256,0.025087
C2,P1,3,164,3,20,19.188585,24,9437184,0,4656,0,4656,43,8,0.47635,0.132127,0.174592,7.207792,2.423643,2.264347,0.54627,1.973532
C2,P1,3,165,3,21,21.581075,42,18874368,0,4656,0,4656,117,14,0.785118,0.229119,0.352799,5.373107,2.684762,2.399034,0.238783,0.050528
C2,P1,3,166,3,22,13.898484,9,18874368,0,4656,0,4656,63,3,0.252448,0.051808,0.347487,5.837139,2.85129,2.505243,0.028639,0.451967
C2,P1,3,167,3,23,19.701782,15,18874368,0,4656,0,4656,96,5,0.325664,0.085088,0.350079,8.821743,2.609371,6.159572,0.028288,0.024512
C2,P1,3,168,3,24,21.10918,30,9437184,0,4656,0,4656,84,10,0.591677,0.16496,0.175263,4.654839,3.398521,0.753503,0.478207,0.024608
C2,P1,3,169,3,25,21.078456,36,18874368,0,4656,0,4656,80,12,0.667359,0.198015,0.357952,6.091955,4.993238,0.882173,0.191648,0.024896
C2,P1,3,170,3,26,22.802363,39,28311552,0,4656,0,4656,82,13,0.721983,0.213632,0.534718,6.119188,4.409111,1.630365,0.055008,0.024704
C2,P1,3,171,3,27,22.452995,54,9437184,0,4656,0,4656,113,18,0.943423,0.294304,0.173472,4.868341,2.008092,2.494746,0.028224,0.337279
C2,P1,3,172,3,28,21.878878,42,18874368,0,4656,0,4656,72,14,0.742558,0.228928,0.353215,7.038899,2.769691,1.380446,0.043904,2.844858
C2,P1,3,173,3,29,16.491839,21,18874368,0,4656,0,4656,82,7,0.445184,0.11712,0.347391,5.100373,2.775162,0.651071,0.028608,1.645532
C2,P1,3,174,3,30,28.782797,30,9437184,0,4656,0,4656,94,10,0.582304,0.164256,0.179231,15.632896,4.110295,6.819123,2.351003,2.352475
C2,P1,3,175,3,31,18.388143,39,9437184,0,4656,0,4656,89,13,0.69747,0.213279,0.184927,2.995419,2.353371,0.58896,0.027968,0.02512
C2,P1,3,176,3,32,11.358861,6,18874368,0,4656,0,4656,29,2,0.207263,0.034656,0.350719,4.29692,2.484411,0.213792,0.04448,1.554237
C2,P1,3,177,3,33,20.994669,36,28311552,0,4656,0,4656,74,12,0.665694,0.196128,0.530335,5.236949,3.639288,1.321341,0.029312,0.247008
C2,P1,3,178,3,34,11.747151,3,9437184,0,4656,0,4656,11,1,0.144,0.017088,0.173568,4.933781,2.367579,1.353566,0.157695,1.054941
C2,P1,3,179,3,35,18.838347,21,28311552,0,4656,0,4656,26,7,0.420831,0.116448,0.534015,5.691893,5.131797,0.498784,0.036544,0.024768
C2,P1,3,180,3,36,11.360583,3,9437184,0,4656,0,4656,4,1,0.1368,0.016544,0.177215,5.386741,2.209979,0.422879,0.304703,2.44918
C2,P1,3,181,3,37,14.427426,9,18874368,0,4656,0,4656,20,3,0.244831,0.052448,0.368031,1.411229,0.005216,0.025151,0.338112,1.04275
C2,P1,3,182,3,38,16.523315,18,28311552,0,4656,0,4656,9,6,0.363263,0.100319,0.535999,4.027833,3.354521,0.476992,0.028032,0.168288
C2,P1,3,183,3,39,21.712474,27,28311552,0,4656,0,4656,93,9,0.536671,0.149824,0.538079,6.951889,3.519672,2.539483,0.615678,0.277056
C2,P1,3,184,3,40,15.827953,15,28311552,0,4656,0,4656,10,5,0.322303,0.084288,0.529119,4.981207,3.417465,1.461438,0.078112,0.024192
C2,P1,3,185,3,41,16.003967,12,18874368,0,4656,0,4656,36,4,0.299071,0.068032,0.355584,6.36821,2.873242,2.794618,0.675486,0.024864
C2,P1,3,186,3,42,15.752884,6,18874368,0,4656,0,4656,2,2,0.180768,0.034624,0.358335,6.553843,4.142135,0.48336,0.056256,1.872092
C2,P1,3,187,3,43,17.207362,3,9437184,0,4656,0,4656,1,1,0.132512,0.016992,0.173632,7.028466,3.405049,3.572505,0.028096,0.022816
C2,P1,3,188,3,44,18.730614,27,9437184,0,4656,0,4656,56,9,0.515391,0.147551,0.17344,5.077364,2.094139,0.025248,1.415133,1.542844
C2,P1,3,189,3,45,13.798366,12,0,0,4656,0,4656,44,4,0.284256,0.069696,0.0,5.164341,1.470397,1.090685,0.028288,2.574971
C2,P1,3,190,3,46,17.328181,21,9437184,0,4656,0,4656,44,7,0.41872,0.116448,0.173407,3.097912,2.250715,0.661342,0.028256,0.157599
C2,P1,3,191,3,47,16.374739,12,18874368,0,4656,0,4656,85,4,0.277983,0.068959,0.351711,5.6549,2.932218,2.669434,0.028768,0.02448
C2,P1,3,192,4,0,24.304239,39,37748736,0,4656,0,4656,47,13,0.691744,0.212544,0.698207,7.894769,4.454582,1.728574,0.469792,1.241821
C2,P1,3,193,4,1,10.755578,3,9437184,0,4656,0,4656,7,1,0.141152,0.017312,0.174111,4.199446,2.226011,0.591871,0.540254,0.84131
C2,P1,3,194,4,2,11.303138,3,9437184,0,4656,0,4656,22,1,0.138112,0.017792,0.17728,4.103798,1.829308,1.919452,0.33219,0.022848
C2,P1,3,195,4,3,10.331773,3,9437184,0,4656,0,4656,16,1,0.145984,0.017632,0.1768,3.980599,1.645948,0.025216,0.349311,1.960124
C2,P1,3,196,4,4,20.279737,27,28311552,0,4656,0,4656,51,9,0.522143,0.149472,0.533023,4.015448,3.432857,0.222304,0.027968,0.332319
C2,P1,3,197,4,5,20.494087,27,18874368,0,4656,0,4656,73,9,0.543167,0.148704,0.356223,4.01199,2.797019,0.875677,0.028479,0.310815
C2,P1,3,198,4,6,18.180069,27,9437184,0,4656,0,4656,71,9,0.514975,0.148352,0.179136,3.292665,2.334139,0.599167,0.028032,0.331327
C2,P1,3,199,4,7,21.170322,30,9437184,0,4656,0,4656,70,10,0.570815,0.165375,0.182944,5.270196,2.084251,1.795292,1.078142,0.312511
C2,P1,3,200,4,8,22.160554,27,18874368,0,4656,0,4656,37,9,0.51296,0.148896,0.361184,5.846964,2.958682,0.025184,0.028288,2.83481
C2,P1,3,201,4,9,18.818999,24,18874368,0,4656,0,4656,37,8,0.470048,0.132736,0.360511,4.409877,3.239321,0.93123,0.028128,0.211198
C2,P1,3,202,4,10,19.637018,27,18874368,0,4656,0,4656,92,9,0.532926,0.150206,0.356672,4.144185,2.771995,1.318494,0.028416,0.02528
C2,P1,3,203,4,11,19.916568,27,18874368,0,4656,0,4656,43,9,0.519903,0.147968,0.355135,4.89759,3.067674,1.297437,0.508031,0.024448
C2,P1,3,204,4,12,19.987385,30,18874368,0,4656,0,4656,66,10,0.57216,0.165696,0.34848,4.979478,3.102553,1.408382,0.028416,0.440127
C2,P1,3,205,4,13,17.841158,18,28311552,0,4656,0,4656,31,6,0.378175,0.099712,0.534527,5.596885,3.400953,0.928125,0.028288,1.239519
C2,P1,3,206,4,14,21.860833,36,18874368,0,4656,0,4656,91,12,0.682814,0.197408,0.355712,4.350391,3.170522,1.126685,0.027776,0.025408
C2,P1,3,207,4,15,29.347679,42,18874368,0,4656,0,4656,99,14,0.777662,0.22851,0.347744,15.285598,8.456046,5.223445,1.388476,0.217631
C2,P1,3,208,4,16,18.547426,24,9437184,0,4656,0,4656,40,8,0.473567,0.133024,0.173791,7.417904,2.656858,2.630715,0.027744,2.102587
C2,P1,3,209,4,17,21.970952,48,18874368,0,4656,0,4656,79,16,0.830204,0.260288,0.347327,5.577172,3.330778,1.933467,0.287839,0.025088
C2,P1,3,210,4,18,19.519361,33,28311552,0,4656,0,4656,85,11,0.614428,0.181694,0.530879,5.748213,3.384601,2.309788,0.028704,0.02512
C2,P1,3,211,4,19,18.401288,33,9437184,0,4656,0,4656,72,11,0.609599,0.180352,0.174272,5.161205,2.154524,2.415898,0.56656,0.024223
C2,P1,3,212,4,20,18.58705,24,18874368,0,4656,0,4656,43,8,0.476896,0.134048,0.353535,6.325458,3.103354,1.799804,0.027456,1.394844
C2,P1,3,213,4,21,21.791862,36,18874368,0,4656,0,4656,88,12,0.671964,0.196703,0.347808,5.810934,3.655353,2.102397,0.028288,0.024896
C2,P1,3,214,4,22,15.10684,9,18874368,0,4656,0,4656,73,3,0.233022,0.052416,0.358304,5.85058,2.988602,2.80969,0.028352,0.023936
C2,P1,3,215,4,23,16.703565,15,18874368,0,4656,0,4656,70,5,0.329952,0.08592,0.349663,4.924982,4.807606,0.065344,0.027872,0.02416
C2,P1,3,216,4,24,23.255207,36,18874368,0,4656,0,4656,80,12,0.661982,0.19664,0.348479,5.328212,2.447867,0.025344,2.757529,0.097472
C2,P1,3,217,4,25,24.262131,30,18874368,0,4656,0,4656,70,10,0.580928,0.16448,0.351327,10.663433,4.407735,5.812787,0.418239,0.024672
C2,P1,3,218,4,26,25.207128,42,28311552,0,4656,0,4656,64,14,0.746973,0.228158,0.523455,8.88926,3.401625,4.181398,0.027648,1.278589
C2,P1,3,219,4,27,18.780663,48,0,0,4656,0,4656,75,16,0.839103,0.263071,0.0,2.860538,1.495005,1.013054,0.030304,0.322175
C2,P1,3,220,4,28,18.026695,42,9437184,0,4656,0,4656,56,14,0.742077,0.229567,0.173568,3.69292,1.970044,1.513788,0.044992,0.164096
C2,P1,3,221,4,29,17.721056,21,9437184,0,4656,0,4656,36,7,0.426686,0.116576,0.17344,4.801781,2.309436,2.439194,0.028703,0.024448
C2,P1,3,222,4,30,22.667267,30,18874368,0,4656,0,4656,64,10,0.563839,0.165695,0.352607,6.083955,2.763866,2.231356,0.028,1.060733
C2,P1,3,223,4,31,20.395112,36,18874368,0,4656,0,4656,88,12,0.667037,0.19792,0.355199,4.839159,2.833402,1.781853,0.028192,0.195712
C2,P1,3,224,4,32,12.053486,6,18874368,0,4656,0,4656,8,2,0.191359,0.0344,0.352031,4.227799,2.454363,1.462557,0.288351,0.022528
C2,P1,3,225,4,33,20.269446,30,18874368,0,4656,0,4656,65,10,0.58083,0.166112,0.350911,4.842805,4.184823,0.308766,0.32416,0.025056
C2,P1,3,226,4,34,12.690616,3,9437184,0,4656,0,4656,12,1,0.144607,0.017152,0.173568,6.205905,3.207321,0.024735,0.461567,2.512282
C2,P1,3,227,4,35,18.636621,24,37748736,0,4656,0,4656,41,8,0.472512,0.130976,0.711935,7.557615,3.915448,0.966845,0.755518,1.919804
C2,P1,3,228,4,36,12.470186,3,9437184,0,4656,0,4656,9,1,0.142976,0.017536,0.175456,4.811351,2.030492,0.02592,1.093886,1.661053
C2,P1,3,229,4,37,13.048309,9,18874368,0,4656,0,4656,75,3,0.232478,0.052542,0.356863,4.032792,2.78937,1.190974,0.028384,0.024064
C2,P1,3,230,4,38,15.033137,9,9437184,0,4656,0,4656,4,3,0.230752,0.051776,0.173472,6.781938,3.219001,0.578206,0.374944,2.609787
C2,P1,3,231,4,39,16.416678,27,18874368,0,4656,0,4656,94,9,0.521567,0.14928,0.347488,3.115641,2.619834,0.414495,0.05632,0.024992
C2,P1,3,232,4,40,13.840359,9,18874368,0,4656,0,4656,13,3,0.237664,0.052416,0.349567,4.87868,2.600666,0.542272,0.028192,1.70755
C2,P1,3,233,4,41,15.381118,12,18874368,0,4656,0,4656,45,4,0.293312,0.068352,0.35184,4.903382,2.852026,1.998428,0.027776,0.025152
C2,P1,3,234,4,42,15.680963,3,9437184,0,4656,0,4656,1,1,0.13232,0.016928,0.179072,8.870448,2.587547,3.043003,0.027552,3.212346
C2,P1,3,235,4,43,11.92476,3,9437184,0,4656,0,4656,6,1,0.140959,0.017152,0.175072,3.63132,2.340731,0.18896,0.490399,0.61123
C2,P1,3,236,4,44,20.437904,33,18874368,0,4656,0,4656,52,11,0.613437,0.181503,0.351551,3.719128,2.966873,0.352,0.37488,0.025375
C2,P1,3,237,4,45,15.48832,12,9437184,0,4656,0,4656,42,4,0.278621,0.067903,0.173824,5.110549,1.970588,1.028478,0.028096,2.083387
C2,P1,3,238,4,46,16.337824,21,9437184,0,4656,0,4656,37,7,0.407552,0.116384,0.176319,5.446359,2.277884,0.634719,0.028224,2.505532
C2,P1,3,239,4,47,14.512057,6,18874368,0,4656,0,4656,46,2,0.188799,0.035039,0.347968,7.851471,2.615802,2.937307,1.709244,0.589118
C2,P1,3,240,5,0,25.821734,33,37748736,0,4656,0,4656,49,11,0.606943,0.179008,0.70259,11.961447,4.409847,2.540666,0.052576,4.958358
C2,P1,3,241,5,1,10.303772,3,9437184,0,4656,0,4656,7,1,0.141151,0.017344,0.1752,3.998807,2.129851,0.898814,0.028064,0.942078
C2,P1,3,242,5,2,13.232104,6,18874368,0,4656,0,4656,39,2,0.198304,0.034976,0.359039,5.259381,3.625144,1.583678,0.028191,0.022368
C2,P1,3,243,5,3,10.097794,3,9437184,0,4656,0,4656,12,1,0.144128,0.017632,0.178528,3.849657,2.0855,0.502207,0.027904,1.234046
C2,P1,3,244,5,4,17.190345,30,0,0,4656,0,4656,41,10,0.557535,0.165472,0.0,4.679252,1.523229,0.975261,0.630462,1.5503
C2,P1,3,245,5,5,22.571643,42,9437184,0,4656,0,4656,94,14,0.757789,0.228352,0.174176,6.937074,2.377627,3.07353,0.028608,1.457309
C2,P1,3,246,5,6,21.796731,36,18874368,0,4656,0,4656,63,12,0.660479,0.197535,0.355776,7.573296,2.915098,2.307259,0.028448,2.322491
C2,P1,3,247,5,7,23.36405,36,0,0,4656,0,4656,71,12,0.656576,0.196864,0.0,8.819246,1.114366,7.404016,0.27648,0.024384
C2,P1,3,248,5,8,24.290663,42,9437184,0,4656,0,4656,47,14,0.735999,0.2288,0.183968,3.938904,2.473723,0.999679,0.392383,0.073119
C2,P1,3,249,5,9,19.85417,30,18874368,0,4656,0,4656,36,10,0.555679,0.164384,0.35472,3.993783,2.629883,1.308797,0.029855,0.025248
C2,P1,3,250,5,10,20.409268,39,9437184,0,4656,0,4656,94,13,0.712702,0.212832,0.184512,3.706969,2.403931,0.892382,0.385824,0.024832
C2,P1,3,251,5,11,21.005536,30,9437184,0,4656,0,4656,35,10,0.553118,0.164766,0.174943,6.419891,2.500123,0.738431,0.034272,3.147065
C2,P1,3,252,5,12,19.419265,42,9437184,0,4656,0,4656,60,14,0.728895,0.227552,0.179072,2.750459,2.072828,0.624447,0.028384,0.0248
C2,P1,3,253,5,13,18.395435,18,9437184,0,4656,0,4656,34,6,0.385119,0.100256,0.173504,7.265904,2.491066,0.814429,0.16944,3.790969
C2,P1,3,254,5,14,21.303591,39,28311552,0,4656,0,4656,84,13,0.707934,0.213792,0.529343,6.02914,3.622265,0.872413,0.473567,1.060895
C2,P1,3,255,5,15,22.086202,48,9437184,0,4656,0,4656,91,16,0.83971,0.260639,0.179616,3.378105,2.213083,1.111934,0.027776,0.025312
C2,P1,3,256,5,16,25.922631,39,28311552,0,4656,0,4656,52,13,0.693087,0.212768,0.524863,5.996115,5.917043,0.025088,0.028416,0.025568
C2,P1,3,257,5,17,21.671768,42,9437184,0,4656,0,4656,71,14,0.743038,0.228031,0.173887,4.99791,1.780508,3.064698,0.06272,0.089984
C2,P1,3,258,5,18,20.026092,30,18874368,0,4656,0,4656,86,10,0.561568,0.165664,0.355391,5.687285,2.940826,2.669147,0.052736,0.024576
C2,P1,3,259,5,19,20.731542,36,9437184,0,4656,0,4656,63,12,0.660768,0.19696,0.174015,4.803734,1.639964,3.111066,0.028032,0.024672
C2,P1,3,260,5,20,21.653687,27,9437184,0,4656,0,4656,42,9,0.516095,0.14848,0.18032,5.51906,2.452411,2.994298,0.047199,0.025152
C2,P1,3,261,5,21,28.062071,45,18874368,0,4656,0,4656,90,15,0.788544,0.246112,0.347455,7.723248,2.743738,3.869016,1.08483,0.025664
C2,P1,3,262,5,22,10.572267,6,18874368,0,4656,0,4656,15,2,0.19904,0.03504,0.355551,3.596089,2.403771,0.103936,0.433471,0.654911
C2,P1,3,263,5,23,19.385851,9,9437184,0,4656,0,4656,66,3,0.239006,0.052992,0.173728,10.083466,2.096635,3.51788,1.718173,2.750778
C2,P1,3,264,5,24,21.687998,36,9437184,0,4656,0,4656,62,12,0.646238,0.196318,0.173568,3.667001,3.231546,0.382847,0.027904,0.024704
C2,P1,3,265,5,25,20.460602,33,18874368,0,4656,0,4656,48,11,0.605632,0.180608,0.357055,5.965106,3.542872,1.866332,0.027584,0.528318
C2,P1,3,266,5,26,21.531358,33,18874368,0,4656,0,4656,51,11,0.606334,0.179616,0.360319,6.790226,3.777048,1.626812,0.02848,1.357886
C2,P1,3,267,5,27,19.716404,36,0,0,4656,0,4656,71,12,0.667456,0.197984,0.0,4.92271,1.561053,3.159641,0.177952,0.024064
C2,P1,3,268,5,28,22.177453,39,28311552,0,4656,0,4656,65,13,0.707456,0.213152,0.532991,6.360691,3.728184,2.579803,0.028256,0.024448
C2,P1,3,269,5,29,15.746043,15,9437184,0,4656,0,4656,25,5,0.333984,0.085088,0.1736,6.378449,2.224923,3.212057,0.027616,0.913853
C2,P1,3,270,5,30,23.233853,36,9437184,0,4656,0,4656,67,12,0.646464,0.196512,0.1744,5.291956,3.699832,1.5391,0.02832,0.024704
C2,P1,3,271,5,31,22.338775,45,18874368,0,4656,0,4656,95,15,0.796797,0.245151,0.347392,5.708755,2.86553,2.771898,0.028095,0.043232
C2,P1,3,272,5,32,12.348995,3,9437184,0,4656,0,4656,6,1,0.140224,0.017792,0.17664,5.549557,2.186939,2.881787,0.027456,0.453375
C2,P1,3,273,5,33,25.281408,39,28311552,0,4656,0,4656,70,13,0.711456,0.212416,0.524383,5.360565,4.782805,0.524512,0.02832,0.024928
C2,P1,3,274,5,34,13.19753,3,9437184,0,4656,0,4656,4,1,0.137472,0.017088,0.175456,6.415027,2.498651,2.501947,0.027488,1.386941
C2,P1,3,275,5,35,16.097809,27,18874368,0,4656,0,4656,38,9,0.516574,0.148734,0.351295,3.914839,2.988186,0.592927,0.308575,0.025151
C2,P1,3,276,5,36,10.606477,3,9437184,0,4656,0,4656,22,1,0.137535,0.017824,0.179648,4.028087,2.094812,0.563998,0.02816,1.341117
C2,P1,3,277,5,37,15.066739,12,18874368,0,4656,0,4656,83,4,0.28256,0.068576,0.353727,4.948086,2.587451,2.305531,0.030912,0.024192
C2,P1,3,278,5,38,15.930657,12,9437184,0,4656,0,4656,10,4,0.278112,0.067904,0.173536,7.052337,2.424379,0.02528,1.491357,3.111321
C2,P1,3,279,5,39,14.616547,24,9437184,0,4656,0,4656,99,8,0.46848,0.13264,0.173728,2.930201,2.102619,0.774174,0.02848,0.024928
C2,P1,3,280,5,40,15.691297,12,18874368,0,4656,0,4656,9,4,0.278112,0.06832,0.360415,4.869845,2.765178,0.637822,0.027808,1.439037
C2,P1,3,281,5,41,15.489748,12,18874368,0,4656,0,4656,18,4,0.285472,0.068576,0.366559,5.574325,2.889082,2.086268,0.574943,0.024032
C2,P1,3,282,5,42,14.372952,6,9437184,0,4656,0,4656,3,2,0.185055,0.034303,0.177791,6.323732,3.887832,0.09312,0.028352,2.314428
C2,P1,3,283,5,43,8.156001,0,0,0,4656,0,4656,0,0,0.001248,0.0,0.0,3.460216,0.834302,0.025312,0.028064,2.572538
C2,P1,3,284,5,44,25.888096,33,37748736,0,4656,0,4656,43,11,0.600544,0.179744,0.705567,7.333679,4.51759,2.368154,0.18624,0.261695
C2,P1,3,285,5,45,13.691811,9,9437184,0,4656,0,4656,59,3,0.232191,0.052576,0.173664,4.082647,1.963068,0.744542,0.028288,1.346749
C2,P1,3,286,5,46,21.653466,21,28311552,0,4656,0,4656,55,7,0.424896,0.116064,0.530175,6.722834,4.66655,2.004284,0.028096,0.023904
C2,P1,3,287,5,47,14.266386,9,18874368,0,4656,0,4656,51,3,0.251264,0.05184,0.351103,5.230228,2.906938,2.272891,0.027712,0.022687
C2,P1,3,288,6,0,25.469509,33,28311552,0,4656,0,4656,59,11,0.618336,0.181184,0.525791,7.013169,4.415575,2.225115,0.148512,0.223967
C2,P1,3,289,6,1,11.967929,3,9437184,0,4656,0,4656,4,1,0.137952,0.017472,0.173887,5.522868,3.422873,1.274524,0.057152,0.768319
C2,P1,3,290,6,2,12.940214,9,18874368,0,4656,0,4656,80,3,0.232159,0.051808,0.352351,4.837685,4.159671,0.626078,0.028352,0.023584
C2,P1,3,291,6,3,10.806899,6,18874368,0,4656,0,4656,18,2,0.199007,0.034304,0.353631,2.420571,2.201531,0.090656,0.027936,0.100448
C2,P1,3,292,6,4,21.755472,33,9437184,0,4656,0,4656,44,11,0.605725,0.180608,0.177279,4.398424,2.1535,2.18934,0.030368,0.025216
C2,P1,3,293,6,5,23.605983,39,9437184,0,4656,0,4656,83,13,0.708447,0.213055,0.173791,4.563479,1.9807,2.174524,0.0288,0.379455
C2,P1,3,294,6,6,21.583067,33,9437184,0,4656,0,4656,76,11,0.617403,0.180894,0.183168,4.24847,2.372603,1.187133,0.215839,0.472895
C2,P1,3,295,6,7,22.519553,39,9437184,0,4656,0,4656,77,13,0.697599,0.213056,0.174656,3.053242,2.170395,0.774879,0.02832,0.079648
C2,P1,3,296,6,8,21.951929,42,28311552,0,4656,0,4656,58,14,0.743389,0.229471,0.533759,4.235671,3.502713,0.679487,0.02816,0.025311
C2,P1,3,297,6,9,18.765448,30,9437184,0,4656,0,4656,34,10,0.552096,0.164224,0.189855,3.245305,2.449211,0.598718,0.172288,0.025088
C2,P1,3,298,6,10,22.504389,42,9437184,0,4656,0,4656,96,14,0.759744,0.228288,0.174239,3.859991,2.153371,1.311901,0.344543,0.050176
C2,P1,3,299,6,11,22.554255,21,9437184,0,4656,0,4656,21,7,0.41491,0.115232,0.174048,9.038095,2.520571,2.303708,0.027968,4.185848
C2,P1,3,300,6,12,19.084346,36,9437184,0,4656,0,4656,71,12,0.655228,0.197087,0.174688,3.395032,2.199419,1.097757,0.073216,0.02464
C2,P1,3,301,6,13,21.376231,24,18874368,0,4656,0,4656,26,8,0.460639,0.132992,0.348351,6.577619,3.319833,0.957662,0.330463,1.969661
C2,P1,3,302,6,14,21.809306,39,18874368,0,4656,0,4656,93,13,0.701503,0.213855,0.354303,5.042165,3.040634,1.204701,0.343103,0.453727
C2,P1,3,303,6,15,23.483181,48,18874368,0,4656,0,4656,90,16,0.838589,0.26144,0.350975,6.568147,4.035288,1.942524,0.565439,0.024896
C2,P1,3,304,6,16,22.268319,39,28311552,0,4656,0,4656,60,13,0.703933,0.212447,0.537503,6.858547,5.616309,1.189982,0.027936,0.02432
C2,P1,3,305,6,17,21.440904,45,28311552,0,4656,0,4656,74,15,0.797918,0.244384,0.522271,5.381973,4.927766,0.401087,0.028,0.02512
C2,P1,3,306,6,18,20.695691,33,9437184,0,4656,0,4656,96,11,0.608478,0.182336,0.175776,5.047892,2.459707,2.535066,0.02832,0.024799
C2,P1,3,307,6,19,20.234165,39,18874368,0,4656,0,4656,75,13,0.711263,0.211807,0.353247,5.927828,2.867194,2.389532,0.56611,0.104992
C2,P1,3,308,6,20,25.772254,27,18874368,0,4656,0,4656,36,9,0.514014,0.148767,0.347935,12.518021,3.192569,5.490356,0.02864,3.806456
C2,P1,3,309,6,21,19.353951,42,9437184,0,4656,0,4656,95,14,0.760288,0.230528,0.173888,3.647257,2.256188,1.187709,0.028672,0.174688
C2,P1,3,310,6,22,13.088491,6,18874368,0,4656,0,4656,8,2,0.1912,0.034816,0.361055,5.699699,2.93465,1.766972,0.028064,0.970013
C2,P1,3,311,6,23,17.242068,15,18874368,0,4656,0,4656,74,5,0.330078,0.084864,0.359551,5.683988,4.87567,0.65139,0.13232,0.024608
C2,P1,3,312,6,24,21.397811,33,18874368,0,4656,0,4656,69,11,0.610176,0.182112,0.347711,3.779352,2.725179,0.612094,0.417471,0.024608
C2,P1,3,313,6,25,24.575129,42,28311552,0,4656,0,4656,60,14,0.74243,0.228992,0.529151,4.666709,3.934584,0.025568,0.681373,0.025184
C2,P1,3,314,6,26,27.594715,36,28311552,0,4656,0,4656,62,12,0.663196,0.197279,0.526335,9.794956,5.744628,0.20224,0.028512,3.819576
C2,P1,3,315,6,27,31.767431,57,18874368,0,4656,0,4656,96,19,0.982654,0.308096,0.347071,6.299699,2.378267,3.838552,0.028192,0.054688
C2,P1,3,316,6,28,27.860139,51,18874368,0,4656,0,4656,91,17,0.902206,0.276992,0.356831,4.357431,3.273306,0.643742,0.415263,0.02512
C2,P1,3,317,6,29,23.891893,21,18874368,0,4656,0,4656,35,7,0.4256,0.116736,0.353567,14.298115,3.830296,1.93254,3.535545,4.999734
C2,P1,3,318,6,30,26.969592,42,18874368,0,4656,0,4656,80,14,0.761597,0.229856,0.347679,8.94795,3.511353,4.829398,0.582591,0.024608
C2,P1,3,319,6,31,25.9692,54,28311552,0,4656,0,4656,105,18,0.935487,0.292959,0.532447,3.816216,3.719321,0.025088,0.046207,0.0256
C2,P1,3,320,6,32,11.330905,6,9437184,0,4656,0,4656,8,2,0.189728,0.034656,0.173567,3.697305,2.126747,0.02528,0.362464,1.182814
C2,P1,3,321,6,33,20.012631,45,18874368,0,4656,0,4656,98,15,0.813599,0.245024,0.34752,3.111897,2.80265,0.092191,0.02832,0.188736
C2,P1,3,322,6,34,13.153837,9,28311552,0,4656,0,4656,18,3,0.242976,0.052064,0.528863,4.78943,3.287705,1.451197,0.027872,0.022656
C2,P1,3,323,6,35,21.62561,33,28311552,0,4656,0,4656,63,11,0.622816,0.18128,0.528287,5.95506,5.375733,0.518143,0.028,0.033184
C2,P1,3,324,6,36,14.722702,9,18874368,0,4656,0,4656,66,3,0.2424,0.051968,0.358847,5.403542,4.79807,0.47088,0.111296,0.023296
C2,P1,3,325,6,37,14.454204,12,18874368,0,4656,0,4656,79,4,0.284448,0.068288,0.354911,5.126132,2.84121,1.098557,0.146784,1.039581
C2,P1,3,326,6,38,18.905479,21,28311552,0,4656,0,4656,19,7,0.418207,0.117056,0.529983,6.613491,3.608345,0.025696,0.028288,2.951162
C2,P1,3,327,6,39,20.560181,30,28311552,0,4656,0,4656,118,10,0.588384,0.164288,0.520607,3.634648,3.499929,0.024928,0.084607,0.025184
C2,P1,3,328,6,40,16.085551,15,28311552,0,4656,0,4656,12,5,0.32243,0.083807,0.532255,4.262711,3.404761,0.025504,0.052896,0.77955
C2,P1,3,329,6,41,12.35371,12,18874368,0,4656,0,4656,22,4,0.289022,0.068479,0.357664,2.832378,2.738266,0.024864,0.044992,0.024256
C2,P1,3,330,6,42,15.514867,9,18874368,0,4656,0,4656,7,3,0.231999,0.051488,0.356767,6.271571,2.983834,2.356956,0.370174,0.560607
C2,P1,3,331,6,43,12.447483,6,18874368,0,4656,0,4656,15,2,0.196352,0.034912,0.350495,4.414392,3.451801,0.457119,0.482528,0.022944
C2,P1,3,332,6,44,21.26088,33,28311552,0,4656,0,4656,52,11,0.611519,0.181535,0.538207,3.221209,3.141785,0.025888,0.028256,0.02528
C2,P1,3,333,6,45,18.80656,9,9437184,0,4656,0,4656,52,3,0.242208,0.051392,0.173631,5.818964,2.075868,3.691608,0.028256,0.023232
C2,P1,3,334,6,46,22.130928,30,28311552,0,4656,0,4656,63,10,0.561632,0.165568,0.520895,3.627641,3.550041,0.024832,0.028352,0.024416
C2,P1,3,335,6,47,12.616722,12,18874368,0,4656,0,4656,45,4,0.307104,0.069088,0.370816,3.631705,2.551419,0.073152,0.035744,0.97139
C2,P1,3,336,7,0,31.185562,54,47185920,0,4656,0,4656,77,18,0.925631,0.291936,0.89427,7.517457,5.351509,1.836061,0.305407,0.02448
C2,P1,3,337,7,1,13.420958,6,18874368,0,4656,0,4656,4,2,0.186176,0.034368,0.354431,5.185013,4.188375,0.946078,0.027744,0.022816
C2,P1,3,338,7,2,11.439656,9,18874368,0,4656,0,4656,78,3,0.233312,0.05264,0.355007,2.625115,2.399899,0.025088,0.027936,0.172192
C2,P1,3,339,7,3,12.488261,6,18874368,0,4656,0,4656,18,2,0.1992,0.034752,0.355839,4.332502,2.72697,1.268957,0.033216,0.303359
C2,P1,3,340,7,4,22.484312,36,18874368,0,4656,0,4656,46,12,0.644926,0.194719,0.352383,4.286646,3.057466,0.477182,0.726974,0.025024
C2,P1,3,341,7,5,22.610806,42,9437184,0,4656,0,4656,100,14,0.76099,0.229311,0.177024,2.562649,2.169947,0.02528,0.341887,0.025535
C2,P1,3,342,7,6,23.030742,39,18874368,0,4656,0,4656,96,13,0.706238,0.212831,0.357183,4.411256,4.331416,0.025664,0.028448,0.025728
C2,P1,3,343,7,7,21.05351,39,9437184,0,4656,0,4656,98,13,0.698975,0.213408,0.17616,4.004824,3.518425,0.428255,0.03248,0.025664
C2,P1,3,344,7,8,25.102136,48,28311552,0,4656,0,4656,74,16,0.842268,0.260575,0.539583,6.843762,5.011222,0.770366,0.028064,1.03411
C2,P1,3,345,7,9,20.737758,27,9437184,0,4656,0,4656,50,9,0.522144,0.147936,0.175551,7.973488,2.447931,2.462075,0.072064,2.991418
C2,P1,3,346,7,10,23.418393,45,37748736,0,4656,0,4656,121,15,0.803424,0.243616,0.704702,6.413748,4.727095,1.284285,0.028096,0.374272
C2,P1,3,347,7,11,20.025607,30,18874368,0,4656,0,4656,33,10,0.552735,0.164384,0.358304,6.170259,3.138041,1.033278,0.02784,1.9711
C2,P1,3,348,7,12,23.931048,39,28311552,0,4656,0,4656,73,13,0.697852,0.212991,0.535071,8.61979,4.024983,1.673566,1.71574,1.205501
C2,P1,3,349,7,13,24.169192,27,28311552,0,4656,0,4656,36,9,0.511648,0.14944,0.521855,11.130249,4.021432,1.533725,1.858876,3.716216
C2,P1,3,350,7,14,19.367409,42,9437184,0,4656,0,4656,99,14,0.748735,0.229216,0.18304,3.388473,2.402139,0.639807,0.028384,0.318143
C2,P1,3,351,7,15,21.147408,51,18874368,0,4656,0,4656,107,17,0.880416,0.27664,0.353311,3.46796,2.764251,0.549918,0.0896,0.064191
C2,P1,3,352,7,16,21.49508,54,18874368,0,4656,0,4656,85,18,0.924255,0.29248,0.349087,4.197112,2.551771,0.549535,1.026206,0.0696
C2,P1,3,353,7,17,22.679549,54,18874368,0,4656,0,4656,89,18,0.938943,0.293535,0.347551,4.497238,3.178425,1.193213,0.028288,0.097312
C2,P1,3,354,7,18,21.738798,33,18874368,0,4656,0,4656,104,11,0.594303,0.181887,0.354559,7.393839,3.046073,0.80115,0.027968,3.518648
C2,P1,3,355,7,19,19.583174,39,18874368,0,4656,0,4656,80,13,0.693791,0.211552,0.358208,3.171769,3.087897,0.02592,0.028192,0.02976
C2,P1,3,356,7,20,17.819208,30,18874368,0,4656,0,4656,43,10,0.563392,0.165024,0.350751,3.8718,2.657083,0.025408,0.059872,1.129437
C2,P1,3,357,7,21,20.667626,48,18874368,0,4656,0,4656,115,16,0.855647,0.261952,0.347839,4.288696,2.619131,0.754175,0.549407,0.365983
C2,P1,3,358,7,22,13.039545,9,28311552,0,4656,0,4656,18,3,0.243584,0.051808,0.538143,4.744727,3.210394,1.483389,0.028096,0.022848
C2,P1,3,359,7,23,16.478556,12,9437184,0,4656,0,4656,66,4,0.284896,0.068736,0.176832,4.792279,2.725723,1.973436,0.069024,0.024096
C2,P1,3,360,7,24,27.8267,42,37748736,0,4656,0,4656,68,14,0.735519,0.22896,0.711039,6.539059,6.460627,0.025088,0.028192,0.025152
C2,P1,3,361,7,25,27.165031,48,28311552,0,4656,0,4656,70,16,0.835456,0.261376,0.528511,6.072148,3.888248,2.116188,0.027968,0.039744
C2,P1,3,362,7,26,22.369219,45,18874368,0,4656,0,4656,90,15,0.814142,0.244512,0.350783,4.241718,3.241913,0.946141,0.028224,0.02544
C2,P1,3,363,7,27,22.227889,51,18874368,0,4656,0,4656,101,17,0.905216,0.278016,0.351103,3.689912,2.860218,0.768766,0.035584,0.025344
C2,P1,3,364,7,28,21.138335,48,18874368,0,4656,0,4656,92,16,0.844479,0.261568,0.35488,3.704759,2.789818,0.862046,0.02832,0.024575
C2,P1,3,365,7,29,17.50068,27,28311552,0,4656,0,4656,43,9,0.516574,0.148736,0.526975,4.981207,3.542265,0.924382,0.489696,0.024864
C2,P1,3,366,7,30,24.208902,39,37748736,0,4656,0,4656,93,13,0.697181,0.212671,0.711326,5.313941,4.644823,0.61619,0.028128,0.0248
C2,P1,3,367,7,31,26.468459,63,37748736,0,4656,0,4656,109,21,1.066206,0.340672,0.694687,5.925557,4.57487,1.041631,0.283776,0.02528
C2,P1,3,368,7,32,12.820624,12,18874368,0,4656,0,4656,23,4,0.292831,0.068735,0.350656,3.997081,3.487097,0.024928,0.461024,0.024032
C2,P1,3,369,7,33,27.93351,51,47185920,0,4656,0,4656,88,17,0.887647,0.275744,0.900446,5.194358,5.11599,0.024928,0.028256,0.025184
C2,P1,3,370,7,34,14.875807,12,28311552,0,4656,0,4656,15,4,0.28563,0.068127,0.541983,6.102772,4.473687,1.196958,0.407999,0.024128
C2,P1,3,371,7,35,21.547539,33,28311552,0,4656,0,4656,49,11,0.608704,0.180224,0.538559,3.825497,3.716793,0.025184,0.028064,0.055456
C2,P1,3,372,7,36,12.682046,9,18874368,0,4656,0,4656,50,3,0.242976,0.051648,0.352575,3.667639,2.817402,0.426847,0.173951,0.249439
C2,P1,3,373,7,37,15.263669,15,28311552,0,4656,0,4656,86,5,0.34384,0.084288,0.530527,4.859094,3.494297,1.31107,0.02848,0.025247
C2,P1,3,374,7,38,20.822537,30,47185920,0,4656,0,4656,24,10,0.543327,0.162624,0.891806,7.9252,7.373329,0.025216,0.028544,0.498111
C2,P1,3,375,7,39,25.275996,42,56623104,0,4656,0,4656,109,14,0.766335,0.228224,1.063838,8.813262,8.042992,0.71635,0.028256,0.025664
C2,P1,3,376,7,40,22.665805,21,37748736,0,4656,0,4656,15,7,0.408351,0.115871,0.712222,11.907913,4.768662,1.886557,1.439646,3.813048
C2,P1,3,377,7,41,15.354725,12,18874368,0,4656,0,4656,8,4,0.276351,0.067584,0.353343,5.680373,2.914202,2.714235,0.027584,0.024352
C2,P1,3,378,7,42,20.877001,12,28311552,0,4656,0,4656,10,4,0.2768,0.06784,0.541471,10.269162,6.052691,2.702939,0.049119,1.464413
C2,P1,3,379,7,43,15.580984,9,28311552,0,4656,0,4656,15,3,0.240384,0.052384,0.529823,6.59544,4.296567,0.733597,0.608767,0.956509
C2,P1,3,380,7,44,21.919676,36,47185920,0,4656,0,4656,56,12,0.654334,0.19683,0.886718,6.851731,5.080789,0.904671,0.444255,0.422016
C2,P1,3,381,7,45,14.273691,15,28311552,0,4656,0,4656,68,5,0.327551,0.084864,0.533087,4.371991,3.269657,0.790559,0.029056,0.282719
C2,P1,3,382,7,46,27.68111,33,37748736,0,4656,0,4656,80,11,0.618656,0.18048,0.750366,11.419531,4.909462,0.845407,0.881471,4.783191
C2,P1,3,383,7,47,19.542153,18,37748736,0,4656,0,4656,59,6,0.374687,0.09872,0.718079,10.894923,5.013494,3.058331,0.868671,1.954427
C2,P1,3,384,8,0,35.540731,63,66060288,0,4656,0,4656,84,21,1.063453,0.338431,1.237117,17.299037,13.454212,2.160221,0.027808,1.656796
C2,P1,3,385,8,1,16.746129,15,47185920,0,4656,0,4656,24,5,0.331806,0.083391,0.89331,9.09531,4.765302,2.151067,0.20896,1.969981
C2,P1,3,386,8,2,15.938127,15,37748736,0,4656,0,4656,72,5,0.34512,0.083616,0.71155,6.919187,4.061496,2.805275,0.028512,0.023904
C2,P1,3,387,8,3,12.150298,6,18874368,0,4656,0,4656,17,2,0.198784,0.035328,0.352991,5.614613,3.481369,0.025856,0.64883,1.458558
C2,P1,3,388,8,4,21.127022,45,47185920,0,4656,0,4656,62,15,0.783743,0.244448,0.906495,7.698898,4.875638,0.405056,0.028064,2.39014
C2,P1,3,389,8,5,20.740339,42,28311552,0,4656,0,4656,89,14,0.745343,0.228512,0.544031,8.669903,4.028632,1.20867,0.03664,3.395961
C2,P1,3,390,8,6,18.98369,42,28311552,0,4656,0,4656,111,14,0.768928,0.227808,0.535647,6.966288,3.5326,0.861597,0.02864,2.543451
C2,P1,3,391,8,7,19.276558,36,18874368,0,4656,0,4656,98,12,0.654624,0.197376,0.369568,6.599987,3.222842,0.70627,0.028192,2.642683
C2,P1,3,392,8,8,28.339068,51,37748736,0,4656,0,4656,74,17,0.887518,0.276415,0.710142,14.069954,8.006447,1.170301,0.592479,4.300727
C2,P1,3,393,8,9,28.90964,45,28311552,0,4656,0,4656,59,15,0.7847,0.244957,0.52595,13.803878,6.506099,4.715895,0.598336,1.983548
C2,P1,3,394,8,10,31.321751,51,47185920,0,4656,0,4656,114,17,0.900764,0.277439,0.901982,8.966158,6.93221,0.68051,0.946143,0.407295
C2,P1,3,395,8,11,34.729719,48,56623104,0,4656,0,4656,46,16,0.81619,0.25904,1.090878,17.471452,11.043881,4.813591,0.62627,0.98771
C2,P1,3,396,8,12,34.274937,48,47185920,0,4656,0,4656,84,16,0.833726,0.260256,0.902174,17.757021,9.865612,5.203574,0.543519,2.144316
C2,P1,3,397,8,13,34.254077,36,47185920,0,4656,0,4656,46,12,0.647167,0.196416,0.877919,15.171841,10.54129,3.780216,0.544703,0.305632
C2,P1,3,398,8,14,26.366034,51,37748736,0,4656,0,4656,98,17,0.868189,0.275872,0.703871,7.179217,4.514934,1.670078,0.135519,0.858686
C2,P1,3,399,8,15,41.105513,69,28311552,0,4656,0,4656,114,23,1.154686,0.370751,0.521631,9.766956,5.698516,0.049632,3.976536,0.042272
C2,P1,3,400,8,16,25.851316,51,47185920,0,4656,0,4656,91,17,0.881245,0.27715,0.884478,8.409581,6.203795,1.650652,0.482942,0.072192
C2,P1,3,401,8,17,31.593585,63,47185920,0,4656,0,4656,81,21,1.061183,0.340512,0.876479,5.837301,5.312597,0.471488,0.028192,0.025024
C2,P1,3,402,8,18,23.034979,36,18874368,0,4656,0,4656,117,12,0.643102,0.197054,0.359199,5.445719,3.096506,1.924093,0.02816,0.39696
C2,P1,3,403,8,19,21.013362,42,28311552,0,4656,0,4656,102,14,0.749344,0.22928,0.536318,4.210935,4.004023,0.115104,0.028,0.063808
C2,P1,3,404,8,20,21.961676,27,28311552,0,4656,0,4656,40,9,0.514592,0.148864,0.521663,8.745772,3.625112,0.856573,0.027968,4.236119
C2,P1,3,405,8,21,25.371353,54,37748736,0,4656,0,4656,111,18,0.94048,0.292224,0.716063,8.029775,4.658455,0.908829,0.0832,2.379291
C2,P1,3,406,8,22,14.837542,9,28311552,0,4656,0,4656,27,3,0.248256,0.0512,0.532127,6.522644,5.049621,0.775871,0.029024,0.668128
C2,P1,3,407,8,23,16.566463,18,37748736,0,4656,0,4656,72,6,0.387264,0.099936,0.717022,5.699092,4.51935,0.478335,0.182655,0.518752
C2,P1,3,408,8,24,23.485348,39,47185920,0,4656,0,4656,82,13,0.692031,0.212448,0.900158,6.066741,4.962166,0.024896,0.585344,0.494335
C2,P1,3,409,8,25,23.971974,51,47185920,0,4656,0,4656,53,17,0.860255,0.274368,0.880958,5.962643,5.448117,0.46259,0.027904,0.024032
C2,P1,3,410,8,26,29.882077,54,47185920,0,4656,0,4656,95,18,0.930464,0.293696,0.888062,8.419374,6.917714,1.369404,0.107104,0.025152
C2,P1,3,411,8,27,31.503297,63,37748736,0,4656,0,4656,112,21,1.0823,0.341311,0.71603,7.497298,5.053814,2.32022,0.028256,0.095008
C2,P1,3,412,8,28,27.41273,57,47185920,0,4656,0,4656,96,19,0.966718,0.306719,0.89507,8.437165,6.549522,1.279132,0.583487,0.025024
C2,P1,3,413,8,29,23.157317,30,37748736,0,4656,0,4656,47,10,0.563966,0.163263,0.715007,7.300303,6.289074,0.958461,0.028416,0.024352
C2,P1,3,414,8,30,23.487678,33,28311552,0,4656,0,4656,102,11,0.622016,0.180768,0.525407,5.491989,4.213015,0.538559,0.535871,0.204544
C2,P1,3,415,8,31,27.944878,54,28311552,0,4656,0,4656,125,18,0.936543,0.293823,0.520639,5.671699,3.811896,1.589948,0.131424,0.138431
C2,P1,3,416,8,32,14.960021,15,28311552,0,4656,0,4656,33,5,0.342496,0.084608,0.526207,4.565333,3.45052,1.061758,0.028128,0.024927
C2,P1,3,417,8,33,26.881017,51,56623104,0,4656,0,4656,72,17,0.875771,0.275488,1.072157,6.159346,6.037683,0.025376,0.028,0.068287
C2,P1,3,418,8,34,15.262281,15,37748736,0,4656,0,4656,36,5,0.340416,0.083392,0.70323,5.687222,4.145271,1.183391,0.24496,0.1136
C2,P1,3,419,8,35,22.999558,36,47185920,0,4656,0,4656,49,12,0.649439,0.195776,0.886654,5.100534,4.991798,0.024896,0.028128,0.055712
C2,P1,3,420,8,36,12.764288,9,18874368,0,4656,0,4656,56,3,0.24816,0.051776,0.362655,3.237273,2.885434,0.025888,0.067392,0.258559
C2,P1,3,421,8,37,15.814895,15,28311552,0,4656,0,4656,94,5,0.336544,0.084896,0.528927,4.564406,3.562712,0.948158,0.028288,0.025248
C2,P1,3,422,8,38,22.848738,30,47185920,0,4656,0,4656,13,10,0.535168,0.16256,0.89187,7.726224,6.793809,0.362016,0.545631,0.024768
C2,P1,3,423,8,39,28.843539,42,47185920,0,4656,0,4656,121,14,0.750975,0.228095,0.876702,7.483471,5.631667,1.798236,0.028096,0.025472
C2,P1,3,424,8,40,20.665796,21,47185920,0,4656,0,4656,11,7,0.404319,0.114816,0.889694,7.267729,5.319668,0.025632,0.027808,1.894621
C2,P1,3,425,8,41,16.870915,15,28311552,0,4656,0,4656,12,5,0.323647,0.084384,0.539327,5.827091,4.657366,0.70163,0.419679,0.048416
C2,P1,3,426,8,42,19.717178,15,37748736,0,4656,0,4656,11,5,0.321343,0.083872,0.720223,7.49736,5.805044,0.025184,0.094368,1.572764
C2,P1,3,427,8,43,14.199696,9,28311552,0,4656,0,4656,9,3,0.233984,0.05216,0.539295,4.759095,3.139897,0.770656,0.029504,0.819038
C2,P1,3,428,8,44,24.872182,30,37748736,0,4656,0,4656,49,10,0.565695,0.163712,0.720896,8.773357,5.346548,1.611069,1.607548,0.208192
C2,P1,3,429,8,45,19.605669,21,37748736,0,4656,0,4656,84,7,0.427808,0.117184,0.703134,6.298067,4.290999,1.822588,0.028192,0.156288
C2,P1,3,430,8,46,27.674585,39,47185920,0,4656,0,4656,79,13,0.698303,0.212096,0.89619,8.781741,5.114933,1.644189,1.903643,0.118976
C2,P1,3,431,8,47,18.159187,21,47185920,0,4656,0,4656,77,7,0.445824,0.115968,0.900766,7.470128,5.179061,1.426877,0.267712,0.596478
