id,dataset,horizon,world,batch,cache,eviction,substitution,policy,seed,seed_audit,reference_id,kind,peer_reduction_fraction,H2D_ratio,delta_H2D,delta_peer,delta_reload_bytes,delta_local_service,delta_unique_coverage,reference_H2D,reference_peer,H2D,peer,rank_fetch_imbalance,reference_rank_fetch_imbalance,pareto_dominates,replica_admissions,replicas_reused,replica_victim_reloads,residual_miss_fraction,reference_residual_miss_fraction,substituted_route_fraction,substituted_gate_mass_fraction,resident_substitute_fraction,shared_admission_fraction
MATH_h256_R4_B16_c30_gate_s1_BR_seed42,MATH,256,4,16,30,gate,True,BR,42,False,MATH_h256_R4_B16_c30_gate_s0_BR_seed42,OFF_to_ON,0.05335979112515497,0.6949623656653778,-1882831454208,-1497071616,-1885011443712,0.0007764924713057064,0.0,6172456255488,28056174592,4289624801280,26559102976,1,1,True,0,0,0,0.2759663263956706,0.38590002059936523,0.10831658045450847,0.09061908555338237,0.08002074559529622,0.02829583485921224
MATH_h256_R4_B16_c30_gate_s1_CA-rep_seed42,MATH,256,4,16,30,gate,True,CA-rep,42,False,MATH_h256_R4_B16_c30_gate_s0_CA-rep_seed42,OFF_to_ON,0.022886160505677693,0.6981450623018549,-1947136425984,-536633344,-1948797370368,-0.024889517133337202,3.5103352864582575,6450570067968,23447941120,4503433641984,22911307776,1,1,True,120,161,220,0.29515822728474933,0.4105963706970215,0.1132052739461263,0.09475987576938232,0.0800946553548177,0.033110618591308594
MATH_h256_R4_B16_c30_gate_s1_CA_seed42,MATH,256,4,16,30,gate,True,CA,42,False,MATH_h256_R4_B16_c30_gate_s0_CA_seed42,OFF_to_ON,0.018260433115668502,0.6942369785223131,-1889239302144,-446607360,-1891438166016,-0.025989857614726164,0.0,6178769731584,24457654272,4289530429440,24011046912,1,1,True,0,0,0,0.27635765075683594,0.3868296941121419,0.10868167877197266,0.09086664193065014,0.08018000920613606,0.02850166956583659
MATH_h256_R4_B16_c30_lru_s1_BR_seed42,MATH,256,4,16,30,lru,True,BR,42,False,MATH_h256_R4_B16_c30_lru_s0_BR_seed42,OFF_to_ON,0.10781297690359529,0.7601089704023749,-2464784842752,-3032576000,-2467323445248,-0.00010153038625876354,0.0,10274601959424,28128116736,7809817116672,25095540736,1,1,True,0,0,0,0.8063740730285645,0.9901547431945801,0.18304999669392905,0.15492312049072882,0.0009643236796061198,0.1820856730143229
MATH_h256_R4_B16_c30_lru_s1_CA-rep_seed42,MATH,256,4,16,30,lru,True,CA-rep,42,False,MATH_h256_R4_B16_c30_lru_s0_CA-rep_seed42,OFF_to_ON,0.07820296305807548,0.7612352032562656,-2466766651392,-1651466240,-2467417817088,-0.020226807846755457,-3.057047526041515,10331366621184,21117693952,7864599969792,19466227712,1,1,True,5638,100,5544,0.8067994117736816,0.9906207720438639,0.18317667643229166,0.15501317649478386,0.0010426839192708333,0.18213399251302084
MATH_h256_R4_B16_c30_lru_s1_CA_seed42,MATH,256,4,16,30,lru,True,CA,42,False,MATH_h256_R4_B16_c30_lru_s0_CA_seed42,OFF_to_ON,0.07734227649399818,0.760112352326314,-2464709345280,-1648730112,-2467247947776,-0.021101502887847234,0.0,10274432090112,21317320704,7809722744832,19668590592,1,1,True,0,0,0,0.8063513437906901,0.9901240666707357,0.18303934733072916,0.15491176608916962,0.0009620984395345052,0.18207724889119467
MATH_h256_R4_B16_c40_gate_s1_BR_seed42,MATH,256,4,16,40,gate,True,BR,42,False,MATH_h256_R4_B16_c40_gate_s0_BR_seed42,OFF_to_ON,0.03794656399486641,0.6665329802438991,-1600725712896,-1065746432,-1602877390848,0.00038013993547453273,0.0,4800251953152,28085452800,3199526240256,27019706368,1,1,True,0,0,0,0.18972396850585938,0.2769737243652344,0.08638143539428711,0.07193557774273093,0.07381693522135417,0.012564500172932943
MATH_h256_R4_B16_c40_gate_s1_CA-rep_seed42,MATH,256,4,16,40,gate,True,CA-rep,42,False,MATH_h256_R4_B16_c40_gate_s0_CA-rep_seed42,OFF_to_ON,0.011734129658395312,0.6735634414340117,-1651073089536,-284848128,-1652903903232,-0.02063545177637488,-3.476318359375,5057868201984,24275181568,3406795112448,23990333440,1,1,True,62,145,133,0.2054446538289388,0.2963741620381673,0.0906537373860677,0.07558145800017124,0.07631238301595052,0.014341354370117188
MATH_h256_R4_B16_c40_gate_s1_CA_seed42,MATH,256,4,16,40,gate,True,CA,42,False,MATH_h256_R4_B16_c40_gate_s0_CA_seed42,OFF_to_ON,0.00937417091170684,0.6656484293558602,-1607256244224,-236769280,-1609398484992,-0.022965795937708422,0.0,4807084474368,25257623552,3199828230144,25020854272,1,1,True,0,0,0,0.1902592976888021,0.27792803446451825,0.08697875340779622,0.07244885567711161,0.07425165176391602,0.012727101643880209
MATH_h256_R4_B16_c40_lru_s1_BR_seed42,MATH,256,4,16,40,lru,True,BR,42,False,MATH_h256_R4_B16_c40_lru_s0_BR_seed42,OFF_to_ON,0.1082683918603485,0.7592605367262037,-2470060228608,-3046805504,-2472598831104,0.00032668266454144446,0.0,10260304625664,28141228032,7790244397056,25094422528,1,1,True,0,0,0,0.8026029268900553,0.9870120684305826,0.18259096145629883,0.15454913615054122,0.0011113484700520833,0.18147961298624674
MATH_h256_R4_B16_c40_lru_s1_CA-rep_seed42,MATH,256,4,16,40,lru,True,CA-rep,42,False,MATH_h256_R4_B16_c40_lru_s0_CA-rep_seed42,OFF_to_ON,0.0775260383290874,0.7605294374270043,-2470975635456,-1637744640,-2471126630400,-0.020410296001557582,-3.822509765625,10318494302208,21125091328,7847518666752,19487346688,1,1,True,5503,122,5404,0.8034900029500326,0.9877870877583822,0.18268426259358725,0.15462751241023912,0.0010420481363932292,0.181642214457194
MATH_h256_R4_B16_c40_lru_s1_CA_seed42,MATH,256,4,16,40,lru,True,CA,42,False,MATH_h256_R4_B16_c40_lru_s0_CA_seed42,OFF_to_ON,0.07662100400492607,0.7592059129756557,-2470654771200,-1634033664,-2473183936512,-0.02136148259030174,0.0,10260446183424,21326184448,7789791412224,19692150784,1,1,True,0,0,0,0.8025123278299967,0.9870502154032389,0.18259398142496744,0.15455478680856394,0.0011197725931803386,0.1814742088317871
MATH_h256_R4_B16_c50_gate_s1_BR_seed42,MATH,256,4,16,50,gate,True,BR,42,False,MATH_h256_R4_B16_c50_gate_s0_BR_seed42,OFF_to_ON,0.028792268053704693,0.631808985508017,-1306965049344,-809394176,-1309078978560,0.002489385202895933,0.0,3549692952576,28111511552,2242727903232,27302117376,1,1,True,0,0,0,0.12405014038085938,0.19134092330932617,0.0684356689453125,0.0566797722591435,0.06296873092651367,0.005466938018798828
MATH_h256_R4_B16_c50_gate_s1_CA-rep_seed42,MATH,256,4,16,50,gate,True,CA-rep,42,False,MATH_h256_R4_B16_c50_gate_s0_CA-rep_seed42,OFF_to_ON,0.006500352006403587,0.6387441446901094,-1372647849984,-161792000,-1374497538048,-0.017289148178905756,-5.269775390625,3799655645184,24889729024,2427007795200,24727937024,1,1,True,31,145,86,0.1366713841756185,0.2080221176147461,0.07260862986246745,0.060248492567078926,0.06608645121256511,0.006522178649902344
MATH_h256_R4_B16_c50_gate_s1_CA_seed42,MATH,256,4,16,50,gate,True,CA,42,False,MATH_h256_R4_B16_c50_gate_s0_CA_seed42,OFF_to_ON,0.00468148536680351,0.6294487349210602,-1318119800832,-121372672,-1320233730048,-0.01905000874443269,0.0,3557186076672,25926103040,2239066275840,25804730368,1,1,True,0,0,0,0.12434784571329753,0.19224627812703451,0.0691083272298177,0.05724473429630987,0.06372960408528645,0.00537872314453125
MATH_h256_R4_B16_c50_lru_s1_BR_seed42,MATH,256,4,16,50,lru,True,BR,42,False,MATH_h256_R4_B16_c50_lru_s0_BR_seed42,OFF_to_ON,0.10613773008878041,0.7352199710017485,-2710906601472,-2984992768,-2713435766784,-6.306931967947627e-05,0.0,10238334861312,28123766784,7527428259840,25138774016,1,1,True,0,0,0,0.7692998250325521,0.9832843144734701,0.1802229881286621,0.15259380505782263,0.004041512807210286,0.1761814753214518
MATH_h256_R4_B16_c50_lru_s1_CA-rep_seed42,MATH,256,4,16,50,lru,True,CA-rep,42,False,MATH_h256_R4_B16_c50_lru_s0_CA-rep_seed42,OFF_to_ON,0.07166681781996634,0.7474168002133081,-2601491890176,-1514799104,-2596084383744,-0.023463463327216993,-3.836995442708485,10299544436736,21136687104,7698052546560,19621888000,1,1,True,4800,222,4712,0.7838226954142252,0.9845576286315918,0.18092886606852213,0.1532040807032895,0.0026013056437174478,0.1783275604248047
MATH_h256_R4_B16_c50_lru_s1_CA_seed42,MATH,256,4,16,50,lru,True,CA,42,False,MATH_h256_R4_B16_c50_lru_s0_CA_seed42,OFF_to_ON,0.0671623617659493,0.7356775442477876,-2705989828608,-1433530368,-2708518993920,-0.026694641627773352,0.0,10237457203200,21344251904,7531467374592,19910721536,1,1,True,0,0,0,0.7698879241943359,0.9831112225850424,0.1801743507385254,0.15256019339045376,0.004080931345621745,0.17609341939290366
MATH_h256_R4_B16_c60_gate_s1_BR_seed42,MATH,256,4,16,60,gate,True,BR,42,False,MATH_h256_R4_B16_c60_gate_s0_BR_seed42,OFF_to_ON,0.016872501696410493,0.583031529612271,-1034371989504,-473792512,-1036457607168,0.0012044457542192133,0.0,2480695934976,28080750592,1446323945472,27606958080,1,1,True,0,0,0,0.07396793365478516,0.12493546803792317,0.05350987116495768,0.043890248150335674,0.05151669184366862,0.0019931793212890625
MATH_h256_R4_B16_c60_gate_s1_CA-rep_seed42,MATH,256,4,16,60,gate,True,CA-rep,42,False,MATH_h256_R4_B16_c60_gate_s0_CA-rep_seed42,OFF_to_ON,0.0025394947346270764,0.5947396239888267,-1092599414784,-64458752,-1094534037504,-0.014868981592189745,-1.140218098958485,2696043036672,25382510592,1603443621888,25318051840,1,1,True,10,140,49,0.08401139577229817,0.13813018798828125,0.05782270431518555,0.04756067688782236,0.05521408716837565,0.002608617146809896
MATH_h256_R4_B16_c60_gate_s1_CA_seed42,MATH,256,4,16,60,gate,True,CA,42,False,MATH_h256_R4_B16_c60_gate_s0_CA_seed42,OFF_to_ON,0.0015133427810601777,0.577529241986936,-1049839534080,-39956480,-1051906277376,-0.0153419995891384,0.0,2484999290880,26402795520,1435159756800,26362839040,1,1,True,0,0,0,0.07365671793619792,0.12548192342122397,0.05455303192138672,0.044677168559280604,0.052467664082845054,0.0020853678385416665
MATH_h256_R4_B16_c60_lru_s1_BR_seed42,MATH,256,4,16,60,lru,True,BR,42,False,MATH_h256_R4_B16_c60_lru_s0_BR_seed42,OFF_to_ON,0.05037947681696868,0.11281307290767702,-8973988134912,-1416617984,-8975969943552,-0.00013514088503879806,0.0,10115104112640,28118949888,1141115977728,26702331904,1,1,True,0,0,0,0.07796525955200195,0.966828982035319,0.09403657913208008,0.07619305271200107,0.08255465825398763,0.011481920878092447
MATH_h256_R4_B16_c60_lru_s1_CA-rep_seed42,MATH,256,4,16,60,lru,True,CA-rep,42,False,MATH_h256_R4_B16_c60_lru_s0_CA-rep_seed42,OFF_to_ON,-0.18153529214564565,0.12403197000125983,-8923971059712,3850477568,-8879767289856,-0.15493099743703886,-19.93668619791697,10187553374208,21210628096,1263582314496,25061105664,1,1,False,247,308,279,0.09111436208089192,0.9696884155273438,0.10059054692586263,0.08175120247484403,0.08601665496826172,0.014573891957600912
MATH_h256_R4_B16_c60_lru_s1_CA_seed42,MATH,256,4,16,60,lru,True,CA,42,False,MATH_h256_R4_B16_c60_lru_s0_CA_seed42,OFF_to_ON,-0.1929516321355806,0.11316248342829315,-8970637934592,4133900288,-8972629180416,-0.1624468309885027,0.0,10115311730688,21424541696,1144673796096,25558441984,1,1,False,0,0,0,0.07855558395385742,0.9668758710225424,0.09475866953531902,0.07675099170643677,0.0829323132832845,0.011826356252034506
MATH_h256_R4_B32_c30_gate_s1_BR_seed42,MATH,256,4,32,30,gate,True,BR,42,False,MATH_h256_R4_B32_c30_gate_s0_BR_seed42,OFF_to_ON,0.03973614482989326,0.728205672441697,-1933528006656,-2226905088,-1935538126848,-0.000511421482533081,0.0,7113938042880,56042303488,5180410036224,53815398400,1,1,True,0,0,0,0.3007080554962158,0.3949759801228841,0.09140125910441081,0.07519902169866065,0.05975794792175293,0.031643311182657875
MATH_h256_R4_B32_c30_gate_s1_CA-rep_seed42,MATH,256,4,32,30,gate,True,CA-rep,42,False,MATH_h256_R4_B32_c30_gate_s0_CA-rep_seed42,OFF_to_ON,0.024916725130175774,0.7353906864547669,-2098376736768,-1163644928,-2083616980992,-0.015720295433693743,11.007731119791515,7930094026752,46701359104,5831717289984,45537714176,1,1,True,5602,1877,5752,0.3530532519022624,0.46010645230611164,0.10125009218851726,0.08347035680010015,0.05742327372233073,0.04382681846618652
MATH_h256_R4_B32_c30_gate_s1_CA_seed42,MATH,256,4,32,30,gate,True,CA,42,False,MATH_h256_R4_B32_c30_gate_s0_CA_seed42,OFF_to_ON,0.020881752900897884,0.7281764663033329,-1936878206976,-1060102144,-1938888327168,-0.016008421925380822,0.0,7125498593280,50766913536,5188620386304,49706811392,1,1,True,0,0,0,0.3013771375020345,0.3959912459055583,0.09160669644673665,0.07537814298841113,0.05914918581644694,0.03245751063028971
MATH_h256_R4_B32_c30_lru_s1_BR_seed42,MATH,256,4,32,30,lru,True,BR,42,False,MATH_h256_R4_B32_c30_lru_s0_BR_seed42,OFF_to_ON,0.08032473897256595,0.7847908056465032,-2421694660608,-4517363712,-2423865212928,-9.83888007542455e-05,0.0,11252747206656,56238759936,8831052546048,51721396224,1,1,True,0,0,0,0.8409188588460287,0.990807851155599,0.14932974179585776,0.12413434207244627,0.0007886091868082682,0.14854113260904947
MATH_h256_R4_B32_c30_lru_s1_CA-rep_seed42,MATH,256,4,32,30,lru,True,CA-rep,42,False,MATH_h256_R4_B32_c30_lru_s0_CA-rep_seed42,OFF_to_ON,0.06322233052146642,0.7908728162343065,-2459660451840,-2793914368,-2424535252992,-0.011722366159510611,-13.34033203125,11761552982016,44191891456,9301892530176,41397977088,1,1,True,49309,328,44042,0.8423169453938802,0.9925003051757812,0.14984353383382162,0.12453353919844004,0.0008220672607421875,0.14902146657307944
MATH_h256_R4_B32_c30_lru_s1_CA_seed42,MATH,256,4,32,30,lru,True,CA,42,False,MATH_h256_R4_B32_c30_lru_s0_CA_seed42,OFF_to_ON,0.06083416507023278,0.7847854765273355,-2421760720896,-2818605056,-2423931273216,-0.014177014095618556,0.0,11252775518208,46332600320,8831014797312,43513995264,1,1,True,0,0,0,0.8408861955006918,0.990803082784017,0.14934810002644858,0.12415230158645574,0.0008519490559895834,0.14849615097045898
MATH_h256_R4_B32_c40_gate_s1_BR_seed42,MATH,256,4,32,40,gate,True,BR,42,False,MATH_h256_R4_B32_c40_gate_s0_BR_seed42,OFF_to_ON,0.03053262008058375,0.7051745668132158,-1668833869824,-1714589696,-1670796804096,-5.561500050388357e-05,0.0,5660413526016,56155996160,3991579656192,54441406464,1,1,True,0,0,0,0.2108882268269857,0.2859853108723958,0.07299033800760905,0.05980582160759765,0.05882104237874349,0.01416929562886556
MATH_h256_R4_B32_c40_gate_s1_CA-rep_seed42,MATH,256,4,32,40,gate,True,CA-rep,42,False,MATH_h256_R4_B32_c40_gate_s0_CA-rep_seed42,OFF_to_ON,0.014896931847379434,0.7165344283260547,-1865835085824,-706027520,-1856520585216,-0.015025935260800982,11.082438151041515,6582228221952,47394156544,4716393136128,46688129024,1,1,True,2897,1425,3186,0.26045974095662433,0.34867087999979657,0.08344276746114095,0.06852084650419363,0.05925146738688151,0.02419130007425944
MATH_h256_R4_B32_c40_gate_s1_CA_seed42,MATH,256,4,32,40,gate,True,CA,42,False,MATH_h256_R4_B32_c40_gate_s0_CA_seed42,OFF_to_ON,0.012266259379844385,0.7038419922427713,-1678978842624,-634691584,-1680941776896,-0.01441406168868925,0.0,5669199544320,51742879744,3990220701696,51108188160,1,1,True,0,0,0,0.21070528030395508,0.28659264246622723,0.07336242993672688,0.06010712422492712,0.058284362157185875,0.015078067779541016
MATH_h256_R4_B32_c40_lru_s1_BR_seed42,MATH,256,4,32,40,lru,True,BR,42,False,MATH_h256_R4_B32_c40_lru_s0_BR_seed42,OFF_to_ON,0.07982095825265183,0.7845246441180298,-2421987213312,-4489117696,-2424157765632,-0.00019920040137144657,0.0,11240205189120,56239837184,8818217975808,51750719488,1,1,True,0,0,0,0.8382829030354818,0.9880572954813639,0.14888461430867514,0.12379971082967638,0.0006604989369710287,0.1482241153717041
MATH_h256_R4_B32_c40_lru_s1_CA-rep_seed42,MATH,256,4,32,40,lru,True,CA-rep,42,False,MATH_h256_R4_B32_c40_lru_s0_CA-rep_seed42,OFF_to_ON,0.06259505934223661,0.7906589346527019,-2459688763392,-2766602240,-2424450318336,-0.01176645624302508,-17.141845703125,11749671567360,44198412288,9289982803968,41431810048,1,1,True,48989,405,43749,0.8400503794352213,0.9901005427042643,0.1491276423136393,0.12398572279828173,0.0007886091868082682,0.14833903312683105
MATH_h256_R4_B32_c40_lru_s1_CA_seed42,MATH,256,4,32,40,lru,True,CA,42,False,MATH_h256_R4_B32_c40_lru_s0_CA_seed42,OFF_to_ON,0.06043020177165615,0.7844472447661176,-2423015866368,-2800336896,-2425186418688,-0.014284528076837166,0.0,11240941289472,46340022272,8817925423104,43539685376,1,1,True,0,0,0,0.8381862640380859,0.9881609280904134,0.1488638718922933,0.12378578100325667,0.0006818771362304688,0.14818199475606283
MATH_h256_R4_B32_c50_gate_s1_BR_seed42,MATH,256,4,32,50,gate,True,BR,42,False,MATH_h256_R4_B32_c50_gate_s0_BR_seed42,OFF_to_ON,0.01779062363565616,0.6718818828789942,-1398864347136,-997609472,-1400808407040,-0.001130203873840968,0.0,4263295057920,56075014144,2864430710784,55077404672,1,1,True,0,0,0,0.1404589811960856,0.19929607709248862,0.057861010233561196,0.04723336033768164,0.05130545298258463,0.0065555572509765625
MATH_h256_R4_B32_c50_gate_s1_CA-rep_seed42,MATH,256,4,32,50,gate,True,CA-rep,42,False,MATH_h256_R4_B32_c50_gate_s0_CA-rep_seed42,OFF_to_ON,0.012830362479950161,0.6948644350770407,-1597158457344,-616390656,-1591703764992,-0.010375462076408382,-5.954427083333485,5234258608128,48041562112,3637100150784,47425171456,1,1,True,1481,1056,1788,0.18605645497639975,0.25609366099039715,0.06882397333780925,0.056314131168594614,0.05738560358683268,0.011438369750976562
MATH_h256_R4_B32_c50_gate_s1_CA_seed42,MATH,256,4,32,50,gate,True,CA,42,False,MATH_h256_R4_B32_c50_gate_s0_CA_seed42,OFF_to_ON,0.00892495931700604,0.670026284982219,-1409811480576,-470335488,-1411764977664,-0.0118036483524811,0.0,4272496312320,52698894336,2862684831744,52228558848,1,1,True,0,0,0,0.1403838793436686,0.1998156706492106,0.05818533897399902,0.04747394247346386,0.05142370859781901,0.006761630376180013
MATH_h256_R4_B32_c50_lru_s1_BR_seed42,MATH,256,4,32,50,lru,True,BR,42,False,MATH_h256_R4_B32_c50_lru_s0_BR_seed42,OFF_to_ON,0.07983604736490386,0.7823001973577439,-2443202002944,-4489687040,-2445372555264,0.00010742306158562087,0.0,11222803021824,56236339200,8779601018880,51746652160,1,1,True,0,0,0,0.8326079845428467,0.9850467840830485,0.14828999837239584,0.12334338192738842,0.0010457833607991536,0.14724421501159668
MATH_h256_R4_B32_c50_lru_s1_CA-rep_seed42,MATH,256,4,32,50,lru,True,CA-rep,42,False,MATH_h256_R4_B32_c50_lru_s0_CA-rep_seed42,OFF_to_ON,0.06223425235425626,0.7899449805730996,-2464784842752,-2751234048,-2428310126592,-0.011858289297087432,-20.681315104166515,11733996404736,44207714304,9269211561984,41456480256,1,1,True,48495,497,43283,0.8370413780212402,0.9874635537465414,0.14882771174112955,0.12375446194410343,0.0007888476053873698,0.1480388641357422
MATH_h256_R4_B32_c50_lru_s1_CA_seed42,MATH,256,4,32,50,lru,True,CA,42,False,MATH_h256_R4_B32_c50_lru_s0_CA_seed42,OFF_to_ON,0.05949075162304783,0.7823248351404397,-2442890575872,-2757505024,-2445061128192,-0.014608878571364114,0.0,11222642589696,46351826944,8779752013824,43594321920,1,1,True,0,0,0,0.8326260248819987,0.9850656191507975,0.14830096562703451,0.12335051319850723,0.0010908444722493489,0.14721012115478516
MATH_h256_R4_B32_c60_gate_s1_BR_seed42,MATH,256,4,32,60,gate,True,BR,42,False,MATH_h256_R4_B32_c60_gate_s0_BR_seed42,OFF_to_ON,0.012268576850344354,0.6286085194213293,-1125837176832,-687992832,-1127734050816,-0.0006658965507609915,0.0,3031402807296,56077639680,1905565630464,55389646848,1,1,True,0,0,0,0.0864575703938802,0.13164949417114258,0.04512294133504232,0.036545095073905416,0.04280495643615723,0.0023179848988850913
MATH_h256_R4_B32_c60_gate_s1_CA-rep_seed42,MATH,256,4,32,60,gate,True,CA-rep,42,False,MATH_h256_R4_B32_c60_gate_s0_CA-rep_seed42,OFF_to_ON,0.006131783276793253,0.6554297618398693,-1372062744576,-296992768,-1368863539200,-0.01100236229869328,13.70109049479197,3981953728512,48434974720,2609890983936,48137981952,1,1,True,683,825,939,0.1250173250834147,0.1821767489115397,0.05480273564656576,0.04464742807980016,0.04953169822692871,0.005271037419637044
MATH_h256_R4_B32_c60_gate_s1_CA_seed42,MATH,256,4,32,60,gate,True,CA,42,False,MATH_h256_R4_B32_c60_gate_s0_CA_seed42,OFF_to_ON,0.004153192663627655,0.6262726525938465,-1133471858688,-221433856,-1135368732672,-0.010204145108432372,0.0,3032884445184,53316538368,1899412586496,53095104512,1,1,True,0,0,0,0.0861047903696696,0.1316680908203125,0.04507565498352051,0.036488344907986026,0.04266564051310221,0.0024100144704182944
MATH_h256_R4_B32_c60_lru_s1_BR_seed42,MATH,256,4,32,60,lru,True,BR,42,False,MATH_h256_R4_B32_c60_lru_s0_BR_seed42,OFF_to_ON,0.07555150862177265,0.5249440882911475,-5314153807872,-4249214976,-5316286611456,0.00010981621612740633,0.0,11186375491584,56242622464,5872221683712,51993407488,1,1,True,0,0,0,0.5487021605173746,0.9800972938537598,0.14111113548278809,0.11714049147282798,0.017780383427937824,0.12333075205485027
MATH_h256_R4_B32_c60_lru_s1_CA-rep_seed42,MATH,256,4,32,60,lru,True,CA-rep,42,False,MATH_h256_R4_B32_c60_lru_s0_CA-rep_seed42,OFF_to_ON,0.04430850212936944,0.7078574001416619,-3421394436096,-1959325696,-3370735632384,-0.02353780603094091,-22.339111328125,11711384911872,44220084224,8289990475776,42260758528,1,1,True,46498,1160,41622,0.7443141937255859,0.9844992160797119,0.147261381149292,0.12245132254590539,0.004257758458455403,0.14300362269083658
MATH_h256_R4_B32_c60_lru_s1_CA_seed42,MATH,256,4,32,60,lru,True,CA,42,False,MATH_h256_R4_B32_c60_lru_s0_CA_seed42,OFF_to_ON,0.004443395570665304,0.5256097818155745,-5307217477632,-206065664,-5309350281216,-0.05101762070438448,0.0,11187451330560,46375718912,5880233852928,46169653248,1,1,True,0,0,0,0.5494678815205892,0.980262835820516,0.14099415143330893,0.11703305387201447,0.016928354899088543,0.12406579653422038
MATH_h256_R4_B64_c30_gate_s1_BR_seed42,MATH,256,4,64,30,gate,True,BR,42,False,MATH_h256_R4_B64_c30_gate_s0_BR_seed42,OFF_to_ON,0.028400896051640995,0.7606401142581904,-1885266247680,-3185598464,-1886823383040,0.0002899429885650229,0.0,7876283203584,112165421056,5991016955904,108979822592,1,1,True,0,0,0,0.3230222463607788,0.4009435971577962,0.07404140631357829,0.059791643587197185,0.04259904225667318,0.03144236405690511
MATH_h256_R4_B64_c30_gate_s1_CA-rep_seed42,MATH,256,4,64,30,gate,True,CA-rep,42,False,MATH_h256_R4_B64_c30_gate_s0_CA-rep_seed42,OFF_to_ON,0.03135674516526772,0.7834706101360576,-2189898547200,-2857820160,-2022265847808,-0.004725255342196588,-20.682698567708258,10113631911936,91138928640,7923733364736,88281108480,1,1,True,88184,11511,66719,0.42490410804748535,0.5130085150400797,0.08874086538950603,0.07187970867457169,0.038424928983052574,0.05031593640645345
MATH_h256_R4_B64_c30_gate_s1_CA_seed42,MATH,256,4,64,30,gate,True,CA,42,False,MATH_h256_R4_B64_c30_gate_s0_CA_seed42,OFF_to_ON,0.016218827237065612,0.7601821325786359,-1891258859520,-1692856320,-1892815994880,-0.01028639474604004,0.0,7886229995520,104376000512,5994971136000,102683144192,1,1,True,0,0,0,0.32333556811014813,0.4017473856608073,0.0742873748143514,0.0599788866058561,0.04308613141377767,0.03120124340057373
MATH_h256_R4_B64_c30_lru_s1_BR_seed42,MATH,256,4,64,30,lru,True,BR,42,False,MATH_h256_R4_B64_c30_lru_s0_BR_seed42,OFF_to_ON,0.05777714549885332,0.8086697147458467,-2305145438208,-6497660928,-2306806382592,0.0001387947779820653,0.0,12047990390784,112460746752,9742844952576,105963085824,1,1,True,0,0,0,0.8742160399754842,0.9987434148788452,0.11891051133473714,0.09699509203228755,0.0006539424260457357,0.1182565689086914
MATH_h256_R4_B64_c30_lru_s1_CA-rep_seed42,MATH,256,4,64,30,lru,True,CA-rep,42,False,MATH_h256_R4_B64_c30_lru_s0_CA-rep_seed42,OFF_to_ON,0.04873470583967148,0.8234145292993407,-2512074571776,-4220223488,-2290838667264,-0.005653862677031718,-24.071858723958258,14225828216832,86595854336,11713753645056,82375630848,1,1,True,206686,0,153140,0.8805793126424154,1.0,0.11942068735758464,0.09734807687405367,0.0,0.11942068735758464
MATH_h256_R4_B64_c30_lru_s1_CA_seed42,MATH,256,4,64,30,lru,True,CA,42,False,MATH_h256_R4_B64_c30_lru_s0_CA_seed42,OFF_to_ON,0.0450835051709857,0.8087584116831043,-2304069599232,-4402225152,-2305730543616,-0.009205999574118218,0.0,12047952642048,97646026752,9743883042816,93243801600,1,1,True,0,0,0,0.8746501207351685,0.998860756556193,0.11897154649098714,0.09703758568697445,0.0006126562754313151,0.11835889021555583
MATH_h256_R4_B64_c40_gate_s1_BR_seed42,MATH,256,4,64,40,gate,True,BR,42,False,MATH_h256_R4_B64_c40_gate_s0_BR_seed42,OFF_to_ON,0.021456472104409253,0.7392320104975707,-1665370423296,-2406043648,-1666908684288,0.00035127514530230997,0.0,6386406653952,112136032256,4721036230656,109729988608,1,1,True,0,0,0,0.2268098990122477,0.2902781168619792,0.059950550397237144,0.0482074062211369,0.04436584313710531,0.015584707260131836
MATH_h256_R4_B64_c40_gate_s1_CA-rep_seed42,MATH,256,4,64,40,gate,True,CA-rep,42,False,MATH_h256_R4_B64_c40_gate_s0_CA-rep_seed42,OFF_to_ON,0.027324740161530702,0.7722141577203869,-2021397626880,-2484310016,-1876291485696,-0.0024761149491052126,-27.37548828125,8874114416640,90917974016,6852716789760,88433664000,1,1,True,66798,10902,52305,0.34180792172749835,0.418476939201355,0.07774889469146729,0.06277546505375238,0.04155250390370687,0.036196390787760414
MATH_h256_R4_B64_c40_gate_s1_CA_seed42,MATH,256,4,64,40,gate,True,CA,42,False,MATH_h256_R4_B64_c40_gate_s0_CA_seed42,OFF_to_ON,0.009712364428152195,0.7379657130716148,-1675987255296,-1027624960,-1677516079104,-0.00918521544112666,0.0,6396060893184,105805848576,4720073637888,104778223616,1,1,True,0,0,0,0.22693860530853271,0.29095343748728436,0.060310959815979004,0.04849474104397187,0.04421373208363851,0.016097227732340496
MATH_h256_R4_B64_c40_lru_s1_BR_seed42,MATH,256,4,64,40,lru,True,BR,42,False,MATH_h256_R4_B64_c40_lru_s0_BR_seed42,OFF_to_ON,0.056955522924306536,0.8090789634806853,-2295359078400,-6403686400,-2297020022784,-0.00011816998482030994,0.0,12022557179904,112433106944,9727198101504,106029420544,1,1,True,0,0,0,0.8714363972345988,0.9915927251180013,0.11840832233428955,0.0966280373107576,0.000698248545328776,0.11771007378896077
MATH_h256_R4_B64_c40_lru_s1_CA-rep_seed42,MATH,256,4,64,40,lru,True,CA-rep,42,False,MATH_h256_R4_B64_c40_lru_s0_CA-rep_seed42,OFF_to_ON,0.04814151876370168,0.8214181705044576,-2540471058432,-4168855552,-2308278583296,-0.005865169847028673,-30.309488932291515,14225809342464,86595846144,11685338284032,82426990592,1,1,True,205524,518,152552,0.8750347296396891,0.9999999602635702,0.11914153893788655,0.09715526914823458,0.0006429751714070638,0.11849856376647949
MATH_h256_R4_B64_c40_lru_s1_CA_seed42,MATH,256,4,64,40,lru,True,CA,42,False,MATH_h256_R4_B64_c40_lru_s0_CA_seed42,OFF_to_ON,0.04461615584170922,0.8090531375032767,-2296047992832,-4357464064,-2297699500032,-0.009237971906796927,0.0,12024538988544,97665609728,9728490995712,93308145664,1,1,True,0,0,0,0.8716938495635986,0.992084821065267,0.11842556794484456,0.09664200757752517,0.0006705919901529948,0.11775497595469157
MATH_h256_R4_B64_c50_gate_s1_BR_seed42,MATH,256,4,64,50,gate,True,BR,42,False,MATH_h256_R4_B64_c50_gate_s0_BR_seed42,OFF_to_ON,0.014945359010790483,0.7095443713074996,-1430856400896,-1677594624,-1432366350336,-0.00016661226678915675,0.0,4926247796736,112248532992,3495391395840,110570938368,1,1,True,0,0,0,0.15266517798105875,0.20316457748413086,0.047801971435546875,0.03826460034499888,0.04086832205454508,0.00693364938100179
MATH_h256_R4_B64_c50_gate_s1_CA-rep_seed42,MATH,256,4,64,50,gate,True,CA-rep,42,False,MATH_h256_R4_B64_c50_gate_s0_CA-rep_seed42,OFF_to_ON,0.01919678629122173,0.756780808476026,-1859634855936,-1745813504,-1729279033344,-0.0038298123022142416,-25.5810546875,7645921542144,90943008768,5786286686208,89197195264,1,1,True,48885,9953,39509,0.2688024044036865,0.3356953461964925,0.06689274311065674,0.05386303577425854,0.04415734608968099,0.02273539702097575
MATH_h256_R4_B64_c50_gate_s1_CA_seed42,MATH,256,4,64,50,gate,True,CA,42,False,MATH_h256_R4_B64_c50_gate_s0_CA_seed42,OFF_to_ON,0.0057290399238489305,0.7091571031332715,-1436197847040,-613494784,-1437717233664,-0.00778194318755332,0.0,4938053713920,107085094912,3501855866880,106471600128,1,1,True,0,0,0,0.15308109919230142,0.20399737358093262,0.04765307903289795,0.03816378054521957,0.04070572058359782,0.00694735844930013
MATH_h256_R4_B64_c50_lru_s1_BR_seed42,MATH,256,4,64,50,lru,True,BR,42,False,MATH_h256_R4_B64_c50_lru_s0_BR_seed42,OFF_to_ON,0.057124353737690446,0.8087066593285636,-2296123490304,-6423457792,-2297774997504,0.0001749737277866037,0.0,12003154329600,112446922752,9707030839296,106023464960,1,1,True,0,0,0,0.8683858315149943,0.9886027971903483,0.11798667907714844,0.09630349494802992,0.0006283919016520182,0.11735828717549641
MATH_h256_R4_B64_c50_lru_s1_CA-rep_seed42,MATH,256,4,64,50,lru,True,CA-rep,42,False,MATH_h256_R4_B64_c50_lru_s0_CA-rep_seed42,OFF_to_ON,0.048031522124069546,0.8222463267397649,-2522342227968,-4160909312,-2297133268992,-0.005756444092865576,-37.518229166666515,14190099038208,86628720640,11667756810240,82467811328,1,1,True,204820,726,152073,0.8728915452957153,0.9933178424835205,0.11885404586791992,0.0969602848377012,0.0008044640223185221,0.1180495818456014
MATH_h256_R4_B64_c50_lru_s1_CA_seed42,MATH,256,4,64,50,lru,True,CA,42,False,MATH_h256_R4_B64_c50_lru_s0_CA_seed42,OFF_to_ON,0.044235834272386594,0.8086935738500921,-2296331108352,-4321267712,-2297982615552,-0.00931095113538144,0.0,12003418570752,97687040000,9707087462400,93365772288,1,1,True,0,0,0,0.8684110244115194,0.9886850516001383,0.11797706286112468,0.09629747711233151,0.0006464322408040365,0.11733063062032063
MATH_h256_R4_B64_c60_gate_s1_BR_seed42,MATH,256,4,64,60,gate,True,BR,42,False,MATH_h256_R4_B64_c60_gate_s0_BR_seed42,OFF_to_ON,0.009739430308005396,0.6721635606411174,-1176703598592,-1092943872,-1178175799296,0.00029127887441093847,0.0,3589300813824,112218460160,2412597215232,111125516288,1,1,True,0,0,0,0.09589628378550212,0.13512428601582846,0.03687711556752523,0.029396593630598156,0.034199039141337075,0.002678076426188151
MATH_h256_R4_B64_c60_gate_s1_CA-rep_seed42,MATH,256,4,64,60,gate,True,CA-rep,42,False,MATH_h256_R4_B64_c60_gate_s0_CA-rep_seed42,OFF_to_ON,0.024817427226583425,0.7526037963754275,-1592694669312,-2253148160,-1494425272320,0.0035406206010460406,-64.71451822916652,6437829869568,90788950016,4845135200256,88535801856,1,1,True,35850,8939,30055,0.2117945353190104,0.2644771734873454,0.05838863054911295,0.0468537426493937,0.04391662279764811,0.014472007751464844
MATH_h256_R4_B64_c60_gate_s1_CA_seed42,MATH,256,4,64,60,gate,True,CA,42,False,MATH_h256_R4_B64_c60_gate_s0_CA_seed42,OFF_to_ON,0.005427704739711333,0.6693821080155838,-1188471767040,-586862592,-1189934530560,-0.006233909341686661,0.0,3594698883072,108123529216,2406227116032,107536666624,1,1,True,0,0,0,0.09558685620625813,0.13539199034372965,0.03719778855641683,0.02961596036596047,0.034421284993489586,0.002776503562927246
MATH_h256_R4_B64_c60_lru_s1_BR_seed42,MATH,256,4,64,60,lru,True,BR,42,False,MATH_h256_R4_B64_c60_lru_s0_BR_seed42,OFF_to_ON,0.05672793542145476,0.8030005957690938,-2359126130688,-6378328064,-2360777637888,0.00016183887763618343,0.0,11975295762432,112437161984,9616169631744,106058833920,1,1,True,0,0,0,0.8584537108739217,0.984931230545044,0.11732463041941325,0.09580436544244725,0.0011622111002604167,0.11616241931915283
MATH_h256_R4_B64_c60_lru_s1_CA-rep_seed42,MATH,256,4,64,60,lru,True,CA-rep,42,False,MATH_h256_R4_B64_c60_lru_s0_CA-rep_seed42,OFF_to_ON,0.047584865796252124,0.821876964215326,-2524616589312,-4122877952,-2297992052736,-0.005854447048335987,-43.859456380208485,14173442408448,86642630656,11648825819136,82519752704,1,1,True,204049,903,151994,0.870864748954773,0.9912328322728475,0.11833937962849934,0.0965740858331849,0.000845630963643392,0.11749374866485596
MATH_h256_R4_B64_c60_lru_s1_CA_seed42,MATH,256,4,64,60,lru,True,CA,42,False,MATH_h256_R4_B64_c60_lru_s0_CA_seed42,OFF_to_ON,0.042914605761844096,0.8025968356679587,-2364212772864,-4193476608,-2365854842880,-0.009949395590002574,0.0,11976569782272,97716768768,9612357009408,93523292160,1,1,True,0,0,0,0.8580393393834432,0.9850730498631796,0.11734588940938313,0.09581677663194496,0.0012723604838053386,0.1160735289255778
MATH_h256_R4_B8_c30_gate_s1_BR_seed42,MATH,256,4,8,30,gate,True,BR,42,False,MATH_h256_R4_B8_c30_gate_s0_BR_seed42,OFF_to_ON,0.06072727155897439,0.6627452804770019,-1641937895424,-851628032,-1644042387456,-0.00031193618785640975,0.0,4868539416576,14023815168,3226601521152,13172187136,1,1,True,0,0,0,0.25307432810465497,0.37644290924072266,0.12419764200846355,0.1046679920351973,0.10015455881754558,0.02404308319091797
MATH_h256_R4_B8_c30_gate_s1_CA-rep_seed42,MATH,256,4,8,30,gate,True,CA-rep,42,False,MATH_h256_R4_B8_c30_gate_s0_CA-rep_seed42,OFF_to_ON,0.01695830100220141,0.662465924227874,-1645231472640,-199983104,-1647345401856,-0.0377230748304368,0.0,4874267787264,11792637952,3229036314624,11592654848,1,1,True,0,1,1,0.25372982025146484,0.37719472249348956,0.12453715006510417,0.1050349401891536,0.09927431742350261,0.025262832641601562
MATH_h256_R4_B8_c30_gate_s1_CA_seed42,MATH,256,4,8,30,gate,True,CA,42,False,MATH_h256_R4_B8_c30_gate_s0_CA_seed42,OFF_to_ON,0.01691679360970481,0.6625299984310747,-1644221693952,-199688192,-1646335623168,-0.037860459962941906,0.0,4872201043968,11804139520,3227979350016,11604451328,1,1,True,0,0,0,0.25367482503255206,0.3769938151041667,0.1244214375813802,0.10493378042987905,0.09923807779947917,0.025183359781901043
MATH_h256_R4_B8_c30_lru_s1_BR_seed42,MATH,256,4,8,30,lru,True,BR,42,False,MATH_h256_R4_B8_c30_lru_s0_BR_seed42,OFF_to_ON,0.13425295531458994,0.7440066692702857,-2251664916480,-1889603584,-2254420574208,0.0002607539780860868,0.0,8795795226624,14074949632,6544130310144,12185346048,1,1,True,0,0,0,0.7779769897460938,0.9894434611002604,0.2103710174560547,0.18044428029356158,0.0010401407877604167,0.20933087666829428
MATH_h256_R4_B8_c30_lru_s1_CA-rep_seed42,MATH,256,4,8,30,lru,True,CA-rep,42,False,MATH_h256_R4_B8_c30_lru_s0_CA-rep_seed42,OFF_to_ON,0.08811736758339563,0.7439979915520732,-2251806474240,-842481664,-2254552694784,-0.028683640503077534,-0.006998697916515084,8796050030592,9560903680,6544243556352,8718422016,1,1,True,14,1,15,0.7779935201009115,0.9894495010375977,0.21035130818684897,0.18042665465507673,0.0010747909545898438,0.20927651723225912
MATH_h256_R4_B8_c30_lru_s1_CA_seed42,MATH,256,4,8,30,lru,True,CA,42,False,MATH_h256_R4_B8_c30_lru_s0_CA_seed42,OFF_to_ON,0.08812101657072309,0.7439973391842668,-2251768725504,-842571776,-2254524383232,-0.02868786221908992,0.0,8795880161280,9561530368,6544111435776,8718958592,1,1,True,0,0,0,0.7780024210611979,0.9894475936889648,0.21035099029541016,0.18042640630170934,0.0010744730631510417,0.20927651723225912
MATH_h256_R4_B8_c40_gate_s1_BR_seed42,MATH,256,4,8,40,gate,True,BR,42,False,MATH_h256_R4_B8_c40_gate_s0_BR_seed42,OFF_to_ON,0.045845539354902445,0.6280194474187086,-1370430111744,-642494464,-1372487417856,0.0003688613492434656,0.0,3684144513024,14014328832,2313714401280,13371834368,1,1,True,0,0,0,0.17046165466308594,0.2678680419921875,0.10078144073486328,0.08451195939878171,0.09076881408691406,0.010012626647949219
MATH_h256_R4_B8_c40_gate_s1_CA-rep_seed42,MATH,256,4,8,40,gate,True,CA-rep,42,False,MATH_h256_R4_B8_c40_gate_s0_CA-rep_seed42,OFF_to_ON,0.007390410237689597,0.6272741687168497,-1375412944896,-91131904,-1377470251008,-0.033662564809422924,0.0,3690146562048,12331102208,2314733617152,12239970304,1,1,True,0,1,1,0.17095184326171875,0.26882076263427734,0.10185019175211589,0.08549047383945493,0.09213447570800781,0.009715716044108072
MATH_h256_R4_B8_c40_gate_s1_CA_seed42,MATH,256,4,8,40,gate,True,CA,42,False,MATH_h256_R4_B8_c40_gate_s0_CA_seed42,OFF_to_ON,0.007516945321591038,0.6270951829023352,-1375422382080,-92766208,-1377479688192,-0.0337032482663055,0.0,3688400683008,12340944896,2312978300928,12248178688,1,1,True,0,0,0,0.17073758443196616,0.26864178975423175,0.10171890258789062,0.08536754140612243,0.0919790267944336,0.009739875793457031
MATH_h256_R4_B8_c40_lru_s1_BR_seed42,MATH,256,4,8,40,lru,True,BR,42,False,MATH_h256_R4_B8_c40_lru_s0_BR_seed42,OFF_to_ON,0.13312816942727954,0.7342202228441607,-2332805824512,-1873600512,-2335542607872,0.0002565270282784138,0.0,8777213411328,14073659392,6444407586816,12200058880,1,1,True,0,0,0,0.7612454096476237,0.9853855768839518,0.20891253153483072,0.17919418058016964,0.003104527791341146,0.2058080037434896
MATH_h256_R4_B8_c40_lru_s1_CA-rep_seed42,MATH,256,4,8,40,lru,True,CA-rep,42,False,MATH_h256_R4_B8_c40_lru_s0_CA-rep_seed42,OFF_to_ON,0.08172448092146711,0.7341888501157818,-2333409804288,-782110720,-2336080527360,-0.03206713795244398,-0.01171875,8778449682432,9570091008,6445039878144,8787980288,1,1,True,7,2,8,0.7612428665161133,0.9855991999308268,0.20898119608561197,0.17925478935683492,0.0030962626139322915,0.2058849334716797
MATH_h256_R4_B8_c40_lru_s1_CA_seed42,MATH,256,4,8,40,lru,True,CA,42,False,MATH_h256_R4_B8_c40_lru_s0_CA_seed42,OFF_to_ON,0.0816932596416475,0.7341690093906051,-2333551362048,-781856768,-2336288145408,-0.03208307790867265,0.0,8778326999040,9570639872,6444775636992,8788783104,1,1,True,0,0,0,0.7611989974975586,0.9856084187825521,0.20897356669108072,0.17924810740948485,0.0031153361002604165,0.2058582305908203
MATH_h256_R4_B8_c50_gate_s1_BR_seed42,MATH,256,4,8,50,gate,True,BR,42,False,MATH_h256_R4_B8_c50_gate_s0_BR_seed42,OFF_to_ON,0.033511930085926754,0.5874101816582612,-1097855926272,-470085632,-1099875483648,-0.00017403529301779352,0.0,2660889526272,14027411456,1563033600000,13557325824,1,1,True,0,0,0,0.10911941528320312,0.18421204884847006,0.08133824666341145,0.06764677054302114,0.07680606842041016,0.004532178243001302
MATH_h256_R4_B8_c50_gate_s1_CA-rep_seed42,MATH,256,4,8,50,gate,True,CA-rep,42,False,MATH_h256_R4_B8_c50_gate_s0_CA-rep_seed42,OFF_to_ON,0.004501619485058649,0.5838519871699556,-1109303230464,-57434112,-1111322787840,-0.026013722753333635,0.0,2665645867008,12758544384,1556342636544,12701110272,1,1,True,0,1,1,0.10898780822753906,0.1845852533976237,0.08265463511149089,0.06888761459207242,0.07796573638916016,0.0046888987223307295
MATH_h256_R4_B8_c50_gate_s1_CA_seed42,MATH,256,4,8,50,gate,True,CA,42,False,MATH_h256_R4_B8_c50_gate_s0_CA_seed42,OFF_to_ON,0.004737855655961553,0.5837802605757036,-1108850245632,-60493824,-1110869803008,-0.025929731676957612,0.0,2664098168832,12768186368,1555247923200,12707692544,1,1,True,0,0,0,0.10890738169352214,0.18445301055908203,0.08265177408854167,0.06888519097364824,0.07796192169189453,0.004689852396647136
MATH_h256_R4_B8_c50_lru_s1_BR_seed42,MATH,256,4,8,50,lru,True,BR,42,False,MATH_h256_R4_B8_c50_lru_s0_BR_seed42,OFF_to_ON,0.07377491673795648,0.1388193474397091,-7476259848192,-1037795328,-7478241656832,-0.0007408047778323934,0.0,8681407119360,14067048448,1205147271168,13029253120,1,1,True,0,0,0,0.0911550521850586,0.9697548548380533,0.13178507486979166,0.10868451861224222,0.11118412017822266,0.02060095469156901
MATH_h256_R4_B8_c50_lru_s1_CA-rep_seed42,MATH,256,4,8,50,lru,True,CA-rep,42,False,MATH_h256_R4_B8_c50_lru_s0_CA-rep_seed42,OFF_to_ON,-0.2766145984736632,0.13927142936352538,-7471409135616,2662068224,-7473277698048,-0.21381446232974632,-0.9268391927084849,8680331280384,9623744512,1208922144768,12285812736,1,1,False,0,1,1,0.09196027119954427,0.9697144826253256,0.13347943623860678,0.11023978128406796,0.11221822102864583,0.021261215209960938
MATH_h256_R4_B8_c50_lru_s1_CA_seed42,MATH,256,4,8,50,lru,True,CA,42,False,MATH_h256_R4_B8_c50_lru_s0_CA_seed42,OFF_to_ON,-0.27687588230061866,0.13868425058166084,-7476335345664,2664734720,-7478288842752,-0.21442695129076544,0.0,8680133099520,9624293376,1203797753856,12289028096,1,1,False,0,0,0,0.09130318959554036,0.9696992238362631,0.13293011983235678,0.10976759261456892,0.11244392395019531,0.020486195882161457
MATH_h256_R4_B8_c60_gate_s1_BR_seed42,MATH,256,4,8,60,gate,True,BR,42,False,MATH_h256_R4_B8_c60_gate_s0_BR_seed42,OFF_to_ON,0.02336260710682175,0.5222821354762229,-859491532800,-327958528,-861397843968,-0.0006178353598462194,0.0,1799161380864,14037753856,939669848064,13709795328,1,1,True,0,0,0,0.06140836079915365,0.11800320943196614,0.0652774175008138,0.05357178380682749,0.06367842356363933,0.0015989939371744792
MATH_h256_R4_B8_c60_gate_s1_CA-rep_seed42,MATH,256,4,8,60,gate,True,CA-rep,42,False,MATH_h256_R4_B8_c60_gate_s0_CA-rep_seed42,OFF_to_ON,0.0031549594691223965,0.5188473667117159,-866833661952,-41259008,-868796596224,-0.021315514912384093,0.0,1801577299968,13077508096,934743638016,13036249088,1,1,True,0,1,1,0.06135400136311849,0.11829439798990886,0.06573009490966797,0.05413779153094396,0.06400775909423828,0.0017223358154296875
MATH_h256_R4_B8_c60_gate_s1_CA_seed42,MATH,256,4,8,60,gate,True,CA,42,False,MATH_h256_R4_B8_c60_gate_s0_CA_seed42,OFF_to_ON,0.0033147559233886897,0.5185909364925432,-866673229824,-43368448,-868636164096,-0.021231108498276474,0.0,1800284405760,13083451392,933611175936,13040082944,1,1,True,0,0,0,0.06127103169759115,0.11817614237467448,0.06565570831298828,0.054054748373717446,0.06389013926188152,0.0017655690511067708
MATH_h256_R4_B8_c60_lru_s1_BR_seed42,MATH,256,4,8,60,lru,True,BR,42,False,MATH_h256_R4_B8_c60_lru_s0_BR_seed42,OFF_to_ON,0.03484838455030942,0.0923193706438479,-4344520900608,-489476096,-4346351714304,-0.0011630530641907888,0.0,4786398167040,14045876224,441877266432,13556400128,1,1,True,0,0,0,0.023502031962076824,0.4837493896484375,0.08050219217936198,0.06398300695169054,0.07761478424072266,0.0028874079386393228
MATH_h256_R4_B8_c60_lru_s1_CA-rep_seed42,MATH,256,4,8,60,lru,True,CA-rep,42,False,MATH_h256_R4_B8_c60_lru_s0_CA-rep_seed42,OFF_to_ON,-0.1403672043793089,0.09182107386260063,-4372549337088,1608101888,-4374399025152,-0.1318702448743717,-0.773681640625,4814634221568,11456393216,442084884480,13064495104,1,1,False,0,1,1,0.023591359456380207,0.4875284830729167,0.08180840810139973,0.06506218956719169,0.0786746342976888,0.0031337738037109375
MATH_h256_R4_B8_c60_lru_s1_CA_seed42,MATH,256,4,8,60,lru,True,CA,42,False,MATH_h256_R4_B8_c60_lru_s0_CA_seed42,OFF_to_ON,-0.13994489786944864,0.0918531792088836,-4371426312192,1603481600,-4373276000256,-0.13192985536512536,0.0,4813567819776,11457949696,442141507584,13061431296,1,1,False,0,0,0,0.023546536763509113,0.48744042714436847,0.08192857106526692,0.06516870553249692,0.07887872060139973,0.0030498504638671875
MATH_h256_R8_B16_c30_gate_s1_BR_seed42,MATH,256,8,16,30,gate,True,BR,42,False,MATH_h256_R8_B16_c30_gate_s0_BR_seed42,OFF_to_ON,0.04458808481523253,0.7289471246112104,-1932678660096,-3342467072,-1934688780288,-0.0004195546949792295,0.0,7130264371200,74963234816,5197585711104,71620767744,1,1,True,0,0,0,0.3021806875864665,0.3963922659556071,0.09130255381266277,0.07514403953663439,0.05958716074625651,0.03171539306640625
MATH_h256_R8_B16_c30_gate_s1_CA-rep_seed42,MATH,256,8,16,30,gate,True,CA-rep,42,False,MATH_h256_R8_B16_c30_gate_s0_CA-rep_seed42,OFF_to_ON,0.0246810542339566,0.7327604955606345,-1982941102080,-1630371840,-1984403865600,-0.016851823809872962,-3.348876953125,7420089729024,66057625600,5437148626944,64427253760,1,1,True,186,200,306,0.3228270212809245,0.4213376045227051,0.09576193491617839,0.07887738082613657,0.0588078498840332,0.03695408503214518
MATH_h256_R8_B16_c30_gate_s1_CA_seed42,MATH,256,8,16,30,gate,True,CA,42,False,MATH_h256_R8_B16_c30_gate_s0_CA_seed42,OFF_to_ON,0.02276613933039903,0.7282077288178569,-1942229090304,-1536655360,-1944229773312,-0.01742399931296404,0.0,7146005594112,67497406464,5203776503808,65960751104,1,1,True,0,0,0,0.3028558890024821,0.39822785059611004,0.09179266293843587,0.07553009799670479,0.05946532885233561,0.03232733408610026
MATH_h256_R8_B16_c30_lru_s1_BR_seed42,MATH,256,8,16,30,lru,True,BR,42,False,MATH_h256_R8_B16_c30_lru_s0_BR_seed42,OFF_to_ON,0.08491762329926196,0.7847841510028898,-2421911715840,-6399254528,-2424082268160,-0.00010552914331291019,0.0,11253407809536,75358380032,8831496093696,68959125504,1,1,True,0,0,0,0.8410329818725586,0.9910023212432861,0.1493659814198812,0.12416226078680595,0.0008668899536132812,0.1484990914662679
MATH_h256_R8_B16_c30_lru_s1_CA-rep_seed42,MATH,256,8,16,30,lru,True,CA-rep,42,False,MATH_h256_R8_B16_c30_lru_s0_CA-rep_seed42,OFF_to_ON,0.06404171170826134,0.786135866410494,-2423449976832,-3924537344,-2423723655168,-0.014914410316286542,-3.3672688802082575,11331726999552,61280956416,8908277022720,57356419072,1,1,True,7800,129,7641,0.8417437871297201,0.9916020234425863,0.14960090319315592,0.12434649074283957,0.0007905165354410807,0.14881038665771484
MATH_h256_R8_B16_c30_lru_s1_CA_seed42,MATH,256,8,16,30,lru,True,CA,42,False,MATH_h256_R8_B16_c30_lru_s0_CA_seed42,OFF_to_ON,0.06358940608538767,0.7848206454382779,-2421704097792,-3917221888,-2423874650112,-0.015386011294056035,0.0,11254351527936,61601800192,8832647430144,57684578304,1,1,True,0,0,0,0.8413087526957194,0.9912108580271403,0.14947009086608887,0.12425186859940647,0.0009729862213134766,0.1484971046447754
MATH_h256_R8_B16_c40_gate_s1_BR_seed42,MATH,256,8,16,40,gate,True,BR,42,False,MATH_h256_R8_B16_c40_gate_s0_BR_seed42,OFF_to_ON,0.030173771642371665,0.7046100693971064,-1676676169728,-2258243584,-1678639104000,0.00017704280636901548,0.0,5676145311744,74841276416,3999469142016,72583032832,1,1,True,0,0,0,0.2114864985148112,0.2871185938517253,0.07330528895060222,0.06006534885135962,0.05893095334370931,0.014374335606892904
MATH_h256_R8_B16_c40_gate_s1_CA-rep_seed42,MATH,256,8,16,40,gate,True,CA-rep,42,False,MATH_h256_R8_B16_c40_gate_s0_CA-rep_seed42,OFF_to_ON,0.015074134591007291,0.7065615853138706,-1754070515712,-1018003456,-1755542716416,-0.01643081712826608,7.87931315104197,5977644466176,67533127680,4223573950464,66515124224,1,1,True,112,171,199,0.22719748814900717,0.3081661860148112,0.07713031768798828,0.06323733049172464,0.059242804845174156,0.01788751284281413
MATH_h256_R8_B16_c40_gate_s1_CA_seed42,MATH,256,8,16,40,gate,True,CA,42,False,MATH_h256_R8_B16_c40_gate_s0_CA_seed42,OFF_to_ON,0.015166052066445206,0.7029868292982203,-1690416709632,-1044684800,-1692379643904,-0.01565973139577409,0.0,5691386363904,68883107840,4000969654272,67838423040,1,1,True,0,0,0,0.2118377685546875,0.2885262966156006,0.07407371203104655,0.06070129963052786,0.05907980600992838,0.014993906021118164
MATH_h256_R8_B16_c40_lru_s1_BR_seed42,MATH,256,8,16,40,lru,True,BR,42,False,MATH_h256_R8_B16_c40_lru_s0_BR_seed42,OFF_to_ON,0.08463737821656417,0.7845223813813234,-2422289203200,-6377881600,-2424459755520,7.194630485581055e-05,0.0,11241488646144,75355377664,8819199442944,68977496064,1,1,True,0,0,0,0.8384456634521484,0.988318681716919,0.1488779385884603,0.1237954088071659,0.0006509621938069662,0.14822697639465332
MATH_h256_R8_B16_c40_lru_s1_CA-rep_seed42,MATH,256,8,16,40,lru,True,CA-rep,42,False,MATH_h256_R8_B16_c40_lru_s0_CA-rep_seed42,OFF_to_ON,0.06336496989151214,0.7857735312089189,-2425243041792,-3883339776,-2425271353344,-0.015059058181096041,-4.158203125,11320930861056,61285277696,8895687819264,57401937920,1,1,True,7673,146,7483,0.8391666412353516,0.9892737070719401,0.1490453084309896,0.12392710590803058,0.0007779598236083984,0.1482673486073812
MATH_h256_R8_B16_c40_lru_s1_CA_seed42,MATH,256,8,16,40,lru,True,CA,42,False,MATH_h256_R8_B16_c40_lru_s0_CA_seed42,OFF_to_ON,0.06301380554331784,0.7845199206330554,-2422798811136,-3882483712,-2424969363456,-0.015477384916394776,0.0,11243725258752,61613223936,8820926447616,57730740224,1,1,True,0,0,0,0.8387076059977213,0.9887898763020834,0.14891823132832846,0.1238263274742257,0.0007193088531494141,0.14819892247517905
MATH_h256_R8_B16_c50_gate_s1_BR_seed42,MATH,256,8,16,50,gate,True,BR,42,False,MATH_h256_R8_B16_c50_gate_s0_BR_seed42,OFF_to_ON,0.01878407640711597,0.6706289358099169,-1409717108736,-1405825024,-1411670605824,-9.124663068160732e-05,0.0,4280027185152,74841317376,2870310076416,73435492352,1,1,True,0,0,0,0.1407767136891683,0.2003154754638672,0.05826195081075033,0.047576133998767346,0.05177911122639974,0.006482839584350586
MATH_h256_R8_B16_c50_gate_s1_CA-rep_seed42,MATH,256,8,16,50,gate,True,CA-rep,42,False,MATH_h256_R8_B16_c50_gate_s0_CA-rep_seed42,OFF_to_ON,0.009527506074046047,0.6756647130889706,-1479033225216,-654336000,-1480590360576,-0.013483222219826313,-0.341064453125,4560198303744,68678623232,3081165078528,68024287232,1,1,True,60,161,126,0.1533843676249186,0.21673973401387533,0.06146542231241862,0.05019758667761373,0.05347116788228353,0.007994254430135092
MATH_h256_R8_B16_c50_gate_s1_CA_seed42,MATH,256,8,16,50,gate,True,CA,42,False,MATH_h256_R8_B16_c50_gate_s0_CA_seed42,OFF_to_ON,0.010421594774826308,0.6704289931398904,-1414992494592,-731029504,-1416936554496,-0.013243022479579841,0.0,4293437423616,70145646592,2878444929024,69414617088,1,1,True,0,0,0,0.1414057413736979,0.20131341616312662,0.05849933624267578,0.04771746367658133,0.051660617192586265,0.0068387190500895185
MATH_h256_R8_B16_c50_lru_s1_BR_seed42,MATH,256,8,16,50,lru,True,BR,42,False,MATH_h256_R8_B16_c50_lru_s0_BR_seed42,OFF_to_ON,0.08474764070175164,0.7824765818841609,-2441522184192,-6387920896,-2443692736512,-2.3036483487393067e-05,0.0,11224180850688,75375796224,8782658666496,68987875328,1,1,True,0,0,0,0.8330600261688232,0.9852946599324545,0.14829325675964355,0.12334956677839025,0.0010179678599039714,0.1472752888997396
MATH_h256_R8_B16_c50_lru_s1_CA-rep_seed42,MATH,256,8,16,50,lru,True,CA-rep,42,False,MATH_h256_R8_B16_c50_lru_s0_CA-rep_seed42,OFF_to_ON,0.06276122366969296,0.7841655145698505,-2439795179520,-3847888896,-2439021330432,-0.015278696554990645,-4.91975911458303,11304009990144,61309972480,8864214810624,57462083584,1,1,True,7441,160,7182,0.8346179326375326,0.9862596193949381,0.1486341953277588,0.12359997819470014,0.000978549321492513,0.14765564600626627
MATH_h256_R8_B16_c50_lru_s1_CA_seed42,MATH,256,8,16,50,lru,True,CA,42,False,MATH_h256_R8_B16_c50_lru_s0_CA_seed42,OFF_to_ON,0.062006800040036204,0.7820676298940641,-2446778695680,-3821477888,-2448949248000,-0.01590186071780514,0.0,11227238498304,61629980672,8780459802624,57808502784,1,1,True,0,0,0,0.8328940868377686,0.9857198397318522,0.14842939376831055,0.12344950573922,0.001135428746541341,0.1472939650217692
MATH_h256_R8_B16_c60_gate_s1_BR_seed42,MATH,256,8,16,60,gate,True,BR,42,False,MATH_h256_R8_B16_c60_gate_s0_BR_seed42,OFF_to_ON,0.013926364862427588,0.6287307700663214,-1128970321920,-1043382272,-1130867195904,-0.00042707531257543674,0.0,3040839991296,74921365504,1911869669376,73877983232,1,1,True,0,0,0,0.08679779370625813,0.1321863333384196,0.04526948928833008,0.03665783889829493,0.04294912020365397,0.002320369084676107
MATH_h256_R8_B16_c60_gate_s1_CA-rep_seed42,MATH,256,8,16,60,gate,True,CA-rep,42,False,MATH_h256_R8_B16_c60_gate_s0_CA-rep_seed42,OFF_to_ON,0.005937863627430604,0.6423199468108071,-1172777730048,-412852224,-1174485860352,-0.010345670068409807,-4.035563151041515,3278845771776,69528748032,2106068041728,69115895808,1,1,True,31,161,79,0.09746543566385905,0.1447730859120687,0.04767068227132162,0.038656987229988976,0.04461129506429037,0.00305938720703125
MATH_h256_R8_B16_c60_gate_s1_CA_seed42,MATH,256,8,16,60,gate,True,CA,42,False,MATH_h256_R8_B16_c60_gate_s0_CA_seed42,OFF_to_ON,0.007848910951170622,0.6266227235451578,-1138643435520,-555859968,-1140540309504,-0.010618530959620315,0.0,3049578823680,70820012032,1910935388160,70264152064,1,1,True,0,0,0,0.08688759803771973,0.13278047243754068,0.04540880521138509,0.0367348389001609,0.04296771685282389,0.0024410883585611978
MATH_h256_R8_B16_c60_lru_s1_BR_seed42,MATH,256,8,16,60,lru,True,BR,42,False,MATH_h256_R8_B16_c60_lru_s0_BR_seed42,OFF_to_ON,0.08160255246979657,0.5205793634458814,-5363689586688,-6148120576,-5365831827456,-3.944499535402102e-05,0.0,11187857129472,75342258176,5824167542784,69194137600,1,1,True,0,0,0,0.5441000461578369,0.9803338845570883,0.1411121686299642,0.1171499753482361,0.018109242121378582,0.12300292650858562
MATH_h256_R8_B16_c60_lru_s1_CA-rep_seed42,MATH,256,8,16,60,lru,True,CA-rep,42,False,MATH_h256_R8_B16_c60_lru_s0_CA-rep_seed42,OFF_to_ON,0.014809175332825646,0.5611016571061704,-4948293058560,-908365824,-4917914763264,-0.04835563295937728,0.28279622395803017,11274348920832,61338042368,6326055862272,60429676544,1,1,True,4123,877,4041,0.5890306631724039,0.9823360443115234,0.14342387517293295,0.11910403059725069,0.013871033986409506,0.12955284118652344
MATH_h256_R8_B16_c60_lru_s1_CA_seed42,MATH,256,8,16,60,lru,True,CA,42,False,MATH_h256_R8_B16_c60_lru_s0_CA_seed42,OFF_to_ON,0.006475796992684458,0.5229638985760443,-5339190657024,-399351808,-5341323460608,-0.05360306664459977,0.0,11192424726528,61668364288,5853234069504,61269012480,1,1,True,0,0,0,0.5466617743174235,0.9809648195902506,0.1410984992980957,0.11713154322564878,0.01889514923095703,0.12220335006713867
MATH_h256_R8_B32_c30_gate_s1_BR_seed42,MATH,256,8,32,30,gate,True,BR,42,False,MATH_h256_R8_B32_c30_gate_s0_BR_seed42,OFF_to_ON,0.03279765105322511,0.7604111998029837,-1891315482624,-4916662272,-1892863180800,0.0001730806210104019,0.0,7894006235136,149908975616,6002690752512,144992313344,1,1,True,0,0,0,0.3256373405456543,0.4038364887237549,0.07427644729614258,0.05996056014285289,0.043336192766825356,0.03094025452931722
MATH_h256_R8_B32_c30_gate_s1_CA-rep_seed42,MATH,256,8,32,30,gate,True,CA-rep,42,False,MATH_h256_R8_B32_c30_gate_s0_CA-rep_seed42,OFF_to_ON,0.027207621181854397,0.7727187410151948,-1976939053056,-3635863552,-1962783277056,-0.007812114325256858,-19.443277994791515,8698205306880,133634011136,6721266253824,129998147584,1,1,True,8503,2328,8225,0.38237003485361737,0.4654672145843506,0.08325004577636719,0.06734941979097607,0.041132728258768715,0.04211731751759847
MATH_h256_R8_B32_c30_gate_s1_CA_seed42,MATH,256,8,32,30,gate,True,CA,42,False,MATH_h256_R8_B32_c30_gate_s0_CA_seed42,OFF_to_ON,0.019047370305258243,0.7596960098911355,-1900233621504,-2640633856,-1901781319680,-0.010913929848433535,0.0,7907624091648,138635087872,6007390470144,135994454016,1,1,True,0,0,0,0.3263014554977417,0.4052428404490153,0.07470901807149251,0.06031537024628621,0.04349478085835775,0.031214237213134766
MATH_h256_R8_B32_c30_lru_s1_BR_seed42,MATH,256,8,32,30,lru,True,BR,42,False,MATH_h256_R8_B32_c30_lru_s0_BR_seed42,OFF_to_ON,0.061203808833511834,0.8086892154405314,-2304890634240,-9219506176,-2306551578624,1.0038369843298756e-05,0.0,12047886581760,150636150784,9742995947520,141416644608,1,1,True,0,0,0,0.8743675947189331,0.9987875620524088,0.11898334821065266,0.09704512942148075,0.0006966193517049154,0.11828672885894775
MATH_h256_R8_B32_c30_lru_s1_CA-rep_seed42,MATH,256,8,32,30,lru,True,CA-rep,42,False,MATH_h256_R8_B32_c30_lru_s0_CA-rep_seed42,OFF_to_ON,0.04719710584889017,0.8148803761995244,-2339006054400,-5979414528,-2303097569280,-0.008876962460421634,-12.313802083333258,12635105918976,126690279424,10296099864576,120710864896,1,1,True,57765,239,50381,0.8766481479008993,1.0,0.11933680375417073,0.0972955438048332,0.0005384683609008789,0.11879833539326985
MATH_h256_R8_B32_c30_lru_s1_CA_seed42,MATH,256,8,32,30,lru,True,CA,42,False,MATH_h256_R8_B32_c30_lru_s0_CA_seed42,OFF_to_ON,0.046045972355365776,0.808738623786596,-2304362151936,-5964259328,-2306023096320,-0.009864618051910412,0.0,12048235757568,129528360960,9743873605632,123564101632,1,1,True,0,0,0,0.8747444550196329,0.9990877707799276,0.11903663476308186,0.09708535894688004,0.0006779034932454427,0.11835873126983643
MATH_h256_R8_B32_c40_gate_s1_BR_seed42,MATH,256,8,32,40,gate,True,BR,42,False,MATH_h256_R8_B32_c40_gate_s0_BR_seed42,OFF_to_ON,0.022905008001041012,0.7394034051143019,-1669088673792,-3428986880,-1670626934784,0.00020732933296033207,0.0,6404875223040,149704679424,4735786549248,146275692544,1,1,True,0,0,0,0.2287998596827189,0.29253653685251874,0.05997606118520101,0.04823142371198831,0.04407421747843424,0.015901843706766765
MATH_h256_R8_B32_c40_gate_s1_CA-rep_seed42,MATH,256,8,32,40,gate,True,CA-rep,42,False,MATH_h256_R8_B32_c40_gate_s0_CA-rep_seed42,OFF_to_ON,0.020529615802474182,0.7574781701889215,-1793093271552,-2765172736,-1781721464832,-0.00767493147482054,-20.479573567708485,7393533493248,134691889152,5600440221696,131926716416,1,1,True,4888,1868,5025,0.2885518471399943,0.35853270689646405,0.06953231493631999,0.05601790943437782,0.044729391733805336,0.02480292320251465
MATH_h256_R8_B32_c40_gate_s1_CA_seed42,MATH,256,8,32,40,gate,True,CA,42,False,MATH_h256_R8_B32_c40_gate_s0_CA_seed42,OFF_to_ON,0.013033885630049825,0.7395624108573865,-1671523467264,-1835274240,-1673052291072,-0.00959009216793083,0.0,6418134466560,140807913472,4746610999296,138972639232,1,1,True,0,0,0,0.22982529799143472,0.2937954266866048,0.060219645500183105,0.04845187634348552,0.04464292526245117,0.015576720237731934
MATH_h256_R8_B32_c40_lru_s1_BR_seed42,MATH,256,8,32,40,lru,True,BR,42,False,MATH_h256_R8_B32_c40_lru_s0_BR_seed42,OFF_to_ON,0.06050039327977658,0.8091046099986656,-2295075962880,-9112969216,-2296736907264,2.9367736758850738e-05,0.0,12022689300480,150626611200,9727613337600,141513641984,1,1,True,0,0,0,0.8714717626571655,0.9916447401046753,0.1184217135111491,0.09663368575957963,0.0007371902465820312,0.11768452326456706
MATH_h256_R8_B32_c40_lru_s1_CA-rep_seed42,MATH,256,8,32,40,lru,True,CA-rep,42,False,MATH_h256_R8_B32_c40_lru_s0_CA-rep_seed42,OFF_to_ON,0.047018525744331366,0.8151458661831277,-2331107131392,-5960347648,-2297331449856,-0.008837147242875987,-16.547119140625,12610522054656,126765940736,10279414923264,120805593088,1,1,True,57331,334,50155,0.8733458916346232,0.9943339824676514,0.11888583501180013,0.09697817086147269,0.0008587439854939779,0.11802709102630615
MATH_h256_R8_B32_c40_lru_s1_CA_seed42,MATH,256,8,32,40,lru,True,CA,42,False,MATH_h256_R8_B32_c40_lru_s0_CA_seed42,OFF_to_ON,0.04603960347543141,0.8090415070172492,-2296151801856,-5967491072,-2297803309056,-0.0099042647841531,0.0,12024350244864,129616474112,9728198443008,123648983040,1,1,True,0,0,0,0.871634284655253,0.992164134979248,0.11847635110219319,0.0966695077106338,0.0008021990458170573,0.11767415205637614
MATH_h256_R8_B32_c50_gate_s1_BR_seed42,MATH,256,8,32,50,gate,True,BR,42,False,MATH_h256_R8_B32_c50_gate_s0_BR_seed42,OFF_to_ON,0.016869260105679944,0.7106928087600329,-1429695627264,-2528862208,-1431186702336,0.0006834205949094591,0.0,4941790838784,149909491712,3512095211520,147380629504,1,1,True,0,0,0,0.15389291445414224,0.2041942278544108,0.047680179278055825,0.03815574673960689,0.04072638352711996,0.006953795750935872
MATH_h256_R8_B32_c50_gate_s1_CA-rep_seed42,MATH,256,8,32,50,gate,True,CA-rep,42,False,MATH_h256_R8_B32_c50_gate_s0_CA-rep_seed42,OFF_to_ON,0.016070640632064145,0.7428313017100445,-1561721831424,-2182213632,-1553841782784,-0.0057887545659082995,-31.032633463541515,6072752406528,135788838912,4511030575104,133606625280,1,1,True,2711,1449,2952,0.2118608554204305,0.268243670463562,0.05754399299621582,0.046251101707351555,0.044749180475870766,0.012794812520345053
MATH_h256_R8_B32_c50_gate_s1_CA_seed42,MATH,256,8,32,50,gate,True,CA,42,False,MATH_h256_R8_B32_c50_gate_s0_CA_seed42,OFF_to_ON,0.008274985131493584,0.7101894881933987,-1436575334400,-1176903680,-1438094721024,-0.00838067476763335,0.0,4956946956288,142224265216,3520371621888,141047361536,1,1,True,0,0,0,0.15458154678344727,0.2053528626759847,0.04794196287790934,0.03837401705291875,0.041007677714029946,0.0069342851638793945
MATH_h256_R8_B32_c50_lru_s1_BR_seed42,MATH,256,8,32,50,lru,True,BR,42,False,MATH_h256_R8_B32_c50_lru_s0_BR_seed42,OFF_to_ON,0.06044107453397788,0.8087017709377519,-2296227299328,-9103446016,-2297878806528,-1.1271850813537876e-05,0.0,12003390259200,150616879104,9707162959872,141513433088,1,1,True,0,0,0,0.8683809439341227,0.988611658414205,0.1179892619450887,0.09630633230800745,0.0006527503331502279,0.11733651161193848
MATH_h256_R8_B32_c50_lru_s1_CA-rep_seed42,MATH,256,8,32,50,lru,True,CA-rep,42,False,MATH_h256_R8_B32_c50_lru_s0_CA-rep_seed42,OFF_to_ON,0.04665450548989112,0.8147275725099303,-2332956819456,-5916200960,-2298596032512,-0.008946668029581634,-19.82194010416697,12592034611200,126808780800,10259077791744,120892579840,1,1,True,56822,421,49789,0.87074875831604,0.9911514123280843,0.1183096965154012,0.09654553275927331,0.0008211533228556315,0.11748854319254558
MATH_h256_R8_B32_c50_lru_s1_CA_seed42,MATH,256,8,32,50,lru,True,CA,42,False,MATH_h256_R8_B32_c50_lru_s0_CA_seed42,OFF_to_ON,0.045762000555497825,0.8086292907869437,-2297388072960,-5932679168,-2299039580160,-0.009981628295315736,0.0,12004909645824,129642041344,9707521572864,123709362176,1,1,True,0,0,0,0.8685498237609863,0.9888753890991211,0.11799379189809163,0.09631004872260314,0.0006988843282063802,0.11729490756988525
MATH_h256_R8_B32_c60_gate_s1_BR_seed42,MATH,256,8,32,60,gate,True,BR,42,False,MATH_h256_R8_B32_c60_gate_s0_BR_seed42,OFF_to_ON,0.009521527768607338,0.6719259537158253,-1180129296384,-1426464768,-1181610934272,0.00015866800208194642,0.0,3597143113728,149814693888,2417013817344,148388229120,1,1,True,0,0,0,0.09594746430714925,0.13500972588857016,0.037036776542663574,0.029458676043245834,0.03447580337524414,0.0025609731674194336
MATH_h256_R8_B32_c60_gate_s1_CA-rep_seed42,MATH,256,8,32,60,gate,True,CA-rep,42,False,MATH_h256_R8_B32_c60_gate_s0_CA-rep_seed42,OFF_to_ON,0.011106786621029091,0.7129827163867392,-1387728470016,-1512300544,-1381971787776,-0.005463423736426998,-18.5234375,4834999664640,136160043008,3447271194624,134647742464,1,1,True,1379,1128,1646,0.1493466297785441,0.1971565087636312,0.047105630238850914,0.03770762186269497,0.04038623968760172,0.0067193905512491865
MATH_h256_R8_B32_c60_gate_s1_CA_seed42,MATH,256,8,32,60,gate,True,CA,42,False,MATH_h256_R8_B32_c60_gate_s0_CA_seed42,OFF_to_ON,0.008160399208417237,0.6691857757966715,-1193454600192,-1170694144,-1194879614976,-0.006863219649731661,0.0,3607627825152,143460401152,2414173224960,142289707008,1,1,True,0,0,0,0.09626162052154541,0.13579845428466797,0.037291884422302246,0.029676565502739217,0.03479901949564616,0.0024928649266560874
MATH_h256_R8_B32_c60_lru_s1_BR_seed42,MATH,256,8,32,60,lru,True,BR,42,False,MATH_h256_R8_B32_c60_lru_s0_BR_seed42,OFF_to_ON,0.0599305518650132,0.8029491398276504,-2359928291328,-9025683456,-2361570361344,0.00016682808127953253,0.0,11976239480832,150602375168,9616311189504,141576691712,1,1,True,0,0,0,0.8584889968236288,0.9850125312805176,0.1173174778620402,0.09579505599288177,0.0011751651763916016,0.1161423126856486
MATH_h256_R8_B32_c60_lru_s1_CA-rep_seed42,MATH,256,8,32,60,lru,True,CA-rep,42,False,MATH_h256_R8_B32_c60_lru_s0_CA-rep_seed42,OFF_to_ON,0.046294620220020795,0.8137992457409596,-2339968647168,-5871493120,-2304352714752,-0.009019773544310078,-23.20621744791697,12566912827392,126828843008,10226944180224,120957349888,1,1,True,56106,546,48971,0.8670508066813151,0.9882506529490153,0.11789679527282715,0.0962352312909081,0.0008260806401570638,0.11707071463267009
MATH_h256_R8_B32_c60_lru_s1_CA_seed42,MATH,256,8,32,60,lru,True,CA,42,False,MATH_h256_R8_B32_c60_lru_s0_CA_seed42,OFF_to_ON,0.044199888193751674,0.8029031587173541,-2361089064960,-5731512320,-2362740572160,-0.010625179024436548,0.0,11979334877184,129672552448,9618245812224,123941040128,1,1,True,0,0,0,0.8585587739944458,0.9855687220891317,0.11731243133544922,0.09579390343908252,0.0011867284774780273,0.11612570285797119
MATH_h256_R8_B64_c30_gate_s1_BR_seed42,MATH,256,8,64,30,gate,True,BR,42,False,MATH_h256_R8_B64_c30_gate_s0_BR_seed42,OFF_to_ON,0.022902524405273475,0.7869931718600565,-1807598223360,-6865162240,-1808777871360,0.0002473392550295106,0.0,8486104596480,299755700224,6678506373120,292890537984,1,1,True,0,0,0,0.3384415904680888,0.4016842246055603,0.059425413608551025,0.04704979500956352,0.030788262685139973,0.028637150923411053
MATH_h256_R8_B64_c30_gate_s1_CA-rep_seed42,MATH,256,8,64,30,gate,True,CA-rep,42,False,MATH_h256_R8_B64_c30_gate_s0_CA-rep_seed42,OFF_to_ON,0.022249048361205746,0.8093946098114295,-2047264948224,-5907472384,-1910850453504,-0.0044686954527577705,-19.526936848958258,10740855472128,265515732992,8693590523904,259608260608,1,1,True,98559,12130,75287,0.4378027121225993,0.5080054601033529,0.07071765263875325,0.05621817484700347,0.025587995847066242,0.04512965679168701
MATH_h256_R8_B64_c30_gate_s1_CA_seed42,MATH,256,8,64,30,gate,True,CA,42,False,MATH_h256_R8_B64_c30_gate_s0_CA_seed42,OFF_to_ON,0.012007539934390144,0.7870527390102537,-1809570594816,-3384803328,-1810759680000,-0.0065275227470733,0.0,8497740644352,281889824768,6688170049536,278505021440,1,1,True,0,0,0,0.33957260847091675,0.4030473232269287,0.05949443578720093,0.04712185426907833,0.030733346939086914,0.028761088848114014
MATH_h256_R8_B64_c30_lru_s1_BR_seed42,MATH,256,8,64,30,lru,True,BR,42,False,MATH_h256_R8_B64_c30_lru_s0_BR_seed42,OFF_to_ON,0.04137440628317925,0.8318873053572201,-2125546389504,-12457672704,-2126792097792,4.40554684061345e-06,0.0,12643580510208,301096108032,10518034120704,288638435328,1,1,True,0,0,0,0.9045341610908508,1.0,0.09203922748565674,0.07364027600382995,0.00037036339441935223,0.09166886409123738
MATH_h256_R8_B64_c30_lru_s1_CA-rep_seed42,MATH,256,8,64,30,lru,True,CA-rep,42,False,MATH_h256_R8_B64_c30_lru_s0_CA-rep_seed42,OFF_to_ON,0.033222811461478714,0.8469266502388215,-2291584204800,-8438038528,-2114618130432,-0.004681842579486922,-23.280110677083485,14970497531904,253983277056,12678913327104,245545238528,1,1,True,227685,0,164154,0.9077656070391337,1.0,0.09223439296086629,0.07376031067316294,0.0,0.09223439296086629
MATH_h256_R8_B64_c30_lru_s1_CA_seed42,MATH,256,8,64,30,lru,True,CA,42,False,MATH_h256_R8_B64_c30_lru_s0_CA_seed42,OFF_to_ON,0.031634427813681636,0.8319082045915618,-2125282148352,-8479809536,-2126527856640,-0.00606930515518278,0.0,12643580510208,268056358912,10518298361856,259576549376,1,1,True,0,0,0,0.9046350717544556,1.0,0.09211283922195435,0.07369449469846368,0.0002877513567606608,0.09182508786519368
MATH_h256_R8_B64_c40_gate_s1_BR_seed42,MATH,256,8,64,40,gate,True,BR,42,False,MATH_h256_R8_B64_c40_gate_s0_BR_seed42,OFF_to_ON,0.01375856449846602,0.7681628650503888,-1619788824576,-4114137088,-1620959035392,0.0002878469518095561,0.0,6986753114112,299023716352,5366964289536,294909579264,1,1,True,0,0,0,0.23980369170506796,0.29155532519022626,0.04795144001642863,0.03778647152261511,0.03313042720158895,0.014821012814839682
MATH_h256_R8_B64_c40_gate_s1_CA-rep_seed42,MATH,256,8,64,40,gate,True,CA-rep,42,False,MATH_h256_R8_B64_c40_gate_s0_CA-rep_seed42,OFF_to_ON,0.016683841259739533,0.7963449823024067,-1933594066944,-4435611648,-1808721248256,-0.004393008321334296,-16.462727864583258,9494458269696,265862733824,7560864202752,261427122176,1,1,True,74201,11731,58604,0.35264859596888226,0.41546785831451416,0.06161810954411825,0.04879173195103701,0.02970069646835327,0.031917413075764976
MATH_h256_R8_B64_c40_gate_s1_CA_seed42,MATH,256,8,64,40,gate,True,CA,42,False,MATH_h256_R8_B64_c40_gate_s0_CA_seed42,OFF_to_ON,0.010018678770953209,0.767638344849153,-1626819526656,-2858266624,-1627989737472,-0.0056521582170147855,0.0,7001239191552,285293768704,5374419664896,282435502080,1,1,True,0,0,0,0.24081748723983765,0.29298126697540283,0.04832847913106283,0.0380844102493133,0.03396989901860555,0.014358580112457275
MATH_h256_R8_B64_c40_lru_s1_BR_seed42,MATH,256,8,64,40,lru,True,BR,42,False,MATH_h256_R8_B64_c40_lru_s0_BR_seed42,OFF_to_ON,0.041286587782966705,0.8318077426840428,-2123158781952,-12433465344,-2124376178688,1.7790619671387287e-05,0.0,12623403810816,301150228480,10500245028864,288716763136,1,1,True,0,0,0,0.9003898700078329,0.9950245022773743,0.09149626890818278,0.07325540317576267,0.0005491177241007487,0.09094715118408203
MATH_h256_R8_B64_c40_lru_s1_CA-rep_seed42,MATH,256,8,64,40,lru,True,CA-rep,42,False,MATH_h256_R8_B64_c40_lru_s0_CA-rep_seed42,OFF_to_ON,0.03277449570888334,0.8457049632138564,-2309873467392,-8324173824,-2125678510080,-0.004895683434509385,-29.620198567708485,14970497531904,253983277056,12660624064512,245659103232,1,1,True,226919,378,163776,0.904636800289154,1.0,0.09212138255437215,0.07368574416946568,0.0004273653030395508,0.0916940172513326
MATH_h256_R8_B64_c40_lru_s1_CA_seed42,MATH,256,8,64,40,lru,True,CA,42,False,MATH_h256_R8_B64_c40_lru_s0_CA_seed42,OFF_to_ON,0.03104254793047644,0.8318038652493139,-2123187093504,-8324214784,-2124404490240,-0.006128205817570537,0.0,12623281127424,268155011072,10500094033920,259830796288,1,1,True,0,0,0,0.900478740533193,0.9951030214627584,0.09147181113560994,0.0732384501057056,0.000533600648244222,0.09093821048736572
MATH_h256_R8_B64_c50_gate_s1_BR_seed42,MATH,256,8,64,50,gate,True,BR,42,False,MATH_h256_R8_B64_c50_gate_s0_BR_seed42,OFF_to_ON,0.012576345149109455,0.7436780010065045,-1408348717056,-3765583872,-1409490616320,-6.824446100649195e-05,0.0,5494451208192,299417980928,4086102491136,295652397056,1,1,True,0,0,0,0.16283597548802695,0.20412790775299072,0.038150787353515625,0.029860084166739916,0.03128906091054281,0.006861726442972819
MATH_h256_R8_B64_c50_gate_s1_CA-rep_seed42,MATH,256,8,64,50,gate,True,CA-rep,42,False,MATH_h256_R8_B64_c50_gate_s0_CA-rep_seed42,OFF_to_ON,0.01670646898452136,0.7922975596546707,-1708281298944,-4449275904,-1609370173440,-0.0024609232687304583,-47.329752604166515,8224656850944,266320543744,6516375552000,261871267840,1,1,True,55470,10992,45167,0.28292276461919147,0.3325103322664897,0.05358030398686727,0.04227223859082968,0.03271754582722982,0.02086275815963745
MATH_h256_R8_B64_c50_gate_s1_CA_seed42,MATH,256,8,64,50,gate,True,CA,42,False,MATH_h256_R8_B64_c50_gate_s0_CA_seed42,OFF_to_ON,0.007803742900252077,0.7434293702268499,-1413397610496,-2235019264,-1414539509760,-0.005033411795761222,0.0,5508805165056,286403497984,4095407554560,284168478720,1,1,True,0,0,0,0.16374830404917398,0.20531429847081503,0.038250903288523354,0.02996464198941098,0.03121348222096761,0.007037421067555745
MATH_h256_R8_B64_c50_lru_s1_BR_seed42,MATH,256,8,64,50,lru,True,BR,42,False,MATH_h256_R8_B64_c50_lru_s0_BR_seed42,OFF_to_ON,0.041119230439234246,0.8316178199699535,-2121809264640,-12382658560,-2123007787008,0.00013878368163774968,0.0,12601150930944,301140328448,10479341666304,288757669888,1,1,True,0,0,0,0.8973767161369324,0.9907851616541544,0.09099481503168742,0.07289311201815415,0.0005236268043518066,0.09047118822733562
MATH_h256_R8_B64_c50_lru_s1_CA-rep_seed42,MATH,256,8,64,50,lru,True,CA-rep,42,False,MATH_h256_R8_B64_c50_lru_s0_CA-rep_seed42,OFF_to_ON,0.03236822568671121,0.8450615714360528,-2317423214592,-8222973952,-2130453725184,-0.004799381112160994,-36.17301432291697,14957058981888,254044631040,12639635767296,245821657088,1,1,True,226070,604,163896,0.9015320936838785,0.9981033205986023,0.09173007806142171,0.07342858741706494,0.0005844434102376302,0.09114563465118408
MATH_h256_R8_B64_c50_lru_s1_CA_seed42,MATH,256,8,64,50,lru,True,CA,42,False,MATH_h256_R8_B64_c50_lru_s0_CA_seed42,OFF_to_ON,0.030910769607009003,0.8316001761364998,-2122130128896,-8291741696,-2123328651264,-0.006152990982393414,0.0,12601736036352,268247662592,10479605907456,259955920896,1,1,True,0,0,0,0.8973917563756307,0.9909433722496033,0.09099109967549641,0.07288662945063999,0.0005136330922444662,0.09047746658325195
MATH_h256_R8_B64_c60_gate_s1_BR_seed42,MATH,256,8,64,60,gate,True,BR,42,False,MATH_h256_R8_B64_c60_gate_s0_BR_seed42,OFF_to_ON,0.0095166119710217,0.7088168073136427,-1187905536000,-2853834752,-1189047435264,0.00043234966582889056,0.0,4079581396992,299879280640,2891675860992,297025445888,1,1,True,0,0,0,0.1044263243675232,0.13659405708312988,0.02978817621866862,0.023248427978019924,0.026990453402201336,0.002797722816467285
MATH_h256_R8_B64_c60_gate_s1_CA-rep_seed42,MATH,256,8,64,60,gate,True,CA-rep,42,False,MATH_h256_R8_B64_c60_gate_s0_CA-rep_seed42,OFF_to_ON,0.010409038199228761,0.7693019060035844,-1631481495552,-2765967360,-1537864630272,-0.0036639717514400927,-22.890706380208485,7071933136896,265727467520,5440451641344,262961500160,1,1,True,39736,9605,33230,0.2191195289293925,0.26618295907974243,0.04612835248311361,0.036278237767958695,0.03318381309509277,0.012944539388020834
MATH_h256_R8_B64_c60_gate_s1_CA_seed42,MATH,256,8,64,60,gate,True,CA,42,False,MATH_h256_R8_B64_c60_gate_s0_CA_seed42,OFF_to_ON,0.006660883124475982,0.7059210389682314,-1202674728960,-1918136320,-1203816628224,-0.004087137417698727,0.0,4089631997952,287970271232,2886957268992,286052134912,1,1,True,0,0,0,0.10432843367258708,0.13748695453008017,0.030253231525421143,0.023633336720319947,0.027431249618530273,0.002821981906890869
MATH_h256_R8_B64_c60_lru_s1_BR_seed42,MATH,256,8,64,60,lru,True,BR,42,False,MATH_h256_R8_B64_c60_lru_s0_BR_seed42,OFF_to_ON,0.040494002575408854,0.8312352986209413,-2121998008320,-12192215040,-2123196530688,-0.00015715743971873863,0.0,12573707599872,301086932992,10451709591552,288894717952,1,1,True,0,0,0,0.8939421971638998,0.9874380032221476,0.09067678451538086,0.07265842447867957,0.0005669792493184408,0.09010980526606242
MATH_h256_R8_B64_c60_lru_s1_CA-rep_seed42,MATH,256,8,64,60,lru,True,CA-rep,42,False,MATH_h256_R8_B64_c60_lru_s0_CA-rep_seed42,OFF_to_ON,0.03246807013085873,0.8454523208677337,-2306608201728,-8252383232,-2123526832128,-0.004761190851860331,-42.742268880208485,14924897058816,254169194496,12618288857088,245916811264,1,1,True,225211,860,163074,0.8993768493334452,0.9931404987970988,0.09140485525131226,0.07319406327667785,0.0005145072937011719,0.09089034795761108
MATH_h256_R8_B64_c60_lru_s1_CA_seed42,MATH,256,8,64,60,lru,True,CA,42,False,MATH_h256_R8_B64_c60_lru_s0_CA_seed42,OFF_to_ON,0.03073595198747372,0.8311729831144465,-2123007787008,-8247459840,-2124206309376,-0.006195934696488686,0.0,12575047680000,268332662784,10452039892992,260085202944,1,1,True,0,0,0,0.8938815792401632,0.9875196218490601,0.09063525994618733,0.07262768669760955,0.0005216598510742188,0.09011360009511311
MATH_h256_R8_B8_c30_gate_s1_BR_seed42,MATH,256,8,8,30,gate,True,BR,42,False,MATH_h256_R8_B8_c30_gate_s0_BR_seed42,OFF_to_ON,0.05708173815013015,0.6953025478921651,-1884832137216,-2136997888,-1887012126720,-0.0004244763452262851,0.0,6185913679872,37437505536,4301081542656,35300507648,1,1,True,0,0,0,0.2775875727335612,0.38773759206136066,0.1087659200032552,0.09102556723081182,0.0798951784769694,0.02887074152628581
MATH_h256_R8_B8_c30_gate_s1_CA-rep_seed42,MATH,256,8,8,30,gate,True,CA-rep,42,False,MATH_h256_R8_B8_c30_gate_s0_CA-rep_seed42,OFF_to_ON,0.020333450289545592,0.6940894204366111,-1898742546432,-659177472,-1900931973120,-0.028233820375584834,-0.002848307291515084,6206854791168,32418377728,4308112244736,31759200256,1,1,True,2,7,7,0.2788275082906087,0.3902425765991211,0.10971275965372722,0.09179357251061382,0.08001279830932617,0.029699961344401043
MATH_h256_R8_B8_c30_gate_s1_CA_seed42,MATH,256,8,8,30,gate,True,CA,42,False,MATH_h256_R8_B8_c30_gate_s0_CA_seed42,OFF_to_ON,0.020779039540223736,0.6940629953150146,-1896241692672,-674525184,-1898431119360,-0.028146608550192215,0.0,6198144270336,32461807616,4301902577664,31787282432,1,1,True,0,0,0,0.27831824620564777,0.38956324259440106,0.10946893692016602,0.09161691587274451,0.07981093724568684,0.029657999674479168
MATH_h256_R8_B8_c30_lru_s1_BR_seed42,MATH,256,8,8,30,lru,True,BR,42,False,MATH_h256_R8_B8_c30_lru_s0_BR_seed42,OFF_to_ON,0.11438499654857551,0.7601383868218421,-2464699908096,-4314722304,-2467238510592,-0.00019230150444828065,0.0,10275507929088,37721051136,7810808020992,33406328832,1,1,True,0,0,0,0.8066287040710449,0.9904055595397949,0.1831202507019043,0.1549812829664561,0.001121203104654948,0.18199904759724936
MATH_h256_R8_B8_c30_lru_s1_CA-rep_seed42,MATH,256,8,8,30,lru,True,CA-rep,42,False,MATH_h256_R8_B8_c30_lru_s0_CA-rep_seed42,OFF_to_ON,0.08140907842260879,0.7601121728063587,-2465426571264,-2307555328,-2467946299392,-0.0233236873696131,-0.05021158854174246,10277414240256,28345184256,7811987668992,26037628928,1,1,True,74,5,80,0.8067784309387207,0.9907263120015463,0.1831378936767578,0.15499588629459132,0.0010927518208821614,0.18204514185587564
MATH_h256_R8_B8_c30_lru_s1_CA_seed42,MATH,256,8,8,30,lru,True,CA,42,False,MATH_h256_R8_B8_c30_lru_s0_CA_seed42,OFF_to_ON,0.08141757179039592,0.7600922722029988,-2465445445632,-2308018176,-2467984048128,-0.023338411286997762,0.0,10276640391168,28347912192,7811194945536,26039894016,1,1,True,0,0,0,0.806773821512858,0.9907245635986328,0.18313360214233398,0.15499189774090075,0.0010940233866373699,0.18203957875569662
MATH_h256_R8_B8_c40_gate_s1_BR_seed42,MATH,256,8,8,40,gate,True,BR,42,False,MATH_h256_R8_B8_c40_gate_s0_BR_seed42,OFF_to_ON,0.039050976129328376,0.6668829323271427,-1603830546432,-1460883456,-1605972787200,-0.0009289002615420067,0.0,4814615347200,37409652736,3210784800768,35948769280,1,1,True,0,0,0,0.1911330223083496,0.27870750427246094,0.08728806177775066,0.07276844133554333,0.0743406613667806,0.012947400410970053
MATH_h256_R8_B8_c40_gate_s1_CA-rep_seed42,MATH,256,8,8,40,gate,True,CA-rep,42,False,MATH_h256_R8_B8_c40_gate_s0_CA-rep_seed42,OFF_to_ON,0.013892946610819364,0.6659016796538824,-1615655337984,-465129472,-1617797578752,-0.025206692733316632,-0.002766927083484916,4835867885568,33479540736,3220212547584,33014411264,1,1,True,0,6,3,0.19241507848103842,0.28115304311116535,0.08796374003092448,0.07327660940117035,0.07444222768147786,0.013521512349446615
MATH_h256_R8_B8_c40_gate_s1_CA_seed42,MATH,256,8,8,40,gate,True,CA,42,False,MATH_h256_R8_B8_c40_gate_s0_CA_seed42,OFF_to_ON,0.01362336423664132,0.6655542391504103,-1614390755328,-456167424,-1616532996096,-0.025263875225143034,0.0,4827062992896,33484197888,3212672237568,33028030464,1,1,True,0,0,0,0.19184144337972006,0.28049421310424805,0.08794275919596355,0.07326395921636827,0.07450596491495769,0.01343679428100586
MATH_h256_R8_B8_c40_lru_s1_BR_seed42,MATH,256,8,8,40,lru,True,BR,42,False,MATH_h256_R8_B8_c40_lru_s0_BR_seed42,OFF_to_ON,0.114135617247464,0.7590183277249949,-2472881946624,-4304977920,-2475420549120,-0.00019340962353059377,0.0,10261701328896,37718093824,7788819382272,33413115904,1,1,True,0,0,0,0.8023893038431803,0.9873153368631998,0.18261543909708658,0.15456714393649462,0.0011804898579915364,0.18143494923909506
MATH_h256_R8_B8_c40_lru_s1_CA-rep_seed42,MATH,256,8,8,40,lru,True,CA-rep,42,False,MATH_h256_R8_B8_c40_lru_s0_CA-rep_seed42,OFF_to_ON,0.08072587927785826,0.7590713924516159,-2472976318464,-2289557504,-2475486609408,-0.023647186735583747,-0.048502604166515084,10264353177600,28362125312,7791376859136,26072567808,1,1,True,67,5,70,0.802858829498291,0.9876963297526041,0.1825998624165853,0.15455834322754583,0.0011091232299804688,0.18149073918660483
MATH_h256_R8_B8_c40_lru_s1_CA_seed42,MATH,256,8,8,40,lru,True,CA,42,False,MATH_h256_R8_B8_c40_lru_s0_CA_seed42,OFF_to_ON,0.08069957722239823,0.7590341394431066,-2473174499328,-2289078272,-2475713101824,-0.02366659749302097,0.0,10263588765696,28365430784,7790414266368,26076352512,1,1,True,0,0,0,0.8027755419413248,0.9876852035522461,0.18259731928507486,0.15455659730398139,0.0011080106099446614,0.18148930867513022
MATH_h256_R8_B8_c50_gate_s1_BR_seed42,MATH,256,8,8,50,gate,True,BR,42,False,MATH_h256_R8_B8_c50_gate_s0_BR_seed42,OFF_to_ON,0.027423648590191096,0.630424881771338,-1317176082432,-1026973696,-1319290011648,-0.0004722240865724231,0.0,3564028035072,37448470528,2246851952640,36421496832,1,1,True,0,0,0,0.12501192092895508,0.1931142807006836,0.06948057810465495,0.057548691005166824,0.06395610173543294,0.005524476369222005
MATH_h256_R8_B8_c50_gate_s1_CA-rep_seed42,MATH,256,8,8,50,gate,True,CA-rep,42,False,MATH_h256_R8_B8_c50_gate_s0_CA-rep_seed42,OFF_to_ON,0.007633347073445658,0.6296464128862626,-1326622703616,-261763072,-1328736632832,-0.02106390200729852,-0.98974609375,3582043619328,34292043776,2255420915712,34030280704,1,1,True,0,6,2,0.12614870071411133,0.19498777389526367,0.07040723164876302,0.05827352619831333,0.06482664744059245,0.005580584208170573
MATH_h256_R8_B8_c50_gate_s1_CA_seed42,MATH,256,8,8,50,gate,True,CA,42,False,MATH_h256_R8_B8_c50_gate_s0_CA_seed42,OFF_to_ON,0.007950233300793055,0.6289468543946617,-1326603829248,-272900096,-1328717758464,-0.021239287235423843,0.0,3575239409664,34326048768,2248635580416,34053148672,1,1,True,0,0,0,0.12572717666625977,0.19454399744669595,0.07030900319417317,0.058195523865523936,0.06476640701293945,0.005542596181233724
MATH_h256_R8_B8_c50_lru_s1_BR_seed42,MATH,256,8,8,50,lru,True,BR,42,False,MATH_h256_R8_B8_c50_lru_s0_BR_seed42,OFF_to_ON,0.11278981608096621,0.732020402745928,-2743814062080,-4253835264,-2746343227392,0.00015407524379079662,0.0,10238891655168,37714710528,7495077593088,33460875264,1,1,True,0,0,0,0.7659823099772135,0.9833749135335287,0.18025445938110352,0.15262722564838607,0.004502773284912109,0.1757516860961914
MATH_h256_R8_B8_c50_lru_s1_CA-rep_seed42,MATH,256,8,8,50,lru,True,CA-rep,42,False,MATH_h256_R8_B8_c50_lru_s0_CA-rep_seed42,OFF_to_ON,0.07065948001438407,0.7334143460724176,-2730734125056,-2005655552,-2732914114560,-0.029647448387333186,0.030598958333484916,10243364880384,28384804864,7512630755328,26379149312,1,1,True,29,7,31,0.7680646578470866,0.984080950419108,0.18040990829467773,0.1527378487189537,0.003946622212727864,0.17646328608194986
MATH_h256_R8_B8_c50_lru_s1_CA_seed42,MATH,256,8,8,50,lru,True,CA,42,False,MATH_h256_R8_B8_c50_lru_s0_CA_seed42,OFF_to_ON,0.07067298820000643,0.7332228292066276,-2732451692544,-2006245376,-2734980857856,-0.02966568778391232,0.0,10242449473536,28387725312,7509997780992,26381479936,1,1,True,0,0,0,0.7678621610005697,0.9840312004089355,0.180390993754069,0.1527209380336185,0.004015445709228516,0.17637554804484049
MATH_h256_R8_B8_c60_gate_s1_BR_seed42,MATH,256,8,8,60,gate,True,BR,42,False,MATH_h256_R8_B8_c60_gate_s0_BR_seed42,OFF_to_ON,0.01560423609153663,0.581943245004015,-1041600872448,-584564736,-1043639304192,-0.00029442149988349875,0.0,2491529822208,37461925888,1449928949760,36877361152,1,1,True,0,0,0,0.07483593622843425,0.12644020716349283,0.05439980824788412,0.04461998459547991,0.052365779876708984,0.0020340283711751304
MATH_h256_R8_B8_c60_gate_s1_CA-rep_seed42,MATH,256,8,8,60,gate,True,CA-rep,42,False,MATH_h256_R8_B8_c60_gate_s0_CA-rep_seed42,OFF_to_ON,0.0047177825376366325,0.5813945615335137,-1050217021440,-164466688,-1052302639104,-0.016350949833873252,0.0,2508847054848,34861015040,1458630033408,34696548352,1,1,True,0,6,1,0.07581233978271484,0.12799978256225586,0.055597941080729164,0.04552752739896303,0.0533911387125651,0.0022068023681640625
MATH_h256_R8_B8_c60_gate_s1_CA_seed42,MATH,256,8,8,60,gate,True,CA,42,False,MATH_h256_R8_B8_c60_gate_s0_CA_seed42,OFF_to_ON,0.004377188007091772,0.5802776372136583,-1048895815680,-152739840,-1050981433344,-0.016359957910265427,0.0,2499022946304,34894512128,1450127130624,34741772288,1,1,True,0,0,0,0.07533756891886394,0.12741947174072266,0.05527480443318685,0.04525756707222908,0.05305926005045573,0.0022155443827311196
MATH_h256_R8_B8_c60_lru_s1_BR_seed42,MATH,256,8,8,60,lru,True,BR,42,False,MATH_h256_R8_B8_c60_lru_s0_BR_seed42,OFF_to_ON,0.07171265314068356,0.11109908645808454,-8991635668992,-2703859712,-8993730723840,-0.0004877416653192024,0.0,10115453288448,37704081408,1123817619456,35000221696,1,1,True,0,0,0,0.07443825403849284,0.9669488271077474,0.0957492192586263,0.07747305620829371,0.08477067947387695,0.01097853978474935
MATH_h256_R8_B8_c60_lru_s1_CA-rep_seed42,MATH,256,8,8,60,lru,True,CA-rep,42,False,MATH_h256_R8_B8_c60_lru_s0_CA-rep_seed42,OFF_to_ON,-0.17851903971665561,0.11424327363668407,-8964428267520,5086986240,-8966060900352,-0.17272854494782117,-1.3836263020830302,10120643739648,28495482880,1156215472128,33582469120,1,1,False,0,6,1,0.07849502563476562,0.9675394694010416,0.09613323211669922,0.07787297235630207,0.08523400624593098,0.010899225870768229
MATH_h256_R8_B8_c60_lru_s1_CA_seed42,MATH,256,8,8,60,lru,True,CA,42,False,MATH_h256_R8_B8_c60_lru_s0_CA_seed42,OFF_to_ON,-0.1804434495722142,0.11334490900477823,-8973034979328,5142228992,-8975082848256,-0.17316919799559832,0.0,10120096382976,28497731584,1147061403648,33639960576,1,1,False,0,0,0,0.07770236333211263,0.9674933751424154,0.09588257471720378,0.07770224367841565,0.08526404698689778,0.01061852773030599
MATH_h64_R4_B16_c30_gate_s1_BR_seed42,MATH,64,4,16,30,gate,True,BR,42,False,MATH_h64_R4_B16_c30_gate_s0_BR_seed42,OFF_to_ON,0.053116685837203914,0.6756209475629129,-448992903168,-372813824,-450257485824,0.0007270276989863322,0.0,1384161214464,7018770432,935168311296,6645956608,1,1,True,0,0,0,0.23463884989420572,0.3372046152750651,0.10594558715820312,0.08632933103445896,0.08208401997884114,0.02386156717936198
MATH_h64_R4_B16_c30_gate_s1_CA-rep_seed42,MATH,64,4,16,30,gate,True,CA-rep,42,False,MATH_h64_R4_B16_c30_gate_s0_CA-rep_seed42,OFF_to_ON,0.02128494347022849,0.6749175816690733,-450399043584,-131993600,-451673063424,-0.025014403007374564,0.0,1385491857408,6201266176,935092813824,6069272576,1,1,True,0,0,0,0.23537254333496094,0.33856455485026044,0.1064910888671875,0.08667923455540426,0.08287556966145833,0.023615519205729168
MATH_h64_R4_B16_c30_gate_s1_CA_seed42,MATH,64,4,16,30,gate,True,CA,42,False,MATH_h64_R4_B16_c30_gate_s0_CA_seed42,OFF_to_ON,0.02128494347022849,0.6749175816690733,-450399043584,-131993600,-451673063424,-0.025014403007374564,0.0,1385491857408,6201266176,935092813824,6069272576,1,1,True,0,0,0,0.23537254333496094,0.33856455485026044,0.1064910888671875,0.08667923455540426,0.08287556966145833,0.023615519205729168
MATH_h64_R4_B16_c30_lru_s1_BR_seed42,MATH,64,4,16,30,lru,True,BR,42,False,MATH_h64_R4_B16_c30_lru_s0_BR_seed42,OFF_to_ON,0.09537315335674729,0.7603260174046583,-565570437120,-671047680,-567221944320,-0.0003035310891701948,0.0,2359748984832,7036022784,1794178547712,6364975104,1,1,True,0,0,0,0.7928390502929688,0.9606189727783203,0.16485722859700522,0.13617459270637963,0.003857294718424479,0.16099993387858072
MATH_h64_R4_B16_c30_lru_s1_CA-rep_seed42,MATH,64,4,16,30,lru,True,CA-rep,42,False,MATH_h64_R4_B16_c30_lru_s0_CA-rep_seed42,OFF_to_ON,0.0633167272699783,0.760340759108907,-565494939648,-343064576,-567146446848,-0.021574377334894812,0.0,2359579115520,5418229760,1794084175872,5075165184,1,1,True,0,0,0,0.7927481333414713,0.9604962666829427,0.16481463114420572,0.13612917512281744,0.003848393758138021,0.16096623738606772
MATH_h64_R4_B16_c30_lru_s1_CA_seed42,MATH,64,4,16,30,lru,True,CA,42,False,MATH_h64_R4_B16_c30_lru_s0_CA_seed42,OFF_to_ON,0.0633167272699783,0.760340759108907,-565494939648,-343064576,-567146446848,-0.021574377334894812,0.0,2359579115520,5418229760,1794084175872,5075165184,1,1,True,0,0,0,0.7927481333414713,0.9604962666829427,0.16481463114420572,0.13612917512281744,0.003848393758138021,0.16096623738606772
MATH_h64_R4_B16_c40_gate_s1_BR_seed42,MATH,64,4,16,40,gate,True,BR,42,False,MATH_h64_R4_B16_c40_gate_s0_BR_seed42,OFF_to_ON,0.03842761778187131,0.636924957699565,-386782986240,-269668352,-388009820160,-0.0006111385631402955,0.0,1065297641472,7017566208,678514655232,6747897856,1,1,True,0,0,0,0.15826034545898438,0.2412541707356771,0.08745829264322917,0.0709301488393011,0.07617950439453125,0.011278788248697916
MATH_h64_R4_B16_c40_gate_s1_CA-rep_seed42,MATH,64,4,16,40,gate,True,CA-rep,42,False,MATH_h64_R4_B16_c40_gate_s0_CA-rep_seed42,OFF_to_ON,0.012110906890329154,0.6365148017441912,-387830513664,-77135872,-389038473216,-0.022568567961766317,0.0,1066977460224,6369124352,679146946560,6291988480,1,1,True,0,0,0,0.1591924031575521,0.24266624450683594,0.08794784545898438,0.07136118188600041,0.07675234476725261,0.011195500691731771
MATH_h64_R4_B16_c40_gate_s1_CA_seed42,MATH,64,4,16,40,gate,True,CA,42,False,MATH_h64_R4_B16_c40_gate_s0_CA_seed42,OFF_to_ON,0.012110906890329154,0.6365148017441912,-387830513664,-77135872,-389038473216,-0.022568567961766317,0.0,1066977460224,6369124352,679146946560,6291988480,1,1,True,0,0,0,0.1591924031575521,0.24266624450683594,0.08794784545898438,0.07136118188600041,0.07675234476725261,0.011195500691731771
MATH_h64_R4_B16_c40_lru_s1_BR_seed42,MATH,64,4,16,40,lru,True,BR,42,False,MATH_h64_R4_B16_c40_lru_s0_BR_seed42,OFF_to_ON,0.09463966074760098,0.7566158216413917,-570845822976,-665931776,-572497330176,0.00012966281318702033,0.0,2345451651072,7036497920,1774605828096,6370566144,1,1,True,0,0,0,0.7777544657389323,0.9480482737223307,0.16302108764648438,0.13467865609247304,0.004445393880208333,0.15857569376627603
MATH_h64_R4_B16_c40_lru_s1_CA-rep_seed42,MATH,64,4,16,40,lru,True,CA-rep,42,False,MATH_h64_R4_B16_c40_lru_s0_CA-rep_seed42,OFF_to_ON,0.060505338217957484,0.75637703783575,-571440365568,-328368128,-573082435584,-0.02255100867616272,0.0,2345593208832,5427093504,1774152843264,5098725376,1,1,True,0,0,0,0.7773920694986979,0.9482008616129557,0.16303316752115884,0.1347012587132796,0.0044790903727213545,0.1585540771484375
MATH_h64_R4_B16_c40_lru_s1_CA_seed42,MATH,64,4,16,40,lru,True,CA,42,False,MATH_h64_R4_B16_c40_lru_s0_CA_seed42,OFF_to_ON,0.060505338217957484,0.75637703783575,-571440365568,-328368128,-573082435584,-0.02255100867616272,0.0,2345593208832,5427093504,1774152843264,5098725376,1,1,True,0,0,0,0.7773920694986979,0.9482008616129557,0.16303316752115884,0.1347012587132796,0.0044790903727213545,0.1585540771484375
MATH_h64_R4_B16_c50_gate_s1_BR_seed42,MATH,64,4,16,50,gate,True,BR,42,False,MATH_h64_R4_B16_c50_gate_s0_BR_seed42,OFF_to_ON,0.029088705533648708,0.5945867004186545,-314371473408,-204288000,-315541684224,0.0005549710178060774,0.0,775434534912,7022931968,461063061504,6818643968,1,1,True,0,0,0,0.10175196329752605,0.1653296152750651,0.07095718383789062,0.05724831242570833,0.06533495585123698,0.0056222279866536455
MATH_h64_R4_B16_c50_gate_s1_CA-rep_seed42,MATH,64,4,16,50,gate,True,CA-rep,42,False,MATH_h64_R4_B16_c50_gate_s0_CA-rep_seed42,OFF_to_ON,0.008306446594545465,0.590393182728608,-318438899712,-54128640,-319609110528,-0.01785735777544195,0.0,777425780736,6516461568,458986881024,6462332928,1,1,True,0,0,0,0.10172017415364583,0.1663341522216797,0.07201067606608073,0.05811241998205641,0.0665906270345052,0.0054200490315755205
MATH_h64_R4_B16_c50_gate_s1_CA_seed42,MATH,64,4,16,50,gate,True,CA,42,False,MATH_h64_R4_B16_c50_gate_s0_CA_seed42,OFF_to_ON,0.008306446594545465,0.590393182728608,-318438899712,-54128640,-319609110528,-0.01785735777544195,0.0,777425780736,6516461568,458986881024,6462332928,1,1,True,0,0,0,0.10172017415364583,0.1663341522216797,0.07201067606608073,0.05811241998205641,0.0665906270345052,0.0054200490315755205
MATH_h64_R4_B16_c50_lru_s1_BR_seed42,MATH,64,4,16,50,lru,True,BR,42,False,MATH_h64_R4_B16_c50_lru_s0_BR_seed42,OFF_to_ON,0.08706722015876484,0.6583741191283686,-793761546240,-612106240,-795384741888,-0.0006313710760470492,0.0,2323481886720,7030272000,1529720340480,6418165760,1,1,True,0,0,0,0.6524906158447266,0.9331372578938802,0.15363375345865884,0.12693504408739784,0.016074498494466145,0.13755925496419272
MATH_h64_R4_B16_c50_lru_s1_CA-rep_seed42,MATH,64,4,16,50,lru,True,CA-rep,42,False,MATH_h64_R4_B16_c50_lru_s0_CA-rep_seed42,OFF_to_ON,0.02565923340492032,0.6604188337017293,-788712652800,-139718656,-790335848448,-0.041764849961697936,0.0,2322604228608,5445160960,1533891575808,5305442304,1,1,True,0,0,0,0.6548646291097006,0.9324448903401693,0.15341313680013022,0.12677577707054719,0.016254425048828125,0.1371587117513021
MATH_h64_R4_B16_c50_lru_s1_CA_seed42,MATH,64,4,16,50,lru,True,CA,42,False,MATH_h64_R4_B16_c50_lru_s0_CA_seed42,OFF_to_ON,0.02565923340492032,0.6604188337017293,-788712652800,-139718656,-790335848448,-0.041764849961697936,0.0,2322604228608,5445160960,1533891575808,5305442304,1,1,True,0,0,0,0.6548646291097006,0.9324448903401693,0.15341313680013022,0.12677577707054719,0.016254425048828125,0.1371587117513021
MATH_h64_R4_B16_c60_gate_s1_BR_seed42,MATH,64,4,16,60,gate,True,BR,42,False,MATH_h64_R4_B16_c60_gate_s0_BR_seed42,OFF_to_ON,0.017115472786900565,0.5331309162350419,-246687989760,-120029184,-247801577472,-0.0006293947867916649,0.0,528387932160,7012904960,281699942400,6892875776,1,1,True,0,0,0,0.058489481608072914,0.10670216878255208,0.05591392517089844,0.044742758674804095,0.05396143595377604,0.0019524892171223958
MATH_h64_R4_B16_c60_gate_s1_CA-rep_seed42,MATH,64,4,16,60,gate,True,CA-rep,42,False,MATH_h64_R4_B16_c60_gate_s0_CA-rep_seed42,OFF_to_ON,0.005197064938817753,0.5242241532186558,-253190209536,-34328576,-254313234432,-0.013330295614133347,0.0,532162805760,6605377536,278972596224,6571048960,1,1,True,0,0,0,0.058086395263671875,0.10785230000813802,0.057245890299479164,0.04578455018679181,0.0552069346110026,0.0020389556884765625
MATH_h64_R4_B16_c60_gate_s1_CA_seed42,MATH,64,4,16,60,gate,True,CA,42,False,MATH_h64_R4_B16_c60_gate_s0_CA_seed42,OFF_to_ON,0.005197064938817753,0.5242241532186558,-253190209536,-34328576,-254313234432,-0.013330295614133347,0.0,532162805760,6605377536,278972596224,6571048960,1,1,True,0,0,0,0.058086395263671875,0.10785230000813802,0.057245890299479164,0.04578455018679181,0.0552069346110026,0.0020389556884765625
MATH_h64_R4_B16_c60_lru_s1_BR_seed42,MATH,64,4,16,60,lru,True,BR,42,False,MATH_h64_R4_B16_c60_lru_s0_BR_seed42,OFF_to_ON,0.030535494314546534,0.08773863699725924,-2007204102144,-214642688,-2008147820544,-0.0006507705993448465,0.0,2200251138048,7029284864,193047035904,6814642176,1,1,True,0,0,0,0.04223442077636719,0.867315928141276,0.07033729553222656,0.05458163670201596,0.06526438395182292,0.0050729115804036455
MATH_h64_R4_B16_c60_lru_s1_CA-rep_seed42,MATH,64,4,16,60,lru,True,CA-rep,42,False,MATH_h64_R4_B16_c60_lru_s0_CA-rep_seed42,OFF_to_ON,-0.18577124909283782,0.08764029523650228,-2007609901056,1026469888,-2008591368192,-0.14790713266900135,0.0,2200458756096,5525450752,192848855040,6551920640,1,1,False,0,0,0,0.04215113321940104,0.8675034840901693,0.07107289632161458,0.05514018791887484,0.06536483764648438,0.005708058675130208
MATH_h64_R4_B16_c60_lru_s1_CA_seed42,MATH,64,4,16,60,lru,True,CA,42,False,MATH_h64_R4_B16_c60_lru_s0_CA_seed42,OFF_to_ON,-0.18577124909283782,0.08764029523650228,-2007609901056,1026469888,-2008591368192,-0.14790713266900135,0.0,2200458756096,5525450752,192848855040,6551920640,1,1,False,0,0,0,0.04215113321940104,0.8675034840901693,0.07107289632161458,0.05514018791887484,0.06536483764648438,0.005708058675130208
MATH_h64_R4_B32_c30_gate_s1_BR_seed42,MATH,64,4,32,30,gate,True,BR,42,False,MATH_h64_R4_B32_c30_gate_s0_BR_seed42,OFF_to_ON,0.04383971574792251,0.708932311841841,-478653972480,-614940672,-479927992320,0.0005930676860604889,0.0,1644476497920,14027022336,1165822525440,13412081664,1,1,True,0,0,0,0.2598574956258138,0.350094477335612,0.09321085611979167,0.07448656149869577,0.06543636322021484,0.027774492899576824
MATH_h64_R4_B32_c30_gate_s1_CA-rep_seed42,MATH,64,4,32,30,gate,True,CA-rep,42,False,MATH_h64_R4_B32_c30_gate_s0_CA-rep_seed42,OFF_to_ON,0.024829052213129626,0.7104744494272901,-478276485120,-316719104,-479559942144,-0.015449425743189416,-0.9684244791665151,1651931873280,12755988480,1173655388160,12439269376,1,1,True,1,12,11,0.26164086659749347,0.3521124521891276,0.09337488810221355,0.0746317586617622,0.06419118245442708,0.029183705647786457
MATH_h64_R4_B32_c30_gate_s1_CA_seed42,MATH,64,4,32,30,gate,True,CA,42,False,MATH_h64_R4_B32_c30_gate_s0_CA_seed42,OFF_to_ON,0.02421130423442107,0.7094742512636537,-478418042880,-310247424,-479692062720,-0.01606584956949264,0.0,1646731984896,12814155776,1168313942016,12503908352,1,1,True,0,0,0,0.26018619537353516,0.3505226771036784,0.09301026662190755,0.07430540928592629,0.06417083740234375,0.0288394292195638
MATH_h64_R4_B32_c30_lru_s1_BR_seed42,MATH,64,4,32,30,lru,True,BR,42,False,MATH_h64_R4_B32_c30_lru_s0_BR_seed42,OFF_to_ON,0.07229506034560315,0.7820040064360995,-574082777088,-1017065472,-575488917504,3.017510844788296e-05,0.0,2633455632384,14068256768,2059372855296,13051191296,1,1,True,0,0,0,0.8250745137532552,0.9632314046223959,0.13591988881429037,0.10997906180719975,0.0031544367472330728,0.13276545206705728
MATH_h64_R4_B32_c30_lru_s1_CA-rep_seed42,MATH,64,4,32,30,lru,True,CA-rep,42,False,MATH_h64_R4_B32_c30_lru_s0_CA-rep_seed42,OFF_to_ON,0.05219153955374971,0.7820324480816362,-574092214272,-613683200,-575460605952,-0.014047859922135142,-0.08951822916651508,2633842556928,11758288896,2059750342656,11144605696,1,1,True,18,9,27,0.8252649307250977,0.9633563359578451,0.13602129618326822,0.11008055296689005,0.003433863321940104,0.13258743286132812
MATH_h64_R4_B32_c30_lru_s1_CA_seed42,MATH,64,4,32,30,lru,True,CA,42,False,MATH_h64_R4_B32_c30_lru_s0_CA_seed42,OFF_to_ON,0.052031752531942664,0.7819812652748214,-574148837376,-612024320,-575554977792,-0.014101870088836843,0.0,2633483943936,11762515968,2059335106560,11150491648,1,1,True,0,0,0,0.8249438603719076,0.9632123311360677,0.13599332173665366,0.11005089988412654,0.0034077962239583335,0.1325855255126953
MATH_h64_R4_B32_c40_gate_s1_BR_seed42,MATH,64,4,32,40,gate,True,BR,42,False,MATH_h64_R4_B32_c40_gate_s0_BR_seed42,OFF_to_ON,0.03561245752229369,0.6788173408307636,-417755824128,-500248576,-418944909312,6.712991916690836e-05,0.0,1300679884800,14047010816,882924060672,13546762240,1,1,True,0,0,0,0.18050638834635416,0.2539040247599284,0.07840696970621745,0.06245451885690772,0.06530316670735677,0.013103802998860678
MATH_h64_R4_B32_c40_gate_s1_CA-rep_seed42,MATH,64,4,32,40,gate,True,CA-rep,42,False,MATH_h64_R4_B32_c40_gate_s0_CA-rep_seed42,OFF_to_ON,0.017254522457901114,0.6794849599653755,-419322396672,-223621120,-420520919040,-0.013542806274716823,0.015625,1308276817920,12960145408,888954421248,12736524288,1,1,True,1,12,9,0.1812108357747396,0.2551393508911133,0.0780032475789388,0.06215479156609078,0.06357447306315105,0.01442877451578776
MATH_h64_R4_B32_c40_gate_s1_CA_seed42,MATH,64,4,32,40,gate,True,CA,42,False,MATH_h64_R4_B32_c40_gate_s0_CA_seed42,OFF_to_ON,0.01690741414594427,0.6784107131211096,-418812788736,-220196864,-420011311104,-0.013749153091204391,0.0,1302321954816,13023686656,883509166080,12803489792,1,1,True,0,0,0,0.17989603678385416,0.2536592483520508,0.07786782582600911,0.06204376705158537,0.0634457270304362,0.014422098795572916
MATH_h64_R4_B32_c40_lru_s1_BR_seed42,MATH,64,4,32,40,lru,True,BR,42,False,MATH_h64_R4_B32_c40_lru_s0_BR_seed42,OFF_to_ON,0.07036468032910474,0.7808491945182593,-574375329792,-990158848,-575781470208,-0.000298867599825392,0.0,2620913614848,14071816192,2046538285056,13081657344,1,1,True,0,0,0,0.8145306905110677,0.9522291819254557,0.1341393788655599,0.1086405364469077,0.0026419957478841147,0.13149738311767578
MATH_h64_R4_B32_c40_lru_s1_CA-rep_seed42,MATH,64,4,32,40,lru,True,CA-rep,42,False,MATH_h64_R4_B32_c40_lru_s0_CA-rep_seed42,OFF_to_ON,0.05064154028157167,0.7806260730598538,-575177490432,-595795968,-576564756480,-0.014324176670310773,-0.2666015625,2621904519168,11764965376,2046727028736,11169169408,1,1,True,15,11,22,0.8144760131835938,0.9526370366414388,0.1340630849202474,0.10859070682536084,0.0027341842651367188,0.1313289006551107
MATH_h64_R4_B32_c40_lru_s1_CA_seed42,MATH,64,4,32,40,lru,True,CA,42,False,MATH_h64_R4_B32_c40_lru_s0_CA_seed42,OFF_to_ON,0.05044683872045436,0.7805183585313175,-575403982848,-593756160,-576810123264,-0.014501022070065928,0.0,2621649715200,11769937920,2046245732352,11176181760,1,1,True,0,0,0,0.8141441345214844,0.9526437123616537,0.13405640920003256,0.10858481712502699,0.002727508544921875,0.1313289006551107
MATH_h64_R4_B32_c50_gate_s1_BR_seed42,MATH,64,4,32,50,gate,True,BR,42,False,MATH_h64_R4_B32_c50_gate_s0_BR_seed42,OFF_to_ON,0.02408856864840759,0.6392529520599033,-351450169344,-338063360,-352601505792,-0.0002706798790676479,0.0,974228815872,14034182144,622778646528,13696118784,1,1,True,0,0,0,0.1202532450358073,0.17792892456054688,0.06465403238932292,0.051357520082367644,0.0577850341796875,0.006868998209635417
MATH_h64_R4_B32_c50_gate_s1_CA-rep_seed42,MATH,64,4,32,50,gate,True,CA-rep,42,False,MATH_h64_R4_B32_c50_gate_s0_CA-rep_seed42,OFF_to_ON,0.011979507687110468,0.6372305180774955,-356508499968,-157450240,-357669273600,-0.012110389273986388,0.015625,982741155840,13143298048,626232655872,12985847808,1,1,True,1,13,6,0.12051200866699219,0.1789210637410482,0.06436824798583984,0.05118375886609555,0.05686410268147787,0.0075041453043619795
MATH_h64_R4_B32_c50_gate_s1_CA_seed42,MATH,64,4,32,50,gate,True,CA,42,False,MATH_h64_R4_B32_c50_gate_s0_CA_seed42,OFF_to_ON,0.012550034750225784,0.6364541928994883,-354753183744,-165974016,-355913957376,-0.012117856825846263,0.0,975814262784,13224984576,621061079040,13059010560,1,1,True,0,0,0,0.11937713623046875,0.1774441401163737,0.06415398915608723,0.05100497672064627,0.05678431193033854,0.007369677225748698
MATH_h64_R4_B32_c50_lru_s1_BR_seed42,MATH,64,4,32,50,lru,True,BR,42,False,MATH_h64_R4_B32_c50_lru_s0_BR_seed42,OFF_to_ON,0.06933368130274153,0.7712358361304634,-595590119424,-975011840,-596967948288,-0.0002015810597429668,0.0,2603511447552,14062600192,2007921328128,13087588352,1,1,True,0,0,0,0.7918310165405273,0.940187136332194,0.13176091512044272,0.10681522030699576,0.004183133443196614,0.1275777816772461
MATH_h64_R4_B32_c50_lru_s1_CA-rep_seed42,MATH,64,4,32,50,lru,True,CA-rep,42,False,MATH_h64_R4_B32_c50_lru_s0_CA-rep_seed42,OFF_to_ON,0.04724179373414012,0.771826115951694,-594117918720,-556277760,-595448561664,-0.015526205289571438,-0.2041015625,2603794563072,11775119360,2009676644352,11218841600,1,1,True,9,12,15,0.7925519943237305,0.9404277801513672,0.13199265797932944,0.10696702429077193,0.004388173421223958,0.12760448455810547
MATH_h64_R4_B32_c50_lru_s1_CA_seed42,MATH,64,4,32,50,lru,True,CA,42,False,MATH_h64_R4_B32_c50_lru_s0_CA_seed42,OFF_to_ON,0.04676084914417387,0.7713413639477853,-595278692352,-550924288,-596656521216,-0.01574290083666935,0.0,2603351015424,11781742592,2008072323072,11230818304,1,1,True,0,0,0,0.7919031778971354,0.9402624766031901,0.1318047841389974,0.10684374539976543,0.0043633778889973955,0.12744140625
MATH_h64_R4_B32_c60_gate_s1_BR_seed42,MATH,64,4,32,60,gate,True,BR,42,False,MATH_h64_R4_B32_c60_gate_s0_BR_seed42,OFF_to_ON,0.017104261662779268,0.5888815189453611,-280765661184,-240054272,-281850937344,0.0003199375785767067,0.0,682931257344,14034763776,402165596160,13794709504,1,1,True,0,0,0,0.07388750712076823,0.11818949381510417,0.05247624715169271,0.0414882220004722,0.049530982971191406,0.0029452641805013022
MATH_h64_R4_B32_c60_gate_s1_CA-rep_seed42,MATH,64,4,32,60,gate,True,CA-rep,42,False,MATH_h64_R4_B32_c60_gate_s0_CA-rep_seed42,OFF_to_ON,0.0071711403730511545,0.5866759726841018,-285021831168,-95166464,-286125981696,-0.009532603361451841,0.03125,689584472064,13270757376,404562640896,13175590912,1,1,True,1,13,2,0.0735788345336914,0.11861324310302734,0.051245689392089844,0.04050822407651861,0.04773139953613281,0.0035142898559570312
MATH_h64_R4_B32_c60_gate_s1_CA_seed42,MATH,64,4,32,60,gate,True,CA,42,False,MATH_h64_R4_B32_c60_gate_s0_CA_seed42,OFF_to_ON,0.007389605621662507,0.5857425031423954,-283030585344,-98603008,-284134735872,-0.00968354302874802,0.0,683223810048,13343473664,400193224704,13244870656,1,1,True,0,0,0,0.07265535990397136,0.11732260386149089,0.051040967305501304,0.040348008829528485,0.04760519663492838,0.0034357706705729165
MATH_h64_R4_B32_c60_lru_s1_BR_seed42,MATH,64,4,32,60,lru,True,BR,42,False,MATH_h64_R4_B32_c60_lru_s0_BR_seed42,OFF_to_ON,0.05830941995770434,0.4001499900741863,-1539865313280,-820142080,-1541129895936,-0.0002786351623795813,0.0,2567083917312,14065344512,1027218604032,13245202432,1,1,True,0,0,0,0.39070701599121094,0.9203891754150391,0.11396439870198567,0.09183598552593757,0.034336090087890625,0.07962830861409505
MATH_h64_R4_B32_c60_lru_s1_CA-rep_seed42,MATH,64,4,32,60,lru,True,CA-rep,42,False,MATH_h64_R4_B32_c60_lru_s0_CA-rep_seed42,OFF_to_ON,-0.02902956774387538,0.39940929479055315,-1542894649344,342458368,-1544083734528,-0.06345471691307925,-1.922526041666515,2568961916928,11796881408,1026067267584,12139339776,1,1,False,3,13,6,0.39008522033691406,0.92132568359375,0.11411190032958984,0.09196992358866095,0.03411992390950521,0.07999197642008464
MATH_h64_R4_B32_c60_lru_s1_CA_seed42,MATH,64,4,32,60,lru,True,CA,42,False,MATH_h64_R4_B32_c60_lru_s0_CA_seed42,OFF_to_ON,-0.031227849221177315,0.39531183396292974,-1552935813120,368664576,-1554181521408,-0.06498283489906459,0.0,2568159756288,11805634560,1015223943168,12174299136,1,1,False,0,0,0,0.38528919219970703,0.9210513432820638,0.11377938588460286,0.09163975329612101,0.03391551971435547,0.07986386617024739
MATH_h64_R4_B64_c30_gate_s1_BR_seed42,MATH,64,4,64,30,gate,True,BR,42,False,MATH_h64_R4_B64_c30_gate_s0_BR_seed42,OFF_to_ON,0.03175451565766093,0.7368226288842703,-489950281728,-889925632,-490931748864,0.0005169434885431423,0.0,1861673287680,28025167872,1371723005952,27135242240,1,1,True,0,0,0,0.2769354184468587,0.3554932276407878,0.07863219579060872,0.06196769389660538,0.04987112681070963,0.02876106897989909
MATH_h64_R4_B64_c30_gate_s1_CA-rep_seed42,MATH,64,4,64,30,gate,True,CA-rep,42,False,MATH_h64_R4_B64_c30_gate_s0_CA-rep_seed42,OFF_to_ON,0.025161205938133542,0.7434583927583899,-499076038656,-630358016,-499982008320,-0.008044677229239072,-5.0052083333332575,1945399984128,25052774400,1446323945472,24422416384,1,1,True,86,195,206,0.3002627690633138,0.3815458615620931,0.08188517888387044,0.0644732888720605,0.04897721608479818,0.032907962799072266
MATH_h64_R4_B64_c30_gate_s1_CA_seed42,MATH,64,4,64,30,gate,True,CA,42,False,MATH_h64_R4_B64_c30_gate_s0_CA_seed42,OFF_to_ON,0.02138028481879507,0.7373965958911738,-489516171264,-561393664,-490497638400,-0.010094490627460984,0.0,1864089206784,26257539072,1374573035520,25696145408,1,1,True,0,0,0,0.277678648630778,0.35588518778483075,0.07867670059204102,0.06195929504515817,0.05006249745686849,0.028614203135172527
MATH_h64_R4_B64_c30_lru_s1_BR_seed42,MATH,64,4,64,30,lru,True,BR,42,False,MATH_h64_R4_B64_c30_lru_s0_BR_seed42,OFF_to_ON,0.05326045767664555,0.7997085789129011,-577263108096,-1497399296,-578301198336,0.00017773281776559124,0.0,2882115993600,28114653184,2304852885504,26617253888,1,1,True,0,0,0,0.8621835708618164,0.9949736595153809,0.11032263437906902,0.0873329787873475,0.002615769704182943,0.10770686467488606
MATH_h64_R4_B64_c30_lru_s1_CA-rep_seed42,MATH,64,4,64,30,lru,True,CA-rep,42,False,MATH_h64_R4_B64_c30_lru_s0_CA-rep_seed42,OFF_to_ON,0.04154445363231016,0.8003669009854376,-580235821056,-1009586176,-578886303744,-0.008564818788360684,-3.1123046875,2906511114240,24301346816,2326275293184,23291760640,1,1,True,1875,112,1916,0.8666075070699056,0.9999186197916666,0.11113770802815755,0.08789336203341329,0.002293745676676432,0.10884396235148112
MATH_h64_R4_B64_c30_lru_s1_CA_seed42,MATH,64,4,64,30,lru,True,CA,42,False,MATH_h64_R4_B64_c30_lru_s0_CA_seed42,OFF_to_ON,0.04014650398355332,0.800079241378407,-576187269120,-988319744,-577225359360,-0.009294642259705055,0.0,2882078244864,24617828352,2305890975744,23629508608,1,1,True,0,0,0,0.8639198939005533,0.9954430262247721,0.11056677500406902,0.087502953510171,0.0024506251017252603,0.10811614990234375
MATH_h64_R4_B64_c40_gate_s1_BR_seed42,MATH,64,4,64,40,gate,True,BR,42,False,MATH_h64_R4_B64_c40_gate_s0_BR_seed42,OFF_to_ON,0.026155100948230717,0.7105586865656655,-435233488896,-733196288,-436167770112,0.0009179995195256752,0.0,1503702024192,28032630784,1068468535296,27299434496,1,1,True,0,0,0,0.19265476862589517,0.25674835840861004,0.06542094548543294,0.051362511757213805,0.05115095774332682,0.01426998774210612
MATH_h64_R4_B64_c40_gate_s1_CA-rep_seed42,MATH,64,4,64,40,gate,True,CA-rep,42,False,MATH_h64_R4_B64_c40_gate_s0_CA-rep_seed42,OFF_to_ON,0.0164640729628347,0.7182052573867173,-448672038912,-417116160,-449511948288,-0.006964048276677126,-4.626302083333485,1592194498560,25334931456,1143522459648,24917815296,1,1,True,56,185,153,0.21119451522827148,0.27874135971069336,0.06839720408121745,0.053755000355304096,0.050018310546875,0.01837889353434245
MATH_h64_R4_B64_c40_gate_s1_CA_seed42,MATH,64,4,64,40,gate,True,CA,42,False,MATH_h64_R4_B64_c40_gate_s0_CA_seed42,OFF_to_ON,0.01488477281837877,0.7081311820677724,-439423598592,-395587584,-440357879808,-0.009250299048494615,0.0,1505551712256,26576662528,1066128113664,26181074944,1,1,True,0,0,0,0.19220415751139322,0.2570735613505046,0.06580352783203125,0.051667641996141975,0.05022589365641276,0.01557763417561849
MATH_h64_R4_B64_c40_lru_s1_BR_seed42,MATH,64,4,64,40,lru,True,BR,42,False,MATH_h64_R4_B64_c40_lru_s0_BR_seed42,OFF_to_ON,0.05092312415927774,0.8013511504600188,-567476748288,-1431367680,-568514838528,-0.00022627765175151082,0.0,2856682782720,28108402688,2289206034432,26677035008,1,1,True,0,0,0,0.8510649998982748,0.9663709004720052,0.10831387837727864,0.08586475900223274,0.002792994181315104,0.10552088419596355
MATH_h64_R4_B64_c40_lru_s1_CA-rep_seed42,MATH,64,4,64,40,lru,True,CA-rep,42,False,MATH_h64_R4_B64_c40_lru_s0_CA-rep_seed42,OFF_to_ON,0.03964260205113001,0.802705635155556,-568005230592,-963903488,-567986356224,-0.00846303695533518,-4.30078125,2878973411328,24314839040,2310968180736,23350935552,1,1,True,1757,140,1782,0.8547418912251791,0.9705390930175781,0.10906330744425456,0.08641138610030458,0.0024701754252115884,0.10659313201904297
MATH_h64_R4_B64_c40_lru_s1_CA_seed42,MATH,64,4,64,40,lru,True,CA,42,False,MATH_h64_R4_B64_c40_lru_s0_CA_seed42,OFF_to_ON,0.03829780018031609,0.8012478748163676,-568165662720,-943558656,-569194315776,-0.009402531731410813,0.0,2858664591360,24637411328,2290498928640,23693852672,1,1,True,0,0,0,0.852094809214274,0.9683392842610677,0.1083828608194987,0.08592064010351914,0.002682367960611979,0.10570049285888672
MATH_h64_R4_B64_c50_gate_s1_BR_seed42,MATH,64,4,64,50,gate,True,BR,42,False,MATH_h64_R4_B64_c50_gate_s0_BR_seed42,OFF_to_ON,0.02016403246201518,0.6741107204186769,-376100093952,-565833728,-376996626432,0.0008456977582264602,0.0,1154073231360,28061536256,777973137408,27495702528,1,1,True,0,0,0,0.12842782338460287,0.17943890889485678,0.0534672737121582,0.041891869914333094,0.046101888020833336,0.00736538569132487
MATH_h64_R4_B64_c50_gate_s1_CA-rep_seed42,MATH,64,4,64,50,gate,True,CA-rep,42,False,MATH_h64_R4_B64_c50_gate_s0_CA-rep_seed42,OFF_to_ON,0.01166388105686132,0.6819398424408775,-395870994432,-298594304,-396559908864,-0.007807720588341949,1.1012369791669698,1244641886208,25599909888,848770891776,25301315584,1,1,True,21,168,92,0.1428502400716146,0.1978754997253418,0.05651172002156576,0.04436802071361193,0.047353903452555336,0.009157816569010416
MATH_h64_R4_B64_c50_gate_s1_CA_seed42,MATH,64,4,64,50,gate,True,CA,42,False,MATH_h64_R4_B64_c50_gate_s0_CA_seed42,OFF_to_ON,0.010301715334517248,0.673811522506296,-377704415232,-276430848,-378619822080,-0.007954337915602683,0.0,1157933039616,26833477632,780228624384,26557046784,1,1,True,0,0,0,0.1287835439046224,0.18058045705159506,0.053196112314860024,0.041700784130699865,0.045552730560302734,0.007643381754557292
MATH_h64_R4_B64_c50_lru_s1_BR_seed42,MATH,64,4,64,50,lru,True,BR,42,False,MATH_h64_R4_B64_c50_lru_s0_BR_seed42,OFF_to_ON,0.050377441765617606,0.7997232653359898,-568241160192,-1416134656,-569260376064,0.0001758501528746348,0.0,2837279932416,28110491648,2269038772224,26694356992,1,1,True,0,0,0,0.8388627370198568,0.9544111887613932,0.10662730534871419,0.08456658875644885,0.0025135676066080728,0.10411373774210612
MATH_h64_R4_B64_c50_lru_s1_CA-rep_seed42,MATH,64,4,64,50,lru,True,CA-rep,42,False,MATH_h64_R4_B64_c50_lru_s0_CA-rep_seed42,OFF_to_ON,0.037741067700968314,0.8014641568720645,-567656054784,-918286336,-567703240704,-0.00876221179203418,-4.952473958333485,2859211948032,24331223040,2291555893248,23412936704,1,1,True,1641,158,1651,0.8429350852966309,0.9576781590779623,0.10679165522257487,0.08469372264686784,0.002617518107096354,0.10417413711547852
MATH_h64_R4_B64_c50_lru_s1_CA_seed42,MATH,64,4,64,50,lru,True,CA,42,False,MATH_h64_R4_B64_c50_lru_s0_CA_seed42,OFF_to_ON,0.03679663135514038,0.7996687475264154,-568448778240,-907362304,-569467994112,-0.009675252847355875,0.0,2837544173568,24658841600,2269095395328,23751479296,1,1,True,0,0,0,0.838963508605957,0.9547402064005533,0.10658884048461914,0.0845425173989163,0.002585728963216146,0.104003111521403
MATH_h64_R4_B64_c60_gate_s1_BR_seed42,MATH,64,4,64,60,gate,True,BR,42,False,MATH_h64_R4_B64_c60_gate_s0_BR_seed42,OFF_to_ON,0.012312915191625782,0.6336017152110941,-303197847552,-345546752,-304056631296,0.0010519867741562439,0.0,827508916224,28063764480,524311068672,27718217728,1,1,True,0,0,0,0.07960891723632812,0.1179664929707845,0.04134861628214518,0.032279971245888134,0.03805828094482422,0.0032903353373209634
MATH_h64_R4_B64_c60_gate_s1_CA-rep_seed42,MATH,64,4,64,60,gate,True,CA-rep,42,False,MATH_h64_R4_B64_c60_gate_s0_CA-rep_seed42,OFF_to_ON,0.007720414524356291,0.6447429749241302,-323685974016,-199176192,-324497571840,-0.005903999170731089,-0.8004557291669698,911131803648,25798639616,587445829632,25599463424,1,1,True,11,167,66,0.09107335408528645,0.13265037536621094,0.044567108154296875,0.03489010560414549,0.0400549570719401,0.0045121510823567705
MATH_h64_R4_B64_c60_gate_s1_CA_seed42,MATH,64,4,64,60,gate,True,CA,42,False,MATH_h64_R4_B64_c60_gate_s0_CA_seed42,OFF_to_ON,0.007554081180901322,0.6308510517404002,-306557485056,-204079104,-307406831616,-0.006108852517563379,0.0,830443880448,27015741440,523886395392,26811662336,1,1,True,0,0,0,0.0792236328125,0.11835447947184245,0.04157098134358724,0.03237449313297158,0.038081963857014976,0.0034890174865722656
MATH_h64_R4_B64_c60_lru_s1_BR_seed42,MATH,64,4,64,60,lru,True,BR,42,False,MATH_h64_R4_B64_c60_lru_s0_BR_seed42,OFF_to_ON,0.04902020065295187,0.7753118103306382,-631243800576,-1378058240,-632263016448,0.0002892051209750224,0.0,2809421365248,28112048128,2178177564672,26733989888,1,1,True,0,0,0,0.7991342544555664,0.9397249221801758,0.10397911071777344,0.08257006951164408,0.004648844401041667,0.09933026631673177
MATH_h64_R4_B64_c60_lru_s1_CA-rep_seed42,MATH,64,4,64,60,lru,True,CA-rep,42,False,MATH_h64_R4_B64_c60_lru_s0_CA-rep_seed42,OFF_to_ON,0.03383516569651948,0.7829559832190185,-615181713408,-823930880,-613473583104,-0.010513442200526302,-4.421875,2834363842560,24351318016,2219182129152,23527387136,1,1,True,1343,215,1352,0.8106074333190918,0.9448394775390625,0.10481484731038411,0.08322034199734342,0.004102547963460286,0.10071229934692383
MATH_h64_R4_B64_c60_lru_s1_CA_seed42,MATH,64,4,64,60,lru,True,CA,42,False,MATH_h64_R4_B64_c60_lru_s0_CA_seed42,OFF_to_ON,0.03157619855584827,0.7736039109296516,-636330442752,-779571200,-637340221440,-0.012178559855137605,0.0,2810695385088,24688570368,2174364942336,23908999168,1,1,True,0,0,0,0.7974767684936523,0.9402921994527181,0.104064146677653,0.08261971430003257,0.0050894419352213545,0.09897470474243164
MATH_h64_R4_B8_c30_gate_s1_BR_seed42,MATH,64,4,8,30,gate,True,BR,42,False,MATH_h64_R4_B8_c30_gate_s0_BR_seed42,OFF_to_ON,0.05934560064470541,0.6478054401340829,-380752625664,-208125952,-381941710848,5.032635144178177e-05,0.0,1081086050304,3507015680,700333424640,3298889728,1,1,True,0,0,0,0.2241541544596354,0.33841578165690106,0.12008285522460938,0.09835582674461874,0.0988006591796875,0.021282196044921875
MATH_h64_R4_B8_c30_gate_s1_CA-rep_seed42,MATH,64,4,8,30,gate,True,CA-rep,42,False,MATH_h64_R4_B8_c30_gate_s0_CA-rep_seed42,OFF_to_ON,0.020350433511243497,0.6491797556719022,-379412545536,-61173760,-380601630720,-0.034150465196388646,0.0,1081501286400,3006017536,702088740864,2944843776,1,1,True,0,0,0,0.22539393107096353,0.338775634765625,0.1194318135579427,0.09794021474451657,0.0960070292154948,0.023424784342447918
MATH_h64_R4_B8_c30_gate_s1_CA_seed42,MATH,64,4,8,30,gate,True,CA,42,False,MATH_h64_R4_B8_c30_gate_s0_CA_seed42,OFF_to_ON,0.020350433511243497,0.6491797556719022,-379412545536,-61173760,-380601630720,-0.034150465196388646,0.0,1081501286400,3006017536,702088740864,2944843776,1,1,True,0,0,0,0.22539393107096353,0.338775634765625,0.1194318135579427,0.09794021474451657,0.0960070292154948,0.023424784342447918
MATH_h64_R4_B8_c30_lru_s1_BR_seed42,MATH,64,4,8,30,lru,True,BR,42,False,MATH_h64_R4_B8_c30_lru_s0_BR_seed42,OFF_to_ON,0.11634279700921611,0.746571600798704,-507852619776,-409366528,-509692870656,-8.446170254161611e-05,0.0,2003929399296,3518623744,1496076779520,3109257216,1,1,True,0,0,0,0.7650731404622396,0.9577738444010416,0.18831888834635416,0.1576000005272543,0.004160563151041667,0.1841583251953125
MATH_h64_R4_B8_c30_lru_s1_CA-rep_seed42,MATH,64,4,8,30,lru,True,CA-rep,42,False,MATH_h64_R4_B8_c30_lru_s0_CA-rep_seed42,OFF_to_ON,0.07013882332284829,0.7465305411272739,-507956428800,-173441024,-509796679680,-0.029548129764939923,0.0,2004014333952,2472824832,1496057905152,2299383808,1,1,True,0,0,0,0.7651748657226562,0.9577903747558594,0.18823877970377603,0.15752850454430306,0.004297892252604167,0.18394088745117188
MATH_h64_R4_B8_c30_lru_s1_CA_seed42,MATH,64,4,8,30,lru,True,CA,42,False,MATH_h64_R4_B8_c30_lru_s0_CA_seed42,OFF_to_ON,0.07013882332284829,0.7465305411272739,-507956428800,-173441024,-509796679680,-0.029548129764939923,0.0,2004014333952,2472824832,1496057905152,2299383808,1,1,True,0,0,0,0.7651748657226562,0.9577903747558594,0.18823877970377603,0.15752850454430306,0.004297892252604167,0.18394088745117188
MATH_h64_R4_B8_c40_gate_s1_BR_seed42,MATH,64,4,8,40,gate,True,BR,42,False,MATH_h64_R4_B8_c40_gate_s0_BR_seed42,OFF_to_ON,0.043043605501902255,0.6018300226418618,-321958969344,-150609920,-323072557056,-0.001983799400801456,0.0,808596799488,3499008000,486637830144,3348398080,1,1,True,0,0,0,0.1492945353190104,0.24167378743489584,0.10045369466145833,0.0818514048201775,0.09139378865559895,0.009059906005859375
MATH_h64_R4_B8_c40_gate_s1_CA-rep_seed42,MATH,64,4,8,40,gate,True,CA-rep,42,False,MATH_h64_R4_B8_c40_gate_s0_CA-rep_seed42,OFF_to_ON,0.013220328749358476,0.6035477441987855,-321015250944,-41254912,-322128838656,-0.030544379768598418,0.0,809719824384,3120566272,488704573440,3079311360,1,1,True,0,0,0,0.1500116984049479,0.24242273966471353,0.10082244873046875,0.08225735463042029,0.09249496459960938,0.008327484130859375
MATH_h64_R4_B8_c40_gate_s1_CA_seed42,MATH,64,4,8,40,gate,True,CA,42,False,MATH_h64_R4_B8_c40_gate_s0_CA_seed42,OFF_to_ON,0.013220328749358476,0.6035477441987855,-321015250944,-41254912,-322128838656,-0.030544379768598418,0.0,809719824384,3120566272,488704573440,3079311360,1,1,True,0,0,0,0.1500116984049479,0.24242273966471353,0.10082244873046875,0.08225735463042029,0.09249496459960938,0.008327484130859375
MATH_h64_R4_B8_c40_lru_s1_BR_seed42,MATH,64,4,8,40,lru,True,BR,42,False,MATH_h64_R4_B8_c40_lru_s0_BR_seed42,OFF_to_ON,0.11253791544158696,0.7035626856803328,-588531105792,-396333056,-590343045120,1.2987406179693073e-05,0.0,1985347584000,3521773568,1396816478208,3125440512,1,1,True,0,0,0,0.6983655293782552,0.9415423075358073,0.18248494466145834,0.15259960058666555,0.012418111165364584,0.17006683349609375
MATH_h64_R4_B8_c40_lru_s1_CA-rep_seed42,MATH,64,4,8,40,lru,True,CA-rep,42,False,MATH_h64_R4_B8_c40_lru_s0_CA-rep_seed42,OFF_to_ON,0.04556054137283993,0.7033393034447701,-589304954880,-113078272,-591116894208,-0.042500233973092105,0.0,1986461171712,2481934336,1397156216832,2368856064,1,1,True,0,0,0,0.6981773376464844,0.9424336751302084,0.18272908528645834,0.15281530795081832,0.012461344401041666,0.17026774088541666
MATH_h64_R4_B8_c40_lru_s1_CA_seed42,MATH,64,4,8,40,lru,True,CA,42,False,MATH_h64_R4_B8_c40_lru_s0_CA_seed42,OFF_to_ON,0.04556054137283993,0.7033393034447701,-589304954880,-113078272,-591116894208,-0.042500233973092105,0.0,1986461171712,2481934336,1397156216832,2368856064,1,1,True,0,0,0,0.6981773376464844,0.9424336751302084,0.18272908528645834,0.15281530795081832,0.012461344401041666,0.17026774088541666
MATH_h64_R4_B8_c50_gate_s1_BR_seed42,MATH,64,4,8,50,gate,True,BR,42,False,MATH_h64_R4_B8_c50_gate_s0_BR_seed42,OFF_to_ON,0.0343801602670104,0.5490971117416477,-259447062528,-120500224,-260513464320,-0.0019191469456638077,0.0,575394545664,3504934912,315947483136,3384434688,1,1,True,0,0,0,0.09455490112304688,0.16726175944010416,0.0843671162923177,0.06822957045586035,0.08017222086588542,0.004194895426432292
MATH_h64_R4_B8_c50_gate_s1_CA-rep_seed42,MATH,64,4,8,50,gate,True,CA-rep,42,False,MATH_h64_R4_B8_c50_gate_s0_CA-rep_seed42,OFF_to_ON,0.008251822415874983,0.546972723402862,-261126881280,-26451968,-262193283072,-0.024895260330361824,0.0,576404324352,3205591040,315277443072,3179139072,1,1,True,0,0,0,0.09393692016601562,0.16663614908854166,0.0839385986328125,0.06805869150515297,0.0798810323079427,0.004057566324869792
MATH_h64_R4_B8_c50_gate_s1_CA_seed42,MATH,64,4,8,50,gate,True,CA,42,False,MATH_h64_R4_B8_c50_gate_s0_CA_seed42,OFF_to_ON,0.008251822415874983,0.546972723402862,-261126881280,-26451968,-262193283072,-0.024895260330361824,0.0,576404324352,3205591040,315277443072,3179139072,1,1,True,0,0,0,0.09393692016601562,0.16663614908854166,0.0839385986328125,0.06805869150515297,0.0798810323079427,0.004057566324869792
MATH_h64_R4_B8_c50_lru_s1_BR_seed42,MATH,64,4,8,50,lru,True,BR,42,False,MATH_h64_R4_B8_c50_lru_s0_BR_seed42,OFF_to_ON,0.04877481046630991,0.1251105017905036,-1653139832832,-171655168,-1654140174336,-0.0014688156013969444,0.0,1889541292032,3519340544,236401459200,3347685376,1,1,True,0,0,0,0.06689707438151042,0.8790194193522135,0.10146840413411458,0.08033594168780378,0.09045664469401042,0.011011759440104166
MATH_h64_R4_B8_c50_lru_s1_CA-rep_seed42,MATH,64,4,8,50,lru,True,CA-rep,42,False,MATH_h64_R4_B8_c50_lru_s0_CA-rep_seed42,OFF_to_ON,-0.25419520547945207,0.1274439246731438,-1647619080192,644534272,-1648609984512,-0.19304747903974873,0.0,1888267272192,2535587840,240648192000,3180122112,1,1,False,0,0,0,0.06930287679036458,0.8787968953450521,0.10363515218098958,0.08229522542276528,0.09247080485026042,0.011164347330729166
MATH_h64_R4_B8_c50_lru_s1_CA_seed42,MATH,64,4,8,50,lru,True,CA,42,False,MATH_h64_R4_B8_c50_lru_s0_CA_seed42,OFF_to_ON,-0.25419520547945207,0.1274439246731438,-1647619080192,644534272,-1648609984512,-0.19304747903974873,0.0,1888267272192,2535587840,240648192000,3180122112,1,1,False,0,0,0,0.06930287679036458,0.8787968953450521,0.10363515218098958,0.08229522542276528,0.09247080485026042,0.011164347330729166
MATH_h64_R4_B8_c60_gate_s1_BR_seed42,MATH,64,4,8,60,gate,True,BR,42,False,MATH_h64_R4_B8_c60_gate_s0_BR_seed42,OFF_to_ON,0.02519660589986961,0.46782958239249645,-202399285248,-88412160,-203371315200,-0.0020910032476548213,0.0,380327952384,3508891648,177928667136,3420479488,1,1,True,0,0,0,0.05162175496419271,0.10775375366210938,0.06837717692057292,0.05455136110665361,0.06699752807617188,0.0013796488444010417
MATH_h64_R4_B8_c60_gate_s1_CA-rep_seed42,MATH,64,4,8,60,gate,True,CA-rep,42,False,MATH_h64_R4_B8_c60_gate_s0_CA-rep_seed42,OFF_to_ON,0.005718373846834284,0.4614908063636814,-205079445504,-18694144,-206117535744,-0.020334155273975307,0.0,380828123136,3269136384,175748677632,3250442240,1,1,True,0,0,0,0.04999669392903646,0.10690561930338542,0.06857808430989583,0.0549259022805761,0.06691869099934895,0.001659393310546875
MATH_h64_R4_B8_c60_gate_s1_CA_seed42,MATH,64,4,8,60,gate,True,CA,42,False,MATH_h64_R4_B8_c60_gate_s0_CA_seed42,OFF_to_ON,0.005718373846834284,0.4614908063636814,-205079445504,-18694144,-206117535744,-0.020334155273975307,0.0,380828123136,3269136384,175748677632,3250442240,1,1,True,0,0,0,0.04999669392903646,0.10690561930338542,0.06857808430989583,0.0549259022805761,0.06691869099934895,0.001659393310546875
MATH_h64_R4_B8_c60_lru_s1_BR_seed42,MATH,64,4,8,60,lru,True,BR,42,False,MATH_h64_R4_B8_c60_lru_s0_BR_seed42,OFF_to_ON,0.02618573611675803,0.21592069830067787,-318740889600,-91803648,-319637422080,-0.0016215594234850195,0.0,406516137984,3505864704,87775248384,3414061056,1,1,True,0,0,0,0.022253672281901043,0.12354278564453125,0.06978734334309895,0.05359579555116824,0.06633758544921875,0.0034497578938802085
MATH_h64_R4_B8_c60_lru_s1_CA-rep_seed42,MATH,64,4,8,60,lru,True,CA-rep,42,False,MATH_h64_R4_B8_c60_lru_s0_CA-rep_seed42,OFF_to_ON,-0.002372136443076892,0.21735436614543868,-321666416640,7733248,-322572386304,-0.035066174328442334,0.0,410998800384,3260035072,89332383744,3267768320,1,1,False,0,0,0,0.022815704345703125,0.12537384033203125,0.07173411051432292,0.05520762043192683,0.06801605224609375,0.0037180582682291665
MATH_h64_R4_B8_c60_lru_s1_CA_seed42,MATH,64,4,8,60,lru,True,CA,42,False,MATH_h64_R4_B8_c60_lru_s0_CA_seed42,OFF_to_ON,-0.002372136443076892,0.21735436614543868,-321666416640,7733248,-322572386304,-0.035066174328442334,0.0,410998800384,3260035072,89332383744,3267768320,1,1,False,0,0,0,0.022815704345703125,0.12537384033203125,0.07173411051432292,0.05520762043192683,0.06801605224609375,0.0037180582682291665
MATH_h64_R8_B16_c30_gate_s1_BR_seed42,MATH,64,8,16,30,gate,True,BR,42,False,MATH_h64_R8_B16_c30_gate_s0_BR_seed42,OFF_to_ON,0.048500484038508436,0.7103211403056844,-477559259136,-910716928,-478823841792,-0.0005449620153930163,0.0,1648581672960,18777481216,1171022413824,17866764288,1,1,True,0,0,0,0.2614437739054362,0.351382573445638,0.09328111012776692,0.07457427975620594,0.06507333119710286,0.028207778930664062
MATH_h64_R8_B16_c30_gate_s1_CA-rep_seed42,MATH,64,8,16,30,gate,True,CA-rep,42,False,MATH_h64_R8_B16_c30_gate_s0_CA-rep_seed42,OFF_to_ON,0.026789342885173036,0.7097724780701754,-479597690880,-455221248,-480871710720,-0.0170445328473966,0.0,1652488667136,16992624640,1172890976256,16537403392,1,1,True,0,0,0,0.2621959050496419,0.3535950978597005,0.09337043762207031,0.07461560870732313,0.06551583607991536,0.02785460154215495
MATH_h64_R8_B16_c30_gate_s1_CA_seed42,MATH,64,8,16,30,gate,True,CA,42,False,MATH_h64_R8_B16_c30_gate_s0_CA_seed42,OFF_to_ON,0.026789342885173036,0.7097724780701754,-479597690880,-455221248,-480871710720,-0.0170445328473966,0.0,1652488667136,16992624640,1172890976256,16537403392,1,1,True,0,0,0,0.2621959050496419,0.3535950978597005,0.09337043762207031,0.07461560870732313,0.06551583607991536,0.02785460154215495
MATH_h64_R8_B16_c30_lru_s1_BR_seed42,MATH,64,8,16,30,lru,True,BR,42,False,MATH_h64_R8_B16_c30_lru_s0_BR_seed42,OFF_to_ON,0.07628916082313977,0.7819762755220854,-574299832320,-1438957568,-575705972736,-0.00017679408561598053,0.0,2634116235264,18861887488,2059816402944,17422929920,1,1,True,0,0,0,0.825531005859375,0.9640092849731445,0.13606484731038412,0.11009073669711099,0.003467559814453125,0.132597287495931
MATH_h64_R8_B16_c30_lru_s1_CA-rep_seed42,MATH,64,8,16,30,lru,True,CA-rep,42,False,MATH_h64_R8_B16_c30_lru_s0_CA-rep_seed42,OFF_to_ON,0.053786200327335686,0.7821331490109985,-574092214272,-837255168,-575498354688,-0.015562394641175037,0.0,2635059953664,15566356480,2060967739392,14729101312,1,1,True,0,0,0,0.8266340891520182,0.9648434321085612,0.13648128509521484,0.11044916805173675,0.0038919448852539062,0.13258934020996094
MATH_h64_R8_B16_c30_lru_s1_CA_seed42,MATH,64,8,16,30,lru,True,CA,42,False,MATH_h64_R8_B16_c30_lru_s0_CA_seed42,OFF_to_ON,0.053786200327335686,0.7821331490109985,-574092214272,-837255168,-575498354688,-0.015562394641175037,0.0,2635059953664,15566356480,2060967739392,14729101312,1,1,True,0,0,0,0.8266340891520182,0.9648434321085612,0.13648128509521484,0.11044916805173675,0.0038919448852539062,0.13258934020996094
MATH_h64_R8_B16_c40_gate_s1_BR_seed42,MATH,64,8,16,40,gate,True,BR,42,False,MATH_h64_R8_B16_c40_gate_s0_BR_seed42,OFF_to_ON,0.034620824181751775,0.6784251877360266,-419482828800,-648028160,-420662476800,0.000101119529195004,0.0,1304464195584,18717872128,884981366784,18069843968,1,1,True,0,0,0,0.18115774790445963,0.25487613677978516,0.07874615987141927,0.06270567769567001,0.06521956125895183,0.013526598612467447
MATH_h64_R8_B16_c40_gate_s1_CA-rep_seed42,MATH,64,8,16,40,gate,True,CA-rep,42,False,MATH_h64_R8_B16_c40_gate_s0_CA-rep_seed42,OFF_to_ON,0.018989935897193184,0.6774549466715705,-422096928768,-328687616,-423286013952,-0.015409805365119045,0.0,1308644868096,17308516352,886547939328,16979828736,1,1,True,0,0,0,0.1817468007405599,0.25626341501871747,0.07848930358886719,0.06251640913932166,0.06460825602213542,0.013881047566731771
MATH_h64_R8_B16_c40_gate_s1_CA_seed42,MATH,64,8,16,40,gate,True,CA,42,False,MATH_h64_R8_B16_c40_gate_s0_CA_seed42,OFF_to_ON,0.018989935897193184,0.6774549466715705,-422096928768,-328687616,-423286013952,-0.015409805365119045,0.0,1308644868096,17308516352,886547939328,16979828736,1,1,True,0,0,0,0.1817468007405599,0.25626341501871747,0.07848930358886719,0.06251640913932166,0.06460825602213542,0.013881047566731771
MATH_h64_R8_B16_c40_lru_s1_BR_seed42,MATH,64,8,16,40,lru,True,BR,42,False,MATH_h64_R8_B16_c40_lru_s0_BR_seed42,OFF_to_ON,0.07457658561402282,0.7808412930345716,-574677319680,-1406201856,-576083460096,-7.324223162444299e-05,0.0,2622197071872,18855809024,2047519752192,17449607168,1,1,True,0,0,0,0.8151817321777344,0.9532747268676758,0.13411267598470053,0.10862332835186207,0.0026038487752278647,0.13150882720947266
MATH_h64_R8_B16_c40_lru_s1_CA-rep_seed42,MATH,64,8,16,40,lru,True,CA-rep,42,False,MATH_h64_R8_B16_c40_lru_s0_CA-rep_seed42,OFF_to_ON,0.05151677456352847,0.7808338877002463,-575186927616,-802516992,-576593068032,-0.015896892636594218,0.0,2624433684480,15577780224,2049246756864,14775263232,1,1,True,0,0,0,0.816229502360026,0.9551595052083334,0.1342738469441732,0.10874700305606304,0.0028772354125976562,0.13139661153157553
MATH_h64_R8_B16_c40_lru_s1_CA_seed42,MATH,64,8,16,40,lru,True,CA,42,False,MATH_h64_R8_B16_c40_lru_s0_CA_seed42,OFF_to_ON,0.05151677456352847,0.7808338877002463,-575186927616,-802516992,-576593068032,-0.015896892636594218,0.0,2624433684480,15577780224,2049246756864,14775263232,1,1,True,0,0,0,0.816229502360026,0.9551595052083334,0.1342738469441732,0.10874700305606304,0.0028772354125976562,0.13139661153157553
MATH_h64_R8_B16_c50_gate_s1_BR_seed42,MATH,64,8,16,50,gate,True,BR,42,False,MATH_h64_R8_B16_c50_gate_s0_BR_seed42,OFF_to_ON,0.02386090961971409,0.6377085543446812,-354517254144,-447098880,-355678027776,-0.0002497984764046335,0.0,978541608960,18737713152,624024354816,18290614272,1,1,True,0,0,0,0.12051804860432942,0.1791210174560547,0.06507492065429688,0.05167755010652761,0.05799516042073568,0.007079760233561198
MATH_h64_R8_B16_c50_gate_s1_CA-rep_seed42,MATH,64,8,16,50,gate,True,CA-rep,42,False,MATH_h64_R8_B16_c50_gate_s0_CA-rep_seed42,OFF_to_ON,0.016142232065372155,0.6371775781737835,-356423565312,-283496448,-357574901760,-0.012730762358182102,0.0,982363668480,17562406912,625940103168,17278910464,1,1,True,0,0,0,0.12075996398925781,0.17987473805745444,0.06508922576904297,0.05166862180262704,0.05768871307373047,0.0074005126953125
MATH_h64_R8_B16_c50_gate_s1_CA_seed42,MATH,64,8,16,50,gate,True,CA,42,False,MATH_h64_R8_B16_c50_gate_s0_CA_seed42,OFF_to_ON,0.016142232065372155,0.6371775781737835,-356423565312,-283496448,-357574901760,-0.012730762358182102,0.0,982363668480,17562406912,625940103168,17278910464,1,1,True,0,0,0,0.12075996398925781,0.17987473805745444,0.06508922576904297,0.05166862180262704,0.05768871307373047,0.0074005126953125
MATH_h64_R8_B16_c50_lru_s1_BR_seed42,MATH,64,8,16,50,lru,True,BR,42,False,MATH_h64_R8_B16_c50_lru_s0_BR_seed42,OFF_to_ON,0.07476867876117956,0.7720017099962322,-593910300672,-1410379776,-595288129536,0.0002121136401438406,0.0,2604889276416,18863243264,2010978975744,17452863488,1,1,True,0,0,0,0.7936391830444336,0.9411786397298177,0.1317739486694336,0.10683995971819675,0.004071871439615886,0.12770207722981772
MATH_h64_R8_B16_c50_lru_s1_CA-rep_seed42,MATH,64,8,16,50,lru,True,CA-rep,42,False,MATH_h64_R8_B16_c50_lru_s0_CA-rep_seed42,OFF_to_ON,0.047549418742087485,0.7702534485503785,-599166812160,-741511168,-600544641024,-0.017540322901536343,0.0,2607946924032,15594536960,2008780111872,14853025792,1,1,True,0,0,0,0.7929754257202148,0.9428793589274088,0.13231849670410156,0.1072397156777556,0.004541714986165364,0.1277767817179362
MATH_h64_R8_B16_c50_lru_s1_CA_seed42,MATH,64,8,16,50,lru,True,CA,42,False,MATH_h64_R8_B16_c50_lru_s0_CA_seed42,OFF_to_ON,0.047549418742087485,0.7702534485503785,-599166812160,-741511168,-600544641024,-0.017540322901536343,0.0,2607946924032,15594536960,2008780111872,14853025792,1,1,True,0,0,0,0.7929754257202148,0.9428793589274088,0.13231849670410156,0.1072397156777556,0.004541714986165364,0.1277767817179362
MATH_h64_R8_B16_c60_gate_s1_BR_seed42,MATH,64,8,16,60,gate,True,BR,42,False,MATH_h64_R8_B16_c60_gate_s0_BR_seed42,OFF_to_ON,0.018488382210263565,0.5881008440387184,-282313359360,-346402816,-283417509888,-0.0005725072771679829,0.0,685394362368,18736242688,403081003008,18389839872,1,1,True,0,0,0,0.07406234741210938,0.11863867441813152,0.05280113220214844,0.0417154833459813,0.050033251444498696,0.0027678807576497397
MATH_h64_R8_B16_c60_gate_s1_CA-rep_seed42,MATH,64,8,16,60,gate,True,CA-rep,42,False,MATH_h64_R8_B16_c60_gate_s0_CA-rep_seed42,OFF_to_ON,0.013236734929446034,0.5858005959703655,-285965549568,-233914368,-287069700096,-0.01032965333591837,0.0,690405507072,17671606272,404439957504,17437691904,1,1,True,0,0,0,0.07434527079264323,0.11957009633382161,0.0524590810139974,0.041427155009502774,0.049239794413248696,0.0032192866007486978
MATH_h64_R8_B16_c60_gate_s1_CA_seed42,MATH,64,8,16,60,gate,True,CA,42,False,MATH_h64_R8_B16_c60_gate_s0_CA_seed42,OFF_to_ON,0.013236734929446034,0.5858005959703655,-285965549568,-233914368,-287069700096,-0.01032965333591837,0.0,690405507072,17671606272,404439957504,17437691904,1,1,True,0,0,0,0.07434527079264323,0.11957009633382161,0.0524590810139974,0.041427155009502774,0.049239794413248696,0.0032192866007486978
MATH_h64_R8_B16_c60_lru_s1_BR_seed42,MATH,64,8,16,60,lru,True,BR,42,False,MATH_h64_R8_B16_c60_lru_s0_BR_seed42,OFF_to_ON,0.06518758650359269,0.3939303756774134,-1556729561088,-1228881920,-1557994143744,-0.00032535360104796185,0.0,2568565555200,18851471360,1011835994112,17622589440,1,1,True,0,0,0,0.3841746648152669,0.9213355382283529,0.11421616872151692,0.09208979833097405,0.034369468688964844,0.07984670003255208
MATH_h64_R8_B16_c60_lru_s1_CA-rep_seed42,MATH,64,8,16,60,lru,True,CA-rep,42,False,MATH_h64_R8_B16_c60_lru_s0_CA-rep_seed42,OFF_to_ON,-0.02942909597495802,0.3960331402961208,-1554087149568,460062720,-1555351732224,-0.06749086137665727,0.0,2573133152256,15632920576,1019046002688,16092983296,1,1,False,0,0,0,0.3859742482503255,0.9238592783610026,0.11423969268798828,0.09206461948951677,0.03732935587565104,0.07691033681233723
MATH_h64_R8_B16_c60_lru_s1_CA_seed42,MATH,64,8,16,60,lru,True,CA,42,False,MATH_h64_R8_B16_c60_lru_s0_CA_seed42,OFF_to_ON,-0.02942909597495802,0.3960331402961208,-1554087149568,460062720,-1555351732224,-0.06749086137665727,0.0,2573133152256,15632920576,1019046002688,16092983296,1,1,False,0,0,0,0.3859742482503255,0.9238592783610026,0.11423969268798828,0.09206461948951677,0.03732935587565104,0.07691033681233723
MATH_h64_R8_B32_c30_gate_s1_BR_seed42,MATH,64,8,32,30,gate,True,BR,42,False,MATH_h64_R8_B32_c30_gate_s0_BR_seed42,OFF_to_ON,0.03769529796270079,0.7375650942919257,-489855909888,-1412669440,-490827939840,0.00034864757419578174,0.0,1866580623360,37476012032,1376724713472,36063342592,1,1,True,0,0,0,0.2811497052510579,0.35926024119059247,0.07897059122721355,0.06207632987123882,0.05047416687011719,0.028496424357096355
MATH_h64_R8_B32_c30_gate_s1_CA-rep_seed42,MATH,64,8,32,30,gate,True,CA-rep,42,False,MATH_h64_R8_B32_c30_gate_s0_CA-rep_seed42,OFF_to_ON,0.025477627141500182,0.7375281282648879,-493140049920,-882204672,-494112079872,-0.010752544326473601,0.0,1878830088192,34626641920,1385690038272,33744437248,1,1,True,1,14,12,0.28460025787353516,0.363678773244222,0.07996368408203125,0.06290142882161023,0.050234476725260414,0.029729207356770832
MATH_h64_R8_B32_c30_gate_s1_CA_seed42,MATH,64,8,32,30,gate,True,CA,42,False,MATH_h64_R8_B32_c30_gate_s0_CA_seed42,OFF_to_ON,0.024210002637815232,0.7365973245091907,-492790874112,-840962048,-493762904064,-0.011015205027639946,0.0,1870865104896,34736140288,1378074230784,33895178240,1,1,True,0,0,0,0.28212277094523114,0.36132605870564777,0.07970841725667317,0.06268252278358528,0.05000718434651693,0.02970123291015625
MATH_h64_R8_B32_c30_lru_s1_BR_seed42,MATH,64,8,32,30,lru,True,BR,42,False,MATH_h64_R8_B32_c30_lru_s0_BR_seed42,OFF_to_ON,0.056695394098510356,0.799789776318073,-577008304128,-2136121344,-578046394368,0.00011911724726264283,0.0,2882012184576,37677158400,2305003880448,35541037056,1,1,True,0,0,0,0.8627897898356119,0.9951502482096354,0.11061398188273112,0.08753312846667242,0.0027864774068196616,0.10782750447591145
MATH_h64_R8_B32_c30_lru_s1_CA-rep_seed42,MATH,64,8,32,30,lru,True,CA-rep,42,False,MATH_h64_R8_B32_c30_lru_s0_CA-rep_seed42,OFF_to_ON,0.038037561826600584,0.7997153187938679,-577631158272,-1231388672,-578489942016,-0.010058970513340454,-0.18815104166651508,2884050616320,32372965376,2306419458048,31141576704,1,1,True,29,13,38,0.8645194371541342,0.9974587758382162,0.11085351308186848,0.08772231985598146,0.0026941299438476562,0.10815938313802083
MATH_h64_R8_B32_c30_lru_s1_CA_seed42,MATH,64,8,32,30,lru,True,CA,42,False,MATH_h64_R8_B32_c30_lru_s0_CA_seed42,OFF_to_ON,0.038195389448443674,0.7999973807076018,-576479821824,-1237049344,-577517912064,-0.010083062242119134,0.0,2882361360384,32387399680,2305881538560,31150350336,1,1,True,0,0,0,0.8642972310384115,0.9963510831197103,0.11082712809244792,0.08769404666680028,0.002711613972981771,0.10811551411946614
MATH_h64_R8_B32_c40_gate_s1_BR_seed42,MATH,64,8,32,40,gate,True,BR,42,False,MATH_h64_R8_B32_c40_gate_s0_BR_seed42,OFF_to_ON,0.027747968357213496,0.7117311517243967,-434950373376,-1039290368,-435894091776,0.00040889808687974427,0.0,1508835852288,37454647296,1073885478912,36415356928,1,1,True,0,0,0,0.19715229670206705,0.26144154866536456,0.06588188807169597,0.051729374733958264,0.05082511901855469,0.015056769053141275
MATH_h64_R8_B32_c40_gate_s1_CA-rep_seed42,MATH,64,8,32,40,gate,True,CA-rep,42,False,MATH_h64_R8_B32_c40_gate_s0_CA-rep_seed42,OFF_to_ON,0.018998121973702025,0.7123445688238395,-437724905472,-666152960,-438659186688,-0.009249296522461758,0.0,1521698734080,35064147968,1083973828608,34397995008,1,1,True,1,15,11,0.19991938273111978,0.26540136337280273,0.06656471888224284,0.052264124129405704,0.05195061365763346,0.014614105224609375
MATH_h64_R8_B32_c40_gate_s1_CA_seed42,MATH,64,8,32,40,gate,True,CA,42,False,MATH_h64_R8_B32_c40_gate_s0_CA_seed42,OFF_to_ON,0.019145676846280043,0.7118521429417966,-435950714880,-673845248,-436884996096,-0.009305222033277438,0.0,1512941027328,35195686912,1076990312448,34521841664,1,1,True,0,0,0,0.19815746943155924,0.2631063461303711,0.06622950236002605,0.05201390738304434,0.05177466074625651,0.014454841613769531
MATH_h64_R8_B32_c40_lru_s1_BR_seed42,MATH,64,8,32,40,lru,True,BR,42,False,MATH_h64_R8_B32_c40_lru_s0_BR_seed42,OFF_to_ON,0.05504367346273216,0.8014594392819744,-567193632768,-2073985024,-568231723008,0.00014171237529850278,0.0,2856814903296,37678899200,2289621270528,35604914176,1,1,True,0,0,0,0.8512064615885416,0.9665789604187012,0.1083674430847168,0.08588735281135512,0.002948760986328125,0.10541868209838867
MATH_h64_R8_B32_c40_lru_s1_CA-rep_seed42,MATH,64,8,32,40,lru,True,CA-rep,42,False,MATH_h64_R8_B32_c40_lru_s0_CA-rep_seed42,OFF_to_ON,0.038339012430094126,0.801129499679832,-568599773184,-1244786688,-569571803136,-0.01020274466990409,-0.08951822916651508,2859145887744,32467886080,2290546114560,31223099392,1,1,True,23,12,28,0.8519086837768555,0.9689404169718424,0.10880931218465169,0.08620317719301406,0.0031946500142415366,0.10561466217041016
MATH_h64_R8_B32_c40_lru_s1_CA_seed42,MATH,64,8,32,40,lru,True,CA,42,False,MATH_h64_R8_B32_c40_lru_s0_CA_seed42,OFF_to_ON,0.03819127027850595,0.8011984351012728,-568269471744,-1240281088,-569298124800,-0.010224671098938792,0.0,2858475847680,32475512832,2290206375936,31235231744,1,1,True,0,0,0,0.851856549580892,0.9686565399169922,0.10858599344889323,0.08603064070330733,0.003208796183268229,0.105377197265625
MATH_h64_R8_B32_c50_gate_s1_BR_seed42,MATH,64,8,32,50,gate,True,BR,42,False,MATH_h64_R8_B32_c50_gate_s0_BR_seed42,OFF_to_ON,0.019640176795918344,0.6774715842059443,-374099410944,-735862784,-374995943424,0.00046624310069706687,0.0,1159895973888,37467217920,785796562944,36731355136,1,1,True,0,0,0,0.1331791877746582,0.18430360158284506,0.05424722035725912,0.0424243964290793,0.046952247619628906,0.007294972737630208
MATH_h64_R8_B32_c50_gate_s1_CA-rep_seed42,MATH,64,8,32,50,gate,True,CA-rep,42,False,MATH_h64_R8_B32_c50_gate_s0_CA-rep_seed42,OFF_to_ON,0.01325693812537111,0.6779824709660285,-377591169024,-468860928,-378506575872,-0.008366567967393074,0.0,1172579549184,35367211008,794988380160,34898350080,1,1,True,1,15,8,0.1350255012512207,0.18715461095174155,0.05497312545776367,0.04295360284489502,0.04735358556111654,0.007619539896647136
MATH_h64_R8_B32_c50_gate_s1_CA_seed42,MATH,64,8,32,50,gate,True,CA,42,False,MATH_h64_R8_B32_c50_gate_s0_CA_seed42,OFF_to_ON,0.013720146245377868,0.6768068847596898,-376383209472,-486670336,-377298616320,-0.008382008938721652,0.0,1164576817152,35471220736,788193607680,34984550400,1,1,True,0,0,0,0.13360373179117838,0.18552064895629883,0.05482053756713867,0.04283762879892102,0.04738537470499674,0.007435162862141927
MATH_h64_R8_B32_c50_lru_s1_BR_seed42,MATH,64,8,32,50,lru,True,BR,42,False,MATH_h64_R8_B32_c50_lru_s0_BR_seed42,OFF_to_ON,0.05390440069710137,0.7997033331781265,-568344969216,-2029854720,-569364185088,0.00021051819657257054,0.0,2837515862016,37656567808,2269170892800,35626713088,1,1,True,0,0,0,0.8388431866963705,0.9544466336568197,0.10663763682047527,0.08457793820330828,0.0026110013326009116,0.10402663548787434
MATH_h64_R8_B32_c50_lru_s1_CA-rep_seed42,MATH,64,8,32,50,lru,True,CA-rep,42,False,MATH_h64_R8_B32_c50_lru_s0_CA-rep_seed42,OFF_to_ON,0.037217392093615874,0.799464929626614,-569439682560,-1209249792,-570430586880,-0.010432080431772822,-0.24837239583303017,2839601479680,32491524096,2270161797120,31282274304,1,1,True,19,14,27,0.8397002220153809,0.9556427001953125,0.10665400822957356,0.08459057381112227,0.002674102783203125,0.10397990544637044
MATH_h64_R8_B32_c50_lru_s1_CA_seed42,MATH,64,8,32,50,lru,True,CA,42,False,MATH_h64_R8_B32_c50_lru_s0_CA_seed42,OFF_to_ON,0.03709012690120549,0.7994016653647348,-569505742848,-1205469184,-570524958720,-0.010517455144847782,0.0,2839035248640,32501080064,2269529505792,31295610880,1,1,True,0,0,0,0.8395187060038248,0.9555015563964844,0.10665575663248698,0.08459280387079335,0.002795537312825521,0.10386021931966145
MATH_h64_R8_B32_c60_gate_s1_BR_seed42,MATH,64,8,32,60,gate,True,BR,42,False,MATH_h64_R8_B32_c60_gate_s0_BR_seed42,OFF_to_ON,0.012435927510556206,0.6365053368724234,-303707455488,-465551360,-304575676416,-9.832377836305195e-05,0.0,835521085440,37435998208,531813629952,36970446848,1,1,True,0,0,0,0.0837389628092448,0.12282450993855794,0.04276736577351888,0.03324207078522531,0.039585113525390625,0.0031822522481282554
MATH_h64_R8_B32_c60_gate_s1_CA-rep_seed42,MATH,64,8,32,60,gate,True,CA-rep,42,False,MATH_h64_R8_B32_c60_gate_s0_CA-rep_seed42,OFF_to_ON,0.010962945171559223,0.6350741025726807,-308822409216,-389619712,-309624569856,-0.006798539208362375,0.0,846260600832,35539693568,537438191616,35150073856,1,1,True,1,15,5,0.08553822835286458,0.12507152557373047,0.0433351198832194,0.03368758826304047,0.04028113683064779,0.0030539830525716147
MATH_h64_R8_B32_c60_gate_s1_CA_seed42,MATH,64,8,32,60,gate,True,CA,42,False,MATH_h64_R8_B32_c60_gate_s0_CA_seed42,OFF_to_ON,0.010790112143978733,0.6339702425803259,-307152027648,-384790528,-307954188288,-0.006812891751550948,0.0,839144964096,35661402112,531992936448,35276611584,1,1,True,0,0,0,0.08454227447509766,0.12375497817993164,0.04305887222290039,0.033456813175960165,0.040071964263916016,0.002986907958984375
MATH_h64_R8_B32_c60_lru_s1_BR_seed42,MATH,64,8,32,60,lru,True,BR,42,False,MATH_h64_R8_B32_c60_lru_s0_BR_seed42,OFF_to_ON,0.05229073655615989,0.7751018311131408,-632045961216,-1969250304,-633055739904,0.0001469270511134102,0.0,2810365083648,37659639808,2178319122432,35690389504,1,1,True,0,0,0,0.7992753982543945,0.9400501251220703,0.10395050048828125,0.0825328316905813,0.004700660705566406,0.09924983978271484
MATH_h64_R8_B32_c60_lru_s1_CA-rep_seed42,MATH,64,8,32,60,lru,True,CA-rep,42,False,MATH_h64_R8_B32_c60_lru_s0_CA-rep_seed42,OFF_to_ON,0.0315129376119977,0.7754015895905295,-632036524032,-1024929792,-632951930880,-0.012880702717830761,-0.3893229166665151,2814073896960,32524095488,2182037372928,31499165696,1,1,True,8,14,11,0.8001203536987305,0.9422941207885742,0.1040361722310384,0.08261069922133582,0.004684766133626302,0.09935140609741211
MATH_h64_R8_B32_c60_lru_s1_CA_seed42,MATH,64,8,32,60,lru,True,CA,42,False,MATH_h64_R8_B32_c60_lru_s0_CA_seed42,OFF_to_ON,0.030871602031808738,0.7749366876310273,-633206734848,-1004302336,-634225950720,-0.013044289012152072,0.0,2813460480000,32531591168,2180253745152,31527288832,1,1,True,0,0,0,0.7995545069376627,0.9422748883565267,0.10393031438191731,0.0825282214725615,0.004746913909912109,0.0991834004720052
MATH_h64_R8_B64_c30_gate_s1_BR_seed42,MATH,64,8,64,30,gate,True,BR,42,False,MATH_h64_R8_B64_c30_gate_s0_BR_seed42,OFF_to_ON,0.02761915359003768,0.7661053592895284,-473727762432,-2071023616,-474520485888,0.0004232937626687666,0.0,2025389555712,74985050112,1551661793280,72914026496,1,1,True,0,0,0,0.29582667350769043,0.3602275053660075,0.06421264012654622,0.04958267428757303,0.03710730870564779,0.027105331420898438
MATH_h64_R8_B64_c30_gate_s1_CA-rep_seed42,MATH,64,8,64,30,gate,True,CA-rep,42,False,MATH_h64_R8_B64_c30_gate_s0_CA-rep_seed42,OFF_to_ON,0.01884447276449305,0.7707387600971662,-481853177856,-1307766784,-482476032000,-0.005506497309592601,-3.777669270833485,2101764685824,69397897216,1619911507968,68090130432,1,1,True,106,197,230,0.3177324930826823,0.3841605981190999,0.06643462181091309,0.051363162224351964,0.036258697509765625,0.03017592430114746
MATH_h64_R8_B64_c30_gate_s1_CA_seed42,MATH,64,8,64,30,gate,True,CA,42,False,MATH_h64_R8_B64_c30_gate_s0_CA_seed42,OFF_to_ON,0.01555745423054521,0.7661647805236547,-474426114048,-1098969088,-475228274688,-0.006574936668119202,0.0,2028890750976,70639390720,1554464636928,69540421632,1,1,True,0,0,0,0.2973617712656657,0.3623671531677246,0.06415295600891113,0.04953678170252106,0.03686706225077311,0.02728589375813802
MATH_h64_R8_B64_c30_lru_s1_BR_seed42,MATH,64,8,64,30,lru,True,BR,42,False,MATH_h64_R8_B64_c30_lru_s0_BR_seed42,OFF_to_ON,0.040216559493525164,0.8215287105180087,-544223526912,-3027771392,-545063436288,-5.2959569806720896e-05,0.0,3049361768448,75286683648,2505138241536,72258912256,1,1,True,0,0,0,0.897596518198649,1.0,0.08869703610738118,0.06873335481116978,0.001481453577677409,0.08721558252970378
MATH_h64_R8_B64_c30_lru_s1_CA-rep_seed42,MATH,64,8,64,30,lru,True,CA-rep,42,False,MATH_h64_R8_B64_c30_lru_s0_CA-rep_seed42,OFF_to_ON,0.02970665593462161,0.8246553376585078,-538683899904,-1982160896,-538429095936,-0.0058569368814344325,-3.0966796875,3072143130624,66724470784,2533459230720,64742309888,1,1,True,2297,57,2295,0.905138889948527,1.0,0.08935681978861491,0.06917297334953668,0.00034769376118977863,0.08900912602742513
MATH_h64_R8_B64_c30_lru_s1_CA_seed42,MATH,64,8,64,30,lru,True,CA,42,False,MATH_h64_R8_B64_c30_lru_s0_CA_seed42,OFF_to_ON,0.028988428887973938,0.8216153650942988,-543959285760,-1946025984,-544808632320,-0.006084895629996395,0.0,3049361768448,67131129856,2505402482688,65185103872,1,1,True,0,0,0,0.898000160853068,1.0,0.08899148305257161,0.06895022966724064,0.0011510054270426433,0.08784047762552898
MATH_h64_R8_B64_c40_gate_s1_BR_seed42,MATH,64,8,64,40,gate,True,BR,42,False,MATH_h64_R8_B64_c40_gate_s0_BR_seed42,OFF_to_ON,0.019773715407715536,0.7432443168276379,-426994827264,-1479200768,-427768676352,0.00032478312574753254,0.0,1663039438848,74806415360,1236044611584,73327214592,1,1,True,0,0,0,0.20874905586242676,0.2628134886423747,0.05360261599222819,0.04131560917995394,0.03951144218444824,0.014091173807779947
MATH_h64_R8_B64_c40_gate_s1_CA-rep_seed42,MATH,64,8,64,40,gate,True,CA-rep,42,False,MATH_h64_R8_B64_c40_gate_s0_CA-rep_seed42,OFF_to_ON,0.016196424131832872,0.7518844865077781,-433950031872,-1131393024,-434554011648,-0.0041705454024361654,-9.66731770833303,1748983873536,69854494720,1315033841664,68723101696,1,1,True,69,194,173,0.22963221867879233,0.28471144040425617,0.056281328201293945,0.043439510685074074,0.03926412264506022,0.017017205556233723
MATH_h64_R8_B64_c40_gate_s1_CA_seed42,MATH,64,8,64,40,gate,True,CA,42,False,MATH_h64_R8_B64_c40_gate_s0_CA_seed42,OFF_to_ON,0.014548273137010107,0.743176852805669,-428212224000,-1038094336,-428986073088,-0.005694715035769904,0.0,1667342794752,71355158528,1239130570752,70317064192,1,1,True,0,0,0,0.21076512336730957,0.2647246519724528,0.05394474665323893,0.041604482261263634,0.04055253664652506,0.013392210006713867
MATH_h64_R8_B64_c40_lru_s1_BR_seed42,MATH,64,8,64,40,lru,True,BR,42,False,MATH_h64_R8_B64_c40_lru_s0_BR_seed42,OFF_to_ON,0.039000404673106955,0.8211281559205443,-541835919360,-2937352192,-542647517184,0.00011593642576092356,0.0,3029185069056,75315941376,2487349149696,72378589184,1,1,True,0,0,0,0.8810193538665771,0.9800980091094971,0.08652520179748535,0.06719386294850926,0.0021964708964029946,0.08432873090108235
MATH_h64_R8_B64_c40_lru_s1_CA-rep_seed42,MATH,64,8,64,40,lru,True,CA-rep,42,False,MATH_h64_R8_B64_c40_lru_s0_CA-rep_seed42,OFF_to_ON,0.02703881017094135,0.8217904987888675,-544336773120,-1806151680,-543534612480,-0.005974177631979716,-4.038736979166515,3054476722176,66798489600,2510139949056,64992337920,1,1,True,2078,126,2100,0.8836578528086344,0.9843308130900065,0.08702445030212402,0.06753491595556228,0.0024143854777018228,0.0846100648244222
MATH_h64_R8_B64_c40_lru_s1_CA_seed42,MATH,64,8,64,40,lru,True,CA,42,False,MATH_h64_R8_B64_c40_lru_s0_CA_seed42,OFF_to_ON,0.02663151922125667,0.8211115645961785,-541864230912,-1790431232,-542675828736,-0.006307322921132202,0.0,3029062385664,67229782016,2487198154752,65439350784,1,1,True,0,0,0,0.8813748359680176,0.9804120858510336,0.08642737070719402,0.06712605064403711,0.002134402592976888,0.08429296811421712
MATH_h64_R8_B64_c50_gate_s1_BR_seed42,MATH,64,8,64,50,gate,True,BR,42,False,MATH_h64_R8_B64_c50_gate_s0_BR_seed42,OFF_to_ON,0.016147774888585324,0.7153193305887375,-371315441664,-1208655872,-372042104832,-4.258196430848016e-05,0.0,1304322637824,74849685504,933007196160,73641029632,1,1,True,0,0,0,0.14237070083618164,0.18542083104451498,0.04389762878417969,0.033627552840905704,0.03676565488179525,0.00713197390238444
MATH_h64_R8_B64_c50_gate_s1_CA-rep_seed42,MATH,64,8,64,50,gate,True,CA-rep,42,False,MATH_h64_R8_B64_c50_gate_s0_CA-rep_seed42,OFF_to_ON,0.012303506313228607,0.719749652294854,-391728070656,-862621696,-392190492672,-0.005412940161488522,3.169921875,1397779070976,70111858688,1006051000320,69249236992,1,1,True,26,179,103,0.1580190658569336,0.20475252469380698,0.04615330696105957,0.03552756034072762,0.03819847106933594,0.007954835891723633
MATH_h64_R8_B64_c50_gate_s1_CA_seed42,MATH,64,8,64,50,gate,True,CA,42,False,MATH_h64_R8_B64_c50_gate_s0_CA_seed42,OFF_to_ON,0.011643263556322241,0.7142651140992826,-373995601920,-832868352,-374722265088,-0.004945248869502983,0.0,1308890234880,71532208128,934894632960,70699339776,1,1,True,0,0,0,0.1436010996500651,0.1871215502421061,0.043836355209350586,0.033670425195066515,0.03671495119730631,0.0071214040120442705
MATH_h64_R8_B64_c50_lru_s1_BR_seed42,MATH,64,8,64,50,lru,True,BR,42,False,MATH_h64_R8_B64_c50_lru_s0_BR_seed42,OFF_to_ON,0.03777163642566925,0.8202532122300126,-540486402048,-2844114944,-541279125504,6.799455347279715e-05,0.0,3006932189184,75297636352,2466445787136,72453521408,1,1,True,0,0,0,0.8689667383829752,0.9631406466166178,0.0845193862915039,0.06574469779997705,0.0020945072174072266,0.08242487907409668
MATH_h64_R8_B64_c50_lru_s1_CA-rep_seed42,MATH,64,8,64,50,lru,True,CA-rep,42,False,MATH_h64_R8_B64_c50_lru_s0_CA-rep_seed42,OFF_to_ON,0.026742070144459725,0.8205902945249172,-544110280704,-1788997632,-543298682880,-0.006152570627013271,-4.35774739583303,3032780636160,66898247680,2488670355456,65109250048,1,1,True,1921,157,1932,0.8710116545359293,0.966908852259318,0.08506218592325847,0.06615812171775182,0.0023463567097981772,0.08271582921346028
MATH_h64_R8_B64_c50_lru_s1_CA_seed42,MATH,64,8,64,50,lru,True,CA,42,False,MATH_h64_R8_B64_c50_lru_s0_CA_seed42,OFF_to_ON,0.02611251631389631,0.8201814941259162,-540807266304,-1757958144,-541599989760,-0.0063980482662911176,0.0,3007517294592,67322433536,2466710028288,65564475392,1,1,True,0,0,0,0.8690268993377686,0.9637734889984131,0.08450452486673991,0.06571876752064998,0.0020545323689778647,0.08244999249776204
MATH_h64_R8_B64_c60_gate_s1_BR_seed42,MATH,64,8,64,60,gate,True,BR,42,False,MATH_h64_R8_B64_c60_gate_s0_BR_seed42,OFF_to_ON,0.011310580747064607,0.6789332129255173,-308680851456,-847896576,-309398077440,0.0002699858976368402,0.0,961422557184,74964901888,652741705728,74117005312,1,1,True,0,0,0,0.0914616584777832,0.12424747149149577,0.034313599268595375,0.02628079821166559,0.030818462371826172,0.0034951368967692056
MATH_h64_R8_B64_c60_gate_s1_CA-rep_seed42,MATH,64,8,64,60,gate,True,CA-rep,42,False,MATH_h64_R8_B64_c60_gate_s0_CA-rep_seed42,OFF_to_ON,0.005805181709104332,0.6894609959700633,-325790466048,-407367680,-326432194560,-0.0036921974102894217,-3.01953125,1049112870912,70173114368,723322404864,69765746688,1,1,True,11,178,73,0.10422547658284505,0.1397399107615153,0.037060817082722984,0.028406934355084314,0.0326841672261556,0.004376649856567383
MATH_h64_R8_B64_c60_gate_s1_CA_seed42,MATH,64,8,64,60,gate,True,CA,42,False,MATH_h64_R8_B64_c60_gate_s0_CA_seed42,OFF_to_ON,0.0074652948854280485,0.675069617470321,-313833553920,-535592960,-314550779904,-0.00392293801252841,0.0,965848596480,71744380928,652015042560,71208787968,1,1,True,0,0,0,0.09175451596577962,0.12583208084106445,0.03471191724141439,0.026581351125624514,0.03115049997965495,0.00356141726175944
MATH_h64_R8_B64_c60_lru_s1_BR_seed42,MATH,64,8,64,60,lru,True,BR,42,False,MATH_h64_R8_B64_c60_lru_s0_BR_seed42,OFF_to_ON,0.037252328770237556,0.8185342615878727,-540675145728,-2805501952,-541467869184,4.402018029306398e-05,0.0,2979488858112,75310780416,2438813712384,72505278464,1,1,True,0,0,0,0.8552286624908447,0.9497520128885905,0.08324726422627766,0.06480594730646143,0.002267916997273763,0.0809793472290039
MATH_h64_R8_B64_c60_lru_s1_CA-rep_seed42,MATH,64,8,64,60,lru,True,CA-rep,42,False,MATH_h64_R8_B64_c60_lru_s0_CA-rep_seed42,OFF_to_ON,0.025624648800898826,0.81953784810524,-542439899136,-1715630080,-541968039936,-0.00614626386771247,-4.87434895833303,3005837475840,66952335360,2463397576704,65236705280,1,1,True,1788,174,1781,0.8587672710418701,0.9531850814819336,0.0836962064107259,0.06513014246544462,0.002151012420654297,0.08154519399007161
MATH_h64_R8_B64_c60_lru_s1_CA_seed42,MATH,64,8,64,60,lru,True,CA,42,False,MATH_h64_R8_B64_c60_lru_s0_CA_seed42,OFF_to_ON,0.025422660279798864,0.8182770847843982,-541684924416,-1713676288,-542477647872,-0.006561352091570605,0.0,2980828938240,67407433728,2439144013824,65693757440,1,1,True,0,0,0,0.8549861907958984,0.9500784873962402,0.08308116594950359,0.06468299613822445,0.002086639404296875,0.08099452654520671
MATH_h64_R8_B8_c30_gate_s1_BR_seed42,MATH,64,8,8,30,gate,True,BR,42,False,MATH_h64_R8_B8_c30_gate_s0_BR_seed42,OFF_to_ON,0.058693680178379455,0.6757105679787458,-450399043584,-549662720,-451663626240,-0.0005190203587322195,0.0,1388879806464,9364938752,938480762880,8815276032,1,1,True,0,0,0,0.23792076110839844,0.3412405649820964,0.1077728271484375,0.08789316988498479,0.08298683166503906,0.024785995483398438
MATH_h64_R8_B8_c30_gate_s1_CA-rep_seed42,MATH,64,8,8,30,gate,True,CA-rep,42,False,MATH_h64_R8_B8_c30_gate_s0_CA-rep_seed42,OFF_to_ON,0.02612567283578709,0.6754663015778344,-451880681472,-215445504,-453145264128,-0.026337452509731407,0.0,1392399876096,8246505472,940519194624,8031059968,1,1,True,0,0,0,0.24019241333007812,0.3442529042561849,0.10793558756510417,0.08802555546657752,0.08258438110351562,0.025351206461588543
MATH_h64_R8_B8_c30_gate_s1_CA_seed42,MATH,64,8,8,30,gate,True,CA,42,False,MATH_h64_R8_B8_c30_gate_s0_CA_seed42,OFF_to_ON,0.02612567283578709,0.6754663015778344,-451880681472,-215445504,-453145264128,-0.026337452509731407,0.0,1392399876096,8246505472,940519194624,8031059968,1,1,True,0,0,0,0.24019241333007812,0.3442529042561849,0.10793558756510417,0.08802555546657752,0.08258438110351562,0.025351206461588543
MATH_h64_R8_B8_c30_lru_s1_BR_seed42,MATH,64,8,8,30,lru,True,BR,42,False,MATH_h64_R8_B8_c30_lru_s0_BR_seed42,OFF_to_ON,0.1010222841551811,0.7604539785083791,-565485502464,-954077184,-567137009664,-0.00031865440983167015,0.0,2360654954496,9444225024,1795169452032,8490147840,1,1,True,0,0,0,0.7938575744628906,0.9616222381591797,0.16513824462890625,0.1364072424931387,0.004484812418619792,0.16065343221028647
MATH_h64_R8_B8_c30_lru_s1_CA-rep_seed42,MATH,64,8,8,30,lru,True,CA-rep,42,False,MATH_h64_R8_B8_c30_lru_s0_CA-rep_seed42,OFF_to_ON,0.06652863292104833,0.760253172649682,-566231040000,-480116736,-567882547200,-0.023922988058563688,0.0,2361787416576,7216693248,1795556376576,6736576512,1,1,True,0,0,0,0.7944380442301432,0.9628982543945312,0.165191650390625,0.13644970156971972,0.0043760935465494795,0.16081555684407553
MATH_h64_R8_B8_c30_lru_s1_CA_seed42,MATH,64,8,8,30,lru,True,CA,42,False,MATH_h64_R8_B8_c30_lru_s0_CA_seed42,OFF_to_ON,0.06652863292104833,0.760253172649682,-566231040000,-480116736,-567882547200,-0.023922988058563688,0.0,2361787416576,7216693248,1795556376576,6736576512,1,1,True,0,0,0,0.7944380442301432,0.9628982543945312,0.165191650390625,0.13644970156971972,0.0043760935465494795,0.16081555684407553
MATH_h64_R8_B8_c40_gate_s1_BR_seed42,MATH,64,8,8,40,gate,True,BR,42,False,MATH_h64_R8_B8_c40_gate_s0_BR_seed42,OFF_to_ON,0.041688886279255946,0.6375282326369283,-387717267456,-389693440,-388944101376,-0.0009013017622060138,0.0,1069648183296,9347657728,681930915840,8957964288,1,1,True,0,0,0,0.16146532694498697,0.2451648712158203,0.08992830912272136,0.07314905391050777,0.0778058369954427,0.012122472127278646
MATH_h64_R8_B8_c40_gate_s1_CA-rep_seed42,MATH,64,8,8,40,gate,True,CA-rep,42,False,MATH_h64_R8_B8_c40_gate_s0_CA-rep_seed42,OFF_to_ON,0.020504115021925947,0.6378828369492598,-388745920512,-173305856,-389953880064,-0.02410302164466932,0.0,1073536303104,8452247552,684790382592,8278941696,1,1,True,0,0,0,0.16353988647460938,0.2482471466064453,0.09032567342122395,0.07333074970095517,0.07782554626464844,0.012500127156575521
MATH_h64_R8_B8_c40_gate_s1_CA_seed42,MATH,64,8,8,40,gate,True,CA,42,False,MATH_h64_R8_B8_c40_gate_s0_CA_seed42,OFF_to_ON,0.020504115021925947,0.6378828369492598,-388745920512,-173305856,-389953880064,-0.02410302164466932,0.0,1073536303104,8452247552,684790382592,8278941696,1,1,True,0,0,0,0.16353988647460938,0.2482471466064453,0.09032567342122395,0.07333074970095517,0.07782554626464844,0.012500127156575521
MATH_h64_R8_B8_c40_lru_s1_BR_seed42,MATH,64,8,8,40,lru,True,BR,42,False,MATH_h64_R8_B8_c40_lru_s0_BR_seed42,OFF_to_ON,0.09973506415492671,0.7555583257265331,-573667540992,-941199360,-575319048192,6.914560475067277e-05,0.0,2346848354304,9436995584,1773180813312,8495796224,1,1,True,0,0,0,0.7768999735514323,0.9492613474527994,0.1631189982096354,0.1347506872003252,0.0047219594319661455,0.15839703877766928
MATH_h64_R8_B8_c40_lru_s1_CA-rep_seed42,MATH,64,8,8,40,lru,True,CA-rep,42,False,MATH_h64_R8_B8_c40_lru_s0_CA-rep_seed42,OFF_to_ON,0.06374942318526299,0.7556302007786854,-573960093696,-461176832,-575611600896,-0.025160676453844122,0.0,2348735791104,7234211840,1774775697408,6773035008,1,1,True,0,0,0,0.7784449259440104,0.9507408142089844,0.16304651896158853,0.13470850069133386,0.0044320424397786455,0.1586144765218099
MATH_h64_R8_B8_c40_lru_s1_CA_seed42,MATH,64,8,8,40,lru,True,CA,42,False,MATH_h64_R8_B8_c40_lru_s0_CA_seed42,OFF_to_ON,0.06374942318526299,0.7556302007786854,-573960093696,-461176832,-575611600896,-0.025160676453844122,0.0,2348735791104,7234211840,1774775697408,6773035008,1,1,True,0,0,0,0.7784449259440104,0.9507408142089844,0.16304651896158853,0.13470850069133386,0.0044320424397786455,0.1586144765218099
MATH_h64_R8_B8_c50_gate_s1_BR_seed42,MATH,64,8,8,50,gate,True,BR,42,False,MATH_h64_R8_B8_c50_gate_s0_BR_seed42,OFF_to_ON,0.030406683983911324,0.593438187045493,-317617864704,-284659712,-318788075520,-0.00038727759030798836,0.0,781228965888,9361747968,463611101184,9077088256,1,1,True,0,0,0,0.10508791605631511,0.1700763702392578,0.07397969563802083,0.059781237711990266,0.0681292215983073,0.005850474039713542
MATH_h64_R8_B8_c50_gate_s1_CA-rep_seed42,MATH,64,8,8,50,gate,True,CA-rep,42,False,MATH_h64_R8_B8_c50_gate_s0_CA-rep_seed42,OFF_to_ON,0.013362067940218696,0.592502282227454,-320156467200,-115044352,-321326678016,-0.02002925162425806,0.0,785664442368,8609771520,465507975168,8494727168,1,1,True,0,0,0,0.10654576619466145,0.17263666788736978,0.07501856486002605,0.06053618288000287,0.06941286722819011,0.0056056976318359375
MATH_h64_R8_B8_c50_gate_s1_CA_seed42,MATH,64,8,8,50,gate,True,CA,42,False,MATH_h64_R8_B8_c50_gate_s0_CA_seed42,OFF_to_ON,0.013362067940218696,0.592502282227454,-320156467200,-115044352,-321326678016,-0.02002925162425806,0.0,785664442368,8609771520,465507975168,8494727168,1,1,True,0,0,0,0.10654576619466145,0.17263666788736978,0.07501856486002605,0.06053618288000287,0.06941286722819011,0.0056056976318359375
MATH_h64_R8_B8_c50_lru_s1_BR_seed42,MATH,64,8,8,50,lru,True,BR,42,False,MATH_h64_R8_B8_c50_lru_s0_BR_seed42,OFF_to_ON,0.0934602882524748,0.651049280447,-810974969856,-882089984,-812588728320,-0.00016844559730083697,0.0,2324038680576,9438126080,1513063710720,8556036096,1,1,True,0,0,0,0.645483652750651,0.9334996541341146,0.1536839803059896,0.12700196408728168,0.017705281575520832,0.13597869873046875
MATH_h64_R8_B8_c50_lru_s1_CA-rep_seed42,MATH,64,8,8,50,lru,True,CA-rep,42,False,MATH_h64_R8_B8_c50_lru_s0_CA-rep_seed42,OFF_to_ON,0.028412605948945815,0.6558844636536505,-800962117632,-206176256,-802585313280,-0.04586242935968282,0.0,2327596498944,7256506368,1526634381312,7050330112,1,1,True,0,0,0,0.6521695454915365,0.9361248016357422,0.1542809804280599,0.12741625005973048,0.015661239624023438,0.13861974080403647
MATH_h64_R8_B8_c50_lru_s1_CA_seed42,MATH,64,8,8,50,lru,True,CA,42,False,MATH_h64_R8_B8_c50_lru_s0_CA_seed42,OFF_to_ON,0.028412605948945815,0.6558844636536505,-800962117632,-206176256,-802585313280,-0.04586242935968282,0.0,2327596498944,7256506368,1526634381312,7050330112,1,1,True,0,0,0,0.6521695454915365,0.9361248016357422,0.1542809804280599,0.12741625005973048,0.015661239624023438,0.13861974080403647
MATH_h64_R8_B8_c60_gate_s1_BR_seed42,MATH,64,8,8,60,gate,True,BR,42,False,MATH_h64_R8_B8_c60_gate_s0_BR_seed42,OFF_to_ON,0.018950016405993655,0.5282484375276641,-251453767680,-177418240,-252520169472,0.0003678023837277583,0.0,533021589504,9362432000,281567821824,9185013760,1,1,True,0,0,0,0.060887654622395836,0.1113446553548177,0.059085845947265625,0.047360898896270515,0.057027180989583336,0.0020586649576822915
MATH_h64_R8_B8_c60_gate_s1_CA-rep_seed42,MATH,64,8,8,60,gate,True,CA-rep,42,False,MATH_h64_R8_B8_c60_gate_s0_CA-rep_seed42,OFF_to_ON,0.010368686350882705,0.5353157250306104,-250708230144,-90304512,-251831255040,-0.01466064020443647,0.0,539523809280,8709349376,288815579136,8619044864,1,1,True,0,0,0,0.06361134847005208,0.11379305521647136,0.06053860982259115,0.04848229194121462,0.05799166361490885,0.0025469462076822915
MATH_h64_R8_B8_c60_gate_s1_CA_seed42,MATH,64,8,8,60,gate,True,CA,42,False,MATH_h64_R8_B8_c60_gate_s0_CA_seed42,OFF_to_ON,0.010368686350882705,0.5353157250306104,-250708230144,-90304512,-251831255040,-0.01466064020443647,0.0,539523809280,8709349376,288815579136,8619044864,1,1,True,0,0,0,0.06361134847005208,0.11379305521647136,0.06053860982259115,0.04848229194121462,0.05799166361490885,0.0025469462076822915
MATH_h64_R8_B8_c60_lru_s1_BR_seed42,MATH,64,8,8,60,lru,True,BR,42,False,MATH_h64_R8_B8_c60_lru_s0_BR_seed42,OFF_to_ON,0.04032494164272578,0.08871534925209276,-2005373288448,-380256256,-2006317006848,-0.0004825051880920639,0.0,2200600313856,9429803008,195227025408,9049546752,1,1,True,0,0,0,0.04309717814127604,0.8677953084309896,0.07224527994791667,0.05610267871566743,0.06675148010253906,0.0054937998453776045
MATH_h64_R8_B8_c60_lru_s1_CA-rep_seed42,MATH,64,8,8,60,lru,True,CA-rep,42,False,MATH_h64_R8_B8_c60_lru_s0_CA-rep_seed42,OFF_to_ON,-0.17564311788108192,0.09261541621732655,-2001003872256,1293877248,-2002051399680,-0.15593608761339242,0.0,2205243408384,7366512640,204239536128,8660389888,1,1,False,0,0,0,0.04699007670084635,0.8699735005696615,0.0738232930501302,0.05741076658966523,0.06801350911458333,0.005809783935546875
MATH_h64_R8_B8_c60_lru_s1_CA_seed42,MATH,64,8,8,60,lru,True,CA,42,False,MATH_h64_R8_B8_c60_lru_s0_CA_seed42,OFF_to_ON,-0.17564311788108192,0.09261541621732655,-2001003872256,1293877248,-2002051399680,-0.15593608761339242,0.0,2205243408384,7366512640,204239536128,8660389888,1,1,False,0,0,0,0.04699007670084635,0.8699735005696615,0.0738232930501302,0.05741076658966523,0.06801350911458333,0.005809783935546875
ShareGPT_h256_R4_B16_c30_gate_s1_BR_seed42,ShareGPT,256,4,16,30,gate,True,BR,42,False,ShareGPT_h256_R4_B16_c30_gate_s0_BR_seed42,OFF_to_ON,0.039539541951029135,0.7463958060288336,-1880877957120,-1109237760,-1881944358912,-0.001769379796550563,0.0,7416588533760,28053884928,5535710576640,26944647168,1,1,True,0,0,0,0.30370060602823895,0.39284594853719074,0.0910657246907552,0.07630893125922926,0.06937742233276367,0.021688302357991535
ShareGPT_h256_R4_B16_c30_gate_s1_CA-rep_seed42,ShareGPT,256,4,16,30,gate,True,CA-rep,42,False,ShareGPT_h256_R4_B16_c30_gate_s0_CA-rep_seed42,OFF_to_ON,0.012687320414038084,0.7492386317266638,-1902215430144,-294961152,-1903225208832,-0.02141828366447579,-7.0804850260417425,7585759494144,23248498688,5683544064000,22953537536,1,1,True,63,78,122,0.3179750442504883,0.4091593424479167,0.09423351287841797,0.07907539453644417,0.07125186920166016,0.022981643676757812
ShareGPT_h256_R4_B16_c30_gate_s1_CA_seed42,ShareGPT,256,4,16,30,gate,True,CA,42,False,ShareGPT_h256_R4_B16_c30_gate_s0_CA_seed42,OFF_to_ON,0.00881183282132082,0.7462573508945627,-1884105474048,-209833984,-1885171875840,-0.023283767483934792,0.0,7425261305856,23812751360,5541155831808,23602917376,1,1,True,0,0,0,0.3046944936116536,0.39419253667195636,0.09119860331217448,0.07642449564713476,0.06941445668538411,0.021784146626790363
ShareGPT_h256_R4_B16_c30_lru_s1_BR_seed42,ShareGPT,256,4,16,30,lru,True,BR,42,False,ShareGPT_h256_R4_B16_c30_lru_s0_BR_seed42,OFF_to_ON,0.09724258836973206,0.7837270995366354,-2505864904704,-2733395968,-2507082301440,-0.00012335873867641567,0.0,11586587590656,28109041664,9080722685952,25375645696,1,1,True,0,0,0,0.8277160326639811,1.0,0.17228253682454428,0.1479887351656116,0.0,0.17228253682454428
ShareGPT_h256_R4_B16_c30_lru_s1_CA-rep_seed42,ShareGPT,256,4,16,30,lru,True,CA-rep,42,False,ShareGPT_h256_R4_B16_c30_lru_s0_CA-rep_seed42,OFF_to_ON,0.06756261266625088,0.7839591614997755,-2506978492416,-1408352256,-2507072864256,-0.019570285432811363,-0.6363118489582575,11604187938816,20845142016,9097209446400,19436789760,1,1,True,1746,0,1782,0.8277174631754557,1.0,0.17228253682454428,0.1479887351656116,0.0,0.17228253682454428
ShareGPT_h256_R4_B16_c30_lru_s1_CA_seed42,ShareGPT,256,4,16,30,lru,True,CA,42,False,ShareGPT_h256_R4_B16_c30_lru_s0_CA_seed42,OFF_to_ON,0.06736649035181369,0.7837270995366354,-2505864904704,-1407823872,-2507082301440,-0.019758199896417306,0.0,11586587590656,20897984512,9080722685952,19490160640,1,1,True,0,0,0,0.8277166684468588,1.0,0.17228253682454428,0.1479887351656116,0.0,0.17228253682454428
ShareGPT_h256_R4_B16_c40_gate_s1_BR_seed42,ShareGPT,256,4,16,40,gate,True,BR,42,False,ShareGPT_h256_R4_B16_c40_gate_s0_BR_seed42,OFF_to_ON,0.028403665307614224,0.7316991800246024,-1601386315776,-796438528,-1602433843200,4.8734877785727715e-05,0.0,5968622518272,28039991296,4367236202496,27243552768,1,1,True,0,0,0,0.20759709676106772,0.2746238708496094,0.07004849116007487,0.05851575731631386,0.05679194132486979,0.013256549835205078
ShareGPT_h256_R4_B16_c40_gate_s1_CA-rep_seed42,ShareGPT,256,4,16,40,gate,True,CA-rep,42,False,ShareGPT_h256_R4_B16_c40_gate_s0_CA-rep_seed42,OFF_to_ON,0.0026925404170821295,0.7336115052732503,-1638785875968,-64704512,-1639823966208,-0.019952842362390033,-1.964599609375,6151864320000,24031027200,4513078444032,23966322688,1,1,True,51,83,97,0.2185802459716797,0.2883652051289876,0.07275629043579102,0.060797078044172226,0.058859825134277344,0.013896465301513672
ShareGPT_h256_R4_B16_c40_gate_s1_CA_seed42,ShareGPT,256,4,16,40,gate,True,CA,42,False,ShareGPT_h256_R4_B16_c40_gate_s0_CA_seed42,OFF_to_ON,0.0009514389869563791,0.7314454666574057,-1605500928000,-23408640,-1606548455424,-0.020752557710351394,0.0,5978305069056,24603406336,4372804141056,24579997696,1,1,True,0,0,0,0.20833683013916016,0.2759140332539876,0.07012780507405598,0.058552692602141056,0.05700524648030599,0.01312255859375
ShareGPT_h256_R4_B16_c40_lru_s1_BR_seed42,ShareGPT,256,4,16,40,lru,True,BR,42,False,ShareGPT_h256_R4_B16_c40_lru_s0_BR_seed42,OFF_to_ON,0.09706116916444725,0.7828629234238967,-2515877756928,-2728296448,-2517095153664,-4.758460693055078e-05,0.0,11586587590656,28109041664,9070709833728,25380745216,1,1,True,0,0,0,0.8261073430379232,1.0,0.17203489939371744,0.1477932317662041,0.00011666615804036458,0.1719182332356771
ShareGPT_h256_R4_B16_c40_lru_s1_CA-rep_seed42,ShareGPT,256,4,16,40,lru,True,CA-rep,42,False,ShareGPT_h256_R4_B16_c40_lru_s0_CA-rep_seed42,OFF_to_ON,0.06716785095181,0.7833614177992622,-2513914822656,-1400123392,-2513707204608,-0.019752424823616888,-0.7698567708334849,11604187938816,20845142016,9090273116160,19445018624,1,1,True,1714,25,1740,0.8266844749450684,1.0,0.1720759073893229,0.14782330100943766,9.187062581380208e-05,0.17198403676350912
ShareGPT_h256_R4_B16_c40_lru_s1_CA_seed42,ShareGPT,256,4,16,40,lru,True,CA,42,False,ShareGPT_h256_R4_B16_c40_lru_s0_CA_seed42,OFF_to_ON,0.06688413493642846,0.7829337842361571,-2515056721920,-1397743616,-2516274118656,-0.01999049261068503,0.0,11586587590656,20897984512,9071530868736,19500240896,1,1,True,0,0,0,0.8262669245402018,1.0,0.17200549443562826,0.1477647242007418,0.00013605753580729166,0.17186943689982095
ShareGPT_h256_R4_B16_c50_gate_s1_BR_seed42,ShareGPT,256,4,16,50,gate,True,BR,42,False,ShareGPT_h256_R4_B16_c50_gate_s0_BR_seed42,OFF_to_ON,0.01904149331406888,0.7125123745162689,-1326443397120,-534630400,-1327481487360,0.00013601716305061684,0.0,4613914755072,28077125632,3287471357952,27542495232,1,1,True,0,0,0,0.13769086201985678,0.1876047452290853,0.05266714096069336,0.043868136944647716,0.044956207275390625,0.007710933685302734
ShareGPT_h256_R4_B16_c50_gate_s1_CA-rep_seed42,ShareGPT,256,4,16,50,gate,True,CA-rep,42,False,ShareGPT_h256_R4_B16_c50_gate_s0_CA-rep_seed42,OFF_to_ON,-0.003022171407259626,0.7160942651662979,-1353830105088,74878976,-1354868195328,-0.016945672893095787,-2.97029622395803,4768590200832,24776548352,3414760095744,24851427328,1,1,False,42,80,78,0.14542086919148764,0.1968827247619629,0.05459260940551758,0.045487381967690026,0.046280860900878906,0.008311748504638672
ShareGPT_h256_R4_B16_c50_gate_s1_CA_seed42,ShareGPT,256,4,16,50,gate,True,CA,42,False,ShareGPT_h256_R4_B16_c50_gate_s0_CA_seed42,OFF_to_ON,-0.004581414226760904,0.7118752730851372,-1331737657344,115933184,-1332775747584,-0.01788686259110711,0.0,4622087356416,25305108480,3290349699072,25421041664,1,1,False,0,0,0,0.13810809453328451,0.1884439786275228,0.052823543548583984,0.04399593708798048,0.045174598693847656,0.007648944854736328
ShareGPT_h256_R4_B16_c50_lru_s1_BR_seed42,ShareGPT,256,4,16,50,lru,True,BR,42,False,ShareGPT_h256_R4_B16_c50_lru_s0_BR_seed42,OFF_to_ON,0.09632362776035348,0.7800000489487042,-2544925409280,-2707873792,-2546142806016,0.00011075607244970254,0.0,11567845343232,28112248832,9022919933952,25404375040,1,1,True,0,0,0,0.8191514015197754,0.9970852533976237,0.17087650299072266,0.14680847992164464,0.0006594657897949219,0.17021703720092773
ShareGPT_h256_R4_B16_c50_lru_s1_CA-rep_seed42,ShareGPT,256,4,16,50,lru,True,CA-rep,42,False,ShareGPT_h256_R4_B16_c50_lru_s0_CA-rep_seed42,OFF_to_ON,0.06552662567311819,0.7802979047339904,-2546605228032,-1366421504,-2545293459456,-0.02053139459410913,-0.807861328125,11591174062080,20852920320,9044568834048,19486498816,1,1,True,1544,75,1570,0.8202524185180664,0.9981339772542318,0.1710383097330729,0.1469445441048722,0.0005443890889485677,0.17049392064412436
ShareGPT_h256_R4_B16_c50_lru_s1_CA_seed42,ShareGPT,256,4,16,50,lru,True,CA,42,False,ShareGPT_h256_R4_B16_c50_lru_s0_CA_seed42,OFF_to_ON,0.06511294130507994,0.7801201772475723,-2543708012544,-1361350656,-2544925409280,-0.020765100629812128,0.0,11568628629504,20907528192,9024920616960,19546177536,1,1,True,0,0,0,0.8195829391479492,0.997344175974528,0.17083501815795898,0.1467731072449143,0.0005919138590494791,0.17024310429890951
ShareGPT_h256_R4_B16_c60_gate_s1_BR_seed42,ShareGPT,256,4,16,60,gate,True,BR,42,False,ShareGPT_h256_R4_B16_c60_gate_s0_BR_seed42,OFF_to_ON,0.010406251725174358,0.6832858739546299,-1064325611520,-291852288,-1065363701760,-0.0011580958827178134,0.0,3360524599296,28045860864,2296198987776,27754008576,1,1,True,0,0,0,0.08453845977783203,0.12074947357177734,0.039670467376708984,0.03294721695487252,0.036081790924072266,0.0035886764526367188
ShareGPT_h256_R4_B16_c60_gate_s1_CA-rep_seed42,ShareGPT,256,4,16,60,gate,True,CA-rep,42,False,ShareGPT_h256_R4_B16_c60_gate_s0_CA-rep_seed42,OFF_to_ON,-0.002934468858068344,0.6870200135730706,-1101111754752,74428416,-1102121533440,-0.013008675243511125,0.04443359375,3518153883648,25363505152,2417042128896,25437933568,1,1,False,34,82,60,0.09074338277180989,0.12878243128458658,0.04114452997843424,0.034201353791179834,0.03726545969645182,0.003879070281982422
ShareGPT_h256_R4_B16_c60_gate_s1_CA_seed42,ShareGPT,256,4,16,60,gate,True,CA,42,False,ShareGPT_h256_R4_B16_c60_gate_s0_CA_seed42,OFF_to_ON,-0.002708558018915799,0.6839832541248206,-1064278425600,70176768,-1065307078656,-0.01256248318166825,0.0,3367791230976,25909272576,2303512805376,25979449344,1,1,False,0,0,0,0.08523623148600261,0.12150192260742188,0.039702415466308594,0.03298102570312812,0.036197821299235024,0.003504594167073568
ShareGPT_h256_R4_B16_c60_lru_s1_BR_seed42,ShareGPT,256,4,16,60,lru,True,BR,42,False,ShareGPT_h256_R4_B16_c60_lru_s0_BR_seed42,OFF_to_ON,0.08818073003198705,0.6187527853169988,-4383836209152,-2479206400,-4385025294336,0.00023641925963674426,0.0,11498670784512,28115058688,7114834575360,25635852288,1,1,True,0,0,0,0.6229988733927408,0.9878735542297363,0.15805276234944662,0.13555513696549742,0.019756476084391277,0.13829628626505533
ShareGPT_h256_R4_B16_c60_lru_s1_CA-rep_seed42,ShareGPT,256,4,16,60,lru,True,CA-rep,42,False,ShareGPT_h256_R4_B16_c60_lru_s0_CA-rep_seed42,OFF_to_ON,0.013095736364017929,0.6228701661640691,-4349097934848,-273489920,-4337763876864,-0.05119561591503302,-1.397135416666515,11532097290240,20883890176,7182999355392,20610400256,1,1,True,297,209,324,0.6297354698181152,0.9901889165242513,0.15914789835611978,0.1364993940366806,0.018419583638509113,0.1407283147176107
ShareGPT_h256_R4_B16_c60_lru_s1_CA_seed42,ShareGPT,256,4,16,60,lru,True,CA,42,False,ShareGPT_h256_R4_B16_c60_lru_s0_CA_seed42,OFF_to_ON,0.010389041957483958,0.6193247045674799,-4377956843520,-217583616,-4379145928704,-0.05279346862424367,0.0,11500501598208,20943568896,7122544754688,20725985280,1,1,True,0,0,0,0.6237610181172689,0.9882327715555826,0.15803352991739908,0.1355409021585249,0.019381364186604817,0.13865216573079428
ShareGPT_h256_R4_B32_c30_gate_s1_BR_seed42,ShareGPT,256,4,32,30,gate,True,BR,42,False,ShareGPT_h256_R4_B32_c30_gate_s0_BR_seed42,OFF_to_ON,0.02767909643858554,0.7728750425419522,-2053134876672,-1552687104,-2054399459328,-0.001097118907693928,0.0,9039670935552,56096018432,6986536058880,54543331328,1,1,True,0,0,0,0.325306495030721,0.3979029655456543,0.0734262466430664,0.061410687552686555,0.04755139350891113,0.025874853134155273
ShareGPT_h256_R4_B32_c30_gate_s1_CA-rep_seed42,ShareGPT,256,4,32,30,gate,True,CA-rep,42,False,ShareGPT_h256_R4_B32_c30_gate_s0_CA-rep_seed42,OFF_to_ON,0.02184051129319589,0.7848868653785633,-2154509107200,-987561984,-2146836676608,-0.00891349584384088,-15.130045572916515,10015702253568,45216980992,7861193146368,44229419008,1,1,True,5608,2017,5684,0.40610424677530926,0.48688793182373047,0.08436473210652669,0.07072816040582736,0.05153505007425944,0.03282968203226725
ShareGPT_h256_R4_B32_c30_gate_s1_CA_seed42,ShareGPT,256,4,32,30,gate,True,CA,42,False,ShareGPT_h256_R4_B32_c30_gate_s0_CA_seed42,OFF_to_ON,0.008144951653633862,0.7727558982871299,-2056815378432,-402882560,-2058079961088,-0.016004235276439405,0.0,9051127676928,49464082432,6994312298496,49061199872,1,1,True,0,0,0,0.3262731234232585,0.3993447621663411,0.07370130221048991,0.06164419036572339,0.04775444666544596,0.025946855545043945
ShareGPT_h256_R4_B32_c30_lru_s1_BR_seed42,ShareGPT,256,4,32,30,lru,True,BR,42,False,ShareGPT_h256_R4_B32_c30_lru_s0_BR_seed42,OFF_to_ON,0.06356973455023776,0.8103136388553965,-2504638070784,-3572023296,-2505949839360,-0.0002656306366015382,0.0,13204102053888,56190627840,10699463983104,52618604544,1,1,True,0,0,0,0.8692877292633057,1.0,0.13071227073669434,0.11143528514557345,0.0,0.13071227073669434
ShareGPT_h256_R4_B32_c30_lru_s1_CA-rep_seed42,ShareGPT,256,4,32,30,lru,True,CA-rep,42,False,ShareGPT_h256_R4_B32_c30_lru_s0_CA-rep_seed42,OFF_to_ON,0.04511023280647536,0.8142275488335152,-2547350765568,-1973952512,-2505949839360,-0.012231581576372608,-8.931803385416742,13712209477632,43758419968,11164858712064,41784467456,1,1,True,49315,0,43165,0.8692877292633057,1.0,0.13071227073669434,0.11143528514557345,0.0,0.13071227073669434
ShareGPT_h256_R4_B32_c30_lru_s1_CA_seed42,ShareGPT,256,4,32,30,lru,True,CA,42,False,ShareGPT_h256_R4_B32_c30_lru_s0_CA_seed42,OFF_to_ON,0.04398395779632106,0.8103136388553965,-2504638070784,-2003390464,-2505949839360,-0.013706473430849353,0.0,13204102053888,45548208128,10699463983104,43544817664,1,1,True,0,0,0,0.8692877292633057,1.0,0.13071227073669434,0.11143528514557345,0.0,0.13071227073669434
ShareGPT_h256_R4_B32_c40_gate_s1_BR_seed42,ShareGPT,256,4,32,40,gate,True,BR,42,False,ShareGPT_h256_R4_B32_c40_gate_s0_BR_seed42,OFF_to_ON,0.021062217964646968,0.7582354375457176,-1824679526400,-1181372416,-1825944109056,-0.0007540938891526794,0.0,7547340718080,56089649152,5722661191680,54908276736,1,1,True,0,0,0,0.22436014811197916,0.2808116277058919,0.057174285252889,0.04773588212418935,0.039728403091430664,0.017445882161458332
ShareGPT_h256_R4_B32_c40_gate_s1_CA-rep_seed42,ShareGPT,256,4,32,40,gate,True,CA-rep,42,False,ShareGPT_h256_R4_B32_c40_gate_s0_CA-rep_seed42,OFF_to_ON,0.01902171046730042,0.7760835629363219,-1964170543104,-864219136,-1960518352896,-0.005523359423651675,-25.140950520833258,8771890839552,45433303040,6807720296448,44569083904,1,1,True,2826,1386,3159,0.3072788715362549,0.3722992738087972,0.070555845896403,0.058930761982670145,0.04638346036275228,0.024172385533650715
ShareGPT_h256_R4_B32_c40_gate_s1_CA_seed42,ShareGPT,256,4,32,40,gate,True,CA,42,False,ShareGPT_h256_R4_B32_c40_gate_s0_CA_seed42,OFF_to_ON,0.005374660518842255,0.7579898927856262,-1829426429952,-272490496,-1830681575424,-0.01320765357657322,0.0,7559297630208,50699108352,5729871200256,50426617856,1,1,True,0,0,0,0.22506475448608398,0.28188252449035645,0.05726234118143717,0.04780671454807196,0.03982671101888021,0.017435630162556965
ShareGPT_h256_R4_B32_c40_lru_s1_BR_seed42,ShareGPT,256,4,32,40,lru,True,BR,42,False,ShareGPT_h256_R4_B32_c40_lru_s0_BR_seed42,OFF_to_ON,0.06355216692307383,0.8102814766320006,-2505062744064,-3571036160,-2506374512640,-0.00027822038883043576,0.0,13204102053888,56190627840,10699039309824,52619591680,1,1,True,0,0,0,0.8692415555318197,1.0,0.13070082664489746,0.11142704431219881,1.7484029134114582e-05,0.13068334261576334
ShareGPT_h256_R4_B32_c40_lru_s1_CA-rep_seed42,ShareGPT,256,4,32,40,lru,True,CA-rep,42,False,ShareGPT_h256_R4_B32_c40_lru_s0_CA-rep_seed42,OFF_to_ON,0.04511023280647536,0.8142275488335152,-2547350765568,-1973952512,-2505949839360,-0.012231581576372608,-11.639892578125,13712209477632,43758419968,11164858712064,41784467456,1,1,True,49315,0,43182,0.8692877292633057,1.0,0.13071227073669434,0.11143528514557345,0.0,0.13071227073669434
ShareGPT_h256_R4_B32_c40_lru_s1_CA_seed42,ShareGPT,256,4,32,40,lru,True,CA,42,False,ShareGPT_h256_R4_B32_c40_lru_s0_CA_seed42,OFF_to_ON,0.04396471348274594,0.8102793324837742,-2505091055616,-2002513920,-2506402824192,-0.013715168941193678,0.0,13204102053888,45548208128,10699010998272,43545694208,1,1,True,0,0,0,0.8692360719045004,1.0,0.13070440292358398,0.11142900723583662,7.788340250651041e-06,0.13069661458333334
ShareGPT_h256_R4_B32_c50_gate_s1_BR_seed42,ShareGPT,256,4,32,50,gate,True,BR,42,False,ShareGPT_h256_R4_B32_c50_gate_s0_BR_seed42,OFF_to_ON,0.01741692942138632,0.7401417996360621,-1584852369408,-978194432,-1586107514880,0.0020301023491462733,0.0,6098912280576,56163426304,4514059911168,55185231872,1,1,True,0,0,0,0.15057667096455893,0.19370190302530924,0.04394753774007162,0.03667729449089391,0.03348453839619955,0.01046299934387207
ShareGPT_h256_R4_B32_c50_gate_s1_CA-rep_seed42,ShareGPT,256,4,32,50,gate,True,CA-rep,42,False,ShareGPT_h256_R4_B32_c50_gate_s0_CA-rep_seed42,OFF_to_ON,0.013017636229980962,0.7623158131738924,-1793244266496,-594055168,-1791262457856,-0.005664849875807509,-16.989827473958485,7544651120640,45634641920,5751406854144,45040586752,1,1,True,1621,1136,1993,0.22517005602518717,0.2792411645253499,0.05728705724080404,0.0478132379396792,0.039855241775512695,0.01743181546529134
ShareGPT_h256_R4_B32_c50_gate_s1_CA_seed42,ShareGPT,256,4,32,50,gate,True,CA,42,False,ShareGPT_h256_R4_B32_c50_gate_s0_CA_seed42,OFF_to_ON,0.00048512977638160006,0.7389043177935603,-1595233271808,-25038848,-1596488417280,-0.012125395014313367,0.0,6109765042176,51612680192,4514531770368,51587641344,1,1,True,0,0,0,0.15073545773824057,0.19456950823465982,0.04419279098510742,0.03689115033356343,0.033653815587361656,0.010538975397745768
ShareGPT_h256_R4_B32_c50_lru_s1_BR_seed42,ShareGPT,256,4,32,50,lru,True,BR,42,False,ShareGPT_h256_R4_B32_c50_lru_s0_BR_seed42,OFF_to_ON,0.06374431740109918,0.8095831990262708,-2514282872832,-3581833216,-2515594641408,-0.00018584633427520814,0.0,13204102053888,56190627840,10689819181056,52608794624,1,1,True,0,0,0,0.8680129845937093,1.0,0.13049467404683432,0.11126140559476236,7.009506225585938e-05,0.13042457898457846
ShareGPT_h256_R4_B32_c50_lru_s1_CA-rep_seed42,ShareGPT,256,4,32,50,lru,True,CA-rep,42,False,ShareGPT_h256_R4_B32_c50_lru_s0_CA-rep_seed42,OFF_to_ON,0.04506127747395726,0.814134637487457,-2548624785408,-1971810304,-2506969055232,-0.012259961326921143,-14.019938151041515,13712209477632,43758419968,11163584692224,41786609664,1,1,True,49288,20,43010,0.8691912492116293,1.0,0.1306785742441813,0.11140755229110569,3.616015116373698e-05,0.13064241409301758
ShareGPT_h256_R4_B32_c50_lru_s1_CA_seed42,ShareGPT,256,4,32,50,lru,True,CA,42,False,ShareGPT_h256_R4_B32_c50_lru_s0_CA_seed42,OFF_to_ON,0.04363315374372042,0.8095974933477801,-2514094129152,-1987411968,-2515405897728,-0.013848333303320137,0.0,13204102053888,45548208128,10690007924736,43560796160,1,1,True,0,0,0,0.8680547873179117,1.0,0.13048481941223145,0.11125244965865172,6.357828776041667e-05,0.13042124112447104
ShareGPT_h256_R4_B32_c60_gate_s1_BR_seed42,ShareGPT,256,4,32,60,gate,True,BR,42,False,ShareGPT_h256_R4_B32_c60_gate_s0_BR_seed42,OFF_to_ON,0.012781723132247897,0.714041674715086,-1341203152896,-717791232,-1342448861184,0.00044885748612277787,0.0,4690204950528,56157626368,3349001797632,55439835136,1,1,True,0,0,0,0.09461641311645508,0.1268011728922526,0.033110618591308594,0.027621870313583177,0.027419487635294598,0.005691130956013997
ShareGPT_h256_R4_B32_c60_gate_s1_CA-rep_seed42,ShareGPT,256,4,32,60,gate,True,CA-rep,42,False,ShareGPT_h256_R4_B32_c60_gate_s0_CA-rep_seed42,OFF_to_ON,0.009501876897436177,0.748985122154388,-1572631216128,-436310016,-1572093296640,-0.0043516697837909235,-23.49348958333303,6265091653632,45918298112,4692460437504,45481988096,1,1,True,993,1042,1318,0.15961225827534994,0.20188196500142416,0.04570706685384115,0.03812980974798637,0.03434960047403971,0.011357466379801432
ShareGPT_h256_R4_B32_c60_gate_s1_CA_seed42,ShareGPT,256,4,32,60,gate,True,CA,42,False,ShareGPT_h256_R4_B32_c60_gate_s0_CA_seed42,OFF_to_ON,0.0002718914435496921,0.7133820802012566,-1346138800128,-14245888,-1347384508416,-0.009369193798186959,0.0,4696631672832,52395499520,3350492872704,52381253632,1,1,True,0,0,0,0.09480118751525879,0.1272416114807129,0.03319597244262695,0.027693318265987525,0.027430295944213867,0.005765676498413086
ShareGPT_h256_R4_B32_c60_lru_s1_BR_seed42,ShareGPT,256,4,32,60,lru,True,BR,42,False,ShareGPT_h256_R4_B32_c60_lru_s0_BR_seed42,OFF_to_ON,0.06362704124292183,0.8074935455986993,-2538857299968,-3576074240,-2540169068544,0.00010274827744108372,0.0,13188426891264,56203685888,10649569591296,52627611648,1,1,True,0,0,0,0.8631647427876791,0.998129685719808,0.12993446985880533,0.11080494598780946,0.0002727508544921875,0.12966171900431314
ShareGPT_h256_R4_B32_c60_lru_s1_CA-rep_seed42,ShareGPT,256,4,32,60,lru,True,CA-rep,42,False,ShareGPT_h256_R4_B32_c60_lru_s0_CA-rep_seed42,OFF_to_ON,0.04472274944976914,0.8133805094859304,-2558958501888,-1957003264,-2514990661632,-0.012411308331798987,-15.9091796875,13712171728896,43758563328,11153213227008,41801560064,1,1,True,49041,264,42689,0.8680484294891357,0.9999956289927164,0.13048942883809408,0.11125473885664403,0.00012310345967610678,0.13036632537841797
ShareGPT_h256_R4_B32_c60_lru_s1_CA_seed42,ShareGPT,256,4,32,60,lru,True,CA,42,False,ShareGPT_h256_R4_B32_c60_lru_s0_CA_seed42,OFF_to_ON,0.04287651545568361,0.8074531805994916,-2539489591296,-1953484800,-2540801359872,-0.01418927283724164,0.0,13188945936384,45560717312,10649456345088,43607232512,1,1,True,0,0,0,0.863140344619751,0.998218297958374,0.12993478775024414,0.11080352641496985,0.00031256675720214844,0.129622220993042
ShareGPT_h256_R4_B64_c30_gate_s1_BR_seed42,ShareGPT,256,4,64,30,gate,True,BR,42,False,ShareGPT_h256_R4_B64_c30_gate_s0_BR_seed42,OFF_to_ON,0.01835529093473394,0.8125306024451708,-1871657828352,-2058686464,-1872346742784,0.0004282025366562636,0.0,9983804571648,112157659136,8112146743296,110098972672,1,1,True,0,0,0,0.3643628756205241,0.41735955079396564,0.053523500760396324,0.04442747032088327,0.030704538027445476,0.022818962732950848
ShareGPT_h256_R4_B64_c30_gate_s1_CA-rep_seed42,ShareGPT,256,4,64,30,gate,True,CA-rep,42,False,ShareGPT_h256_R4_B64_c30_gate_s0_CA-rep_seed42,OFF_to_ON,0.012924209113386466,0.8319595522475968,-2046283481088,-1162330112,-1960905277440,-0.00536697043427814,-8.936360677083258,12177326997504,89934331904,10131043516416,88772001792,1,1,True,95897,14109,68370,0.47516393661499023,0.5360921223958334,0.062233408292134605,0.05185731684590282,0.030509273211161297,0.031724135080973305
ShareGPT_h256_R4_B64_c30_gate_s1_CA_seed42,ShareGPT,256,4,64,30,gate,True,CA,42,False,ShareGPT_h256_R4_B64_c30_gate_s0_CA_seed42,OFF_to_ON,0.0072227474137608935,0.8124477214580402,-1874800410624,-736366592,-1875489325056,-0.008430416324042955,0.0,9996148408320,101951037440,8121347997696,101214670848,1,1,True,0,0,0,0.3657032648722331,0.41923415660858154,0.053677916526794434,0.04455853457158083,0.030862967173258465,0.02281494935353597
ShareGPT_h256_R4_B64_c30_lru_s1_BR_seed42,ShareGPT,256,4,64,30,lru,True,BR,42,False,ShareGPT_h256_R4_B64_c30_lru_s0_BR_seed42,OFF_to_ON,0.034078486032327465,0.8481210660988775,-2148742987776,-3830071296,-2149441339392,3.78247046050606e-05,0.0,14147735519232,112389713920,11998992531456,108559642624,1,1,True,0,0,0,0.9133934179941813,1.0,0.08660658200581868,0.07305798915040901,0.0,0.08660658200581868
ShareGPT_h256_R4_B64_c30_lru_s1_CA-rep_seed42,ShareGPT,256,4,64,30,lru,True,CA-rep,42,False,ShareGPT_h256_R4_B64_c30_lru_s0_CA-rep_seed42,OFF_to_ON,0.023905174277173404,0.8596429621685204,-2297171017728,-2052968448,-2149441339392,-0.005676348189135982,-18.514729817708258,16366625095680,85879668736,14069454077952,83826700288,1,1,True,219394,0,162095,0.9133934179941813,1.0,0.08660658200581868,0.07305798915040901,0.0,0.08660658200581868
ShareGPT_h256_R4_B64_c30_lru_s1_CA_seed42,ShareGPT,256,4,64,30,lru,True,CA,42,False,ShareGPT_h256_R4_B64_c30_lru_s0_CA_seed42,OFF_to_ON,0.021766209873023613,0.8481210660988775,-2148742987776,-2099646464,-2149441339392,-0.008205216447471908,0.0,14147735519232,96463577088,11998992531456,94363930624,1,1,True,0,0,0,0.9133934179941813,1.0,0.08660658200581868,0.07305798915040901,0.0,0.08660658200581868
ShareGPT_h256_R4_B64_c40_gate_s1_BR_seed42,ShareGPT,256,4,64,40,gate,True,BR,42,False,ShareGPT_h256_R4_B64_c40_gate_s0_BR_seed42,OFF_to_ON,0.014153303084539118,0.797904431750332,-1712112795648,-1588551680,-1712801710080,-7.837717808545364e-06,0.0,8471797825536,112238936064,6759685029888,110650384384,1,1,True,0,0,0,0.2566961447397868,0.2990378141403198,0.04265455404917399,0.03532962421686308,0.026941696802775066,0.015712857246398926
ShareGPT_h256_R4_B64_c40_gate_s1_CA-rep_seed42,ShareGPT,256,4,64,40,gate,True,CA-rep,42,False,ShareGPT_h256_R4_B64_c40_gate_s0_CA-rep_seed42,OFF_to_ON,0.012268039224635314,0.8217638029473537,-1934094237696,-1104306176,-1868213256192,-0.003629081764986497,-9.958170572916742,10851298836480,90014887936,8917204598784,88910581760,1,1,True,68314,13300,51709,0.38003166516621906,0.4330180486043294,0.05474929014841715,0.04542444933356927,0.030921459197998047,0.02382783095041911
ShareGPT_h256_R4_B64_c40_gate_s1_CA_seed42,ShareGPT,256,4,64,40,gate,True,CA,42,False,ShareGPT_h256_R4_B64_c40_gate_s0_CA_seed42,OFF_to_ON,0.004022127507716103,0.7979219224831036,-1714443780096,-415666176,-1715132694528,-0.007746747657512598,0.0,8484066164736,103344852992,6769622384640,102929186816,1,1,True,0,0,0,0.25821725527445477,0.3007421890894572,0.04265908400217692,0.03531209845971381,0.02711621920267741,0.015542864799499512
ShareGPT_h256_R4_B64_c40_lru_s1_BR_seed42,ShareGPT,256,4,64,40,lru,True,BR,42,False,ShareGPT_h256_R4_B64_c40_lru_s0_BR_seed42,OFF_to_ON,0.034078486032327465,0.8481210660988775,-2148742987776,-3830071296,-2149441339392,3.78247046050606e-05,0.0,14147735519232,112389713920,11998992531456,108559642624,1,1,True,0,0,0,0.9133934179941813,1.0,0.08660658200581868,0.07305798915040901,0.0,0.08660658200581868
ShareGPT_h256_R4_B64_c40_lru_s1_CA-rep_seed42,ShareGPT,256,4,64,40,lru,True,CA-rep,42,False,ShareGPT_h256_R4_B64_c40_lru_s0_CA-rep_seed42,OFF_to_ON,0.023905174277173404,0.8596429621685204,-2297171017728,-2052968448,-2149441339392,-0.005676348189135982,-24.19148763020803,16366625095680,85879668736,14069454077952,83826700288,1,1,True,219394,0,162351,0.9133934179941813,1.0,0.08660658200581868,0.07305798915040901,0.0,0.08660658200581868
ShareGPT_h256_R4_B64_c40_lru_s1_CA_seed42,ShareGPT,256,4,64,40,lru,True,CA,42,False,ShareGPT_h256_R4_B64_c40_lru_s0_CA_seed42,OFF_to_ON,0.021766209873023613,0.8481210660988775,-2148742987776,-2099646464,-2149441339392,-0.008205216447471908,0.0,14147735519232,96463577088,11998992531456,94363930624,1,1,True,0,0,0,0.9133934179941813,1.0,0.08660658200581868,0.07305798915040901,0.0,0.08660658200581868
ShareGPT_h256_R4_B64_c50_gate_s1_BR_seed42,ShareGPT,256,4,64,50,gate,True,BR,42,False,ShareGPT_h256_R4_B64_c50_gate_s0_BR_seed42,OFF_to_ON,0.009632120946033888,0.7797960350820741,-1537043595264,-1080045568,-1537732509696,-0.0006964414894728432,0.0,6980090462208,112129568768,5443046866944,111049523200,1,1,True,0,0,0,0.1751331090927124,0.20866223176320395,0.03325513998667399,0.02749001016222186,0.023438692092895508,0.009816447893778482
ShareGPT_h256_R4_B64_c50_gate_s1_CA-rep_seed42,ShareGPT,256,4,64,50,gate,True,CA-rep,42,False,ShareGPT_h256_R4_B64_c50_gate_s0_CA-rep_seed42,OFF_to_ON,0.011780002593323369,0.8127696865674132,-1800510898176,-1057554432,-1753504284672,-0.0026061012234758207,-17.81429036458303,9616556556288,89775398912,7816045658112,88717844480,1,1,True,47311,11363,37999,0.3028033177057902,0.347398042678833,0.047546188036600746,0.039355711622928335,0.028949817021687824,0.018596371014912922
ShareGPT_h256_R4_B64_c50_gate_s1_CA_seed42,ShareGPT,256,4,64,50,gate,True,CA,42,False,ShareGPT_h256_R4_B64_c50_gate_s0_CA_seed42,OFF_to_ON,0.002665005277508791,0.7796187768404028,-1540535353344,-277565440,-1541224267776,-0.006881254984990148,0.0,6990320369664,104151928832,5449785016320,103874363392,1,1,True,0,0,0,0.17622911930084229,0.20994802316029867,0.03344933191935221,0.027646861321667705,0.023711800575256348,0.009737531344095865
ShareGPT_h256_R4_B64_c50_lru_s1_BR_seed42,ShareGPT,256,4,64,50,lru,True,BR,42,False,ShareGPT_h256_R4_B64_c50_lru_s0_BR_seed42,OFF_to_ON,0.03407130644291616,0.8478649206082388,-2152366866432,-3829264384,-2153065218048,4.6329074419315663e-05,0.0,14147735519232,112389713920,11995368652800,108560449536,1,1,True,0,0,0,0.9130118687947592,1.0,0.08652949333190918,0.07299677375425213,4.0411949157714844e-05,0.08648908138275146
ShareGPT_h256_R4_B64_c50_lru_s1_CA-rep_seed42,ShareGPT,256,4,64,50,lru,True,CA-rep,42,False,ShareGPT_h256_R4_B64_c50_lru_s0_CA-rep_seed42,OFF_to_ON,0.023905174277173404,0.8596429621685204,-2297171017728,-2052968448,-2149441339392,-0.005676348189135982,-29.620849609375,16366625095680,85879668736,14069454077952,83826700288,1,1,True,219394,0,162508,0.9133934179941813,1.0,0.08660658200581868,0.07305798915040901,0.0,0.08660658200581868
ShareGPT_h256_R4_B64_c50_lru_s1_CA_seed42,ShareGPT,256,4,64,50,lru,True,CA,42,False,ShareGPT_h256_R4_B64_c50_lru_s0_CA_seed42,OFF_to_ON,0.021687273716705736,0.8478555819705593,-2152498987008,-2092032000,-2153197338624,-0.008243636899099238,0.0,14147735519232,96463577088,11995236532224,94371545088,1,1,True,0,0,0,0.9129928350448608,1.0,0.08653215567270915,0.07299922779506529,2.2212664286295574e-05,0.08650994300842285
ShareGPT_h256_R4_B64_c60_gate_s1_BR_seed42,ShareGPT,256,4,64,60,gate,True,BR,42,False,ShareGPT_h256_R4_B64_c60_gate_s0_BR_seed42,OFF_to_ON,0.00740089088135504,0.7567135286526264,-1337852952576,-830824448,-1338532429824,-0.0009531329900266394,0.0,5499084865536,112260059136,4161231912960,111429234688,1,1,True,0,0,0,0.11208415031433105,0.13812458515167236,0.025698542594909668,0.021299516277958314,0.01986062526702881,0.005837917327880859
ShareGPT_h256_R4_B64_c60_gate_s1_CA-rep_seed42,ShareGPT,256,4,64,60,gate,True,CA-rep,42,False,ShareGPT_h256_R4_B64_c60_gate_s0_CA-rep_seed42,OFF_to_ON,0.008973000214829038,0.8016324102096097,-1673854451712,-801177600,-1638398951424,-0.0020139843408408797,-18.12060546875,8438144827392,89287593984,6764290375680,88486416384,1,1,True,31081,9221,26353,0.23708975315093994,0.2749607563018799,0.040369510650634766,0.033363802648351704,0.026448726654052734,0.013920783996582031
ShareGPT_h256_R4_B64_c60_gate_s1_CA_seed42,ShareGPT,256,4,64,60,gate,True,CA,42,False,ShareGPT_h256_R4_B64_c60_gate_s0_CA_seed42,OFF_to_ON,0.002027297308641929,0.7561273984877898,-1343251021824,-212070400,-1343930499072,-0.005668778941573638,0.0,5508003004416,104607449088,4164751982592,104395378688,1,1,True,0,0,0,0.1130506197611491,0.13919957478841147,0.025966842969258625,0.021521204619838606,0.02017223834991455,0.005794604619344075
ShareGPT_h256_R4_B64_c60_lru_s1_BR_seed42,ShareGPT,256,4,64,60,lru,True,BR,42,False,ShareGPT_h256_R4_B64_c60_lru_s0_BR_seed42,OFF_to_ON,0.033774410111745284,0.8467541582052671,-2167815536640,-3795689472,-2168513888256,-0.00012248272342399447,0.0,14145999077376,112383590400,11978183540736,108587900928,1,1,True,0,0,0,0.9109148184458414,0.9998382329940796,0.08629484971364339,0.07281199674346438,0.00010053316752115886,0.08619431654612224
ShareGPT_h256_R4_B64_c60_lru_s1_CA-rep_seed42,ShareGPT,256,4,64,60,lru,True,CA-rep,42,False,ShareGPT_h256_R4_B64_c60_lru_s0_CA-rep_seed42,OFF_to_ON,0.023905174277173404,0.8596429621685204,-2297171017728,-2052968448,-2149441339392,-0.005676348189135982,-35.047444661458485,16366625095680,85879668736,14069454077952,83826700288,1,1,True,219394,0,162227,0.9133934179941813,1.0,0.08660658200581868,0.07305798915040901,0.0,0.08660658200581868
ShareGPT_h256_R4_B64_c60_lru_s1_CA_seed42,ShareGPT,256,4,64,60,lru,True,CA,42,False,ShareGPT_h256_R4_B64_c60_lru_s0_CA_seed42,OFF_to_ON,0.02143177444871401,0.8467838722955434,-2167390863360,-2067451904,-2168089214976,-0.008374705208338606,0.0,14145970765824,96466669568,11978579902464,94399217664,1,1,True,0,0,0,0.9109962383906046,0.9998409350713094,0.08628745873769124,0.07280832359850534,0.00012973944346110025,0.08615771929423015
ShareGPT_h256_R4_B8_c30_gate_s1_BR_seed42,ShareGPT,256,4,8,30,gate,True,BR,42,False,ShareGPT_h256_R4_B8_c30_gate_s0_BR_seed42,OFF_to_ON,0.051922523927652134,0.7227187651823475,-1642758930432,-729235456,-1644353814528,0.0006913081077047079,0.0,5924522557440,14044684288,4281763627008,13315448832,1,1,True,0,0,0,0.2895647684733073,0.3940490086873372,0.1061404546101888,0.09002782957656263,0.08939170837402344,0.016748746236165363
ShareGPT_h256_R4_B8_c30_gate_s1_CA-rep_seed42,ShareGPT,256,4,8,30,gate,True,CA-rep,42,False,ShareGPT_h256_R4_B8_c30_gate_s0_CA-rep_seed42,OFF_to_ON,0.005213058316153304,0.7215933300687472,-1652545290240,-56229888,-1654140174336,-0.03274147529799387,0.0,5935724494848,10786353152,4283179204608,10730123264,1,1,True,0,1,1,0.2905190785725911,0.39618873596191406,0.10714658101399739,0.09083687767616479,0.09009170532226562,0.01705487569173177
ShareGPT_h256_R4_B8_c30_gate_s1_CA_seed42,ShareGPT,256,4,8,30,gate,True,CA,42,False,ShareGPT_h256_R4_B8_c30_gate_s0_CA_seed42,OFF_to_ON,0.004726693447215174,0.7215346101605418,-1652299923456,-51019776,-1653894807552,-0.032914672903868514,0.0,5933591691264,10793967616,4281291767808,10742947840,1,1,True,0,0,0,0.29031721750895184,0.39597129821777344,0.10713005065917969,0.09082676843992378,0.09020773569742839,0.0169223149617513
ShareGPT_h256_R4_B8_c30_lru_s1_BR_seed42,ShareGPT,256,4,8,30,lru,True,BR,42,False,ShareGPT_h256_R4_B8_c30_lru_s0_BR_seed42,OFF_to_ON,0.13092114843572522,0.7614552198409972,-2391316365312,-1841246208,-2393241550848,0.0001227438990686891,0.0,10024601518080,14063779840,7633285152768,12222533632,1,1,True,0,0,0,0.7902609507242838,1.0,0.2089227040608724,0.18138079192745735,0.00010553995768229167,0.2088171641031901
ShareGPT_h256_R4_B8_c30_lru_s1_CA-rep_seed42,ShareGPT,256,4,8,30,lru,True,CA-rep,42,False,ShareGPT_h256_R4_B8_c30_lru_s0_CA-rep_seed42,OFF_to_ON,0.07990841017963378,0.7615050708449713,-2390825631744,-706142208,-2392750817280,-0.028079334134612388,-0.003580729166515084,10024639266816,8836894720,7633813635072,8130752512,1,1,True,4,0,5,0.7904192606608073,1.0,0.20891125996907553,0.18137097481722367,9.409586588541667e-05,0.2088171641031901
ShareGPT_h256_R4_B8_c30_lru_s1_CA_seed42,ShareGPT,256,4,8,30,lru,True,CA,42,False,ShareGPT_h256_R4_B8_c30_lru_s0_CA_seed42,OFF_to_ON,0.0799072059106405,0.7615041727661698,-2390825631744,-706138112,-2392750817280,-0.02808030159226682,0.0,10024601518080,8836976640,7633775886336,8130838528,1,1,True,0,0,0,0.7904192606608073,1.0,0.20891094207763672,0.18137066189159626,9.377797444661458e-05,0.2088171641031901
ShareGPT_h256_R4_B8_c40_gate_s1_BR_seed42,ShareGPT,256,4,8,40,gate,True,BR,42,False,ShareGPT_h256_R4_B8_c40_gate_s0_BR_seed42,OFF_to_ON,0.03645730604296563,0.7086027634592479,-1345997242368,-512552960,-1347582689280,0.0003455557574732482,0.0,4619114643456,14058991616,3273117401088,13546438656,1,1,True,0,0,0,0.19965712229410806,0.2784309387207031,0.08094406127929688,0.06848456937661875,0.07177225748697917,0.009171803792317709
ShareGPT_h256_R4_B8_c40_gate_s1_CA-rep_seed42,ShareGPT,256,4,8,40,gate,True,CA-rep,42,False,ShareGPT_h256_R4_B8_c40_gate_s0_CA-rep_seed42,OFF_to_ON,-0.004338911154624998,0.7071057969684923,-1355830788096,48902144,-1357416235008,-0.02922105715541029,0.0,4629080309760,11270602752,3273249521664,11319504896,1,1,False,0,1,1,0.20054340362548828,0.28040536244710285,0.08204269409179688,0.06945481980932353,0.07277806599934895,0.009264628092447916
ShareGPT_h256_R4_B8_c40_gate_s1_CA_seed42,ShareGPT,256,4,8,40,gate,True,CA,42,False,ShareGPT_h256_R4_B8_c40_gate_s0_CA_seed42,OFF_to_ON,-0.005003366217995042,0.707009357230847,-1355726979072,56406016,-1357312425984,-0.029521817180639787,0.0,4627202310144,11273613312,3271475331072,11330019328,1,1,False,0,0,0,0.20041910807291666,0.28026803334554035,0.08203061421712239,0.06944191473161385,0.07277552286783855,0.009255091349283854
ShareGPT_h256_R4_B8_c40_lru_s1_BR_seed42,ShareGPT,256,4,8,40,lru,True,BR,42,False,ShareGPT_h256_R4_B8_c40_lru_s0_BR_seed42,OFF_to_ON,0.13013866535613716,0.7586831283474099,-2417306370048,-1830883328,-2419231555584,-1.0146535684346647e-05,0.0,10017146142720,14068711424,7599839772672,12237828096,1,1,True,0,0,0,0.7844772338867188,0.9986537297566732,0.20797506968180338,0.18055447952230813,0.0006895065307617188,0.20728556315104166
ShareGPT_h256_R4_B8_c40_lru_s1_CA-rep_seed42,ShareGPT,256,4,8,40,lru,True,CA-rep,42,False,ShareGPT_h256_R4_B8_c40_lru_s0_CA-rep_seed42,OFF_to_ON,0.07784398950909613,0.7587032337197669,-2417211998208,-688095232,-2419118309376,-0.02896723365822773,-0.0023600260419698316,10017589690368,8839413760,7600377692160,8151318528,1,1,True,2,1,3,0.7846247355143229,0.9987567265828451,0.20791912078857422,0.18050687198593354,0.0007088979085286459,0.20721022288004556
ShareGPT_h256_R4_B8_c40_lru_s1_CA_seed42,ShareGPT,256,4,8,40,lru,True,CA,42,False,ShareGPT_h256_R4_B8_c40_lru_s0_CA_seed42,OFF_to_ON,0.07783046845170355,0.758708236967673,-2417145937920,-687984640,-2419071123456,-0.028970749211686297,0.0,10017523630080,8839528448,7600377692160,8151543808,1,1,True,0,0,0,0.7846123377482096,0.9987545013427734,0.2079143524169922,0.18050314109288773,0.0007076263427734375,0.20720672607421875
ShareGPT_h256_R4_B8_c50_gate_s1_BR_seed42,ShareGPT,256,4,8,50,gate,True,BR,42,False,ShareGPT_h256_R4_B8_c50_gate_s0_BR_seed42,OFF_to_ON,0.02396496789707202,0.6874744379066077,-1081690030080,-336084992,-1083266039808,-0.0006001313387049012,0.0,3461124980736,14024011776,2379434950656,13687926784,1,1,True,0,0,0,0.1317742665608724,0.19068400065104166,0.06089909871419271,0.05136918453028313,0.055803934733072914,0.005095163981119792
ShareGPT_h256_R4_B8_c50_gate_s1_CA-rep_seed42,ShareGPT,256,4,8,50,gate,True,CA-rep,42,False,ShareGPT_h256_R4_B8_c50_gate_s0_CA-rep_seed42,OFF_to_ON,-0.004423017973300186,0.6874741493784966,-1083879456768,51535872,-1085455466496,-0.02279921867002127,0.0,3468127371264,11651743744,2384247914496,11703279616,1,1,False,0,1,0,0.13280709584554037,0.192015012105306,0.06125005086263021,0.05167020144387185,0.056279500325520836,0.004970550537109375
ShareGPT_h256_R4_B8_c50_gate_s1_CA_seed42,ShareGPT,256,4,8,50,gate,True,CA,42,False,ShareGPT_h256_R4_B8_c50_gate_s0_CA_seed42,OFF_to_ON,-0.00436421351940113,0.6871122387588373,-1084653305856,50884608,-1086229315584,-0.022767793647942014,0.0,3466589110272,11659513856,2381935804416,11710398464,1,1,False,0,0,0,0.13262430826822916,0.19190152486165366,0.0612494150797526,0.05167494561990166,0.05629285176595052,0.004956563313802083
ShareGPT_h256_R4_B8_c50_lru_s1_BR_seed42,ShareGPT,256,4,8,50,lru,True,BR,42,False,ShareGPT_h256_R4_B8_c50_lru_s0_BR_seed42,OFF_to_ON,0.12054113984155337,0.5956538996772491,-4028101558272,-1694912512,-4030017306624,2.5451364966067036e-05,0.0,9962014113792,14060863488,5933912555520,12365950976,1,1,True,0,0,0,0.5854434967041016,0.9895381927490234,0.19543997446695963,0.16913449577257633,0.02885278065999349,0.16658719380696616
ShareGPT_h256_R4_B8_c50_lru_s1_CA-rep_seed42,ShareGPT,256,4,8,50,lru,True,CA-rep,42,False,ShareGPT_h256_R4_B8_c50_lru_s0_CA-rep_seed42,OFF_to_ON,-0.004583342580468571,0.5957873677868903,-4027035156480,40603648,-4028950904832,-0.07263835653790718,-0.012532552083030168,9962665279488,8858959872,5935630123008,8899563520,1,1,False,1,1,1,0.5860834121704102,0.9896539052327474,0.19565359751383463,0.1693520422585906,0.02907085418701172,0.1665827433268229
ShareGPT_h256_R4_B8_c50_lru_s1_CA_seed42,ShareGPT,256,4,8,50,lru,True,CA,42,False,ShareGPT_h256_R4_B8_c50_lru_s0_CA_seed42,OFF_to_ON,-0.005082976329068393,0.5957671536656597,-4027110653952,45031424,-4029035839488,-0.07262669488224194,0.0,9962353852416,8859262976,5935243198464,8904294400,1,1,False,0,0,0,0.586096445719401,0.9896074930826823,0.1955709457397461,0.16926929888639253,0.029175440470377605,0.1663955052693685
ShareGPT_h256_R4_B8_c60_gate_s1_BR_seed42,ShareGPT,256,4,8,60,gate,True,BR,42,False,ShareGPT_h256_R4_B8_c60_gate_s0_BR_seed42,OFF_to_ON,0.01648361270076981,0.6609671602308511,-832133136384,-231333888,-833699708928,-2.7106735043136432e-05,0.0,2454432251904,14034173952,1622299115520,13802840064,1,1,True,0,0,0,0.08171145121256511,0.12366771697998047,0.044527689615885414,0.03746316266794247,0.04199790954589844,0.002529780069986979
ShareGPT_h256_R4_B8_c60_gate_s1_CA-rep_seed42,ShareGPT,256,4,8,60,gate,True,CA-rep,42,False,ShareGPT_h256_R4_B8_c60_gate_s0_CA-rep_seed42,OFF_to_ON,-0.0052246071560868605,0.6603375608334324,-835832512512,62160896,-837399085056,-0.01701331280790369,0.0,2460774039552,11897716736,1624941527040,11959877632,1,1,False,0,1,0,0.08233992258707683,0.12472852071126302,0.04477850596110026,0.037683822422463154,0.042212486267089844,0.0025660196940104165
ShareGPT_h256_R4_B8_c60_gate_s1_CA_seed42,ShareGPT,256,4,8,60,gate,True,CA,42,False,ShareGPT_h256_R4_B8_c60_gate_s0_CA_seed42,OFF_to_ON,-0.005345532819149229,0.6599491968965596,-836342120448,63635456,-837908692992,-0.017087150032134846,0.0,2459462270976,11904417792,1623120150528,11968053248,1,1,False,0,0,0,0.08225472768147786,0.1246646245320638,0.044798851013183594,0.03769749491302101,0.0422369639078776,0.0025618871053059897
ShareGPT_h256_R4_B8_c60_lru_s1_BR_seed42,ShareGPT,256,4,8,60,lru,True,BR,42,False,ShareGPT_h256_R4_B8_c60_lru_s0_BR_seed42,OFF_to_ON,0.049011922645686025,0.13600101791410463,-8266548510720,-689160192,-8268124520448,-0.0010233611153423472,0.0,9567775752192,14061072384,1301227241472,13371912192,1,1,True,0,0,0,0.08284060160319011,0.9403340021769205,0.09960746765136719,0.08313489198391827,0.08435567220052083,0.015251795450846354
ShareGPT_h256_R4_B8_c60_lru_s1_CA-rep_seed42,ShareGPT,256,4,8,60,lru,True,CA-rep,42,False,ShareGPT_h256_R4_B8_c60_lru_s0_CA-rep_seed42,OFF_to_ON,-0.31098067818251596,0.1368735297655315,-8261914853376,2801254400,-8263481425920,-0.20013769156479388,-0.3330078125,9572079108096,9007808512,1310164254720,11809062912,1,1,False,1,1,1,0.08417288462320964,0.9409580230712891,0.1003561019897461,0.08387081777737573,0.08481661478678386,0.01553948720296224
ShareGPT_h256_R4_B8_c60_lru_s1_CA_seed42,ShareGPT,256,4,8,60,lru,True,CA,42,False,ShareGPT_h256_R4_B8_c60_lru_s0_CA_seed42,OFF_to_ON,-0.312548596642637,0.13647298461756882,-8265585917952,2815447040,-8267161927680,-0.20048259072343694,0.0,9571890364416,9008029696,1306304446464,11823476736,1,1,False,0,0,0,0.08378219604492188,0.9409440358479818,0.10022163391113281,0.08374865640876582,0.08489290873209636,0.015328725179036459
ShareGPT_h256_R8_B16_c30_gate_s1_BR_seed42,ShareGPT,256,8,16,30,gate,True,BR,42,False,ShareGPT_h256_R8_B16_c30_gate_s0_BR_seed42,OFF_to_ON,0.032153122739012996,0.7730235601548727,-2055815036928,-2407120896,-2057079619584,0.0004672762316540735,0.0,9057393967104,74864295936,7001578930176,72457175040,1,1,True,0,0,0,0.3266557852427165,0.39946500460306805,0.07352757453918457,0.0615002733789583,0.047621965408325195,0.025905609130859375
ShareGPT_h256_R8_B16_c30_gate_s1_CA-rep_seed42,ShareGPT,256,8,16,30,gate,True,CA-rep,42,False,ShareGPT_h256_R8_B16_c30_gate_s0_CA-rep_seed42,OFF_to_ON,0.016147664810627908,0.7786912153857856,-2086769000448,-1036754944,-2087901462528,-0.013533693784888667,-12.376790364583258,9429219016704,64204636160,7342450016256,63167881216,1,1,True,115,182,264,0.3592068354288737,0.4346314271291097,0.07830150922139485,0.0655512528067498,0.04989353815714518,0.028407971064249676
ShareGPT_h256_R8_B16_c30_gate_s1_CA_seed42,ShareGPT,256,8,16,30,gate,True,CA,42,False,ShareGPT_h256_R8_B16_c30_gate_s0_CA_seed42,OFF_to_ON,0.011682080904319117,0.7725664996094834,-2063798894592,-767688704,-2065063477248,-0.016368449897080223,0.0,9074295963648,65715064832,7010497069056,64947376128,1,1,True,0,0,0,0.32826582590738934,0.4020930926005046,0.07375510533650716,0.06165795527848161,0.04769110679626465,0.026063998540242512
ShareGPT_h256_R8_B16_c30_lru_s1_BR_seed42,ShareGPT,256,8,16,30,lru,True,BR,42,False,ShareGPT_h256_R8_B16_c30_lru_s0_BR_seed42,OFF_to_ON,0.06784237808576492,0.8103136388553965,-2504638070784,-5105971200,-2505949839360,-0.00013027577045747474,0.0,13204102053888,75262267392,10699463983104,70156296192,1,1,True,0,0,0,0.8692877292633057,1.0,0.13071227073669434,0.11143528514557345,0.0,0.13071227073669434
ShareGPT_h256_R8_B16_c30_lru_s1_CA-rep_seed42,ShareGPT,256,8,16,30,lru,True,CA-rep,42,False,ShareGPT_h256_R8_B16_c30_lru_s0_CA-rep_seed42,OFF_to_ON,0.04540158640481469,0.8109086533943507,-2506544381952,-2728742912,-2505949839360,-0.015002263078572942,-1.6205240885417425,13255732887552,60102369280,10749188505600,57373626368,1,1,True,5269,0,5264,0.8692877292633057,1.0,0.13071227073669434,0.11143528514557345,0.0,0.13071227073669434
ShareGPT_h256_R8_B16_c30_lru_s1_CA_seed42,ShareGPT,256,8,16,30,lru,True,CA,42,False,ShareGPT_h256_R8_B16_c30_lru_s0_CA_seed42,OFF_to_ON,0.04519614816975009,0.8103136388553965,-2504638070784,-2724548608,-2505949839360,-0.015224392457847014,0.0,13204102053888,60282761216,10699463983104,57558212608,1,1,True,0,0,0,0.8692877292633057,1.0,0.13071227073669434,0.11143528514557345,0.0,0.13071227073669434
ShareGPT_h256_R8_B16_c40_gate_s1_BR_seed42,ShareGPT,256,8,16,40,gate,True,BR,42,False,ShareGPT_h256_R8_B16_c40_gate_s0_BR_seed42,OFF_to_ON,0.022303111593377313,0.7582796203269061,-1828662018048,-1671659520,-1829926600704,0.0004856792068320126,0.0,7565195870208,74951852032,5736533852160,73280192512,1,1,True,0,0,0,0.22519167264302573,0.2819207509358724,0.05714686711629232,0.04770901361736331,0.039649407068888344,0.017497460047403973
ShareGPT_h256_R8_B16_c40_gate_s1_CA-rep_seed42,ShareGPT,256,8,16,40,gate,True,CA-rep,42,False,ShareGPT_h256_R8_B16_c40_gate_s0_CA-rep_seed42,OFF_to_ON,0.005856771605979841,0.7611659381908595,-1913653297152,-382443520,-1914785759232,-0.014744408731027697,3.74617513020803,8012480643072,65299374080,6098827345920,64916930560,1,1,True,83,184,212,0.25251444180806476,0.3151098887125651,0.06203730901082357,0.05175342006046657,0.042325099309285484,0.019712209701538086
ShareGPT_h256_R8_B16_c40_gate_s1_CA_seed42,ShareGPT,256,8,16,40,gate,True,CA,42,False,ShareGPT_h256_R8_B16_c40_gate_s0_CA_seed42,OFF_to_ON,0.007235304916465044,0.7579389236003481,-1835013242880,-485912576,-1836268388352,-0.014272724615342958,0.0,7580786098176,67158548480,5745772855296,66672635904,1,1,True,0,0,0,0.22670396169026694,0.2840493520100911,0.05745434761047363,0.04797375281485053,0.03981320063273112,0.017641146977742512
ShareGPT_h256_R8_B16_c40_lru_s1_BR_seed42,ShareGPT,256,8,16,40,lru,True,BR,42,False,ShareGPT_h256_R8_B16_c40_lru_s0_BR_seed42,OFF_to_ON,0.06781707138074526,0.8102700411747931,-2505213739008,-5104066560,-2506525507584,-0.00013335003412345836,0.0,13204102053888,75262267392,10698888314880,70158200832,1,1,True,0,0,0,0.8692202568054199,1.0,0.130690336227417,0.11141876645863694,1.9073486328125e-05,0.13067126274108887
ShareGPT_h256_R8_B16_c40_lru_s1_CA-rep_seed42,ShareGPT,256,8,16,40,lru,True,CA-rep,42,False,ShareGPT_h256_R8_B16_c40_lru_s0_CA-rep_seed42,OFF_to_ON,0.04539190904921344,0.8109015340716546,-2506638753792,-2728161280,-2506044211200,-0.015004436728903281,-2.063883463541515,13255732887552,60102369280,10749094133760,57374208000,1,1,True,5269,0,5251,0.8692800998687744,1.0,0.13070940971374512,0.11143317957391861,3.337860107421875e-06,0.1307060718536377
ShareGPT_h256_R8_B16_c40_lru_s1_CA_seed42,ShareGPT,256,8,16,40,lru,True,CA,42,False,ShareGPT_h256_R8_B16_c40_lru_s0_CA_seed42,OFF_to_ON,0.04517141565966055,0.8102686117426422,-2505232613376,-2723057664,-2506544381952,-0.015233898869432494,0.0,13204102053888,60282761216,10698869440512,57559703552,1,1,True,0,0,0,0.869239886601766,1.0,0.13069685300191244,0.11142540913751411,2.2093454996744793e-05,0.13067475954691568
ShareGPT_h256_R8_B16_c50_gate_s1_BR_seed42,ShareGPT,256,8,16,50,gate,True,BR,42,False,ShareGPT_h256_R8_B16_c50_gate_s0_BR_seed42,OFF_to_ON,0.01654438120716184,0.739834348393272,-1590363684864,-1240211456,-1591618830336,0.0006467350368931785,0.0,6112888750080,74962698240,4522525065216,73722486784,1,1,True,0,0,0,0.1508939266204834,0.1943187713623047,0.043925205866495766,0.03666453816480875,0.033408006032307945,0.010517199834187826
ShareGPT_h256_R8_B16_c50_gate_s1_CA-rep_seed42,ShareGPT,256,8,16,50,gate,True,CA-rep,42,False,ShareGPT_h256_R8_B16_c50_gate_s0_CA-rep_seed42,OFF_to_ON,0.0035208785466663214,0.7444175414149906,-1675543707648,-234041344,-1676742230016,-0.012674449549649025,0.524658203125,6555785232384,66472427520,4880241524736,66238386176,1,1,True,70,192,178,0.17150386174519858,0.21940509478251138,0.04778146743774414,0.0398742042683755,0.03537249565124512,0.012408971786499023
ShareGPT_h256_R8_B16_c50_gate_s1_CA_seed42,ShareGPT,256,8,16,50,gate,True,CA,42,False,ShareGPT_h256_R8_B16_c50_gate_s0_CA_seed42,OFF_to_ON,0.0026049641488550255,0.7380021926177762,-1605784043520,-177627136,-1607039188992,-0.012208269126516708,0.0,6128998023168,68187938816,4523213979648,68010311680,1,1,True,0,0,0,0.15159312884012857,0.19594335556030273,0.0442506472269694,0.03690947090244283,0.033649285634358726,0.010601361592610678
ShareGPT_h256_R8_B16_c50_lru_s1_BR_seed42,ShareGPT,256,8,16,50,lru,True,BR,42,False,ShareGPT_h256_R8_B16_c50_lru_s0_BR_seed42,OFF_to_ON,0.06779454485351494,0.8095770730026859,-2514358370304,-5102350336,-2515670138880,-3.3243060867382823e-06,0.0,13204073742336,75261960192,10689715372032,70159609856,1,1,True,0,0,0,0.8680077393849691,0.9999958674112955,0.13049554824829102,0.11126216338324883,7.573763529459636e-05,0.13041981061299643
ShareGPT_h256_R8_B16_c50_lru_s1_CA-rep_seed42,ShareGPT,256,8,16,50,lru,True,CA-rep,42,False,ShareGPT_h256_R8_B16_c50_lru_s0_CA-rep_seed42,OFF_to_ON,0.045166331253156215,0.8104088769410833,-2513169285120,-2714603520,-2512168943616,-0.015109733495845878,-2.45751953125,13255732887552,60102369280,10742563602432,57387765760,1,1,True,5226,39,5178,0.8684485753377279,1.0,0.13054188092549643,0.11129895198087288,0.00010474522908528645,0.13043713569641113
ShareGPT_h256_R8_B16_c50_lru_s1_CA_seed42,ShareGPT,256,8,16,50,lru,True,CA,42,False,ShareGPT_h256_R8_B16_c50_lru_s0_CA_seed42,OFF_to_ON,0.044868745559278035,0.8096316636600922,-2513641144320,-2704814080,-2514952912896,-0.015374066757948501,0.0,13204092616704,60282810368,10690451472384,57577996288,1,1,True,0,0,0,0.8681120872497559,0.9999991257985433,0.1304788589477539,0.11124794701047158,8.233388264973958e-05,0.13039652506510416
ShareGPT_h256_R8_B16_c60_gate_s1_BR_seed42,ShareGPT,256,8,16,60,gate,True,BR,42,False,ShareGPT_h256_R8_B16_c60_gate_s0_BR_seed42,OFF_to_ON,0.012991059332775301,0.7142228968641199,-1343184961536,-975867904,-1344430669824,0.0013022141530774217,0.0,4700113993728,75118424064,3356929032192,74142556160,1,1,True,0,0,0,0.0948021411895752,0.12708242734273276,0.03289222717285156,0.027457062804124004,0.027148723602294922,0.005743503570556641
ShareGPT_h256_R8_B16_c60_gate_s1_CA-rep_seed42,ShareGPT,256,8,16,60,gate,True,CA-rep,42,False,ShareGPT_h256_R8_B16_c60_gate_s0_CA-rep_seed42,OFF_to_ON,0.0008867613859018683,0.7224295495283712,-1426298241024,-59727872,-1427525074944,-0.00997197313680856,0.033772786458484916,5138508939264,67355066368,3712210698240,67295338496,1,1,True,55,192,141,0.11103606224060059,0.14687196413675943,0.03606685002644857,0.030092484472200625,0.029062986373901367,0.0070038636525472
ShareGPT_h256_R8_B16_c60_gate_s1_CA_seed42,ShareGPT,256,8,16,60,gate,True,CA,42,False,ShareGPT_h256_R8_B16_c60_gate_s0_CA_seed42,OFF_to_ON,0.0014497261473306396,0.7126839523475823,-1354235904000,-99979264,-1355500486656,-0.00979902662683324,0.0,4713401548800,68964241408,3359165644800,68864262144,1,1,True,0,0,0,0.0955199400583903,0.12819337844848633,0.03317181269327799,0.027694226812783593,0.02737847963968913,0.005793333053588867
ShareGPT_h256_R8_B16_c60_lru_s1_BR_seed42,ShareGPT,256,8,16,60,lru,True,BR,42,False,ShareGPT_h256_R8_B16_c60_lru_s0_BR_seed42,OFF_to_ON,0.06750394472786875,0.8074939052270862,-2538876174336,-5079609344,-2540187942912,-7.595455752015812e-05,0.0,13188549574656,75249074176,10649673400320,70169464832,1,1,True,0,0,0,0.8631963729858398,0.9981449445088705,0.12994011243184408,0.1108101221395215,0.00029317537943522137,0.12964693705240884
ShareGPT_h256_R8_B16_c60_lru_s1_CA-rep_seed42,ShareGPT,256,8,16,60,lru,True,CA-rep,42,False,ShareGPT_h256_R8_B16_c60_lru_s0_CA-rep_seed42,OFF_to_ON,0.044689981873480666,0.8089743781567749,-2530203402240,-2686496768,-2527929040896,-0.015352187210053825,-2.615397135416515,13245361422336,60114071552,10715158020096,57427574784,1,1,True,5039,143,4967,0.865084171295166,0.9988898436228434,0.13010446230570474,0.11093973128958766,0.000329891840616862,0.1297745704650879
ShareGPT_h256_R8_B16_c60_lru_s1_CA_seed42,ShareGPT,256,8,16,60,lru,True,CA,42,False,ShareGPT_h256_R8_B16_c60_lru_s0_CA_seed42,OFF_to_ON,0.04411717654471968,0.8074078420064867,-2540225691648,-2660155392,-2541537460224,-0.01574389956246708,0.0,13189663162368,60297498624,10649437470720,57637343232,1,1,True,0,0,0,0.8630874156951904,0.9983217716217041,0.1299142837524414,0.11078604636732237,0.0003883043924967448,0.12952597935994467
ShareGPT_h256_R8_B32_c30_gate_s1_BR_seed42,ShareGPT,256,8,32,30,gate,True,BR,42,False,ShareGPT_h256_R8_B32_c30_gate_s0_BR_seed42,OFF_to_ON,0.019113013560052364,0.8123985688297768,-1876357545984,-2863349760,-1877046460416,0.000505948521633659,0.0,10001829593088,149811527680,8125472047104,146948177920,1,1,True,0,0,0,0.36277735233306885,0.4159965515136719,0.053205251693725586,0.04403461074053174,0.030185818672180176,0.02301943302154541
ShareGPT_h256_R8_B32_c30_gate_s1_CA-rep_seed42,ShareGPT,256,8,32,30,gate,True,CA-rep,42,False,ShareGPT_h256_R8_B32_c30_gate_s0_CA-rep_seed42,OFF_to_ON,0.0118267215925885,0.8207513168236433,-1947787591680,-1548279808,-1940294467584,-0.007312620123418434,-3.038167317708485,10866398330880,130913693696,8918610739200,129365413888,1,1,True,8758,2455,8223,0.4313823382059733,0.49011484781901044,0.05878627300262451,0.04881131295002115,0.031549930572509766,0.027236342430114746
ShareGPT_h256_R8_B32_c30_gate_s1_CA_seed42,ShareGPT,256,8,32,30,gate,True,CA,42,False,ShareGPT_h256_R8_B32_c30_gate_s0_CA_seed42,OFF_to_ON,0.005790147160640349,0.8122747321278853,-1880575967232,-785256448,-1881264881664,-0.009412421262869342,0.0,10017702936576,135619428352,8137126969344,134834171904,1,1,True,0,0,0,0.36495983600616455,0.41877174377441406,0.053427934646606445,0.04424464577430319,0.03036046028137207,0.023067474365234375
ShareGPT_h256_R8_B32_c30_lru_s1_BR_seed42,ShareGPT,256,8,32,30,lru,True,BR,42,False,ShareGPT_h256_R8_B32_c30_lru_s0_BR_seed42,OFF_to_ON,0.03571589823833401,0.8481210660988775,-2148742987776,-5372071936,-2149441339392,4.311374739636442e-05,0.0,14147735519232,150411223040,11998992531456,145039151104,1,1,True,0,0,0,0.9133934179941813,1.0,0.08660658200581868,0.07305798915040901,0.0,0.08660658200581868
ShareGPT_h256_R8_B32_c30_lru_s1_CA-rep_seed42,ShareGPT,256,8,32,30,lru,True,CA-rep,42,False,ShareGPT_h256_R8_B32_c30_lru_s0_CA-rep_seed42,OFF_to_ON,0.022696703158708694,0.8522864849125711,-2183103774720,-2853191680,-2149441339392,-0.008126617257517343,-8.676513671875,14779309621248,125709520896,12596205846528,122856329216,1,1,True,63283,0,54820,0.9133934179941813,1.0,0.08660658200581868,0.07305798915040901,0.0,0.08660658200581868
ShareGPT_h256_R8_B32_c30_lru_s1_CA_seed42,ShareGPT,256,8,32,30,lru,True,CA,42,False,ShareGPT_h256_R8_B32_c30_lru_s0_CA_seed42,OFF_to_ON,0.02197780452140333,0.8481210660988775,-2148742987776,-2820472832,-2149441339392,-0.00888716826663602,0.0,14147735519232,128332783616,11998992531456,125512310784,1,1,True,0,0,0,0.9133934179941813,1.0,0.08660658200581868,0.07305798915040901,0.0,0.08660658200581868
ShareGPT_h256_R8_B32_c40_gate_s1_BR_seed42,ShareGPT,256,8,32,40,gate,True,BR,42,False,ShareGPT_h256_R8_B32_c40_gate_s0_BR_seed42,OFF_to_ON,0.01601364733350864,0.7973056025107997,-1721181929472,-2401603584,-1721870843904,-0.00017122310926043216,0.0,8491512102912,149972303872,6770330173440,147570700288,1,1,True,0,0,0,0.25431716442108154,0.29707900683085126,0.042633891105651855,0.035232788703521443,0.02580571174621582,0.016828179359436035
ShareGPT_h256_R8_B32_c40_gate_s1_CA-rep_seed42,ShareGPT,256,8,32,40,gate,True,CA-rep,42,False,ShareGPT_h256_R8_B32_c40_gate_s0_CA-rep_seed42,OFF_to_ON,0.009655776317064213,0.8140193725524084,-1787336589312,-1269616640,-1783514529792,-0.005644649325167034,-24.656494140625,9610337452032,131487784960,7823000862720,130218168320,1,1,True,4442,1823,4589,0.33366398016611737,0.37971317768096924,0.050713539123535156,0.0419540506276791,0.029355883598327637,0.02135765552520752
ShareGPT_h256_R8_B32_c40_gate_s1_CA_seed42,ShareGPT,256,8,32,40,gate,True,CA,42,False,ShareGPT_h256_R8_B32_c40_gate_s0_CA_seed42,OFF_to_ON,0.004983840982513949,0.797118944774412,-1725589094400,-686329856,-1726278008832,-0.008344464737378654,0.0,8505422512128,137711026176,6779833417728,137024696320,1,1,True,0,0,0,0.2564494212468465,0.2996151844660441,0.04300121466318766,0.0355433942898867,0.0260698397954305,0.01693137486775716
ShareGPT_h256_R8_B32_c40_lru_s1_BR_seed42,ShareGPT,256,8,32,40,lru,True,BR,42,False,ShareGPT_h256_R8_B32_c40_lru_s0_BR_seed42,OFF_to_ON,0.03571589823833401,0.8481210660988775,-2148742987776,-5372071936,-2149441339392,4.311374739636442e-05,0.0,14147735519232,150411223040,11998992531456,145039151104,1,1,True,0,0,0,0.9133934179941813,1.0,0.08660658200581868,0.07305798915040901,0.0,0.08660658200581868
ShareGPT_h256_R8_B32_c40_lru_s1_CA-rep_seed42,ShareGPT,256,8,32,40,lru,True,CA-rep,42,False,ShareGPT_h256_R8_B32_c40_lru_s0_CA-rep_seed42,OFF_to_ON,0.022696703158708694,0.8522864849125711,-2183103774720,-2853191680,-2149441339392,-0.008126617257517343,-11.439208984375,14779309621248,125709520896,12596205846528,122856329216,1,1,True,63283,0,54535,0.9133934179941813,1.0,0.08660658200581868,0.07305798915040901,0.0,0.08660658200581868
ShareGPT_h256_R8_B32_c40_lru_s1_CA_seed42,ShareGPT,256,8,32,40,lru,True,CA,42,False,ShareGPT_h256_R8_B32_c40_lru_s0_CA_seed42,OFF_to_ON,0.02197780452140333,0.8481210660988775,-2148742987776,-2820472832,-2149441339392,-0.00888716826663602,0.0,14147735519232,128332783616,11998992531456,125512310784,1,1,True,0,0,0,0.9133934179941813,1.0,0.08660658200581868,0.07305798915040901,0.0,0.08660658200581868
ShareGPT_h256_R8_B32_c50_gate_s1_BR_seed42,ShareGPT,256,8,32,50,gate,True,BR,42,False,ShareGPT_h256_R8_B32_c50_gate_s0_BR_seed42,OFF_to_ON,0.012059130447608197,0.77867928142291,-1548424839168,-1808400384,-1549113753600,-0.0003714541431802526,0.0,6996294107136,149961093120,5447869267968,148152692736,1,1,True,0,0,0,0.17232704162597656,0.20638573169708252,0.03369335333506266,0.027819386143703516,0.022932569185892742,0.010760784149169922
ShareGPT_h256_R8_B32_c50_gate_s1_CA-rep_seed42,ShareGPT,256,8,32,50,gate,True,CA-rep,42,False,ShareGPT_h256_R8_B32_c50_gate_s0_CA-rep_seed42,OFF_to_ON,0.007280439850961451,0.8021310859111542,-1663964282880,-959721472,-1661784293376,-0.004956944311349326,-24.779052734375,8409427476480,131821907968,6745463193600,130862186496,1,1,True,2252,1472,2616,0.25198527177174884,0.29085270563761395,0.04265157381693522,0.03524205678213706,0.025997201601664226,0.016654372215270996
ShareGPT_h256_R8_B32_c50_gate_s1_CA_seed42,ShareGPT,256,8,32,50,gate,True,CA,42,False,ShareGPT_h256_R8_B32_c50_gate_s0_CA_seed42,OFF_to_ON,0.00251624227375594,0.7783819587580288,-1553502044160,-349081600,-1554190958592,-0.007176002003576543,0.0,7009817591808,138731315200,5456315547648,138382233600,1,1,True,0,0,0,0.17393036683400473,0.20842858155568442,0.033964951833089195,0.02803908395347547,0.023166497548421223,0.010798454284667969
ShareGPT_h256_R8_B32_c50_lru_s1_BR_seed42,ShareGPT,256,8,32,50,lru,True,BR,42,False,ShareGPT_h256_R8_B32_c50_lru_s0_BR_seed42,OFF_to_ON,0.03573332672503213,0.8478742592459183,-2152234745856,-5374693376,-2152933097472,1.1482229667486576e-06,0.0,14147735519232,150411223040,11995500773376,145036529664,1,1,True,0,0,0,0.9130117893218994,1.0,0.08653064568837483,0.07299807729851203,4.796187082926432e-05,0.08648268381754558
ShareGPT_h256_R8_B32_c50_lru_s1_CA-rep_seed42,ShareGPT,256,8,32,50,lru,True,CA-rep,42,False,ShareGPT_h256_R8_B32_c50_lru_s0_CA-rep_seed42,OFF_to_ON,0.022696703158708694,0.8522864849125711,-2183103774720,-2853191680,-2149441339392,-0.008126617257517343,-13.846435546875,14779309621248,125709520896,12596205846528,122856329216,1,1,True,63283,0,54522,0.9133934179941813,1.0,0.08660658200581868,0.07305798915040901,0.0,0.08660658200581868
ShareGPT_h256_R8_B32_c50_lru_s1_CA_seed42,ShareGPT,256,8,32,50,lru,True,CA,42,False,ShareGPT_h256_R8_B32_c50_lru_s0_CA_seed42,OFF_to_ON,0.021901905848238527,0.8478715910637242,-2152272494592,-2810732544,-2152970846208,-0.008923465977871553,0.0,14147735519232,128332783616,11995463024640,125522051072,1,1,True,0,0,0,0.9130016962687174,1.0,0.08653398354848225,0.07299961895147575,4.390875498453776e-05,0.08649007479349773
ShareGPT_h256_R8_B32_c60_gate_s1_BR_seed42,ShareGPT,256,8,32,60,gate,True,BR,42,False,ShareGPT_h256_R8_B32_c60_gate_s0_BR_seed42,OFF_to_ON,0.009178297262527162,0.755641413484638,-1347724247040,-1376894976,-1348413161472,3.2767090901109075e-05,0.0,5515354570752,150016385024,4167630323712,148639490048,1,1,True,0,0,0,0.10925980408986409,0.13516998291015625,0.02572635809580485,0.021280295141047713,0.019220948219299316,0.006505409876505534
ShareGPT_h256_R8_B32_c60_gate_s1_CA-rep_seed42,ShareGPT,256,8,32,60,gate,True,CA-rep,42,False,ShareGPT_h256_R8_B32_c60_gate_s0_CA-rep_seed42,OFF_to_ON,0.0035842043168396944,0.7792929781575803,-1593053282304,-472182784,-1591194157056,-0.006405657328248826,5.581380208333485,7217954684928,131739918336,5624901402624,131267735552,1,1,True,1132,1202,1525,0.18238691488901773,0.21866722901662192,0.034901817639668785,0.028818238186353925,0.023501873016357422,0.011399944623311361
ShareGPT_h256_R8_B32_c60_gate_s1_CA_seed42,ShareGPT,256,8,32,60,gate,True,CA,42,False,ShareGPT_h256_R8_B32_c60_gate_s0_CA_seed42,OFF_to_ON,0.002213592002010852,0.7544426521920953,-1357642727424,-307908608,-1358331641856,-0.005979225869178234,0.0,5528821432320,139099078656,4171178704896,138791170048,1,1,True,0,0,0,0.11039968331654866,0.13685504595438638,0.026188453038533527,0.02166364516772875,0.019646883010864258,0.0065415700276692705
ShareGPT_h256_R8_B32_c60_lru_s1_BR_seed42,ShareGPT,256,8,32,60,lru,True,BR,42,False,ShareGPT_h256_R8_B32_c60_lru_s0_BR_seed42,OFF_to_ON,0.035715211501545246,0.8467873804887128,-2167277617152,-5372555264,-2167975968768,-8.903854740492656e-05,0.0,14145555529728,150427648000,11978277912576,145055092736,1,1,True,0,0,0,0.9109415213267008,0.9998147090276083,0.0863040288289388,0.07281975429088625,0.00011316935221354167,0.08619085947672527
ShareGPT_h256_R8_B32_c60_lru_s1_CA-rep_seed42,ShareGPT,256,8,32,60,lru,True,CA-rep,42,False,ShareGPT_h256_R8_B32_c60_lru_s0_CA-rep_seed42,OFF_to_ON,0.02262153405510661,0.8520598031252714,-2186453975040,-2843742208,-2152121499648,-0.008164557165330377,-16.16495768229197,14779309621248,125709520896,12592855646208,122865778688,1,1,True,63212,60,54430,0.9131396611531576,1.0,0.08654983838399251,0.07301264015256648,5.328655242919922e-05,0.08649655183156331
ShareGPT_h256_R8_B32_c60_lru_s1_CA_seed42,ShareGPT,256,8,32,60,lru,True,CA,42,False,ShareGPT_h256_R8_B32_c60_lru_s0_CA_seed42,OFF_to_ON,0.021642773295000105,0.8468520397645509,-2166371647488,-2777567232,-2167069999104,-0.00904837241326198,0.0,14145612152832,128336936960,11979240505344,125559369728,1,1,True,0,0,0,0.9110567569732666,0.9998292525609335,0.08628280957539876,0.07280301496961031,0.00012119611104329427,0.08616161346435547
ShareGPT_h256_R8_B64_c30_gate_s1_BR_seed42,ShareGPT,256,8,64,30,gate,True,BR,42,False,ShareGPT_h256_R8_B64_c30_gate_s0_BR_seed42,OFF_to_ON,0.009558058344970007,0.8500118847380005,-1560202444800,-2861264896,-1560759238656,0.0002308760020664491,0.0,10402173812736,299356291072,8841971367936,296495026176,1,1,True,0,0,0,0.3905109167098999,0.42580731709798175,0.03496380647023519,0.028512928860414167,0.017617305119832356,0.017346501350402832
ShareGPT_h256_R8_B64_c30_gate_s1_CA-rep_seed42,ShareGPT,256,8,64,30,gate,True,CA-rep,42,False,ShareGPT_h256_R8_B64_c30_gate_s0_CA-rep_seed42,OFF_to_ON,0.006841802444930325,0.8690206233182654,-1659264565248,-1804754944,-1606218153984,-0.0035275575901614065,-5.74560546875,12668136062976,263783550976,11008871497728,261978796032,1,1,True,114136,14177,81151,0.4984949628512065,0.537550171216329,0.039594948291778564,0.03245714237777109,0.01727561155954997,0.022319336732228596
ShareGPT_h256_R8_B64_c30_gate_s1_CA_seed42,ShareGPT,256,8,64,30,gate,True,CA,42,False,ShareGPT_h256_R8_B64_c30_gate_s0_CA_seed42,OFF_to_ON,0.0025395817375942873,0.8500333774440939,-1562505117696,-708988928,-1563061911552,-0.004621932453608896,0.0,10419019186176,279175471104,8856514068480,278466482176,1,1,True,0,0,0,0.39308255910873413,0.42879847685496014,0.03510101636250814,0.028627248505258975,0.017724454402923584,0.017376561959584553
ShareGPT_h256_R8_B64_c30_lru_s1_BR_seed42,ShareGPT,256,8,64,30,lru,True,BR,42,False,ShareGPT_h256_R8_B64_c30_lru_s0_BR_seed42,OFF_to_ON,0.01721130735768154,0.8830501183189687,-1700958044160,-5177819136,-1701514838016,8.406836928993855e-05,0.0,14544333176832,300838223872,12843375132672,295660404736,1,1,True,0,0,0,0.9477060834566752,1.0,0.05229391654332479,0.04348325971023814,0.0,0.05229391654332479
ShareGPT_h256_R8_B64_c30_lru_s1_CA-rep_seed42,ShareGPT,256,8,64,30,lru,True,CA-rep,42,False,ShareGPT_h256_R8_B64_c30_lru_s0_CA-rep_seed42,OFF_to_ON,0.009944978362368904,0.8946668464302775,-1791639945216,-2524176384,-1701514838016,-0.003743458782794723,-17.408040364583485,17009269014528,253814165504,15217629069312,251289989120,1,1,True,251585,0,180155,0.9477060834566752,1.0,0.05229391654332479,0.04348325971023814,0.0,0.05229391654332479
ShareGPT_h256_R8_B64_c30_lru_s1_CA_seed42,ShareGPT,256,8,64,30,lru,True,CA,42,False,ShareGPT_h256_R8_B64_c30_lru_s0_CA_seed42,OFF_to_ON,0.00933693248220648,0.8830501183189687,-1700958044160,-2501853184,-1701514838016,-0.004482659490936375,0.0,14544333176832,267952369664,12843375132672,265450516480,1,1,True,0,0,0,0.9477060834566752,1.0,0.05229391654332479,0.04348325971023814,0.0,0.05229391654332479
ShareGPT_h256_R8_B64_c40_gate_s1_BR_seed42,ShareGPT,256,8,64,40,gate,True,BR,42,False,ShareGPT_h256_R8_B64_c40_gate_s0_BR_seed42,OFF_to_ON,0.00919631447967983,0.8343759356347027,-1472172392448,-2755153920,-1472729186304,-5.060095487757765e-06,0.0,8888638242816,299593269248,7416465850368,296838115328,1,1,True,0,0,0,0.277985413869222,0.30774859587351483,0.029592315355936687,0.02411832261609556,0.01666756470998128,0.012924750645955404
ShareGPT_h256_R8_B64_c40_gate_s1_CA-rep_seed42,ShareGPT,256,8,64,40,gate,True,CA-rep,42,False,ShareGPT_h256_R8_B64_c40_gate_s0_CA-rep_seed42,OFF_to_ON,0.005532819702314225,0.8605893169064667,-1573414502400,-1464344576,-1537100218368,-0.0026000736617167453,-13.441080729166742,11286183149568,264665153536,9712768647168,263200808960,1,1,True,82479,13380,61633,0.40062159299850464,0.43403836091359455,0.035368899504343666,0.028846945252186423,0.017749130725860596,0.017619768778483074
ShareGPT_h256_R8_B64_c40_gate_s1_CA_seed42,ShareGPT,256,8,64,40,gate,True,CA,42,False,ShareGPT_h256_R8_B64_c40_gate_s0_CA_seed42,OFF_to_ON,0.0021797592442559044,0.8344092244679904,-1474267447296,-614019072,-1474824241152,-0.004253860623091216,0.0,8903077134336,281691234304,7428809687040,281077215232,1,1,True,0,0,0,0.2801699638366699,0.3100009759267171,0.02977915604909261,0.02427879422579947,0.016744295756022137,0.013034860293070475
ShareGPT_h256_R8_B64_c40_lru_s1_BR_seed42,ShareGPT,256,8,64,40,lru,True,BR,42,False,ShareGPT_h256_R8_B64_c40_lru_s0_BR_seed42,OFF_to_ON,0.01721130735768154,0.8830501183189687,-1700958044160,-5177819136,-1701514838016,8.406836928993855e-05,0.0,14544333176832,300838223872,12843375132672,295660404736,1,1,True,0,0,0,0.9477060834566752,1.0,0.05229391654332479,0.04348325971023814,0.0,0.05229391654332479
ShareGPT_h256_R8_B64_c40_lru_s1_CA-rep_seed42,ShareGPT,256,8,64,40,lru,True,CA-rep,42,False,ShareGPT_h256_R8_B64_c40_lru_s0_CA-rep_seed42,OFF_to_ON,0.009944978362368904,0.8946668464302775,-1791639945216,-2524176384,-1701514838016,-0.003743458782794723,-23.185302734375,17009269014528,253814165504,15217629069312,251289989120,1,1,True,251585,0,180534,0.9477060834566752,1.0,0.05229391654332479,0.04348325971023814,0.0,0.05229391654332479
ShareGPT_h256_R8_B64_c40_lru_s1_CA_seed42,ShareGPT,256,8,64,40,lru,True,CA,42,False,ShareGPT_h256_R8_B64_c40_lru_s0_CA_seed42,OFF_to_ON,0.00933693248220648,0.8830501183189687,-1700958044160,-2501853184,-1701514838016,-0.004482659490936375,0.0,14544333176832,267952369664,12843375132672,265450516480,1,1,True,0,0,0,0.9477060834566752,1.0,0.05229391654332479,0.04348325971023814,0.0,0.05229391654332479
ShareGPT_h256_R8_B64_c50_gate_s1_BR_seed42,ShareGPT,256,8,64,50,gate,True,BR,42,False,ShareGPT_h256_R8_B64_c50_gate_s0_BR_seed42,OFF_to_ON,0.007547216727302437,0.8165284712410737,-1354179280896,-2262671360,-1354736074752,-0.00017901346033327714,0.0,7380868792320,299802091520,6026689511424,297539420160,1,1,True,0,0,0,0.19081161419550577,0.2151159644126892,0.023952563603719074,0.019552964720357176,0.01532528797785441,0.008627275625864664
ShareGPT_h256_R8_B64_c50_gate_s1_CA-rep_seed42,ShareGPT,256,8,64,50,gate,True,CA-rep,42,False,ShareGPT_h256_R8_B64_c50_gate_s0_CA-rep_seed42,OFF_to_ON,0.004439177976399936,0.848377373883878,-1515347509248,-1178632192,-1482543857664,-0.0024716567688123914,-13.302897135416515,9994204348416,265506856960,8478856839168,264328224768,1,1,True,56855,11503,44718,0.31732986370722455,0.3474046587944031,0.03177448113759359,0.025874075992029438,0.017325838406880695,0.01444864273071289
ShareGPT_h256_R8_B64_c50_gate_s1_CA_seed42,ShareGPT,256,8,64,50,gate,True,CA,42,False,ShareGPT_h256_R8_B64_c50_gate_s0_CA_seed42,OFF_to_ON,0.0024033027506378496,0.8163412473739697,-1357982466048,-680718336,-1358539259904,-0.003745997839514681,0.0,7394052538368,283242856448,6036070072320,282562138112,1,1,True,0,0,0,0.19245944420496622,0.2170745333035787,0.02417812744776408,0.019742861059659333,0.015477895736694336,0.008700231711069742
ShareGPT_h256_R8_B64_c50_lru_s1_BR_seed42,ShareGPT,256,8,64,50,lru,True,BR,42,False,ShareGPT_h256_R8_B64_c50_lru_s0_BR_seed42,OFF_to_ON,0.017211443510592804,0.8830481717496997,-1700986355712,-5177860096,-1701543149568,8.461631029203776e-05,0.0,14544333176832,300838223872,12843346821120,295660363776,1,1,True,0,0,0,0.9477046330769857,1.0,0.05229391654332479,0.04348325971023814,0.0,0.05229391654332479
ShareGPT_h256_R8_B64_c50_lru_s1_CA-rep_seed42,ShareGPT,256,8,64,50,lru,True,CA-rep,42,False,ShareGPT_h256_R8_B64_c50_lru_s0_CA-rep_seed42,OFF_to_ON,0.009944978362368904,0.8946668464302775,-1791639945216,-2524176384,-1701514838016,-0.003743458782794723,-28.511962890625,17009269014528,253814165504,15217629069312,251289989120,1,1,True,251585,0,180496,0.9477060834566752,1.0,0.05229391654332479,0.04348325971023814,0.0,0.05229391654332479
ShareGPT_h256_R8_B64_c50_lru_s1_CA_seed42,ShareGPT,256,8,64,50,lru,True,CA,42,False,ShareGPT_h256_R8_B64_c50_lru_s0_CA_seed42,OFF_to_ON,0.009336672615126046,0.8830494694625457,-1700967481344,-2501783552,-1701524275200,-0.004482659490936375,0.0,14544333176832,267952369664,12843365695488,265450586112,1,1,True,0,0,0,0.9477054675420126,1.0,0.05229383707046509,0.043483215860358033,0.0,0.05229383707046509
ShareGPT_h256_R8_B64_c60_gate_s1_BR_seed42,ShareGPT,256,8,64,60,gate,True,BR,42,False,ShareGPT_h256_R8_B64_c60_gate_s0_BR_seed42,OFF_to_ON,0.005160770878725413,0.7931355000280937,-1216066093056,-1548439552,-1216622886912,-0.00017322877530605296,0.0,5878563471360,300040359936,4662497378304,298491920384,1,1,True,0,0,0,0.12257895867029826,0.14232957363128662,0.019086480140686035,0.01563606583174172,0.01352161169052124,0.005564868450164795
ShareGPT_h256_R8_B64_c60_gate_s1_CA-rep_seed42,ShareGPT,256,8,64,60,gate,True,CA-rep,42,False,ShareGPT_h256_R8_B64_c60_gate_s0_CA-rep_seed42,OFF_to_ON,0.0036962004661276523,0.8364068260789904,-1440888127488,-979025920,-1417106423808,-0.0021505271397341263,-11.29597981770803,8807752138752,264873598976,7366864011264,263894573056,1,1,True,38447,9604,31723,0.2500622669855754,0.27666451533635456,0.028020699818929035,0.02282120478415488,0.016395191351572674,0.011625508467356363
ShareGPT_h256_R8_B64_c60_gate_s1_CA_seed42,ShareGPT,256,8,64,60,gate,True,CA,42,False,ShareGPT_h256_R8_B64_c60_gate_s0_CA_seed42,OFF_to_ON,0.00010196827479590223,0.7926010082396188,-1221445287936,-28950528,-1222002081792,-0.003478146170601798,0.0,5889350172672,283917012992,4667904884736,283888062464,1,1,True,0,0,0,0.12375658750534058,0.14383524656295776,0.019297897815704346,0.01577751730856562,0.013742109139760336,0.005555788675944011
ShareGPT_h256_R8_B64_c60_lru_s1_BR_seed42,ShareGPT,256,8,64,60,lru,True,BR,42,False,ShareGPT_h256_R8_B64_c60_lru_s0_BR_seed42,OFF_to_ON,0.017014620862067953,0.8825174071956879,-1708705972224,-5118648320,-1709262766080,4.6935496396866005e-05,0.0,14544333176832,300838223872,12835627204608,295719575552,1,1,True,0,0,0,0.9468985398610433,1.0,0.052187065283457436,0.04340094479290984,6.31411870320638e-05,0.05212392409642538
ShareGPT_h256_R8_B64_c60_lru_s1_CA-rep_seed42,ShareGPT,256,8,64,60,lru,True,CA-rep,42,False,ShareGPT_h256_R8_B64_c60_lru_s0_CA-rep_seed42,OFF_to_ON,0.009944978362368904,0.8946668464302775,-1791639945216,-2524176384,-1701514838016,-0.003743458782794723,-33.821044921875,17009269014528,253814165504,15217629069312,251289989120,1,1,True,251585,0,180215,0.9477060834566752,1.0,0.05229391654332479,0.04348325971023814,0.0,0.05229391654332479
ShareGPT_h256_R8_B64_c60_lru_s1_CA_seed42,ShareGPT,256,8,64,60,lru,True,CA,42,False,ShareGPT_h256_R8_B64_c60_lru_s0_CA_seed42,OFF_to_ON,0.009247507633939429,0.882514811769996,-1708743720960,-2477891584,-1709300514816,-0.004526783561521863,0.0,14544333176832,267952369664,12835589455872,265474478080,1,1,True,0,0,0,0.9469045400619507,1.0,0.052179197470347084,0.043396374005584035,3.5484631856282554e-05,0.052143712838490806
ShareGPT_h256_R8_B8_c30_gate_s1_BR_seed42,ShareGPT,256,8,8,30,gate,True,BR,42,False,ShareGPT_h256_R8_B8_c30_gate_s0_BR_seed42,OFF_to_ON,0.041365785053620124,0.7462705330204492,-1885690920960,-1547845632,-1886757322752,-0.0006606783129414484,0.0,7431895646208,37418500096,5546204725248,35870654464,1,1,True,0,0,0,0.30475695927937824,0.3943468729654948,0.0912327766418457,0.07651096798516809,0.06953811645507812,0.021694660186767578
ShareGPT_h256_R8_B8_c30_gate_s1_CA-rep_seed42,ShareGPT,256,8,8,30,gate,True,CA-rep,42,False,ShareGPT_h256_R8_B8_c30_gate_s0_CA-rep_seed42,OFF_to_ON,0.009329147225803486,0.7453934416046226,-1895354597376,-294285312,-1896420999168,-0.025974601495009464,0.0,7444248920064,31544717312,5548894322688,31250432000,1,1,True,0,0,0,0.30583969751993817,0.3966083526611328,0.09160550435384114,0.07678119070427224,0.06956195831298828,0.022043546040852863
ShareGPT_h256_R8_B8_c30_gate_s1_CA_seed42,ShareGPT,256,8,8,30,gate,True,CA,42,False,ShareGPT_h256_R8_B8_c30_gate_s0_CA_seed42,OFF_to_ON,0.009329147225803486,0.7453934416046226,-1895354597376,-294285312,-1896420999168,-0.025974601495009464,0.0,7444248920064,31544717312,5548894322688,31250432000,1,1,True,0,0,0,0.30583969751993817,0.3966083526611328,0.09160550435384114,0.07678119070427224,0.06956195831298828,0.022043546040852863
ShareGPT_h256_R8_B8_c30_lru_s1_BR_seed42,ShareGPT,256,8,8,30,lru,True,BR,42,False,ShareGPT_h256_R8_B8_c30_lru_s0_BR_seed42,OFF_to_ON,0.10346541183266217,0.783718140123591,-2505968713728,-3897307136,-2507186110464,0.00010683307007233744,0.0,11586587590656,37667729408,9080618876928,33770422272,1,1,True,0,0,0,0.8277063369750977,1.0,0.17228031158447266,0.14798719677097974,3.814697265625e-06,0.17227649688720703
ShareGPT_h256_R8_B8_c30_lru_s1_CA-rep_seed42,ShareGPT,256,8,8,30,lru,True,CA-rep,42,False,ShareGPT_h256_R8_B8_c30_lru_s0_CA-rep_seed42,OFF_to_ON,0.0704772233215958,0.783717920419754,-2505987588096,-1954332672,-2507204984832,-0.022319732627091582,-0.005777994791742458,11586663088128,27729989632,9080675500032,25775656960,1,1,True,8,0,8,0.8277087211608887,1.0,0.17228221893310547,0.14798857404628682,6.039937337239583e-06,0.17227617899576822
ShareGPT_h256_R8_B8_c30_lru_s1_CA_seed42,ShareGPT,256,8,8,30,lru,True,CA,42,False,ShareGPT_h256_R8_B8_c30_lru_s0_CA_seed42,OFF_to_ON,0.07047660912521514,0.7837165111394011,-2505987588096,-1954332672,-2507204984832,-0.0223206157705112,0.0,11586587590656,27730231296,9080600002560,25775898624,1,1,True,0,0,0,0.8277087211608887,1.0,0.17228221893310547,0.14798857404628682,6.039937337239583e-06,0.17227617899576822
ShareGPT_h256_R8_B8_c40_gate_s1_BR_seed42,ShareGPT,256,8,8,40,gate,True,BR,42,False,ShareGPT_h256_R8_B8_c40_gate_s0_BR_seed42,OFF_to_ON,0.03200325797820785,0.731289550911376,-1608124465152,-1200295936,-1609171992576,-5.30227831735397e-05,0.0,5984599670784,37505429504,4376475205632,36305133568,1,1,True,0,0,0,0.20833381017049155,0.27584091822306317,0.07044156392415364,0.0588260110474623,0.05706644058227539,0.013375123341878256
ShareGPT_h256_R8_B8_c40_gate_s1_CA-rep_seed42,ShareGPT,256,8,8,40,gate,True,CA-rep,42,False,ShareGPT_h256_R8_B8_c40_gate_s0_CA-rep_seed42,OFF_to_ON,0.0004294986880265157,0.7309168953450316,-1613871710208,-14012416,-1614928674816,-0.02283606496582402,0.0,5997670170624,32625049600,4383798460416,32611037184,1,1,True,0,0,0,0.2095484733581543,0.27787478764851886,0.07051340738932292,0.05886806908962438,0.05724557240804037,0.013267834981282553
ShareGPT_h256_R8_B8_c40_gate_s1_CA_seed42,ShareGPT,256,8,8,40,gate,True,CA,42,False,ShareGPT_h256_R8_B8_c40_gate_s0_CA_seed42,OFF_to_ON,0.0004294986880265157,0.7309168953450316,-1613871710208,-14012416,-1614928674816,-0.02283606496582402,0.0,5997670170624,32625049600,4383798460416,32611037184,1,1,True,0,0,0,0.2095484733581543,0.27787478764851886,0.07051340738932292,0.05886806908962438,0.05724557240804037,0.013267834981282553
ShareGPT_h256_R8_B8_c40_lru_s1_BR_seed42,ShareGPT,256,8,8,40,lru,True,BR,42,False,ShareGPT_h256_R8_B8_c40_lru_s0_BR_seed42,OFF_to_ON,0.10301740509925118,0.7829002507841587,-2515424772096,-3880427520,-2516642168832,-6.769287778349287e-05,0.0,11586493218816,37667688448,9071068446720,33787260928,1,1,True,0,0,0,0.82611083984375,0.9999863306681315,0.1720107396443685,0.14776930042418407,0.00012652079264322916,0.17188421885172525
ShareGPT_h256_R8_B8_c40_lru_s1_CA-rep_seed42,ShareGPT,256,8,8,40,lru,True,CA-rep,42,False,ShareGPT_h256_R8_B8_c40_lru_s0_CA-rep_seed42,OFF_to_ON,0.0699672203597725,0.7829042856979959,-2515396460544,-1940201472,-2516613857280,-0.022557247657065738,-0.005940755208484916,11586578153472,27730149376,9071181692928,25789947904,1,1,True,8,0,8,0.8262268702189127,0.9999933242797852,0.17203680674235025,0.14778989746541843,0.0001255671183268229,0.17191123962402344
ShareGPT_h256_R8_B8_c40_lru_s1_CA_seed42,ShareGPT,256,8,8,40,lru,True,CA,42,False,ShareGPT_h256_R8_B8_c40_lru_s0_CA_seed42,OFF_to_ON,0.06996572436361864,0.7828939116269599,-2515500269568,-1940176896,-2516717666304,-0.022561196520452742,0.0,11586502656000,27730391040,9071002386432,25790214144,1,1,True,0,0,0,0.8262157440185547,0.9999933242797852,0.17203680674235025,0.14778989746541843,0.0001255671183268229,0.17191123962402344
ShareGPT_h256_R8_B8_c50_gate_s1_BR_seed42,ShareGPT,256,8,8,50,gate,True,BR,42,False,ShareGPT_h256_R8_B8_c50_gate_s0_BR_seed42,OFF_to_ON,0.020862625463556838,0.7113808541348969,-1336022138880,-782073856,-1337060229120,-3.8741672026401663e-05,0.0,4629014249472,37486837760,3292992110592,36704763904,1,1,True,0,0,0,0.13816356658935547,0.18850628534952799,0.053005218505859375,0.04414620670261966,0.04518477121988932,0.007820447285970053
ShareGPT_h256_R8_B8_c50_gate_s1_CA-rep_seed42,ShareGPT,256,8,8,50,gate,True,CA-rep,42,False,ShareGPT_h256_R8_B8_c50_gate_s0_CA-rep_seed42,OFF_to_ON,-0.00033061184036568207,0.7098517084963889,-1345534820352,11108352,-1346572910592,-0.018514298264739354,0.0,4637403906048,33599377408,3291869085696,33610485760,1,1,False,0,0,0,0.13821919759114584,0.18922789891560873,0.05352560679117838,0.04461646391408832,0.04580211639404297,0.007723490397135417
ShareGPT_h256_R8_B8_c50_gate_s1_CA_seed42,ShareGPT,256,8,8,50,gate,True,CA,42,False,ShareGPT_h256_R8_B8_c50_gate_s0_CA_seed42,OFF_to_ON,-0.00033061184036568207,0.7098517084963889,-1345534820352,11108352,-1346572910592,-0.018514298264739354,0.0,4637403906048,33599377408,3291869085696,33610485760,1,1,False,0,0,0,0.13821919759114584,0.18922789891560873,0.05352560679117838,0.04461646391408832,0.04580211639404297,0.007723490397135417
ShareGPT_h256_R8_B8_c50_lru_s1_BR_seed42,ShareGPT,256,8,8,50,lru,True,BR,42,False,ShareGPT_h256_R8_B8_c50_lru_s0_BR_seed42,OFF_to_ON,0.10215977758811152,0.7799494367310578,-2545548263424,-3848146944,-2546765660160,4.6658748722339105e-05,0.0,11568015212544,37667926016,9022466949120,33819779072,1,1,True,0,0,0,0.8190762201944987,0.9971469243367513,0.17086044947306314,0.1467967138647499,0.0007651646931966146,0.17009528477986655
ShareGPT_h256_R8_B8_c50_lru_s1_CA-rep_seed42,ShareGPT,256,8,8,50,lru,True,CA-rep,42,False,ShareGPT_h256_R8_B8_c50_lru_s0_CA-rep_seed42,OFF_to_ON,0.0681304596422536,0.7798308003416297,-2547124273152,-1890279424,-2548303921152,-0.023468722060614122,0.006022135416515084,11568940056576,27744997376,9021815783424,25854717952,1,1,True,3,1,3,0.819124698638916,0.9974320729573568,0.17086124420166016,0.1468000366791868,0.0007616678873697916,0.17009957631429037
ShareGPT_h256_R8_B8_c50_lru_s1_CA_seed42,ShareGPT,256,8,8,50,lru,True,CA,42,False,ShareGPT_h256_R8_B8_c50_lru_s0_CA_seed42,OFF_to_ON,0.06812912159698366,0.7798329034373731,-2547077087232,-1890267136,-2548294483968,-0.023462064012683248,0.0,11568836247552,27745361920,9021759160320,25855094784,1,1,True,0,0,0,0.8191013336181641,0.9974300066630045,0.17086140314737955,0.1468004418058127,0.0007573763529459635,0.1701040267944336
ShareGPT_h256_R8_B8_c60_gate_s1_BR_seed42,ShareGPT,256,8,8,60,gate,True,BR,42,False,ShareGPT_h256_R8_B8_c60_gate_s0_BR_seed42,OFF_to_ON,0.0177069040181064,0.6819625522245635,-1072545398784,-665735168,-1073574051840,0.0007155385119350932,0.0,3372387139584,37597491200,2299841740800,36931756032,1,1,True,0,0,0,0.08492803573608398,0.12137985229492188,0.04005018870035807,0.03327069170629797,0.03640397389729818,0.003646214803059896
ShareGPT_h256_R8_B8_c60_gate_s1_CA-rep_seed42,ShareGPT,256,8,8,60,gate,True,CA-rep,42,False,ShareGPT_h256_R8_B8_c60_gate_s0_CA-rep_seed42,OFF_to_ON,-0.002474275376717466,0.6822737338281575,-1073762795520,84922368,-1074800885760,-0.01506352738421704,0.0,3379521650688,34322116608,2305758855168,34407038976,1,1,False,0,0,0,0.08529122670491536,0.12185223897298177,0.039844353993733726,0.03312146804789195,0.03625408808390299,0.003590265909830729
ShareGPT_h256_R8_B8_c60_gate_s1_CA_seed42,ShareGPT,256,8,8,60,gate,True,CA,42,False,ShareGPT_h256_R8_B8_c60_gate_s0_CA_seed42,OFF_to_ON,-0.002474275376717466,0.6822737338281575,-1073762795520,84922368,-1074800885760,-0.01506352738421704,0.0,3379521650688,34322116608,2305758855168,34407038976,1,1,False,0,0,0,0.08529122670491536,0.12185223897298177,0.039844353993733726,0.03312146804789195,0.03625408808390299,0.003590265909830729
ShareGPT_h256_R8_B8_c60_lru_s1_BR_seed42,ShareGPT,256,8,8,60,lru,True,BR,42,False,ShareGPT_h256_R8_B8_c60_lru_s0_BR_seed42,OFF_to_ON,0.09525882179863995,0.6142438542464144,-4436571193344,-3588427776,-4437760278528,0.0003787051217631343,0.0,11500973457408,37670293504,7064402264064,34081865728,1,1,True,0,0,0,0.617601235707601,0.9881523450215658,0.15810155868530273,0.13558642290798653,0.020885467529296875,0.13721609115600586
ShareGPT_h256_R8_B8_c60_lru_s1_CA-rep_seed42,ShareGPT,256,8,8,60,lru,True,CA-rep,42,False,ShareGPT_h256_R8_B8_c60_lru_s0_CA-rep_seed42,OFF_to_ON,0.013411407750535996,0.6175651339188651,-4398907392000,-372748288,-4400058728448,-0.058047525439342273,-0.006266276041969832,11502370160640,27793375232,7103462768640,27420626944,1,1,True,1,1,1,0.6219471295674642,0.9884718259175619,0.15828180313110352,0.13572263738387905,0.019449392954508465,0.13883241017659506
ShareGPT_h256_R8_B8_c60_lru_s1_CA_seed42,ShareGPT,256,8,8,60,lru,True,CA,42,False,ShareGPT_h256_R8_B8_c60_lru_s0_CA_seed42,OFF_to_ON,0.013730646192181003,0.6173078658691674,-4401776295936,-381624320,-4402965381120,-0.058163986221869635,0.0,11502134231040,27793616896,7100357935104,27411992576,1,1,True,0,0,0,0.6215982437133789,0.988469123840332,0.15821345647176108,0.13571229835059928,0.0198666254679362,0.13834683100382486
ShareGPT_h64_R4_B16_c30_gate_s1_BR_seed42,ShareGPT,64,4,16,30,gate,True,BR,42,False,ShareGPT_h64_R4_B16_c30_gate_s0_BR_seed42,OFF_to_ON,0.03457169931028359,0.7411812865497076,-417670889472,-242388992,-418246557696,-0.0018374166567287353,0.0,1613758464000,7011196928,1196087574528,6768807936,1,1,True,0,0,0,0.256442387898763,0.33565521240234375,0.08528391520182292,0.07047364352692788,0.06912803649902344,0.01615587870279948
ShareGPT_h64_R4_B16_c30_gate_s1_CA-rep_seed42,ShareGPT,64,4,16,30,gate,True,CA-rep,42,False,ShareGPT_h64_R4_B16_c30_gate_s0_CA-rep_seed42,OFF_to_ON,0.008998486730902939,0.7408742492580216,-418567421952,-54972416,-419143090176,-0.0211683685202248,0.0,1615306162176,6109073408,1196738740224,6054100992,1,1,True,0,0,0,0.257382074991862,0.33723004659016925,0.08570480346679688,0.07081105254027946,0.06925074259440105,0.016454060872395832
ShareGPT_h64_R4_B16_c30_gate_s1_CA_seed42,ShareGPT,64,4,16,30,gate,True,CA,42,False,ShareGPT_h64_R4_B16_c30_gate_s0_CA_seed42,OFF_to_ON,0.008998486730902939,0.7408742492580216,-418567421952,-54972416,-419143090176,-0.0211683685202248,0.0,1615306162176,6109073408,1196738740224,6054100992,1,1,True,0,0,0,0.257382074991862,0.33723004659016925,0.08570480346679688,0.07081105254027946,0.06925074259440105,0.016454060872395832
ShareGPT_h64_R4_B16_c30_lru_s1_BR_seed42,ShareGPT,64,4,16,30,lru,True,BR,42,False,ShareGPT_h64_R4_B16_c30_lru_s0_BR_seed42,OFF_to_ON,0.09275243056243582,0.7864449034831541,-565872427008,-651878400,-566542467072,-0.0005592602050705497,0.0,2649772523520,7028154368,2083900096512,6376275968,1,1,True,0,0,0,0.8327738444010416,1.0,0.1672204335530599,0.1426205944347731,0.0,0.1672204335530599
ShareGPT_h64_R4_B16_c30_lru_s1_CA-rep_seed42,ShareGPT,64,4,16,30,lru,True,CA-rep,42,False,ShareGPT_h64_R4_B16_c30_lru_s0_CA-rep_seed42,OFF_to_ON,0.06528052020750022,0.7864449034831541,-565872427008,-348700672,-566542467072,-0.01885889684033487,0.0,2649772523520,5341573120,2083900096512,4992872448,1,1,True,0,0,0,0.8327763875325521,1.0,0.1672204335530599,0.1426205944347731,0.0,0.1672204335530599
ShareGPT_h64_R4_B16_c30_lru_s1_CA_seed42,ShareGPT,64,4,16,30,lru,True,CA,42,False,ShareGPT_h64_R4_B16_c30_lru_s0_CA_seed42,OFF_to_ON,0.06528052020750022,0.7864449034831541,-565872427008,-348700672,-566542467072,-0.01885889684033487,0.0,2649772523520,5341573120,2083900096512,4992872448,1,1,True,0,0,0,0.8327763875325521,1.0,0.1672204335530599,0.1426205944347731,0.0,0.1672204335530599
ShareGPT_h64_R4_B16_c40_gate_s1_BR_seed42,ShareGPT,64,4,16,40,gate,True,BR,42,False,ShareGPT_h64_R4_B16_c40_gate_s0_BR_seed42,OFF_to_ON,0.025595350311296377,0.7229357798165138,-349128622080,-179621888,-349694853120,0.00029081940174296994,0.0,1260099993600,7017754624,910971371520,6838132736,1,1,True,0,0,0,0.1650670369466146,0.22192764282226562,0.06573994954427083,0.054187898068254206,0.05718358357747396,0.008556365966796875
ShareGPT_h64_R4_B16_c40_gate_s1_CA-rep_seed42,ShareGPT,64,4,16,40,gate,True,CA-rep,42,False,ShareGPT_h64_R4_B16_c40_gate_s0_CA-rep_seed42,OFF_to_ON,0.0023894738347414934,0.721636998437465,-351374671872,-15056896,-351940902912,-0.017879871369694156,0.0,1262289420288,6301343744,910914748416,6286286848,1,1,True,0,0,0,0.16544405619303384,0.22318140665690103,0.06619580586751302,0.054582714043226614,0.05811309814453125,0.008082707722981771
ShareGPT_h64_R4_B16_c40_gate_s1_CA_seed42,ShareGPT,64,4,16,40,gate,True,CA,42,False,ShareGPT_h64_R4_B16_c40_gate_s0_CA_seed42,OFF_to_ON,0.0023894738347414934,0.721636998437465,-351374671872,-15056896,-351940902912,-0.017879871369694156,0.0,1262289420288,6301343744,910914748416,6286286848,1,1,True,0,0,0,0.16544405619303384,0.22318140665690103,0.06619580586751302,0.054582714043226614,0.05811309814453125,0.008082707722981771
ShareGPT_h64_R4_B16_c40_lru_s1_BR_seed42,ShareGPT,64,4,16,40,lru,True,BR,42,False,ShareGPT_h64_R4_B16_c40_lru_s0_BR_seed42,OFF_to_ON,0.0925222250326076,0.782666144312273,-575885279232,-650260480,-576555319296,9.003577527755269e-06,0.0,2649772523520,7028154368,2073887244288,6377893888,1,1,True,0,0,0,0.8263390858968099,1.0,0.1662298838297526,0.1418385801142045,0.0004666646321614583,0.16576321919759116
ShareGPT_h64_R4_B16_c40_lru_s1_CA-rep_seed42,ShareGPT,64,4,16,40,lru,True,CA-rep,42,False,ShareGPT_h64_R4_B16_c40_lru_s0_CA-rep_seed42,OFF_to_ON,0.0633933877516592,0.7829759954412707,-575064244224,-338620416,-575734284288,-0.01976849231210298,0.0,2649772523520,5341573120,2074708279296,5002952704,1,1,True,0,0,0,0.8269774119059244,1.0,0.16611226399739584,0.14172454974693913,0.0005442301432291666,0.16556803385416666
ShareGPT_h64_R4_B16_c40_lru_s1_CA_seed42,ShareGPT,64,4,16,40,lru,True,CA,42,False,ShareGPT_h64_R4_B16_c40_lru_s0_CA_seed42,OFF_to_ON,0.0633933877516592,0.7829759954412707,-575064244224,-338620416,-575734284288,-0.01976849231210298,0.0,2649772523520,5341573120,2074708279296,5002952704,1,1,True,0,0,0,0.8269774119059244,1.0,0.16611226399739584,0.14172454974693913,0.0005442301432291666,0.16556803385416666
ShareGPT_h64_R4_B16_c50_gate_s1_BR_seed42,ShareGPT,64,4,16,50,gate,True,BR,42,False,ShareGPT_h64_R4_B16_c50_gate_s0_BR_seed42,OFF_to_ON,0.01576595112560988,0.6994657571458754,-281898123264,-110637056,-282436042752,-0.0008949083652982082,0.0,937990029312,7017467904,656091906048,6906830848,1,1,True,0,0,0,0.10393460591634114,0.14400863647460938,0.050296783447265625,0.04146731476160579,0.045941670735677086,0.004355112711588542
ShareGPT_h64_R4_B16_c50_gate_s1_CA-rep_seed42,ShareGPT,64,4,16,50,gate,True,CA-rep,42,False,ShareGPT_h64_R4_B16_c50_gate_s0_CA-rep_seed42,OFF_to_ON,-0.0030145452283348207,0.6986741986390181,-282907901952,19451904,-283445821440,-0.015062331835904996,0.0,938877124608,6452682752,655969222656,6472134656,1,1,False,0,0,0,0.10432815551757812,0.1447010040283203,0.0504754384358724,0.041594596041427,0.04643058776855469,0.004044850667317708
ShareGPT_h64_R4_B16_c50_gate_s1_CA_seed42,ShareGPT,64,4,16,50,gate,True,CA,42,False,ShareGPT_h64_R4_B16_c50_gate_s0_CA_seed42,OFF_to_ON,-0.0030145452283348207,0.6986741986390181,-282907901952,19451904,-283445821440,-0.015062331835904996,0.0,938877124608,6452682752,655969222656,6472134656,1,1,False,0,0,0,0.10432815551757812,0.1447010040283203,0.0504754384358724,0.041594596041427,0.04643058776855469,0.004044850667317708
ShareGPT_h64_R4_B16_c50_lru_s1_BR_seed42,ShareGPT,64,4,16,50,lru,True,BR,42,False,ShareGPT_h64_R4_B16_c50_lru_s0_BR_seed42,OFF_to_ON,0.08935935842590542,0.7700775482973091,-604932931584,-628002816,-605602971648,-7.82255686848643e-05,0.0,2631030276096,7027834880,2026097344512,6399832064,1,1,True,0,0,0,0.7985153198242188,0.9883410135904948,0.16159629821777344,0.1378995690945202,0.0026378631591796875,0.15895843505859375
ShareGPT_h64_R4_B16_c50_lru_s1_CA-rep_seed42,ShareGPT,64,4,16,50,lru,True,CA-rep,42,False,ShareGPT_h64_R4_B16_c50_lru_s0_CA-rep_seed42,OFF_to_ON,0.05647932334424096,0.7706085478544304,-603715534848,-302227456,-604385574912,-0.02276928876494394,0.0,2631813562368,5351116800,2028098027520,5048889344,1,1,True,0,0,0,0.8002414703369141,0.9893767038981119,0.16143035888671875,0.13775807825679662,0.0023676554361979165,0.15906270345052084
ShareGPT_h64_R4_B16_c50_lru_s1_CA_seed42,ShareGPT,64,4,16,50,lru,True,CA,42,False,ShareGPT_h64_R4_B16_c50_lru_s0_CA_seed42,OFF_to_ON,0.05647932334424096,0.7706085478544304,-603715534848,-302227456,-604385574912,-0.02276928876494394,0.0,2631813562368,5351116800,2028098027520,5048889344,1,1,True,0,0,0,0.8002414703369141,0.9893767038981119,0.16143035888671875,0.13775807825679662,0.0023676554361979165,0.15906270345052084
ShareGPT_h64_R4_B16_c60_gate_s1_BR_seed42,ShareGPT,64,4,16,60,gate,True,BR,42,False,ShareGPT_h64_R4_B16_c60_gate_s0_BR_seed42,OFF_to_ON,0.009278654539614874,0.6664107207533503,-217300598784,-65081344,-217829081088,-0.0017119239735839953,0.0,651401625600,7014092800,434101026816,6949011456,1,1,True,0,0,0,0.06107775370279948,0.08868026733398438,0.039058685302734375,0.0321869763441025,0.037000020345052086,0.0020586649576822915
ShareGPT_h64_R4_B16_c60_gate_s1_CA-rep_seed42,ShareGPT,64,4,16,60,gate,True,CA-rep,42,False,ShareGPT_h64_R4_B16_c60_gate_s0_CA-rep_seed42,OFF_to_ON,-0.00018347825005286662,0.6677883851586534,-217074106368,1208320,-217593151488,-0.009896886748791078,0.0,653421182976,6585630720,436347076608,6586839040,1,1,False,0,0,0,0.0621026357014974,0.08971468607584636,0.039257049560546875,0.03234416562026023,0.037241617838541664,0.0020154317220052085
ShareGPT_h64_R4_B16_c60_gate_s1_CA_seed42,ShareGPT,64,4,16,60,gate,True,CA,42,False,ShareGPT_h64_R4_B16_c60_gate_s0_CA_seed42,OFF_to_ON,-0.00018347825005286662,0.6677883851586534,-217074106368,1208320,-217593151488,-0.009896886748791078,0.0,653421182976,6585630720,436347076608,6586839040,1,1,False,0,0,0,0.0621026357014974,0.08971468607584636,0.039257049560546875,0.03234416562026023,0.037241617838541664,0.0020154317220052085
ShareGPT_h64_R4_B16_c60_lru_s1_BR_seed42,ShareGPT,64,4,16,60,lru,True,BR,42,False,ShareGPT_h64_R4_B16_c60_lru_s0_BR_seed42,OFF_to_ON,0.061723258896706434,0.2814958889576518,-1840703864832,-433893376,-1841241784320,0.0006361428081025355,0.0,2561855717376,7029657600,721151852544,6595764224,1,1,True,0,0,0,0.24880091349283853,0.9514942169189453,0.11807060241699219,0.09982239370448934,0.05913734436035156,0.058933258056640625
ShareGPT_h64_R4_B16_c60_lru_s1_CA-rep_seed42,ShareGPT,64,4,16,60,lru,True,CA-rep,42,False,ShareGPT_h64_R4_B16_c60_lru_s0_CA-rep_seed42,OFF_to_ON,-0.10059883335462248,0.28193537462544815,-1840892608512,541941760,-1841439965184,-0.1113675652521755,0.0,2563686531072,5387157504,722793922560,5929099264,1,1,False,0,0,0,0.24967447916666666,0.9529310862223307,0.11824671427408855,0.09997112389783436,0.05869611104329427,0.05955060323079427
ShareGPT_h64_R4_B16_c60_lru_s1_CA_seed42,ShareGPT,64,4,16,60,lru,True,CA,42,False,ShareGPT_h64_R4_B16_c60_lru_s0_CA_seed42,OFF_to_ON,-0.10059883335462248,0.28193537462544815,-1840892608512,541941760,-1841439965184,-0.1113675652521755,0.0,2563686531072,5387157504,722793922560,5929099264,1,1,False,0,0,0,0.24967447916666666,0.9529310862223307,0.11824671427408855,0.09997112389783436,0.05869611104329427,0.05955060323079427
ShareGPT_h64_R4_B32_c30_gate_s1_BR_seed42,ShareGPT,64,4,32,30,gate,True,BR,42,False,ShareGPT_h64_R4_B32_c30_gate_s0_BR_seed42,OFF_to_ON,0.023937568647612817,0.767003323958067,-481579499520,-335646720,-482230665216,-0.0009232204492409801,0.0,2066894290944,14021754880,1585314791424,13686108160,1,1,True,0,0,0,0.2764962514241536,0.34127140045166016,0.06764380137125652,0.055709803187473934,0.04688898722330729,0.02075481414794922
ShareGPT_h64_R4_B32_c30_gate_s1_CA-rep_seed42,ShareGPT,64,4,32,30,gate,True,CA-rep,42,False,ShareGPT_h64_R4_B32_c30_gate_s0_CA-rep_seed42,OFF_to_ON,0.006162915501309258,0.7668437492874894,-482523217920,-77565952,-483174383616,-0.014719632529943405,0.0,2069527265280,12585918464,1587004047360,12508352512,1,1,True,0,0,0,0.2775271733601888,0.3428357442220052,0.06785519917805989,0.055888216639984785,0.046916961669921875,0.02093823750813802
ShareGPT_h64_R4_B32_c30_gate_s1_CA_seed42,ShareGPT,64,4,32,30,gate,True,CA,42,False,ShareGPT_h64_R4_B32_c30_gate_s0_CA_seed42,OFF_to_ON,0.006162915501309258,0.7668437492874894,-482523217920,-77565952,-483174383616,-0.014719632529943405,0.0,2069527265280,12585918464,1587004047360,12508352512,1,1,True,0,0,0,0.2775271733601888,0.3428357442220052,0.06785519917805989,0.055888216639984785,0.046916961669921875,0.02093823750813802
ShareGPT_h64_R4_B32_c30_lru_s1_BR_seed42,ShareGPT,64,4,32,30,lru,True,BR,42,False,ShareGPT_h64_R4_B32_c30_lru_s0_BR_seed42,OFF_to_ON,0.059256980927447335,0.8102300251328821,-589295517696,-832532480,-590003306496,-0.0004505827729654466,0.0,3105314832384,14049525760,2516019314688,13216993280,1,1,True,0,0,0,0.8745098114013672,1.0,0.1254901885986328,0.1059610540938678,0.0,0.1254901885986328
ShareGPT_h64_R4_B32_c30_lru_s1_CA-rep_seed42,ShareGPT,64,4,32,30,lru,True,CA-rep,42,False,ShareGPT_h64_R4_B32_c30_lru_s0_CA-rep_seed42,OFF_to_ON,0.04095565560287651,0.8102300251328821,-589295517696,-473104384,-590003306496,-0.013331309086724086,0.0,3105314832384,11551625216,2516019314688,11078520832,1,1,True,0,0,0,0.8745098114013672,1.0,0.1254901885986328,0.1059610540938678,0.0,0.1254901885986328
ShareGPT_h64_R4_B32_c30_lru_s1_CA_seed42,ShareGPT,64,4,32,30,lru,True,CA,42,False,ShareGPT_h64_R4_B32_c30_lru_s0_CA_seed42,OFF_to_ON,0.04095565560287651,0.8102300251328821,-589295517696,-473104384,-590003306496,-0.013331309086724086,0.0,3105314832384,11551625216,2516019314688,11078520832,1,1,True,0,0,0,0.8745098114013672,1.0,0.1254901885986328,0.1059610540938678,0.0,0.1254901885986328
ShareGPT_h64_R4_B32_c40_gate_s1_BR_seed42,ShareGPT,64,4,32,40,gate,True,BR,42,False,ShareGPT_h64_R4_B32_c40_gate_s0_BR_seed42,OFF_to_ON,0.017445663919440663,0.7517322235249012,-421662818304,-244674560,-422313984000,-0.00017812521497354017,0.0,1698419441664,14024949760,1276756623360,13780275200,1,1,True,0,0,0,0.18062337239583334,0.22826417287190756,0.051192919413248696,0.04220281179746133,0.03911050160725912,0.012082417805989584
ShareGPT_h64_R4_B32_c40_gate_s1_CA-rep_seed42,ShareGPT,64,4,32,40,gate,True,CA-rep,42,False,ShareGPT_h64_R4_B32_c40_gate_s0_CA-rep_seed42,OFF_to_ON,0.002540884798780783,0.7510234648027958,-423569129472,-32669696,-424210857984,-0.012096873772548533,0.0,1701241159680,12857606144,1277672030208,12824936448,1,1,True,0,0,0,0.18120257059733072,0.2295090357462565,0.05148442586263021,0.04244081147127924,0.039374987284342446,0.01210943857828776
ShareGPT_h64_R4_B32_c40_gate_s1_CA_seed42,ShareGPT,64,4,32,40,gate,True,CA,42,False,ShareGPT_h64_R4_B32_c40_gate_s0_CA_seed42,OFF_to_ON,0.002540884798780783,0.7510234648027958,-423569129472,-32669696,-424210857984,-0.012096873772548533,0.0,1701241159680,12857606144,1277672030208,12824936448,1,1,True,0,0,0,0.18120257059733072,0.2295090357462565,0.05148442586263021,0.04244081147127924,0.039374987284342446,0.01210943857828776
ShareGPT_h64_R4_B32_c40_lru_s1_BR_seed42,ShareGPT,64,4,32,40,lru,True,BR,42,False,ShareGPT_h64_R4_B32_c40_lru_s0_BR_seed42,OFF_to_ON,0.059186719765835,0.810093268216781,-589720190976,-831545344,-590427979776,-0.0005006799424131514,0.0,3105314832384,14049525760,2515594641408,13217980416,1,1,True,0,0,0,0.8743251164754232,1.0,0.1254444122314453,0.10592809075037074,6.993611653645833e-05,0.12537447611490884
ShareGPT_h64_R4_B32_c40_lru_s1_CA-rep_seed42,ShareGPT,64,4,32,40,lru,True,CA-rep,42,False,ShareGPT_h64_R4_B32_c40_lru_s0_CA-rep_seed42,OFF_to_ON,0.04087977502472324,0.8100841510890409,-589748502528,-472227840,-590456291328,-0.013365713680854152,0.0,3105314832384,11551625216,2515566329856,11079397376,1,1,True,0,0,0,0.8743031819661459,1.0,0.1254587173461914,0.10593594244730363,3.1153361002604164e-05,0.1254275639851888
ShareGPT_h64_R4_B32_c40_lru_s1_CA_seed42,ShareGPT,64,4,32,40,lru,True,CA,42,False,ShareGPT_h64_R4_B32_c40_lru_s0_CA_seed42,OFF_to_ON,0.04087977502472324,0.8100841510890409,-589748502528,-472227840,-590456291328,-0.013365713680854152,0.0,3105314832384,11551625216,2515566329856,11079397376,1,1,True,0,0,0,0.8743031819661459,1.0,0.1254587173461914,0.10593594244730363,3.1153361002604164e-05,0.1254275639851888
ShareGPT_h64_R4_B32_c50_gate_s1_BR_seed42,ShareGPT,64,4,32,50,gate,True,BR,42,False,ShareGPT_h64_R4_B32_c50_gate_s0_BR_seed42,OFF_to_ON,0.014494807081866885,0.7306612776467947,-362236870656,-203644928,-362869161984,0.0025397310078508484,0.0,1344911966208,14049509376,982675095552,13845864448,1,1,True,0,0,0,0.11464881896972656,0.14947636922200522,0.03915182749430338,0.032348395703060286,0.03234450022379557,0.0068073272705078125
ShareGPT_h64_R4_B32_c50_gate_s1_CA-rep_seed42,ShareGPT,64,4,32,50,gate,True,CA-rep,42,False,ShareGPT_h64_R4_B32_c50_gate_s0_CA-rep_seed42,OFF_to_ON,-0.0007318860553129002,0.7302018878369761,-363341021184,9560064,-363973312512,-0.010145227907944365,0.0,1346714468352,13062230016,983373447168,13071790080,1,1,False,0,0,0,0.11487070719401042,0.15026092529296875,0.03930536905924479,0.032475228299945265,0.03269513448079427,0.0066102345784505205
ShareGPT_h64_R4_B32_c50_gate_s1_CA_seed42,ShareGPT,64,4,32,50,gate,True,CA,42,False,ShareGPT_h64_R4_B32_c50_gate_s0_CA_seed42,OFF_to_ON,-0.0007318860553129002,0.7302018878369761,-363341021184,9560064,-363973312512,-0.010145227907944365,0.0,1346714468352,13062230016,983373447168,13071790080,1,1,False,0,0,0,0.11487070719401042,0.15026092529296875,0.03930536905924479,0.032475228299945265,0.03269513448079427,0.0066102345784505205
ShareGPT_h64_R4_B32_c50_lru_s1_BR_seed42,ShareGPT,64,4,32,50,lru,True,BR,42,False,ShareGPT_h64_R4_B32_c50_lru_s0_BR_seed42,OFF_to_ON,0.05933948677282613,0.807124123616096,-598940319744,-833691648,-599648108544,-0.0001684639096303786,0.0,3105314832384,14049525760,2506374512640,13215834112,1,1,True,0,0,0,0.8694108327229818,1.0,0.1246198018391927,0.10526553567965807,0.0002803802490234375,0.12433942159016927
ShareGPT_h64_R4_B32_c50_lru_s1_CA-rep_seed42,ShareGPT,64,4,32,50,lru,True,CA-rep,42,False,ShareGPT_h64_R4_B32_c50_lru_s0_CA-rep_seed42,OFF_to_ON,0.039572430671213354,0.8071849044676965,-598751576064,-457125888,-599459364864,-0.013888692537201208,0.0,3105314832384,11551625216,2506563256320,11094499328,1,1,True,0,0,0,0.8695780436197916,1.0,0.12458038330078125,0.10522971192434938,0.0002543131510416667,0.12432607014973958
ShareGPT_h64_R4_B32_c50_lru_s1_CA_seed42,ShareGPT,64,4,32,50,lru,True,CA,42,False,ShareGPT_h64_R4_B32_c50_lru_s0_CA_seed42,OFF_to_ON,0.039572430671213354,0.8071849044676965,-598751576064,-457125888,-599459364864,-0.013888692537201208,0.0,3105314832384,11551625216,2506563256320,11094499328,1,1,True,0,0,0,0.8695780436197916,1.0,0.12458038330078125,0.10522971192434938,0.0002543131510416667,0.12432607014973958
ShareGPT_h64_R4_B32_c60_gate_s1_BR_seed42,ShareGPT,64,4,32,60,gate,True,BR,42,False,ShareGPT_h64_R4_B32_c60_gate_s0_BR_seed42,OFF_to_ON,0.010911247996205391,0.69945217261237,-303396028416,-153395200,-304028319744,0.0005002573032820701,0.0,1009476698112,14058446848,706080669696,13905051648,1,1,True,0,0,0,0.06878725687662761,0.0943454106648763,0.02990563710530599,0.02473844609880002,0.0259097417195638,0.0039958953857421875
ShareGPT_h64_R4_B32_c60_gate_s1_CA-rep_seed42,ShareGPT,64,4,32,60,gate,True,CA-rep,42,False,ShareGPT_h64_R4_B32_c60_gate_s0_CA-rep_seed42,OFF_to_ON,-0.00040220026474569045,0.6991670246344059,-304018882560,5316608,-304651173888,-0.008116770267166673,0.0,1010590285824,13218807808,706571403264,13224124416,1,1,False,0,0,0,0.0689074198404948,0.09473133087158203,0.030124346415201824,0.02492365015777576,0.02609697977701823,0.004027366638183594
ShareGPT_h64_R4_B32_c60_gate_s1_CA_seed42,ShareGPT,64,4,32,60,gate,True,CA,42,False,ShareGPT_h64_R4_B32_c60_gate_s0_CA_seed42,OFF_to_ON,-0.00040220026474569045,0.6991670246344059,-304018882560,5316608,-304651173888,-0.008116770267166673,0.0,1010590285824,13218807808,706571403264,13224124416,1,1,False,0,0,0,0.0689074198404948,0.09473133087158203,0.030124346415201824,0.02492365015777576,0.02609697977701823,0.004027366638183594
ShareGPT_h64_R4_B32_c60_lru_s1_BR_seed42,ShareGPT,64,4,32,60,lru,True,BR,42,False,ShareGPT_h64_R4_B32_c60_lru_s0_BR_seed42,OFF_to_ON,0.058086435890015484,0.7981917590641131,-623514746880,-816377856,-624222535680,4.085175707274624e-05,0.0,3089639669760,14054535168,2466124922880,13238157312,1,1,True,0,0,0,0.8500178654988607,0.9925187428792318,0.12237898508707683,0.10343969669803102,0.00109100341796875,0.12128798166910808
ShareGPT_h64_R4_B32_c60_lru_s1_CA-rep_seed42,ShareGPT,64,4,32,60,lru,True,CA-rep,42,False,ShareGPT_h64_R4_B32_c60_lru_s0_CA-rep_seed42,OFF_to_ON,0.036595797433831276,0.7980210417016598,-624147038208,-423198720,-624854827008,-0.015219488489387867,0.0,3090158714880,11564134400,2466011676672,11140935680,1,1,True,0,0,0,0.8499202728271484,0.9928731918334961,0.12238025665283203,0.10343401840495021,0.0012502670288085938,0.12112998962402344
ShareGPT_h64_R4_B32_c60_lru_s1_CA_seed42,ShareGPT,64,4,32,60,lru,True,CA,42,False,ShareGPT_h64_R4_B32_c60_lru_s0_CA_seed42,OFF_to_ON,0.036595797433831276,0.7980210417016598,-624147038208,-423198720,-624854827008,-0.015219488489387867,0.0,3090158714880,11564134400,2466011676672,11140935680,1,1,True,0,0,0,0.8499202728271484,0.9928731918334961,0.12238025665283203,0.10343401840495021,0.0012502670288085938,0.12112998962402344
ShareGPT_h64_R4_B64_c30_gate_s1_BR_seed42,ShareGPT,64,4,64,30,gate,True,BR,42,False,ShareGPT_h64_R4_B64_c30_gate_s0_BR_seed42,OFF_to_ON,0.01616945331278225,0.8049702235438391,-459260559360,-453627904,-459628609536,0.00095007736012509,0.0,2354822774784,28054622208,1895562215424,27600994304,1,1,True,0,0,0,0.3079436620076497,0.3553277651468913,0.048281192779541016,0.039500931505795124,0.02856588363647461,0.019715309143066406
ShareGPT_h64_R4_B64_c30_gate_s1_CA-rep_seed42,ShareGPT,64,4,64,30,gate,True,CA-rep,42,False,ShareGPT_h64_R4_B64_c30_gate_s0_CA-rep_seed42,OFF_to_ON,0.006821825302269187,0.8065426872845217,-464941744128,-172380160,-465300357120,-0.0075163071766463085,0.9794921875,2403329900544,25268920320,1938388156416,25096540160,1,1,True,9,87,83,0.3243287404378255,0.3737265268961589,0.049899895985921226,0.04088223162271079,0.029178937276204426,0.020720958709716797
ShareGPT_h64_R4_B64_c30_gate_s1_CA_seed42,ShareGPT,64,4,64,30,gate,True,CA,42,False,ShareGPT_h64_R4_B64_c30_gate_s0_CA_seed42,OFF_to_ON,0.0062283017129934025,0.8048586236567746,-460147654656,-160632832,-460515704832,-0.00777471622910425,0.0,2358021980160,25790791680,1897874325504,25630158848,1,1,True,0,0,0,0.3099393844604492,0.35784165064493817,0.048722426096598305,0.039909700865356904,0.029078960418701172,0.019643465677897137
ShareGPT_h64_R4_B64_c30_lru_s1_BR_seed42,ShareGPT,64,4,64,30,lru,True,BR,42,False,ShareGPT_h64_R4_B64_c30_lru_s0_BR_seed42,OFF_to_ON,0.032253405056475705,0.8446875955843506,-527113912320,-906383360,-527481962496,0.00020401067650019367,0.0,3393894481920,28101943296,2866780569600,27195559936,1,1,True,0,0,0,0.9166048367818197,1.0,0.08339516321818034,0.06959203782174196,0.0,0.08339516321818034
ShareGPT_h64_R4_B64_c30_lru_s1_CA-rep_seed42,ShareGPT,64,4,64,30,lru,True,CA-rep,42,False,ShareGPT_h64_R4_B64_c30_lru_s0_CA-rep_seed42,OFF_to_ON,0.020278319731131002,0.8450126358948183,-527255470080,-491114496,-527481962496,-0.007837533582729816,-0.8990885416667425,3401925525504,24218697728,2874670055424,23727583232,1,1,True,836,0,899,0.9166048367818197,1.0,0.08339516321818034,0.06959203782174196,0.0,0.08339516321818034
ShareGPT_h64_R4_B64_c30_lru_s1_CA_seed42,ShareGPT,64,4,64,30,lru,True,CA,42,False,ShareGPT_h64_R4_B64_c30_lru_s0_CA_seed42,OFF_to_ON,0.020122173040558664,0.8446875955843506,-527113912320,-489828352,-527481962496,-0.008026389649003818,0.0,3393894481920,24342716416,2866780569600,23852888064,1,1,True,0,0,0,0.9166048367818197,1.0,0.08339516321818034,0.06959203782174196,0.0,0.08339516321818034
ShareGPT_h64_R4_B64_c40_gate_s1_BR_seed42,ShareGPT,64,4,64,40,gate,True,BR,42,False,ShareGPT_h64_R4_B64_c40_gate_s0_BR_seed42,OFF_to_ON,0.012227329244570078,0.7885758162515858,-418359803904,-343224320,-418727854080,0.0007722770528604261,0.0,1978769866752,28070260736,1560410062848,27727036416,1,1,True,0,0,0,0.2038288116455078,0.24055862426757812,0.03785101572672526,0.03095594173075249,0.02538156509399414,0.01246945063273112
ShareGPT_h64_R4_B64_c40_gate_s1_CA-rep_seed42,ShareGPT,64,4,64,40,gate,True,CA-rep,42,False,ShareGPT_h64_R4_B64_c40_gate_s0_CA-rep_seed42,OFF_to_ON,0.0045668623059360695,0.7912296497057677,-424531722240,-116416512,-424899772416,-0.0063004188012246165,-2.0,2033486659584,25491574784,1608954937344,25375158272,1,1,True,7,93,67,0.21855958302815756,0.25647449493408203,0.039689858754475914,0.0324214266007963,0.026232083638509113,0.013457775115966797
ShareGPT_h64_R4_B64_c40_gate_s1_CA_seed42,ShareGPT,64,4,64,40,gate,True,CA,42,False,ShareGPT_h64_R4_B64_c40_gate_s0_CA_seed42,OFF_to_ON,0.002965669194780686,0.7884344482305686,-419530014720,-77344768,-419898064896,-0.007306293652224238,0.0,1982978850816,26080038912,1563448836096,26002694144,1,1,True,0,0,0,0.2061885197957357,0.24323749542236328,0.03815126419067383,0.031150273460659735,0.025603453318277996,0.012547810872395834
ShareGPT_h64_R4_B64_c40_lru_s1_BR_seed42,ShareGPT,64,4,64,40,lru,True,BR,42,False,ShareGPT_h64_R4_B64_c40_lru_s0_BR_seed42,OFF_to_ON,0.032253405056475705,0.8446875955843506,-527113912320,-906383360,-527481962496,0.00020401067650019367,0.0,3393894481920,28101943296,2866780569600,27195559936,1,1,True,0,0,0,0.9166048367818197,1.0,0.08339516321818034,0.06959203782174196,0.0,0.08339516321818034
ShareGPT_h64_R4_B64_c40_lru_s1_CA-rep_seed42,ShareGPT,64,4,64,40,lru,True,CA-rep,42,False,ShareGPT_h64_R4_B64_c40_lru_s0_CA-rep_seed42,OFF_to_ON,0.020278319731131002,0.8450126358948183,-527255470080,-491114496,-527481962496,-0.007837533582729816,-1.207356770833485,3401925525504,24218697728,2874670055424,23727583232,1,1,True,836,0,874,0.9166048367818197,1.0,0.08339516321818034,0.06959203782174196,0.0,0.08339516321818034
ShareGPT_h64_R4_B64_c40_lru_s1_CA_seed42,ShareGPT,64,4,64,40,lru,True,CA,42,False,ShareGPT_h64_R4_B64_c40_lru_s0_CA_seed42,OFF_to_ON,0.020122173040558664,0.8446875955843506,-527113912320,-489828352,-527481962496,-0.008026389649003818,0.0,3393894481920,24342716416,2866780569600,23852888064,1,1,True,0,0,0,0.9166048367818197,1.0,0.08339516321818034,0.06959203782174196,0.0,0.08339516321818034
ShareGPT_h64_R4_B64_c50_gate_s1_BR_seed42,ShareGPT,64,4,64,50,gate,True,BR,42,False,ShareGPT_h64_R4_B64_c50_gate_s0_BR_seed42,OFF_to_ON,0.007419888767413969,0.7680341119415224,-373750235136,-208019456,-374108848128,-0.000686674979805374,0.0,1611229298688,28035387392,1237479063552,27827367936,1,1,True,0,0,0,0.12941424051920572,0.15754779179890951,0.028530438741048176,0.023361436980723353,0.02135292689005534,0.007177511850992839
ShareGPT_h64_R4_B64_c50_gate_s1_CA-rep_seed42,ShareGPT,64,4,64,50,gate,True,CA-rep,42,False,ShareGPT_h64_R4_B64_c50_gate_s0_CA-rep_seed42,OFF_to_ON,0.0025506342986875642,0.7710218532259524,-382083268608,-65298432,-382432444416,-0.005900638451182216,-0.008138020833484916,1668645126144,25600860160,1286561857536,25535561728,1,1,True,2,98,51,0.14063453674316406,0.1702416737874349,0.030711015065511067,0.02516015353388203,0.022577444712320965,0.008133570353190104
ShareGPT_h64_R4_B64_c50_gate_s1_CA_seed42,ShareGPT,64,4,64,50,gate,True,CA,42,False,ShareGPT_h64_R4_B64_c50_gate_s0_CA_seed42,OFF_to_ON,0.0020294136937015718,0.768030357069771,-374410838016,-53231616,-374769451008,-0.006095479632219014,0.0,1614051016704,26230046720,1239640178688,26176815104,1,1,True,0,0,0,0.1312373479207357,0.1594513257344564,0.029221852620442707,0.0239298507326251,0.021973450978597004,0.007248401641845703
ShareGPT_h64_R4_B64_c50_lru_s1_BR_seed42,ShareGPT,64,4,64,50,lru,True,BR,42,False,ShareGPT_h64_R4_B64_c50_lru_s0_BR_seed42,OFF_to_ON,0.03191583637305479,0.8436198314934794,-530737790976,-896897024,-531105841152,-2.3602036522407666e-07,0.0,3393894481920,28101943296,2863156690944,27205046272,1,1,True,0,0,0,0.9150786399841309,1.0,0.08308680852254231,0.06934717630302559,0.00016164779663085938,0.08292516072591145
ShareGPT_h64_R4_B64_c50_lru_s1_CA-rep_seed42,ShareGPT,64,4,64,50,lru,True,CA-rep,42,False,ShareGPT_h64_R4_B64_c50_lru_s0_CA-rep_seed42,OFF_to_ON,0.020019388550337167,0.844258088498423,-529822384128,-484843520,-529982816256,-0.00796533947910244,-1.455078125,3401925525504,24218697728,2872103141376,23733854208,1,1,True,829,7,871,0.9155885378519694,1.0,0.08316532770792644,0.06941084257963696,9.870529174804688e-05,0.08306662241617839
ShareGPT_h64_R4_B64_c50_lru_s1_CA_seed42,ShareGPT,64,4,64,50,lru,True,CA,42,False,ShareGPT_h64_R4_B64_c50_lru_s0_CA_seed42,OFF_to_ON,0.019809370481063078,0.843580902594333,-530869911552,-482213888,-531237961728,-0.008178396747148653,0.0,3393894481920,24342716416,2863024570368,23860502528,1,1,True,0,0,0,0.9150025049845377,1.0,0.08309745788574219,0.06935699246363594,8.88506571451823e-05,0.083008607228597
ShareGPT_h64_R4_B64_c60_gate_s1_BR_seed42,ShareGPT,64,4,64,60,gate,True,BR,42,False,ShareGPT_h64_R4_B64_c60_gate_s0_BR_seed42,OFF_to_ON,0.007252989854122493,0.7429529846404908,-321081311232,-203816960,-321439924224,-2.0672230780893752e-05,0.0,1249115111424,28101095424,928033800192,27897278464,1,1,True,0,0,0,0.07768789927164714,0.09879318873087566,0.021991570790608723,0.018095321996195943,0.01755841573079427,0.004433155059814453
ShareGPT_h64_R4_B64_c60_gate_s1_CA-rep_seed42,ShareGPT,64,4,64,60,gate,True,CA-rep,42,False,ShareGPT_h64_R4_B64_c60_gate_s0_CA-rep_seed42,OFF_to_ON,0.0005671307452158734,0.7461335290857928,-332896665600,-14532608,-333245841408,-0.005378743246505613,0.99609375,1311306153984,25624793088,978409488384,25610260480,1,1,True,1,103,43,0.08628431955973308,0.10884777704874675,0.023466110229492188,0.019285370118224444,0.018631776173909504,0.004834334055582683
ShareGPT_h64_R4_B64_c60_gate_s1_CA_seed42,ShareGPT,64,4,64,60,gate,True,CA,42,False,ShareGPT_h64_R4_B64_c60_gate_s0_CA_seed42,OFF_to_ON,0.001943268098718954,0.7418305329828816,-323506667520,-51097600,-323865280512,-0.00481398332921118,0.0,1253078728704,26294673408,929572061184,26243575808,1,1,True,0,0,0,0.07931884129842122,0.10047721862792969,0.02263339360555013,0.018630988514759837,0.018093268076578777,0.0045401255289713545
ShareGPT_h64_R4_B64_c60_lru_s1_BR_seed42,ShareGPT,64,4,64,60,lru,True,BR,42,False,ShareGPT_h64_R4_B64_c60_lru_s0_BR_seed42,OFF_to_ON,0.03105929718218876,0.8389855499852551,-546186461184,-872636416,-546554511360,-0.0002707107400549136,0.0,3392158040064,28095819776,2845971578880,27223183360,1,1,True,0,0,0,0.9066904385884603,0.9993529319763184,0.08214823404947917,0.06860806845882549,0.00040213267008463543,0.08174610137939453
ShareGPT_h64_R4_B64_c60_lru_s1_CA-rep_seed42,ShareGPT,64,4,64,60,lru,True,CA-rep,42,False,ShareGPT_h64_R4_B64_c60_lru_s0_CA-rep_seed42,OFF_to_ON,0.01897763209767009,0.8398516389622495,-544799195136,-459616256,-544431144960,-0.008536779202451217,-1.4296875,3401840590848,24218841088,2857041395712,23759224832,1,1,True,773,52,800,0.9083749453226725,0.9999796549479166,0.08229255676269531,0.06872645098325644,0.00044043858846028644,0.08185211817423503
ShareGPT_h64_R4_B64_c60_lru_s1_CA_seed42,ShareGPT,64,4,64,60,lru,True,CA,42,False,ShareGPT_h64_R4_B64_c60_lru_s0_CA_seed42,OFF_to_ON,0.018797230930174144,0.8391093998213903,-545761787904,-457633792,-546129838080,-0.00869534909950076,0.0,3392129728512,24345808896,2846367940608,23888175104,1,1,True,0,0,0,0.9070161183675131,0.9993637402852377,0.08211867014567058,0.0685933758829442,0.000518957773844401,0.08159971237182617
ShareGPT_h64_R4_B8_c30_gate_s1_BR_seed42,ShareGPT,64,4,8,30,gate,True,BR,42,False,ShareGPT_h64_R4_B8_c30_gate_s0_BR_seed42,OFF_to_ON,0.044350505707419295,0.7230683854904872,-348496330752,-155865088,-349289054208,0.0012138308658074526,0.0,1258420174848,3514392576,909923844096,3358527488,1,1,True,0,0,0,0.25347900390625,0.34538014729817706,0.09572474161783855,0.08015963461342518,0.0836957295735677,0.012029012044270834
ShareGPT_h64_R4_B8_c30_gate_s1_CA-rep_seed42,ShareGPT,64,4,8,30,gate,True,CA-rep,42,False,ShareGPT_h64_R4_B8_c30_gate_s0_CA-rep_seed42,OFF_to_ON,0.006925187477855505,0.7197786171048203,-353582972928,-19374080,-354375696384,-0.028282275796967793,0.0,1261798686720,2797625344,908215713792,2778251264,1,1,True,0,0,0,0.25395838419596356,0.3480949401855469,0.09747823079427083,0.08156976942484898,0.08489990234375,0.012578328450520834
ShareGPT_h64_R4_B8_c30_gate_s1_CA_seed42,ShareGPT,64,4,8,30,gate,True,CA,42,False,ShareGPT_h64_R4_B8_c30_gate_s0_CA_seed42,OFF_to_ON,0.006925187477855505,0.7197786171048203,-353582972928,-19374080,-354375696384,-0.028282275796967793,0.0,1261798686720,2797625344,908215713792,2778251264,1,1,True,0,0,0,0.25395838419596356,0.3480949401855469,0.09747823079427083,0.08156976942484898,0.08489990234375,0.012578328450520834
ShareGPT_h64_R4_B8_c30_lru_s1_BR_seed42,ShareGPT,64,4,8,30,lru,True,BR,42,False,ShareGPT_h64_R4_B8_c30_lru_s0_BR_seed42,OFF_to_ON,0.12386257215940064,0.7653301008630033,-535305388032,-435560448,-536305729536,-0.00010503579437542987,0.0,2281099493376,3516481536,1745794105344,3080921088,1,1,True,0,0,0,0.7955754597981771,1.0,0.2011591593424479,0.17354924674070402,0.0004221598307291667,0.20073699951171875
ShareGPT_h64_R4_B8_c30_lru_s1_CA-rep_seed42,ShareGPT,64,4,8,30,lru,True,CA-rep,42,False,ShareGPT_h64_R4_B8_c30_lru_s0_CA-rep_seed42,OFF_to_ON,0.07724595636025171,0.7655452311409352,-534814654464,-177442816,-535814995968,-0.026986812802458404,0.0,2281099493376,2297114624,1746284838912,2119671808,1,1,True,0,0,0,0.7962086995442709,1.0,0.20111211140950522,0.1735087265246464,0.0003751118977864583,0.20073699951171875
ShareGPT_h64_R4_B8_c30_lru_s1_CA_seed42,ShareGPT,64,4,8,30,lru,True,CA,42,False,ShareGPT_h64_R4_B8_c30_lru_s0_CA_seed42,OFF_to_ON,0.07724595636025171,0.7655452311409352,-534814654464,-177442816,-535814995968,-0.026986812802458404,0.0,2281099493376,2297114624,1746284838912,2119671808,1,1,True,0,0,0,0.7962086995442709,1.0,0.20111211140950522,0.1735087265246464,0.0003751118977864583,0.20073699951171875
ShareGPT_h64_R4_B8_c40_gate_s1_BR_seed42,ShareGPT,64,4,8,40,gate,True,BR,42,False,ShareGPT_h64_R4_B8_c40_gate_s0_BR_seed42,OFF_to_ON,0.028841164164725538,0.7078870496592016,-274622054400,-101531648,-275414777856,0.0004664937387821866,0.0,940122832896,3520372736,665500778496,3418841088,1,1,True,0,0,0,0.16332499186197916,0.22861353556315103,0.06983057657877605,0.05812021834445891,0.06498463948567708,0.004845937093098958
ShareGPT_h64_R4_B8_c40_gate_s1_CA-rep_seed42,ShareGPT,64,4,8,40,gate,True,CA-rep,42,False,ShareGPT_h64_R4_B8_c40_gate_s0_CA-rep_seed42,OFF_to_ON,-0.004285565257599125,0.7025393712604806,-280567480320,12451840,-281360203776,-0.024422769428654345,0.0,943208792064,2905530368,662641311744,2917982208,1,1,False,0,0,0,0.16385269165039062,0.23127237955729166,0.07231394449869792,0.06022890623308985,0.0673980712890625,0.004915873209635417
ShareGPT_h64_R4_B8_c40_gate_s1_CA_seed42,ShareGPT,64,4,8,40,gate,True,CA,42,False,ShareGPT_h64_R4_B8_c40_gate_s0_CA_seed42,OFF_to_ON,-0.004285565257599125,0.7025393712604806,-280567480320,12451840,-281360203776,-0.024422769428654345,0.0,943208792064,2905530368,662641311744,2917982208,1,1,False,0,0,0,0.16385269165039062,0.23127237955729166,0.07231394449869792,0.06022890623308985,0.0673980712890625,0.004915873209635417
ShareGPT_h64_R4_B8_c40_lru_s1_BR_seed42,ShareGPT,64,4,8,40,lru,True,BR,42,False,ShareGPT_h64_R4_B8_c40_lru_s0_BR_seed42,OFF_to_ON,0.12058317621177696,0.7531296176387574,-561295392768,-424108032,-562295734272,-0.000175834402391023,0.0,2273644118016,3517140992,1712348725248,3093032960,1,1,True,0,0,0,0.7724405924479166,0.9946149190266927,0.19736862182617188,0.17024399119700015,0.002758026123046875,0.194610595703125
ShareGPT_h64_R4_B8_c40_lru_s1_CA-rep_seed42,ShareGPT,64,4,8,40,lru,True,CA-rep,42,False,ShareGPT_h64_R4_B8_c40_lru_s0_CA-rep_seed42,OFF_to_ON,0.069266282180528,0.7532411480553112,-561134960640,-159289344,-562135302144,-0.030422459526496914,0.0,2274021605376,2299666432,1712886644736,2140377088,1,1,True,0,0,0,0.7729810078938802,0.9950180053710938,0.1971257527669271,0.17003863711131842,0.00283050537109375,0.19429524739583334
ShareGPT_h64_R4_B8_c40_lru_s1_CA_seed42,ShareGPT,64,4,8,40,lru,True,CA,42,False,ShareGPT_h64_R4_B8_c40_lru_s0_CA_seed42,OFF_to_ON,0.069266282180528,0.7532411480553112,-561134960640,-159289344,-562135302144,-0.030422459526496914,0.0,2274021605376,2299666432,1712886644736,2140377088,1,1,True,0,0,0,0.7729810078938802,0.9950180053710938,0.1971257527669271,0.17003863711131842,0.00283050537109375,0.19429524739583334
ShareGPT_h64_R4_B8_c50_gate_s1_BR_seed42,ShareGPT,64,4,8,50,gate,True,BR,42,False,ShareGPT_h64_R4_B8_c50_gate_s0_BR_seed42,OFF_to_ON,0.01933680069144984,0.6844303635614531,-209618731008,-67903488,-210354831360,0.0014574857803157093,0.0,664255070208,3511619584,454636339200,3443716096,1,1,True,0,0,0,0.09939066569010417,0.1446406046549479,0.050547281901041664,0.04199358306915044,0.048329671223958336,0.0022176106770833335
ShareGPT_h64_R4_B8_c50_gate_s1_CA-rep_seed42,ShareGPT,64,4,8,50,gate,True,CA-rep,42,False,ShareGPT_h64_R4_B8_c50_gate_s0_CA-rep_seed42,OFF_to_ON,-0.0025256673511293635,0.681649426101743,-212015775744,7557120,-212751876096,-0.017318409888132213,0.0,665982074880,2992128000,453966299136,2999685120,1,1,False,0,0,0,0.10038375854492188,0.1465784708658854,0.052241007486979164,0.04339493607897577,0.049840291341145836,0.0024007161458333335
ShareGPT_h64_R4_B8_c50_gate_s1_CA_seed42,ShareGPT,64,4,8,50,gate,True,CA,42,False,ShareGPT_h64_R4_B8_c50_gate_s0_CA_seed42,OFF_to_ON,-0.0025256673511293635,0.681649426101743,-212015775744,7557120,-212751876096,-0.017318409888132213,0.0,665982074880,2992128000,453966299136,2999685120,1,1,False,0,0,0,0.10038375854492188,0.1465784708658854,0.052241007486979164,0.04339493607897577,0.049840291341145836,0.0024007161458333335
ShareGPT_h64_R4_B8_c50_lru_s1_BR_seed42,ShareGPT,64,4,8,50,lru,True,BR,42,False,ShareGPT_h64_R4_B8_c50_lru_s0_BR_seed42,OFF_to_ON,0.09348927103587189,0.29775142290775136,-1557946957824,-328896512,-1558834053120,0.001044335320938422,0.0,2218512089088,3518013440,660565131264,3189116928,1,1,True,0,0,0,0.2591387430826823,0.9581527709960938,0.15893046061197916,0.13542554733454687,0.0772844950358073,0.08164596557617188
ShareGPT_h64_R4_B8_c50_lru_s1_CA-rep_seed42,ShareGPT,64,4,8,50,lru,True,CA-rep,42,False,ShareGPT_h64_R4_B8_c50_lru_s0_CA-rep_seed42,OFF_to_ON,-0.13682937166672554,0.2982204680203132,-1557144797184,317362176,-1558003580928,-0.13736976042890564,0.0,2218851827712,2319400960,661707030528,2636763136,1,1,False,0,0,0,0.26108042399088544,0.9584299723307291,0.1592280069986979,0.1357333015482283,0.0782928466796875,0.08093516031901042
ShareGPT_h64_R4_B8_c50_lru_s1_CA_seed42,ShareGPT,64,4,8,50,lru,True,CA,42,False,ShareGPT_h64_R4_B8_c50_lru_s0_CA_seed42,OFF_to_ON,-0.13682937166672554,0.2982204680203132,-1557144797184,317362176,-1558003580928,-0.13736976042890564,0.0,2218851827712,2319400960,661707030528,2636763136,1,1,False,0,0,0,0.26108042399088544,0.9584299723307291,0.1592280069986979,0.1357333015482283,0.0782928466796875,0.08093516031901042
ShareGPT_h64_R4_B8_c60_gate_s1_BR_seed42,ShareGPT,64,4,8,60,gate,True,BR,42,False,ShareGPT_h64_R4_B8_c60_gate_s0_BR_seed42,OFF_to_ON,0.012598250728862974,0.6487220378431964,-153826099200,-44249088,-154552762368,0.00019138293624765268,0.0,437904211968,3512320000,284078112768,3468070912,1,1,True,0,0,0,0.05564244588216146,0.08611043294270833,0.036272684733072914,0.030066338076349668,0.035153706868489586,0.0011189778645833333
ShareGPT_h64_R4_B8_c60_gate_s1_CA-rep_seed42,ShareGPT,64,4,8,60,gate,True,CA-rep,42,False,ShareGPT_h64_R4_B8_c60_gate_s0_CA-rep_seed42,OFF_to_ON,-0.0041276533954318845,0.6422591447707368,-157270671360,12574720,-157997334528,-0.013430263822890198,0.0,439621779456,3046457344,282351108096,3059032064,1,1,False,0,0,0,0.056256612141927086,0.0877367655436198,0.037465413411458336,0.03101215375481355,0.036266326904296875,0.0011990865071614583
ShareGPT_h64_R4_B8_c60_gate_s1_CA_seed42,ShareGPT,64,4,8,60,gate,True,CA,42,False,ShareGPT_h64_R4_B8_c60_gate_s0_CA_seed42,OFF_to_ON,-0.0041276533954318845,0.6422591447707368,-157270671360,12574720,-157997334528,-0.013430263822890198,0.0,439621779456,3046457344,282351108096,3059032064,1,1,False,0,0,0,0.056256612141927086,0.0877367655436198,0.037465413411458336,0.03101215375481355,0.036266326904296875,0.0011990865071614583
ShareGPT_h64_R4_B8_c60_lru_s1_BR_seed42,ShareGPT,64,4,8,60,lru,True,BR,42,False,ShareGPT_h64_R4_B8_c60_lru_s0_BR_seed42,OFF_to_ON,0.02677560887000992,0.11651651651651651,-1693615915008,-94187520,-1694257643520,3.388397831852186e-05,0.0,1916975185920,3517661184,223359270912,3423473664,1,1,True,0,0,0,0.05081939697265625,0.8068135579427084,0.06700770060221355,0.05413110142181736,0.06281534830729167,0.004192352294921875
ShareGPT_h64_R4_B8_c60_lru_s1_CA-rep_seed42,ShareGPT,64,4,8,60,lru,True,CA-rep,42,False,ShareGPT_h64_R4_B8_c60_lru_s0_CA-rep_seed42,OFF_to_ON,-0.2623057724144306,0.11796546391244817,-1690039222272,639254528,-1690680950784,-0.1723267475978798,0.0,1916069216256,2437058560,226029993984,3076313088,1,1,False,0,0,0,0.051943461100260414,0.8062909444173177,0.06652450561523438,0.05386375690661121,0.062304178873697914,0.004220326741536458
ShareGPT_h64_R4_B8_c60_lru_s1_CA_seed42,ShareGPT,64,4,8,60,lru,True,CA,42,False,ShareGPT_h64_R4_B8_c60_lru_s0_CA_seed42,OFF_to_ON,-0.2623057724144306,0.11796546391244817,-1690039222272,639254528,-1690680950784,-0.1723267475978798,0.0,1916069216256,2437058560,226029993984,3076313088,1,1,False,0,0,0,0.051943461100260414,0.8062909444173177,0.06652450561523438,0.05386375690661121,0.062304178873697914,0.004220326741536458
ShareGPT_h64_R8_B16_c30_gate_s1_BR_seed42,ShareGPT,64,8,16,30,gate,True,BR,42,False,ShareGPT_h64_R8_B16_c30_gate_s0_BR_seed42,OFF_to_ON,0.02799894310568002,0.7672806017779804,-481739931648,-523886592,-482391097344,0.0009267878028226956,0.0,2070046310400,18710941696,1588306378752,18187055104,1,1,True,0,0,0,0.2773214975992839,0.34219614664713544,0.06726328531901042,0.0553789695840571,0.04668299357096354,0.020580291748046875
ShareGPT_h64_R8_B16_c30_gate_s1_CA-rep_seed42,ShareGPT,64,8,16,30,gate,True,CA-rep,42,False,ShareGPT_h64_R8_B16_c30_gate_s0_CA-rep_seed42,OFF_to_ON,0.008592484222999295,0.7670787247885491,-483127197696,-143282176,-483778363392,-0.01565221230115099,0.0,2074208108544,16675291136,1591080910848,16532008960,1,1,True,0,0,0,0.2793159484863281,0.34495989481608075,0.06724993387858073,0.055295697265462955,0.04665088653564453,0.0205990473429362
ShareGPT_h64_R8_B16_c30_gate_s1_CA_seed42,ShareGPT,64,8,16,30,gate,True,CA,42,False,ShareGPT_h64_R8_B16_c30_gate_s0_CA_seed42,OFF_to_ON,0.008592484222999295,0.7670787247885491,-483127197696,-143282176,-483778363392,-0.01565221230115099,0.0,2074208108544,16675291136,1591080910848,16532008960,1,1,True,0,0,0,0.2793159484863281,0.34495989481608075,0.06724993387858073,0.055295697265462955,0.04665088653564453,0.0205990473429362
ShareGPT_h64_R8_B16_c30_lru_s1_BR_seed42,ShareGPT,64,8,16,30,lru,True,BR,42,False,ShareGPT_h64_R8_B16_c30_lru_s0_BR_seed42,OFF_to_ON,0.06335097113815734,0.8102300251328821,-589295517696,-1192595456,-590003306496,-0.00013198619629718744,0.0,3105314832384,18825211904,2516019314688,17632616448,1,1,True,0,0,0,0.8745098114013672,1.0,0.1254901885986328,0.1059610540938678,0.0,0.1254901885986328
ShareGPT_h64_R8_B16_c30_lru_s1_CA-rep_seed42,ShareGPT,64,8,16,30,lru,True,CA-rep,42,False,ShareGPT_h64_R8_B16_c30_lru_s0_CA-rep_seed42,OFF_to_ON,0.04075195277008664,0.8102300251328821,-589295517696,-620040192,-590003306496,-0.014976163098208983,0.0,3105314832384,15214981120,2516019314688,14594940928,1,1,True,0,0,0,0.8745098114013672,1.0,0.1254901885986328,0.1059610540938678,0.0,0.1254901885986328
ShareGPT_h64_R8_B16_c30_lru_s1_CA_seed42,ShareGPT,64,8,16,30,lru,True,CA,42,False,ShareGPT_h64_R8_B16_c30_lru_s0_CA_seed42,OFF_to_ON,0.04075195277008664,0.8102300251328821,-589295517696,-620040192,-590003306496,-0.014976163098208983,0.0,3105314832384,15214981120,2516019314688,14594940928,1,1,True,0,0,0,0.8745098114013672,1.0,0.1254901885986328,0.1059610540938678,0.0,0.1254901885986328
ShareGPT_h64_R8_B16_c40_gate_s1_BR_seed42,ShareGPT,64,8,16,40,gate,True,BR,42,False,ShareGPT_h64_R8_B16_c40_gate_s0_BR_seed42,OFF_to_ON,0.01785023613878955,0.751468231301194,-422927400960,-334782464,-423578566656,0.0006524664311398365,0.0,1701703581696,18755072000,1278776180736,18420289536,1,1,True,0,0,0,0.18059984842936197,0.22862815856933594,0.05070050557454427,0.04178286987787637,0.03856722513834635,0.012133280436197916
ShareGPT_h64_R8_B16_c40_gate_s1_CA-rep_seed42,ShareGPT,64,8,16,40,gate,True,CA-rep,42,False,ShareGPT_h64_R8_B16_c40_gate_s0_CA-rep_seed42,OFF_to_ON,0.0040100501882843875,0.7511233343662844,-424437350400,-68157440,-425079078912,-0.013210064950986006,0.0,1705412395008,16996655104,1280975044608,16928497664,1,1,True,0,0,0,0.18233521779378256,0.23079554239908853,0.051134745279947914,0.04210365913310944,0.038889567057291664,0.01224517822265625
ShareGPT_h64_R8_B16_c40_gate_s1_CA_seed42,ShareGPT,64,8,16,40,gate,True,CA,42,False,ShareGPT_h64_R8_B16_c40_gate_s0_CA_seed42,OFF_to_ON,0.0040100501882843875,0.7511233343662844,-424437350400,-68157440,-425079078912,-0.013210064950986006,0.0,1705412395008,16996655104,1280975044608,16928497664,1,1,True,0,0,0,0.18233521779378256,0.23079554239908853,0.051134745279947914,0.04210365913310944,0.038889567057291664,0.01224517822265625
ShareGPT_h64_R8_B16_c40_lru_s1_BR_seed42,ShareGPT,64,8,16,40,lru,True,BR,42,False,ShareGPT_h64_R8_B16_c40_lru_s0_BR_seed42,OFF_to_ON,0.0632497961814178,0.8100446435355005,-589871185920,-1190690816,-590578974720,-0.00014421469808882648,0.0,3105314832384,18825211904,2515443646464,17634521088,1,1,True,0,0,0,0.8742399215698242,1.0,0.12540245056152344,0.10589497932607987,7.62939453125e-05,0.12532615661621094
ShareGPT_h64_R8_B16_c40_lru_s1_CA-rep_seed42,ShareGPT,64,8,16,40,lru,True,CA-rep,42,False,ShareGPT_h64_R8_B16_c40_lru_s0_CA-rep_seed42,OFF_to_ON,0.04065396092979181,0.8100385654503405,-589890060288,-618549248,-590597849088,-0.015013441612187595,0.0,3105314832384,15214981120,2515424772096,14596431872,1,1,True,0,0,0,0.8743184407552084,1.0,0.12542851765950522,0.10592155004964803,8.837381998697917e-05,0.12534014383951822
ShareGPT_h64_R8_B16_c40_lru_s1_CA_seed42,ShareGPT,64,8,16,40,lru,True,CA,42,False,ShareGPT_h64_R8_B16_c40_lru_s0_CA_seed42,OFF_to_ON,0.04065396092979181,0.8100385654503405,-589890060288,-618549248,-590597849088,-0.015013441612187595,0.0,3105314832384,15214981120,2515424772096,14596431872,1,1,True,0,0,0,0.8743184407552084,1.0,0.12542851765950522,0.10592155004964803,8.837381998697917e-05,0.12534014383951822
ShareGPT_h64_R8_B16_c50_gate_s1_BR_seed42,ShareGPT,64,8,16,50,gate,True,BR,42,False,ShareGPT_h64_R8_B16_c50_gate_s0_BR_seed42,OFF_to_ON,0.013543934237019505,0.731284575419112,-361680076800,-253976576,-362312368128,0.000769513696175575,0.0,1345959493632,18752053248,984279416832,18498076672,1,1,True,0,0,0,0.11414496103922527,0.14899667104085287,0.038329760233561196,0.031679823957578665,0.03157520294189453,0.006754557291666667
ShareGPT_h64_R8_B16_c50_gate_s1_CA-rep_seed42,ShareGPT,64,8,16,50,gate,True,CA-rep,42,False,ShareGPT_h64_R8_B16_c50_gate_s0_CA-rep_seed42,OFF_to_ON,0.00019105291117468953,0.728397391541381,-366719533056,-3284992,-367351824384,-0.010591987065779157,0.0,1350206226432,17194147840,983486693376,17190862848,1,1,True,0,0,0,0.1150197982788086,0.15094312032063803,0.03906059265136719,0.03223703925655876,0.03227456410725912,0.006786028544108073
ShareGPT_h64_R8_B16_c50_gate_s1_CA_seed42,ShareGPT,64,8,16,50,gate,True,CA,42,False,ShareGPT_h64_R8_B16_c50_gate_s0_CA_seed42,OFF_to_ON,0.00019105291117468953,0.728397391541381,-366719533056,-3284992,-367351824384,-0.010591987065779157,0.0,1350206226432,17194147840,983486693376,17190862848,1,1,True,0,0,0,0.1150197982788086,0.15094312032063803,0.03906059265136719,0.03223703925655876,0.03227456410725912,0.006786028544108073
ShareGPT_h64_R8_B16_c50_lru_s1_BR_seed42,ShareGPT,64,8,16,50,lru,True,BR,42,False,ShareGPT_h64_R8_B16_c50_lru_s0_BR_seed42,OFF_to_ON,0.06310613491432844,0.8070980525637597,-599015817216,-1187966976,-599723606016,0.00011571386066408507,0.0,3105286520832,18824904704,2506270703616,17636937728,1,1,True,0,0,0,0.8693898518880209,0.9999834696451823,0.12462329864501953,0.10526856683452335,0.00030295054117838543,0.12432034810384114
ShareGPT_h64_R8_B16_c50_lru_s1_CA-rep_seed42,ShareGPT,64,8,16,50,lru,True,CA-rep,42,False,ShareGPT_h64_R8_B16_c50_lru_s0_CA-rep_seed42,OFF_to_ON,0.03945477946926822,0.8073301929797903,-598298591232,-600305664,-599006380032,-0.015564878981469299,0.0,3105305395200,15215030272,2507006803968,14614724608,1,1,True,0,0,0,0.869807243347168,0.9999965031941732,0.1245565414428711,0.10521170132616584,0.0003293355305989583,0.12422720591227214
ShareGPT_h64_R8_B16_c50_lru_s1_CA_seed42,ShareGPT,64,8,16,50,lru,True,CA,42,False,ShareGPT_h64_R8_B16_c50_lru_s0_CA_seed42,OFF_to_ON,0.03945477946926822,0.8073301929797903,-598298591232,-600305664,-599006380032,-0.015564878981469299,0.0,3105305395200,15215030272,2507006803968,14614724608,1,1,True,0,0,0,0.869807243347168,0.9999965031941732,0.1245565414428711,0.10521170132616584,0.0003293355305989583,0.12422720591227214
ShareGPT_h64_R8_B16_c60_gate_s1_BR_seed42,ShareGPT,64,8,16,60,gate,True,BR,42,False,ShareGPT_h64_R8_B16_c60_gate_s0_BR_seed42,OFF_to_ON,0.011194291628084318,0.701340838538355,-301433094144,-210448384,-302065385472,0.0022085712683966308,0.0,1009287954432,18799616000,707854860288,18589167616,1,1,True,0,0,0,0.06821886698404948,0.09343369801839192,0.028700510660807293,0.0238096107166294,0.024911880493164062,0.003788630167643229
ShareGPT_h64_R8_B16_c60_gate_s1_CA-rep_seed42,ShareGPT,64,8,16,60,gate,True,CA-rep,42,False,ShareGPT_h64_R8_B16_c60_gate_s0_CA-rep_seed42,OFF_to_ON,0.0003889455495100088,0.6980807017870613,-305962942464,-6754304,-306604670976,-0.008780217416567121,0.0,1013393129472,17365680128,707430187008,17358925824,1,1,True,0,0,0,0.06921068827311198,0.09503777821858723,0.029500643412272137,0.02446359696958383,0.02538903554280599,0.0041116078694661455
ShareGPT_h64_R8_B16_c60_gate_s1_CA_seed42,ShareGPT,64,8,16,60,gate,True,CA,42,False,ShareGPT_h64_R8_B16_c60_gate_s0_CA_seed42,OFF_to_ON,0.0003889455495100088,0.6980807017870613,-305962942464,-6754304,-306604670976,-0.008780217416567121,0.0,1013393129472,17365680128,707430187008,17358925824,1,1,True,0,0,0,0.06921068827311198,0.09503777821858723,0.029500643412272137,0.02446359696958383,0.02538903554280599,0.0041116078694661455
ShareGPT_h64_R8_B16_c60_lru_s1_BR_seed42,ShareGPT,64,8,16,60,lru,True,BR,42,False,ShareGPT_h64_R8_B16_c60_lru_s0_BR_seed42,OFF_to_ON,0.06169956512144259,0.7981936634667367,-623533621248,-1161216000,-624241410048,0.0002200517981586353,0.0,3089762353152,18820489216,2466228731904,17659273216,1,1,True,0,0,0,0.8501443862915039,0.9925797780354818,0.12240155537923177,0.10346040131115934,0.0011727015177408855,0.12122885386149089
ShareGPT_h64_R8_B16_c60_lru_s1_CA-rep_seed42,ShareGPT,64,8,16,60,lru,True,CA-rep,42,False,ShareGPT_h64_R8_B16_c60_lru_s0_CA-rep_seed42,OFF_to_ON,0.03648438905672729,0.7978297574811997,-624883138560,-555646976,-625590927360,-0.01701066846783389,0.0,3090875940864,15229718528,2465992802304,14674071552,1,1,True,0,0,0,0.8497085571289062,0.9932870864868164,0.1222982406616211,0.10336409819315204,0.0015532175699869792,0.12074502309163411
ShareGPT_h64_R8_B16_c60_lru_s1_CA_seed42,ShareGPT,64,8,16,60,lru,True,CA,42,False,ShareGPT_h64_R8_B16_c60_lru_s0_CA_seed42,OFF_to_ON,0.03648438905672729,0.7978297574811997,-624883138560,-555646976,-625590927360,-0.01701066846783389,0.0,3090875940864,15229718528,2465992802304,14674071552,1,1,True,0,0,0,0.8497085571289062,0.9932870864868164,0.1222982406616211,0.10336409819315204,0.0015532175699869792,0.12074502309163411
ShareGPT_h64_R8_B32_c30_gate_s1_BR_seed42,ShareGPT,64,8,32,30,gate,True,BR,42,False,ShareGPT_h64_R8_B32_c30_gate_s0_BR_seed42,OFF_to_ON,0.01648241540055532,0.8051352443763231,-459524800512,-617521152,-459892850688,0.0002837221673174517,0.0,2358172975104,37465452544,1898648174592,36847931392,1,1,True,0,0,0,0.3072703679402669,0.3548744519551595,0.048435370127360024,0.039578024144970594,0.028960386912027996,0.01947498321533203
ShareGPT_h64_R8_B32_c30_gate_s1_CA-rep_seed42,ShareGPT,64,8,32,30,gate,True,CA-rep,42,False,ShareGPT_h64_R8_B32_c30_gate_s0_CA-rep_seed42,OFF_to_ON,0.004686302522034493,0.8048289497333893,-461138558976,-160346112,-461506609152,-0.009174561813373672,0.0,2362740572160,34215911424,1901602013184,34055565312,1,1,True,0,0,0,0.31098175048828125,0.35930363337198895,0.048843065897623696,0.03990813647296741,0.029327233632405598,0.019515832265218098
ShareGPT_h64_R8_B32_c30_gate_s1_CA_seed42,ShareGPT,64,8,32,30,gate,True,CA,42,False,ShareGPT_h64_R8_B32_c30_gate_s0_CA_seed42,OFF_to_ON,0.004686302522034493,0.8048289497333893,-461138558976,-160346112,-461506609152,-0.009174561813373672,0.0,2362740572160,34215911424,1901602013184,34055565312,1,1,True,0,0,0,0.31098175048828125,0.35930363337198895,0.048843065897623696,0.03990813647296741,0.029327233632405598,0.019515832265218098
ShareGPT_h64_R8_B32_c30_lru_s1_BR_seed42,ShareGPT,64,8,32,30,lru,True,BR,42,False,ShareGPT_h64_R8_B32_c30_lru_s0_BR_seed42,OFF_to_ON,0.033118794459069345,0.8446875955843506,-527113912320,-1245814784,-527481962496,-0.00017493159538718717,0.0,3393894481920,37616549888,2866780569600,36370735104,1,1,True,0,0,0,0.9166048367818197,1.0,0.08339516321818034,0.06959203782174196,0.0,0.08339516321818034
ShareGPT_h64_R8_B32_c30_lru_s1_CA-rep_seed42,ShareGPT,64,8,32,30,lru,True,CA-rep,42,False,ShareGPT_h64_R8_B32_c30_lru_s0_CA-rep_seed42,OFF_to_ON,0.01983849086775383,0.8446875955843506,-527113912320,-641085440,-527481962496,-0.008759648058882685,0.0,3393894481920,32315232256,2866780569600,31674146816,1,1,True,0,0,0,0.9166048367818197,1.0,0.08339516321818034,0.06959203782174196,0.0,0.08339516321818034
ShareGPT_h64_R8_B32_c30_lru_s1_CA_seed42,ShareGPT,64,8,32,30,lru,True,CA,42,False,ShareGPT_h64_R8_B32_c30_lru_s0_CA_seed42,OFF_to_ON,0.01983849086775383,0.8446875955843506,-527113912320,-641085440,-527481962496,-0.008759648058882685,0.0,3393894481920,32315232256,2866780569600,31674146816,1,1,True,0,0,0,0.9166048367818197,1.0,0.08339516321818034,0.06959203782174196,0.0,0.08339516321818034
ShareGPT_h64_R8_B32_c40_gate_s1_BR_seed42,ShareGPT,64,8,32,40,gate,True,BR,42,False,ShareGPT_h64_R8_B32_c40_gate_s0_BR_seed42,OFF_to_ON,0.01464249084585021,0.7878601880400442,-420756848640,-549330944,-421115461632,-0.00012899223304421725,0.0,1983394086912,37516222464,1562637238272,36966891520,1,1,True,0,0,0,0.20383358001708984,0.24105278650919595,0.03799088795979818,0.031072584696170788,0.02524089813232422,0.012749989827473959
ShareGPT_h64_R8_B32_c40_gate_s1_CA-rep_seed42,ShareGPT,64,8,32,40,gate,True,CA-rep,42,False,ShareGPT_h64_R8_B32_c40_gate_s0_CA-rep_seed42,OFF_to_ON,0.0039010488586644614,0.7875647176174417,-422068617216,-135282688,-422427230208,-0.007894195854547592,0.0,1986810347520,34678542336,1564741730304,34543259648,1,1,True,0,0,0,0.20713106791178384,0.244783083597819,0.0388337771097819,0.03172518258031766,0.025722980499267578,0.013110796610514322
ShareGPT_h64_R8_B32_c40_gate_s1_CA_seed42,ShareGPT,64,8,32,40,gate,True,CA,42,False,ShareGPT_h64_R8_B32_c40_gate_s0_CA_seed42,OFF_to_ON,0.0039010488586644614,0.7875647176174417,-422068617216,-135282688,-422427230208,-0.007894195854547592,0.0,1986810347520,34678542336,1564741730304,34543259648,1,1,True,0,0,0,0.20713106791178384,0.244783083597819,0.0388337771097819,0.03172518258031766,0.025722980499267578,0.013110796610514322
ShareGPT_h64_R8_B32_c40_lru_s1_BR_seed42,ShareGPT,64,8,32,40,lru,True,BR,42,False,ShareGPT_h64_R8_B32_c40_lru_s0_BR_seed42,OFF_to_ON,0.033118794459069345,0.8446875955843506,-527113912320,-1245814784,-527481962496,-0.00017493159538718717,0.0,3393894481920,37616549888,2866780569600,36370735104,1,1,True,0,0,0,0.9166048367818197,1.0,0.08339516321818034,0.06959203782174196,0.0,0.08339516321818034
ShareGPT_h64_R8_B32_c40_lru_s1_CA-rep_seed42,ShareGPT,64,8,32,40,lru,True,CA-rep,42,False,ShareGPT_h64_R8_B32_c40_lru_s0_CA-rep_seed42,OFF_to_ON,0.01983849086775383,0.8446875955843506,-527113912320,-641085440,-527481962496,-0.008759648058882685,0.0,3393894481920,32315232256,2866780569600,31674146816,1,1,True,0,0,0,0.9166048367818197,1.0,0.08339516321818034,0.06959203782174196,0.0,0.08339516321818034
ShareGPT_h64_R8_B32_c40_lru_s1_CA_seed42,ShareGPT,64,8,32,40,lru,True,CA,42,False,ShareGPT_h64_R8_B32_c40_lru_s0_CA_seed42,OFF_to_ON,0.01983849086775383,0.8446875955843506,-527113912320,-641085440,-527481962496,-0.008759648058882685,0.0,3393894481920,32315232256,2866780569600,31674146816,1,1,True,0,0,0,0.9166048367818197,1.0,0.08339516321818034,0.06959203782174196,0.0,0.08339516321818034
ShareGPT_h64_R8_B32_c50_gate_s1_BR_seed42,ShareGPT,64,8,32,50,gate,True,BR,42,False,ShareGPT_h64_R8_B32_c50_gate_s0_BR_seed42,OFF_to_ON,0.0102877036750248,0.7673944176530761,-375533862912,-386158592,-375892475904,-0.0004658524425185523,0.0,1614466252800,37535936512,1238932389888,37149777920,1,1,True,0,0,0,0.13071711858113608,0.15927712122599283,0.02930291493733724,0.024007037086332016,0.022024154663085938,0.007278760274251302
ShareGPT_h64_R8_B32_c50_gate_s1_CA-rep_seed42,ShareGPT,64,8,32,50,gate,True,CA-rep,42,False,ShareGPT_h64_R8_B32_c50_gate_s0_CA-rep_seed42,OFF_to_ON,0.001095659760323105,0.7677079750738864,-376062345216,-38178816,-376420958208,-0.006561376588083895,0.0,1618920603648,34845503488,1242858258432,34807324672,1,1,True,0,0,0,0.13393767674763998,0.1629017194112142,0.029989242553710938,0.024559992946414942,0.02189922332763672,0.008090019226074219
ShareGPT_h64_R8_B32_c50_gate_s1_CA_seed42,ShareGPT,64,8,32,50,gate,True,CA,42,False,ShareGPT_h64_R8_B32_c50_gate_s0_CA_seed42,OFF_to_ON,0.001095659760323105,0.7677079750738864,-376062345216,-38178816,-376420958208,-0.006561376588083895,0.0,1618920603648,34845503488,1242858258432,34807324672,1,1,True,0,0,0,0.13393767674763998,0.1629017194112142,0.029989242553710938,0.024559992946414942,0.02189922332763672,0.008090019226074219
ShareGPT_h64_R8_B32_c50_lru_s1_BR_seed42,ShareGPT,64,8,32,50,lru,True,BR,42,False,ShareGPT_h64_R8_B32_c50_lru_s0_BR_seed42,OFF_to_ON,0.033563711817248945,0.8436587603926258,-530605670400,-1262551040,-530973720576,9.037838706543733e-05,0.0,3393894481920,37616549888,2863288811520,36353998848,1,1,True,0,0,0,0.915078322092692,1.0,0.08309141794840495,0.06935239047866162,0.00019184748331705728,0.08289957046508789
ShareGPT_h64_R8_B32_c50_lru_s1_CA-rep_seed42,ShareGPT,64,8,32,50,lru,True,CA-rep,42,False,ShareGPT_h64_R8_B32_c50_lru_s0_CA-rep_seed42,OFF_to_ON,0.019537076106973594,0.8436476378500125,-530643419136,-631345152,-531011469312,-0.008903452410317703,0.0,3393894481920,32315232256,2863251062784,31683887104,1,1,True,0,0,0,0.9150379498799642,1.0,0.08310476938883464,0.06935855708885656,0.00017563501993815103,0.08292913436889648
ShareGPT_h64_R8_B32_c50_lru_s1_CA_seed42,ShareGPT,64,8,32,50,lru,True,CA,42,False,ShareGPT_h64_R8_B32_c50_lru_s0_CA_seed42,OFF_to_ON,0.019537076106973594,0.8436476378500125,-530643419136,-631345152,-531011469312,-0.008903452410317703,0.0,3393894481920,32315232256,2863251062784,31683887104,1,1,True,0,0,0,0.9150379498799642,1.0,0.08310476938883464,0.06935855708885656,0.00017563501993815103,0.08292913436889648
ShareGPT_h64_R8_B32_c60_gate_s1_BR_seed42,ShareGPT,64,8,32,60,gate,True,BR,42,False,ShareGPT_h64_R8_B32_c60_gate_s0_BR_seed42,OFF_to_ON,0.007424362911831381,0.7417982485862944,-323610476544,-278740992,-323969089536,-0.000326191004652282,0.0,1253324095488,37544095744,929713618944,37265354752,1,1,True,0,0,0,0.07907772064208984,0.10072930653889973,0.022381146748860676,0.018400384100093765,0.017969767252604168,0.004411379496256511
ShareGPT_h64_R8_B32_c60_gate_s1_CA-rep_seed42,ShareGPT,64,8,32,60,gate,True,CA-rep,42,False,ShareGPT_h64_R8_B32_c60_gate_s0_CA-rep_seed42,OFF_to_ON,0.00037376298893905795,0.7396450147660665,-327800586240,-13037568,-328140324864,-0.005446903407742121,0.0,1259052466176,34881912832,931251879936,34868875264,1,1,True,0,0,0,0.08140309651692708,0.10352675120035808,0.023382027943929035,0.019247344447857567,0.01867977778116862,0.004702250162760417
ShareGPT_h64_R8_B32_c60_gate_s1_CA_seed42,ShareGPT,64,8,32,60,gate,True,CA,42,False,ShareGPT_h64_R8_B32_c60_gate_s0_CA_seed42,OFF_to_ON,0.00037376298893905795,0.7396450147660665,-327800586240,-13037568,-328140324864,-0.005446903407742121,0.0,1259052466176,34881912832,931251879936,34868875264,1,1,True,0,0,0,0.08140309651692708,0.10352675120035808,0.023382027943929035,0.019247344447857567,0.01867977778116862,0.004702250162760417
ShareGPT_h64_R8_B32_c60_lru_s1_BR_seed42,ShareGPT,64,8,32,60,lru,True,BR,42,False,ShareGPT_h64_R8_B32_c60_lru_s0_BR_seed42,OFF_to_ON,0.03329746815187126,0.8391230916057084,-545648541696,-1252880384,-546016591872,3.476227944212984e-05,0.0,3391714492416,37626896384,2846065950720,36374016000,1,1,True,0,0,0,0.9067972501118978,0.999258836110433,0.08218495051066081,0.06863909864016031,0.0004526774088541667,0.08173227310180664
ShareGPT_h64_R8_B32_c60_lru_s1_CA-rep_seed42,ShareGPT,64,8,32,60,lru,True,CA-rep,42,False,ShareGPT_h64_R8_B32_c60_lru_s0_CA-rep_seed42,OFF_to_ON,0.018508391446649283,0.8393928854634743,-544742572032,-598179840,-545110622208,-0.009396446095339961,0.0,3391771115520,32319385600,2847028543488,31721205760,1,1,True,0,0,0,0.9072581926981608,0.9993170102437338,0.08210007349650066,0.06857214137307993,0.00048478444417317707,0.08161528905232747
ShareGPT_h64_R8_B32_c60_lru_s1_CA_seed42,ShareGPT,64,8,32,60,lru,True,CA,42,False,ShareGPT_h64_R8_B32_c60_lru_s0_CA_seed42,OFF_to_ON,0.018508391446649283,0.8393928854634743,-544742572032,-598179840,-545110622208,-0.009396446095339961,0.0,3391771115520,32319385600,2847028543488,31721205760,1,1,True,0,0,0,0.9072581926981608,0.9993170102437338,0.08210007349650066,0.06857214137307993,0.00048478444417317707,0.08161528905232747
ShareGPT_h64_R8_B64_c30_gate_s1_BR_seed42,ShareGPT,64,8,64,30,gate,True,BR,42,False,ShareGPT_h64_R8_B64_c30_gate_s0_BR_seed42,OFF_to_ON,0.007115671930511185,0.8373781568245345,-407941152768,-532238336,-408262017024,0.0002110783115750886,0.0,2508526190592,74798043136,2100585037824,74265804800,1,1,True,0,0,0,0.32175159454345703,0.3534138997395833,0.03173963228861491,0.025639392209639265,0.017162005106608074,0.014577627182006836
ShareGPT_h64_R8_B64_c30_gate_s1_CA-rep_seed42,ShareGPT,64,8,64,30,gate,True,CA-rep,42,False,ShareGPT_h64_R8_B64_c30_gate_s0_CA-rep_seed42,OFF_to_ON,0.004744151178100625,0.8414026975515714,-409139675136,-328675328,-409422790656,-0.003630960630785357,-4.9833984375,2579739181056,69280112640,2170599505920,68951437312,1,1,True,30,138,140,0.349809726079305,0.3816680908203125,0.033159335454305015,0.026779395897998864,0.017462968826293945,0.015696366628011067
ShareGPT_h64_R8_B64_c30_gate_s1_CA_seed42,ShareGPT,64,8,64,30,gate,True,CA,42,False,ShareGPT_h64_R8_B64_c30_gate_s0_CA_seed42,OFF_to_ON,0.0013310079424290811,0.8374213316911245,-408592318464,-93491200,-408913182720,-0.0046916688777347,0.0,2513197596672,70240903168,2104605278208,70147411968,1,1,True,0,0,0,0.32610877354939777,0.3581226666768392,0.03222505251566569,0.02601270574838496,0.017478466033935547,0.014746586481730143
ShareGPT_h64_R8_B64_c30_lru_s1_BR_seed42,ShareGPT,64,8,64,30,lru,True,BR,42,False,ShareGPT_h64_R8_B64_c30_lru_s0_BR_seed42,OFF_to_ON,0.01677602169250635,0.8743558537085516,-445236903936,-1262149632,-445557768192,-3.2959122424749965e-05,0.0,3543634280448,75235336192,3098397376512,73973186560,1,1,True,0,0,0,0.9486505190531412,1.0,0.051349480946858726,0.04226659590412618,0.0,0.051349480946858726
ShareGPT_h64_R8_B64_c30_lru_s1_CA-rep_seed42,ShareGPT,64,8,64,30,lru,True,CA-rep,42,False,ShareGPT_h64_R8_B64_c30_lru_s0_CA-rep_seed42,OFF_to_ON,0.008462881999997555,0.874742198262476,-445340712960,-567214080,-445557768192,-0.004435198828647291,-1.0986328125,3555393011712,67023749120,3110052298752,66456535040,1,1,True,1235,0,1309,0.9486505190531412,1.0,0.051349480946858726,0.04226659590412618,0.0,0.051349480946858726
ShareGPT_h64_R8_B64_c30_lru_s1_CA_seed42,ShareGPT,64,8,64,30,lru,True,CA,42,False,ShareGPT_h64_R8_B64_c30_lru_s0_CA_seed42,OFF_to_ON,0.008399882589164792,0.8743558537085516,-445236903936,-564744192,-445557768192,-0.004506375838995547,0.0,3543634280448,67232391168,3098397376512,66667646976,1,1,True,0,0,0,0.9486505190531412,1.0,0.051349480946858726,0.04226659590412618,0.0,0.051349480946858726
ShareGPT_h64_R8_B64_c40_gate_s1_BR_seed42,ShareGPT,64,8,64,40,gate,True,BR,42,False,ShareGPT_h64_R8_B64_c40_gate_s0_BR_seed42,OFF_to_ON,0.007551034384824982,0.819855675579954,-384008454144,-565420032,-384329318400,-0.00019072554993468382,0.0,2131671121920,74879811584,1747662667776,74314391552,1,1,True,0,0,0,0.21431231498718262,0.24012398719787598,0.026154120763142902,0.021167311527986905,0.015618324279785156,0.010535796483357748
ShareGPT_h64_R8_B64_c40_gate_s1_CA-rep_seed42,ShareGPT,64,8,64,40,gate,True,CA-rep,42,False,ShareGPT_h64_R8_B64_c40_gate_s0_CA-rep_seed42,OFF_to_ON,0.0009258742956685246,0.8234405214696429,-390331367424,-64475136,-390633357312,-0.004339442388492154,0.9632161458334849,2210764161024,69637029888,1820432793600,69572554752,1,1,True,24,139,116,0.2363590399424235,0.26377399762471515,0.027834018071492512,0.02251139255853664,0.016382614771525066,0.011451403299967447
ShareGPT_h64_R8_B64_c40_gate_s1_CA_seed42,ShareGPT,64,8,64,40,gate,True,CA,42,False,ShareGPT_h64_R8_B64_c40_gate_s0_CA_seed42,OFF_to_ON,0.0007402151345462812,0.8195834161641596,-385414594560,-52334592,-385735458816,-0.0041103033854979765,0.0,2136248156160,70701867008,1750833561600,70649532416,1,1,True,0,0,0,0.21788525581359863,0.24395322799682617,0.026708046595255535,0.02160175886023463,0.015973885854085285,0.010734160741170248
ShareGPT_h64_R8_B64_c40_lru_s1_BR_seed42,ShareGPT,64,8,64,40,lru,True,BR,42,False,ShareGPT_h64_R8_B64_c40_lru_s0_BR_seed42,OFF_to_ON,0.01677602169250635,0.8743558537085516,-445236903936,-1262149632,-445557768192,-3.2959122424749965e-05,0.0,3543634280448,75235336192,3098397376512,73973186560,1,1,True,0,0,0,0.9486505190531412,1.0,0.051349480946858726,0.04226659590412618,0.0,0.051349480946858726
ShareGPT_h64_R8_B64_c40_lru_s1_CA-rep_seed42,ShareGPT,64,8,64,40,lru,True,CA-rep,42,False,ShareGPT_h64_R8_B64_c40_lru_s0_CA-rep_seed42,OFF_to_ON,0.008462881999997555,0.874742198262476,-445340712960,-567214080,-445557768192,-0.004435198828647291,-1.465494791666515,3555393011712,67023749120,3110052298752,66456535040,1,1,True,1235,0,1293,0.9486505190531412,1.0,0.051349480946858726,0.04226659590412618,0.0,0.051349480946858726
ShareGPT_h64_R8_B64_c40_lru_s1_CA_seed42,ShareGPT,64,8,64,40,lru,True,CA,42,False,ShareGPT_h64_R8_B64_c40_lru_s0_CA_seed42,OFF_to_ON,0.008399882589164792,0.8743558537085516,-445236903936,-564744192,-445557768192,-0.004506375838995547,0.0,3543634280448,67232391168,3098397376512,66667646976,1,1,True,0,0,0,0.9486505190531412,1.0,0.051349480946858726,0.04226659590412618,0.0,0.051349480946858726
ShareGPT_h64_R8_B64_c50_gate_s1_BR_seed42,ShareGPT,64,8,64,50,gate,True,BR,42,False,ShareGPT_h64_R8_B64_c50_gate_s0_BR_seed42,OFF_to_ON,0.005576360837671605,0.7996789968382799,-352176832512,-417988608,-352497696768,-0.0001253208950045409,0.0,1758062444544,74957238272,1405885612032,74539249664,1,1,True,0,0,0,0.13751578330993652,0.15781625111897787,0.02106626828511556,0.017153218663607656,0.014647165934244791,0.0064191023508707685
ShareGPT_h64_R8_B64_c50_gate_s1_CA-rep_seed42,ShareGPT,64,8,64,50,gate,True,CA-rep,42,False,ShareGPT_h64_R8_B64_c50_gate_s0_CA-rep_seed42,OFF_to_ON,0.0013495699748200763,0.8039712434287946,-360000258048,-94507008,-360292810752,-0.003672561276850256,-0.020833333333484916,1836466569216,70027497472,1476466311168,69932990464,1,1,True,14,138,88,0.15360045433044434,0.17528422673543295,0.022420565287272137,0.018201366178920077,0.015065908432006836,0.0073546568552653
ShareGPT_h64_R8_B64_c50_gate_s1_CA_seed42,ShareGPT,64,8,64,50,gate,True,CA,42,False,ShareGPT_h64_R8_B64_c50_gate_s0_CA_seed42,OFF_to_ON,0.0014598290584469306,0.7988540216343579,-354479505408,-103534592,-354800369664,-0.0038134291584353275,0.0,1762299740160,70922407936,1407820234752,70818873344,1,1,True,0,0,0,0.14014546076456705,0.16102997461954752,0.021596908569335938,0.01754891772777257,0.014843146006266275,0.006753762563069661
ShareGPT_h64_R8_B64_c50_lru_s1_BR_seed42,ShareGPT,64,8,64,50,lru,True,BR,42,False,ShareGPT_h64_R8_B64_c50_lru_s0_BR_seed42,OFF_to_ON,0.016776566117534177,0.8743478642971848,-445265215488,-1262190592,-445586079744,-3.076866596769812e-05,0.0,3543634280448,75235336192,3098369064960,73973145600,1,1,True,0,0,0,0.9486447175343832,1.0,0.051349480946858726,0.04226659590412618,0.0,0.051349480946858726
ShareGPT_h64_R8_B64_c50_lru_s1_CA-rep_seed42,ShareGPT,64,8,64,50,lru,True,CA-rep,42,False,ShareGPT_h64_R8_B64_c50_lru_s0_CA-rep_seed42,OFF_to_ON,0.008462881999997555,0.874742198262476,-445340712960,-567214080,-445557768192,-0.004435198828647291,-1.8304036458330302,3555393011712,67023749120,3110052298752,66456535040,1,1,True,1235,0,1277,0.9486505190531412,1.0,0.051349480946858726,0.04226659590412618,0.0,0.051349480946858726
ShareGPT_h64_R8_B64_c50_lru_s1_CA_seed42,ShareGPT,64,8,64,50,lru,True,CA,42,False,ShareGPT_h64_R8_B64_c50_lru_s0_CA_seed42,OFF_to_ON,0.008398846897903626,0.8743531905714294,-445246341120,-564674560,-445567205376,-0.004506375838995547,0.0,3543634280448,67232391168,3098387939328,66667716608,1,1,True,0,0,0,0.9486480553944906,1.0,0.05134916305541992,0.04226642050455558,0.0,0.05134916305541992
ShareGPT_h64_R8_B64_c60_gate_s1_BR_seed42,ShareGPT,64,8,64,60,gate,True,BR,42,False,ShareGPT_h64_R8_B64_c60_gate_s0_BR_seed42,OFF_to_ON,0.004094069592581232,0.7721531901001816,-316155101184,-307351552,-316466528256,-0.00018195506406941397,0.0,1387577475072,75072380928,1071422373888,74765029376,1,1,True,0,0,0,0.08343323071797688,0.0999590555826823,0.016829570134480793,0.013834722098484574,0.012656529744466146,0.0041730403900146484
ShareGPT_h64_R8_B64_c60_gate_s1_CA-rep_seed42,ShareGPT,64,8,64,60,gate,True,CA-rep,42,False,ShareGPT_h64_R8_B64_c60_gate_s0_CA-rep_seed42,OFF_to_ON,0.0006267417860099911,0.7778291289556454,-326639812608,-43896832,-326951239680,-0.0033406167267342746,-1.0003255208330302,1470218895360,70039740416,1143579082752,69995843584,1,1,True,7,139,67,0.09542282422383626,0.11301930745442708,0.018346230189005535,0.014982516127728388,0.013592878977457682,0.0047533512115478516
ShareGPT_h64_R8_B64_c60_gate_s1_CA_seed42,ShareGPT,64,8,64,60,gate,True,CA,42,False,ShareGPT_h64_R8_B64_c60_gate_s0_CA_seed42,OFF_to_ON,-0.0002599481361355196,0.7720216386241306,-317372497920,18456576,-317683924992,-0.0033952823122102016,0.0,1392116760576,71000993792,1074744262656,71019450368,1,1,False,0,0,0,0.08567897478739421,0.10242692629496257,0.017447868982950848,0.014252862451162276,0.013193289438883463,0.004254579544067383
ShareGPT_h64_R8_B64_c60_lru_s1_BR_seed42,ShareGPT,64,8,64,60,lru,True,BR,42,False,ShareGPT_h64_R8_B64_c60_lru_s0_BR_seed42,OFF_to_ON,0.016760941119235505,0.8721694181311701,-452984832000,-1261015040,-453305696256,-8.062338189310236e-05,0.0,3543634280448,75235336192,3090649448448,73974321152,1,1,True,0,0,0,0.9454203446706136,1.0,0.05092207590738932,0.04193733614062974,0.0002525647481282552,0.05066951115926107
ShareGPT_h64_R8_B64_c60_lru_s1_CA-rep_seed42,ShareGPT,64,8,64,60,lru,True,CA-rep,42,False,ShareGPT_h64_R8_B64_c60_lru_s0_CA-rep_seed42,OFF_to_ON,0.008166546682132245,0.8731920699256522,-450852028416,-547352576,-450861465600,-0.004569268046206804,-2.007161458333485,3555393011712,67023749120,3104540983296,66476396544,1,1,True,1213,18,1242,0.9465490976969401,1.0,0.05101617177327474,0.04201037842022196,0.00012866655985514322,0.050887505213419594
ShareGPT_h64_R8_B64_c60_lru_s1_CA_seed42,ShareGPT,64,8,64,60,lru,True,CA,42,False,ShareGPT_h64_R8_B64_c60_lru_s0_CA_seed42,OFF_to_ON,0.008043482949292921,0.8721587655826811,-453022580736,-540782592,-453343444992,-0.004681650394873005,0.0,3543634280448,67232391168,3090611699712,66691608576,1,1,True,0,0,0,0.9454443454742432,1.0,0.050890604654947914,0.041919052986096716,0.00014193852742513022,0.05074866612752279
ShareGPT_h64_R8_B8_c30_gate_s1_BR_seed42,ShareGPT,64,8,8,30,gate,True,BR,42,False,ShareGPT_h64_R8_B8_c30_gate_s0_BR_seed42,OFF_to_ON,0.03453790724002228,0.7412129947887792,-418501361664,-322772992,-419077029888,-0.0012605604734507309,0.0,1617165287424,9345470464,1198663925760,9022697472,1,1,True,0,0,0,0.2575524648030599,0.33713022867838544,0.0851732889811198,0.07038113921805958,0.06916173299153645,0.016011555989583332
ShareGPT_h64_R8_B8_c30_gate_s1_CA-rep_seed42,ShareGPT,64,8,8,30,gate,True,CA-rep,42,False,ShareGPT_h64_R8_B8_c30_gate_s0_CA-rep_seed42,OFF_to_ON,0.009229882910288596,0.7398386298097929,-421445763072,-74678272,-422021431296,-0.02340838717473484,0.0,1619939819520,8090923008,1198494056448,8016244736,1,1,True,0,0,0,0.25790977478027344,0.33915964762369794,0.085693359375,0.07083301694298656,0.06882731119791667,0.016866048177083332
ShareGPT_h64_R8_B8_c30_gate_s1_CA_seed42,ShareGPT,64,8,8,30,gate,True,CA,42,False,ShareGPT_h64_R8_B8_c30_gate_s0_CA_seed42,OFF_to_ON,0.009229882910288596,0.7398386298097929,-421445763072,-74678272,-422021431296,-0.02340838717473484,0.0,1619939819520,8090923008,1198494056448,8016244736,1,1,True,0,0,0,0.25790977478027344,0.33915964762369794,0.085693359375,0.07083301694298656,0.06882731119791667,0.016866048177083332
ShareGPT_h64_R8_B8_c30_lru_s1_BR_seed42,ShareGPT,64,8,8,30,lru,True,BR,42,False,ShareGPT_h64_R8_B8_c30_lru_s0_BR_seed42,OFF_to_ON,0.09895965777770244,0.7864057269036256,-565976236032,-932478976,-566646276096,-5.960401201524079e-05,0.0,2649772523520,9422819328,2083796287488,8490340352,1,1,True,0,0,0,0.8327350616455078,1.0,0.16721153259277344,0.14261444085055697,1.52587890625e-05,0.16719627380371094
ShareGPT_h64_R8_B8_c30_lru_s1_CA-rep_seed42,ShareGPT,64,8,8,30,lru,True,CA-rep,42,False,ShareGPT_h64_R8_B8_c30_lru_s0_CA-rep_seed42,OFF_to_ON,0.06737528038149325,0.7863986038891659,-565995110400,-474660864,-566665150464,-0.021460556586290147,0.0,2649772523520,7045029888,2083777413120,6570369024,1,1,True,0,0,0,0.8327445983886719,1.0,0.1672191619873047,0.14261994995687818,2.4159749348958332e-05,0.16719500223795572
ShareGPT_h64_R8_B8_c30_lru_s1_CA_seed42,ShareGPT,64,8,8,30,lru,True,CA,42,False,ShareGPT_h64_R8_B8_c30_lru_s0_CA_seed42,OFF_to_ON,0.06737528038149325,0.7863986038891659,-565995110400,-474660864,-566665150464,-0.021460556586290147,0.0,2649772523520,7045029888,2083777413120,6570369024,1,1,True,0,0,0,0.8327445983886719,1.0,0.1672191619873047,0.14261994995687818,2.4159749348958332e-05,0.16719500223795572
ShareGPT_h64_R8_B8_c40_gate_s1_BR_seed42,ShareGPT,64,8,8,40,gate,True,BR,42,False,ShareGPT_h64_R8_B8_c40_gate_s0_BR_seed42,OFF_to_ON,0.028820274728151782,0.7223990555605367,-350619697152,-270532608,-351176491008,-0.00032306592205827434,0.0,1263034957824,9386885120,912415260672,9116352512,1,1,True,0,0,0,0.16563924153645834,0.22290929158528647,0.06628799438476562,0.0546376827922335,0.05748939514160156,0.008798599243164062
ShareGPT_h64_R8_B8_c40_gate_s1_CA-rep_seed42,ShareGPT,64,8,8,40,gate,True,CA-rep,42,False,ShareGPT_h64_R8_B8_c40_gate_s0_CA-rep_seed42,OFF_to_ON,0.0010137302329961098,0.7209401136007871,-353299857408,-8466432,-353866088448,-0.02018832556496536,0.0,1266035982336,8351760384,912736124928,8343293952,1,1,True,0,0,0,0.16582743326822916,0.22429275512695312,0.06664784749348958,0.054921710036828074,0.058054606119791664,0.008593241373697916
ShareGPT_h64_R8_B8_c40_gate_s1_CA_seed42,ShareGPT,64,8,8,40,gate,True,CA,42,False,ShareGPT_h64_R8_B8_c40_gate_s0_CA_seed42,OFF_to_ON,0.0010137302329961098,0.7209401136007871,-353299857408,-8466432,-353866088448,-0.02018832556496536,0.0,1266035982336,8351760384,912736124928,8343293952,1,1,True,0,0,0,0.16582743326822916,0.22429275512695312,0.06664784749348958,0.054921710036828074,0.058054606119791664,0.008593241373697916
ShareGPT_h64_R8_B8_c40_lru_s1_BR_seed42,ShareGPT,64,8,8,40,lru,True,BR,42,False,ShareGPT_h64_R8_B8_c40_lru_s0_BR_seed42,OFF_to_ON,0.09845062971558581,0.7828293621113367,-575432294400,-927678464,-576102334464,1.4903139818861488e-05,0.0,2649678151680,9422778368,2074245857280,8495099904,1,1,True,0,0,0,0.8263530731201172,0.999945322672526,0.16613324483235678,0.14174285465763029,0.0005060831705729166,0.16562716166178384
ShareGPT_h64_R8_B8_c40_lru_s1_CA-rep_seed42,ShareGPT,64,8,8,40,lru,True,CA-rep,42,False,ShareGPT_h64_R8_B8_c40_lru_s0_CA-rep_seed42,OFF_to_ON,0.06536447023488721,0.7828016426197862,-575507791872,-460505088,-576177831936,-0.022405779157256,0.0,2649687588864,7045189632,2074179796992,6584684544,1,1,True,0,0,0,0.8267726898193359,0.9999732971191406,0.16623751322428384,0.1418252428987321,0.0005022684733072916,0.16573524475097656
ShareGPT_h64_R8_B8_c40_lru_s1_CA_seed42,ShareGPT,64,8,8,40,lru,True,CA,42,False,ShareGPT_h64_R8_B8_c40_lru_s0_CA_seed42,OFF_to_ON,0.06536447023488721,0.7828016426197862,-575507791872,-460505088,-576177831936,-0.022405779157256,0.0,2649687588864,7045189632,2074179796992,6584684544,1,1,True,0,0,0,0.8267726898193359,0.9999732971191406,0.16623751322428384,0.1418252428987321,0.0005022684733072916,0.16573524475097656
ShareGPT_h64_R8_B8_c50_gate_s1_BR_seed42,ShareGPT,64,8,8,50,gate,True,BR,42,False,ShareGPT_h64_R8_B8_c50_gate_s0_BR_seed42,OFF_to_ON,0.019801228048116015,0.6984434236655768,-283747811328,-185769984,-284285730816,0.00016702198509982447,0.0,940943867904,9381740544,657196056576,9195970560,1,1,True,0,0,0,0.10430717468261719,0.1446711222330729,0.05059623718261719,0.041721013050314,0.046323140462239586,0.0042730967203776045
ShareGPT_h64_R8_B8_c50_gate_s1_CA-rep_seed42,ShareGPT,64,8,8,50,gate,True,CA-rep,42,False,ShareGPT_h64_R8_B8_c50_gate_s0_CA-rep_seed42,OFF_to_ON,0.0018414683571406723,0.6961259564921277,-286324162560,-15781888,-286862082048,-0.015082419510862866,0.0,942246199296,8570273792,655922036736,8554491904,1,1,True,0,0,0,0.10352897644042969,0.14455032348632812,0.05098533630371094,0.04211390738840326,0.04672876993815104,0.0042565663655598955
ShareGPT_h64_R8_B8_c50_gate_s1_CA_seed42,ShareGPT,64,8,8,50,gate,True,CA,42,False,ShareGPT_h64_R8_B8_c50_gate_s0_CA_seed42,OFF_to_ON,0.0018414683571406723,0.6961259564921277,-286324162560,-15781888,-286862082048,-0.015082419510862866,0.0,942246199296,8570273792,655922036736,8554491904,1,1,True,0,0,0,0.10352897644042969,0.14455032348632812,0.05098533630371094,0.04211390738840326,0.04672876993815104,0.0042565663655598955
ShareGPT_h64_R8_B8_c50_lru_s1_BR_seed42,ShareGPT,64,8,8,50,lru,True,BR,42,False,ShareGPT_h64_R8_B8_c50_lru_s0_BR_seed42,OFF_to_ON,0.09500787731377083,0.7698556733569574,-605555785728,-895651840,-606225825792,5.6621067336670716e-05,0.0,2631200145408,9427132416,2025644359680,8531480576,1,1,True,0,0,0,0.7982145945231119,0.9885876973470052,0.1615320841471354,0.13785250482343236,0.0030606587727864585,0.15847142537434897
ShareGPT_h64_R8_B8_c50_lru_s1_CA-rep_seed42,ShareGPT,64,8,8,50,lru,True,CA-rep,42,False,ShareGPT_h64_R8_B8_c50_lru_s0_CA-rep_seed42,OFF_to_ON,0.05815665625478629,0.7693466093460357,-607084609536,-410595328,-607754649600,-0.02591037090213083,0.0,2632021180416,7060160512,2024936570880,6649565184,1,1,True,0,0,0,0.7983150482177734,0.9897200266520182,0.16153589884440103,0.13786741660146878,0.003029505411783854,0.1585063934326172
ShareGPT_h64_R8_B8_c50_lru_s1_CA_seed42,ShareGPT,64,8,8,50,lru,True,CA,42,False,ShareGPT_h64_R8_B8_c50_lru_s0_CA_seed42,OFF_to_ON,0.05815665625478629,0.7693466093460357,-607084609536,-410595328,-607754649600,-0.02591037090213083,0.0,2632021180416,7060160512,2024936570880,6649565184,1,1,True,0,0,0,0.7983150482177734,0.9897200266520182,0.16153589884440103,0.13786741660146878,0.003029505411783854,0.1585063934326172
ShareGPT_h64_R8_B8_c60_gate_s1_BR_seed42,ShareGPT,64,8,8,60,gate,True,BR,42,False,ShareGPT_h64_R8_B8_c60_gate_s0_BR_seed42,OFF_to_ON,0.01642264948191668,0.6638694302014877,-219622146048,-154611712,-220160065536,0.0009730990644192666,0.0,653383434240,9414541312,433761288192,9259929600,1,1,True,0,0,0,0.06128565470377604,0.08907190958658855,0.03961944580078125,0.03265818778499219,0.037485758463541664,0.0021336873372395835
ShareGPT_h64_R8_B8_c60_gate_s1_CA-rep_seed42,ShareGPT,64,8,8,60,gate,True,CA-rep,42,False,ShareGPT_h64_R8_B8_c60_gate_s0_CA-rep_seed42,OFF_to_ON,0.001780849880690097,0.6673452886309162,-217423282176,-15544320,-217951764480,-0.010898052393675584,0.0,653600489472,8728596480,436177207296,8713052160,1,1,True,0,0,0,0.061167399088541664,0.08866564432779948,0.03807957967122396,0.0314436213839635,0.03596178690592448,0.002117792765299479
ShareGPT_h64_R8_B8_c60_gate_s1_CA_seed42,ShareGPT,64,8,8,60,gate,True,CA,42,False,ShareGPT_h64_R8_B8_c60_gate_s0_CA_seed42,OFF_to_ON,0.001780849880690097,0.6673452886309162,-217423282176,-15544320,-217951764480,-0.010898052393675584,0.0,653600489472,8728596480,436177207296,8713052160,1,1,True,0,0,0,0.061167399088541664,0.08866564432779948,0.03807957967122396,0.0314436213839635,0.03596178690592448,0.002117792765299479
ShareGPT_h64_R8_B8_c60_lru_s1_BR_seed42,ShareGPT,64,8,8,60,lru,True,BR,42,False,ShareGPT_h64_R8_B8_c60_lru_s0_BR_seed42,OFF_to_ON,0.0701731279964879,0.27857479352834663,-1849848496128,-661262336,-1850395852800,0.00047279959543568284,0.0,2564158390272,9423298560,714309894144,8762036224,1,1,True,0,0,0,0.24417622884114584,0.9526093800862631,0.11825752258300781,0.09993495816394175,0.06059900919596354,0.05765851338704427
ShareGPT_h64_R8_B8_c60_lru_s1_CA-rep_seed42,ShareGPT,64,8,8,60,lru,True,CA-rep,42,False,ShareGPT_h64_R8_B8_c60_lru_s0_CA-rep_seed42,OFF_to_ON,-0.09578306067637672,0.2860380162674603,-1831540359168,680865792,-1832097153024,-0.12002559898785015,0.0,2565319163904,7108415488,733778804736,7789281280,1,1,False,0,0,0,0.2532768249511719,0.9538764953613281,0.11872100830078125,0.10046755379600451,0.0584723154703776,0.06024869283040365
ShareGPT_h64_R8_B8_c60_lru_s1_CA_seed42,ShareGPT,64,8,8,60,lru,True,CA,42,False,ShareGPT_h64_R8_B8_c60_lru_s0_CA_seed42,OFF_to_ON,-0.09578306067637672,0.2860380162674603,-1831540359168,680865792,-1832097153024,-0.12002559898785015,0.0,2565319163904,7108415488,733778804736,7789281280,1,1,False,0,0,0,0.2532768249511719,0.9538764953613281,0.11872100830078125,0.10046755379600451,0.0584723154703776,0.06024869283040365
