cell,layer,component,rank_mean_seconds,global_critical_rank_seconds,max_rank_service_seconds_nonadditive
B64/L512,0,Attention/dense/non-MoE,0.011199575957900379,0.0111993604300078,0.011248927652603016
B64/L512,0,D2H/materialization,0.004023463992401957,0.0040704959891736505,0.0041782078891992565
B64/L512,0,Expert execution,0.03570373630523682,0.03437836837768555,0.037237918853759766
B64/L512,0,Exposed H2D wait,0.006157095909118652,0.0062145919799804685,0.0062145919799804685
B64/L512,0,Forward pack/A2A/completion,0.02050452745059738,0.004688896037638187,0.030277951105032116
B64/L512,0,Global barrier,0.000494743999093771,0.00022092799842357637,0.001155135989189148
B64/L512,0,H2D enqueue,0.00026851199939846994,0.0002582719922065735,0.0002892799973487854
B64/L512,0,Layout CPU,0.23883441162109376,0.2510419158935547,0.2510419158935547
B64/L512,0,Layout GPU tensor construction,0.08689223861694335,0.08915929412841797,0.08915929412841797
B64/L512,0,Metadata Gate probability tail,0.00019684799760580064,0.0001932159960269928,0.0002086080014705658
B64/L512,0,Metadata counts,0.0004677039906382561,0.00046585598587989805,0.00047696000337600706
B64/L512,0,Metadata selected IDs,0.0003133840039372444,0.0003144960105419159,0.00031526398658752444
B64/L512,0,Metadata weights,0.00017364000156521798,0.00017318400740623475,0.0001831039935350418
B64/L512,0,Other MoE/host gaps,0.012609815991483628,0.013907808256335554,0.013907808256335554
B64/L512,0,Placement CPU,0.022068520069122313,0.022334335327148437,0.022334335327148437
B64/L512,0,Return A2A/combine,0.009405679911375045,0.010706015944480897,0.010706015944480897
B64/L512,0,Router/Gate,0.00033905600011348725,0.0003389439880847931,0.00034035199880599974
B64/L512,1,Attention/dense/non-MoE,0.009981880164588801,0.009983520090347156,0.009984896449837834
B64/L512,1,D2H/materialization,0.004037015940994025,0.004085599832236767,0.004172768071293831
B64/L512,1,Expert execution,0.03770585536956787,0.03405708694458008,0.04204684829711914
B64/L512,1,Exposed H2D wait,0.006217656016349792,0.006252128124237061,0.00627510404586792
B64/L512,1,Forward pack/A2A/completion,0.02236079165956471,0.004090335994726047,0.035569694555364545
B64/L512,1,Global barrier,0.000299551997333765,0.0002301120012998581,0.00039561599493026734
B64/L512,1,H2D enqueue,0.00026156800240278245,0.00025331199169158935,0.0002742080092430115
B64/L512,1,Layout CPU,0.2357583808898926,0.2453784942626953,0.2453784942626953
B64/L512,1,Layout GPU tensor construction,0.08817670249938965,0.09705120086669922,0.09705120086669922
B64/L512,1,Metadata Gate probability tail,0.00020190400257706642,0.00017856000363826753,0.0002509120106697082
B64/L512,1,Metadata counts,0.0002829519957304001,0.000289247989654541,0.0003210879862308502
B64/L512,1,Metadata selected IDs,0.00026713600009679796,0.00024796800315380095,0.0003211199939250946
B64/L512,1,Metadata weights,0.00020618399605154992,0.00019606399536132812,0.0002160319983959198
B64/L512,1,Other MoE/host gaps,0.014562304017832503,0.014021248043049127,0.018057408839697017
B64/L512,1,Placement CPU,0.02238764762878418,0.022754175186157227,0.022754175186157227
B64/L512,1,Return A2A/combine,0.012245096206665038,0.015853696584701538,0.015853696584701538
B64/L512,1,Router/Gate,0.00035101599991321564,0.0003511359989643097,0.00035155200958251955
B64/L512,2,Attention/dense/non-MoE,0.009982136042031926,0.009988448150455952,0.009992864087456838
B64/L512,2,D2H/materialization,0.0039911600071936846,0.004025728017091751,0.004124607816338539
B64/L512,2,Expert execution,0.040972712516784665,0.03975689697265625,0.04597238540649414
B64/L512,2,Exposed H2D wait,0.006119247913360595,0.006240064144134521,0.006294879913330078
B64/L512,2,Forward pack/A2A/completion,0.016370839896204414,0.0049792959974147375,0.029091296231141314
B64/L512,2,Global barrier,0.0007998400069773197,0.0002163520008325577,0.0012207679748535156
B64/L512,2,H2D enqueue,0.00025832000374794003,0.00024831999838352206,0.0002735359966754913
B64/L512,2,Layout CPU,0.23856505966186523,0.24718975830078124,0.24718975830078124
B64/L512,2,Layout GPU tensor construction,0.08343004035949707,0.08499263763427735,0.08499263763427735
B64/L512,2,Metadata Gate probability tail,0.00018804800137877463,0.00018291200697422027,0.00020524799823760985
B64/L512,2,Metadata counts,0.00027043999731540683,0.0002987200021743774,0.0002987200021743774
B64/L512,2,Metadata selected IDs,0.0002611360028386116,0.0002551040053367615,0.0002834239900112152
B64/L512,2,Metadata weights,0.000199279997497797,0.00019574399292469024,0.00020399999618530274
B64/L512,2,Other MoE/host gaps,0.012299840003659484,0.013850751818157732,0.013850751818157732
B64/L512,2,Placement CPU,0.022633671760559082,0.022732927322387696,0.022732927322387696
B64/L512,2,Return A2A/combine,0.01267787191271782,0.013882207989692688,0.016236255645751953
B64/L512,2,Router/Gate,0.0003423280045390129,0.0003447360098361969,0.0003447360098361969
B64/L512,3,Attention/dense/non-MoE,0.009982375917141326,0.009980095870792866,0.00999241606821306
B64/L512,3,D2H/materialization,0.0038908400535583496,0.0038613440841436387,0.0041010241732001304
B64/L512,3,Expert execution,0.037716025352478026,0.03681600189208984,0.043495616912841796
B64/L512,3,Exposed H2D wait,0.006124672055244446,0.006272096157073975,0.006311520099639893
B64/L512,3,Forward pack/A2A/completion,0.015256671956682111,0.0051142719611525535,0.025319423583801834
B64/L512,3,Global barrier,0.0009860799908638,0.00021619200706481933,0.0017079999446868897
B64/L512,3,H2D enqueue,0.0002548879943788052,0.00025705599784851075,0.00025887998938560486
B64/L512,3,Layout CPU,0.23279494476318358,0.24037126159667968,0.24037126159667968
B64/L512,3,Layout GPU tensor construction,0.08485344696044922,0.08653890991210937,0.08653890991210937
B64/L512,3,Metadata Gate probability tail,0.00022754399850964546,0.0002227199971675873,0.00025190401077270505
B64/L512,3,Metadata counts,0.0002752799987792969,0.0002885119915008545,0.0002885119915008545
B64/L512,3,Metadata selected IDs,0.00023359199985861778,0.00023020799458026885,0.00024659200012683866
B64/L512,3,Metadata weights,0.00019989600032567978,0.00022256000339984893,0.00022256000339984893
B64/L512,3,Other MoE/host gaps,0.012376783865736795,0.013779327570227906,0.013779327570227906
B64/L512,3,Placement CPU,0.022448976039886475,0.022561471939086915,0.022561471939086915
B64/L512,3,Return A2A/combine,0.013588183999061584,0.01448083209991455,0.018733855605125426
B64/L512,3,Router/Gate,0.00034673599898815157,0.00034876799583435057,0.00034876799583435057
B64/L512,4,Attention/dense/non-MoE,0.009979768174991478,0.009976096160709859,0.009989952094852926
B64/L512,4,D2H/materialization,0.004007743874564766,0.004101887792348861,0.004117599874734878
B64/L512,4,Expert execution,0.04147745513916016,0.03535935974121094,0.05001929473876953
B64/L512,4,Exposed H2D wait,0.006127936124801636,0.006302688121795654,0.006340608119964599
B64/L512,4,Forward pack/A2A/completion,0.013249015857756603,0.004630656071007252,0.01824572758958675
B64/L512,4,Global barrier,0.0007812319807708263,0.0002082879990339279,0.0013708479404449462
B64/L512,4,H2D enqueue,0.000247152004390955,0.00026121601462364197,0.00026121601462364197
B64/L512,4,Layout CPU,0.22966241455078124,0.2361565704345703,0.2361565704345703
B64/L512,4,Layout GPU tensor construction,0.08412459373474121,0.08496275329589843,0.08496275329589843
B64/L512,4,Metadata Gate probability tail,0.0001770879998803139,0.0001812800019979477,0.0001812800019979477
B64/L512,4,Metadata counts,0.00027064800262451173,0.0002805440127849579,0.0002805440127849579
B64/L512,4,Metadata selected IDs,0.0002492319978773594,0.00025465598702430724,0.0002548480033874512
B64/L512,4,Metadata weights,0.00018718400225043298,0.00019116799533367156,0.00019152000546455384
B64/L512,4,Other MoE/host gaps,0.012425000224029644,0.013777728487271816,0.013777728487271816
B64/L512,4,Placement CPU,0.02268170404434204,0.022895103454589845,0.022895103454589845
B64/L512,4,Return A2A/combine,0.016225975841283796,0.022344799518585205,0.022344799518585205
B64/L512,4,Router/Gate,0.0003421840071678162,0.00034140801429748536,0.00034486401081085206
B64/L512,5,Attention/dense/non-MoE,0.009982559789728838,0.009982623636489734,0.009991967633599415
B64/L512,5,D2H/materialization,0.0039243520330637695,0.003890527956187725,0.0041266241148114205
B64/L512,5,Expert execution,0.043514320373535156,0.04061452865600586,0.05789187240600586
B64/L512,5,Exposed H2D wait,0.006290312051773071,0.006394303798675537,0.006454592227935791
B64/L512,5,Forward pack/A2A/completion,0.014781640131724998,0.004645760028157383,0.020891871718689798
B64/L512,5,Global barrier,0.0006212799921631812,0.0002155199944972992,0.0012418559789657592
B64/L512,5,H2D enqueue,0.0002611199989914894,0.00025427201390266417,0.000273279994726181
B64/L512,5,Layout CPU,0.23665671157836915,0.24494143676757812,0.24494143676757812
B64/L512,5,Layout GPU tensor construction,0.08353792190551758,0.08419789123535157,0.08419789123535157
B64/L512,5,Metadata Gate probability tail,0.00021744000166654587,0.00022620800137519836,0.00022620800137519836
B64/L512,5,Metadata counts,0.0002713520005345344,0.0002968960106372833,0.0002968960106372833
B64/L512,5,Metadata selected IDs,0.00027140799909830093,0.00023548799753189087,0.00031363201141357424
B64/L512,5,Metadata weights,0.00019553600251674653,0.00019171200692653657,0.00019791999459266662
B64/L512,5,Other MoE/host gaps,0.01256503993924707,0.013911103923805056,0.013911103923805056
B64/L512,5,Placement CPU,0.022734848022460938,0.02292755126953125,0.02292755126953125
B64/L512,5,Return A2A/combine,0.022253367960453033,0.025137631893157958,0.029129567146301272
B64/L512,5,Router/Gate,0.00034226399660110474,0.00034086400270462035,0.000343968003988266
B64/L512,6,Attention/dense/non-MoE,0.00997699192276923,0.009980639993911609,0.009986687667667866
B64/L512,6,D2H/materialization,0.004564047930762172,0.004934879817068577,0.004934879817068577
B64/L512,6,Expert execution,0.03935606384277344,0.033972095489501954,0.043935039520263675
B64/L512,6,Exposed H2D wait,0.006267927885055542,0.006402207851409912,0.006417664051055908
B64/L512,6,Forward pack/A2A/completion,0.016451671934803017,0.004621887892251835,0.029272544293198734
B64/L512,6,Global barrier,0.000649839986115694,0.00022735999524593352,0.001301535964012146
B64/L512,6,H2D enqueue,0.00024774400144815447,0.0002375359982252121,0.00027484801411628725
B64/L512,6,Layout CPU,0.22282188415527343,0.22946006774902344,0.22946006774902344
B64/L512,6,Layout GPU tensor construction,0.08361913490295411,0.08509372711181641,0.08509372711181641
B64/L512,6,Metadata Gate probability tail,0.00019464800134301187,0.00017936000227928163,0.00022390399873256682
B64/L512,6,Metadata counts,0.0002703360021114349,0.0002990080118179321,0.0002990080118179321
B64/L512,6,Metadata selected IDs,0.00025707999989390374,0.00023244799673557281,0.0002867200076580048
B64/L512,6,Metadata weights,0.00021212800219655035,0.0002122880071401596,0.00021331200003623963
B64/L512,6,Other MoE/host gaps,0.012738431929028593,0.014346463844878598,0.014346463844878598
B64/L512,6,Placement CPU,0.02981401634216309,0.03186726379394531,0.03225459289550781
B64/L512,6,Return A2A/combine,0.012403984218835831,0.01777833652496338,0.01777833652496338
B64/L512,6,Router/Gate,0.0003464080020785332,0.0003460800051689148,0.0003484480082988739
B64/L512,7,Attention/dense/non-MoE,0.009983528087846935,0.009984063892159611,0.009992544181644917
B64/L512,7,D2H/materialization,0.004071039956063032,0.004148191981017589,0.004259519822895527
B64/L512,7,Expert execution,0.04058126449584961,0.037490848541259766,0.044560417175292966
B64/L512,7,Exposed H2D wait,0.00625220799446106,0.006357664108276367,0.006360352039337158
B64/L512,7,Forward pack/A2A/completion,0.015472440087061841,0.005074335931334644,0.02384208057750948
B64/L512,7,Global barrier,0.0009051199704408646,0.0002106879949569702,0.0015726399421691895
B64/L512,7,H2D enqueue,0.0002475279979407787,0.00025468799471855164,0.00025468799471855164
B64/L512,7,Layout CPU,0.22331781768798828,0.23053292846679688,0.23053292846679688
B64/L512,7,Layout GPU tensor construction,0.08210929679870606,0.08413581085205078,0.08413581085205078
B64/L512,7,Metadata Gate probability tail,0.00019594400376081466,0.0001809920072555542,0.00022163200378417968
B64/L512,7,Metadata counts,0.0002654239982366562,0.0002799679934978485,0.0002799679934978485
B64/L512,7,Metadata selected IDs,0.000252080000936985,0.0002448959946632385,0.000279776006937027
B64/L512,7,Metadata weights,0.0002058879993855953,0.0002019200026988983,0.00022124800086021422
B64/L512,7,Other MoE/host gaps,0.01226858396420721,0.013602080268785358,0.013602080268785358
B64/L512,7,Placement CPU,0.022896735668182372,0.023240415573120118,0.023240415573120118
B64/L512,7,Return A2A/combine,0.01183200779557228,0.014963807821273802,0.016059455394744872
B64/L512,7,Router/Gate,0.0003437519967556,0.0003431040048599243,0.0003447679877281189
B64/L512,8,Attention/dense/non-MoE,0.0099843839846435,0.009984448119299485,0.009994079597294332
B64/L512,8,D2H/materialization,0.003961352027952671,0.003895328067243099,0.004197824001312256
B64/L512,8,Expert execution,0.04011032772064209,0.037474174499511716,0.04689753723144531
B64/L512,8,Exposed H2D wait,0.006280104041099548,0.006382336139678955,0.006416224002838135
B64/L512,8,Forward pack/A2A/completion,0.018747584075375925,0.004766432120697573,0.03145558479195461
B64/L512,8,Global barrier,0.0006830720007419586,0.00021193599700927734,0.0009528639912605286
B64/L512,8,H2D enqueue,0.00025256799161434173,0.0002536959946155548,0.00026531198620796204
B64/L512,8,Layout CPU,0.2268458709716797,0.23585420227050782,0.23585420227050782
B64/L512,8,Layout GPU tensor construction,0.0840292797088623,0.08779532623291016,0.08779532623291016
B64/L512,8,Metadata Gate probability tail,0.00021323999762535095,0.000185248002409935,0.00024620799720287325
B64/L512,8,Metadata counts,0.0002783440053462982,0.000277536004781723,0.0002877120077610016
B64/L512,8,Metadata selected IDs,0.00029500000178813937,0.00024031999707221986,0.00035180801153182986
B64/L512,8,Metadata weights,0.00019449599832296373,0.0001920959949493408,0.00019964799284934997
B64/L512,8,Other MoE/host gaps,0.012312383952899835,0.013871456327615307,0.013871456327615307
B64/L512,8,Placement CPU,0.023005351543426512,0.02311417579650879,0.023220991134643553
B64/L512,8,Return A2A/combine,0.014588599890470504,0.01724083173274994,0.021156896114349365
B64/L512,8,Router/Gate,0.00033989600092172625,0.0003407360017299652,0.00034118399024009706
B64/L512,9,Attention/dense/non-MoE,0.010007880055345595,0.009980351984268054,0.010077280363300814
B64/L512,9,D2H/materialization,0.003943455996923148,0.004211200051009655,0.004394464008510113
B64/L512,9,Expert execution,0.040854248046875,0.03447571182250977,0.04519670486450195
B64/L512,9,Exposed H2D wait,0.006300887942314148,0.006480000019073486,0.00648038387298584
B64/L512,9,Forward pack/A2A/completion,0.017385096308717037,0.00503926396346651,0.02857088073948398
B64/L512,9,Global barrier,0.0008138480000197888,0.00021772800385951995,0.0018005119562149049
B64/L512,9,H2D enqueue,0.00023687999695539474,0.00022886399924755096,0.0002455359995365143
B64/L512,9,Layout CPU,0.2280955047607422,0.23585209655761719,0.23585209655761719
B64/L512,9,Layout GPU tensor construction,0.09290496826171875,0.09593292999267578,0.09593292999267578
B64/L512,9,Metadata Gate probability tail,0.0003335839956998825,0.0002917439937591553,0.00039155200123786927
B64/L512,9,Metadata counts,0.0004131999984383583,0.00040768000483512877,0.0004384959936141968
B64/L512,9,Metadata selected IDs,0.0004262240082025528,0.00037718400359153747,0.0005243840217590332
B64/L512,9,Metadata weights,0.00036180800944566726,0.0003940800130367279,0.0003940800130367279
B64/L512,9,Other MoE/host gaps,0.012684832056111192,0.013873664148850369,0.013873664148850369
B64/L512,9,Placement CPU,0.023745768070220948,0.02434444808959961,0.02434444808959961
B64/L512,9,Return A2A/combine,0.012363840192556382,0.018732160329818726,0.018732160329818726
B64/L512,9,Router/Gate,0.0003405359983444214,0.00034092798829078676,0.00034272000193595885
B64/L512,10,Attention/dense/non-MoE,0.009982695981103462,0.00997814380330965,0.009997792251408101
B64/L512,10,D2H/materialization,0.003966656062752008,0.0038679360598325727,0.004136927999556064
B64/L512,10,Expert execution,0.040544856071472166,0.04217728042602539,0.04626464080810547
B64/L512,10,Exposed H2D wait,0.0062779120206832885,0.006447519779205322,0.006447519779205322
B64/L512,10,Forward pack/A2A/completion,0.007679192013165448,0.005280576079385355,0.014548511846456677
B64/L512,10,Global barrier,0.00039679200947284696,0.00021916800737380981,0.0006309760212898255
B64/L512,10,H2D enqueue,0.000249184001237154,0.0002505280077457428,0.0002637760043144226
B64/L512,10,Layout CPU,0.23021189880371093,0.23259420776367187,0.2328441925048828
B64/L512,10,Layout GPU tensor construction,0.0848243522644043,0.0835101089477539,0.08595702362060546
B64/L512,10,Metadata Gate probability tail,0.00018964000046253204,0.00019305600225925446,0.00019411200284957886
B64/L512,10,Metadata counts,0.0002697919979691506,0.0002892799973487854,0.0002892799973487854
B64/L512,10,Metadata selected IDs,0.00022995999827980996,0.00023305599391460418,0.00024262399971485137
B64/L512,10,Metadata weights,0.00018882400542497634,0.00019568000733852386,0.0002008640021085739
B64/L512,10,Other MoE/host gaps,0.012598680075374433,0.013865375907858832,0.013865375907858832
B64/L512,10,Placement CPU,0.022405327796936034,0.022574367523193358,0.022574367523193358
B64/L512,10,Return A2A/combine,0.013640112102031707,0.011995423913002012,0.021556384325027468
B64/L512,10,Router/Gate,0.00034087999165058135,0.00034044799208641054,0.00034195199608802793
B64/L512,11,Attention/dense/non-MoE,0.009983176130161156,0.009983967892359943,0.00998784013115801
B64/L512,11,D2H/materialization,0.003943991957232356,0.0037803199738264083,0.004193311929702758
B64/L512,11,Expert execution,0.04249558448791504,0.042469120025634764,0.052744319915771484
B64/L512,11,Exposed H2D wait,0.006304631948471069,0.006482143878936767,0.006482143878936767
B64/L512,11,Forward pack/A2A/completion,0.012810400179529098,0.005074752136832103,0.020129312698496507
B64/L512,11,Global barrier,0.0006201840080320835,0.0002223999947309494,0.00137881600856781
B64/L512,11,H2D enqueue,0.00023579199984669684,0.00023600000143051146,0.0002451519966125488
B64/L512,11,Layout CPU,0.2300492935180664,0.23622653198242188,0.23622653198242188
B64/L512,11,Layout GPU tensor construction,0.0841404800415039,0.08462662506103516,0.08462662506103516
B64/L512,11,Metadata Gate probability tail,0.00018436800315976143,0.00018688000738620758,0.00019174399971961975
B64/L512,11,Metadata counts,0.0002793919965624809,0.0002927359938621521,0.0002927359938621521
B64/L512,11,Metadata selected IDs,0.0002281999997794628,0.00022787199914455413,0.0002329919934272766
B64/L512,11,Metadata weights,0.00018532000109553338,0.00019459199905395508,0.00019459199905395508
B64/L512,11,Other MoE/host gaps,0.012690128128509968,0.013970847940305247,0.013970847940305247
B64/L512,11,Placement CPU,0.02268170404434204,0.02283296012878418,0.02283296012878418
B64/L512,11,Return A2A/combine,0.017942087799310686,0.017939328074455262,0.023721503853797916
B64/L512,11,Router/Gate,0.00034062399715185167,0.00033993598818778993,0.00034163200855255127
B64/L512,12,Attention/dense/non-MoE,0.009984967819822487,0.009988160140812398,0.009988160140812398
B64/L512,12,D2H/materialization,0.0038637200444936754,0.003945792108774185,0.004086495995521546
B64/L512,12,Expert execution,0.04001737594604492,0.04338723373413086,0.04338723373413086
B64/L512,12,Exposed H2D wait,0.006285007953643799,0.006434239864349365,0.00644758415222168
B64/L512,12,Forward pack/A2A/completion,0.008369631939916872,0.004771007865434513,0.01114403190370649
B64/L512,12,Global barrier,0.0008302639983594418,0.00022015999257564545,0.0014402559995651246
B64/L512,12,H2D enqueue,0.00023655999824404717,0.00022550399601459502,0.0002510719895362854
B64/L512,12,Layout CPU,0.2319215660095215,0.23461238098144532,0.23461238098144532
B64/L512,12,Layout GPU tensor construction,0.08479135131835938,0.0844491195678711,0.08509661102294921
B64/L512,12,Metadata Gate probability tail,0.00021330400183796884,0.00020524799823760985,0.000248416006565094
B64/L512,12,Metadata counts,0.00026996800303459166,0.00029788801074028014,0.00029788801074028014
B64/L512,12,Metadata selected IDs,0.0002407519966363907,0.00023660799860954286,0.0002715199887752533
B64/L512,12,Metadata weights,0.00019334400445222854,0.00019913600385189055,0.00020348800718784333
B64/L512,12,Other MoE/host gaps,0.012687272047391162,0.014122335684252904,0.014122335684252904
B64/L512,12,Placement CPU,0.02272602367401123,0.0229586238861084,0.0229586238861084
B64/L512,12,Return A2A/combine,0.011271111994981766,0.00789251208305359,0.015308575749397278
B64/L512,12,Router/Gate,0.0003434480056166649,0.00034326401352882387,0.0003456000089645386
B64/L512,13,Attention/dense/non-MoE,0.009980015785666183,0.009979295841883869,0.009986367658013478
B64/L512,13,D2H/materialization,0.00400191200338304,0.003937855958938598,0.00422531197220087
B64/L512,13,Expert execution,0.04841051197052002,0.04409113693237305,0.06895766448974609
B64/L512,13,Exposed H2D wait,0.006259423851966858,0.006482687950134278,0.006485439777374267
B64/L512,13,Forward pack/A2A/completion,0.017375456270878203,0.0050669119725935165,0.028630048385821283
B64/L512,13,Global barrier,0.0007964640073478222,0.0002226880043745041,0.001861631989479065
B64/L512,13,H2D enqueue,0.0002332319989800453,0.00022575999796390533,0.00023881599307060242
B64/L512,13,Layout CPU,0.2392496223449707,0.24925862121582032,0.24925862121582032
B64/L512,13,Layout GPU tensor construction,0.0842118797302246,0.08523737335205078,0.08523737335205078
B64/L512,13,Metadata Gate probability tail,0.0001852799989283085,0.00017929600179195405,0.000196383997797966
B64/L512,13,Metadata counts,0.0002656479999423027,0.0002778559923171997,0.0002778559923171997
B64/L512,13,Metadata selected IDs,0.0002532239966094494,0.00024771200120449064,0.0002646079957485199
B64/L512,13,Metadata weights,0.00022989600151777267,0.00022883200645446779,0.00023283199965953827
B64/L512,13,Other MoE/host gaps,0.012597639913205057,0.013983648258261382,0.013983648258261382
B64/L512,13,Placement CPU,0.022595344066619873,0.022907712936401366,0.022907712936401366
B64/L512,13,Return A2A/combine,0.028303967833518982,0.03258399987220764,0.039858559370040895
B64/L512,13,Router/Gate,0.00033916000276803973,0.0003382399976253509,0.0003407680094242096
B64/L512,14,Attention/dense/non-MoE,0.009981319961254485,0.009981504022842274,0.009991999737452717
B64/L512,14,D2H/materialization,0.0039060719776898623,0.0038875519260764125,0.004293151967227459
B64/L512,14,Expert execution,0.040699920654296874,0.03514777755737305,0.05008457565307617
B64/L512,14,Exposed H2D wait,0.006331799983978271,0.006487552165985107,0.00650438404083252
B64/L512,14,Forward pack/A2A/completion,0.016032855846744496,0.0049102399258408695,0.02503107156511396
B64/L512,14,Global barrier,0.0008230800107121468,0.00021852800250053405,0.0015576640367507934
B64/L512,14,H2D enqueue,0.0002767200097441673,0.00030419200658798217,0.00030419200658798217
B64/L512,14,Layout CPU,0.23294973754882814,0.2430786590576172,0.2430786590576172
B64/L512,14,Layout GPU tensor construction,0.0875153751373291,0.08742428588867188,0.08916835021972656
B64/L512,14,Metadata Gate probability tail,0.00018019999936223029,0.00017715199291706084,0.00018956799805164336
B64/L512,14,Metadata counts,0.0002641519978642464,0.0002815679907798767,0.0002815679907798767
B64/L512,14,Metadata selected IDs,0.00024651999771595,0.00025196799635887146,0.00025196799635887146
B64/L512,14,Metadata weights,0.0001865920014679432,0.0001886720061302185,0.0001934719979763031
B64/L512,14,Other MoE/host gaps,0.012947335861157627,0.01426630368665792,0.01426630368665792
B64/L512,14,Placement CPU,0.022589360237121582,0.022803840637207032,0.022803840637207032
B64/L512,14,Return A2A/combine,0.01705772790312767,0.02263100802898407,0.02263100802898407
B64/L512,14,Router/Gate,0.00033981600403785707,0.00033948799967765806,0.000343392014503479
B64/L512,15,Attention/dense/non-MoE,0.009977064083330333,0.009976799972355366,0.009985344469314442
B64/L512,15,D2H/materialization,0.003927207976579666,0.0038363839238882065,0.004147328086197376
B64/L512,15,Expert execution,0.044613112449646,0.04827151870727539,0.056455169677734375
B64/L512,15,Exposed H2D wait,0.0062674560546875,0.006431456089019775,0.006431456089019775
B64/L512,15,Forward pack/A2A/completion,0.014640952306450343,0.00504780802782625,0.026251680230489
B64/L512,15,Global barrier,0.0007322319969534874,0.00022646400332450867,0.0014024319648742675
B64/L512,15,H2D enqueue,0.00028840000927448273,0.00030112001299858093,0.0003070720136165619
B64/L512,15,Layout CPU,0.22736265563964844,0.23748249816894532,0.23748249816894532
B64/L512,15,Layout GPU tensor construction,0.08625840759277344,0.08456918334960938,0.09345292663574219
B64/L512,15,Metadata Gate probability tail,0.00023359999805688857,0.00019852800667285919,0.0002619839906692505
B64/L512,15,Metadata counts,0.0002836720049381256,0.0003059520125389099,0.0003059520125389099
B64/L512,15,Metadata selected IDs,0.0002767919935286045,0.00023318399488925933,0.0003153919875621796
B64/L512,15,Metadata weights,0.00019280000030994415,0.0001871359944343567,0.00019734400510787963
B64/L512,15,Other MoE/host gaps,0.012684207689715551,0.013972799645271155,0.013972799645271155
B64/L512,15,Placement CPU,0.022741751670837404,0.02305356788635254,0.02305356788635254
B64/L512,15,Return A2A/combine,0.01940985655784607,0.015760000348091125,0.031043776750564578
B64/L512,15,Router/Gate,0.0003394720032811165,0.0003415040075778961,0.0003415040075778961
B64/L512,16,Attention/dense/non-MoE,0.009982879853749183,0.009983359873062,0.00999443171080202
B64/L512,16,D2H/materialization,0.003949632106348872,0.0038601599782705307,0.004140192180871963
B64/L512,16,Expert execution,0.051289447784423826,0.05984172821044922,0.06152956771850586
B64/L512,16,Exposed H2D wait,0.006297088027000427,0.006480768203735352,0.006486239910125732
B64/L512,16,Forward pack/A2A/completion,0.010179351932369173,0.004773215889697894,0.016524736365070566
B64/L512,16,Global barrier,0.0006980080083012581,0.0002248000055551529,0.001441696047782898
B64/L512,16,H2D enqueue,0.000280176006257534,0.0002775680124759674,0.0002934400141239166
B64/L512,16,Layout CPU,0.22943548583984374,0.23394863891601564,0.23394863891601564
B64/L512,16,Layout GPU tensor construction,0.08492390251159668,0.08482511901855469,0.08558370971679688
B64/L512,16,Metadata Gate probability tail,0.000205400001257658,0.0001834239959716797,0.00025791999697685243
B64/L512,16,Metadata counts,0.00027591200917959216,0.0002867200076580048,0.0002867200076580048
B64/L512,16,Metadata selected IDs,0.0002498400025069714,0.0002335679978132248,0.0002871040105819702
B64/L512,16,Metadata weights,0.00019227999821305275,0.00020163199305534363,0.00020163199305534363
B64/L512,16,Other MoE/host gaps,0.012487824183423073,0.013565119891194626,0.013565119891194626
B64/L512,16,Placement CPU,0.022381760120391846,0.022691232681274414,0.022691232681274414
B64/L512,16,Return A2A/combine,0.018325951933860777,0.009800992012023925,0.029557632327079773
B64/L512,16,Router/Gate,0.0003405440002679825,0.00034038400650024414,0.00034140801429748536
B64/L512,17,Attention/dense/non-MoE,0.009984031920612325,0.009984416015446187,0.010002784207696095
B64/L512,17,D2H/materialization,0.003981535993516445,0.0038860161155462266,0.0041627841442823405
B64/L512,17,Expert execution,0.04537967109680176,0.055614494323730466,0.055614494323730466
B64/L512,17,Exposed H2D wait,0.0066105200052261354,0.006407296180725098,0.00781603193283081
B64/L512,17,Forward pack/A2A/completion,0.013715784198371694,0.004682879924541339,0.028516768916044384
B64/L512,17,Global barrier,0.001021967999637127,0.0009791039824485778,0.001498528003692627
B64/L512,17,H2D enqueue,0.0003046159967780113,0.0002832640111446381,0.00037254399061203004
B64/L512,17,Layout CPU,0.23124776840209962,0.23626850891113282,0.23626850891113282
B64/L512,17,Layout GPU tensor construction,0.09334705543518067,0.09630770874023438,0.09728844451904296
B64/L512,17,Metadata Gate probability tail,0.0001820000000298023,0.0001834239959716797,0.00018489600718021393
B64/L512,17,Metadata counts,0.0002611919939517975,0.0002652159929275513,0.0002654719948768616
B64/L512,17,Metadata selected IDs,0.00025849599763751033,0.0002401600033044815,0.0002726399898529053
B64/L512,17,Metadata weights,0.00018752000108361244,0.00018361599743366242,0.0001894720047712326
B64/L512,17,Other MoE/host gaps,0.012730567859776784,0.01385311958519742,0.01385311958519742
B64/L512,17,Placement CPU,0.022512368202209473,0.022793344497680664,0.022793344497680664
B64/L512,17,Return A2A/combine,0.018134143769741057,0.00790659201145172,0.03073436748981476
B64/L512,17,Router/Gate,0.00033744800090789796,0.0003381760120391846,0.0003381760120391846
B64/L512,18,Attention/dense/non-MoE,0.009982616004650481,0.009985952063696459,0.009990431793034077
B64/L512,18,D2H/materialization,0.003931136038154363,0.003814239986240864,0.004095104075968266
B64/L512,18,Expert execution,0.03670786380767822,0.03801270294189453,0.04023270416259766
B64/L512,18,Exposed H2D wait,0.00636679995059967,0.006415743827819825,0.006866496086120605
B64/L512,18,Forward pack/A2A/completion,0.016729343828570564,0.005182432070141658,0.03163903975347057
B64/L512,18,Global barrier,0.0007395599968731403,0.0003646399974822998,0.0014927359819412232
B64/L512,18,H2D enqueue,0.00029079200327396395,0.0003031040132045746,0.0003031040132045746
B64/L512,18,Layout CPU,0.2306110496520996,0.240278076171875,0.240278076171875
B64/L512,18,Layout GPU tensor construction,0.08394307136535645,0.084446044921875,0.08482559967041016
B64/L512,18,Metadata Gate probability tail,0.00018010399863123893,0.0001761920005083084,0.00019289599359035493
B64/L512,18,Metadata counts,0.00028567999601364136,0.0003060480058193207,0.0003060480058193207
B64/L512,18,Metadata selected IDs,0.00025971200317144395,0.00024963200092315674,0.00028227201104164126
B64/L512,18,Metadata weights,0.00019972800090909003,0.00019308799505233764,0.0002056960016489029
B64/L512,18,Other MoE/host gaps,0.012511808045092039,0.013979391782777385,0.013979391782777385
B64/L512,18,Placement CPU,0.022629103660583495,0.02296291160583496,0.02296291160583496
B64/L512,18,Return A2A/combine,0.01145976811647415,0.010167360067367553,0.016079744458198545
B64/L512,18,Router/Gate,0.00034113599359989166,0.00034092798829078676,0.00034390398859977724
B64/L512,19,Attention/dense/non-MoE,0.009982999620144255,0.00998633586568758,0.00998633586568758
B64/L512,19,D2H/materialization,0.003936575949192047,0.0038237120434641836,0.004222463842481375
B64/L512,19,Expert execution,0.03846933555603027,0.03685804748535156,0.04916035079956055
B64/L512,19,Exposed H2D wait,0.006375288009643555,0.006397439956665039,0.006878911972045898
B64/L512,19,Forward pack/A2A/completion,0.015346383865107782,0.005000512048369273,0.027994783385191114
B64/L512,19,Global barrier,0.0006275920011103153,0.00021411199867725372,0.0008186560273170471
B64/L512,19,H2D enqueue,0.0002747600004076958,0.0002775039970874786,0.0002922239899635315
B64/L512,19,Layout CPU,0.22417296981811524,0.23195545959472658,0.23195545959472658
B64/L512,19,Layout GPU tensor construction,0.08567259216308594,0.08680358123779297,0.08709283447265626
B64/L512,19,Metadata Gate probability tail,0.00023799999803304672,0.00023798400163650512,0.0002613120079040527
B64/L512,19,Metadata counts,0.0003262320011854172,0.0002888000011444092,0.0003754560053348541
B64/L512,19,Metadata selected IDs,0.0003019919991493225,0.0002972800135612488,0.0003467839956283569
B64/L512,19,Metadata weights,0.0001985119991004467,0.000201215997338295,0.000201215997338295
B64/L512,19,Other MoE/host gaps,0.01271999180770945,0.014085215999977665,0.014085215999977665
B64/L512,19,Placement CPU,0.023251831531524658,0.023858591079711913,0.023858591079711913
B64/L512,19,Return A2A/combine,0.01828198403120041,0.01985811197757721,0.025589248299598695
B64/L512,19,Router/Gate,0.0003403040021657944,0.00034160000085830687,0.00034160000085830687
B64/L512,20,Attention/dense/non-MoE,0.009981511888152455,0.009978463605279103,0.009992576181655749
B64/L512,20,D2H/materialization,0.003720639988780022,0.0037491520419716835,0.0039873279258608825
B64/L512,20,Expert execution,0.03924297618865967,0.035377822875976565,0.04512681579589844
B64/L512,20,Exposed H2D wait,0.006347207903862,0.006438975811004639,0.006728384017944336
B64/L512,20,Forward pack/A2A/completion,0.009594240163161885,0.00469423996610567,0.020272960928734395
B64/L512,20,Global barrier,0.0006662239916622639,0.0002243199944496155,0.0015015679597854615
B64/L512,20,H2D enqueue,0.0002701679952442646,0.00027622398734092714,0.00030134400725364684
B64/L512,20,Layout CPU,0.22695838928222656,0.23050454711914062,0.23050454711914062
B64/L512,20,Layout GPU tensor construction,0.08426055145263672,0.08428720092773437,0.08567593383789063
B64/L512,20,Metadata Gate probability tail,0.00018426400050520895,0.00017692799866199493,0.00019043199717998504
B64/L512,20,Metadata counts,0.0002648560032248497,0.00028870400786399844,0.00028870400786399844
B64/L512,20,Metadata selected IDs,0.00025783199816942215,0.00025382399559020996,0.00027024000883102417
B64/L512,20,Metadata weights,0.00018845599889755248,0.00018729600310325622,0.00019023999571800233
B64/L512,20,Other MoE/host gaps,0.01249809601576999,0.013830111750168728,0.013830111750168728
B64/L512,20,Placement CPU,0.02277788782119751,0.023079967498779295,0.023079967498779295
B64/L512,20,Return A2A/combine,0.01358916798233986,0.017478047847747803,0.018854560017585755
B64/L512,20,Router/Gate,0.00033843200653791425,0.0003402880132198334,0.0003402880132198334
B64/L512,21,Attention/dense/non-MoE,0.009979872151394375,0.009979840389918537,0.009992736295098439
B64/L512,21,D2H/materialization,0.003991271983832121,0.0038780799359083174,0.004315967865288257
B64/L512,21,Expert execution,0.04289398384094238,0.04291644668579102,0.0510432014465332
B64/L512,21,Exposed H2D wait,0.006339304089546203,0.006459904193878174,0.006717376232147217
B64/L512,21,Forward pack/A2A/completion,0.012873495872132481,0.004513952098786831,0.02636252740561031
B64/L512,21,Global barrier,0.0005005840063095093,0.00021913599967956544,0.0006581760048866272
B64/L512,21,H2D enqueue,0.0002749279960989952,0.0002868799865245819,0.00028863999247550964
B64/L512,21,Layout CPU,0.23423951721191405,0.240676025390625,0.240676025390625
B64/L512,21,Layout GPU tensor construction,0.08462621688842774,0.08484710693359375,0.08547811126708985
B64/L512,21,Metadata Gate probability tail,0.00017577600106596946,0.00017004799842834471,0.00018217599391937256
B64/L512,21,Metadata counts,0.00026508799940347676,0.00028569599986076356,0.00028569599986076356
B64/L512,21,Metadata selected IDs,0.00025109600648283957,0.00023686400055885316,0.00026812800765037536
B64/L512,21,Metadata weights,0.00019359199702739715,0.00018812799453735352,0.00019779199361801147
B64/L512,21,Other MoE/host gaps,0.012697983824822586,0.014067679717438294,0.014067679717438294
B64/L512,21,Placement CPU,0.023300111770629885,0.023879039764404298,0.024210559844970704
B64/L512,21,Return A2A/combine,0.015787791907787323,0.01575171220302582,0.020160799741744995
B64/L512,21,Router/Gate,0.0003400079980492592,0.0003389439880847931,0.00034249600768089294
B64/L512,22,Attention/dense/non-MoE,0.009983120073389728,0.009985951959853991,0.009993215993279592
B64/L512,22,D2H/materialization,0.0038092479221522807,0.0037959039285778997,0.004081343777477741
B64/L512,22,Expert execution,0.04017960786819458,0.03993299102783203,0.05102096176147461
B64/L512,22,Exposed H2D wait,0.006402071952819824,0.006570847988128662,0.0067749757766723635
B64/L512,22,Forward pack/A2A/completion,0.0076173759540542965,0.0046792641275096684,0.015246431661769748
B64/L512,22,Global barrier,0.0006389439962804317,0.00022208000719547272,0.00101801598072052
B64/L512,22,H2D enqueue,0.000268607996404171,0.00026854398846626283,0.0002763519883155823
B64/L512,22,Layout CPU,0.22956507110595703,0.2319785614013672,0.23202569580078125
B64/L512,22,Layout GPU tensor construction,0.08308432006835938,0.08260076904296874,0.08370003509521484
B64/L512,22,Metadata Gate probability tail,0.0001767599992454052,0.0001759359985589981,0.00018796800076961517
B64/L512,22,Metadata counts,0.0002630000039935112,0.00027644801139831544,0.00027644801139831544
B64/L512,22,Metadata selected IDs,0.00022702400013804435,0.0002442239969968796,0.0002442239969968796
B64/L512,22,Metadata weights,0.00020070400089025497,0.0002003200054168701,0.00020751999318599702
B64/L512,22,Other MoE/host gaps,0.012796656238730067,0.01386473633395508,0.01386473633395508
B64/L512,22,Placement CPU,0.02293214416503906,0.02313417625427246,0.023250240325927735
B64/L512,22,Return A2A/combine,0.018691311895847322,0.01892095935344696,0.027740384697914122
B64/L512,22,Router/Gate,0.00033945600688457486,0.00034160000085830687,0.00034160000085830687
B64/L512,23,Attention/dense/non-MoE,0.009981184088508599,0.009982047824654729,0.00999299230473116
B64/L512,23,D2H/materialization,0.003835063925012946,0.0038596798777580264,0.004138623952865601
B64/L512,23,Expert execution,0.04071957683563232,0.04025753784179688,0.04714067077636719
B64/L512,23,Exposed H2D wait,0.00641698408126831,0.006492800235748291,0.006940864086151123
B64/L512,23,Forward pack/A2A/completion,0.015581928257772232,0.0045678721587173645,0.024314624851802365
B64/L512,23,Global barrier,0.001053736001253128,0.0005919679999351502,0.0017266240119934082
B64/L512,23,H2D enqueue,0.000281360000371933,0.0002971200048923492,0.0002971200048923492
B64/L512,23,Layout CPU,0.23165793228149414,0.2402008056640625,0.2402008056640625
B64/L512,23,Layout GPU tensor construction,0.08377690505981446,0.08486351776123047,0.08492976379394532
B64/L512,23,Metadata Gate probability tail,0.0002080719992518425,0.0001798720061779022,0.0002306559979915619
B64/L512,23,Metadata counts,0.00026852799206972125,0.00027497598528862,0.00027497598528862
B64/L512,23,Metadata selected IDs,0.00029771199822425844,0.00024963200092315674,0.0003176319897174835
B64/L512,23,Metadata weights,0.0002012160010635853,0.00019078400731086732,0.00020697599649429323
B64/L512,23,Other MoE/host gaps,0.01242650399269769,0.014055136018898337,0.014055136018898337
B64/L512,23,Placement CPU,0.022844536304473875,0.023045536041259765,0.023045536041259765
B64/L512,23,Return A2A/combine,0.01409120011329651,0.014501631855964661,0.019167456030845645
B64/L512,23,Router/Gate,0.00033844800293445583,0.00033852800726890563,0.0003393599987030029
B64/L512,24,Attention/dense/non-MoE,0.009981255958788097,0.009979936286108567,0.009995199739700183
B64/L512,24,D2H/materialization,0.0038278160020709037,0.0038411199748516083,0.004093983985483647
B64/L512,24,Expert execution,0.046434121131896974,0.05531808090209961,0.05531808090209961
B64/L512,24,Exposed H2D wait,0.006310304045677185,0.006397952079772949,0.006601408004760743
B64/L512,24,Forward pack/A2A/completion,0.010123648219450842,0.004895744062960148,0.019870880922535434
B64/L512,24,Global barrier,0.0008050319999456406,0.0002258239984512329,0.001286080002784729
B64/L512,24,H2D enqueue,0.0002810399979352951,0.0002977280020713806,0.0002977280020713806
B64/L512,24,Layout CPU,0.23859061431884765,0.24294854736328125,0.24294854736328125
B64/L512,24,Layout GPU tensor construction,0.08491060066223144,0.08492569732666015,0.08528998565673829
B64/L512,24,Metadata Gate probability tail,0.00019391199946403503,0.0001979839950799942,0.0002115200012922287
B64/L512,24,Metadata counts,0.0002739359959959984,0.00028009599447250365,0.0002975679934024811
B64/L512,24,Metadata selected IDs,0.0002935039959847927,0.0003139519989490509,0.0003139519989490509
B64/L512,24,Metadata weights,0.00019012800231575966,0.00019331200420856477,0.00019363200664520265
B64/L512,24,Other MoE/host gaps,0.012515791978221386,0.0138085119810421,0.0138085119810421
B64/L512,24,Placement CPU,0.02296391201019287,0.022999967575073242,0.02381737518310547
B64/L512,24,Return A2A/combine,0.016789679795503616,0.007898015856742858,0.023563584208488465
B64/L512,24,Router/Gate,0.00034119199216365816,0.000340831995010376,0.0003416639864444733
B64/L512,25,Attention/dense/non-MoE,0.009979408002342097,0.009978239595657214,0.00998988808505237
B64/L512,25,D2H/materialization,0.003735367972403765,0.0036276160404086115,0.004074815958738327
B64/L512,25,Expert execution,0.04066139173507691,0.04188240051269531,0.05278297424316406
B64/L512,25,Exposed H2D wait,0.006383664011955261,0.006475359916687012,0.0066743998527526854
B64/L512,25,Forward pack/A2A/completion,0.011782640173099934,0.005103647901909427,0.018601184545550493
B64/L512,25,Global barrier,0.0006861679814755917,0.000377920001745224,0.0011051839590072632
B64/L512,25,H2D enqueue,0.00028310400247573853,0.00027020800113677977,0.00031808000802993776
B64/L512,25,Layout CPU,0.2321148567199707,0.23796730041503905,0.23796730041503905
B64/L512,25,Layout GPU tensor construction,0.08549371147155761,0.08593081665039062,0.08709410858154297
B64/L512,25,Metadata Gate probability tail,0.00018415999785065652,0.0001889919936656952,0.0001889919936656952
B64/L512,25,Metadata counts,0.0002613040022552013,0.00026790401339530945,0.00026790401339530945
B64/L512,25,Metadata selected IDs,0.00022470399737358095,0.000225055992603302,0.0002295359969139099
B64/L512,25,Metadata weights,0.00020109600201249122,0.00020150400698184967,0.0002045760005712509
B64/L512,25,Other MoE/host gaps,0.012585856160265392,0.013734176093246786,0.013734176093246786
B64/L512,25,Placement CPU,0.023249175548553467,0.022824895858764647,0.02437555122375488
B64/L512,25,Return A2A/combine,0.01990461575984955,0.01866966450214386,0.0296545592546463
B64/L512,25,Router/Gate,0.00033690399676561357,0.0003381760120391846,0.0003381760120391846
B64/L512,26,Attention/dense/non-MoE,0.009979472165345215,0.009975648462539538,0.009996672109002248
B64/L512,26,D2H/materialization,0.0039008400030434128,0.0036706880182027814,0.0043084478378295895
B64/L512,26,Expert execution,0.043190208435058594,0.05008614349365234,0.05016086578369141
B64/L512,26,Exposed H2D wait,0.006325968027114868,0.006381152153015136,0.00667193603515625
B64/L512,26,Forward pack/A2A/completion,0.009764823907753451,0.0052119040929246695,0.02148886348889209
B64/L512,26,Global barrier,0.0007344479933381081,0.00023583999276161193,0.0011436799764633178
B64/L512,26,H2D enqueue,0.0002768880054354668,0.0002851200103759766,0.0002884800136089325
B64/L512,26,Layout CPU,0.2311034965515137,0.2350784606933594,0.2350784606933594
B64/L512,26,Layout GPU tensor construction,0.08648431968688965,0.086187744140625,0.08801696014404296
B64/L512,26,Metadata Gate probability tail,0.00018305600062012672,0.00018335999548435211,0.00019728000462055205
B64/L512,26,Metadata counts,0.00026102400571107864,0.0002714560031890869,0.0002714560031890869
B64/L512,26,Metadata selected IDs,0.00023823200166225432,0.0002471680045127869,0.0002471680045127869
B64/L512,26,Metadata weights,0.00019589600339531897,0.0001995840072631836,0.00020403200387954712
B64/L512,26,Other MoE/host gaps,0.012776328032545282,0.014040960248094052,0.014040960248094052
B64/L512,26,Placement CPU,0.022666423797607423,0.022934783935546876,0.022934783935546876
B64/L512,26,Return A2A/combine,0.0148961119055748,0.008010175943374635,0.02301923191547394
B64/L512,26,Router/Gate,0.0003386080041527748,0.0003381760120391846,0.00033955198526382447
B64/L512,27,Attention/dense/non-MoE,0.009981952115136665,0.009981920457445085,0.00998966408520937
B64/L512,27,D2H/materialization,0.003913376092910766,0.0038541760817170146,0.004103231981396675
B64/L512,27,Expert execution,0.040669816017150875,0.044848480224609376,0.044848480224609376
B64/L512,27,Exposed H2D wait,0.006316992044448853,0.0063911681175231935,0.0066629438400268555
B64/L512,27,Forward pack/A2A/completion,0.006925143961736467,0.004911807991098613,0.010444191737566144
B64/L512,27,Global barrier,0.000841912005096674,0.000497184008359909,0.0013583359718322755
B64/L512,27,H2D enqueue,0.0002799840047955513,0.0003056640028953552,0.0003056640028953552
B64/L512,27,Layout CPU,0.22687537002563476,0.2274851531982422,0.2292001953125
B64/L512,27,Layout GPU tensor construction,0.08370777702331543,0.08374912261962891,0.08429869079589844
B64/L512,27,Metadata Gate probability tail,0.00017775199934840202,0.000176256000995636,0.00018825599551200868
B64/L512,27,Metadata counts,0.0002694320008158684,0.0002704319953918457,0.0002800320088863373
B64/L512,27,Metadata selected IDs,0.00024431199952960013,0.0002409600019454956,0.00027833598852157595
B64/L512,27,Metadata weights,0.000183448001742363,0.00018569600582122803,0.00019155199825763702
B64/L512,27,Other MoE/host gaps,0.012755503831023815,0.014094463528599591,0.014094463528599591
B64/L512,27,Placement CPU,0.02301127195358276,0.02331113624572754,0.02331113624572754
B64/L512,27,Return A2A/combine,0.011907863974571229,0.007770111918449401,0.01683891212940216
B64/L512,27,Router/Gate,0.0003398720026016235,0.00033766400814056396,0.0003426559865474701
B64/L512,28,Attention/dense/non-MoE,0.009978335888299626,0.009975040018325672,0.010001856282586232
B64/L512,28,D2H/materialization,0.0038277039872482415,0.003647455930709839,0.004066560082137584
B64/L512,28,Expert execution,0.038244184494018556,0.040402080535888674,0.04629056167602539
B64/L512,28,Exposed H2D wait,0.006243055939674377,0.006269951820373535,0.006526144027709961
B64/L512,28,Forward pack/A2A/completion,0.018689447804354133,0.005069760120939463,0.03647052680538036
B64/L512,28,Global barrier,0.0006070959940552711,0.0002309119999408722,0.0011707199811935424
B64/L512,28,H2D enqueue,0.0002685519903898239,0.0002746559977531433,0.0002899839878082275
B64/L512,28,Layout CPU,0.22976164245605468,0.23652076721191406,0.23652076721191406
B64/L512,28,Layout GPU tensor construction,0.09252117538452148,0.09620333099365234,0.09620333099365234
B64/L512,28,Metadata Gate probability tail,0.00020229599997401235,0.000177279993891716,0.0002566080093383789
B64/L512,28,Metadata counts,0.0002767039984464645,0.00027823999524116515,0.00029769599437713624
B64/L512,28,Metadata selected IDs,0.0002569440007209778,0.00022460800409317017,0.0003086079955101013
B64/L512,28,Metadata weights,0.0001923999972641468,0.00020399999618530274,0.00020399999618530274
B64/L512,28,Other MoE/host gaps,0.012598151876067278,0.014007647934602574,0.014007647934602574
B64/L512,28,Placement CPU,0.029634895801544187,0.031940895080566405,0.0320164794921875
B64/L512,28,Return A2A/combine,0.015861904203891754,0.013713279604911805,0.02362758481502533
B64/L512,28,Router/Gate,0.0003382640033960342,0.0003398079872131348,0.0003398079872131348
B64/L512,29,Attention/dense/non-MoE,0.009979504113434814,0.009979615747695788,0.009985472157830372
B64/L512,29,D2H/materialization,0.0038206239938735963,0.0036972159296274187,0.004060895949602127
B64/L512,29,Expert execution,0.04314574337005615,0.04111062240600586,0.050054622650146485
B64/L512,29,Exposed H2D wait,0.006284559965133667,0.0063357439041137695,0.006595071792602539
B64/L512,29,Forward pack/A2A/completion,0.011453519978618714,0.004732928081648424,0.015314111834624783
B64/L512,29,Global barrier,0.0006611599884927273,0.00021795199811458588,0.0008489279747009277
B64/L512,29,H2D enqueue,0.0002704080045223236,0.0002744640111923218,0.00028806400299072267
B64/L512,29,Layout CPU,0.22984737014770507,0.23570150756835936,0.23570150756835936
B64/L512,29,Layout GPU tensor construction,0.08427809715270997,0.08438121795654296,0.0848536605834961
B64/L512,29,Metadata Gate probability tail,0.0001735360026359558,0.0001759359985589981,0.0001780800074338913
B64/L512,29,Metadata counts,0.00025170400366187094,0.0002483520060777664,0.0002587200105190277
B64/L512,29,Metadata selected IDs,0.0002361440025269985,0.00023718400299549102,0.0002425599992275238
B64/L512,29,Metadata weights,0.0001828560046851635,0.00019171200692653657,0.00019171200692653657
B64/L512,29,Other MoE/host gaps,0.01272432000277331,0.01386348810372874,0.01386348810372874
B64/L512,29,Placement CPU,0.02273893594741821,0.02286025619506836,0.022864320755004882
B64/L512,29,Return A2A/combine,0.01461891195178032,0.016612704038619995,0.01830716776847839
B64/L512,29,Router/Gate,0.0003365840017795563,0.0003399040102958679,0.0003399040102958679
B64/L512,30,Attention/dense/non-MoE,0.009978144013264682,0.009979455530410632,0.009983104184502736
B64/L512,30,D2H/materialization,0.003928608050569892,0.0037080321162939072,0.004114783927798271
B64/L512,30,Expert execution,0.04211352062225342,0.03865350341796875,0.056481632232666015
B64/L512,30,Exposed H2D wait,0.006337671995162964,0.006492224216461182,0.006687647819519043
B64/L512,30,Forward pack/A2A/completion,0.013184528178418985,0.004946016117697582,0.020667360430350525
B64/L512,30,Global barrier,0.0006622239984571933,0.00022313599288463593,0.0013500159978866576
B64/L512,30,H2D enqueue,0.00026568800956010817,0.00026492801308631897,0.0002758080065250397
B64/L512,30,Layout CPU,0.22217288970947266,0.22828854370117188,0.22828854370117188
B64/L512,30,Layout GPU tensor construction,0.08320555305480958,0.08433270263671876,0.08442765045166016
B64/L512,30,Metadata Gate probability tail,0.00018145599588751792,0.00017388799786567687,0.0002008959949016571
B64/L512,30,Metadata counts,0.0002600800022482872,0.0002791360020637512,0.0002791360020637512
B64/L512,30,Metadata selected IDs,0.0002492160014808178,0.00024377599358558656,0.00028128001093864443
B64/L512,30,Metadata weights,0.0001913760006427765,0.0001860799938440323,0.00019676800072193146
B64/L512,30,Other MoE/host gaps,0.012486920165654737,0.013870816441019996,0.013870816441019996
B64/L512,30,Placement CPU,0.022781007766723635,0.022896703720092774,0.0229803524017334
B64/L512,30,Return A2A/combine,0.02286752834916115,0.026318431496620175,0.032773569107055665
B64/L512,30,Router/Gate,0.00033912799507379533,0.0003389439880847931,0.00033932799100875856
B64/L512,31,Attention/dense/non-MoE,0.009972872049780562,0.009976832397282124,0.009978207595646382
B64/L512,31,D2H/materialization,0.003676823945716024,0.003592511892318726,0.003932575926184655
B64/L512,31,Expert execution,0.03916689586639404,0.043603168487548825,0.043603168487548825
B64/L512,31,Exposed H2D wait,0.006347192049026489,0.0064653120040893556,0.006661344051361084
B64/L512,31,Forward pack/A2A/completion,0.01215391988970805,0.004929983995854854,0.018264128184178843
B64/L512,31,Global barrier,0.0008152239806950092,0.00021929599344730377,0.001386623978614807
B64/L512,31,H2D enqueue,0.0002714399993419647,0.00026364800333976743,0.0002911039888858795
B64/L512,31,Layout CPU,0.22406507110595703,0.22695957946777343,0.22695957946777343
B64/L512,31,Layout GPU tensor construction,0.08642567253112793,0.08947193908691406,0.08947193908691406
B64/L512,31,Metadata Gate probability tail,0.00018439199775457382,0.0001754239946603775,0.000199520006775856
B64/L512,31,Metadata counts,0.00028445600718259815,0.00030640000104904173,0.00030640000104904173
B64/L512,31,Metadata selected IDs,0.00025857599452137946,0.0002667199969291687,0.0002667199969291687
B64/L512,31,Metadata weights,0.00018824799731373786,0.00019116799533367156,0.00019116799533367156
B64/L512,31,Other MoE/host gaps,0.012723791998403613,0.014192608323646709,0.014192608323646709
B64/L512,31,Placement CPU,0.022620935916900634,0.023030752182006835,0.023030752182006835
B64/L512,31,Return A2A/combine,0.012288647800683975,0.007846143722534178,0.01651257574558258
B64/L512,31,Router/Gate,0.0003396879956126213,0.0003402239978313446,0.0003402239978313446
B64/L512,32,Attention/dense/non-MoE,0.009976599962683394,0.00997772842622362,0.009991071708500386
B64/L512,32,D2H/materialization,0.003923199966549874,0.003785599961876869,0.0040918077826499945
B64/L512,32,Expert execution,0.038532207489013676,0.03727324676513672,0.04029753494262695
B64/L512,32,Exposed H2D wait,0.0063297278881073,0.006463679790496826,0.006665440082550049
B64/L512,32,Forward pack/A2A/completion,0.021338327920879238,0.004546207851031795,0.028747040150687096
B64/L512,32,Global barrier,0.0006851120069622993,0.00022870400547981263,0.001207360029220581
B64/L512,32,H2D enqueue,0.0003108960017561913,0.0003185279965400696,0.00034732800722122193
B64/L512,32,Layout CPU,0.22560741424560546,0.23115533447265624,0.23115533447265624
B64/L512,32,Layout GPU tensor construction,0.08436778450012207,0.08945238494873047,0.08945238494873047
B64/L512,32,Metadata Gate probability tail,0.00017930400371551512,0.00017404800653457643,0.00018995200097560882
B64/L512,32,Metadata counts,0.00027032800763845445,0.00029020801186561583,0.00029020801186561583
B64/L512,32,Metadata selected IDs,0.00025800799950957297,0.0002329919934272766,0.0003123520016670227
B64/L512,32,Metadata weights,0.00018753600120544433,0.00019075199961662292,0.00019289599359035493
B64/L512,32,Other MoE/host gaps,0.014346296107803937,0.02079251222056337,0.02079251222056337
B64/L512,32,Placement CPU,0.023127448081970214,0.023293312072753907,0.023484479904174804
B64/L512,32,Return A2A/combine,0.009552952140569686,0.010812992095947264,0.011752640366554259
B64/L512,32,Router/Gate,0.0003372159972786903,0.0003398399949073792,0.0003398399949073792
B64/L512,33,Attention/dense/non-MoE,0.009982039959344546,0.009987231790786609,0.009987231790786609
B64/L512,33,D2H/materialization,0.0038958479650318626,0.0036824320778250695,0.004101119838654995
B64/L512,33,Expert execution,0.0390249605178833,0.03569667053222656,0.043932289123535154
B64/L512,33,Exposed H2D wait,0.0063731600046157836,0.006530848026275635,0.0067935681343078615
B64/L512,33,Forward pack/A2A/completion,0.01969563205586746,0.004025599962333218,0.026873632041737434
B64/L512,33,Global barrier,0.0006203680112957954,0.00044278401136398315,0.0009648320078849792
B64/L512,33,H2D enqueue,0.00026340799778699876,0.0002635200023651123,0.00028121599555015563
B64/L512,33,Layout CPU,0.2289684638977051,0.23848434448242187,0.23848434448242187
B64/L512,33,Layout GPU tensor construction,0.08509309577941895,0.09000262451171875,0.09000262451171875
B64/L512,33,Metadata Gate probability tail,0.00021783199533820154,0.0001992959976196289,0.0002487999945878983
B64/L512,33,Metadata counts,0.0002756400033831596,0.0002979840040206909,0.0002979840040206909
B64/L512,33,Metadata selected IDs,0.00025387199968099594,0.0002277120053768158,0.00028515198826789854
B64/L512,33,Metadata weights,0.0001959119960665703,0.00020406399667263032,0.00020406399667263032
B64/L512,33,Other MoE/host gaps,0.012930039978935383,0.014357279964955528,0.014357279964955528
B64/L512,33,Placement CPU,0.022998336315155028,0.023029600143432617,0.02354902458190918
B64/L512,33,Return A2A/combine,0.01262674418091774,0.01597420835494995,0.01597420835494995
B64/L512,33,Router/Gate,0.0003396879956126213,0.00033855998516082764,0.0003414719998836517
B64/L512,34,Attention/dense/non-MoE,0.009981304093438666,0.009977760001318529,0.0099872641118709
B64/L512,34,D2H/materialization,0.003910408027470112,0.0037186559066176416,0.004113536104559898
B64/L512,34,Expert execution,0.03838652038574219,0.04443097686767578,0.04443097686767578
B64/L512,34,Exposed H2D wait,0.006330496072769165,0.006422656059265137,0.006672575950622559
B64/L512,34,Forward pack/A2A/completion,0.011776208066556137,0.005201600022148341,0.016675391918281095
B64/L512,34,Global barrier,0.0008576800040900707,0.0002338239997625351,0.0012560960054397584
B64/L512,34,H2D enqueue,0.0002756080031394958,0.0002821120023727417,0.00029423999786376955
B64/L512,34,Layout CPU,0.23114226531982424,0.2354198455810547,0.2354198455810547
B64/L512,34,Layout GPU tensor construction,0.08565715980529785,0.08714524841308594,0.08714524841308594
B64/L512,34,Metadata Gate probability tail,0.00017977600172162055,0.00018960000574588776,0.0001935040056705475
B64/L512,34,Metadata counts,0.00025940800458192824,0.0002738560140132904,0.0002738560140132904
B64/L512,34,Metadata selected IDs,0.00023639999702572824,0.00023740799725055695,0.00024198399484157563
B64/L512,34,Metadata weights,0.00018888000026345253,0.0001892160028219223,0.00019359999895095825
B64/L512,34,Other MoE/host gaps,0.012618776024261025,0.014037119741784409,0.014037119741784409
B64/L512,34,Placement CPU,0.02303453588485718,0.023135648727416993,0.023305919647216795
B64/L512,34,Return A2A/combine,0.014005599945783615,0.007946272134780885,0.01793305611610413
B64/L512,34,Router/Gate,0.00033791199326515197,0.0003362239897251129,0.0003394559919834137
B64/L512,35,Attention/dense/non-MoE,0.009977767894975842,0.009978912143502385,0.009983327873051168
B64/L512,35,D2H/materialization,0.003979904003441333,0.0037167680636048315,0.004258271805942059
B64/L512,35,Expert execution,0.03935540771484375,0.041256832122802733,0.04251788711547851
B64/L512,35,Exposed H2D wait,0.006351848006248474,0.0064784960746765135,0.006729631900787353
B64/L512,35,Forward pack/A2A/completion,0.013226824054552708,0.004779935931088403,0.024670496236998588
B64/L512,35,Global barrier,0.0007003920152783393,0.0002648639976978302,0.0009582080245018005
B64/L512,35,H2D enqueue,0.00027511999756097793,0.0002863999903202057,0.00030399999022483827
B64/L512,35,Layout CPU,0.2318650016784668,0.23776483154296876,0.23776483154296876
B64/L512,35,Layout GPU tensor construction,0.08536521530151367,0.0872127685546875,0.0872127685546875
B64/L512,35,Metadata Gate probability tail,0.0001948080025613308,0.00018742400407791138,0.00019968000054359437
B64/L512,35,Metadata counts,0.00028886400908231737,0.00027644801139831544,0.00032019200921058657
B64/L512,35,Metadata selected IDs,0.0002553760036826134,0.00026070401072502135,0.00027433601021766664
B64/L512,35,Metadata weights,0.00018487999960780144,0.00018588800728321076,0.00019379200041294098
B64/L512,35,Other MoE/host gaps,0.012702968173951376,0.014023775943787767,0.014023775943787767
B64/L512,35,Placement CPU,0.02284501600265503,0.022798368453979492,0.023125120162963867
B64/L512,35,Return A2A/combine,0.010929896146059036,0.009026111960411072,0.015373184084892274
B64/L512,35,Router/Gate,0.0003351600021123886,0.0003344959914684296,0.0003365119993686676
B64/L512,36,Attention/dense/non-MoE,0.00998062398901675,0.009975392349064352,0.009994015804957599
B64/L512,36,D2H/materialization,0.003782824009656906,0.003647648051381111,0.004020128041505814
B64/L512,36,Expert execution,0.03831803178787231,0.040278144836425785,0.041915199279785154
B64/L512,36,Exposed H2D wait,0.0062348638772964475,0.006243455886840821,0.006536255836486817
B64/L512,36,Forward pack/A2A/completion,0.01369402407022426,0.005193631947273389,0.021702463961206377
B64/L512,36,Global barrier,0.0007171840108931065,0.00021583999693393707,0.0012017600536346435
B64/L512,36,H2D enqueue,0.00026985599845647814,0.00027964800596237183,0.000282368004322052
B64/L512,36,Layout CPU,0.23171467971801757,0.23863241577148436,0.23863241577148436
B64/L512,36,Layout GPU tensor construction,0.08506369590759277,0.08604345703125,0.08604345703125
B64/L512,36,Metadata Gate probability tail,0.00017763999849557875,0.00017782400548458098,0.00018512000143527984
B64/L512,36,Metadata counts,0.0002596479952335358,0.0002678079903125763,0.0002678079903125763
B64/L512,36,Metadata selected IDs,0.00023600800335407256,0.00022937600314617158,0.00024393600225448608
B64/L512,36,Metadata weights,0.0001873999983072281,0.00018985599279403687,0.00019232000410556794
B64/L512,36,Other MoE/host gaps,0.012667256106680725,0.014214112363522874,0.014214112363522874
B64/L512,36,Placement CPU,0.023218296527862548,0.02290768051147461,0.024368928909301757
B64/L512,36,Return A2A/combine,0.011367024153470994,0.009383904218673706,0.017940192222595217
B64/L512,36,Router/Gate,0.0003363440036773682,0.00033532801270484924,0.00033878400921821594
B64/L512,37,Attention/dense/non-MoE,0.009979279893741477,0.009976543962722644,0.009994015701115131
B64/L512,37,D2H/materialization,0.0037811519782990216,0.0036434880793094634,0.00409865578263998
B64/L512,37,Expert execution,0.04039920139312744,0.035107105255126954,0.050672897338867186
B64/L512,37,Exposed H2D wait,0.006264256000518799,0.00631388807296753,0.006724800109863281
B64/L512,37,Forward pack/A2A/completion,0.015094752375676763,0.004580671891337261,0.024546112804207952
B64/L512,37,Global barrier,0.0005704239942133426,0.0002176000028848648,0.0006989439725875855
B64/L512,37,H2D enqueue,0.000273656003177166,0.00027558401226997377,0.00029254400730133054
B64/L512,37,Layout CPU,0.23275397109985352,0.2413763885498047,0.2413763885498047
B64/L512,37,Layout GPU tensor construction,0.08298229598999024,0.08436271667480469,0.08436271667480469
B64/L512,37,Metadata Gate probability tail,0.00020476000010967254,0.00019920000433921813,0.00021580800414085387
B64/L512,37,Metadata counts,0.0002746639996767044,0.00028543999791145325,0.00028543999791145325
B64/L512,37,Metadata selected IDs,0.00022683199867606164,0.00023024000227451325,0.0002343679964542389
B64/L512,37,Metadata weights,0.0001836159937083721,0.00018211199343204498,0.00018806399405002595
B64/L512,37,Other MoE/host gaps,0.012747856047935782,0.014046559929847716,0.014046559929847716
B64/L512,37,Placement CPU,0.022865367889404298,0.022546047210693358,0.023713567733764648
B64/L512,37,Return A2A/combine,0.017865735918283464,0.023131423473358156,0.023131423473358156
B64/L512,37,Router/Gate,0.0003314879983663559,0.0003285439908504486,0.00033327999711036684
B64/L512,38,Attention/dense/non-MoE,0.009977488123753573,0.009971840223530306,0.00999398422986269
B64/L512,38,D2H/materialization,0.0038093279656022786,0.003658591978251934,0.004100319892168045
B64/L512,38,Expert execution,0.03940988874435425,0.035029216766357424,0.059246337890625
B64/L512,38,Exposed H2D wait,0.006271343946456909,0.0063712639808654785,0.006682943820953369
B64/L512,38,Forward pack/A2A/completion,0.015262192084570416,0.004728863879805431,0.026086079193279148
B64/L512,38,Global barrier,0.0005615359917283059,0.0002194879949092865,0.0007725440263748169
B64/L512,38,H2D enqueue,0.000272536002099514,0.0002677440047264099,0.0002862400114536285
B64/L512,38,Layout CPU,0.23132144927978515,0.23961053466796875,0.23961053466796875
B64/L512,38,Layout GPU tensor construction,0.08569717597961427,0.08697907257080079,0.08697907257080079
B64/L512,38,Metadata Gate probability tail,0.00018185600265860558,0.00017708800733089446,0.00018742400407791138
B64/L512,38,Metadata counts,0.00026655199378728864,0.0002911039888858795,0.0002911039888858795
B64/L512,38,Metadata selected IDs,0.000242576003074646,0.0002430720031261444,0.0002449280023574829
B64/L512,38,Metadata weights,0.00018973600119352342,0.0001910720020532608,0.00019436800479888917
B64/L512,38,Other MoE/host gaps,0.012525895780301652,0.013860927998321133,0.013860927998321133
B64/L512,38,Placement CPU,0.02269920015335083,0.02272879981994629,0.022864736557006837
B64/L512,38,Return A2A/combine,0.02767322412133217,0.032031456232070925,0.035945600748062134
B64/L512,38,Router/Gate,0.0003317360058426857,0.0003308480083942413,0.0003343999981880188
B64/L512,39,Attention/dense/non-MoE,0.009980239818862174,0.009984223901992663,0.009988159715896472
B64/L512,39,D2H/materialization,0.004014359908178449,0.003743231989443302,0.004399679772555828
B64/L512,39,Expert execution,0.033139847278594974,0.035655071258544925,0.035655071258544925
B64/L512,39,Exposed H2D wait,0.006313984036445617,0.0063528637886047365,0.006618048191070557
B64/L512,39,Forward pack/A2A/completion,0.013483656010765118,0.005053504064446315,0.020019744633231314
B64/L512,39,Global barrier,0.0005899519994854927,0.00026607999205589296,0.0012498559951782226
B64/L512,39,H2D enqueue,0.00026572000235319137,0.00026054400205612185,0.0002867200076580048
B64/L512,39,Layout CPU,0.22763038635253907,0.23452784729003906,0.23452784729003906
B64/L512,39,Layout GPU tensor construction,0.08355692100524903,0.08417417907714844,0.08425247955322265
B64/L512,39,Metadata Gate probability tail,0.00017563199996948242,0.00017903999984264374,0.00017903999984264374
B64/L512,39,Metadata counts,0.0002650559991598129,0.00027408000826835633,0.00027408000826835633
B64/L512,39,Metadata selected IDs,0.00024379199743270873,0.00024025599658489228,0.0002534399926662445
B64/L512,39,Metadata weights,0.00018932799994945525,0.00019747200608253478,0.00019747200608253478
B64/L512,39,Other MoE/host gaps,0.012439735737571029,0.013879039533901964,0.013879039533901964
B64/L512,39,Placement CPU,0.02276159143447876,0.02276380729675293,0.02289983940124512
B64/L512,39,Return A2A/combine,0.010511591970920563,0.008002367973327637,0.014566687941551209
B64/L512,39,Router/Gate,0.0003351520001888275,0.0003347519934177399,0.00033542400598526
B64/L512,40,Attention/dense/non-MoE,0.009981287880975288,0.00997651206655428,0.009992927558720112
B64/L512,40,D2H/materialization,0.004074191998690367,0.0037422400414943695,0.004612288124859333
B64/L512,40,Expert execution,0.03688277626037598,0.04229024124145508,0.04229024124145508
B64/L512,40,Exposed H2D wait,0.006209191918373108,0.00639737606048584,0.006593215942382813
B64/L512,40,Forward pack/A2A/completion,0.016710608194873203,0.0047252800317946824,0.029083904824219645
B64/L512,40,Global barrier,0.000749567985534668,0.00022019200026988982,0.0015763839483261108
B64/L512,40,H2D enqueue,0.00026111999899148944,0.00025561600923538206,0.00027535998821258547
B64/L512,40,Layout CPU,0.23553297424316405,0.24603248596191407,0.24603248596191407
B64/L512,40,Layout GPU tensor construction,0.08427736091613769,0.08511561584472656,0.08511561584472656
B64/L512,40,Metadata Gate probability tail,0.00017658399790525437,0.00017468799650669097,0.00018537600338459014
B64/L512,40,Metadata counts,0.0002587600015103817,0.00027206400036811827,0.00027206400036811827
B64/L512,40,Metadata selected IDs,0.0002295359969139099,0.00022921599447727202,0.00023820799589157105
B64/L512,40,Metadata weights,0.00020130400359630584,0.0002032960057258606,0.0002078399956226349
B64/L512,40,Other MoE/host gaps,0.0125474161496968,0.013778208087896931,0.013778208087896931
B64/L512,40,Placement CPU,0.022793863773345947,0.022880064010620118,0.022929792404174806
B64/L512,40,Return A2A/combine,0.013457264006137847,0.008058464169502257,0.021499231815338134
B64/L512,40,Router/Gate,0.0003307759985327721,0.0003306879997253418,0.00033190399408340455
B64/L512,41,Attention/dense/non-MoE,0.009978520053729881,0.009987424008082599,0.009987424008082599
B64/L512,41,D2H/materialization,0.003991416016593576,0.0036871039941906926,0.004481472119688988
B64/L512,41,Expert execution,0.03368166399002075,0.038064224243164066,0.038064224243164066
B64/L512,41,Exposed H2D wait,0.006200952053070068,0.006440159797668457,0.006501952171325684
B64/L512,41,Forward pack/A2A/completion,0.016060463984846136,0.0048471039310097695,0.027898175864713267
B64/L512,41,Global barrier,0.0006663279831409455,0.0002279680073261261,0.0013877439498901367
B64/L512,41,H2D enqueue,0.00026768000423908235,0.00027427199482917783,0.00027692800760269166
B64/L512,41,Layout CPU,0.22857643127441407,0.2369993896484375,0.2369993896484375
B64/L512,41,Layout GPU tensor construction,0.08377512741088866,0.08496214294433593,0.08504857635498046
B64/L512,41,Metadata Gate probability tail,0.00020158399641513825,0.00020367999374866486,0.00020464000105857848
B64/L512,41,Metadata counts,0.00026190400123596194,0.0002721599936485291,0.0002721599936485291
B64/L512,41,Metadata selected IDs,0.00023899199813604355,0.00023587200045585633,0.0002510719895362854
B64/L512,41,Metadata weights,0.0001903120018541813,0.000185248002409935,0.00019529600441455842
B64/L512,41,Other MoE/host gaps,0.012755791858129667,0.014278367769205942,0.014278367769205942
B64/L512,41,Placement CPU,0.022671584129333497,0.023259136199951173,0.023259136199951173
B64/L512,41,Return A2A/combine,0.012293039798736572,0.007909152030944824,0.016449695467948913
B64/L512,41,Router/Gate,0.000329087994992733,0.00032867199182510376,0.00032972800731658934
B64/L512,42,Attention/dense/non-MoE,0.009978928094089496,0.009978655822575093,0.009986336073139682
B64/L512,42,D2H/materialization,0.0038257759995758535,0.003668287992477417,0.0040469119846820835
B64/L512,42,Expert execution,0.03521532773971558,0.040696319580078126,0.040696319580078126
B64/L512,42,Exposed H2D wait,0.006014832019805908,0.006061024188995361,0.006307360172271729
B64/L512,42,Forward pack/A2A/completion,0.017751599946292117,0.0052622720673680306,0.02496649546083063
B64/L512,42,Global barrier,0.0008393839858472348,0.00022451199591159822,0.0014033279418945313
B64/L512,42,H2D enqueue,0.0002652399986982346,0.00026767998933792115,0.00028758400678634646
B64/L512,42,Layout CPU,0.23055023193359375,0.24075840759277345,0.24075840759277345
B64/L512,42,Layout GPU tensor construction,0.08513852119445801,0.0865709457397461,0.0865709457397461
B64/L512,42,Metadata Gate probability tail,0.0001913440003991127,0.000179967999458313,0.00021273599565029144
B64/L512,42,Metadata counts,0.0002605839967727661,0.0002654080092906952,0.00027241599559783933
B64/L512,42,Metadata selected IDs,0.00024327200278639795,0.0002295680046081543,0.00025631999969482423
B64/L512,42,Metadata weights,0.00020601600036025046,0.00021315200626850127,0.00021315200626850127
B64/L512,42,Other MoE/host gaps,0.012498215889383575,0.013818463957635687,0.013818463957635687
B64/L512,42,Placement CPU,0.022677111625671386,0.02291756820678711,0.02291756820678711
B64/L512,42,Return A2A/combine,0.013525248229503632,0.008042208194732666,0.02129187214374542
B64/L512,42,Router/Gate,0.00033166399598121644,0.0003306879997253418,0.00033318400382995603
B64/L512,43,Attention/dense/non-MoE,0.009985127930878662,0.010006047785049304,0.010006047785049304
B64/L512,43,D2H/materialization,0.00393068009801209,0.0037202881127595903,0.004176992133259774
B64/L512,43,Expert execution,0.04132246398925781,0.0435401611328125,0.044769374847412106
B64/L512,43,Exposed H2D wait,0.006158895969390869,0.0062698559761047365,0.006479648113250733
B64/L512,43,Forward pack/A2A/completion,0.023382704597606788,0.005222208142047748,0.04919756899494678
B64/L512,43,Global barrier,0.000900751993060112,0.00022784000635147096,0.0013856639862060546
B64/L512,43,H2D enqueue,0.0002688479945063591,0.0002627519965171814,0.00028086400032043457
B64/L512,43,Layout CPU,0.23553960800170898,0.24803475952148438,0.24803475952148438
B64/L512,43,Layout GPU tensor construction,0.08540921592712403,0.08710617828369141,0.08710617828369141
B64/L512,43,Metadata Gate probability tail,0.0001876639984548092,0.00017110399901866912,0.00020406399667263032
B64/L512,43,Metadata counts,0.0002611440047621727,0.0002756800055503845,0.0002756800055503845
B64/L512,43,Metadata selected IDs,0.0002614720016717911,0.00024060800671577454,0.00027244800329208373
B64/L512,43,Metadata weights,0.0001963360048830509,0.00019251200556755067,0.00019993600249290465
B64/L512,43,Other MoE/host gaps,0.012596199961728416,0.01417731235269457,0.01417731235269457
B64/L512,43,Placement CPU,0.031561359405517575,0.03473030471801758,0.03473030471801758
B64/L512,43,Return A2A/combine,0.01139411985874176,0.00915670394897461,0.015390687465667723
B64/L512,43,Router/Gate,0.0003368480056524277,0.00033744001388549805,0.00033795198798179627
B64/L512,44,Attention/dense/non-MoE,0.009982232098816895,0.010003968246281148,0.010003968246281148
B64/L512,44,D2H/materialization,0.003915704049170018,0.0037143359407782557,0.004123615995049477
B64/L512,44,Expert execution,0.036369472980499265,0.0329788818359375,0.04446086502075195
B64/L512,44,Exposed H2D wait,0.0062862480878829955,0.006466847896575928,0.006674784183502197
B64/L512,44,Forward pack/A2A/completion,0.01708408000023337,0.005215584046207368,0.023701152093708516
B64/L512,44,Global barrier,0.0004763680063188076,0.00021916800737380981,0.0007890880107879639
B64/L512,44,H2D enqueue,0.0002629439979791641,0.00026633599400520327,0.0002756479978561401
B64/L512,44,Layout CPU,0.22783203887939452,0.2370265655517578,0.2370265655517578
B64/L512,44,Layout GPU tensor construction,0.08556611251831055,0.08743405151367188,0.08743405151367188
B64/L512,44,Metadata Gate probability tail,0.0001754160039126873,0.00018080000579357146,0.00018080000579357146
B64/L512,44,Metadata counts,0.00026318400353193285,0.0002632000148296356,0.0002696320116519928
B64/L512,44,Metadata selected IDs,0.00024003200232982638,0.0002369920015335083,0.00025868800282478335
B64/L512,44,Metadata weights,0.00019369600340723991,0.0001966080069541931,0.0001985599994659424
B64/L512,44,Other MoE/host gaps,0.012620552077714819,0.01385264014173299,0.01385264014173299
B64/L512,44,Placement CPU,0.022462496280670166,0.022316703796386717,0.022919679641723634
B64/L512,44,Return A2A/combine,0.015996783912181855,0.019387423753738402,0.020491775751113894
B64/L512,44,Router/Gate,0.0003394959941506386,0.0003414719998836517,0.0003414719998836517
B64/L512,45,Attention/dense/non-MoE,0.009979872151452582,0.009979616276454181,0.009982848278712481
B64/L512,45,D2H/materialization,0.003914479985833168,0.0037023679837584495,0.004121536076068878
B64/L512,45,Expert execution,0.03892036914825439,0.04000473785400391,0.04483561706542969
B64/L512,45,Exposed H2D wait,0.0062205040454864505,0.006344895839691162,0.006563072204589844
B64/L512,45,Forward pack/A2A/completion,0.026438776380673518,0.005126975878374651,0.04143996964325197
B64/L512,45,Global barrier,0.0006417119950056076,0.0003652479946613312,0.0012509759664535523
B64/L512,45,H2D enqueue,0.0002616239972412586,0.00025119999051094054,0.0002823039889335632
B64/L512,45,Layout CPU,0.2277598114013672,0.24202931213378906,0.24202931213378906
B64/L512,45,Layout GPU tensor construction,0.08676873588562012,0.0928512954711914,0.0928512954711914
B64/L512,45,Metadata Gate probability tail,0.00018216000124812127,0.00017919999361038207,0.00018755200505256653
B64/L512,45,Metadata counts,0.00026716800034046174,0.0002824000120162964,0.0002824000120162964
B64/L512,45,Metadata selected IDs,0.0002679920047521591,0.00025382399559020996,0.00028563201427459715
B64/L512,45,Metadata weights,0.00019673600420355795,0.00018723200261592865,0.00020105600357055663
B64/L512,45,Other MoE/host gaps,0.012830848007404711,0.01415734356967732,0.01415734356967732
B64/L512,45,Placement CPU,0.022409656047821046,0.02241436767578125,0.022525440216064452
B64/L512,45,Return A2A/combine,0.013357872039079666,0.012314335823059082,0.019197376251220703
B64/L512,45,Router/Gate,0.00034228800237178804,0.00034300801157951356,0.0003439359962940216
B64/L512,46,Attention/dense/non-MoE,0.009980864050565287,0.009984575911657884,0.009984575911657884
B64/L512,46,D2H/materialization,0.00400415201112628,0.003730048067867756,0.0044145920276641845
B64/L512,46,Expert execution,0.036094120025634766,0.03726403045654297,0.039246337890625
B64/L512,46,Exposed H2D wait,0.00619929587841034,0.006206079959869385,0.006426623821258545
B64/L512,46,Forward pack/A2A/completion,0.015101951956166886,0.005012192137073725,0.024406911781989036
B64/L512,46,Global barrier,0.0007431760057806969,0.00022348800301551819,0.0011369600296020509
B64/L512,46,H2D enqueue,0.00027238399535417556,0.00027619200944900514,0.0002987839877605438
B64/L512,46,Layout CPU,0.2297743034362793,0.2393725128173828,0.2393725128173828
B64/L512,46,Layout GPU tensor construction,0.08534129524230957,0.08538572692871094,0.08631590270996094
B64/L512,46,Metadata Gate probability tail,0.0001990400031208992,0.0001818239986896515,0.00024166400730609895
B64/L512,46,Metadata counts,0.0002646479979157448,0.00026550400257110594,0.0002668479979038239
B64/L512,46,Metadata selected IDs,0.00026977600157260896,0.0002490240037441254,0.0003035520017147064
B64/L512,46,Metadata weights,0.00022260799631476403,0.00021155199408531188,0.00023430399596691132
B64/L512,46,Other MoE/host gaps,0.012524831993505358,0.013866559758782386,0.013866559758782386
B64/L512,46,Placement CPU,0.022540191650390624,0.02242118453979492,0.02306172752380371
B64/L512,46,Return A2A/combine,0.011110032081604004,0.00996127986907959,0.013974880099296571
B64/L512,46,Router/Gate,0.000343520000576973,0.0003455680012702942,0.0003455680012702942
B64/L512,47,Attention/dense/non-MoE,0.011676191897364335,0.011717407524352894,0.011717407524352894
B64/L512,47,D2H/materialization,0.003963919915258884,0.0036752639561891554,0.004336767978966236
B64/L512,47,Expert execution,0.0385346794128418,0.03944220733642578,0.04023580932617187
B64/L512,47,Exposed H2D wait,0.006219632029533386,0.006292704105377197,0.006490943908691406
B64/L512,47,Forward pack/A2A/completion,0.011808408013544977,0.005234080135589465,0.015158975845435635
B64/L512,47,Global barrier,0.0004893359951674938,0.00021734400093555452,0.0008178560137748718
B64/L512,47,H2D enqueue,0.0002695759981870651,0.0002560319900512695,0.00029840001463890076
B64/L512,47,Layout CPU,0.2315417022705078,0.23657638549804688,0.23657638549804688
B64/L512,47,Layout GPU tensor construction,0.08472917556762695,0.08525212860107421,0.08525212860107421
B64/L512,47,Metadata Gate probability tail,0.00018544000014662743,0.00018684799969196318,0.0001892479956150055
B64/L512,47,Metadata counts,0.0002582239992916584,0.00026998400688171386,0.00026998400688171386
B64/L512,47,Metadata selected IDs,0.0002317200005054474,0.000221343994140625,0.00024588799476623534
B64/L512,47,Metadata weights,0.0002016560025513172,0.0002030400037765503,0.00021702399849891663
B64/L512,47,Other MoE/host gaps,0.01296854386589257,0.015075807629851624,0.015075807629851624
B64/L512,47,Placement CPU,0.022211639881134032,0.022328800201416015,0.022328800201416015
B64/L512,47,Return A2A/combine,0.012405271887779236,0.02016332793235779,0.02016332793235779
B64/L512,47,Router/Gate,0.0003248160034418106,0.0003237119913101196,0.0003276480138301849
B16/L256,0,Attention/dense/non-MoE,0.0028811279585352167,0.0029757119338028135,0.0029757119338028135
B16/L256,0,D2H/materialization,0.0009781600218266248,0.0010451199971139432,0.0010456000491976738
B16/L256,0,Expert execution,0.05363831996917725,0.055205120086669925,0.055205120086669925
B16/L256,0,Exposed H2D wait,0.006120743989944458,0.006005983829498291,0.006191936016082764
B16/L256,0,Forward pack/A2A/completion,0.0017388640185818077,0.0009047359842807054,0.0034477120842784643
B16/L256,0,Global barrier,0.0002702959924936295,0.000338016003370285,0.000338016003370285
B16/L256,0,H2D enqueue,0.00023840799927711488,0.0002380799949169159,0.00024352000653743745
B16/L256,0,Layout CPU,0.028403344154357912,0.0290447998046875,0.029151744842529297
B16/L256,0,Layout GPU tensor construction,0.011947824239730835,0.012085984230041504,0.012085984230041504
B16/L256,0,Metadata Gate probability tail,0.00019261599704623224,0.00019302399456501006,0.00020255999267101288
B16/L256,0,Metadata counts,0.0005002719908952713,0.00044742399454116824,0.0005362240076065063
B16/L256,0,Metadata selected IDs,0.0003391839936375618,0.00032198399305343627,0.00036307200789451597
B16/L256,0,Metadata weights,0.00018554400280117989,0.00018675200641155243,0.0002083200067281723
B16/L256,0,Other MoE/host gaps,0.0031156720131402835,0.003235295993741601,0.003235295993741601
B16/L256,0,Placement CPU,0.0031658639907836913,0.0031938560009002687,0.003240607976913452
B16/L256,0,Return A2A/combine,0.006234032139182091,0.004760575979948044,0.0088305923640728
B16/L256,0,Router/Gate,7.981599867343902e-05,8.054400235414506e-05,8.076799660921096e-05
B16/L256,1,Attention/dense/non-MoE,0.0015419440059922635,0.0016471359650604427,0.0016701760576106608
B16/L256,1,D2H/materialization,0.0009671279983595013,0.0010361280217766763,0.0010361280217766763
B16/L256,1,Expert execution,0.04820037651062012,0.05950835037231445,0.05950835037231445
B16/L256,1,Exposed H2D wait,0.006098872065544128,0.006072800159454345,0.006157536029815674
B16/L256,1,Forward pack/A2A/completion,0.0017678560190834106,0.001410463985055685,0.002891616050153971
B16/L256,1,Global barrier,0.0002775360010564327,0.00039033600687980654,0.00039033600687980654
B16/L256,1,H2D enqueue,0.00022653599828481675,0.00023311999440193176,0.00023311999440193176
B16/L256,1,Layout CPU,0.026233079433441164,0.026239839553833008,0.027126239776611327
B16/L256,1,Layout GPU tensor construction,0.011434792041778564,0.01163475227355957,0.01163475227355957
B16/L256,1,Metadata Gate probability tail,0.00020219200104475022,0.00018320000171661376,0.0002208639979362488
B16/L256,1,Metadata counts,0.0004752959981560707,0.00023411199450492859,0.0007082560062408447
B16/L256,1,Metadata selected IDs,0.00024616799876093863,0.00021315200626850127,0.0002703039944171906
B16/L256,1,Metadata weights,0.00021961599960923194,0.00019964799284934997,0.0002298559993505478
B16/L256,1,Other MoE/host gaps,0.0026634880185592916,0.0027849280165974043,0.0027849280165974043
B16/L256,1,Placement CPU,0.0030868959426879885,0.0030703039169311525,0.0031321918964385986
B16/L256,1,Return A2A/combine,0.015968424178659915,0.0047582399249076835,0.02379440075159073
B16/L256,1,Router/Gate,8.113600127398968e-05,8.019199967384338e-05,8.265600353479385e-05
B16/L256,2,Attention/dense/non-MoE,0.0014772720180335455,0.001627168051432818,0.001627168051432818
B16/L256,2,D2H/materialization,0.000960151994600892,0.00106649599224329,0.00106649599224329
B16/L256,2,Expert execution,0.0510559196472168,0.054921886444091794,0.05527801513671875
B16/L256,2,Exposed H2D wait,0.006024408102035523,0.005878943920135498,0.006199456214904785
B16/L256,2,Forward pack/A2A/completion,0.0026833839728496968,0.0032256960086524487,0.004323487911373377
B16/L256,2,Global barrier,0.000354032002389431,0.0004859200119972229,0.0004901440143585205
B16/L256,2,H2D enqueue,0.00022813600301742554,0.0002229440063238144,0.00023270399868488312
B16/L256,2,Layout CPU,0.025588951587677003,0.025108448028564455,0.02707811164855957
B16/L256,2,Layout GPU tensor construction,0.011340679883956909,0.0113023681640625,0.011531423568725586
B16/L256,2,Metadata Gate probability tail,0.0001810240000486374,0.00017110399901866912,0.0001905920058488846
B16/L256,2,Metadata counts,0.000532575998455286,0.00024086399376392365,0.000644927978515625
B16/L256,2,Metadata selected IDs,0.00024118399992585182,0.00020774400234222412,0.00025379198789596556
B16/L256,2,Metadata weights,0.00019407200068235396,0.00017900800704956054,0.00020406399667263032
B16/L256,2,Other MoE/host gaps,0.0026640400143223813,0.002530655984766781,0.0027401279972400516
B16/L256,2,Placement CPU,0.003139472007751465,0.0031218240261077883,0.003209536075592041
B16/L256,2,Return A2A/combine,0.008954232238233089,0.005081824064254761,0.012987520337104798
B16/L256,2,Router/Gate,8.061600103974342e-05,8.160000294446945e-05,8.160000294446945e-05
B16/L256,3,Attention/dense/non-MoE,0.0014983359720208683,0.0014304319540970028,0.0017154559716582298
B16/L256,3,D2H/materialization,0.0012535359999164939,0.0009284480102360248,0.0014953919649124145
B16/L256,3,Expert execution,0.04205099964141845,0.04000422286987305,0.046060993194580076
B16/L256,3,Exposed H2D wait,0.005986232042312622,0.005876736164093017,0.006220384120941162
B16/L256,3,Forward pack/A2A/completion,0.0045296320542693135,0.012304640347138046,0.012304640347138046
B16/L256,3,Global barrier,0.00047840000316500664,0.0006674879789352417,0.0006674879789352417
B16/L256,3,H2D enqueue,0.000204903993755579,0.00019871999323368072,0.00020771199464797975
B16/L256,3,Layout CPU,0.029312607765197753,0.024644895553588866,0.03172275161743164
B16/L256,3,Layout GPU tensor construction,0.011271128177642822,0.011145952224731446,0.011526464462280273
B16/L256,3,Metadata Gate probability tail,0.0005677039995789527,0.00061871999502182,0.00061871999502182
B16/L256,3,Metadata counts,0.0011370400041341782,0.001236672043800354,0.001272320032119751
B16/L256,3,Metadata selected IDs,0.0007908399999141693,0.0009529920220375061,0.0009529920220375061
B16/L256,3,Metadata weights,0.0006952400058507919,0.0007271680235862732,0.0007274879813194275
B16/L256,3,Other MoE/host gaps,0.0029177360142348336,0.002366176024079323,0.0032926400443539015
B16/L256,3,Placement CPU,0.005565927982330322,0.0031408638954162596,0.006486591815948487
B16/L256,3,Return A2A/combine,0.008645216010510923,0.010667584031820297,0.010737216025590897
B16/L256,3,Router/Gate,9.595999866724015e-05,8.393599838018418e-05,0.0001356479972600937
B16/L256,4,Attention/dense/non-MoE,0.001485199976072181,0.0014337919717654585,0.001643776014680043
B16/L256,4,D2H/materialization,0.0009352799914777278,0.0009475519768893718,0.00104246399179101
B16/L256,4,Expert execution,0.04957682418823242,0.0427367057800293,0.05851715087890625
B16/L256,4,Exposed H2D wait,0.006055487990379333,0.005876927852630615,0.006278240203857422
B16/L256,4,Forward pack/A2A/completion,0.0023519760333001617,0.0031741121113300326,0.003359967987984419
B16/L256,4,Global barrier,0.00045796798914670946,0.0006089919805526734,0.0006630399823188782
B16/L256,4,H2D enqueue,0.00019690399616956712,0.00019968000054359437,0.00020623999834060668
B16/L256,4,Layout CPU,0.0249585599899292,0.0243492488861084,0.0260546875
B16/L256,4,Layout GPU tensor construction,0.011349720001220703,0.0111911678314209,0.011602080345153809
B16/L256,4,Metadata Gate probability tail,0.00019755200296640396,0.00021916800737380981,0.00021916800737380981
B16/L256,4,Metadata counts,0.0005530719831585884,0.0006459519863128662,0.0006800959706306458
B16/L256,4,Metadata selected IDs,0.00027733600139617917,0.0002980160117149353,0.0002980160117149353
B16/L256,4,Metadata weights,0.00019840800017118453,0.00020812800526618958,0.00020812800526618958
B16/L256,4,Other MoE/host gaps,0.002513704014476389,0.002355520038632676,0.0027631680557969967
B16/L256,4,Placement CPU,0.0031424079537391665,0.0031846399307250976,0.003198879957199097
B16/L256,4,Return A2A/combine,0.013592503674328328,0.02042166325449944,0.021502271443605423
B16/L256,4,Router/Gate,7.983200065791607e-05,7.968000322580337e-05,8.006399869918823e-05
B16/L256,5,Attention/dense/non-MoE,0.0014804880241863429,0.001430368042550981,0.0016286399958189578
B16/L256,5,D2H/materialization,0.000879407986998558,0.0008959680013358593,0.000989855982363224
B16/L256,5,Expert execution,0.04732972717285156,0.04014601516723633,0.05407289505004883
B16/L256,5,Exposed H2D wait,0.0061627599000930785,0.00605299186706543,0.006285984039306641
B16/L256,5,Forward pack/A2A/completion,0.002430327996145934,0.002325600014999509,0.003806144056841731
B16/L256,5,Global barrier,0.0003293280005455017,0.0005663359761238098,0.0005663359761238098
B16/L256,5,H2D enqueue,0.00021853599697351455,0.00021558399498462677,0.00022908799350261687
B16/L256,5,Layout CPU,0.024970608234405518,0.024751552581787108,0.02609667205810547
B16/L256,5,Layout GPU tensor construction,0.011355216026306153,0.011568896293640137,0.011672160148620606
B16/L256,5,Metadata Gate probability tail,0.00020672800391912462,0.0002277120053768158,0.0002277120053768158
B16/L256,5,Metadata counts,0.0005045839957892894,0.0005883200168609619,0.0006135039925575256
B16/L256,5,Metadata selected IDs,0.0002747999951243401,0.00028774398565292356,0.00028774398565292356
B16/L256,5,Metadata weights,0.0002046080008149147,0.0002152319997549057,0.00021529600024223328
B16/L256,5,Other MoE/host gaps,0.0025103519562981094,0.0023873279727995396,0.0027502079457044602
B16/L256,5,Placement CPU,0.003198535978794098,0.0032200639247894286,0.003259135961532593
B16/L256,5,Return A2A/combine,0.011427232049405574,0.018591904282569884,0.018591904282569884
B16/L256,5,Router/Gate,8.020799979567529e-05,8.035200089216233e-05,8.105599880218506e-05
B16/L256,6,Attention/dense/non-MoE,0.0014767599920160136,0.00143753597792238,0.0016075840070843696
B16/L256,6,D2H/materialization,0.0009472399912774563,0.0009944000020623207,0.0010309119895100594
B16/L256,6,Expert execution,0.03973463201522827,0.04322246551513672,0.051313919067382814
B16/L256,6,Exposed H2D wait,0.006206368088722229,0.006076735973358154,0.006369344234466553
B16/L256,6,Forward pack/A2A/completion,0.0019141439707018437,0.001999807972460985,0.0028234558925032617
B16/L256,6,Global barrier,0.00037462399899959565,0.00047513601183891296,0.000507423996925354
B16/L256,6,H2D enqueue,0.0002056799978017807,0.00020438399910926818,0.00020809599757194518
B16/L256,6,Layout CPU,0.02451583194732666,0.024440927505493162,0.025413375854492187
B16/L256,6,Layout GPU tensor construction,0.011213280200958253,0.011277088165283203,0.011341792106628418
B16/L256,6,Metadata Gate probability tail,0.00021623999997973442,0.00024156799912452697,0.00024156799912452697
B16/L256,6,Metadata counts,0.0005302080065011978,0.0006123840212821961,0.000647711992263794
B16/L256,6,Metadata selected IDs,0.00025770400464534757,0.0002728320062160492,0.000274944007396698
B16/L256,6,Metadata weights,0.00019808799773454668,0.00020623999834060668,0.00020623999834060668
B16/L256,6,Other MoE/host gaps,0.002540104002633598,0.002404320061206818,0.002612063972745091
B16/L256,6,Placement CPU,0.0032943600416183473,0.003267168045043945,0.0033544321060180664
B16/L256,6,Return A2A/combine,0.016425567977130413,0.012922399520874022,0.028628448367118836
B16/L256,6,Router/Gate,8.236799947917461e-05,8.339200168848037e-05,8.339200168848037e-05
B16/L256,7,Attention/dense/non-MoE,0.0014756959596998057,0.0014334399621002377,0.0016093439457472414
B16/L256,7,D2H/materialization,0.0008935360079631209,0.0009303039908409119,0.0009352640137076378
B16/L256,7,Expert execution,0.046665904998779296,0.052343265533447265,0.05259648132324219
B16/L256,7,Exposed H2D wait,0.006175743937492371,0.00605302381515503,0.006333663940429688
B16/L256,7,Forward pack/A2A/completion,0.0025708320559933782,0.003828064084053039,0.003828064084053039
B16/L256,7,Global barrier,0.00034615999460220335,0.0004513919949531555,0.0004513919949531555
B16/L256,7,H2D enqueue,0.00021082400158047677,0.0002094080001115799,0.00021699200570583343
B16/L256,7,Layout CPU,0.024550503730773925,0.02371833610534668,0.02584351921081543
B16/L256,7,Layout GPU tensor construction,0.011348416090011595,0.01106377601623535,0.011724384307861328
B16/L256,7,Metadata Gate probability tail,0.00022644000127911568,0.0002576000094413757,0.0002576000094413757
B16/L256,7,Metadata counts,0.0005113679952919483,0.0005942080020904542,0.0006265919804573059
B16/L256,7,Metadata selected IDs,0.00026049600169062614,0.0002758400142192841,0.0002758400142192841
B16/L256,7,Metadata weights,0.00021747200191020964,0.00022265599668025972,0.00022275200486183167
B16/L256,7,Other MoE/host gaps,0.0025144399895216337,0.002316096056252718,0.0026641599752474585
B16/L256,7,Placement CPU,0.0032005680203437805,0.0031679039001464844,0.003281536102294922
B16/L256,7,Return A2A/combine,0.010598904177546503,0.004895456016063691,0.016962624549865725
B16/L256,7,Router/Gate,8.114400133490562e-05,7.971200346946716e-05,8.265600353479385e-05
B16/L256,8,Attention/dense/non-MoE,0.0014715920049347914,0.0014287039481569082,0.001606016047298908
B16/L256,8,D2H/materialization,0.0008896639924496413,0.0009100479781627655,0.0009255679994821549
B16/L256,8,Expert execution,0.04422911167144775,0.04303286361694336,0.04766054534912109
B16/L256,8,Exposed H2D wait,0.006171063899993896,0.0060330238342285155,0.006355775833129883
B16/L256,8,Forward pack/A2A/completion,0.002242591998074204,0.003037600019946694,0.003257536014541984
B16/L256,8,Global barrier,0.0003834480084478855,0.0004938560128211975,0.0005102400183677673
B16/L256,8,H2D enqueue,0.0002115359976887703,0.0002078080028295517,0.0002147199958562851
B16/L256,8,Layout CPU,0.024454912185668948,0.023749376296997072,0.025678272247314452
B16/L256,8,Layout GPU tensor construction,0.011253615856170653,0.011313183784484863,0.011456128120422363
B16/L256,8,Metadata Gate probability tail,0.00021559999883174897,0.00024614399671554565,0.00024614399671554565
B16/L256,8,Metadata counts,0.0005193919911980629,0.0006088640093803406,0.0006268159747123719
B16/L256,8,Metadata selected IDs,0.00025966400280594824,0.00027644801139831544,0.00027644801139831544
B16/L256,8,Metadata weights,0.00020459200069308282,0.00021273599565029144,0.0002130880057811737
B16/L256,8,Other MoE/host gaps,0.0025102879878832023,0.0023435840148013087,0.0026762879753950983
B16/L256,8,Placement CPU,0.0031976959705352784,0.003149951934814453,0.0032588798999786377
B16/L256,8,Return A2A/combine,0.00814434403181076,0.00932588815689087,0.011090687930583954
B16/L256,8,Router/Gate,8.012800104916095e-05,8.06720033288002e-05,8.14400017261505e-05
B16/L256,9,Attention/dense/non-MoE,0.001477031980990432,0.001437087989412248,0.0016169919522944839
B16/L256,9,D2H/materialization,0.0009149039927870035,0.000929439976811409,0.0009523199833929538
B16/L256,9,Expert execution,0.038665112495422364,0.04332716751098633,0.043964481353759764
B16/L256,9,Exposed H2D wait,0.006150759935379028,0.005849408149719238,0.006391071796417237
B16/L256,9,Forward pack/A2A/completion,0.0019477839930914342,0.002821088071912527,0.002821088071912527
B16/L256,9,Global barrier,0.00046300000697374345,0.0007883520126342774,0.0007883520126342774
B16/L256,9,H2D enqueue,0.00020810399949550628,0.00020771199464797975,0.00021529600024223328
B16/L256,9,Layout CPU,0.024913583755493164,0.024319616317749024,0.025880640029907226
B16/L256,9,Layout GPU tensor construction,0.011225216150283813,0.011040800094604493,0.011414688110351562
B16/L256,9,Metadata Gate probability tail,0.0002123279981315136,0.00022636799514293672,0.00022678400576114655
B16/L256,9,Metadata counts,0.000500463992357254,0.0005735999941825867,0.0006115520000457763
B16/L256,9,Metadata selected IDs,0.00028593599796295166,0.00030419200658798217,0.00030419200658798217
B16/L256,9,Metadata weights,0.00021537599712610246,0.00022592000663280488,0.00022716799378395082
B16/L256,9,Other MoE/host gaps,0.0024985280194086954,0.002323039995040744,0.0026462400031741712
B16/L256,9,Placement CPU,0.0032154640555381773,0.0031905601024627686,0.003291167974472046
B16/L256,9,Return A2A/combine,0.010023975882679224,0.005344575971364974,0.017707487881183627
B16/L256,9,Router/Gate,8.048800006508827e-05,8.20159986615181e-05,8.20159986615181e-05
B16/L256,10,Attention/dense/non-MoE,0.0014861039906390943,0.0014367360316682608,0.001652191952103749
B16/L256,10,D2H/materialization,0.0009002560079097747,0.000925984013825655,0.0009860480278730392
B16/L256,10,Expert execution,0.04078132009506226,0.04378406524658203,0.04595644760131836
B16/L256,10,Exposed H2D wait,0.006160871982574463,0.005863808155059815,0.006395711898803711
B16/L256,10,Forward pack/A2A/completion,0.0027481839645188302,0.0035397759350016714,0.003910239934921265
B16/L256,10,Global barrier,0.0004626079872250557,0.0008315839767456055,0.0008315839767456055
B16/L256,10,H2D enqueue,0.0002224319986999035,0.00020649600028991699,0.00023523199558258057
B16/L256,10,Layout CPU,0.024708999633789062,0.024200735092163087,0.026182912826538087
B16/L256,10,Layout GPU tensor construction,0.011367311954498291,0.011156255722045899,0.011653727531433105
B16/L256,10,Metadata Gate probability tail,0.00019276800006628038,0.00021622399985790253,0.00021622399985790253
B16/L256,10,Metadata counts,0.0005311920009553432,0.0006219840049743652,0.0006507840156555175
B16/L256,10,Metadata selected IDs,0.00027004000172019005,0.00028403198719024656,0.00028403198719024656
B16/L256,10,Metadata weights,0.00021011200174689292,0.00022140799462795258,0.00022140799462795258
B16/L256,10,Other MoE/host gaps,0.0025190079845488073,0.002344736003782601,0.0027890559746883807
B16/L256,10,Placement CPU,0.0032281200289726256,0.0031716160774230956,0.003322848081588745
B16/L256,10,Return A2A/combine,0.009880111999809742,0.006849152088165284,0.018876991897821428
B16/L256,10,Router/Gate,8.019999973475933e-05,8.275199681520462e-05,8.275199681520462e-05
B16/L256,11,Attention/dense/non-MoE,0.0014759839952457696,0.0014369279949460179,0.0016078400167170912
B16/L256,11,D2H/materialization,0.0008660159935243428,0.0008521919865161181,0.0010154879912734032
B16/L256,11,Expert execution,0.0467262077331543,0.04884703826904297,0.04884703826904297
B16/L256,11,Exposed H2D wait,0.006229168057441711,0.005895071983337402,0.006489696025848389
B16/L256,11,Forward pack/A2A/completion,0.0023844080166891216,0.002927936090156436,0.00315372809022665
B16/L256,11,Global barrier,0.0004916239976882935,0.0008442239761352539,0.0008442239761352539
B16/L256,11,H2D enqueue,0.00021139999851584436,0.0002162880003452301,0.0002221439927816391
B16/L256,11,Layout CPU,0.025439695835113525,0.025023103713989258,0.026629472732543947
B16/L256,11,Layout GPU tensor construction,0.01134599995613098,0.011319616317749023,0.01150556755065918
B16/L256,11,Metadata Gate probability tail,0.00023656000196933748,0.0002571519911289215,0.00025721600651741025
B16/L256,11,Metadata counts,0.0005366560034453869,0.0006308799982070923,0.000656607985496521
B16/L256,11,Metadata selected IDs,0.0002619520016014576,0.00028176000714302064,0.00028176000714302064
B16/L256,11,Metadata weights,0.0002855600081384182,0.00030025601387023926,0.00030025601387023926
B16/L256,11,Other MoE/host gaps,0.0025596159881097263,0.002489279977278783,0.00277446395996958
B16/L256,11,Placement CPU,0.00327156800031662,0.003273888111114502,0.0033099520206451415
B16/L256,11,Return A2A/combine,0.006616576045751572,0.004601439952850341,0.008972288221120835
B16/L256,11,Router/Gate,8.033599890768528e-05,8.054400235414506e-05,8.073599636554718e-05
B16/L256,12,Attention/dense/non-MoE,0.0014635439863195643,0.001575327984523028,0.001575327984523028
B16/L256,12,D2H/materialization,0.0009331759959459305,0.001019007995724678,0.001019007995724678
B16/L256,12,Expert execution,0.04799200820922851,0.045867969512939456,0.050473503112792965
B16/L256,12,Exposed H2D wait,0.0061993439197540285,0.006038496017456055,0.006374911785125732
B16/L256,12,Forward pack/A2A/completion,0.002162272004876286,0.002374815968796611,0.0029973759800195694
B16/L256,12,Global barrier,0.0003951999954879284,0.0005978559851646424,0.0005978559851646424
B16/L256,12,H2D enqueue,0.0002048799991607666,0.00020524799823760985,0.0002086080014705658
B16/L256,12,Layout CPU,0.025161287784576415,0.024885055541992187,0.026241151809692383
B16/L256,12,Layout GPU tensor construction,0.011391752004623413,0.011462559700012207,0.011563360214233398
B16/L256,12,Metadata Gate probability tail,0.00018066399917006492,0.00018479999899864198,0.0001849599927663803
B16/L256,12,Metadata counts,0.00046436800807714464,0.0002120639979839325,0.0005632320046424866
B16/L256,12,Metadata selected IDs,0.00023359199985861778,0.0001979839950799942,0.0002473600059747696
B16/L256,12,Metadata weights,0.00018567200005054475,0.00017740799486637115,0.00019331200420856477
B16/L256,12,Other MoE/host gaps,0.0025944160137441937,0.0024359039948321872,0.002700063969474286
B16/L256,12,Placement CPU,0.003255567967891693,0.003228575944900513,0.0032871038913726805
B16/L256,12,Return A2A/combine,0.007239008009433746,0.009342432260513305,0.009342432260513305
B16/L256,12,Router/Gate,8.236799947917461e-05,8.43840017914772e-05,8.43840017914772e-05
B16/L256,13,Attention/dense/non-MoE,0.00147855998884188,0.0014345919853076337,0.0016270719841122627
B16/L256,13,D2H/materialization,0.0009194640135392547,0.0009344320110976696,0.0009771200120449067
B16/L256,13,Expert execution,0.045429880142211915,0.050947296142578126,0.050947296142578126
B16/L256,13,Exposed H2D wait,0.006145792007446289,0.0058566398620605465,0.0064357762336730955
B16/L256,13,Forward pack/A2A/completion,0.0024832639903761443,0.0030808320473879576,0.004041759960353374
B16/L256,13,Global barrier,0.0004758479967713356,0.0007907199859619141,0.0007907199859619141
B16/L256,13,H2D enqueue,0.0002001039981842041,0.00019779199361801147,0.00021273599565029144
B16/L256,13,Layout CPU,0.025043471813201903,0.02443766403198242,0.026560319900512695
B16/L256,13,Layout GPU tensor construction,0.011370144128799439,0.011467424392700196,0.011503935813903809
B16/L256,13,Metadata Gate probability tail,0.00020845600217580794,0.00022566400468349457,0.00022566400468349457
B16/L256,13,Metadata counts,0.0005326800048351288,0.0006204800009727478,0.000650272011756897
B16/L256,13,Metadata selected IDs,0.0002648480013012886,0.00027590399980545043,0.00027590399980545043
B16/L256,13,Metadata weights,0.00023052000254392623,0.00024428799748420714,0.0002453120052814484
B16/L256,13,Other MoE/host gaps,0.0024970159851945934,0.002436863995855674,0.002641632023267448
B16/L256,13,Placement CPU,0.00318315201997757,0.003133120059967041,0.0032193920612335206
B16/L256,13,Return A2A/combine,0.010042528063058852,0.004601215898990631,0.01611148789525032
B16/L256,13,Router/Gate,8.000000007450581e-05,8.326400071382522e-05,8.326400071382522e-05
B16/L256,14,Attention/dense/non-MoE,0.0015058319747913627,0.0015707840011455118,0.0016009919717907904
B16/L256,14,D2H/materialization,0.000940079995431006,0.0010046080127358436,0.0010046080127358436
B16/L256,14,Expert execution,0.04489438438415527,0.03769769668579102,0.05768313598632813
B16/L256,14,Exposed H2D wait,0.006187632083892823,0.005870336055755615,0.006429664134979248
B16/L256,14,Forward pack/A2A/completion,0.0022829999905079603,0.002253920016810298,0.0036965759322047233
B16/L256,14,Global barrier,0.00043652001023292543,0.0007747520208358765,0.0007747520208358765
B16/L256,14,H2D enqueue,0.00022404000163078308,0.00020892800390720368,0.00023043200373649598
B16/L256,14,Layout CPU,0.024668240070343017,0.02462246322631836,0.02581052780151367
B16/L256,14,Layout GPU tensor construction,0.011424072027206422,0.011489664077758789,0.011591679573059082
B16/L256,14,Metadata Gate probability tail,0.0001781200021505356,0.00017379200458526612,0.00020422400534152985
B16/L256,14,Metadata counts,0.0003782559894025326,0.00023628799617290497,0.000540287971496582
B16/L256,14,Metadata selected IDs,0.000231136005371809,0.0002083200067281723,0.0002531520128250122
B16/L256,14,Metadata weights,0.0001815600022673607,0.00016495999693870545,0.00020051200687885284
B16/L256,14,Other MoE/host gaps,0.0025589120069053027,0.0024937599878758192,0.0027111680048983546
B16/L256,14,Placement CPU,0.0032688960433006286,0.003237152099609375,0.003430272102355957
B16/L256,14,Return A2A/combine,0.01750859232246876,0.024680384367704394,0.027673280984163284
B16/L256,14,Router/Gate,8.027200028300286e-05,8.211199939250946e-05,8.211199939250946e-05
B16/L256,15,Attention/dense/non-MoE,0.00147196800931124,0.001434528037207201,0.0016013759449124336
B16/L256,15,D2H/materialization,0.0008838720060884952,0.0009219520017504692,0.0009237760081887245
B16/L256,15,Expert execution,0.047169495582580566,0.04999964904785156,0.04999964904785156
B16/L256,15,Exposed H2D wait,0.006198408007621765,0.0058808960914611816,0.006401919841766358
B16/L256,15,Forward pack/A2A/completion,0.002105888002086431,0.0025595200769603253,0.0034878398776054384
B16/L256,15,Global barrier,0.00042269600182771687,0.0007043520212173462,0.0007043520212173462
B16/L256,15,H2D enqueue,0.0002338000014424324,0.00022758400440216065,0.0002375040054321289
B16/L256,15,Layout CPU,0.024530616283416747,0.02416076850891113,0.02560406494140625
B16/L256,15,Layout GPU tensor construction,0.011356199979782104,0.011388223648071289,0.011485952377319336
B16/L256,15,Metadata Gate probability tail,0.00021222400292754173,0.0002215999960899353,0.00022188800573349
B16/L256,15,Metadata counts,0.0005351599939167499,0.0006128000020980835,0.0006585919857025147
B16/L256,15,Metadata selected IDs,0.00026591200754046444,0.0002844800055027008,0.0002844800055027008
B16/L256,15,Metadata weights,0.00021058399975299835,0.00021952000260353087,0.00022064000368118286
B16/L256,15,Other MoE/host gaps,0.002509696001186967,0.0024953279942274095,0.0025872959508560596
B16/L256,15,Placement CPU,0.0032707759737968444,0.0032497599124908447,0.003311712026596069
B16/L256,15,Return A2A/combine,0.007378800068050623,0.004605119958519936,0.012549792230129241
B16/L256,15,Router/Gate,8.09280015528202e-05,8.457600325345993e-05,8.457600325345993e-05
B16/L256,16,Attention/dense/non-MoE,0.0014986080033704639,0.0015763200288638473,0.0015763200288638473
B16/L256,16,D2H/materialization,0.0009153440007939935,0.0009792639911174773,0.0009792639911174773
B16/L256,16,Expert execution,0.036439167499542235,0.04183110427856445,0.04263283157348633
B16/L256,16,Exposed H2D wait,0.006265320062637329,0.006074912071228027,0.006453248023986816
B16/L256,16,Forward pack/A2A/completion,0.002829024011269212,0.002493727955967188,0.004392832111567259
B16/L256,16,Global barrier,0.0003897520117461681,0.0005409600138664246,0.0006592320203781128
B16/L256,16,H2D enqueue,0.00023386400192975998,0.00023740799725055695,0.00024208000302314758
B16/L256,16,Layout CPU,0.02491039228439331,0.025145952224731444,0.026461952209472655
B16/L256,16,Layout GPU tensor construction,0.011449496030807495,0.011552096366882324,0.011768447875976562
B16/L256,16,Metadata Gate probability tail,0.00018512000143527986,0.0001645440012216568,0.00020899200439453126
B16/L256,16,Metadata counts,0.00039845599234104157,0.00021331200003623963,0.0005160639882087708
B16/L256,16,Metadata selected IDs,0.00026710400357842445,0.0002226880043745041,0.00028944000601768496
B16/L256,16,Metadata weights,0.00020096000283956528,0.000174112007021904,0.00021251200139522553
B16/L256,16,Other MoE/host gaps,0.002574456004658714,0.0024738239659927784,0.002841951979091392
B16/L256,16,Placement CPU,0.0033290719985961913,0.003374527931213379,0.003388736009597778
B16/L256,16,Return A2A/combine,0.010916383929550648,0.005518976092338562,0.023200767904520036
B16/L256,16,Router/Gate,8.061599917709828e-05,8.294399827718735e-05,8.294399827718735e-05
B16/L256,17,Attention/dense/non-MoE,0.0014766400079242884,0.0014330240255221725,0.001615360029041767
B16/L256,17,D2H/materialization,0.0008953600125387311,0.0009345600120723248,0.0009818879887461662
B16/L256,17,Expert execution,0.05177394390106201,0.039454814910888675,0.05948419189453125
B16/L256,17,Exposed H2D wait,0.006222335934638977,0.006045728206634521,0.006396383762359619
B16/L256,17,Forward pack/A2A/completion,0.0022870559932198376,0.0024112319825217127,0.0036104320306330918
B16/L256,17,Global barrier,0.000390760000795126,0.0005079039931297302,0.0006281920075416565
B16/L256,17,H2D enqueue,0.00024345600232481956,0.0002548480033874512,0.0002548480033874512
B16/L256,17,Layout CPU,0.024946608066558837,0.024753408432006838,0.026214784622192382
B16/L256,17,Layout GPU tensor construction,0.011320127964019776,0.011455552101135254,0.011455552101135254
B16/L256,17,Metadata Gate probability tail,0.0002120639979839325,0.00022809599339962007,0.00022832000255584717
B16/L256,17,Metadata counts,0.0005650479905307293,0.0006664639711380005,0.000693120002746582
B16/L256,17,Metadata selected IDs,0.00027339999750256537,0.0002884800136089325,0.0002884800136089325
B16/L256,17,Metadata weights,0.00020042400062084196,0.00021199999749660492,0.00021199999749660492
B16/L256,17,Other MoE/host gaps,0.0025407120296731594,0.0024049600556027145,0.0026637440626509495
B16/L256,17,Placement CPU,0.003280023992061615,0.0032864320278167725,0.0032998719215393065
B16/L256,17,Return A2A/combine,0.012428279794752597,0.02474902331829071,0.02474902331829071
B16/L256,17,Router/Gate,8.09599980711937e-05,8.083199709653854e-05,8.207999914884568e-05
B16/L256,18,Attention/dense/non-MoE,0.0014743519903277047,0.0014313280349597334,0.001610015995800495
B16/L256,18,D2H/materialization,0.0008877999978139997,0.0009063040055334569,0.0009418879821896553
B16/L256,18,Expert execution,0.03959121608734131,0.04096444702148438,0.04370444869995117
B16/L256,18,Exposed H2D wait,0.006262168049812317,0.006072319984436035,0.006455071926116943
B16/L256,18,Forward pack/A2A/completion,0.0016034719431772828,0.0014511359315365552,0.002855039870366454
B16/L256,18,Global barrier,0.0004101199954748154,0.000595200002193451,0.0006248319745063782
B16/L256,18,H2D enqueue,0.0002557840012013912,0.00028617599606513977,0.00028617599606513977
B16/L256,18,Layout CPU,0.02378230381011963,0.023809215545654298,0.024439071655273436
B16/L256,18,Layout GPU tensor construction,0.01119976782798767,0.011370656013488769,0.011370656013488769
B16/L256,18,Metadata Gate probability tail,0.0002080320008099079,0.00022284799814224242,0.00022303999960422515
B16/L256,18,Metadata counts,0.0004948320016264915,0.0005604479908943176,0.0006043519973754882
B16/L256,18,Metadata selected IDs,0.0002696880027651787,0.00028966400027275087,0.00028966400027275087
B16/L256,18,Metadata weights,0.00020708799734711647,0.0002163199931383133,0.0002168319970369339
B16/L256,18,Other MoE/host gaps,0.002504759975534398,0.0023618559329770506,0.0026901440171059224
B16/L256,18,Placement CPU,0.003396783947944641,0.00337558388710022,0.003480191946029663
B16/L256,18,Return A2A/combine,0.008709176141768693,0.007306688040494919,0.017621472507715223
B16/L256,18,Router/Gate,8.007199876010417e-05,8.083199709653854e-05,8.179199695587158e-05
B16/L256,19,Attention/dense/non-MoE,0.00147007999708876,0.001431935950415209,0.001595872052013874
B16/L256,19,D2H/materialization,0.0009355759993195533,0.0009877760000526904,0.0009877760000526904
B16/L256,19,Expert execution,0.04134255123138428,0.04426128005981445,0.05163631820678711
B16/L256,19,Exposed H2D wait,0.006214072108268738,0.00586790418624878,0.0064691839218139644
B16/L256,19,Forward pack/A2A/completion,0.0022031439607962965,0.0022295039501041176,0.003291327962651849
B16/L256,19,Global barrier,0.0004823359921574593,0.0008841599822044373,0.0008841599822044373
B16/L256,19,H2D enqueue,0.00022895999997854234,0.0002226240038871765,0.00023423999547958374
B16/L256,19,Layout CPU,0.023654495716094973,0.02345212745666504,0.02474950408935547
B16/L256,19,Layout GPU tensor construction,0.011074879884719849,0.011261119842529296,0.011285408020019531
B16/L256,19,Metadata Gate probability tail,0.0002045999988913536,0.00023945599794387819,0.00023945599794387819
B16/L256,19,Metadata counts,0.0005539760068058967,0.000655232012271881,0.000671999990940094
B16/L256,19,Metadata selected IDs,0.0002454400025308132,0.00026307201385498047,0.00026307201385498047
B16/L256,19,Metadata weights,0.0001937600001692772,0.00020524799823760985,0.00020524799823760985
B16/L256,19,Other MoE/host gaps,0.0025107839789707213,0.002375615944620222,0.0027472960338927803
B16/L256,19,Placement CPU,0.0033286720514297484,0.00326201605796814,0.003405280113220215
B16/L256,19,Return A2A/combine,0.01501724012196064,0.012081472009420394,0.024939808666706084
B16/L256,19,Router/Gate,7.997600175440312e-05,8.140800148248673e-05,8.140800148248673e-05
B16/L256,20,Attention/dense/non-MoE,0.0014685919969924725,0.001426272011362016,0.0015953920481260866
B16/L256,20,D2H/materialization,0.0009178240075707435,0.0009463360160589219,0.0009856960028409958
B16/L256,20,Expert execution,0.03382703161239624,0.029294015884399414,0.045528446197509766
B16/L256,20,Exposed H2D wait,0.006297055959701538,0.005975903987884522,0.006525087833404541
B16/L256,20,Forward pack/A2A/completion,0.0048069919864647094,0.013838879862800241,0.013838879862800241
B16/L256,20,Global barrier,0.0004072080142796039,0.0007204800248146057,0.0007204800248146057
B16/L256,20,H2D enqueue,0.00022419999912381172,0.00022444799542427064,0.0002337920069694519
B16/L256,20,Layout CPU,0.03047915983200073,0.024079456329345703,0.03364982223510742
B16/L256,20,Layout GPU tensor construction,0.013530423879623412,0.011172127723693848,0.014410016059875488
B16/L256,20,Metadata Gate probability tail,0.00018061599880456924,0.0002128639966249466,0.0002128639966249466
B16/L256,20,Metadata counts,0.0005276880115270614,0.0006100800037384033,0.0006488320231437683
B16/L256,20,Metadata selected IDs,0.00025702400505542755,0.00027744001150131227,0.00027744001150131227
B16/L256,20,Metadata weights,0.00019709600135684013,0.00020707200467586518,0.00020707200467586518
B16/L256,20,Other MoE/host gaps,0.002680736013222486,0.002355232001980766,0.0029568960089236505
B16/L256,20,Placement CPU,0.003263096034526825,0.003209952116012573,0.0033084158897399903
B16/L256,20,Return A2A/combine,0.01650796814262867,0.021030848652124404,0.02283155211806297
B16/L256,20,Router/Gate,8.013599924743175e-05,8.175999671220779e-05,8.175999671220779e-05
B16/L256,21,Attention/dense/non-MoE,0.0014755280197714456,0.0014346880523953586,0.0016088320091366768
B16/L256,21,D2H/materialization,0.000868095999583602,0.0009193599931895734,0.0009560959786176681
B16/L256,21,Expert execution,0.03947047233581543,0.030789024353027345,0.04527657699584961
B16/L256,21,Exposed H2D wait,0.006251512050628662,0.00590396785736084,0.006517536163330078
B16/L256,21,Forward pack/A2A/completion,0.0019614159991033376,0.002158751994371414,0.0031538880076259373
B16/L256,21,Global barrier,0.0004997439943253993,0.0009186559915542602,0.0009186559915542602
B16/L256,21,H2D enqueue,0.00022420800104737282,0.00021859200298786162,0.00023097600042819977
B16/L256,21,Layout CPU,0.024894575595855714,0.024663455963134767,0.025778079986572267
B16/L256,21,Layout GPU tensor construction,0.011265047788619996,0.011222175598144531,0.01139798355102539
B16/L256,21,Metadata Gate probability tail,0.00020448799803853034,0.00022041599452495575,0.00022041599452495575
B16/L256,21,Metadata counts,0.00046750398352742197,0.0005417919754981995,0.0005542399883270263
B16/L256,21,Metadata selected IDs,0.00030008000880479813,0.0003142400085926056,0.0003142400085926056
B16/L256,21,Metadata weights,0.0002194879949092865,0.00023132799565792083,0.00023132799565792083
B16/L256,21,Other MoE/host gaps,0.00251407200464746,0.002349023993592709,0.0026416960216593
B16/L256,21,Placement CPU,0.0033367120027542113,0.0033929920196533203,0.0033929920196533203
B16/L256,21,Return A2A/combine,0.010519679985940457,0.01918047961592674,0.01918047961592674
B16/L256,21,Router/Gate,8.088800124824046e-05,8.06720033288002e-05,8.1727996468544e-05
B16/L256,22,Attention/dense/non-MoE,0.0014751199923339299,0.0014353279834613203,0.0016122880056500435
B16/L256,22,D2H/materialization,0.0009047040091827511,0.0009270080253481864,0.0009270080253481864
B16/L256,22,Expert execution,0.03853686428070068,0.03579824066162109,0.046232097625732424
B16/L256,22,Exposed H2D wait,0.006177272081375122,0.005835840225219727,0.006417344093322754
B16/L256,22,Forward pack/A2A/completion,0.001971904015168548,0.002323456022888422,0.00337878405302763
B16/L256,22,Global barrier,0.00048250399529933927,0.0008553919792175293,0.0008553919792175293
B16/L256,22,H2D enqueue,0.0002279199957847595,0.00021644799411296844,0.00023715199530124665
B16/L256,22,Layout CPU,0.024974855899810793,0.024756383895874024,0.02610220718383789
B16/L256,22,Layout GPU tensor construction,0.011156807899475096,0.01113913631439209,0.011437952041625976
B16/L256,22,Metadata Gate probability tail,0.00022226399555802344,0.00024371199309825898,0.00024406400322914124
B16/L256,22,Metadata counts,0.0005273679941892624,0.0006114559769630432,0.000646943986415863
B16/L256,22,Metadata selected IDs,0.00027003200352191927,0.00028780800104141236,0.00028780800104141236
B16/L256,22,Metadata weights,0.00020112800225615502,0.00020985600352287293,0.00021081599593162536
B16/L256,22,Other MoE/host gaps,0.0025319679899839685,0.002342272021807731,0.0027027520022820683
B16/L256,22,Placement CPU,0.003327360033988953,0.0032919681072235106,0.0033934080600738527
B16/L256,22,Return A2A/combine,0.012371687844395638,0.015082848072052001,0.0158021115064621
B16/L256,22,Router/Gate,8.060799911618232e-05,8.1216000020504e-05,8.14400017261505e-05
B16/L256,23,Attention/dense/non-MoE,0.0014840479750419036,0.001430079980986193,0.0016502399519085884
B16/L256,23,D2H/materialization,0.000924503973685205,0.001041695948690176,0.001041695948690176
B16/L256,23,Expert execution,0.03709126377105713,0.03310015869140625,0.042578624725341796
B16/L256,23,Exposed H2D wait,0.00625220811367035,0.006075456142425537,0.006413248062133789
B16/L256,23,Forward pack/A2A/completion,0.002762640005443245,0.0036993280444294215,0.0036993280444294215
B16/L256,23,Global barrier,0.00036701598763465884,0.0005234559774398804,0.0005234559774398804
B16/L256,23,H2D enqueue,0.00023464000225067137,0.0002252800017595291,0.00024166400730609895
B16/L256,23,Layout CPU,0.025067047595977783,0.024309919357299804,0.026620031356811524
B16/L256,23,Layout GPU tensor construction,0.011237608194351196,0.011097439765930176,0.011469504356384278
B16/L256,23,Metadata Gate probability tail,0.00020730400085449218,0.00022492800652980805,0.00022492800652980805
B16/L256,23,Metadata counts,0.0005512559898197651,0.0006522560119628907,0.0006664639711380005
B16/L256,23,Metadata selected IDs,0.0002778800018131733,0.0002919360101222992,0.0002919360101222992
B16/L256,23,Metadata weights,0.00020944800227880477,0.00021984000504016876,0.00021984000504016876
B16/L256,23,Other MoE/host gaps,0.0025259440000518227,0.0023468479767907416,0.0027999359769746665
B16/L256,23,Placement CPU,0.00326938396692276,0.0032527039051055908,0.0033327999114990234
B16/L256,23,Return A2A/combine,0.010265295915305615,0.014234144002199172,0.014234144002199172
B16/L256,23,Router/Gate,8.017599955201148e-05,8.1727996468544e-05,8.1727996468544e-05
B16/L256,24,Attention/dense/non-MoE,0.0014706480125896632,0.0014314880138263106,0.0016003199890255928
B16/L256,24,D2H/materialization,0.0008629120001569391,0.0008692159913480282,0.001001888006925583
B16/L256,24,Expert execution,0.0360164475440979,0.04756825637817383,0.04756825637817383
B16/L256,24,Exposed H2D wait,0.0062271119356155395,0.006070847988128662,0.006373600006103515
B16/L256,24,Forward pack/A2A/completion,0.0023996159587986766,0.002720575949177146,0.003382527993991971
B16/L256,24,Global barrier,0.00033029600232839583,0.0004368320107460022,0.000518559992313385
B16/L256,24,H2D enqueue,0.00022962400317192078,0.0002223680019378662,0.00023625600337982177
B16/L256,24,Layout CPU,0.024538680076599123,0.024257888793945314,0.0257042236328125
B16/L256,24,Layout GPU tensor construction,0.011054664134979249,0.011178624153137208,0.011178624153137208
B16/L256,24,Metadata Gate probability tail,0.00021563999727368356,0.0002311359941959381,0.00023119999468326568
B16/L256,24,Metadata counts,0.00051086400821805,0.00059552001953125,0.0006197760105133057
B16/L256,24,Metadata selected IDs,0.00026959999650716783,0.0002948159873485565,0.0002948159873485565
B16/L256,24,Metadata weights,0.00022751200199127197,0.00023452800512313842,0.00023452800512313842
B16/L256,24,Other MoE/host gaps,0.002485279961838387,0.002472223945427686,0.0026587519682943826
B16/L256,24,Placement CPU,0.0033005200028419497,0.003258080005645752,0.003464224100112915
B16/L256,24,Return A2A/combine,0.016121783647686242,0.004635104045271873,0.025513983190059663
B16/L256,24,Router/Gate,8.008000068366527e-05,8.09279978275299e-05,8.09279978275299e-05
B16/L256,25,Attention/dense/non-MoE,0.0014645759772974997,0.0015800960194319487,0.0015800960194319487
B16/L256,25,D2H/materialization,0.0009234719919040798,0.0009843520000576973,0.0009937919750809669
B16/L256,25,Expert execution,0.04137185573577881,0.04368588638305664,0.04368588638305664
B16/L256,25,Exposed H2D wait,0.006190775990486145,0.005992000102996826,0.006374911785125732
B16/L256,25,Forward pack/A2A/completion,0.0024949999791570006,0.0034168319460004567,0.003429023990407586
B16/L256,25,Global barrier,0.0003867519944906235,0.0006402239799499511,0.0006402239799499511
B16/L256,25,H2D enqueue,0.0002245119996368885,0.00022127999365329743,0.00022675199806690215
B16/L256,25,Layout CPU,0.024527592182159424,0.02377372741699219,0.025673248291015624
B16/L256,25,Layout GPU tensor construction,0.011320816040039063,0.011147968292236328,0.01176643180847168
B16/L256,25,Metadata Gate probability tail,0.00019123199954628945,0.00016940799355506897,0.00021219199895858765
B16/L256,25,Metadata counts,0.0004350719936192036,0.00021398399770259857,0.0005265280008316041
B16/L256,25,Metadata selected IDs,0.0002655120007693768,0.00023257599771022797,0.0002811520099639893
B16/L256,25,Metadata weights,0.00019816799834370614,0.0001725759953260422,0.00020694400370121002
B16/L256,25,Other MoE/host gaps,0.002499544025398791,0.0025717120417393744,0.0025717120417393744
B16/L256,25,Placement CPU,0.0032570480704307556,0.0031965761184692383,0.0033421120643615724
B16/L256,25,Return A2A/combine,0.006966432064771652,0.004749311983585358,0.008735135972499848
B16/L256,25,Router/Gate,8.020799979567529e-05,8.198399841785431e-05,8.198399841785431e-05
B16/L256,26,Attention/dense/non-MoE,0.001470680021622684,0.0016015360332094133,0.0016015360332094133
B16/L256,26,D2H/materialization,0.0008891600053757429,0.0009993279799818992,0.0009993279799818992
B16/L256,26,Expert execution,0.03727348852157593,0.039610366821289066,0.04494668960571289
B16/L256,26,Exposed H2D wait,0.00626252806186676,0.006043712139129639,0.006457503795623779
B16/L256,26,Forward pack/A2A/completion,0.002505544009618461,0.0027219520639628174,0.0042733119353652
B16/L256,26,Global barrier,0.0004158320054411888,0.0007399359941482544,0.0007399359941482544
B16/L256,26,H2D enqueue,0.00022572800144553184,0.00021939200162887572,0.0002305919975042343
B16/L256,26,Layout CPU,0.024583064079284667,0.02416201591491699,0.025975296020507813
B16/L256,26,Layout GPU tensor construction,0.011398992061614991,0.011477215766906738,0.011627615928649903
B16/L256,26,Metadata Gate probability tail,0.00018860799819231034,0.00017103999853134154,0.00020531199872493743
B16/L256,26,Metadata counts,0.0004814320132136345,0.00021059200167655945,0.000581279993057251
B16/L256,26,Metadata selected IDs,0.0002460799999535084,0.00022713600099086761,0.0002557759881019592
B16/L256,26,Metadata weights,0.00021192000061273574,0.0001711679995059967,0.0002269120067358017
B16/L256,26,Other MoE/host gaps,0.0025020879905787298,0.0024538239694666133,0.0026439039711840446
B16/L256,26,Placement CPU,0.0032511839866638183,0.0032062718868255615,0.003337984085083008
B16/L256,26,Return A2A/combine,0.0123571996986866,0.009998847901821137,0.024452543050050735
B16/L256,26,Router/Gate,8.154400065541267e-05,8.329600095748901e-05,8.329600095748901e-05
B16/L256,27,Attention/dense/non-MoE,0.0014705360154039226,0.001430560036795214,0.0015955199596937746
B16/L256,27,D2H/materialization,0.0009090240010991693,0.000988191980868578,0.000988191980868578
B16/L256,27,Expert execution,0.03251907157897949,0.031911231994628905,0.040934814453125
B16/L256,27,Exposed H2D wait,0.006192607998847962,0.00586137580871582,0.006421088218688965
B16/L256,27,Forward pack/A2A/completion,0.0022079199948348105,0.0024727999083697795,0.0037484480552375317
B16/L256,27,Global barrier,0.0004112880043685436,0.0007666879892349243,0.0007666879892349243
B16/L256,27,H2D enqueue,0.0002269120030105114,0.0002200639992952347,0.00023395200073719026
B16/L256,27,Layout CPU,0.024672847747802734,0.024353727340698243,0.025796735763549804
B16/L256,27,Layout GPU tensor construction,0.01129692792892456,0.011328864097595214,0.01149129581451416
B16/L256,27,Metadata Gate probability tail,0.00019369599968194963,0.00021907199919223786,0.00021907199919223786
B16/L256,27,Metadata counts,0.0004984720088541507,0.0005786560177803039,0.0005929920077323913
B16/L256,27,Metadata selected IDs,0.00027535200864076614,0.0002950400114059448,0.0002956480085849762
B16/L256,27,Metadata weights,0.00019582400098443033,0.00020479999482631684,0.00020479999482631684
B16/L256,27,Other MoE/host gaps,0.002544160018209368,0.002425983967725188,0.0028122560272458943
B16/L256,27,Placement CPU,0.003243896007537842,0.0032105278968811036,0.003268928050994873
B16/L256,27,Return A2A/combine,0.01304303203523159,0.013639296531677246,0.02033955192565918
B16/L256,27,Router/Gate,7.977600023150445e-05,8.204799890518189e-05,8.204799890518189e-05
B16/L256,28,Attention/dense/non-MoE,0.001473472000332549,0.001438783979974687,0.0016017599853221328
B16/L256,28,D2H/materialization,0.0008965519908815622,0.0009295679703354836,0.0009671999886631965
B16/L256,28,Expert execution,0.037886207580566406,0.033889694213867186,0.04796380615234375
B16/L256,28,Exposed H2D wait,0.006122735977172851,0.005833600044250488,0.00641539192199707
B16/L256,28,Forward pack/A2A/completion,0.002021271990612149,0.0024607360176742074,0.0024607360176742074
B16/L256,28,Global barrier,0.0004892800003290177,0.0007384639978408814,0.0008022080063819885
B16/L256,28,H2D enqueue,0.00022263200208544733,0.0002149759978055954,0.00023017600178718567
B16/L256,28,Layout CPU,0.02441875171661377,0.024068607330322265,0.025467615127563476
B16/L256,28,Layout GPU tensor construction,0.011054887771606445,0.011092479705810548,0.011092479705810548
B16/L256,28,Metadata Gate probability tail,0.000195872001349926,0.00022172799706459046,0.00022172799706459046
B16/L256,28,Metadata counts,0.0004938880018889904,0.0005654079914093017,0.0005996800065040588
B16/L256,28,Metadata selected IDs,0.00026531200483441355,0.00028307199478149413,0.00028307199478149413
B16/L256,28,Metadata weights,0.0001982240006327629,0.00020732800662517548,0.00020732800662517548
B16/L256,28,Other MoE/host gaps,0.00251555201766314,0.0023745920055080207,0.0026334400449413804
B16/L256,28,Placement CPU,0.0032945039868354795,0.0032545599937438964,0.0033387200832366943
B16/L256,28,Return A2A/combine,0.014753184143453835,0.01873081615567207,0.01873081615567207
B16/L256,28,Router/Gate,8.064000122249127e-05,8.003199845552444e-05,8.246400207281112e-05
B16/L256,29,Attention/dense/non-MoE,0.0014677359680063092,0.0014294079462997616,0.0015934719440992922
B16/L256,29,D2H/materialization,0.0008908879989758133,0.0009980479963123798,0.0009980479963123798
B16/L256,29,Expert execution,0.03567092800140381,0.036059360504150394,0.05046739196777344
B16/L256,29,Exposed H2D wait,0.006295063972473145,0.006069151878356933,0.006517280101776123
B16/L256,29,Forward pack/A2A/completion,0.002462471982464194,0.0035123839024454357,0.0035123839024454357
B16/L256,29,Global barrier,0.00037832799181342124,0.0006035839915275574,0.0006035839915275574
B16/L256,29,H2D enqueue,0.00024181599915027617,0.000236735999584198,0.0002508800029754639
B16/L256,29,Layout CPU,0.02475292873382568,0.023815488815307616,0.026136512756347655
B16/L256,29,Layout GPU tensor construction,0.011025575876235962,0.010964223861694336,0.011139904022216797
B16/L256,29,Metadata Gate probability tail,0.0002244480028748512,0.00024844799935817716,0.00024844799935817716
B16/L256,29,Metadata counts,0.0005079199932515621,0.000582207977771759,0.0006184639930725097
B16/L256,29,Metadata selected IDs,0.00026571199670434,0.0002839680016040802,0.0002839680016040802
B16/L256,29,Metadata weights,0.00021135200187563896,0.00021660800278186797,0.00021792000532150268
B16/L256,29,Other MoE/host gaps,0.0025583200017572382,0.002370431951014325,0.002868703982094303
B16/L256,29,Placement CPU,0.0032664079666137697,0.0032232959270477295,0.0033752639293670654
B16/L256,29,Return A2A/combine,0.01942739190533757,0.019025855630636215,0.0307947199344635
B16/L256,29,Router/Gate,7.968799956142903e-05,8.20159986615181e-05,8.20159986615181e-05
B16/L256,30,Attention/dense/non-MoE,0.0014668720001354812,0.0014315520292147994,0.0015822399929165838
B16/L256,30,D2H/materialization,0.0008957279929891229,0.0009308159723877907,0.0009503359869122506
B16/L256,30,Expert execution,0.03478952026367187,0.04262819290161133,0.04262819290161133
B16/L256,30,Exposed H2D wait,0.006289328098297119,0.006081439971923828,0.006491104125976563
B16/L256,30,Forward pack/A2A/completion,0.0013518239920958877,0.0011114240195602178,0.0027885759547352793
B16/L256,30,Global barrier,0.00041147998720407486,0.0005567039847373962,0.0006471679806709289
B16/L256,30,H2D enqueue,0.00022253599762916566,0.00021993599832057954,0.00022902399301528932
B16/L256,30,Layout CPU,0.023614583492279052,0.023755903244018554,0.02413711929321289
B16/L256,30,Layout GPU tensor construction,0.011113080263137818,0.011308416366577149,0.01131811237335205
B16/L256,30,Metadata Gate probability tail,0.0001828719973564148,0.00021478399634361267,0.00021478399634361267
B16/L256,30,Metadata counts,0.0005093919970095157,0.0005875840187072754,0.0006191359758377076
B16/L256,30,Metadata selected IDs,0.0002476560026407242,0.0002629120051860809,0.0002629120051860809
B16/L256,30,Metadata weights,0.00019879199936985968,0.0002120639979839325,0.00021219199895858765
B16/L256,30,Other MoE/host gaps,0.002558928028855007,0.002550656023435295,0.0027495040060020984
B16/L256,30,Placement CPU,0.0033270400166511534,0.003308095932006836,0.0033670721054077147
B16/L256,30,Return A2A/combine,0.012403303995728492,0.004637504070997238,0.017883168011903764
B16/L256,30,Router/Gate,8.032000064849854e-05,8.233600109815597e-05,8.233600109815597e-05
B16/L256,31,Attention/dense/non-MoE,0.0014709039731533266,0.001611935949884355,0.001611935949884355
B16/L256,31,D2H/materialization,0.0007824960136786103,0.0009366080164909362,0.0009366080164909362
B16/L256,31,Expert execution,0.03979466390609741,0.03332451248168945,0.05498809432983399
B16/L256,31,Exposed H2D wait,0.006311191916465759,0.006116543769836426,0.00649235200881958
B16/L256,31,Forward pack/A2A/completion,0.002663936004042625,0.002649759981781244,0.004709216123446822
B16/L256,31,Global barrier,0.0004174239933490753,0.0006459519863128662,0.0006459519863128662
B16/L256,31,H2D enqueue,0.00022455200180411338,0.00021462400257587434,0.0002391040027141571
B16/L256,31,Layout CPU,0.02369212007522583,0.023378400802612304,0.025306943893432618
B16/L256,31,Layout GPU tensor construction,0.011074792146682739,0.01128809642791748,0.01128809642791748
B16/L256,31,Metadata Gate probability tail,0.00022576799988746643,0.00017417599260807038,0.00024355199933052062
B16/L256,31,Metadata counts,0.000465208001434803,0.00020937600731849672,0.0005619199872016906
B16/L256,31,Metadata selected IDs,0.00031359999626874926,0.00032815998792648315,0.00032815998792648315
B16/L256,31,Metadata weights,0.0002701760046184063,0.0001947840005159378,0.0002954240143299103
B16/L256,31,Other MoE/host gaps,0.0024848640185664407,0.0024716800642199817,0.0025456000270787623
B16/L256,31,Placement CPU,0.0033548719882965086,0.0033358399868011475,0.003460671901702881
B16/L256,31,Return A2A/combine,0.01988451974838972,0.026336255639791487,0.030794815331697464
B16/L256,31,Router/Gate,8.030400052666664e-05,8.265600353479385e-05,8.265600353479385e-05
B16/L256,32,Attention/dense/non-MoE,0.0014726399935316293,0.00143875204725191,0.001587967999279499
B16/L256,32,D2H/materialization,0.0008591519966721535,0.000847647987306118,0.0009340480081737042
B16/L256,32,Expert execution,0.040898799896240234,0.04948748779296875,0.04948748779296875
B16/L256,32,Exposed H2D wait,0.006301384091377258,0.005990655899047852,0.006517568111419678
B16/L256,32,Forward pack/A2A/completion,0.0019488960010930897,0.0023581759948283435,0.002675583964213729
B16/L256,32,Global barrier,0.0004138639979064465,0.0006776639819145203,0.0006776639819145203
B16/L256,32,H2D enqueue,0.00023874400183558465,0.0002356480062007904,0.0002452159970998764
B16/L256,32,Layout CPU,0.024124311923980714,0.024004095077514647,0.024809440612792968
B16/L256,32,Layout GPU tensor construction,0.011132319927215577,0.011005151748657226,0.011474783897399903
B16/L256,32,Metadata Gate probability tail,0.00023921600356698036,0.0002747200131416321,0.0002747200131416321
B16/L256,32,Metadata counts,0.0005202959850430489,0.0005906239748001099,0.000643999993801117
B16/L256,32,Metadata selected IDs,0.00026178400218486783,0.0002839680016040802,0.0002839680016040802
B16/L256,32,Metadata weights,0.00020839200168848036,0.00021129600703716277,0.00021299199759960174
B16/L256,32,Other MoE/host gaps,0.0025124160086270426,0.0025244480483233933,0.0025244480483233933
B16/L256,32,Placement CPU,0.00329831999540329,0.003253119945526123,0.0033594560623168945
B16/L256,32,Return A2A/combine,0.013141151882708072,0.004622591882944107,0.019910623610019683
B16/L256,32,Router/Gate,8.095999993383885e-05,8.30719992518425e-05,8.30719992518425e-05
B16/L256,33,Attention/dense/non-MoE,0.0014666239980724639,0.0015966720038559287,0.0015966720038559287
B16/L256,33,D2H/materialization,0.0008958719838410616,0.0009823679849505424,0.0009823679849505424
B16/L256,33,Expert execution,0.03977435302734375,0.04361920166015625,0.04814863967895508
B16/L256,33,Exposed H2D wait,0.007580903887748718,0.0065428481101989745,0.008501695632934571
B16/L256,33,Forward pack/A2A/completion,0.0015041760257445277,0.0007365119736641645,0.0032251521181315187
B16/L256,33,Global barrier,0.0012309200018644332,0.0022549760341644288,0.0022549760341644288
B16/L256,33,H2D enqueue,0.0002245839983224869,0.0002226240038871765,0.0002309119999408722
B16/L256,33,Layout CPU,0.02520752000808716,0.025629695892333985,0.02580796813964844
B16/L256,33,Layout GPU tensor construction,0.011199863910675048,0.011374784469604491,0.011374784469604491
B16/L256,33,Metadata Gate probability tail,0.0001902559995651245,0.0001690559983253479,0.00020284800231456756
B16/L256,33,Metadata counts,0.00047792799398303033,0.00021247999370098113,0.0005862399935722351
B16/L256,33,Metadata selected IDs,0.000258568000048399,0.0002098879963159561,0.00027641600370407104
B16/L256,33,Metadata weights,0.00019636799767613412,0.0001685439944267273,0.00020614400506019593
B16/L256,33,Other MoE/host gaps,0.002618720019352622,0.0026756480266340076,0.0026756480266340076
B16/L256,33,Placement CPU,0.0033304799795150757,0.003315808057785034,0.0034456639289855958
B16/L256,33,Return A2A/combine,0.013196888327598572,0.00941670423746109,0.0231784006357193
B16/L256,33,Router/Gate,8.011200092732906e-05,8.105599880218506e-05,8.115199953317642e-05
B16/L256,34,Attention/dense/non-MoE,0.0014722080280189403,0.0014329279945231974,0.0016057280376553535
B16/L256,34,D2H/materialization,0.0009026879789307714,0.000941951971501112,0.0009498239904642105
B16/L256,34,Expert execution,0.03696090459823609,0.036178207397460936,0.04348332977294922
B16/L256,34,Exposed H2D wait,0.00630291211605072,0.006063744068145752,0.006535232067108154
B16/L256,34,Forward pack/A2A/completion,0.002773895942606032,0.0033393918834626673,0.00446060797944665
B16/L256,34,Global barrier,0.0004399439953267574,0.0006399999856948852,0.0006817280054092407
B16/L256,34,H2D enqueue,0.00022786400094628335,0.00022115199267864227,0.00023280000686645507
B16/L256,34,Layout CPU,0.024954432010650635,0.02434921646118164,0.026773439407348634
B16/L256,34,Layout GPU tensor construction,0.011052671909332276,0.011277983665466309,0.011277983665466309
B16/L256,34,Metadata Gate probability tail,0.0002107600010931492,0.00024198399484157563,0.00024198399484157563
B16/L256,34,Metadata counts,0.0004954479858279229,0.000560479998588562,0.0006176319718360901
B16/L256,34,Metadata selected IDs,0.00025277599692344663,0.0002716799974441528,0.0002716799974441528
B16/L256,34,Metadata weights,0.00020332800224423408,0.00021433599293231963,0.00021433599293231963
B16/L256,34,Other MoE/host gaps,0.0025546560162911193,0.002358944032108412,0.002713280039839446
B16/L256,34,Placement CPU,0.0032956559658050538,0.003225087881088257,0.0034102399349212648
B16/L256,34,Return A2A/combine,0.01127004799246788,0.01203779211640358,0.02101775974035263
B16/L256,34,Router/Gate,8.006399869918823e-05,8.271999657154083e-05,8.271999657154083e-05
B16/L256,35,Attention/dense/non-MoE,0.0014731519906781615,0.001428511969279498,0.00160899205529131
B16/L256,35,D2H/materialization,0.0009231680016964674,0.0009063360020518304,0.0010001919940114022
B16/L256,35,Expert execution,0.0353925838470459,0.04696518325805664,0.04696518325805664
B16/L256,35,Exposed H2D wait,0.006248855948448181,0.005875679969787597,0.006523231983184815
B16/L256,35,Forward pack/A2A/completion,0.004997871920000761,0.013187071781605482,0.013187071781605482
B16/L256,35,Global barrier,0.0005075919926166534,0.0009380159974098206,0.0009380159974098206
B16/L256,35,H2D enqueue,0.00022887199744582178,0.00022281600534915924,0.00024508799612522127
B16/L256,35,Layout CPU,0.02631456756591797,0.024598207473754883,0.029494688034057616
B16/L256,35,Layout GPU tensor construction,0.017212040185928344,0.01128012752532959,0.020470752716064453
B16/L256,35,Metadata Gate probability tail,0.0001977280005812645,0.00022380800545215607,0.00022380800545215607
B16/L256,35,Metadata counts,0.0005185039937496185,0.0006027839779853821,0.0006377599835395813
B16/L256,35,Metadata selected IDs,0.00029040799289941786,0.000315775990486145,0.000315775990486145
B16/L256,35,Metadata weights,0.000205375999212265,0.0002189439982175827,0.0002189439982175827
B16/L256,35,Other MoE/host gaps,0.002951407981687225,0.002475679957773536,0.00313776001217775
B16/L256,35,Placement CPU,0.0032790160179138185,0.003215456008911133,0.00336080002784729
B16/L256,35,Return A2A/combine,0.01601120810583234,0.0045095359534025195,0.024190240532159808
B16/L256,35,Router/Gate,8.043199963867665e-05,8.105599880218506e-05,8.105599880218506e-05
B16/L256,36,Attention/dense/non-MoE,0.0014660959669272416,0.0015791999541688712,0.0015791999541688712
B16/L256,36,D2H/materialization,0.0008846159996464848,0.0009761920161545277,0.0009761920161545277
B16/L256,36,Expert execution,0.032357967853546145,0.027068063735961913,0.041065120697021486
B16/L256,36,Exposed H2D wait,0.006283695936203003,0.006186880111694336,0.006378111839294434
B16/L256,36,Forward pack/A2A/completion,0.001913048021728173,0.002050816028378904,0.002548640051856637
B16/L256,36,Global barrier,0.00034058400243520737,0.0004596480131149292,0.0004596480131149292
B16/L256,36,H2D enqueue,0.00022183199971914292,0.0002173759937286377,0.00022883200645446779
B16/L256,36,Layout CPU,0.024604904651641845,0.024384288787841796,0.025540000915527345
B16/L256,36,Layout GPU tensor construction,0.011227655887603761,0.011268959999084473,0.011352607727050781
B16/L256,36,Metadata Gate probability tail,0.00019921600073575973,0.00016860799491405488,0.00022572800517082215
B16/L256,36,Metadata counts,0.0004277999997138977,0.00020300799608230591,0.0005139520168304443
B16/L256,36,Metadata selected IDs,0.00024216799437999724,0.00020995199680328368,0.00025542399287223816
B16/L256,36,Metadata weights,0.00023060000315308572,0.00020937600731849672,0.00023923200368881225
B16/L256,36,Other MoE/host gaps,0.002501224010775332,0.0024805440099444245,0.0026456320008728653
B16/L256,36,Placement CPU,0.00328412801027298,0.003240992069244385,0.0034003520011901857
B16/L256,36,Return A2A/combine,0.013614616125822068,0.018877919763326645,0.018877919763326645
B16/L256,36,Router/Gate,7.994399964809418e-05,8.044800162315369e-05,8.044800162315369e-05
B16/L256,37,Attention/dense/non-MoE,0.00147221601504134,0.0014340800330974162,0.0016105280206538735
B16/L256,37,D2H/materialization,0.0008531120140105486,0.0008609600253403187,0.0008696319870650768
B16/L256,37,Expert execution,0.031198936462402346,0.032424896240234376,0.037917697906494144
B16/L256,37,Exposed H2D wait,0.006231575965881348,0.005978720188140869,0.006387263774871826
B16/L256,37,Forward pack/A2A/completion,0.0023519840156659482,0.0029535359162837266,0.003042656058445573
B16/L256,37,Global barrier,0.0003690959997475147,0.0006321600079536438,0.0006321600079536438
B16/L256,37,H2D enqueue,0.00023469600081443788,0.0002252800017595291,0.0002391040027141571
B16/L256,37,Layout CPU,0.02498252010345459,0.024532320022583008,0.026172927856445313
B16/L256,37,Layout GPU tensor construction,0.010964063882827758,0.010948063850402832,0.011191583633422852
B16/L256,37,Metadata Gate probability tail,0.00021632800251245499,0.0002303680032491684,0.00023155200481414794
B16/L256,37,Metadata counts,0.0005421759858727455,0.0006253439784049988,0.0006635199785232544
B16/L256,37,Metadata selected IDs,0.0002600880041718483,0.00027782401442527773,0.00027782401442527773
B16/L256,37,Metadata weights,0.00022758399695158005,0.00023945599794387819,0.00024089600145816802
B16/L256,37,Other MoE/host gaps,0.002495647989679128,0.002345343983266503,0.0027393919639289374
B16/L256,37,Placement CPU,0.0032106320261955264,0.003146591901779175,0.003313568115234375
B16/L256,37,Return A2A/combine,0.011602624006569385,0.010356640011072159,0.01641743981838226
B16/L256,37,Router/Gate,7.82559998333454e-05,8.012799918651581e-05,8.012799918651581e-05
B16/L256,38,Attention/dense/non-MoE,0.0014767840179847553,0.0014368000314570963,0.0016192639833316207
B16/L256,38,D2H/materialization,0.000876792000606656,0.0008765119835734367,0.0009047040231525898
B16/L256,38,Expert execution,0.033210887908935546,0.040658561706542966,0.040658561706542966
B16/L256,38,Exposed H2D wait,0.006130784034729004,0.005903488159179688,0.0063458881378173826
B16/L256,38,Forward pack/A2A/completion,0.002052288016770035,0.0020830079689621926,0.0030998080950230362
B16/L256,38,Global barrier,0.00043187199905514716,0.0007051519751548767,0.0007051519751548767
B16/L256,38,H2D enqueue,0.00025784800201654435,0.0002570880055427551,0.00026345598697662353
B16/L256,38,Layout CPU,0.025230480194091798,0.025264448165893554,0.026183391571044923
B16/L256,38,Layout GPU tensor construction,0.011337192058563234,0.01136143970489502,0.011506336212158203
B16/L256,38,Metadata Gate probability tail,0.00020281600207090378,0.00022217600047588347,0.00022288000583648682
B16/L256,38,Metadata counts,0.0005566640049219131,0.0006414719820022583,0.000677344024181366
B16/L256,38,Metadata selected IDs,0.00027527199685573576,0.000296640008687973,0.000296640008687973
B16/L256,38,Metadata weights,0.0002104640007019043,0.00022012799978256227,0.00022140799462795258
B16/L256,38,Other MoE/host gaps,0.002572519988520071,0.002537823981139809,0.0026557439530733975
B16/L256,38,Placement CPU,0.0033428719639778137,0.003314271926879883,0.0034662399291992187
B16/L256,38,Return A2A/combine,0.011998455971479416,0.004636767983436585,0.026105216056108473
B16/L256,38,Router/Gate,7.845600135624409e-05,8.009599894285202e-05,8.009599894285202e-05
B16/L256,39,Attention/dense/non-MoE,0.0014687999782618136,0.0015948800288606436,0.0015948800288606436
B16/L256,39,D2H/materialization,0.0009309439947828651,0.0010206080004572869,0.0010206080004572869
B16/L256,39,Expert execution,0.028361656188964843,0.027135679244995117,0.03425872039794922
B16/L256,39,Exposed H2D wait,0.0061079999208450315,0.005922815799713135,0.006288320064544678
B16/L256,39,Forward pack/A2A/completion,0.0024077119822613897,0.0025079999770969154,0.004271583901718259
B16/L256,39,Global barrier,0.0004285839907824993,0.0006315199732780457,0.0006315199732780457
B16/L256,39,H2D enqueue,0.00022493600100278855,0.00022371199727058412,0.0002324800044298172
B16/L256,39,Layout CPU,0.025203303813934326,0.025148063659667968,0.02651350402832031
B16/L256,39,Layout GPU tensor construction,0.011376991987228394,0.011340031623840332,0.011657952308654785
B16/L256,39,Metadata Gate probability tail,0.00019915200397372247,0.00017856000363826753,0.00021219199895858765
B16/L256,39,Metadata counts,0.0005006319917738438,0.00023097600042819977,0.0006065919995307922
B16/L256,39,Metadata selected IDs,0.00024820800498127937,0.00021401600539684294,0.0002613759934902191
B16/L256,39,Metadata weights,0.00019260000437498092,0.0001706240028142929,0.0002014400064945221
B16/L256,39,Other MoE/host gaps,0.0025932720172568225,0.002516448020003736,0.0028323840512894096
B16/L256,39,Placement CPU,0.0032747840285301207,0.0032174720764160157,0.0033456640243530273
B16/L256,39,Return A2A/combine,0.010709703877568245,0.011922591775655746,0.0149651198387146
B16/L256,39,Router/Gate,7.984800264239311e-05,8.259200304746628e-05,8.259200304746628e-05
B16/L256,40,Attention/dense/non-MoE,0.0014714800169458612,0.0014353599988389761,0.0016103040054440498
B16/L256,40,D2H/materialization,0.0009171519810333848,0.0009086079746484756,0.0010085119679570198
B16/L256,40,Expert execution,0.035161880493164065,0.025476512908935548,0.038902206420898436
B16/L256,40,Exposed H2D wait,0.006054040074348449,0.0058715839385986325,0.006222976207733154
B16/L256,40,Forward pack/A2A/completion,0.0025168960320297628,0.004593248152174056,0.004593248152174056
B16/L256,40,Global barrier,0.00040070399641990663,0.0005592960119247437,0.0005836799740791321
B16/L256,40,H2D enqueue,0.00023867199942469598,0.00023081600666046141,0.0002471359968185425
B16/L256,40,Layout CPU,0.02533033609390259,0.02377814483642578,0.02656892776489258
B16/L256,40,Layout GPU tensor construction,0.011314271926879883,0.011028863906860352,0.011575712203979491
B16/L256,40,Metadata Gate probability tail,0.00020562400296330452,0.00024825599789619446,0.00024825599789619446
B16/L256,40,Metadata counts,0.0005300559811294078,0.0006102079749107361,0.0006429439783096313
B16/L256,40,Metadata selected IDs,0.0002526239976286888,0.00026921600103378294,0.00026921600103378294
B16/L256,40,Metadata weights,0.00020635199919342994,0.00021465599536895752,0.00021465599536895752
B16/L256,40,Other MoE/host gaps,0.002640631991613191,0.0023966400334611533,0.0027410239533055577
B16/L256,40,Placement CPU,0.003281336009502411,0.0032262721061706544,0.0033821759223937988
B16/L256,40,Return A2A/combine,0.008373856008052826,0.018062208145856858,0.018062208145856858
B16/L256,40,Router/Gate,7.85520002245903e-05,7.900799810886383e-05,7.942400127649308e-05
B16/L256,41,Attention/dense/non-MoE,0.0014702639928436839,0.0014314239465165884,0.0016034240124281497
B16/L256,41,D2H/materialization,0.0009128640107810497,0.0008963840119540692,0.0009913920201361178
B16/L256,41,Expert execution,0.03269331932067871,0.03346303939819336,0.03803148651123047
B16/L256,41,Exposed H2D wait,0.005937911987304687,0.00578652811050415,0.006165984153747558
B16/L256,41,Forward pack/A2A/completion,0.002015552042517811,0.0030837440490722656,0.0030837440490722656
B16/L256,41,Global barrier,0.0004286240078508854,0.0005648000240325928,0.0005648000240325928
B16/L256,41,H2D enqueue,0.00022010400146245957,0.00021264000236988068,0.00022406400740146638
B16/L256,41,Layout CPU,0.024734615802764894,0.023861568450927736,0.025728799819946288
B16/L256,41,Layout GPU tensor construction,0.01108572793006897,0.011106047630310058,0.011175200462341309
B16/L256,41,Metadata Gate probability tail,0.0002204800024628639,0.0002469760030508041,0.00024803200364112855
B16/L256,41,Metadata counts,0.0005036560110747814,0.000570688009262085,0.0006235200166702271
B16/L256,41,Metadata selected IDs,0.00025791199877858164,0.0002728320062160492,0.0002728320062160492
B16/L256,41,Metadata weights,0.00020855199918150903,0.00021167999505996703,0.0002120639979839325
B16/L256,41,Other MoE/host gaps,0.0025363839543424546,0.002344959986396134,0.002696703936206176
B16/L256,41,Placement CPU,0.0033072400093078613,0.0032533121109008787,0.0033762879371643066
B16/L256,41,Return A2A/combine,0.010036240108311176,0.009250112146139144,0.014586976408958435
B16/L256,41,Router/Gate,7.955199852585793e-05,8.079999685287475e-05,8.09279978275299e-05
B16/L256,42,Attention/dense/non-MoE,0.0014757039895048367,0.0014384639703202994,0.0016211840198375284
B16/L256,42,D2H/materialization,0.0008416400058194994,0.0008177600279450416,0.0008909120261669159
B16/L256,42,Expert execution,0.033781648635864255,0.03661212921142578,0.03661212921142578
B16/L256,42,Exposed H2D wait,0.006004367947578431,0.005727039813995361,0.00627839994430542
B16/L256,42,Forward pack/A2A/completion,0.003017496031941846,0.0033359038894996045,0.004348928118124605
B16/L256,42,Global barrier,0.0004917680099606514,0.0007293760180473327,0.0008528320193290711
B16/L256,42,H2D enqueue,0.0002149439975619316,0.0002106879949569702,0.00021929599344730377
B16/L256,42,Layout CPU,0.0244339919090271,0.02417251205444336,0.02610915184020996
B16/L256,42,Layout GPU tensor construction,0.010972575902938844,0.011103551864624023,0.011324128150939942
B16/L256,42,Metadata Gate probability tail,0.00021107199788093566,0.00022515200078487396,0.0002255679965019226
B16/L256,42,Metadata counts,0.0005784000158309936,0.0006510720252990722,0.0006988480091094971
B16/L256,42,Metadata selected IDs,0.0002780800051987171,0.0002982720136642456,0.0002982720136642456
B16/L256,42,Metadata weights,0.0002139120027422905,0.00022115199267864227,0.00022300800681114197
B16/L256,42,Other MoE/host gaps,0.0024625519924447873,0.0024542079945094886,0.0025181119667831812
B16/L256,42,Placement CPU,0.0032886160016059878,0.003240384101867676,0.00340012788772583
B16/L256,42,Return A2A/combine,0.007208576019853354,0.00444572801887989,0.010039519846439362
B16/L256,42,Router/Gate,7.990399934351445e-05,8.271999657154083e-05,8.271999657154083e-05
B16/L256,43,Attention/dense/non-MoE,0.0014588799916091374,0.0015651520257815717,0.0015651520257815717
B16/L256,43,D2H/materialization,0.0008869280000217259,0.0009805760122835636,0.0009805760122835636
B16/L256,43,Expert execution,0.02724998426437378,0.02320128059387207,0.030330272674560548
B16/L256,43,Exposed H2D wait,0.005979087948799133,0.005745696067810059,0.006111807823181152
B16/L256,43,Forward pack/A2A/completion,0.0020835119979456065,0.0024606719277799126,0.003194272018969059
B16/L256,43,Global barrier,0.00035048800334334376,0.0007075520157814026,0.0007075520157814026
B16/L256,43,H2D enqueue,0.00023787999898195264,0.0002311359941959381,0.0002448640018701553
B16/L256,43,Layout CPU,0.02412613582611084,0.023573280334472656,0.025094240188598634
B16/L256,43,Layout GPU tensor construction,0.010990952014923096,0.011025343894958496,0.01120576000213623
B16/L256,43,Metadata Gate probability tail,0.00020068800449371337,0.0001798720061779022,0.00023136000335216523
B16/L256,43,Metadata counts,0.0004231440052390099,0.00020899200439453126,0.0005089600086212159
B16/L256,43,Metadata selected IDs,0.000248248003423214,0.00020870399475097657,0.00026281601190567016
B16/L256,43,Metadata weights,0.00023071999847888946,0.00021939200162887572,0.00023503999412059784
B16/L256,43,Other MoE/host gaps,0.002503360015805811,0.0024607999618165197,0.0026420160369016233
B16/L256,43,Placement CPU,0.0033008880019187925,0.0032662720680236815,0.003375904083251953
B16/L256,43,Return A2A/combine,0.00789984791725874,0.011924351692199707,0.011924351692199707
B16/L256,43,Router/Gate,8.02960004657507e-05,8.211199939250946e-05,8.211199939250946e-05
B16/L256,44,Attention/dense/non-MoE,0.0014736000089906156,0.001433280035154894,0.0016154879615642129
B16/L256,44,D2H/materialization,0.0008451119977980852,0.0008098879791796207,0.0009314879924058913
B16/L256,44,Expert execution,0.03067139196395874,0.024993824005126952,0.034966655731201175
B16/L256,44,Exposed H2D wait,0.005998687863349915,0.005727039813995361,0.006176703929901123
B16/L256,44,Forward pack/A2A/completion,0.0018861840143799783,0.001998399944975972,0.003463584115728736
B16/L256,44,Global barrier,0.0004251280054450035,0.0007781760096549988,0.0007781760096549988
B16/L256,44,H2D enqueue,0.00022492000088095664,0.00021686400473117827,0.00022991999983787537
B16/L256,44,Layout CPU,0.024471312522888183,0.024440671920776365,0.025174272537231444
B16/L256,44,Layout GPU tensor construction,0.011286087989807129,0.011304896354675293,0.011496128082275391
B16/L256,44,Metadata Gate probability tail,0.00020022400096058845,0.00022630399465560914,0.00022630399465560914
B16/L256,44,Metadata counts,0.0005368320010602475,0.0006153920292854309,0.00066348797082901
B16/L256,44,Metadata selected IDs,0.0003102320022881031,0.00037615999579429624,0.00037615999579429624
B16/L256,44,Metadata weights,0.00021160800009965895,0.0002316160053014755,0.0002316160053014755
B16/L256,44,Other MoE/host gaps,0.00258862399921054,0.002375488043297082,0.0027721599719952787
B16/L256,44,Placement CPU,0.0032666720151901243,0.0032063040733337402,0.003340543985366821
B16/L256,44,Return A2A/combine,0.009182167991995812,0.014834879785776139,0.014834879785776139
B16/L256,44,Router/Gate,8.147200196981431e-05,8.406399935483933e-05,8.406399935483933e-05
B16/L256,45,Attention/dense/non-MoE,0.0014766479910467752,0.0014339839660096915,0.0016358720194548369
B16/L256,45,D2H/materialization,0.0008702639993280173,0.0009729280211031436,0.0009729280211031436
B16/L256,45,Expert execution,0.033397543907165525,0.03209785461425781,0.03892614364624023
B16/L256,45,Exposed H2D wait,0.0059712079763412475,0.005810336112976074,0.006126848220825196
B16/L256,45,Forward pack/A2A/completion,0.0021222079931758346,0.002387232011184096,0.003522239949554205
B16/L256,45,Global barrier,0.00037807200476527213,0.0005752000212669372,0.0005780479907989502
B16/L256,45,H2D enqueue,0.0002319200001657009,0.00022716799378395082,0.0002423360049724579
B16/L256,45,Layout CPU,0.024954999923706055,0.02462851142883301,0.02606697654724121
B16/L256,45,Layout GPU tensor construction,0.011100304126739503,0.011064512252807617,0.011349151611328125
B16/L256,45,Metadata Gate probability tail,0.0002171359993517399,0.00023689599335193634,0.00023721599578857422
B16/L256,45,Metadata counts,0.0005590079948306083,0.0006473919749259948,0.0006904640197753906
B16/L256,45,Metadata selected IDs,0.00025264799594879153,0.0002707839906215668,0.0002707839906215668
B16/L256,45,Metadata weights,0.00022950400412082673,0.0002364480048418045,0.00023868800699710846
B16/L256,45,Other MoE/host gaps,0.0025114559981739143,0.002451647995272651,0.002584352011792361
B16/L256,45,Placement CPU,0.0032649599313735963,0.003219615936279297,0.0033194239139556886
B16/L256,45,Return A2A/combine,0.010174135901033879,0.01145846402645111,0.01518255966901779
B16/L256,45,Router/Gate,8.071199990808964e-05,8.310399949550629e-05,8.310399949550629e-05
B16/L256,46,Attention/dense/non-MoE,0.001473791987868026,0.00143788795103319,0.0016045759990811347
B16/L256,46,D2H/materialization,0.0008299120003357529,0.0008556160107254982,0.0009087680131196976
B16/L256,46,Expert execution,0.032108776569366455,0.027587839126586914,0.037926113128662106
B16/L256,46,Exposed H2D wait,0.005895919919013977,0.005761248111724853,0.006028351783752442
B16/L256,46,Forward pack/A2A/completion,0.002671247971011326,0.003795071923173964,0.003795071923173964
B16/L256,46,Global barrier,0.00034173599630594255,0.00046799999475479126,0.0005497279763221741
B16/L256,46,H2D enqueue,0.00022667200118303297,0.00022784000635147096,0.00023260800540447234
B16/L256,46,Layout CPU,0.024532472133636476,0.023736703872680665,0.025975008010864258
B16/L256,46,Layout GPU tensor construction,0.01125167202949524,0.011073056221008301,0.011514847755432128
B16/L256,46,Metadata Gate probability tail,0.0002435680069029331,0.0002654080092906952,0.0002654080092906952
B16/L256,46,Metadata counts,0.0005102079883217811,0.0005845119953155518,0.0006322559714317322
B16/L256,46,Metadata selected IDs,0.00025979200005531313,0.0002776319980621338,0.0002776319980621338
B16/L256,46,Metadata weights,0.0002065280005335808,0.00021593600511550902,0.00021695999801158905
B16/L256,46,Other MoE/host gaps,0.002515880007646047,0.0023725440187845385,0.0026914560631848875
B16/L256,46,Placement CPU,0.003296912014484406,0.0031997759342193605,0.0034854719638824465
B16/L256,46,Return A2A/combine,0.010365191891789437,0.014879263728857041,0.014879263728857041
B16/L256,46,Router/Gate,7.964800111949444e-05,8.038400113582611e-05,8.057600259780883e-05
B16/L256,47,Attention/dense/non-MoE,0.002047143996867817,0.0021843520090915262,0.0021843520090915262
B16/L256,47,D2H/materialization,0.0008678880017250776,0.0008792320042848587,0.0009235519990324975
B16/L256,47,Expert execution,0.03323057556152344,0.04086547088623047,0.04086547088623047
B16/L256,47,Exposed H2D wait,0.005953263878822327,0.005660863876342773,0.0062417278289794926
B16/L256,47,Forward pack/A2A/completion,0.0028412400283850726,0.004069664020091295,0.0044487040434032675
B16/L256,47,Global barrier,0.0005125760100781918,0.0007851200103759766,0.0008228800296783448
B16/L256,47,H2D enqueue,0.00021354399994015695,0.00020630399882793425,0.000217631995677948
B16/L256,47,Layout CPU,0.02452796745300293,0.023579231262207033,0.026105375289916993
B16/L256,47,Layout GPU tensor construction,0.011016223907470703,0.010852640151977538,0.011385055541992187
B16/L256,47,Metadata Gate probability tail,0.00020742399990558624,0.0002280319929122925,0.0002280319929122925
B16/L256,47,Metadata counts,0.0004870880022644997,0.000547872006893158,0.0005848000049591065
B16/L256,47,Metadata selected IDs,0.00026788800582289694,0.0002915520071983337,0.0002915520071983337
B16/L256,47,Metadata weights,0.00020560000091791154,0.00021436800062656403,0.0002144320011138916
B16/L256,47,Other MoE/host gaps,0.002778560000762809,0.0036805440397001806,0.0036805440397001806
B16/L256,47,Placement CPU,0.0032066160440444944,0.00318393611907959,0.0033087999820709227
B16/L256,47,Return A2A/combine,0.012033408120274543,0.004467551976442337,0.01818003198504448
B16/L256,47,Router/Gate,7.863999903202057e-05,8.137600123882294e-05,8.137600123882294e-05
