cell,repeat,rank,gpu,counts,streams,remote,overlap,start_ns,ready_ns,bytes,service_ms,nccl_initialized,source_bytes_per_node,source_layout,source_expert_indices
six_1,-5,0,0,"[1, 2, 1, 2]",1,False,False,4943906904783631,4943906907038614,9437184,1.8883839845657349,False,57982058496,spread,[438]
two_pair_0_1,-5,0,0,"[1, 1, 0, 0]",1,False,False,4943906959217632,4943906960877599,9437184,1.5760639905929565,False,57982058496,spread,[146]
two_pair_0_2,-5,0,0,"[1, 0, 1, 0]",1,False,False,4943906971432154,4943906972342109,9437184,0.8388159871101379,False,57982058496,spread,[146]
concurrency_4_rank,-5,0,0,"[4, 4, 3, 3]",4,False,False,4943906982919466,4943906989253303,37748736,6.179488182067871,False,57982058496,spread,"[1022, 1405, 1788, 2171]"
two_single_1,-5,0,0,"[0, 2, 0, 0]",1,False,False,4943906999845399,4943906999924021,0,0,False,57982058496,spread,[]
scale_2_group,-5,0,0,"[0, 1, 0, 1]",1,False,False,4943907012025044,4943907012096047,0,0,False,57982058496,spread,[]
scale_14_group,-5,0,0,"[3, 4, 3, 4]",1,False,False,4943907023473461,4943907028184049,28311552,4.661983966827393,False,57982058496,spread,"[1022, 1405, 1788]"
scale_10_rank,-5,0,0,"[3, 3, 2, 2]",1,False,False,4943907039474870,4943907044201837,28311552,4.67248010635376,False,57982058496,spread,"[730, 1113, 1496]"
scale_62_rank,-5,0,0,"[16, 16, 15, 15]",1,False,False,4943907054590299,4943907079325506,150994944,24.682592391967773,False,57982058496,spread,"[4526, 4909, 5292, 5675, 6058, 297, 680, 1063, 1446, 1829, 2212, 2595, 2978, 3361, 3744, 4127]"
scale_50_group,-5,0,0,"[12, 13, 12, 13]",1,False,False,4943907090640501,4943907109202968,113246208,18.507488250732422,False,57982058496,spread,"[3650, 4033, 4416, 4799, 5182, 5565, 5948, 187, 570, 953, 1336, 1719]"
scale_6_group,-5,0,0,"[1, 2, 1, 2]",1,False,False,4943907120672665,4943907122320334,9437184,1.5973119735717773,False,57982058496,spread,[438]
two_single_0,-5,0,0,"[2, 0, 0, 0]",1,False,False,4943907133483526,4943907135125397,18874368,1.5948480367660522,False,57982058496,spread,"[146, 529]"
scale_6_rank,-5,0,0,"[2, 2, 1, 1]",1,False,False,4943907145566813,4943907148728340,18874368,3.1078081130981445,False,57982058496,spread,"[438, 821]"
six_3,-5,0,0,"[1, 1, 2, 2]",1,False,False,4943907159125148,4943907160768960,9437184,1.4300479888916016,False,57982058496,spread,[438]
scale_10_group,-5,0,0,"[2, 3, 2, 3]",1,False,False,4943907172805711,4943907175960443,18874368,3.1030080318450928,False,57982058496,spread,"[730, 1113]"
scale_4_rank,-5,0,0,"[1, 1, 1, 1]",1,False,False,4943907187220345,4943907188858152,9437184,1.585279941558838,False,57982058496,spread,[292]
concurrency_4_group,-5,0,0,"[3, 4, 3, 4]",4,False,False,4943907199275867,4943907204052049,28311552,4.682112216949463,False,57982058496,spread,"[1022, 1405, 1788]"
two_pair_2_3,-5,0,0,"[0, 0, 1, 1]",1,False,False,4943907215294678,4943907215363068,0,0,False,57982058496,spread,[]
concurrency_2_rank,-5,0,0,"[4, 4, 3, 3]",2,False,False,4943907227505464,4943907233797979,37748736,6.207520008087158,False,57982058496,spread,"[1022, 1405, 1788, 2171]"
scale_50_rank,-5,0,0,"[13, 13, 12, 12]",1,False,False,4943907244272834,4943907264363266,122683392,20.031583786010742,False,57982058496,spread,"[3650, 4033, 4416, 4799, 5182, 5565, 5948, 187, 570, 953, 1336, 1719, 2102]"
concurrency_2_group,-5,0,0,"[3, 4, 3, 4]",2,False,False,4943907275090172,4943907279823581,28311552,4.661695957183838,False,57982058496,spread,"[1022, 1405, 1788]"
scale_14_rank,-5,0,0,"[4, 4, 3, 3]",1,False,False,4943907291032759,4943907297296814,37748736,6.209472179412842,False,57982058496,spread,"[1022, 1405, 1788, 2171]"
two_single_3,-5,0,0,"[0, 0, 0, 2]",1,False,False,4943907307794665,4943907307862037,0,0,False,57982058496,spread,[]
two_pair_1_2,-5,0,0,"[0, 1, 1, 0]",1,False,False,4943907319902829,4943907319988600,0,0,False,57982058496,spread,[]
scale_2_rank,-5,0,0,"[1, 1, 0, 0]",1,False,False,4943907331699983,4943907333340438,9437184,1.5754239559173584,False,57982058496,spread,[146]
scale_4_group,-5,0,0,"[1, 1, 1, 1]",1,False,False,4943907343834598,4943907345486095,9437184,1.5942720174789429,False,57982058496,spread,[292]
scale_8_rank,-5,0,0,"[2, 2, 2, 2]",1,False,False,4943907356018110,4943907359211460,18874368,3.132607936859131,False,57982058496,spread,"[584, 967]"
scale_8_group,-5,0,0,"[2, 2, 2, 2]",1,False,False,4943907369748429,4943907372929327,18874368,3.126944065093994,False,57982058496,spread,"[584, 967]"
two_pair_0_3,-5,0,0,"[1, 0, 0, 1]",1,False,False,4943907383374003,4943907384244485,9437184,0.8187199831008911,False,57982058496,spread,[146]
two_single_2,-5,0,0,"[0, 0, 2, 0]",1,False,False,4943907394631133,4943907394702058,0,0,False,57982058496,spread,[]
six_0,-5,0,0,"[2, 2, 1, 1]",1,False,False,4943907406876217,4943907410029328,18874368,3.105247974395752,False,57982058496,spread,"[438, 821]"
two_pair_1_3,-5,0,0,"[0, 1, 0, 1]",1,False,False,4943907420567001,4943907420642937,0,0,False,57982058496,spread,[]
scale_62_group,-5,0,0,"[15, 16, 15, 16]",1,False,False,4943907432048447,4943907455226455,141557760,23.10086441040039,False,57982058496,spread,"[4526, 4909, 5292, 5675, 6058, 297, 680, 1063, 1446, 1829, 2212, 2595, 2978, 3361, 3744]"
six_2,-5,0,0,"[2, 1, 2, 1]",1,False,False,4943907480614338,4943907483150869,18874368,2.3111040592193604,False,57982058496,spread,"[438, 821]"
two_pair_1_2,-4,0,0,"[0, 1, 1, 0]",1,False,False,4943907493898837,4943907494002460,0,0,False,57982058496,spread,[]
scale_14_group,-4,0,0,"[3, 4, 3, 4]",1,False,False,4943907505438526,4943907510170835,28311552,4.670527935028076,False,57982058496,spread,"[1233, 1616, 1999]"
two_pair_1_3,-4,0,0,"[0, 1, 0, 1]",1,False,False,4943907521511388,4943907521602245,0,0,False,57982058496,spread,[]
two_pair_0_2,-4,0,0,"[1, 0, 1, 0]",1,False,False,4943907532938507,4943907533861802,9437184,0.8404480218887329,False,57982058496,spread,[357]
scale_50_group,-4,0,0,"[12, 13, 12, 13]",1,False,False,4943907544335071,4943907562882421,113246208,18.457183837890625,False,57982058496,spread,"[3861, 4244, 4627, 5010, 5393, 5776, 15, 398, 781, 1164, 1547, 1930]"
two_pair_0_1,-4,0,0,"[1, 1, 0, 0]",1,False,False,4943907574453928,4943907576102542,9437184,1.5911040306091309,False,57982058496,spread,[357]
six_0,-4,0,0,"[2, 2, 1, 1]",1,False,False,4943907586606180,4943907589787766,18874368,3.123039960861206,False,57982058496,spread,"[649, 1032]"
scale_4_rank,-4,0,0,"[1, 1, 1, 1]",1,False,False,4943907600313976,4943907601967142,9437184,1.5941760540008545,False,57982058496,spread,[503]
scale_8_rank,-4,0,0,"[2, 2, 2, 2]",1,False,False,4943907612522703,4943907615702314,18874368,3.1236159801483154,False,57982058496,spread,"[795, 1178]"
concurrency_2_group,-4,0,0,"[3, 4, 3, 4]",2,False,False,4943907626212863,4943907630834305,28311552,4.532127857208252,False,57982058496,spread,"[1233, 1616, 1999]"
two_single_0,-4,0,0,"[2, 0, 0, 0]",1,False,False,4943907642318929,4943907643965773,18874368,1.5886080265045166,False,57982058496,spread,"[357, 740]"
two_pair_2_3,-4,0,0,"[0, 0, 1, 1]",1,False,False,4943907654492536,4943907654564765,0,0,False,57982058496,spread,[]
scale_14_rank,-4,0,0,"[4, 4, 3, 3]",1,False,False,4943907666617072,4943907672903263,37748736,6.179647922515869,False,57982058496,spread,"[1233, 1616, 1999, 2382]"
scale_2_rank,-4,0,0,"[1, 1, 0, 0]",1,False,False,4943907683574557,4943907685213862,9437184,1.5784319639205933,False,57982058496,spread,[357]
two_single_1,-4,0,0,"[0, 2, 0, 0]",1,False,False,4943907695758961,4943907695830517,0,0,False,57982058496,spread,[]
scale_6_group,-4,0,0,"[1, 2, 1, 2]",1,False,False,4943907707928621,4943907709584219,9437184,1.585279941558838,False,57982058496,spread,[649]
two_single_3,-4,0,0,"[0, 0, 0, 2]",1,False,False,4943907721196188,4943907721281251,0,0,False,57982058496,spread,[]
six_2,-4,0,0,"[2, 1, 2, 1]",1,False,False,4943907733425448,4943907735824611,18874368,2.3288960456848145,False,57982058496,spread,"[649, 1032]"
scale_10_rank,-4,0,0,"[3, 3, 2, 2]",1,False,False,4943907746374192,4943907751076856,28311552,4.639872074127197,False,57982058496,spread,"[941, 1324, 1707]"
scale_62_rank,-4,0,0,"[16, 16, 15, 15]",1,False,False,4943907761619393,4943907786304106,150994944,24.599584579467773,False,57982058496,spread,"[4737, 5120, 5503, 5886, 125, 508, 891, 1274, 1657, 2040, 2423, 2806, 3189, 3572, 3955, 4338]"
six_1,-4,0,0,"[1, 2, 1, 2]",1,False,False,4943907797584910,4943907799246625,9437184,1.5885759592056274,False,57982058496,spread,[649]
scale_6_rank,-4,0,0,"[2, 2, 1, 1]",1,False,False,4943907810531900,4943907813693198,18874368,3.1136319637298584,False,57982058496,spread,"[649, 1032]"
scale_4_group,-4,0,0,"[1, 1, 1, 1]",1,False,False,4943907824255254,4943907825888223,9437184,1.5812159776687622,False,57982058496,spread,[503]
concurrency_4_group,-4,0,0,"[3, 4, 3, 4]",4,False,False,4943907836406502,4943907841187653,28311552,4.674208164215088,False,57982058496,spread,"[1233, 1616, 1999]"
concurrency_2_rank,-4,0,0,"[4, 4, 3, 3]",2,False,False,4943907852806232,4943907859054930,37748736,6.16099214553833,False,57982058496,spread,"[1233, 1616, 1999, 2382]"
concurrency_4_rank,-4,0,0,"[4, 4, 3, 3]",4,False,False,4943907869563744,4943907875846849,37748736,6.179200172424316,False,57982058496,spread,"[1233, 1616, 1999, 2382]"
two_single_2,-4,0,0,"[0, 0, 2, 0]",1,False,False,4943907886310629,4943907886376464,0,0,False,57982058496,spread,[]
scale_50_rank,-4,0,0,"[13, 13, 12, 12]",1,False,False,4943907898391536,4943907918463429,122683392,20.00387191772461,False,57982058496,spread,"[3861, 4244, 4627, 5010, 5393, 5776, 15, 398, 781, 1164, 1547, 1930, 2313]"
six_3,-4,0,0,"[1, 1, 2, 2]",1,False,False,4943907929801707,4943907931404397,9437184,1.546239972114563,False,57982058496,spread,[649]
scale_2_group,-4,0,0,"[0, 1, 0, 1]",1,False,False,4943907943590462,4943907943687905,0,0,False,57982058496,spread,[]
two_pair_0_3,-4,0,0,"[1, 0, 0, 1]",1,False,False,4943907954925210,4943907955794494,9437184,0.8239679932594299,False,57982058496,spread,[357]
scale_8_group,-4,0,0,"[2, 2, 2, 2]",1,False,False,4943907966287370,4943907969437188,18874368,3.096384048461914,False,57982058496,spread,"[795, 1178]"
scale_10_group,-4,0,0,"[2, 3, 2, 3]",1,False,False,4943907979991064,4943907983163952,18874368,3.1142399311065674,False,57982058496,spread,"[941, 1324]"
scale_62_group,-4,0,0,"[15, 16, 15, 16]",1,False,False,4943907994382774,4943908017633420,141557760,23.174816131591797,False,57982058496,spread,"[4737, 5120, 5503, 5886, 125, 508, 891, 1274, 1657, 2040, 2423, 2806, 3189, 3572, 3955]"
scale_2_group,-3,0,0,"[0, 1, 0, 1]",1,False,False,4943908029308415,4943908029387951,0,0,False,57982058496,spread,[]
six_3,-3,0,0,"[1, 1, 2, 2]",1,False,False,4943908040739638,4943908042381549,9437184,1.5881279706954956,False,57982058496,spread,[860]
scale_10_rank,-3,0,0,"[3, 3, 2, 2]",1,False,False,4943908054434973,4943908059148609,28311552,4.6484479904174805,False,57982058496,spread,"[1152, 1535, 1918]"
two_pair_1_3,-3,0,0,"[0, 1, 0, 1]",1,False,False,4943908069722533,4943908069798190,0,0,False,57982058496,spread,[]
scale_62_rank,-3,0,0,"[16, 16, 15, 15]",1,False,False,4943908081032255,4943908105740899,150994944,24.627391815185547,False,57982058496,spread,"[4948, 5331, 5714, 6097, 336, 719, 1102, 1485, 1868, 2251, 2634, 3017, 3400, 3783, 4166, 4549]"
concurrency_4_group,-3,0,0,"[3, 4, 3, 4]",4,False,False,4943908116672542,4943908121469266,28311552,4.683712005615234,False,57982058496,spread,"[1444, 1827, 2210]"
concurrency_4_rank,-3,0,0,"[4, 4, 3, 3]",4,False,False,4943908132719091,4943908139045308,37748736,6.203423976898193,False,57982058496,spread,"[1444, 1827, 2210, 2593]"
scale_2_rank,-3,0,0,"[1, 1, 0, 0]",1,False,False,4943908149610806,4943908151244267,9437184,1.574720025062561,False,57982058496,spread,[568]
scale_6_rank,-3,0,0,"[2, 2, 1, 1]",1,False,False,4943908161796138,4943908164954905,18874368,3.1124160289764404,False,57982058496,spread,"[860, 1243]"
scale_50_group,-3,0,0,"[12, 13, 12, 13]",1,False,False,4943908175494477,4943908194060377,113246208,18.52003288269043,False,57982058496,spread,"[4072, 4455, 4838, 5221, 5604, 5987, 226, 609, 992, 1375, 1758, 2141]"
scale_4_group,-3,0,0,"[1, 1, 1, 1]",1,False,False,4943908205762344,4943908207389017,9437184,1.5675840377807617,False,57982058496,spread,[714]
scale_10_group,-3,0,0,"[2, 3, 2, 3]",1,False,False,4943908217920664,4943908220766856,18874368,2.7975680828094482,False,57982058496,spread,"[1152, 1535]"
concurrency_2_group,-3,0,0,"[3, 4, 3, 4]",2,False,False,4943908232653434,4943908237403874,28311552,4.657567977905273,False,57982058496,spread,"[1444, 1827, 2210]"
concurrency_2_rank,-3,0,0,"[4, 4, 3, 3]",2,False,False,4943908248678737,4943908254945487,37748736,6.195104122161865,False,57982058496,spread,"[1444, 1827, 2210, 2593]"
two_pair_0_2,-3,0,0,"[1, 0, 1, 0]",1,False,False,4943908265535387,4943908266403496,9437184,0.818560004234314,False,57982058496,spread,[568]
two_pair_1_2,-3,0,0,"[0, 1, 1, 0]",1,False,False,4943908276857913,4943908276932406,0,0,False,57982058496,spread,[]
scale_62_group,-3,0,0,"[15, 16, 15, 16]",1,False,False,4943908288254762,4943908311415807,141557760,23.088960647583008,False,57982058496,spread,"[4948, 5331, 5714, 6097, 336, 719, 1102, 1485, 1868, 2251, 2634, 3017, 3400, 3783, 4166]"
two_pair_0_1,-3,0,0,"[1, 1, 0, 0]",1,False,False,4943908323043489,4943908324689449,9437184,1.5892159938812256,False,57982058496,spread,[568]
scale_14_rank,-3,0,0,"[4, 4, 3, 3]",1,False,False,4943908335168424,4943908341428740,37748736,6.2096638679504395,False,57982058496,spread,"[1444, 1827, 2210, 2593]"
two_single_2,-3,0,0,"[0, 0, 2, 0]",1,False,False,4943908351952920,4943908352032400,0,0,False,57982058496,spread,[]
scale_50_rank,-3,0,0,"[13, 13, 12, 12]",1,False,False,4943908364305513,4943908384474249,122683392,20.0729923248291,False,57982058496,spread,"[4072, 4455, 4838, 5221, 5604, 5987, 226, 609, 992, 1375, 1758, 2141, 2524]"
scale_6_group,-3,0,0,"[1, 2, 1, 2]",1,False,False,4943908395751623,4943908397425496,9437184,1.5975359678268433,False,57982058496,spread,[860]
two_pair_2_3,-3,0,0,"[0, 0, 1, 1]",1,False,False,4943908408644851,4943908408709402,0,0,False,57982058496,spread,[]
two_pair_0_3,-3,0,0,"[1, 0, 0, 1]",1,False,False,4943908420846296,4943908421733168,9437184,0.8252480030059814,False,57982058496,spread,[568]
two_single_3,-3,0,0,"[0, 0, 0, 2]",1,False,False,4943908432232083,4943908432302899,0,0,False,57982058496,spread,[]
scale_8_group,-3,0,0,"[2, 2, 2, 2]",1,False,False,4943908444396120,4943908447547022,18874368,3.101792097091675,False,57982058496,spread,"[1006, 1389]"
scale_4_rank,-3,0,0,"[1, 1, 1, 1]",1,False,False,4943908458359711,4943908459983923,9437184,1.5749759674072266,False,57982058496,spread,[714]
six_0,-3,0,0,"[2, 2, 1, 1]",1,False,False,4943908470489811,4943908473647633,18874368,3.109407901763916,False,57982058496,spread,"[860, 1243]"
scale_14_group,-3,0,0,"[3, 4, 3, 4]",1,False,False,4943908484166856,4943908488888042,28311552,4.655327796936035,False,57982058496,spread,"[1444, 1827, 2210]"
six_2,-3,0,0,"[2, 1, 2, 1]",1,False,False,4943908500144119,4943908502558596,18874368,2.359231948852539,False,57982058496,spread,"[860, 1243]"
two_single_0,-3,0,0,"[2, 0, 0, 0]",1,False,False,4943908513056277,4943908514707160,18874368,1.5955840349197388,False,57982058496,spread,"[568, 951]"
two_single_1,-3,0,0,"[0, 2, 0, 0]",1,False,False,4943908525207775,4943908525286127,0,0,False,57982058496,spread,[]
scale_8_rank,-3,0,0,"[2, 2, 2, 2]",1,False,False,4943908537538106,4943908540727369,18874368,3.1381759643554688,False,57982058496,spread,"[1006, 1389]"
six_1,-3,0,0,"[1, 2, 1, 2]",1,False,False,4943908551242405,4943908552880217,9437184,1.5841599702835083,False,57982058496,spread,[860]
two_single_2,-2,0,0,"[0, 0, 2, 0]",1,False,False,4943908564183599,4943908564255591,0,0,False,57982058496,spread,[]
scale_8_rank,-2,0,0,"[2, 2, 2, 2]",1,False,False,4943908576370163,4943908579548800,18874368,3.1097919940948486,False,57982058496,spread,"[1217, 1600]"
scale_6_group,-2,0,0,"[1, 2, 1, 2]",1,False,False,4943908590090298,4943908591728425,9437184,1.5856000185012817,False,57982058496,spread,[1071]
two_pair_0_3,-2,0,0,"[1, 0, 0, 1]",1,False,False,4943908602933972,4943908603806889,9437184,0.8186560273170471,False,57982058496,spread,[779]
scale_14_rank,-2,0,0,"[4, 4, 3, 3]",1,False,False,4943908614269384,4943908620499685,37748736,6.181888103485107,False,57982058496,spread,"[1655, 2038, 2421, 2804]"
two_single_0,-2,0,0,"[2, 0, 0, 0]",1,False,False,4943908630980220,4943908632611711,18874368,1.5845119953155518,False,57982058496,spread,"[779, 1162]"
six_3,-2,0,0,"[1, 1, 2, 2]",1,False,False,4943908642984377,4943908644606664,9437184,1.5737600326538086,False,57982058496,spread,[1071]
scale_4_group,-2,0,0,"[1, 1, 1, 1]",1,False,False,4943908656858764,4943908658513178,9437184,1.5882560014724731,False,57982058496,spread,[925]
scale_10_rank,-2,0,0,"[3, 3, 2, 2]",1,False,False,4943908669023655,4943908673742509,28311552,4.656928062438965,False,57982058496,spread,"[1363, 1746, 2129]"
concurrency_4_rank,-2,0,0,"[4, 4, 3, 3]",4,False,False,4943908684289284,4943908690595964,37748736,6.1814398765563965,False,57982058496,spread,"[1655, 2038, 2421, 2804]"
two_pair_1_3,-2,0,0,"[0, 1, 0, 1]",1,False,False,4943908701078228,4943908701149588,0,0,False,57982058496,spread,[]
two_single_3,-2,0,0,"[0, 0, 0, 2]",1,False,False,4943908712414229,4943908712495104,0,0,False,57982058496,spread,[]
concurrency_4_group,-2,0,0,"[3, 4, 3, 4]",4,False,False,4943908724607801,4943908729386123,28311552,4.675327777862549,False,57982058496,spread,"[1655, 2038, 2421]"
six_2,-2,0,0,"[2, 1, 2, 1]",1,False,False,4943908740665937,4943908743063301,18874368,2.352031946182251,False,57982058496,spread,"[1071, 1454]"
two_pair_2_3,-2,0,0,"[0, 0, 1, 1]",1,False,False,4943908753593043,4943908753657379,0,0,False,57982058496,spread,[]
scale_2_rank,-2,0,0,"[1, 1, 0, 0]",1,False,False,4943908765894275,4943908767554525,9437184,1.587615966796875,False,57982058496,spread,[779]
scale_50_group,-2,0,0,"[12, 13, 12, 13]",1,False,False,4943908778186432,4943908796745224,113246208,18.49385643005371,False,57982058496,spread,"[4283, 4666, 5049, 5432, 5815, 54, 437, 820, 1203, 1586, 1969, 2352]"
scale_50_rank,-2,0,0,"[13, 13, 12, 12]",1,False,False,4943908808310763,4943908827460201,122683392,19.09174346923828,False,57982058496,spread,"[4283, 4666, 5049, 5432, 5815, 54, 437, 820, 1203, 1586, 1969, 2352, 2735]"
concurrency_2_rank,-2,0,0,"[4, 4, 3, 3]",2,False,False,4943908839505253,4943908845762360,37748736,6.18012809753418,False,57982058496,spread,"[1655, 2038, 2421, 2804]"
scale_62_group,-2,0,0,"[15, 16, 15, 16]",1,False,False,4943908856363738,4943908879501957,141557760,23.08243179321289,False,57982058496,spread,"[5159, 5542, 5925, 164, 547, 930, 1313, 1696, 2079, 2462, 2845, 3228, 3611, 3994, 4377]"
scale_4_rank,-2,0,0,"[1, 1, 1, 1]",1,False,False,4943908891152427,4943908892775474,9437184,1.5711040496826172,False,57982058496,spread,[925]
scale_8_group,-2,0,0,"[2, 2, 2, 2]",1,False,False,4943908903236950,4943908906401123,18874368,3.113248109817505,False,57982058496,spread,"[1217, 1600]"
six_0,-2,0,0,"[2, 2, 1, 1]",1,False,False,4943908916924867,4943908920075793,18874368,3.1031999588012695,False,57982058496,spread,"[1071, 1454]"
scale_62_rank,-2,0,0,"[16, 16, 15, 15]",1,False,False,4943908930476969,4943908955157446,150994944,24.626815795898438,False,57982058496,spread,"[5159, 5542, 5925, 164, 547, 930, 1313, 1696, 2079, 2462, 2845, 3228, 3611, 3994, 4377, 4760]"
two_pair_0_2,-2,0,0,"[1, 0, 1, 0]",1,False,False,4943908966065512,4943908966934300,9437184,0.81740802526474,False,57982058496,spread,[779]
scale_2_group,-2,0,0,"[0, 1, 0, 1]",1,False,False,4943908977448456,4943908977763849,0,0,False,57982058496,spread,[]
scale_6_rank,-2,0,0,"[2, 2, 1, 1]",1,False,False,4943908988797918,4943908991976583,18874368,3.1374080181121826,False,57982058496,spread,"[1071, 1454]"
six_1,-2,0,0,"[1, 2, 1, 2]",1,False,False,4943909002529455,4943909004159052,9437184,1.5781439542770386,False,57982058496,spread,[1071]
scale_10_group,-2,0,0,"[2, 3, 2, 3]",1,False,False,4943909015361427,4943909018527225,18874368,3.113663911819458,False,57982058496,spread,"[1363, 1746]"
two_single_1,-2,0,0,"[0, 2, 0, 0]",1,False,False,4943909029801424,4943909029876176,0,0,False,57982058496,spread,[]
two_pair_0_1,-2,0,0,"[1, 1, 0, 0]",1,False,False,4943909042053731,4943909043700903,9437184,1.5674560070037842,False,57982058496,spread,[779]
two_pair_1_2,-2,0,0,"[0, 1, 1, 0]",1,False,False,4943909054241158,4943909054316983,0,0,False,57982058496,spread,[]
scale_14_group,-2,0,0,"[3, 4, 3, 4]",1,False,False,4943909065623630,4943909070307819,28311552,4.6405439376831055,False,57982058496,spread,"[1655, 2038, 2421]"
concurrency_2_group,-2,0,0,"[3, 4, 3, 4]",2,False,False,4943909081739550,4943909086502013,28311552,4.66326379776001,False,57982058496,spread,"[1655, 2038, 2421]"
scale_50_group,-1,0,0,"[12, 13, 12, 13]",1,False,False,4943909097814446,4943909116027608,113246208,18.159456253051758,False,57982058496,spread,"[4494, 4877, 5260, 5643, 6026, 265, 648, 1031, 1414, 1797, 2180, 2563]"
six_1,-1,0,0,"[1, 2, 1, 2]",1,False,False,4943909128144223,4943909129774094,9437184,1.5740480422973633,False,57982058496,spread,[1282]
scale_10_group,-1,0,0,"[2, 3, 2, 3]",1,False,False,4943909141044280,4943909144199533,18874368,3.1053121089935303,False,57982058496,spread,"[1574, 1957]"
scale_50_rank,-1,0,0,"[13, 13, 12, 12]",1,False,False,4943909155437989,4943909175527695,122683392,20.04300880432129,False,57982058496,spread,"[4494, 4877, 5260, 5643, 6026, 265, 648, 1031, 1414, 1797, 2180, 2563, 2946]"
two_pair_0_3,-1,0,0,"[1, 0, 0, 1]",1,False,False,4943909186276396,4943909187143683,9437184,0.8160319924354553,False,57982058496,spread,[990]
scale_62_group,-1,0,0,"[15, 16, 15, 16]",1,False,False,4943909197627815,4943909220746348,141557760,23.0677433013916,False,57982058496,spread,"[5370, 5753, 6136, 375, 758, 1141, 1524, 1907, 2290, 2673, 3056, 3439, 3822, 4205, 4588]"
two_pair_2_3,-1,0,0,"[0, 0, 1, 1]",1,False,False,4943909232404056,4943909232471557,0,0,False,57982058496,spread,[]
scale_4_rank,-1,0,0,"[1, 1, 1, 1]",1,False,False,4943909245072307,4943909246724721,9437184,1.5902400016784668,False,57982058496,spread,[1136]
two_pair_1_3,-1,0,0,"[0, 1, 0, 1]",1,False,False,4943909257223267,4943909257291003,0,0,False,57982058496,spread,[]
two_pair_0_2,-1,0,0,"[1, 0, 1, 0]",1,False,False,4943909268592167,4943909269505957,9437184,0.8236479759216309,False,57982058496,spread,[990]
scale_6_rank,-1,0,0,"[2, 2, 1, 1]",1,False,False,4943909280039562,4943909283221331,18874368,3.1148159503936768,False,57982058496,spread,"[1282, 1665]"
two_pair_0_1,-1,0,0,"[1, 1, 0, 0]",1,False,False,4943909293816229,4943909295414770,9437184,1.5429120063781738,False,57982058496,spread,[990]
six_0,-1,0,0,"[2, 2, 1, 1]",1,False,False,4943909305996481,4943909309148326,18874368,3.09881591796875,False,57982058496,spread,"[1282, 1665]"
six_3,-1,0,0,"[1, 1, 2, 2]",1,False,False,4943909319733609,4943909321368775,9437184,1.5816960334777832,False,57982058496,spread,[1282]
scale_8_group,-1,0,0,"[2, 2, 2, 2]",1,False,False,4943909333615490,4943909336799499,18874368,3.1201601028442383,False,57982058496,spread,"[1428, 1811]"
two_single_2,-1,0,0,"[0, 0, 2, 0]",1,False,False,4943909347278973,4943909347352297,0,0,False,57982058496,spread,[]
scale_8_rank,-1,0,0,"[2, 2, 2, 2]",1,False,False,4943909359500008,4943909362559668,18874368,2.9888319969177246,False,57982058496,spread,"[1428, 1811]"
scale_62_rank,-1,0,0,"[16, 16, 15, 15]",1,False,False,4943909373325427,4943909398007484,150994944,24.615680694580078,False,57982058496,spread,"[5370, 5753, 6136, 375, 758, 1141, 1524, 1907, 2290, 2673, 3056, 3439, 3822, 4205, 4588, 4971]"
two_single_3,-1,0,0,"[0, 0, 0, 2]",1,False,False,4943909409435249,4943909409508580,0,0,False,57982058496,spread,[]
scale_14_group,-1,0,0,"[3, 4, 3, 4]",1,False,False,4943909421804381,4943909426534680,28311552,4.659264087677002,False,57982058496,spread,"[1866, 2249, 2632]"
scale_4_group,-1,0,0,"[1, 1, 1, 1]",1,False,False,4943909437885504,4943909439523966,9437184,1.579327940940857,False,57982058496,spread,[1136]
two_pair_1_2,-1,0,0,"[0, 1, 1, 0]",1,False,False,4943909450015245,4943909450083718,0,0,False,57982058496,spread,[]
concurrency_2_group,-1,0,0,"[3, 4, 3, 4]",2,False,False,4943909461480818,4943909466252828,28311552,4.664351940155029,False,57982058496,spread,"[1866, 2249, 2632]"
scale_10_rank,-1,0,0,"[3, 3, 2, 2]",1,False,False,4943909477441740,4943909482160690,28311552,4.667200088500977,False,57982058496,spread,"[1574, 1957, 2340]"
concurrency_4_rank,-1,0,0,"[4, 4, 3, 3]",4,False,False,4943909492660490,4943909498989155,37748736,6.206719875335693,False,57982058496,spread,"[1866, 2249, 2632, 3015]"
two_single_1,-1,0,0,"[0, 2, 0, 0]",1,False,False,4943909509499301,4943909509583333,0,0,False,57982058496,spread,[]
six_2,-1,0,0,"[2, 1, 2, 1]",1,False,False,4943909521667728,4943909524079354,18874368,2.3570239543914795,False,57982058496,spread,"[1282, 1665]"
two_single_0,-1,0,0,"[2, 0, 0, 0]",1,False,False,4943909534591250,4943909536228450,18874368,1.5900479555130005,False,57982058496,spread,"[990, 1373]"
concurrency_4_group,-1,0,0,"[3, 4, 3, 4]",4,False,False,4943909546578485,4943909551355721,28311552,4.676671981811523,False,57982058496,spread,"[1866, 2249, 2632]"
scale_6_group,-1,0,0,"[1, 2, 1, 2]",1,False,False,4943909562563695,4943909564200289,9437184,1.5850239992141724,False,57982058496,spread,[1282]
scale_2_rank,-1,0,0,"[1, 1, 0, 0]",1,False,False,4943909575468328,4943909577110578,9437184,1.3897279500961304,False,57982058496,spread,[990]
scale_14_rank,-1,0,0,"[4, 4, 3, 3]",1,False,False,4943909587938432,4943909594216744,37748736,6.22649621963501,False,57982058496,spread,"[1866, 2249, 2632, 3015]"
concurrency_2_rank,-1,0,0,"[4, 4, 3, 3]",2,False,False,4943909604801915,4943909611072547,37748736,6.196544170379639,False,57982058496,spread,"[1866, 2249, 2632, 3015]"
scale_2_group,-1,0,0,"[0, 1, 0, 1]",1,False,False,4943909621617526,4943909621690924,0,0,False,57982058496,spread,[]
two_single_3,0,0,0,"[0, 0, 0, 2]",1,False,False,4943909633625250,4943909633725977,0,0,False,57982058496,spread,[]
scale_4_rank,0,0,0,"[1, 1, 1, 1]",1,False,False,4943909645730835,4943909647380568,9437184,1.5878080129623413,False,57982058496,spread,[1347]
two_pair_1_2,0,0,0,"[0, 1, 1, 0]",1,False,False,4943909657851384,4943909658083079,0,0,False,57982058496,spread,[]
scale_6_rank,0,0,0,"[2, 2, 1, 1]",1,False,False,4943909669046653,4943909672211766,18874368,3.0596799850463867,False,57982058496,spread,"[1493, 1876]"
scale_62_rank,0,0,0,"[16, 16, 15, 15]",1,False,False,4943909682546129,4943909707228615,150994944,24.631488800048828,False,57982058496,spread,"[5581, 5964, 203, 586, 969, 1352, 1735, 2118, 2501, 2884, 3267, 3650, 4033, 4416, 4799, 5182]"
concurrency_4_group,0,0,0,"[3, 4, 3, 4]",4,False,False,4943909718108973,4943909722818691,28311552,4.609312057495117,False,57982058496,spread,"[2077, 2460, 2843]"
scale_62_group,0,0,0,"[15, 16, 15, 16]",1,False,False,4943909734149424,4943909757329479,141557760,23.1013126373291,False,57982058496,spread,"[5581, 5964, 203, 586, 969, 1352, 1735, 2118, 2501, 2884, 3267, 3650, 4033, 4416, 4799]"
scale_2_group,0,0,0,"[0, 1, 0, 1]",1,False,False,4943909768481503,4943909768615378,0,0,False,57982058496,spread,[]
scale_10_group,0,0,0,"[2, 3, 2, 3]",1,False,False,4943909779681546,4943909782913306,18874368,3.1462719440460205,False,57982058496,spread,"[1785, 2168]"
six_3,0,0,0,"[1, 1, 2, 2]",1,False,False,4943909793938592,4943909795578382,9437184,1.5813440084457397,False,57982058496,spread,[1493]
two_pair_0_3,0,0,0,"[1, 0, 0, 1]",1,False,False,4943909807579394,4943909808469850,9437184,0.8228480219841003,False,57982058496,spread,[1201]
two_pair_1_3,0,0,0,"[0, 1, 0, 1]",1,False,False,4943909818773504,4943909818835744,0,0,False,57982058496,spread,[]
two_pair_2_3,0,0,0,"[0, 0, 1, 1]",1,False,False,4943909829938933,4943909830020661,0,0,False,57982058496,spread,[]
scale_14_group,0,0,0,"[3, 4, 3, 4]",1,False,False,4943909841992161,4943909846716252,28311552,4.664063930511475,False,57982058496,spread,"[2077, 2460, 2843]"
scale_10_rank,0,0,0,"[3, 3, 2, 2]",1,False,False,4943909857796453,4943909862525301,28311552,4.673183917999268,False,57982058496,spread,"[1785, 2168, 2551]"
scale_50_group,0,0,0,"[12, 13, 12, 13]",1,False,False,4943909872875345,4943909891469491,113246208,18.50668716430664,False,57982058496,spread,"[4705, 5088, 5471, 5854, 93, 476, 859, 1242, 1625, 2008, 2391, 2774]"
scale_2_rank,0,0,0,"[1, 1, 0, 0]",1,False,False,4943909902615377,4943909904267013,9437184,1.5935039520263672,False,57982058496,spread,[1201]
two_single_1,0,0,0,"[0, 2, 0, 0]",1,False,False,4943909914565218,4943909914644918,0,0,False,57982058496,spread,[]
two_pair_0_2,0,0,0,"[1, 0, 1, 0]",1,False,False,4943909926534852,4943909927397353,9437184,0.8176640272140503,False,57982058496,spread,[1201]
six_2,0,0,0,"[2, 1, 2, 1]",1,False,False,4943909937698661,4943909940125333,18874368,2.259040117263794,False,57982058496,spread,"[1493, 1876]"
six_0,0,0,0,"[2, 2, 1, 1]",1,False,False,4943909950530928,4943909953720167,18874368,3.0760960578918457,False,57982058496,spread,"[1493, 1876]"
scale_14_rank,0,0,0,"[4, 4, 3, 3]",1,False,False,4943909964105131,4943909970358153,37748736,6.191199779510498,False,57982058496,spread,"[2077, 2460, 2843, 3226]"
concurrency_4_rank,0,0,0,"[4, 4, 3, 3]",4,False,False,4943909980772623,4943909987112001,37748736,6.1947197914123535,False,57982058496,spread,"[2077, 2460, 2843, 3226]"
scale_8_rank,0,0,0,"[2, 2, 2, 2]",1,False,False,4943909997566492,4943910000516356,18874368,2.8577280044555664,False,57982058496,spread,"[1639, 2022]"
concurrency_2_rank,0,0,0,"[4, 4, 3, 3]",2,False,False,4943910011338460,4943910017632558,37748736,6.199647903442383,False,57982058496,spread,"[2077, 2460, 2843, 3226]"
scale_50_rank,0,0,0,"[13, 13, 12, 12]",1,False,False,4943910028052003,4943910048196178,122683392,20.070016860961914,False,57982058496,spread,"[4705, 5088, 5471, 5854, 93, 476, 859, 1242, 1625, 2008, 2391, 2774, 3157]"
concurrency_2_group,0,0,0,"[3, 4, 3, 4]",2,False,False,4943910058493251,4943910063246079,28311552,4.663328170776367,False,57982058496,spread,"[2077, 2460, 2843]"
two_pair_0_1,0,0,0,"[1, 1, 0, 0]",1,False,False,4943910074265947,4943910075917101,9437184,1.590656042098999,False,57982058496,spread,[1201]
two_single_0,0,0,0,"[2, 0, 0, 0]",1,False,False,4943910086289150,4943910087946097,18874368,1.5975359678268433,False,57982058496,spread,"[1201, 1584]"
two_single_2,0,0,0,"[0, 0, 2, 0]",1,False,False,4943910098231758,4943910098304627,0,0,False,57982058496,spread,[]
scale_6_group,0,0,0,"[1, 2, 1, 2]",1,False,False,4943910110237759,4943910111864406,9437184,1.571679949760437,False,57982058496,spread,[1493]
six_1,0,0,0,"[1, 2, 1, 2]",1,False,False,4943910122908886,4943910124552684,9437184,1.5875519514083862,False,57982058496,spread,[1493]
scale_8_group,0,0,0,"[2, 2, 2, 2]",1,False,False,4943910135560971,4943910138773127,18874368,3.1345601081848145,False,57982058496,spread,"[1639, 2022]"
scale_4_group,0,0,0,"[1, 1, 1, 1]",1,False,False,4943910149050319,4943910150745077,9437184,1.606943964958191,False,57982058496,spread,[1347]
concurrency_4_group,1,0,0,"[3, 4, 3, 4]",4,False,False,4943910161057720,4943910165874023,28311552,4.7030720710754395,False,57982058496,spread,"[2288, 2671, 3054]"
concurrency_2_group,1,0,0,"[3, 4, 3, 4]",2,False,False,4943910176893100,4943910181945043,28311552,4.737279891967773,False,57982058496,spread,"[2288, 2671, 3054]"
scale_14_group,1,0,0,"[3, 4, 3, 4]",1,False,False,4943910192758858,4943910197476939,28311552,4.651872158050537,False,57982058496,spread,"[2288, 2671, 3054]"
six_0,1,0,0,"[2, 2, 1, 1]",1,False,False,4943910208496165,4943910211681249,18874368,3.130431890487671,False,57982058496,spread,"[1704, 2087]"
scale_2_group,1,0,0,"[0, 1, 0, 1]",1,False,False,4943910222008695,4943910222089638,0,0,False,57982058496,spread,[]
scale_6_rank,1,0,0,"[2, 2, 1, 1]",1,False,False,4943910233103001,4943910236281335,18874368,3.122528076171875,False,57982058496,spread,"[1704, 2087]"
six_2,1,0,0,"[2, 1, 2, 1]",1,False,False,4943910246559533,4943910248973002,18874368,2.3572800159454346,False,57982058496,spread,"[1704, 2087]"
scale_10_group,1,0,0,"[2, 3, 2, 3]",1,False,False,4943910259221134,4943910262403717,18874368,3.124160051345825,False,57982058496,spread,"[1996, 2379]"
scale_4_rank,1,0,0,"[1, 1, 1, 1]",1,False,False,4943910273420020,4943910275058952,9437184,1.5811519622802734,False,57982058496,spread,[1558]
scale_6_group,1,0,0,"[1, 2, 1, 2]",1,False,False,4943910285486591,4943910286805193,9437184,1.2632319927215576,False,57982058496,spread,[1704]
concurrency_4_rank,1,0,0,"[4, 4, 3, 3]",4,False,False,4943910298354559,4943910304682824,37748736,6.204031944274902,False,57982058496,spread,"[2288, 2671, 3054, 3437]"
two_single_1,1,0,0,"[0, 2, 0, 0]",1,False,False,4943910314990039,4943910315077433,0,0,False,57982058496,spread,[]
concurrency_2_rank,1,0,0,"[4, 4, 3, 3]",2,False,False,4943910326926012,4943910333198553,37748736,6.195807933807373,False,57982058496,spread,"[2288, 2671, 3054, 3437]"
scale_62_group,1,0,0,"[15, 16, 15, 16]",1,False,False,4943910343547594,4943910366714809,141557760,23.10438346862793,False,57982058496,spread,"[5792, 31, 414, 797, 1180, 1563, 1946, 2329, 2712, 3095, 3478, 3861, 4244, 4627, 5010]"
six_3,1,0,0,"[1, 1, 2, 2]",1,False,False,4943910377771662,4943910379413115,9437184,1.58787202835083,False,57982058496,spread,[1704]
two_pair_2_3,1,0,0,"[0, 0, 1, 1]",1,False,False,4943910391200691,4943910391279639,0,0,False,57982058496,spread,[]
scale_2_rank,1,0,0,"[1, 1, 0, 0]",1,False,False,4943910403074702,4943910404730217,9437184,1.6001919507980347,False,57982058496,spread,[1412]
two_pair_1_3,1,0,0,"[0, 1, 0, 1]",1,False,False,4943910414993550,4943910415066711,0,0,False,57982058496,spread,[]
two_pair_0_1,1,0,0,"[1, 1, 0, 0]",1,False,False,4943910426111647,4943910427751181,9437184,1.5867840051651,False,57982058496,spread,[1412]
six_1,1,0,0,"[1, 2, 1, 2]",1,False,False,4943910438097168,4943910439737503,9437184,1.5836479663848877,False,57982058496,spread,[1704]
two_single_3,1,0,0,"[0, 0, 0, 2]",1,False,False,4943910450780606,4943910450857417,0,0,False,57982058496,spread,[]
two_pair_0_3,1,0,0,"[1, 0, 0, 1]",1,False,False,4943910462690245,4943910463557661,9437184,0.8202559947967529,False,57982058496,spread,[1412]
scale_8_rank,1,0,0,"[2, 2, 2, 2]",1,False,False,4943910473858951,4943910477033188,18874368,3.0960960388183594,False,57982058496,spread,"[1850, 2233]"
scale_10_rank,1,0,0,"[3, 3, 2, 2]",1,False,False,4943910487497885,4943910492224077,28311552,4.668575763702393,False,57982058496,spread,"[1996, 2379, 2762]"
two_pair_1_2,1,0,0,"[0, 1, 1, 0]",1,False,False,4943910502507823,4943910502585509,0,0,False,57982058496,spread,[]
scale_14_rank,1,0,0,"[4, 4, 3, 3]",1,False,False,4943910513640382,4943910519888505,37748736,6.19488000869751,False,57982058496,spread,"[2288, 2671, 3054, 3437]"
scale_50_rank,1,0,0,"[13, 13, 12, 12]",1,False,False,4943910530297032,4943910550379803,122683392,20.0262393951416,False,57982058496,spread,"[4916, 5299, 5682, 6065, 304, 687, 1070, 1453, 1836, 2219, 2602, 2985, 3368]"
two_single_2,1,0,0,"[0, 0, 2, 0]",1,False,False,4943910560759689,4943910560844131,0,0,False,57982058496,spread,[]
scale_50_group,1,0,0,"[12, 13, 12, 13]",1,False,False,4943910572837203,4943910591478108,113246208,18.557024002075195,False,57982058496,spread,"[4916, 5299, 5682, 6065, 304, 687, 1070, 1453, 1836, 2219, 2602, 2985]"
scale_4_group,1,0,0,"[1, 1, 1, 1]",1,False,False,4943910603011055,4943910604619929,9437184,1.5348800420761108,False,57982058496,spread,[1558]
scale_8_group,1,0,0,"[2, 2, 2, 2]",1,False,False,4943910614990241,4943910618190204,18874368,3.1379199028015137,False,57982058496,spread,"[1850, 2233]"
scale_62_rank,1,0,0,"[16, 16, 15, 15]",1,False,False,4943910628449506,4943910653175626,150994944,24.6592960357666,False,57982058496,spread,"[5792, 31, 414, 797, 1180, 1563, 1946, 2329, 2712, 3095, 3478, 3861, 4244, 4627, 5010, 5393]"
two_pair_0_2,1,0,0,"[1, 0, 1, 0]",1,False,False,4943910663614246,4943910664510666,9437184,0.8327040076255798,False,57982058496,spread,[1412]
two_single_0,1,0,0,"[2, 0, 0, 0]",1,False,False,4943910674817610,4943910676492421,18874368,1.6085439920425415,False,57982058496,spread,"[1412, 1795]"
six_0,2,0,0,"[2, 2, 1, 1]",1,False,False,4943910686775209,4943910689957538,18874368,3.1170880794525146,False,57982058496,spread,"[1915, 2298]"
scale_14_group,2,0,0,"[3, 4, 3, 4]",1,False,False,4943910700318224,4943910705030614,28311552,4.652991771697998,False,57982058496,spread,"[2499, 2882, 3265]"
six_3,2,0,0,"[1, 1, 2, 2]",1,False,False,4943910716050401,4943910717688380,9437184,1.5804799795150757,False,57982058496,spread,[1915]
scale_8_rank,2,0,0,"[2, 2, 2, 2]",1,False,False,4943910729548570,4943910732728361,18874368,3.1131200790405273,False,57982058496,spread,"[2061, 2444]"
six_2,2,0,0,"[2, 1, 2, 1]",1,False,False,4943910742996805,4943910745417683,18874368,2.356031894683838,False,57982058496,spread,"[1915, 2298]"
concurrency_4_rank,2,0,0,"[4, 4, 3, 3]",4,False,False,4943910755718223,4943910762070785,37748736,6.217088222503662,False,57982058496,spread,"[2499, 2882, 3265, 3648]"
scale_10_group,2,0,0,"[2, 3, 2, 3]",1,False,False,4943910772803887,4943910776070820,18874368,3.1670079231262207,False,57982058496,spread,"[2207, 2590]"
concurrency_4_group,2,0,0,"[3, 4, 3, 4]",4,False,False,4943910787026597,4943910791817478,28311552,4.67196798324585,False,57982058496,spread,"[2499, 2882, 3265]"
two_single_2,2,0,0,"[0, 0, 2, 0]",1,False,False,4943910802812623,4943910802889493,0,0,False,57982058496,spread,[]
scale_50_rank,2,0,0,"[13, 13, 12, 12]",1,False,False,4943910814676855,4943910834757663,122683392,20.029504776000977,False,57982058496,spread,"[5127, 5510, 5893, 132, 515, 898, 1281, 1664, 2047, 2430, 2813, 3196, 3579]"
scale_8_group,2,0,0,"[2, 2, 2, 2]",1,False,False,4943910845136655,4943910848312663,18874368,3.122175931930542,False,57982058496,spread,"[2061, 2444]"
scale_10_rank,2,0,0,"[3, 3, 2, 2]",1,False,False,4943910858588404,4943910863299150,28311552,4.658048152923584,False,57982058496,spread,"[2207, 2590, 2973]"
two_single_1,2,0,0,"[0, 2, 0, 0]",1,False,False,4943910873648793,4943910873727981,0,0,False,57982058496,spread,[]
scale_4_group,2,0,0,"[1, 1, 1, 1]",1,False,False,4943910886242427,4943910887880076,9437184,1.5742080211639404,False,57982058496,spread,[1769]
scale_50_group,2,0,0,"[12, 13, 12, 13]",1,False,False,4943910898232133,4943910916796171,113246208,18.507871627807617,False,57982058496,spread,"[5127, 5510, 5893, 132, 515, 898, 1281, 1664, 2047, 2430, 2813, 3196]"
two_pair_0_2,2,0,0,"[1, 0, 1, 0]",1,False,False,4943910927891223,4943910928770648,9437184,0.8271039724349976,False,57982058496,spread,[1623]
scale_2_rank,2,0,0,"[1, 1, 0, 0]",1,False,False,4943910939044881,4943910940689931,9437184,1.5906239748001099,False,57982058496,spread,[1623]
scale_6_rank,2,0,0,"[2, 2, 1, 1]",1,False,False,4943910951014040,4943910954198700,18874368,3.120959997177124,False,57982058496,spread,"[1915, 2298]"
two_pair_2_3,2,0,0,"[0, 0, 1, 1]",1,False,False,4943910964608742,4943910964686040,0,0,False,57982058496,spread,[]
six_1,2,0,0,"[1, 2, 1, 2]",1,False,False,4943910976551711,4943910978233820,9437184,1.598912000656128,False,57982058496,spread,[1915]
two_pair_0_1,2,0,0,"[1, 1, 0, 0]",1,False,False,4943910989201625,4943910990856595,9437184,1.583008050918579,False,57982058496,spread,[1623]
two_single_0,2,0,0,"[2, 0, 0, 0]",1,False,False,4943911001225833,4943911002891435,18874368,1.60806405544281,False,57982058496,spread,"[1623, 2006]"
scale_4_rank,2,0,0,"[1, 1, 1, 1]",1,False,False,4943911013246385,4943911014881168,9437184,1.5800000429153442,False,57982058496,spread,[1769]
concurrency_2_rank,2,0,0,"[4, 4, 3, 3]",2,False,False,4943911025229905,4943911031513170,37748736,6.192863941192627,False,57982058496,spread,"[2499, 2882, 3265, 3648]"
scale_14_rank,2,0,0,"[4, 4, 3, 3]",1,False,False,4943911041933766,4943911048192686,37748736,6.198431968688965,False,57982058496,spread,"[2499, 2882, 3265, 3648]"
concurrency_2_group,2,0,0,"[3, 4, 3, 4]",2,False,False,4943911058477490,4943911063220763,28311552,4.659071922302246,False,57982058496,spread,"[2499, 2882, 3265]"
scale_62_rank,2,0,0,"[16, 16, 15, 15]",1,False,False,4943911074259130,4943911098946504,150994944,24.603776931762695,False,57982058496,spread,"[6003, 242, 625, 1008, 1391, 1774, 2157, 2540, 2923, 3306, 3689, 4072, 4455, 4838, 5221, 5604]"
two_pair_1_2,2,0,0,"[0, 1, 1, 0]",1,False,False,4943911109222543,4943911109295565,0,0,False,57982058496,spread,[]
two_pair_0_3,2,0,0,"[1, 0, 0, 1]",1,False,False,4943911120430106,4943911121301520,9437184,0.8225600123405457,False,57982058496,spread,[1623]
scale_6_group,2,0,0,"[1, 2, 1, 2]",1,False,False,4943911131597164,4943911133233637,9437184,1.580672025680542,False,57982058496,spread,[1915]
two_single_3,2,0,0,"[0, 0, 0, 2]",1,False,False,4943911144230242,4943911144304390,0,0,False,57982058496,spread,[]
scale_62_group,2,0,0,"[15, 16, 15, 16]",1,False,False,4943911156204201,4943911179334931,141557760,23.078079223632812,False,57982058496,spread,"[6003, 242, 625, 1008, 1391, 1774, 2157, 2540, 2923, 3306, 3689, 4072, 4455, 4838, 5221]"
two_pair_1_3,2,0,0,"[0, 1, 0, 1]",1,False,False,4943911190923936,4943911191007814,0,0,False,57982058496,spread,[]
scale_2_group,2,0,0,"[0, 1, 0, 1]",1,False,False,4943911202128836,4943911202201656,0,0,False,57982058496,spread,[]
two_pair_1_2,3,0,0,"[0, 1, 1, 0]",1,False,False,4943911213254749,4943911213327276,0,0,False,57982058496,spread,[]
concurrency_4_rank,3,0,0,"[4, 4, 3, 3]",4,False,False,4943911224424136,4943911230733439,37748736,6.189216136932373,False,57982058496,spread,"[2710, 3093, 3476, 3859]"
six_2,3,0,0,"[2, 1, 2, 1]",1,False,False,4943911241104916,4943911243513497,18874368,2.35916805267334,False,57982058496,spread,"[2126, 2509]"
scale_10_rank,3,0,0,"[3, 3, 2, 2]",1,False,False,4943911253806824,4943911258512799,28311552,4.6578240394592285,False,57982058496,spread,"[2418, 2801, 3184]"
six_1,3,0,0,"[1, 2, 1, 2]",1,False,False,4943911268851371,4943911270502350,9437184,1.586303949356079,False,57982058496,spread,[2126]
scale_8_group,3,0,0,"[2, 2, 2, 2]",1,False,False,4943911281500787,4943911284669271,18874368,3.1175360679626465,False,57982058496,spread,"[2272, 2655]"
scale_50_group,3,0,0,"[12, 13, 12, 13]",1,False,False,4943911294954616,4943911313492908,113246208,18.483583450317383,False,57982058496,spread,"[5338, 5721, 6104, 343, 726, 1109, 1492, 1875, 2258, 2641, 3024, 3407]"
scale_14_group,3,0,0,"[3, 4, 3, 4]",1,False,False,4943911324514494,4943911329221094,28311552,4.652512073516846,False,57982058496,spread,"[2710, 3093, 3476]"
scale_2_rank,3,0,0,"[1, 1, 0, 0]",1,False,False,4943911340314291,4943911342037868,9437184,0.8261439800262451,False,57982058496,spread,[1834]
scale_8_rank,3,0,0,"[2, 2, 2, 2]",1,False,False,4943911352300023,4943911355472498,18874368,3.122335910797119,False,57982058496,spread,"[2272, 2655]"
scale_6_rank,3,0,0,"[2, 2, 1, 1]",1,False,False,4943911365802421,4943911368981992,18874368,2.909600019454956,False,57982058496,spread,"[2126, 2509]"
two_pair_0_2,3,0,0,"[1, 0, 1, 0]",1,False,False,4943911379516944,4943911380390512,9437184,0.8172159790992737,False,57982058496,spread,[1834]
scale_4_group,3,0,0,"[1, 1, 1, 1]",1,False,False,4943911391138439,4943911392774678,9437184,1.5783040523529053,False,57982058496,spread,[1980]
two_pair_0_3,3,0,0,"[1, 0, 0, 1]",1,False,False,4943911403056365,4943911403924124,9437184,0.8161600232124329,False,57982058496,spread,[1834]
two_single_3,3,0,0,"[0, 0, 0, 2]",1,False,False,4943911414208427,4943911414288706,0,0,False,57982058496,spread,[]
concurrency_4_group,3,0,0,"[3, 4, 3, 4]",4,False,False,4943911426176065,4943911430961135,28311552,4.673088073730469,False,57982058496,spread,"[2710, 3093, 3476]"
scale_2_group,3,0,0,"[0, 1, 0, 1]",1,False,False,4943911441938280,4943911442011327,0,0,False,57982058496,spread,[]
two_pair_1_3,3,0,0,"[0, 1, 0, 1]",1,False,False,4943911453018896,4943911453085802,0,0,False,57982058496,spread,[]
two_single_1,3,0,0,"[0, 2, 0, 0]",1,False,False,4943911464087164,4943911464154002,0,0,False,57982058496,spread,[]
two_pair_0_1,3,0,0,"[1, 1, 0, 0]",1,False,False,4943911476663306,4943911478300920,9437184,1.5785280466079712,False,57982058496,spread,[1834]
scale_50_rank,3,0,0,"[13, 13, 12, 12]",1,False,False,4943911488612727,4943911508706146,122683392,20.037952423095703,False,57982058496,spread,"[5338, 5721, 6104, 343, 726, 1109, 1492, 1875, 2258, 2641, 3024, 3407, 3790]"
scale_10_group,3,0,0,"[2, 3, 2, 3]",1,False,False,4943911518984269,4943911522168781,18874368,3.129120111465454,False,57982058496,spread,"[2418, 2801]"
scale_4_rank,3,0,0,"[1, 1, 1, 1]",1,False,False,4943911533184491,4943911534832537,9437184,1.5905920267105103,False,57982058496,spread,[1980]
six_0,3,0,0,"[2, 2, 1, 1]",1,False,False,4943911545130410,4943911548314464,18874368,3.1270079612731934,False,57982058496,spread,"[2126, 2509]"
scale_14_rank,3,0,0,"[4, 4, 3, 3]",1,False,False,4943911558562707,4943911564816996,37748736,6.193183898925781,False,57982058496,spread,"[2710, 3093, 3476, 3859]"
scale_62_rank,3,0,0,"[16, 16, 15, 15]",1,False,False,4943911575171789,4943911599912178,150994944,24.679872512817383,False,57982058496,spread,"[70, 453, 836, 1219, 1602, 1985, 2368, 2751, 3134, 3517, 3900, 4283, 4666, 5049, 5432, 5815]"
concurrency_2_rank,3,0,0,"[4, 4, 3, 3]",2,False,False,4943911610260916,4943911616547724,37748736,6.206079959869385,False,57982058496,spread,"[2710, 3093, 3476, 3859]"
two_pair_2_3,3,0,0,"[0, 0, 1, 1]",1,False,False,4943911626870894,4943911626949064,0,0,False,57982058496,spread,[]
two_single_0,3,0,0,"[2, 0, 0, 0]",1,False,False,4943911638774993,4943911640411442,18874368,1.5894399881362915,False,57982058496,spread,"[1834, 2217]"
scale_62_group,3,0,0,"[15, 16, 15, 16]",1,False,False,4943911650655252,4943911673831130,141557760,23.110240936279297,False,57982058496,spread,"[70, 453, 836, 1219, 1602, 1985, 2368, 2751, 3134, 3517, 3900, 4283, 4666, 5049, 5432]"
scale_6_group,3,0,0,"[1, 2, 1, 2]",1,False,False,4943911684899498,4943911686549212,9437184,1.590432047843933,False,57982058496,spread,[2126]
six_3,3,0,0,"[1, 1, 2, 2]",1,False,False,4943911697541878,4943911699181552,9437184,1.5800319910049438,False,57982058496,spread,[2126]
concurrency_2_group,3,0,0,"[3, 4, 3, 4]",2,False,False,4943911710972221,4943911715705066,28311552,4.656256198883057,False,57982058496,spread,"[2710, 3093, 3476]"
two_single_2,3,0,0,"[0, 0, 2, 0]",1,False,False,4943911726732942,4943911726804847,0,0,False,57982058496,spread,[]
two_single_1,4,0,0,"[0, 2, 0, 0]",1,False,False,4943911738621419,4943911738693402,0,0,False,57982058496,spread,[]
two_pair_0_2,4,0,0,"[1, 0, 1, 0]",1,False,False,4943911750573541,4943911751446774,9437184,0.8233280181884766,False,57982058496,spread,[2045]
scale_8_group,4,0,0,"[2, 2, 2, 2]",1,False,False,4943911761737232,4943911764614703,18874368,2.820768117904663,False,57982058496,spread,"[2483, 2866]"
scale_6_group,4,0,0,"[1, 2, 1, 2]",1,False,False,4943911775374032,4943911777012596,9437184,1.5820159912109375,False,57982058496,spread,[2337]
two_single_2,4,0,0,"[0, 0, 2, 0]",1,False,False,4943911788064612,4943911788121685,0,0,False,57982058496,spread,[]
scale_62_rank,4,0,0,"[16, 16, 15, 15]",1,False,False,4943911800096460,4943911824819235,150994944,24.656896591186523,False,57982058496,spread,"[281, 664, 1047, 1430, 1813, 2196, 2579, 2962, 3345, 3728, 4111, 4494, 4877, 5260, 5643, 6026]"
scale_14_rank,4,0,0,"[4, 4, 3, 3]",1,False,False,4943911835211769,4943911841459111,37748736,6.177855968475342,False,57982058496,spread,"[2921, 3304, 3687, 4070]"
six_3,4,0,0,"[1, 1, 2, 2]",1,False,False,4943911851878589,4943911853500761,9437184,1.5754560232162476,False,57982058496,spread,[2337]
two_pair_1_3,4,0,0,"[0, 1, 0, 1]",1,False,False,4943911865409588,4943911865487398,0,0,False,57982058496,spread,[]
six_0,4,0,0,"[2, 2, 1, 1]",1,False,False,4943911876585716,4943911879754736,18874368,3.1250879764556885,False,57982058496,spread,"[2337, 2720]"
two_pair_0_3,4,0,0,"[1, 0, 0, 1]",1,False,False,4943911890120874,4943911890991283,9437184,0.822655975818634,False,57982058496,spread,[2045]
concurrency_2_group,4,0,0,"[3, 4, 3, 4]",2,False,False,4943911901316864,4943911906025994,28311552,4.638463973999023,False,57982058496,spread,"[2921, 3304, 3687]"
scale_50_group,4,0,0,"[12, 13, 12, 13]",1,False,False,4943911917121472,4943911935669742,113246208,18.4866886138916,False,57982058496,spread,"[5549, 5932, 171, 554, 937, 1320, 1703, 2086, 2469, 2852, 3235, 3618]"
scale_10_group,4,0,0,"[2, 3, 2, 3]",1,False,False,4943911946753580,4943911949938652,18874368,3.1228160858154297,False,57982058496,spread,"[2629, 3012]"
scale_2_group,4,0,0,"[0, 1, 0, 1]",1,False,False,4943911961047951,4943911961384350,0,0,False,57982058496,spread,[]
two_pair_0_1,4,0,0,"[1, 1, 0, 0]",1,False,False,4943911972218543,4943911973836219,9437184,1.5778559446334839,False,57982058496,spread,[2045]
two_pair_1_2,4,0,0,"[0, 1, 1, 0]",1,False,False,4943911984156739,4943911984215788,0,0,False,57982058496,spread,[]
scale_14_group,4,0,0,"[3, 4, 3, 4]",1,False,False,4943911995295850,4943911999990171,28311552,4.6444478034973145,False,57982058496,spread,"[2921, 3304, 3687]"
scale_6_rank,4,0,0,"[2, 2, 1, 1]",1,False,False,4943912011085060,4943912014250923,18874368,3.1188480854034424,False,57982058496,spread,"[2337, 2720]"
six_1,4,0,0,"[1, 2, 1, 2]",1,False,False,4943912024588126,4943912026215864,9437184,1.5780160427093506,False,57982058496,spread,[2337]
concurrency_4_rank,4,0,0,"[4, 4, 3, 3]",4,False,False,4943912037297599,4943912043604291,37748736,6.17849588394165,False,57982058496,spread,"[2921, 3304, 3687, 4070]"
scale_2_rank,4,0,0,"[1, 1, 0, 0]",1,False,False,4943912054038258,4943912055346350,9437184,1.2583680152893066,False,57982058496,spread,[2045]
scale_62_group,4,0,0,"[15, 16, 15, 16]",1,False,False,4943912066241119,4943912089372645,141557760,23.081920623779297,False,57982058496,spread,"[281, 664, 1047, 1430, 1813, 2196, 2579, 2962, 3345, 3728, 4111, 4494, 4877, 5260, 5643]"
two_pair_2_3,4,0,0,"[0, 0, 1, 1]",1,False,False,4943912101044972,4943912101134020,0,0,False,57982058496,spread,[]
six_2,4,0,0,"[2, 1, 2, 1]",1,False,False,4943912113107647,4943912115525123,18874368,2.370944023132324,False,57982058496,spread,"[2337, 2720]"
scale_4_group,4,0,0,"[1, 1, 1, 1]",1,False,False,4943912125810282,4943912127442504,9437184,1.584928035736084,False,57982058496,spread,[2191]
two_single_3,4,0,0,"[0, 0, 0, 2]",1,False,False,4943912137802290,4943912137862867,0,0,False,57982058496,spread,[]
concurrency_4_group,4,0,0,"[3, 4, 3, 4]",4,False,False,4943912149866211,4943912154719569,28311552,4.70527982711792,False,57982058496,spread,"[2921, 3304, 3687]"
scale_50_rank,4,0,0,"[13, 13, 12, 12]",1,False,False,4943912165798705,4943912185900173,122683392,20.017343521118164,False,57982058496,spread,"[5549, 5932, 171, 554, 937, 1320, 1703, 2086, 2469, 2852, 3235, 3618, 4001]"
two_single_0,4,0,0,"[2, 0, 0, 0]",1,False,False,4943912196255586,4943912197923369,18874368,1.6026240587234497,False,57982058496,spread,"[2045, 2428]"
scale_8_rank,4,0,0,"[2, 2, 2, 2]",1,False,False,4943912208226921,4943912211399522,18874368,3.1143999099731445,False,57982058496,spread,"[2483, 2866]"
scale_10_rank,4,0,0,"[3, 3, 2, 2]",1,False,False,4943912221780437,4943912226479462,28311552,4.633535861968994,False,57982058496,spread,"[2629, 3012, 3395]"
scale_4_rank,4,0,0,"[1, 1, 1, 1]",1,False,False,4943912236857751,4943912238482768,9437184,1.5737600326538086,False,57982058496,spread,[2191]
concurrency_2_rank,4,0,0,"[4, 4, 3, 3]",2,False,False,4943912248873424,4943912255124703,37748736,6.181663990020752,False,57982058496,spread,"[2921, 3304, 3687, 4070]"
two_pair_1_2,5,0,0,"[0, 1, 1, 0]",1,False,False,4943912265474227,4943912265827614,0,0,False,57982058496,spread,[]
concurrency_2_group,5,0,0,"[3, 4, 3, 4]",2,False,False,4943912276635913,4943912281412529,28311552,4.694911956787109,False,57982058496,spread,"[3132, 3515, 3898]"
scale_6_group,5,0,0,"[1, 2, 1, 2]",1,False,False,4943912292445886,4943912294081345,9437184,1.5814399719238281,False,57982058496,spread,[2548]
two_pair_1_3,5,0,0,"[0, 1, 0, 1]",1,False,False,4943912305178465,4943912305252414,0,0,False,57982058496,spread,[]
concurrency_2_rank,5,0,0,"[4, 4, 3, 3]",2,False,False,4943912316331647,4943912322586892,37748736,6.178271770477295,False,57982058496,spread,"[3132, 3515, 3898, 4281]"
scale_10_rank,5,0,0,"[3, 3, 2, 2]",1,False,False,4943912332934411,4943912337645441,28311552,4.659359931945801,False,57982058496,spread,"[2840, 3223, 3606]"
two_pair_0_3,5,0,0,"[1, 0, 0, 1]",1,False,False,4943912348015147,4943912348878870,9437184,0.8150399923324585,False,57982058496,spread,[2256]
concurrency_4_rank,5,0,0,"[4, 4, 3, 3]",4,False,False,4943912359178655,4943912365420290,37748736,6.131711959838867,False,57982058496,spread,"[3132, 3515, 3898, 4281]"
scale_6_rank,5,0,0,"[2, 2, 1, 1]",1,False,False,4943912375832580,4943912379002236,18874368,3.122783899307251,False,57982058496,spread,"[2548, 2931]"
six_1,5,0,0,"[1, 2, 1, 2]",1,False,False,4943912389399480,4943912391018136,9437184,1.5711359977722168,False,57982058496,spread,[2548]
scale_62_group,5,0,0,"[15, 16, 15, 16]",1,False,False,4943912402158835,4943912425346928,141557760,23.135583877563477,False,57982058496,spread,"[492, 875, 1258, 1641, 2024, 2407, 2790, 3173, 3556, 3939, 4322, 4705, 5088, 5471, 5854]"
two_pair_0_1,5,0,0,"[1, 1, 0, 0]",1,False,False,4943912436509124,4943912438140794,9437184,1.5834879875183105,False,57982058496,spread,[2256]
scale_2_rank,5,0,0,"[1, 1, 0, 0]",1,False,False,4943912448486118,4943912450114637,9437184,1.5824639797210693,False,57982058496,spread,[2256]
six_2,5,0,0,"[2, 1, 2, 1]",1,False,False,4943912460509915,4943912462899539,18874368,2.349951982498169,False,57982058496,spread,"[2548, 2931]"
two_pair_0_2,5,0,0,"[1, 0, 1, 0]",1,False,False,4943912473297773,4943912474164826,9437184,0.815775990486145,False,57982058496,spread,[2256]
two_single_2,5,0,0,"[0, 0, 2, 0]",1,False,False,4943912484491179,4943912484556547,0,0,False,57982058496,spread,[]
scale_10_group,5,0,0,"[2, 3, 2, 3]",1,False,False,4943912496616581,4943912499824591,18874368,3.127392053604126,False,57982058496,spread,"[2840, 3223]"
concurrency_4_group,5,0,0,"[3, 4, 3, 4]",4,False,False,4943912510872789,4943912515659476,28311552,4.669824123382568,False,57982058496,spread,"[3132, 3515, 3898]"
scale_8_rank,5,0,0,"[2, 2, 2, 2]",1,False,False,4943912526724737,4943912529896171,18874368,3.1104319095611572,False,57982058496,spread,"[2694, 3077]"
scale_50_rank,5,0,0,"[13, 13, 12, 12]",1,False,False,4943912540234290,4943912560375851,122683392,20.038911819458008,False,57982058496,spread,"[5760, 6143, 382, 765, 1148, 1531, 1914, 2297, 2680, 3063, 3446, 3829, 4212]"
two_single_0,5,0,0,"[2, 0, 0, 0]",1,False,False,4943912571090960,4943912572819959,18874368,1.636031985282898,False,57982058496,spread,"[2256, 2639]"
scale_8_group,5,0,0,"[2, 2, 2, 2]",1,False,False,4943912583090083,4943912586253927,18874368,3.1148478984832764,False,57982058496,spread,"[2694, 3077]"
scale_14_rank,5,0,0,"[4, 4, 3, 3]",1,False,False,4943912596659498,4943912602904690,37748736,6.195648193359375,False,57982058496,spread,"[3132, 3515, 3898, 4281]"
scale_4_rank,5,0,0,"[1, 1, 1, 1]",1,False,False,4943912613238863,4943912614863257,9437184,1.5785280466079712,False,57982058496,spread,[2402]
six_0,5,0,0,"[2, 2, 1, 1]",1,False,False,4943912625447757,4943912628603415,18874368,3.1121599674224854,False,57982058496,spread,"[2548, 2931]"
two_single_3,5,0,0,"[0, 0, 0, 2]",1,False,False,4943912638879968,4943912638938695,0,0,False,57982058496,spread,[]
scale_4_group,5,0,0,"[1, 1, 1, 1]",1,False,False,4943912650880119,4943912652193396,9437184,1.2651519775390625,False,57982058496,spread,[2402]
two_single_1,5,0,0,"[0, 2, 0, 0]",1,False,False,4943912663092818,4943912663286110,0,0,False,57982058496,spread,[]
scale_62_rank,5,0,0,"[16, 16, 15, 15]",1,False,False,4943912675086461,4943912699799964,150994944,24.63590431213379,False,57982058496,spread,"[492, 875, 1258, 1641, 2024, 2407, 2790, 3173, 3556, 3939, 4322, 4705, 5088, 5471, 5854, 93]"
two_pair_2_3,5,0,0,"[0, 0, 1, 1]",1,False,False,4943912710206897,4943912710271836,0,0,False,57982058496,spread,[]
scale_14_group,5,0,0,"[3, 4, 3, 4]",1,False,False,4943912722225804,4943912726955686,28311552,4.660096168518066,False,57982058496,spread,"[3132, 3515, 3898]"
scale_2_group,5,0,0,"[0, 1, 0, 1]",1,False,False,4943912738072082,4943912738140117,0,0,False,57982058496,spread,[]
six_3,5,0,0,"[1, 1, 2, 2]",1,False,False,4943912749263676,4943912750875570,9437184,1.5699520111083984,False,57982058496,spread,[2548]
scale_50_group,5,0,0,"[12, 13, 12, 13]",1,False,False,4943912762844216,4943912781406865,113246208,18.487136840820312,False,57982058496,spread,"[5760, 6143, 382, 765, 1148, 1531, 1914, 2297, 2680, 3063, 3446, 3829]"
scale_10_group,6,0,0,"[2, 3, 2, 3]",1,False,False,4943912792605818,4943912795770120,18874368,3.1134400367736816,False,57982058496,spread,"[3051, 3434]"
scale_6_rank,6,0,0,"[2, 2, 1, 1]",1,False,False,4943912806855371,4943912810001812,18874368,3.102911949157715,False,57982058496,spread,"[2759, 3142]"
scale_14_rank,6,0,0,"[4, 4, 3, 3]",1,False,False,4943912820490039,4943912826737192,37748736,6.199967861175537,False,57982058496,spread,"[3343, 3726, 4109, 4492]"
scale_8_group,6,0,0,"[2, 2, 2, 2]",1,False,False,4943912837183132,4943912840357788,18874368,3.1142399311065674,False,57982058496,spread,"[2905, 3288]"
concurrency_4_rank,6,0,0,"[4, 4, 3, 3]",4,False,False,4943912850694588,4943912857045593,37748736,6.2196478843688965,False,57982058496,spread,"[3343, 3726, 4109, 4492]"
scale_4_group,6,0,0,"[1, 1, 1, 1]",1,False,False,4943912867805597,4943912869444764,9437184,1.5615999698638916,False,57982058496,spread,[2613]
scale_8_rank,6,0,0,"[2, 2, 2, 2]",1,False,False,4943912879829132,4943912882982554,18874368,3.10697603225708,False,57982058496,spread,"[2905, 3288]"
two_pair_0_2,6,0,0,"[1, 0, 1, 0]",1,False,False,4943912893351528,4943912894205330,9437184,0.8086079955101013,False,57982058496,spread,[2467]
six_2,6,0,0,"[2, 1, 2, 1]",1,False,False,4943912904483792,4943912906884400,18874368,2.352191925048828,False,57982058496,spread,"[2759, 3142]"
scale_14_group,6,0,0,"[3, 4, 3, 4]",1,False,False,4943912917230849,4943912921945492,28311552,4.659232139587402,False,57982058496,spread,"[3343, 3726, 4109]"
concurrency_4_group,6,0,0,"[3, 4, 3, 4]",4,False,False,4943912933141658,4943912937920508,28311552,4.671743869781494,False,57982058496,spread,"[3343, 3726, 4109]"
two_single_2,6,0,0,"[0, 0, 2, 0]",1,False,False,4943912949553773,4943912949659891,0,0,False,57982058496,spread,[]
scale_2_group,6,0,0,"[0, 1, 0, 1]",1,False,False,4943912961845258,4943912961931019,0,0,False,57982058496,spread,[]
scale_2_rank,6,0,0,"[1, 1, 0, 0]",1,False,False,4943912973108117,4943912974757100,9437184,1.5871679782867432,False,57982058496,spread,[2467]
scale_4_rank,6,0,0,"[1, 1, 1, 1]",1,False,False,4943912985153511,4943912986785456,9437184,1.5872000455856323,False,57982058496,spread,[2613]
concurrency_2_rank,6,0,0,"[4, 4, 3, 3]",2,False,False,4943912997219884,4943913003503249,37748736,6.196608066558838,False,57982058496,spread,"[3343, 3726, 4109, 4492]"
two_pair_2_3,6,0,0,"[0, 0, 1, 1]",1,False,False,4943913013938716,4943913014007264,0,0,False,57982058496,spread,[]
six_1,6,0,0,"[1, 2, 1, 2]",1,False,False,4943913026163804,4943913027813699,9437184,1.5867199897766113,False,57982058496,spread,[2759]
scale_10_rank,6,0,0,"[3, 3, 2, 2]",1,False,False,4943913038906593,4943913043624154,28311552,4.677216053009033,False,57982058496,spread,"[3051, 3434, 3817]"
two_pair_1_3,6,0,0,"[0, 1, 0, 1]",1,False,False,4943913053999058,4943913054058348,0,0,False,57982058496,spread,[]
concurrency_2_group,6,0,0,"[3, 4, 3, 4]",2,False,False,4943913065339223,4943913070075980,28311552,4.651904106140137,False,57982058496,spread,"[3343, 3726, 4109]"
scale_50_rank,6,0,0,"[13, 13, 12, 12]",1,False,False,4943913081194531,4943913101290525,122683392,20.05023956298828,False,57982058496,spread,"[5971, 210, 593, 976, 1359, 1742, 2125, 2508, 2891, 3274, 3657, 4040, 4423]"
two_single_3,6,0,0,"[0, 0, 0, 2]",1,False,False,4943913111648480,4943913111720767,0,0,False,57982058496,spread,[]
two_single_0,6,0,0,"[2, 0, 0, 0]",1,False,False,4943913123884464,4943913125541232,18874368,1.5961920022964478,False,57982058496,spread,"[2467, 2850]"
scale_6_group,6,0,0,"[1, 2, 1, 2]",1,False,False,4943913135923563,4943913137551144,9437184,1.5811200141906738,False,57982058496,spread,[2759]
scale_62_group,6,0,0,"[15, 16, 15, 16]",1,False,False,4943913148679064,4943913171845566,141557760,23.079328536987305,False,57982058496,spread,"[703, 1086, 1469, 1852, 2235, 2618, 3001, 3384, 3767, 4150, 4533, 4916, 5299, 5682, 6065]"
two_single_1,6,0,0,"[0, 2, 0, 0]",1,False,False,4943913182989740,4943913183101308,0,0,False,57982058496,spread,[]
six_0,6,0,0,"[2, 2, 1, 1]",1,False,False,4943913194903927,4943913198072317,18874368,3.1296000480651855,False,57982058496,spread,"[2759, 3142]"
six_3,6,0,0,"[1, 1, 2, 2]",1,False,False,4943913208396562,4943913210018360,9437184,1.5768959522247314,False,57982058496,spread,[2759]
two_pair_0_3,6,0,0,"[1, 0, 0, 1]",1,False,False,4943913222118866,4943913223005625,9437184,0.8207359910011292,False,57982058496,spread,[2467]
two_pair_1_2,6,0,0,"[0, 1, 1, 0]",1,False,False,4943913233325530,4943913233388889,0,0,False,57982058496,spread,[]
two_pair_0_1,6,0,0,"[1, 1, 0, 0]",1,False,False,4943913244692919,4943913246044809,9437184,1.2864320278167725,False,57982058496,spread,[2467]
scale_50_group,6,0,0,"[12, 13, 12, 13]",1,False,False,4943913256917856,4943913275443229,113246208,18.479232788085938,False,57982058496,spread,"[5971, 210, 593, 976, 1359, 1742, 2125, 2508, 2891, 3274, 3657, 4040]"
scale_62_rank,6,0,0,"[16, 16, 15, 15]",1,False,False,4943913286654461,4943913311402660,150994944,24.698591232299805,False,57982058496,spread,"[703, 1086, 1469, 1852, 2235, 2618, 3001, 3384, 3767, 4150, 4533, 4916, 5299, 5682, 6065, 304]"
scale_62_group,7,0,0,"[15, 16, 15, 16]",1,False,False,4943913321806490,4943913345005070,141557760,23.140480041503906,False,57982058496,spread,"[914, 1297, 1680, 2063, 2446, 2829, 3212, 3595, 3978, 4361, 4744, 5127, 5510, 5893, 132]"
two_pair_2_3,7,0,0,"[0, 0, 1, 1]",1,False,False,4943913356298444,4943913356392115,0,0,False,57982058496,spread,[]
two_pair_1_2,7,0,0,"[0, 1, 1, 0]",1,False,False,4943913368409535,4943913368484948,0,0,False,57982058496,spread,[]
scale_8_group,7,0,0,"[2, 2, 2, 2]",1,False,False,4943913379558644,4943913382721194,18874368,3.124160051345825,False,57982058496,spread,"[3116, 3499]"
two_single_3,7,0,0,"[0, 0, 0, 2]",1,False,False,4943913393076085,4943913393143360,0,0,False,57982058496,spread,[]
scale_6_group,7,0,0,"[1, 2, 1, 2]",1,False,False,4943913405254851,4943913406914852,9437184,1.5892479419708252,False,57982058496,spread,[2970]
six_3,7,0,0,"[1, 1, 2, 2]",1,False,False,4943913418045825,4943913419683536,9437184,1.581760048866272,False,57982058496,spread,[2970]
scale_50_rank,7,0,0,"[13, 13, 12, 12]",1,False,False,4943913431762640,4943913451857772,122683392,20.02448081970215,False,57982058496,spread,"[38, 421, 804, 1187, 1570, 1953, 2336, 2719, 3102, 3485, 3868, 4251, 4634]"
scale_14_group,7,0,0,"[3, 4, 3, 4]",1,False,False,4943913462251311,4943913467273260,28311552,4.737887859344482,False,57982058496,spread,"[3554, 3937, 4320]"
scale_4_rank,7,0,0,"[1, 1, 1, 1]",1,False,False,4943913478142070,4943913479764788,9437184,1.5750720500946045,False,57982058496,spread,[2824]
two_single_0,7,0,0,"[2, 0, 0, 0]",1,False,False,4943913490247289,4943913491884214,18874368,1.5872960090637207,False,57982058496,spread,"[2678, 3061]"
scale_62_rank,7,0,0,"[16, 16, 15, 15]",1,False,False,4943913502282445,4943913526939138,150994944,24.60972785949707,False,57982058496,spread,"[914, 1297, 1680, 2063, 2446, 2829, 3212, 3595, 3978, 4361, 4744, 5127, 5510, 5893, 132, 515]"
scale_2_rank,7,0,0,"[1, 1, 0, 0]",1,False,False,4943913537339221,4943913538665494,9437184,1.2738239765167236,False,57982058496,spread,[2678]
six_0,7,0,0,"[2, 2, 1, 1]",1,False,False,4943913549562564,4943913552724864,18874368,3.113823890686035,False,57982058496,spread,"[2970, 3353]"
scale_2_group,7,0,0,"[0, 1, 0, 1]",1,False,False,4943913563002391,4943913563089926,0,0,False,57982058496,spread,[]
concurrency_2_rank,7,0,0,"[4, 4, 3, 3]",2,False,False,4943913574356501,4943913580624951,37748736,6.176703929901123,False,57982058496,spread,"[3554, 3937, 4320, 4703]"
scale_4_group,7,0,0,"[1, 1, 1, 1]",1,False,False,4943913590952005,4943913592578825,9437184,1.5836479663848877,False,57982058496,spread,[2824]
scale_10_rank,7,0,0,"[3, 3, 2, 2]",1,False,False,4943913602996841,4943913607701555,28311552,4.656544208526611,False,57982058496,spread,"[3262, 3645, 4028]"
scale_6_rank,7,0,0,"[2, 2, 1, 1]",1,False,False,4943913618097305,4943913621260663,18874368,3.1233279705047607,False,57982058496,spread,"[2970, 3353]"
six_1,7,0,0,"[1, 2, 1, 2]",1,False,False,4943913631612033,4943913633222920,9437184,1.5705599784851074,False,57982058496,spread,[2970]
two_single_2,7,0,0,"[0, 0, 2, 0]",1,False,False,4943913644333599,4943913644391854,0,0,False,57982058496,spread,[]
two_pair_0_1,7,0,0,"[1, 1, 0, 0]",1,False,False,4943913656418196,4943913658075427,9437184,1.5879360437393188,False,57982058496,spread,[2678]
scale_8_rank,7,0,0,"[2, 2, 2, 2]",1,False,False,4943913668424383,4943913671590889,18874368,3.1260159015655518,False,57982058496,spread,"[3116, 3499]"
two_pair_0_2,7,0,0,"[1, 0, 1, 0]",1,False,False,4943913681950865,4943913682795084,9437184,0.8054400086402893,False,57982058496,spread,[2678]
two_pair_1_3,7,0,0,"[0, 1, 0, 1]",1,False,False,4943913693174830,4943913693238781,0,0,False,57982058496,spread,[]
two_single_1,7,0,0,"[0, 2, 0, 0]",1,False,False,4943913704381550,4943913704444453,0,0,False,57982058496,spread,[]
concurrency_2_group,7,0,0,"[3, 4, 3, 4]",2,False,False,4943913716451165,4943913721208826,28311552,4.66323184967041,False,57982058496,spread,"[3554, 3937, 4320]"
concurrency_4_rank,7,0,0,"[4, 4, 3, 3]",4,False,False,4943913732317253,4943913738631469,37748736,6.197504043579102,False,57982058496,spread,"[3554, 3937, 4320, 4703]"
scale_50_group,7,0,0,"[12, 13, 12, 13]",1,False,False,4943913749107852,4943913767690634,113246208,18.48703956604004,False,57982058496,spread,"[38, 421, 804, 1187, 1570, 1953, 2336, 2719, 3102, 3485, 3868, 4251]"
scale_10_group,7,0,0,"[2, 3, 2, 3]",1,False,False,4943913778906291,4943913782155436,18874368,3.162400007247925,False,57982058496,spread,"[3262, 3645]"
scale_14_rank,7,0,0,"[4, 4, 3, 3]",1,False,False,4943913793206020,4943913799422951,37748736,6.172255992889404,False,57982058496,spread,"[3554, 3937, 4320, 4703]"
concurrency_4_group,7,0,0,"[3, 4, 3, 4]",4,False,False,4943913809840027,4943913814599785,28311552,4.666016101837158,False,57982058496,spread,"[3554, 3937, 4320]"
six_2,7,0,0,"[2, 1, 2, 1]",1,False,False,4943913825753417,4943913828136080,18874368,2.3438079357147217,False,57982058496,spread,"[2970, 3353]"
two_pair_0_3,7,0,0,"[1, 0, 0, 1]",1,False,False,4943913839782276,4943913840667181,9437184,0.8195520043373108,False,57982058496,spread,[2678]
concurrency_4_rank,8,0,0,"[4, 4, 3, 3]",4,False,False,4943913851046916,4943913857270146,37748736,6.120255947113037,False,57982058496,spread,"[3765, 4148, 4531, 4914]"
two_pair_1_3,8,0,0,"[0, 1, 0, 1]",1,False,False,4943913867677823,4943913867738839,0,0,False,57982058496,spread,[]
two_single_0,8,0,0,"[2, 0, 0, 0]",1,False,False,4943913878856494,4943913880474856,18874368,1.5803519487380981,False,57982058496,spread,"[2889, 3272]"
scale_2_group,8,0,0,"[0, 1, 0, 1]",1,False,False,4943913890729776,4943913890787226,0,0,False,57982058496,spread,[]
two_pair_0_2,8,0,0,"[1, 0, 1, 0]",1,False,False,4943913901925922,4943913902772984,9437184,0.8113600015640259,False,57982058496,spread,[2889]
scale_14_rank,8,0,0,"[4, 4, 3, 3]",1,False,False,4943913913138213,4943913919343215,37748736,6.164000034332275,False,57982058496,spread,"[3765, 4148, 4531, 4914]"
two_pair_0_3,8,0,0,"[1, 0, 0, 1]",1,False,False,4943913929720698,4943913930572664,9437184,0.8104000091552734,False,57982058496,spread,[2889]
scale_62_group,8,0,0,"[15, 16, 15, 16]",1,False,False,4943913940928373,4943913964069678,141557760,23.09503936767578,False,57982058496,spread,"[1125, 1508, 1891, 2274, 2657, 3040, 3423, 3806, 4189, 4572, 4955, 5338, 5721, 6104, 343]"
two_pair_0_1,8,0,0,"[1, 1, 0, 0]",1,False,False,4943913975226667,4943913976861402,9437184,1.5859839916229248,False,57982058496,spread,[2889]
scale_62_rank,8,0,0,"[16, 16, 15, 15]",1,False,False,4943913987164392,4943914011827151,150994944,24.614656448364258,False,57982058496,spread,"[1125, 1508, 1891, 2274, 2657, 3040, 3423, 3806, 4189, 4572, 4955, 5338, 5721, 6104, 343, 726]"
scale_6_rank,8,0,0,"[2, 2, 1, 1]",1,False,False,4943914022242635,4943914025409436,18874368,3.1217598915100098,False,57982058496,spread,"[3181, 3564]"
two_pair_2_3,8,0,0,"[0, 0, 1, 1]",1,False,False,4943914035799053,4943914035874110,0,0,False,57982058496,spread,[]
six_0,8,0,0,"[2, 2, 1, 1]",1,False,False,4943914048011456,4943914051206982,18874368,2.0579519271850586,False,57982058496,spread,"[3181, 3564]"
scale_4_rank,8,0,0,"[1, 1, 1, 1]",1,False,False,4943914061828856,4943914063458425,9437184,1.5736000537872314,False,57982058496,spread,[3035]
scale_14_group,8,0,0,"[3, 4, 3, 4]",1,False,False,4943914073886697,4943914078564297,28311552,4.635744094848633,False,57982058496,spread,"[3765, 4148, 4531]"
scale_2_rank,8,0,0,"[1, 1, 0, 0]",1,False,False,4943914089749055,4943914091346563,9437184,1.555008053779602,False,57982058496,spread,[2889]
six_3,8,0,0,"[1, 1, 2, 2]",1,False,False,4943914101764460,4943914103376274,9437184,1.5670080184936523,False,57982058496,spread,[3181]
six_2,8,0,0,"[2, 1, 2, 1]",1,False,False,4943914115442292,4943914117853736,18874368,2.3394880294799805,False,57982058496,spread,"[3181, 3564]"
scale_8_rank,8,0,0,"[2, 2, 2, 2]",1,False,False,4943914128228347,4943914130399061,18874368,2.1201601028442383,False,57982058496,spread,"[3327, 3710]"
scale_4_group,8,0,0,"[1, 1, 1, 1]",1,False,False,4943914141971122,4943914143607390,9437184,1.5720640420913696,False,57982058496,spread,[3035]
concurrency_2_rank,8,0,0,"[4, 4, 3, 3]",2,False,False,4943914154153370,4943914160406618,37748736,6.176703929901123,False,57982058496,spread,"[3765, 4148, 4531, 4914]"
scale_8_group,8,0,0,"[2, 2, 2, 2]",1,False,False,4943914170766784,4943914173945374,18874368,3.1217920780181885,False,57982058496,spread,"[3327, 3710]"
scale_50_group,8,0,0,"[12, 13, 12, 13]",1,False,False,4943914184340224,4943914202927433,113246208,18.498048782348633,False,57982058496,spread,"[249, 632, 1015, 1398, 1781, 2164, 2547, 2930, 3313, 3696, 4079, 4462]"
scale_50_rank,8,0,0,"[13, 13, 12, 12]",1,False,False,4943914214121998,4943914234209608,122683392,20.03046417236328,False,57982058496,spread,"[249, 632, 1015, 1398, 1781, 2164, 2547, 2930, 3313, 3696, 4079, 4462, 4845]"
two_pair_1_2,8,0,0,"[0, 1, 1, 0]",1,False,False,4943914244674202,4943914244739217,0,0,False,57982058496,spread,[]
concurrency_4_group,8,0,0,"[3, 4, 3, 4]",4,False,False,4943914255882042,4943914260624649,28311552,4.654240131378174,False,57982058496,spread,"[3765, 4148, 4531]"
concurrency_2_group,8,0,0,"[3, 4, 3, 4]",2,False,False,4943914271758130,4943914276461144,28311552,4.636735916137695,False,57982058496,spread,"[3765, 4148, 4531]"
scale_6_group,8,0,0,"[1, 2, 1, 2]",1,False,False,4943914287594937,4943914289211945,9437184,1.566208004951477,False,57982058496,spread,[3181]
two_single_1,8,0,0,"[0, 2, 0, 0]",1,False,False,4943914300373970,4943914300449890,0,0,False,57982058496,spread,[]
scale_10_group,8,0,0,"[2, 3, 2, 3]",1,False,False,4943914312461283,4943914315656666,18874368,3.1261439323425293,False,57982058496,spread,"[3473, 3856]"
six_1,8,0,0,"[1, 2, 1, 2]",1,False,False,4943914326773660,4943914328420867,9437184,1.584928035736084,False,57982058496,spread,[3181]
two_single_3,8,0,0,"[0, 0, 0, 2]",1,False,False,4943914339521422,4943914339583206,0,0,False,57982058496,spread,[]
two_single_2,8,0,0,"[0, 0, 2, 0]",1,False,False,4943914351642709,4943914351729414,0,0,False,57982058496,spread,[]
scale_10_rank,8,0,0,"[3, 3, 2, 2]",1,False,False,4943914363901602,4943914368625264,28311552,4.438975811004639,False,57982058496,spread,"[3473, 3856, 4239]"
two_pair_0_3,9,0,0,"[1, 0, 0, 1]",1,False,False,4943914379155117,4943914380026429,9437184,0.8193600177764893,False,57982058496,spread,[3100]
scale_8_group,9,0,0,"[2, 2, 2, 2]",1,False,False,4943914390400322,4943914393561469,18874368,3.111583948135376,False,57982058496,spread,"[3538, 3921]"
scale_50_rank,9,0,0,"[13, 13, 12, 12]",1,False,False,4943914404014635,4943914424100236,122683392,20.038911819458008,False,57982058496,spread,"[460, 843, 1226, 1609, 1992, 2375, 2758, 3141, 3524, 3907, 4290, 4673, 5056]"
two_single_0,9,0,0,"[2, 0, 0, 0]",1,False,False,4943914435887824,4943914437542370,18874368,1.593824028968811,False,57982058496,spread,"[3100, 3483]"
scale_2_group,9,0,0,"[0, 1, 0, 1]",1,False,False,4943914448033457,4943914448095901,0,0,False,57982058496,spread,[]
two_pair_0_1,9,0,0,"[1, 1, 0, 0]",1,False,False,4943914459236566,4943914460866995,9437184,1.5833280086517334,False,57982058496,spread,[3100]
scale_8_rank,9,0,0,"[2, 2, 2, 2]",1,False,False,4943914471165617,4943914474325951,18874368,3.1198079586029053,False,57982058496,spread,"[3538, 3921]"
scale_6_group,9,0,0,"[1, 2, 1, 2]",1,False,False,4943914484766613,4943914486396454,9437184,1.5785919427871704,False,57982058496,spread,[3392]
scale_2_rank,9,0,0,"[1, 1, 0, 0]",1,False,False,4943914497499134,4943914499117735,9437184,1.5718400478363037,False,57982058496,spread,[3100]
scale_10_rank,9,0,0,"[3, 3, 2, 2]",1,False,False,4943914509463713,4943914514166651,28311552,4.659103870391846,False,57982058496,spread,"[3684, 4067, 4450]"
scale_6_rank,9,0,0,"[2, 2, 1, 1]",1,False,False,4943914524553445,4943914527703801,18874368,3.1071040630340576,False,57982058496,spread,"[3392, 3775]"
scale_4_group,9,0,0,"[1, 1, 1, 1]",1,False,False,4943914538075140,4943914539699574,9437184,1.5773760080337524,False,57982058496,spread,[3246]
scale_4_rank,9,0,0,"[1, 1, 1, 1]",1,False,False,4943914550163230,4943914551784217,9437184,1.5743039846420288,False,57982058496,spread,[3246]
two_single_2,9,0,0,"[0, 0, 2, 0]",1,False,False,4943914562196563,4943914562263491,0,0,False,57982058496,spread,[]
two_single_3,9,0,0,"[0, 0, 0, 2]",1,False,False,4943914574286283,4943914574366384,0,0,False,57982058496,spread,[]
scale_62_rank,9,0,0,"[16, 16, 15, 15]",1,False,False,4943914586372699,4943914611092089,150994944,24.65888023376465,False,57982058496,spread,"[1336, 1719, 2102, 2485, 2868, 3251, 3634, 4017, 4400, 4783, 5166, 5549, 5932, 171, 554, 937]"
concurrency_4_rank,9,0,0,"[4, 4, 3, 3]",4,False,False,4943914621509688,4943914627841113,37748736,6.21398401260376,False,57982058496,spread,"[3976, 4359, 4742, 5125]"
six_0,9,0,0,"[2, 2, 1, 1]",1,False,False,4943914638188085,4943914641358555,18874368,3.123039960861206,False,57982058496,spread,"[3392, 3775]"
concurrency_2_group,9,0,0,"[3, 4, 3, 4]",2,False,False,4943914651830913,4943914656621466,28311552,4.67471981048584,False,57982058496,spread,"[3976, 4359, 4742]"
concurrency_4_group,9,0,0,"[3, 4, 3, 4]",4,False,False,4943914667726358,4943914672497747,28311552,4.67196798324585,False,57982058496,spread,"[3976, 4359, 4742]"
six_3,9,0,0,"[1, 1, 2, 2]",1,False,False,4943914683646294,4943914685262658,9437184,1.5703680515289307,False,57982058496,spread,[3392]
scale_62_group,9,0,0,"[15, 16, 15, 16]",1,False,False,4943914697428100,4943914720585451,141557760,23.09187126159668,False,57982058496,spread,"[1336, 1719, 2102, 2485, 2868, 3251, 3634, 4017, 4400, 4783, 5166, 5549, 5932, 171, 554]"
two_pair_1_2,9,0,0,"[0, 1, 1, 0]",1,False,False,4943914732119910,4943914732210771,0,0,False,57982058496,spread,[]
two_single_1,9,0,0,"[0, 2, 0, 0]",1,False,False,4943914743396699,4943914743455573,0,0,False,57982058496,spread,[]
concurrency_2_rank,9,0,0,"[4, 4, 3, 3]",2,False,False,4943914755445198,4943914761726788,37748736,6.1972479820251465,False,57982058496,spread,"[3976, 4359, 4742, 5125]"
two_pair_2_3,9,0,0,"[0, 0, 1, 1]",1,False,False,4943914772079266,4943914772140070,0,0,False,57982058496,spread,[]
scale_10_group,9,0,0,"[2, 3, 2, 3]",1,False,False,4943914784268074,4943914787450396,18874368,3.1229441165924072,False,57982058496,spread,"[3684, 4067]"
scale_50_group,9,0,0,"[12, 13, 12, 13]",1,False,False,4943914798533540,4943914817067676,113246208,18.48486328125,False,57982058496,spread,"[460, 843, 1226, 1609, 1992, 2375, 2758, 3141, 3524, 3907, 4290, 4673]"
two_pair_1_3,9,0,0,"[0, 1, 0, 1]",1,False,False,4943914828245280,4943914828306399,0,0,False,57982058496,spread,[]
six_2,9,0,0,"[2, 1, 2, 1]",1,False,False,4943914839568368,4943914841978601,18874368,2.339871883392334,False,57982058496,spread,"[3392, 3775]"
scale_14_group,9,0,0,"[3, 4, 3, 4]",1,False,False,4943914852323050,4943914857006324,28311552,4.63702392578125,False,57982058496,spread,"[3976, 4359, 4742]"
six_1,9,0,0,"[1, 2, 1, 2]",1,False,False,4943914868163432,4943914869770936,9437184,1.5628160238265991,False,57982058496,spread,[3392]
scale_14_rank,9,0,0,"[4, 4, 3, 3]",1,False,False,4943914880874352,4943914887095286,37748736,6.173439979553223,False,57982058496,spread,"[3976, 4359, 4742, 5125]"
two_pair_0_2,9,0,0,"[1, 0, 1, 0]",1,False,False,4943914897478802,4943914898333497,9437184,0.8112000226974487,False,57982058496,spread,[3100]
concurrency_4_group,10,0,0,"[3, 4, 3, 4]",4,False,False,4943914908787121,4943914913524380,28311552,4.645631790161133,False,57982058496,spread,"[4187, 4570, 4953]"
two_pair_1_2,10,0,0,"[0, 1, 1, 0]",1,False,False,4943914924680868,4943914924751597,0,0,False,57982058496,spread,[]
scale_4_group,10,0,0,"[1, 1, 1, 1]",1,False,False,4943914935878000,4943914937507386,9437184,1.5850880146026611,False,57982058496,spread,[3457]
two_single_1,10,0,0,"[0, 2, 0, 0]",1,False,False,4943914947895982,4943914947970383,0,0,False,57982058496,spread,[]
concurrency_4_rank,10,0,0,"[4, 4, 3, 3]",4,False,False,4943914960019104,4943914966458720,37748736,6.066400051116943,False,57982058496,spread,"[4187, 4570, 4953, 5336]"
scale_62_group,10,0,0,"[15, 16, 15, 16]",1,False,False,4943914977094861,4943915000273966,141557760,23.1278076171875,False,57982058496,spread,"[1547, 1930, 2313, 2696, 3079, 3462, 3845, 4228, 4611, 4994, 5377, 5760, 6143, 382, 765]"
six_0,10,0,0,"[2, 2, 1, 1]",1,False,False,4943915011656458,4943915014867445,18874368,3.1195199489593506,False,57982058496,spread,"[3603, 3986]"
six_3,10,0,0,"[1, 1, 2, 2]",1,False,False,4943915025233570,4943915026610773,9437184,1.3015040159225464,False,57982058496,spread,[3603]
two_single_3,10,0,0,"[0, 0, 0, 2]",1,False,False,4943915038873528,4943915038953754,0,0,False,57982058496,spread,[]
two_single_0,10,0,0,"[2, 0, 0, 0]",1,False,False,4943915050846235,4943915052493851,18874368,1.60099196434021,False,57982058496,spread,"[3311, 3694]"
scale_50_group,10,0,0,"[12, 13, 12, 13]",1,False,False,4943915062768149,4943915081286058,113246208,18.465728759765625,False,57982058496,spread,"[671, 1054, 1437, 1820, 2203, 2586, 2969, 3352, 3735, 4118, 4501, 4884]"
scale_6_group,10,0,0,"[1, 2, 1, 2]",1,False,False,4943915092596641,4943915094275602,9437184,1.597856044769287,False,57982058496,spread,[3603]
scale_8_rank,10,0,0,"[2, 2, 2, 2]",1,False,False,4943915105380621,4943915108573620,18874368,3.0352320671081543,False,57982058496,spread,"[3749, 4132]"
scale_8_group,10,0,0,"[2, 2, 2, 2]",1,False,False,4943915118988873,4943915122172246,18874368,3.096992015838623,False,57982058496,spread,"[3749, 4132]"
six_2,10,0,0,"[2, 1, 2, 1]",1,False,False,4943915132947665,4943915135356622,18874368,2.3507840633392334,False,57982058496,spread,"[3603, 3986]"
scale_2_rank,10,0,0,"[1, 1, 0, 0]",1,False,False,4943915145707933,4943915147336191,9437184,1.5690879821777344,False,57982058496,spread,[3311]
two_pair_2_3,10,0,0,"[0, 0, 1, 1]",1,False,False,4943915157716959,4943915157800689,0,0,False,57982058496,spread,[]
scale_4_rank,10,0,0,"[1, 1, 1, 1]",1,False,False,4943915169767316,4943915171386016,9437184,1.5638400316238403,False,57982058496,spread,[3457]
scale_10_rank,10,0,0,"[3, 3, 2, 2]",1,False,False,4943915181762678,4943915186482424,28311552,4.664608001708984,False,57982058496,spread,"[3895, 4278, 4661]"
six_1,10,0,0,"[1, 2, 1, 2]",1,False,False,4943915196935516,4943915198581696,9437184,1.5841920375823975,False,57982058496,spread,[3603]
two_pair_0_1,10,0,0,"[1, 1, 0, 0]",1,False,False,4943915209741511,4943915211398186,9437184,1.5905920267105103,False,57982058496,spread,[3311]
scale_14_group,10,0,0,"[3, 4, 3, 4]",1,False,False,4943915221807986,4943915226513946,28311552,4.651519775390625,False,57982058496,spread,"[4187, 4570, 4953]"
scale_62_rank,10,0,0,"[16, 16, 15, 15]",1,False,False,4943915237667925,4943915262423560,150994944,24.64556884765625,False,57982058496,spread,"[1547, 1930, 2313, 2696, 3079, 3462, 3845, 4228, 4611, 4994, 5377, 5760, 6143, 382, 765, 1148]"
concurrency_2_group,10,0,0,"[3, 4, 3, 4]",2,False,False,4943915273192939,4943915278020109,28311552,4.703807830810547,False,57982058496,spread,"[4187, 4570, 4953]"
two_single_2,10,0,0,"[0, 0, 2, 0]",1,False,False,4943915289064471,4943915289134091,0,0,False,57982058496,spread,[]
two_pair_0_3,10,0,0,"[1, 0, 0, 1]",1,False,False,4943915301367606,4943915302274734,9437184,0.8350399732589722,False,57982058496,spread,[3311]
scale_6_rank,10,0,0,"[2, 2, 1, 1]",1,False,False,4943915312600119,4943915315751749,18874368,3.1002559661865234,False,57982058496,spread,"[3603, 3986]"
two_pair_1_3,10,0,0,"[0, 1, 0, 1]",1,False,False,4943915326202556,4943915326272519,0,0,False,57982058496,spread,[]
scale_10_group,10,0,0,"[2, 3, 2, 3]",1,False,False,4943915338066138,4943915341222912,18874368,3.110879898071289,False,57982058496,spread,"[3895, 4278]"
scale_50_rank,10,0,0,"[13, 13, 12, 12]",1,False,False,4943915352338730,4943915372412531,122683392,20.018272399902344,False,57982058496,spread,"[671, 1054, 1437, 1820, 2203, 2586, 2969, 3352, 3735, 4118, 4501, 4884, 5267]"
two_pair_0_2,10,0,0,"[1, 0, 1, 0]",1,False,False,4943915382753801,4943915383621247,9437184,0.8171839714050293,False,57982058496,spread,[3311]
scale_2_group,10,0,0,"[0, 1, 0, 1]",1,False,False,4943915394066649,4943915394136459,0,0,False,57982058496,spread,[]
concurrency_2_rank,10,0,0,"[4, 4, 3, 3]",2,False,False,4943915405282161,4943915411521470,37748736,6.170144081115723,False,57982058496,spread,"[4187, 4570, 4953, 5336]"
scale_14_rank,10,0,0,"[4, 4, 3, 3]",1,False,False,4943915421867920,4943915428108883,37748736,6.184768199920654,False,57982058496,spread,"[4187, 4570, 4953, 5336]"
scale_2_rank,11,0,0,"[1, 1, 0, 0]",1,False,False,4943915438469027,4943915440098444,9437184,1.5814080238342285,False,57982058496,spread,[3522]
scale_2_group,11,0,0,"[0, 1, 0, 1]",1,False,False,4943915450434865,4943915450509114,0,0,False,57982058496,spread,[]
scale_6_rank,11,0,0,"[2, 2, 1, 1]",1,False,False,4943915461775506,4943915464939972,18874368,3.1005120277404785,False,57982058496,spread,"[3814, 4197]"
two_single_0,11,0,0,"[2, 0, 0, 0]",1,False,False,4943915475212873,4943915476845126,18874368,1.5839999914169312,False,57982058496,spread,"[3522, 3905]"
scale_4_group,11,0,0,"[1, 1, 1, 1]",1,False,False,4943915487055064,4943915488663124,9437184,1.56387197971344,False,57982058496,spread,[3668]
scale_10_group,11,0,0,"[2, 3, 2, 3]",1,False,False,4943915498991983,4943915502182081,18874368,3.129728078842163,False,57982058496,spread,"[4106, 4489]"
scale_6_group,11,0,0,"[1, 2, 1, 2]",1,False,False,4943915513247123,4943915514869867,9437184,1.5739840269088745,False,57982058496,spread,[3814]
two_pair_0_2,11,0,0,"[1, 0, 1, 0]",1,False,False,4943915525984215,4943915526833032,9437184,0.807807981967926,False,57982058496,spread,[3522]
two_single_1,11,0,0,"[0, 2, 0, 0]",1,False,False,4943915537184298,4943915537249902,0,0,False,57982058496,spread,[]
scale_62_group,11,0,0,"[15, 16, 15, 16]",1,False,False,4943915549167312,4943915572376508,141557760,23.104415893554688,False,57982058496,spread,"[1758, 2141, 2524, 2907, 3290, 3673, 4056, 4439, 4822, 5205, 5588, 5971, 210, 593, 976]"
scale_10_rank,11,0,0,"[3, 3, 2, 2]",1,False,False,4943915583494564,4943915588209404,28311552,4.631743907928467,False,57982058496,spread,"[4106, 4489, 4872]"
two_pair_0_3,11,0,0,"[1, 0, 0, 1]",1,False,False,4943915598518821,4943915599394428,9437184,0.8217920064926147,False,57982058496,spread,[3522]
two_pair_0_1,11,0,0,"[1, 1, 0, 0]",1,False,False,4943915609753661,4943915611075984,9437184,1.269536018371582,False,57982058496,spread,[3522]
six_1,11,0,0,"[1, 2, 1, 2]",1,False,False,4943915621894451,4943915623516350,9437184,1.5733120441436768,False,57982058496,spread,[3814]
two_pair_1_3,11,0,0,"[0, 1, 0, 1]",1,False,False,4943915634674390,4943915634735734,0,0,False,57982058496,spread,[]
concurrency_2_rank,11,0,0,"[4, 4, 3, 3]",2,False,False,4943915645966977,4943915652243397,37748736,6.189568042755127,False,57982058496,spread,"[4398, 4781, 5164, 5547]"
scale_62_rank,11,0,0,"[16, 16, 15, 15]",1,False,False,4943915662613297,4943915687307788,150994944,24.63532829284668,False,57982058496,spread,"[1758, 2141, 2524, 2907, 3290, 3673, 4056, 4439, 4822, 5205, 5588, 5971, 210, 593, 976, 1359]"
scale_14_rank,11,0,0,"[4, 4, 3, 3]",1,False,False,4943915697679603,4943915703924663,37748736,6.196928024291992,False,57982058496,spread,"[4398, 4781, 5164, 5547]"
concurrency_2_group,11,0,0,"[3, 4, 3, 4]",2,False,False,4943915714295987,4943915719039053,28311552,4.663487911224365,False,57982058496,spread,"[4398, 4781, 5164]"
concurrency_4_rank,11,0,0,"[4, 4, 3, 3]",4,False,False,4943915730226798,4943915736507389,37748736,6.168479919433594,False,57982058496,spread,"[4398, 4781, 5164, 5547]"
scale_50_group,11,0,0,"[12, 13, 12, 13]",1,False,False,4943915746815133,4943915765365553,113246208,18.488351821899414,False,57982058496,spread,"[882, 1265, 1648, 2031, 2414, 2797, 3180, 3563, 3946, 4329, 4712, 5095]"
scale_14_group,11,0,0,"[3, 4, 3, 4]",1,False,False,4943915776534833,4943915781254307,28311552,4.664576053619385,False,57982058496,spread,"[4398, 4781, 5164]"
two_pair_1_2,11,0,0,"[0, 1, 1, 0]",1,False,False,4943915792392317,4943915792478763,0,0,False,57982058496,spread,[]
six_3,11,0,0,"[1, 1, 2, 2]",1,False,False,4943915803600504,4943915805248684,9437184,1.588927984237671,False,57982058496,spread,[3814]
six_2,11,0,0,"[2, 1, 2, 1]",1,False,False,4943915817245254,4943915819632795,18874368,2.3484160900115967,False,57982058496,spread,"[3814, 4197]"
scale_8_rank,11,0,0,"[2, 2, 2, 2]",1,False,False,4943915830087964,4943915833235053,18874368,3.1024320125579834,False,57982058496,spread,"[3960, 4343]"
scale_50_rank,11,0,0,"[13, 13, 12, 12]",1,False,False,4943915843626354,4943915863737364,122683392,20.01238441467285,False,57982058496,spread,"[882, 1265, 1648, 2031, 2414, 2797, 3180, 3563, 3946, 4329, 4712, 5095, 5478]"
two_single_3,11,0,0,"[0, 0, 0, 2]",1,False,False,4943915874513059,4943915874619949,0,0,False,57982058496,spread,[]
scale_8_group,11,0,0,"[2, 2, 2, 2]",1,False,False,4943915886529161,4943915889712037,18874368,3.1095681190490723,False,57982058496,spread,"[3960, 4343]"
six_0,11,0,0,"[2, 2, 1, 1]",1,False,False,4943915900083437,4943915903256549,18874368,3.114272117614746,False,57982058496,spread,"[3814, 4197]"
concurrency_4_group,11,0,0,"[3, 4, 3, 4]",4,False,False,4943915913678002,4943915918116942,28311552,4.332223892211914,False,57982058496,spread,"[4398, 4781, 5164]"
two_single_2,11,0,0,"[0, 0, 2, 0]",1,False,False,4943915929786609,4943915929869278,0,0,False,57982058496,spread,[]
two_pair_2_3,11,0,0,"[0, 0, 1, 1]",1,False,False,4943915941901507,4943915942025573,0,0,False,57982058496,spread,[]
scale_4_rank,11,0,0,"[1, 1, 1, 1]",1,False,False,4943915953959185,4943915955603984,9437184,1.591647982597351,False,57982058496,spread,[3668]
scale_50_rank,12,0,0,"[13, 13, 12, 12]",1,False,False,4943915966013970,4943915986122793,122683392,20.038816452026367,False,57982058496,spread,"[1093, 1476, 1859, 2242, 2625, 3008, 3391, 3774, 4157, 4540, 4923, 5306, 5689]"
scale_62_rank,12,0,0,"[16, 16, 15, 15]",1,False,False,4943915996539101,4943916021337195,150994944,24.710752487182617,False,57982058496,spread,"[1969, 2352, 2735, 3118, 3501, 3884, 4267, 4650, 5033, 5416, 5799, 38, 421, 804, 1187, 1570]"
scale_6_group,12,0,0,"[1, 2, 1, 2]",1,False,False,4943916031742046,4943916033404079,9437184,1.6014080047607422,False,57982058496,spread,[4025]
scale_14_rank,12,0,0,"[4, 4, 3, 3]",1,False,False,4943916044591761,4943916050879984,37748736,6.226016044616699,False,57982058496,spread,"[4609, 4992, 5375, 5758]"
concurrency_4_rank,12,0,0,"[4, 4, 3, 3]",4,False,False,4943916061311803,4943916067650037,37748736,6.2288641929626465,False,57982058496,spread,"[4609, 4992, 5375, 5758]"
scale_2_group,12,0,0,"[0, 1, 0, 1]",1,False,False,4943916078074031,4943916078158566,0,0,False,57982058496,spread,[]
scale_6_rank,12,0,0,"[2, 2, 1, 1]",1,False,False,4943916089253350,4943916092429006,18874368,3.1263999938964844,False,57982058496,spread,"[4025, 4408]"
scale_14_group,12,0,0,"[3, 4, 3, 4]",1,False,False,4943916102707071,4943916107422418,28311552,4.660639762878418,False,57982058496,spread,"[4609, 4992, 5375]"
two_pair_0_1,12,0,0,"[1, 1, 0, 0]",1,False,False,4943916118531764,4943916120161950,9437184,1.5821759700775146,False,57982058496,spread,[3733]
concurrency_4_group,12,0,0,"[3, 4, 3, 4]",4,False,False,4943916130440306,4943916135216514,28311552,4.6887359619140625,False,57982058496,spread,"[4609, 4992, 5375]"
scale_8_group,12,0,0,"[2, 2, 2, 2]",1,False,False,4943916146323061,4943916149541496,18874368,3.1199679374694824,False,57982058496,spread,"[4171, 4554]"
two_single_0,12,0,0,"[2, 0, 0, 0]",1,False,False,4943916160298201,4943916162011943,18874368,1.627616047859192,False,57982058496,spread,"[3733, 4116]"
scale_10_rank,12,0,0,"[3, 3, 2, 2]",1,False,False,4943916172399008,4943916177063392,28311552,4.620351791381836,False,57982058496,spread,"[4317, 4700, 5083]"
scale_62_group,12,0,0,"[15, 16, 15, 16]",1,False,False,4943916187420362,4943916210644651,141557760,23.14236831665039,False,57982058496,spread,"[1969, 2352, 2735, 3118, 3501, 3884, 4267, 4650, 5033, 5416, 5799, 38, 421, 804, 1187]"
scale_8_rank,12,0,0,"[2, 2, 2, 2]",1,False,False,4943916222233132,4943916225395323,18874368,3.0874879360198975,False,57982058496,spread,"[4171, 4554]"
scale_10_group,12,0,0,"[2, 3, 2, 3]",1,False,False,4943916235851601,4943916239003741,18874368,3.1040000915527344,False,57982058496,spread,"[4317, 4700]"
six_0,12,0,0,"[2, 2, 1, 1]",1,False,False,4943916250278032,4943916253453364,18874368,3.1064960956573486,False,57982058496,spread,"[4025, 4408]"
scale_4_rank,12,0,0,"[1, 1, 1, 1]",1,False,False,4943916263866264,4943916265503254,9437184,1.5790400505065918,False,57982058496,spread,[3879]
scale_4_group,12,0,0,"[1, 1, 1, 1]",1,False,False,4943916275950359,4943916277595016,9437184,1.5756800174713135,False,57982058496,spread,[3879]
concurrency_2_rank,12,0,0,"[4, 4, 3, 3]",2,False,False,4943916288006642,4943916294281720,37748736,6.194784164428711,False,57982058496,spread,"[4609, 4992, 5375, 5758]"
concurrency_2_group,12,0,0,"[3, 4, 3, 4]",2,False,False,4943916304620077,4943916309341386,28311552,4.646463871002197,False,57982058496,spread,"[4609, 4992, 5375]"
six_3,12,0,0,"[1, 1, 2, 2]",1,False,False,4943916320510487,4943916322132808,9437184,1.5745279788970947,False,57982058496,spread,[4025]
six_1,12,0,0,"[1, 2, 1, 2]",1,False,False,4943916334134739,4943916335741853,9437184,1.558303952217102,False,57982058496,spread,[4025]
two_pair_1_3,12,0,0,"[0, 1, 0, 1]",1,False,False,4943916346837613,4943916346899694,0,0,False,57982058496,spread,[]
two_pair_0_3,12,0,0,"[1, 0, 0, 1]",1,False,False,4943916358494013,4943916359340791,9437184,0.8112319707870483,False,57982058496,spread,[3733]
two_pair_0_2,12,0,0,"[1, 0, 1, 0]",1,False,False,4943916369715228,4943916370560528,9437184,0.8091520071029663,False,57982058496,spread,[3733]
two_pair_1_2,12,0,0,"[0, 1, 1, 0]",1,False,False,4943916380915829,4943916380993859,0,0,False,57982058496,spread,[]
two_single_2,12,0,0,"[0, 0, 2, 0]",1,False,False,4943916392128937,4943916392191958,0,0,False,57982058496,spread,[]
scale_2_rank,12,0,0,"[1, 1, 0, 0]",1,False,False,4943916404099253,4943916405749035,9437184,1.586624026298523,False,57982058496,spread,[3733]
scale_50_group,12,0,0,"[12, 13, 12, 13]",1,False,False,4943916416071673,4943916434617703,113246208,18.483007431030273,False,57982058496,spread,"[1093, 1476, 1859, 2242, 2625, 3008, 3391, 3774, 4157, 4540, 4923, 5306]"
two_single_1,12,0,0,"[0, 2, 0, 0]",1,False,False,4943916445792791,4943916445857004,0,0,False,57982058496,spread,[]
two_single_3,12,0,0,"[0, 0, 0, 2]",1,False,False,4943916457868056,4943916458209462,0,0,False,57982058496,spread,[]
two_pair_2_3,12,0,0,"[0, 0, 1, 1]",1,False,False,4943916469983184,4943916470066972,0,0,False,57982058496,spread,[]
six_2,12,0,0,"[2, 1, 2, 1]",1,False,False,4943916482086393,4943916484514711,18874368,2.3826239109039307,False,57982058496,spread,"[4025, 4408]"
two_single_1,13,0,0,"[0, 2, 0, 0]",1,False,False,4943916494859173,4943916494922560,0,0,False,57982058496,spread,[]
scale_6_rank,13,0,0,"[2, 2, 1, 1]",1,False,False,4943916507786999,4943916510923099,18874368,3.068959951400757,False,57982058496,spread,"[4236, 4619]"
scale_4_group,13,0,0,"[1, 1, 1, 1]",1,False,False,4943916521366805,4943916522965398,9437184,1.554368019104004,False,57982058496,spread,[4090]
scale_8_group,13,0,0,"[2, 2, 2, 2]",1,False,False,4943916533366761,4943916536540835,18874368,3.125119924545288,False,57982058496,spread,"[4382, 4765]"
scale_14_rank,13,0,0,"[4, 4, 3, 3]",1,False,False,4943916546874554,4943916553129922,37748736,6.203807830810547,False,57982058496,spread,"[4820, 5203, 5586, 5969]"
scale_10_rank,13,0,0,"[3, 3, 2, 2]",1,False,False,4943916563519005,4943916568230628,28311552,4.661471843719482,False,57982058496,spread,"[4528, 4911, 5294]"
scale_62_rank,13,0,0,"[16, 16, 15, 15]",1,False,False,4943916578568346,4943916603233045,150994944,24.61916732788086,False,57982058496,spread,"[2180, 2563, 2946, 3329, 3712, 4095, 4478, 4861, 5244, 5627, 6010, 249, 632, 1015, 1398, 1781]"
six_0,13,0,0,"[2, 2, 1, 1]",1,False,False,4943916613580726,4943916616737612,18874368,3.1107840538024902,False,57982058496,spread,"[4236, 4619]"
scale_14_group,13,0,0,"[3, 4, 3, 4]",1,False,False,4943916627092155,4943916631780556,28311552,4.641471862792969,False,57982058496,spread,"[4820, 5203, 5586]"
scale_2_rank,13,0,0,"[1, 1, 0, 0]",1,False,False,4943916642863911,4943916644492314,9437184,1.5788160562515259,False,57982058496,spread,[3944]
scale_2_group,13,0,0,"[0, 1, 0, 1]",1,False,False,4943916654774124,4943916654835592,0,0,False,57982058496,spread,[]
scale_62_group,13,0,0,"[15, 16, 15, 16]",1,False,False,4943916666148852,4943916689363840,141557760,23.121440887451172,False,57982058496,spread,"[2180, 2563, 2946, 3329, 3712, 4095, 4478, 4861, 5244, 5627, 6010, 249, 632, 1015, 1398]"
two_pair_1_3,13,0,0,"[0, 1, 0, 1]",1,False,False,4943916700470308,4943916700560162,0,0,False,57982058496,spread,[]
six_1,13,0,0,"[1, 2, 1, 2]",1,False,False,4943916711732277,4943916713491466,9437184,1.5851199626922607,False,57982058496,spread,[4236]
concurrency_2_group,13,0,0,"[3, 4, 3, 4]",2,False,False,4943916724513754,4943916729216737,28311552,4.632607936859131,False,57982058496,spread,"[4820, 5203, 5586]"
scale_6_group,13,0,0,"[1, 2, 1, 2]",1,False,False,4943916740382519,4943916742003831,9437184,1.5737919807434082,False,57982058496,spread,[4236]
scale_4_rank,13,0,0,"[1, 1, 1, 1]",1,False,False,4943916753269554,4943916754899597,9437184,1.350208044052124,False,57982058496,spread,[4090]
two_single_3,13,0,0,"[0, 0, 0, 2]",1,False,False,4943916765453617,4943916765517525,0,0,False,57982058496,spread,[]
six_3,13,0,0,"[1, 1, 2, 2]",1,False,False,4943916777549771,4943916779174980,9437184,1.5687999725341797,False,57982058496,spread,[4236]
concurrency_4_rank,13,0,0,"[4, 4, 3, 3]",4,False,False,4943916791079273,4943916797397678,37748736,6.203360080718994,False,57982058496,spread,"[4820, 5203, 5586, 5969]"
scale_8_rank,13,0,0,"[2, 2, 2, 2]",1,False,False,4943916808127915,4943916811195981,18874368,3.0242559909820557,False,57982058496,spread,"[4382, 4765]"
two_pair_0_2,13,0,0,"[1, 0, 1, 0]",1,False,False,4943916821642930,4943916822509623,9437184,0.8246080279350281,False,57982058496,spread,[3944]
scale_50_group,13,0,0,"[12, 13, 12, 13]",1,False,False,4943916832847598,4943916851397377,113246208,18.49283218383789,False,57982058496,spread,"[1304, 1687, 2070, 2453, 2836, 3219, 3602, 3985, 4368, 4751, 5134, 5517]"
two_pair_2_3,13,0,0,"[0, 0, 1, 1]",1,False,False,4943916862550461,4943916862628468,0,0,False,57982058496,spread,[]
two_pair_0_3,13,0,0,"[1, 0, 0, 1]",1,False,False,4943916874599284,4943916875486965,9437184,0.8252800107002258,False,57982058496,spread,[3944]
scale_10_group,13,0,0,"[2, 3, 2, 3]",1,False,False,4943916885831083,4943916888974804,18874368,3.1000959873199463,False,57982058496,spread,"[4528, 4911]"
two_pair_0_1,13,0,0,"[1, 1, 0, 0]",1,False,False,4943916900102090,4943916901725304,9437184,1.5766079425811768,False,57982058496,spread,[3944]
concurrency_2_rank,13,0,0,"[4, 4, 3, 3]",2,False,False,4943916912144469,4943916918371696,37748736,6.165056228637695,False,57982058496,spread,"[4820, 5203, 5586, 5969]"
concurrency_4_group,13,0,0,"[3, 4, 3, 4]",4,False,False,4943916928788774,4943916933547072,28311552,4.663936138153076,False,57982058496,spread,"[4820, 5203, 5586]"
scale_50_rank,13,0,0,"[13, 13, 12, 12]",1,False,False,4943916944672354,4943916964745354,122683392,20.020320892333984,False,57982058496,spread,"[1304, 1687, 2070, 2453, 2836, 3219, 3602, 3985, 4368, 4751, 5134, 5517, 5900]"
two_single_0,13,0,0,"[2, 0, 0, 0]",1,False,False,4943916975144071,4943916976775416,18874368,1.5855040550231934,False,57982058496,spread,"[3944, 4327]"
two_pair_1_2,13,0,0,"[0, 1, 1, 0]",1,False,False,4943916987050328,4943916987117115,0,0,False,57982058496,spread,[]
six_2,13,0,0,"[2, 1, 2, 1]",1,False,False,4943916998374996,4943917000783854,18874368,2.346719980239868,False,57982058496,spread,"[4236, 4619]"
two_single_2,13,0,0,"[0, 0, 2, 0]",1,False,False,4943917011115884,4943917011176656,0,0,False,57982058496,spread,[]
two_pair_1_2,14,0,0,"[0, 1, 1, 0]",1,False,False,4943917023060245,4943917023119512,0,0,False,57982058496,spread,[]
six_0,14,0,0,"[2, 2, 1, 1]",1,False,False,4943917034275968,4943917037437775,18874368,3.1224958896636963,False,57982058496,spread,"[4447, 4830]"
concurrency_2_rank,14,0,0,"[4, 4, 3, 3]",2,False,False,4943917047767332,4943917054071157,37748736,6.201504230499268,False,57982058496,spread,"[5031, 5414, 5797, 36]"
two_pair_0_3,14,0,0,"[1, 0, 0, 1]",1,False,False,4943917064870486,4943917065797360,9437184,0.851360023021698,False,57982058496,spread,[4155]
two_pair_1_3,14,0,0,"[0, 1, 0, 1]",1,False,False,4943917076125288,4943917076191125,0,0,False,57982058496,spread,[]
two_pair_0_2,14,0,0,"[1, 0, 1, 0]",1,False,False,4943917087297325,4943917088144176,9437184,0.8112959861755371,False,57982058496,spread,[4155]
scale_2_group,14,0,0,"[0, 1, 0, 1]",1,False,False,4943917098523088,4943917098580320,0,0,False,57982058496,spread,[]
two_pair_2_3,14,0,0,"[0, 0, 1, 1]",1,False,False,4943917110322799,4943917110538625,0,0,False,57982058496,spread,[]
scale_50_group,14,0,0,"[12, 13, 12, 13]",1,False,False,4943917122301572,4943917140871448,113246208,18.50214385986328,False,57982058496,spread,"[1515, 1898, 2281, 2664, 3047, 3430, 3813, 4196, 4579, 4962, 5345, 5728]"
two_single_2,14,0,0,"[0, 0, 2, 0]",1,False,False,4943917152008463,4943917152081007,0,0,False,57982058496,spread,[]
six_2,14,0,0,"[2, 1, 2, 1]",1,False,False,4943917164168081,4943917166585825,18874368,2.357696056365967,False,57982058496,spread,"[4447, 4830]"
concurrency_4_group,14,0,0,"[3, 4, 3, 4]",4,False,False,4943917176979476,4943917181754106,28311552,4.67248010635376,False,57982058496,spread,"[5031, 5414, 5797]"
scale_2_rank,14,0,0,"[1, 1, 0, 0]",1,False,False,4943917192856188,4943917194470145,9437184,1.5690560340881348,False,57982058496,spread,[4155]
scale_14_rank,14,0,0,"[4, 4, 3, 3]",1,False,False,4943917204851347,4943917211084166,37748736,6.178815841674805,False,57982058496,spread,"[5031, 5414, 5797, 36]"
scale_6_group,14,0,0,"[1, 2, 1, 2]",1,False,False,4943917221487383,4943917223124517,9437184,1.58297598361969,False,57982058496,spread,[4447]
two_single_0,14,0,0,"[2, 0, 0, 0]",1,False,False,4943917234240498,4943917235869278,18874368,1.5829440355300903,False,57982058496,spread,"[4155, 4538]"
scale_6_rank,14,0,0,"[2, 2, 1, 1]",1,False,False,4943917246402342,4943917249555127,18874368,3.0988800525665283,False,57982058496,spread,"[4447, 4830]"
scale_50_rank,14,0,0,"[13, 13, 12, 12]",1,False,False,4943917260003347,4943917280097860,122683392,20.043359756469727,False,57982058496,spread,"[1515, 1898, 2281, 2664, 3047, 3430, 3813, 4196, 4579, 4962, 5345, 5728, 6111]"
concurrency_4_rank,14,0,0,"[4, 4, 3, 3]",4,False,False,4943917290439932,4943917296750727,37748736,6.187168121337891,False,57982058496,spread,"[5031, 5414, 5797, 36]"
scale_62_group,14,0,0,"[15, 16, 15, 16]",1,False,False,4943917307069378,4943917330235588,141557760,23.121408462524414,False,57982058496,spread,"[2391, 2774, 3157, 3540, 3923, 4306, 4689, 5072, 5455, 5838, 77, 460, 843, 1226, 1609]"
scale_10_group,14,0,0,"[2, 3, 2, 3]",1,False,False,4943917341392681,4943917344555060,18874368,3.1182401180267334,False,57982058496,spread,"[4739, 5122]"
scale_4_rank,14,0,0,"[1, 1, 1, 1]",1,False,False,4943917355619827,4943917357242318,9437184,1.3491840362548828,False,57982058496,spread,[4301]
two_pair_0_1,14,0,0,"[1, 1, 0, 0]",1,False,False,4943917367774196,4943917369389127,9437184,1.5720640420913696,False,57982058496,spread,[4155]
scale_62_rank,14,0,0,"[16, 16, 15, 15]",1,False,False,4943917379795694,4943917404506706,150994944,24.66307258605957,False,57982058496,spread,"[2391, 2774, 3157, 3540, 3923, 4306, 4689, 5072, 5455, 5838, 77, 460, 843, 1226, 1609, 1992]"
two_single_1,14,0,0,"[0, 2, 0, 0]",1,False,False,4943917415271379,4943917415354863,0,0,False,57982058496,spread,[]
concurrency_2_group,14,0,0,"[3, 4, 3, 4]",2,False,False,4943917427456368,4943917432226541,28311552,4.66431999206543,False,57982058496,spread,"[5031, 5414, 5797]"
scale_8_group,14,0,0,"[2, 2, 2, 2]",1,False,False,4943917443315997,4943917446475198,18874368,3.110208034515381,False,57982058496,spread,"[4593, 4976]"
six_1,14,0,0,"[1, 2, 1, 2]",1,False,False,4943917456925924,4943917458535526,9437184,1.5650880336761475,False,57982058496,spread,[4447]
two_single_3,14,0,0,"[0, 0, 0, 2]",1,False,False,4943917469657269,4943917469729699,0,0,False,57982058496,spread,[]
scale_8_rank,14,0,0,"[2, 2, 2, 2]",1,False,False,4943917481762605,4943917484935071,18874368,3.1101760864257812,False,57982058496,spread,"[4593, 4976]"
scale_10_rank,14,0,0,"[3, 3, 2, 2]",1,False,False,4943917495313260,4943917500028785,28311552,4.661087989807129,False,57982058496,spread,"[4739, 5122, 5505]"
scale_4_group,14,0,0,"[1, 1, 1, 1]",1,False,False,4943917510404106,4943917512028005,9437184,1.57532799243927,False,57982058496,spread,[4301]
six_3,14,0,0,"[1, 1, 2, 2]",1,False,False,4943917522459048,4943917524087366,9437184,1.5788480043411255,False,57982058496,spread,[4447]
scale_14_group,14,0,0,"[3, 4, 3, 4]",1,False,False,4943917536285164,4943917541024201,28311552,4.660863876342773,False,57982058496,spread,"[5031, 5414, 5797]"
two_pair_2_3,15,0,0,"[0, 0, 1, 1]",1,False,False,4943917552154348,4943917552235265,0,0,False,57982058496,spread,[]
two_pair_0_2,15,0,0,"[1, 0, 1, 0]",1,False,False,4943917564331885,4943917565211140,9437184,0.8227840065956116,False,57982058496,spread,[4366]
six_2,15,0,0,"[2, 1, 2, 1]",1,False,False,4943917575515842,4943917577912245,18874368,2.353408098220825,False,57982058496,spread,"[4658, 5041]"
six_3,15,0,0,"[1, 1, 2, 2]",1,False,False,4943917588217343,4943917589851656,9437184,1.5828800201416016,False,57982058496,spread,[4658]
two_single_0,15,0,0,"[2, 0, 0, 0]",1,False,False,4943917601824953,4943917603455694,18874368,1.5847680568695068,False,57982058496,spread,"[4366, 4749]"
scale_10_group,15,0,0,"[2, 3, 2, 3]",1,False,False,4943917613911652,4943917617050955,18874368,3.0910398960113525,False,57982058496,spread,"[4950, 5333]"
scale_10_rank,15,0,0,"[3, 3, 2, 2]",1,False,False,4943917628213485,4943917632921694,28311552,4.653120040893555,False,57982058496,spread,"[4950, 5333, 5716]"
scale_6_rank,15,0,0,"[2, 2, 1, 1]",1,False,False,4943917643218125,4943917646390864,18874368,3.1175360679626465,False,57982058496,spread,"[4658, 5041]"
concurrency_2_group,15,0,0,"[3, 4, 3, 4]",2,False,False,4943917656817167,4943917661961906,28311552,4.733471870422363,False,57982058496,spread,"[5242, 5625, 6008]"
scale_2_rank,15,0,0,"[1, 1, 0, 0]",1,False,False,4943917672683756,4943917674317890,9437184,1.5841280221939087,False,57982058496,spread,[4366]
two_pair_1_2,15,0,0,"[0, 1, 1, 0]",1,False,False,4943917684668335,4943917684736635,0,0,False,57982058496,spread,[]
six_1,15,0,0,"[1, 2, 1, 2]",1,False,False,4943917696001069,4943917697351012,9437184,1.2819199562072754,False,57982058496,spread,[4658]
two_single_2,15,0,0,"[0, 0, 2, 0]",1,False,False,4943917708875195,4943917708938712,0,0,False,57982058496,spread,[]
two_pair_0_3,15,0,0,"[1, 0, 0, 1]",1,False,False,4943917721054541,4943917721914297,9437184,0.8145599961280823,False,57982058496,spread,[4366]
scale_4_rank,15,0,0,"[1, 1, 1, 1]",1,False,False,4943917732252787,4943917733871527,9437184,1.5705920457839966,False,57982058496,spread,[4512]
scale_8_group,15,0,0,"[2, 2, 2, 2]",1,False,False,4943917744290236,4943917747448487,18874368,3.1099839210510254,False,57982058496,spread,"[4804, 5187]"
scale_2_group,15,0,0,"[0, 1, 0, 1]",1,False,False,4943917757820952,4943917757888059,0,0,False,57982058496,spread,[]
two_pair_1_3,15,0,0,"[0, 1, 0, 1]",1,False,False,4943917768956421,4943917769018305,0,0,False,57982058496,spread,[]
scale_8_rank,15,0,0,"[2, 2, 2, 2]",1,False,False,4943917780079766,4943917783232009,18874368,3.116960048675537,False,57982058496,spread,"[4804, 5187]"
scale_62_group,15,0,0,"[15, 16, 15, 16]",1,False,False,4943917793608266,4943917816758217,141557760,23.088768005371094,False,57982058496,spread,"[2602, 2985, 3368, 3751, 4134, 4517, 4900, 5283, 5666, 6049, 288, 671, 1054, 1437, 1820]"
concurrency_4_group,15,0,0,"[3, 4, 3, 4]",4,False,False,4943917827862489,4943917832648715,28311552,4.689568042755127,False,57982058496,spread,"[5242, 5625, 6008]"
two_single_3,15,0,0,"[0, 0, 0, 2]",1,False,False,4943917843754266,4943917843822412,0,0,False,57982058496,spread,[]
scale_6_group,15,0,0,"[1, 2, 1, 2]",1,False,False,4943917855755391,4943917857596365,9437184,1.6858559846878052,False,57982058496,spread,[4658]
concurrency_4_rank,15,0,0,"[4, 4, 3, 3]",4,False,False,4943917868501976,4943917874815742,37748736,6.167391777038574,False,57982058496,spread,"[5242, 5625, 6008, 247]"
scale_14_group,15,0,0,"[3, 4, 3, 4]",1,False,False,4943917885158802,4943917889875449,28311552,4.658592224121094,False,57982058496,spread,"[5242, 5625, 6008]"
six_0,15,0,0,"[2, 2, 1, 1]",1,False,False,4943917900962706,4943917904124037,18874368,3.114464044570923,False,57982058496,spread,"[4658, 5041]"
scale_4_group,15,0,0,"[1, 1, 1, 1]",1,False,False,4943917914442829,4943917916059164,9437184,1.5709439516067505,False,57982058496,spread,[4512]
scale_50_rank,15,0,0,"[13, 13, 12, 12]",1,False,False,4943917926369952,4943917946439938,122683392,20.015392303466797,False,57982058496,spread,"[1726, 2109, 2492, 2875, 3258, 3641, 4024, 4407, 4790, 5173, 5556, 5939, 178]"
scale_50_group,15,0,0,"[12, 13, 12, 13]",1,False,False,4943917956865803,4943917975784978,113246208,18.581087112426758,False,57982058496,spread,"[1726, 2109, 2492, 2875, 3258, 3641, 4024, 4407, 4790, 5173, 5556, 5939]"
scale_62_rank,15,0,0,"[16, 16, 15, 15]",1,False,False,4943917986566957,4943918010954278,150994944,24.328256607055664,False,57982058496,spread,"[2602, 2985, 3368, 3751, 4134, 4517, 4900, 5283, 5666, 6049, 288, 671, 1054, 1437, 1820, 2203]"
two_pair_0_1,15,0,0,"[1, 1, 0, 0]",1,False,False,4943918021805797,4943918023456788,9437184,1.5987199544906616,False,57982058496,spread,[4366]
concurrency_2_rank,15,0,0,"[4, 4, 3, 3]",2,False,False,4943918033875536,4943918040156712,37748736,6.196576118469238,False,57982058496,spread,"[5242, 5625, 6008, 247]"
two_single_1,15,0,0,"[0, 2, 0, 0]",1,False,False,4943918050527732,4943918050601359,0,0,False,57982058496,spread,[]
scale_14_rank,15,0,0,"[4, 4, 3, 3]",1,False,False,4943918062562573,4943918068804451,37748736,6.181695938110352,False,57982058496,spread,"[5242, 5625, 6008, 247]"
scale_2_rank,16,0,0,"[1, 1, 0, 0]",1,False,False,4943918079184758,4943918080815983,9437184,1.5734399557113647,False,57982058496,spread,[4577]
concurrency_2_rank,16,0,0,"[4, 4, 3, 3]",2,False,False,4943918091122285,4943918097391303,37748736,6.193024158477783,False,57982058496,spread,"[5453, 5836, 75, 458]"
concurrency_4_rank,16,0,0,"[4, 4, 3, 3]",4,False,False,4943918107750250,4943918114061803,37748736,6.186624050140381,False,57982058496,spread,"[5453, 5836, 75, 458]"
scale_14_rank,16,0,0,"[4, 4, 3, 3]",1,False,False,4943918124490463,4943918130729237,37748736,6.188223838806152,False,57982058496,spread,"[5453, 5836, 75, 458]"
six_3,16,0,0,"[1, 1, 2, 2]",1,False,False,4943918141137968,4943918142770398,9437184,1.5773119926452637,False,57982058496,spread,[4869]
two_single_3,16,0,0,"[0, 0, 0, 2]",1,False,False,4943918154798125,4943918154870450,0,0,False,57982058496,spread,[]
two_single_2,16,0,0,"[0, 0, 2, 0]",1,False,False,4943918166766864,4943918166846862,0,0,False,57982058496,spread,[]
two_pair_0_1,16,0,0,"[1, 1, 0, 0]",1,False,False,4943918178704426,4943918180345061,9437184,1.5666559934616089,False,57982058496,spread,[4577]
scale_50_group,16,0,0,"[12, 13, 12, 13]",1,False,False,4943918190704339,4943918209246756,113246208,18.485855102539062,False,57982058496,spread,"[1937, 2320, 2703, 3086, 3469, 3852, 4235, 4618, 5001, 5384, 5767, 6]"
scale_4_group,16,0,0,"[1, 1, 1, 1]",1,False,False,4943918220419184,4943918222082534,9437184,1.58515202999115,False,57982058496,spread,[4723]
six_2,16,0,0,"[2, 1, 2, 1]",1,False,False,4943918232384278,4943918234808797,18874368,2.3500161170959473,False,57982058496,spread,"[4869, 5252]"
scale_10_group,16,0,0,"[2, 3, 2, 3]",1,False,False,4943918245230281,4943918248417931,18874368,3.12172794342041,False,57982058496,spread,"[5161, 5544]"
six_1,16,0,0,"[1, 2, 1, 2]",1,False,False,4943918259525182,4943918261943896,9437184,1.6445120573043823,False,57982058496,spread,[4869]
scale_2_group,16,0,0,"[0, 1, 0, 1]",1,False,False,4943918272893397,4943918272987509,0,0,False,57982058496,spread,[]
scale_6_rank,16,0,0,"[2, 2, 1, 1]",1,False,False,4943918284069638,4943918286932995,18874368,2.810879945755005,False,57982058496,spread,"[4869, 5252]"
two_pair_0_2,16,0,0,"[1, 0, 1, 0]",1,False,False,4943918297838475,4943918298701083,9437184,0.8168320059776306,False,57982058496,spread,[4577]
scale_62_rank,16,0,0,"[16, 16, 15, 15]",1,False,False,4943918309072640,4943918333713125,150994944,24.592256546020508,False,57982058496,spread,"[2813, 3196, 3579, 3962, 4345, 4728, 5111, 5494, 5877, 116, 499, 882, 1265, 1648, 2031, 2414]"
scale_62_group,16,0,0,"[15, 16, 15, 16]",1,False,False,4943918344119158,4943918367264330,141557760,23.088544845581055,False,57982058496,spread,"[2813, 3196, 3579, 3962, 4345, 4728, 5111, 5494, 5877, 116, 499, 882, 1265, 1648, 2031]"
scale_50_rank,16,0,0,"[13, 13, 12, 12]",1,False,False,4943918378580524,4943918398650403,122683392,20.006303787231445,False,57982058496,spread,"[1937, 2320, 2703, 3086, 3469, 3852, 4235, 4618, 5001, 5384, 5767, 6, 389]"
scale_4_rank,16,0,0,"[1, 1, 1, 1]",1,False,False,4943918409054425,4943918410679532,9437184,1.5807039737701416,False,57982058496,spread,[4723]
two_pair_1_3,16,0,0,"[0, 1, 0, 1]",1,False,False,4943918421067170,4943918421129606,0,0,False,57982058496,spread,[]
scale_8_group,16,0,0,"[2, 2, 2, 2]",1,False,False,4943918432257424,4943918435449085,18874368,3.124959945678711,False,57982058496,spread,"[5015, 5398]"
scale_14_group,16,0,0,"[3, 4, 3, 4]",1,False,False,4943918445865652,4943918450565165,28311552,4.648159980773926,False,57982058496,spread,"[5453, 5836, 75]"
two_pair_1_2,16,0,0,"[0, 1, 1, 0]",1,False,False,4943918461734878,4943918461798770,0,0,False,57982058496,spread,[]
two_pair_2_3,16,0,0,"[0, 0, 1, 1]",1,False,False,4943918472944698,4943918473002980,0,0,False,57982058496,spread,[]
two_single_1,16,0,0,"[0, 2, 0, 0]",1,False,False,4943918485112296,4943918485200694,0,0,False,57982058496,spread,[]
scale_8_rank,16,0,0,"[2, 2, 2, 2]",1,False,False,4943918497216118,4943918500387611,18874368,3.112287998199463,False,57982058496,spread,"[5015, 5398]"
scale_6_group,16,0,0,"[1, 2, 1, 2]",1,False,False,4943918510758742,4943918512381612,9437184,1.5759040117263794,False,57982058496,spread,[4869]
concurrency_2_group,16,0,0,"[3, 4, 3, 4]",2,False,False,4943918523541452,4943918528260366,28311552,4.644000053405762,False,57982058496,spread,"[5453, 5836, 75]"
scale_10_rank,16,0,0,"[3, 3, 2, 2]",1,False,False,4943918539417690,4943918544115712,28311552,4.6444478034973145,False,57982058496,spread,"[5161, 5544, 5927]"
concurrency_4_group,16,0,0,"[3, 4, 3, 4]",4,False,False,4943918554432598,4943918559520767,28311552,4.750751972198486,False,57982058496,spread,"[5453, 5836, 75]"
two_pair_0_3,16,0,0,"[1, 0, 0, 1]",1,False,False,4943918570358983,4943918571237117,9437184,0.8239359855651855,False,57982058496,spread,[4577]
two_single_0,16,0,0,"[2, 0, 0, 0]",1,False,False,4943918581593742,4943918583241875,18874368,1.5925120115280151,False,57982058496,spread,"[4577, 4960]"
six_0,16,0,0,"[2, 2, 1, 1]",1,False,False,4943918593658056,4943918596767418,18874368,3.057152032852173,False,57982058496,spread,"[4869, 5252]"
six_3,17,0,0,"[1, 1, 2, 2]",1,False,False,4943918607143123,4943918608772489,9437184,1.5767680406570435,False,57982058496,spread,[5080]
scale_50_group,17,0,0,"[12, 13, 12, 13]",1,False,False,4943918620788564,4943918639347053,113246208,18.491680145263672,False,57982058496,spread,"[2148, 2531, 2914, 3297, 3680, 4063, 4446, 4829, 5212, 5595, 5978, 217]"
scale_4_group,17,0,0,"[1, 1, 1, 1]",1,False,False,4943918650451669,4943918652090153,9437184,1.588927984237671,False,57982058496,spread,[4934]
scale_50_rank,17,0,0,"[13, 13, 12, 12]",1,False,False,4943918662448901,4943918682497923,122683392,20.000736236572266,False,57982058496,spread,"[2148, 2531, 2914, 3297, 3680, 4063, 4446, 4829, 5212, 5595, 5978, 217, 600]"
six_0,17,0,0,"[2, 2, 1, 1]",1,False,False,4943918692867296,4943918696047418,18874368,3.12608003616333,False,57982058496,spread,"[5080, 5463]"
scale_6_group,17,0,0,"[1, 2, 1, 2]",1,False,False,4943918706403869,4943918708020814,9437184,1.5712319612503052,False,57982058496,spread,[5080]
concurrency_2_group,17,0,0,"[3, 4, 3, 4]",2,False,False,4943918719116469,4943918723815351,28311552,4.629471778869629,False,57982058496,spread,"[5664, 6047, 286]"
two_single_2,17,0,0,"[0, 0, 2, 0]",1,False,False,4943918734977604,4943918735054929,0,0,False,57982058496,spread,[]
scale_62_group,17,0,0,"[15, 16, 15, 16]",1,False,False,4943918747029264,4943918770215029,141557760,23.105567932128906,False,57982058496,spread,"[3024, 3407, 3790, 4173, 4556, 4939, 5322, 5705, 6088, 327, 710, 1093, 1476, 1859, 2242]"
scale_62_rank,17,0,0,"[16, 16, 15, 15]",1,False,False,4943918781378979,4943918806129685,150994944,24.680864334106445,False,57982058496,spread,"[3024, 3407, 3790, 4173, 4556, 4939, 5322, 5705, 6088, 327, 710, 1093, 1476, 1859, 2242, 2625]"
concurrency_4_rank,17,0,0,"[4, 4, 3, 3]",4,False,False,4943918816613003,4943918822928425,37748736,6.199679851531982,False,57982058496,spread,"[5664, 6047, 286, 669]"
scale_2_group,17,0,0,"[0, 1, 0, 1]",1,False,False,4943918833387310,4943918833448136,0,0,False,57982058496,spread,[]
scale_8_group,17,0,0,"[2, 2, 2, 2]",1,False,False,4943918844572513,4943918847711143,18874368,3.099263906478882,False,57982058496,spread,"[5226, 5609]"
scale_14_rank,17,0,0,"[4, 4, 3, 3]",1,False,False,4943918858194728,4943918864442649,37748736,5.980031967163086,False,57982058496,spread,"[5664, 6047, 286, 669]"
two_pair_1_3,17,0,0,"[0, 1, 0, 1]",1,False,False,4943918875566368,4943918875631670,0,0,False,57982058496,spread,[]
scale_2_rank,17,0,0,"[1, 1, 0, 0]",1,False,False,4943918886906807,4943918888549507,9437184,1.562559962272644,False,57982058496,spread,[4788]
two_pair_1_2,17,0,0,"[0, 1, 1, 0]",1,False,False,4943918898908742,4943918898974151,0,0,False,57982058496,spread,[]
two_pair_2_3,17,0,0,"[0, 0, 1, 1]",1,False,False,4943918910198547,4943918910255001,0,0,False,57982058496,spread,[]
two_single_3,17,0,0,"[0, 0, 0, 2]",1,False,False,4943918922253082,4943918922350268,0,0,False,57982058496,spread,[]
two_single_0,17,0,0,"[2, 0, 0, 0]",1,False,False,4943918934358377,4943918936006570,18874368,1.5905920267105103,False,57982058496,spread,"[4788, 5171]"
scale_8_rank,17,0,0,"[2, 2, 2, 2]",1,False,False,4943918946421997,4943918949555058,18874368,3.0840959548950195,False,57982058496,spread,"[5226, 5609]"
two_pair_0_2,17,0,0,"[1, 0, 1, 0]",1,False,False,4943918959990706,4943918960849669,9437184,0.8135039806365967,False,57982058496,spread,[4788]
two_pair_0_3,17,0,0,"[1, 0, 0, 1]",1,False,False,4943918971202609,4943918972105522,9437184,0.8318399786949158,False,57982058496,spread,[4788]
concurrency_2_rank,17,0,0,"[4, 4, 3, 3]",2,False,False,4943918982445938,4943918988706363,37748736,6.175680160522461,False,57982058496,spread,"[5664, 6047, 286, 669]"
two_single_1,17,0,0,"[0, 2, 0, 0]",1,False,False,4943918999056548,4943918999122969,0,0,False,57982058496,spread,[]
scale_10_rank,17,0,0,"[3, 3, 2, 2]",1,False,False,4943919010972583,4943919015667449,28311552,4.648736000061035,False,57982058496,spread,"[5372, 5755, 6138]"
concurrency_4_group,17,0,0,"[3, 4, 3, 4]",4,False,False,4943919026087222,4943919030839590,28311552,4.6602559089660645,False,57982058496,spread,"[5664, 6047, 286]"
scale_14_group,17,0,0,"[3, 4, 3, 4]",1,False,False,4943919042120346,4943919046841128,28311552,4.657536029815674,False,57982058496,spread,"[5664, 6047, 286]"
scale_10_group,17,0,0,"[2, 3, 2, 3]",1,False,False,4943919057971121,4943919061122616,18874368,3.107743978500366,False,57982058496,spread,"[5372, 5755]"
six_2,17,0,0,"[2, 1, 2, 1]",1,False,False,4943919072277732,4943919074682367,18874368,2.3572800159454346,False,57982058496,spread,"[5080, 5463]"
two_pair_0_1,17,0,0,"[1, 1, 0, 0]",1,False,False,4943919085080082,4943919086683440,9437184,1.5603200197219849,False,57982058496,spread,[4788]
scale_4_rank,17,0,0,"[1, 1, 1, 1]",1,False,False,4943919097059423,4943919098651728,9437184,1.5530240535736084,False,57982058496,spread,[4934]
six_1,17,0,0,"[1, 2, 1, 2]",1,False,False,4943919109099408,4943919110700075,9437184,1.5587519407272339,False,57982058496,spread,[5080]
scale_6_rank,17,0,0,"[2, 2, 1, 1]",1,False,False,4943919121812441,4943919124948925,18874368,3.0959360599517822,False,57982058496,spread,"[5080, 5463]"
scale_50_group,18,0,0,"[12, 13, 12, 13]",1,False,False,4943919135311111,4943919153879455,113246208,18.48137664794922,False,57982058496,spread,"[2359, 2742, 3125, 3508, 3891, 4274, 4657, 5040, 5423, 5806, 45, 428]"
concurrency_4_group,18,0,0,"[3, 4, 3, 4]",4,False,False,4943919165023532,4943919169627433,28311552,4.466527938842773,False,57982058496,spread,"[5875, 114, 497]"
scale_62_group,18,0,0,"[15, 16, 15, 16]",1,False,False,4943919181177352,4943919204361883,141557760,23.12054443359375,False,57982058496,spread,"[3235, 3618, 4001, 4384, 4767, 5150, 5533, 5916, 155, 538, 921, 1304, 1687, 2070, 2453]"
scale_2_rank,18,0,0,"[1, 1, 0, 0]",1,False,False,4943919215473756,4943919217079730,9437184,1.5625280141830444,False,57982058496,spread,[4999]
two_single_1,18,0,0,"[0, 2, 0, 0]",1,False,False,4943919227516654,4943919227572455,0,0,False,57982058496,spread,[]
scale_8_rank,18,0,0,"[2, 2, 2, 2]",1,False,False,4943919239615806,4943919242785180,18874368,3.1102399826049805,False,57982058496,spread,"[5437, 5820]"
two_pair_1_3,18,0,0,"[0, 1, 0, 1]",1,False,False,4943919253187386,4943919253248660,0,0,False,57982058496,spread,[]
scale_10_group,18,0,0,"[2, 3, 2, 3]",1,False,False,4943919264359871,4943919267504999,18874368,3.1063039302825928,False,57982058496,spread,"[5583, 5966]"
scale_14_group,18,0,0,"[3, 4, 3, 4]",1,False,False,4943919278630151,4943919283316412,28311552,4.643968105316162,False,57982058496,spread,"[5875, 114, 497]"
two_single_0,18,0,0,"[2, 0, 0, 0]",1,False,False,4943919294483931,4943919296100748,18874368,1.5785599946975708,False,57982058496,spread,"[4999, 5382]"
two_pair_0_1,18,0,0,"[1, 1, 0, 0]",1,False,False,4943919306414563,4943919307994828,9437184,1.5406080484390259,False,57982058496,spread,[4999]
two_pair_0_3,18,0,0,"[1, 0, 0, 1]",1,False,False,4943919318281937,4943919319121872,9437184,0.8055679798126221,False,57982058496,spread,[4999]
six_3,18,0,0,"[1, 1, 2, 2]",1,False,False,4943919329530765,4943919331141937,9437184,1.5671039819717407,False,57982058496,spread,[5291]
scale_6_group,18,0,0,"[1, 2, 1, 2]",1,False,False,4943919343052435,4943919344655970,9437184,1.560703992843628,False,57982058496,spread,[5291]
two_pair_1_2,18,0,0,"[0, 1, 1, 0]",1,False,False,4943919355768461,4943919355823640,0,0,False,57982058496,spread,[]
scale_62_rank,18,0,0,"[16, 16, 15, 15]",1,False,False,4943919366908878,4943919391551263,150994944,24.605247497558594,False,57982058496,spread,"[3235, 3618, 4001, 4384, 4767, 5150, 5533, 5916, 155, 538, 921, 1304, 1687, 2070, 2453, 2836]"
concurrency_2_rank,18,0,0,"[4, 4, 3, 3]",2,False,False,4943919401885128,4943919408104025,37748736,6.158400058746338,False,57982058496,spread,"[5875, 114, 497, 880]"
scale_4_group,18,0,0,"[1, 1, 1, 1]",1,False,False,4943919418454839,4943919420049761,9437184,1.5533440113067627,False,57982058496,spread,[5145]
scale_50_rank,18,0,0,"[13, 13, 12, 12]",1,False,False,4943919430439123,4943919450520465,122683392,20.001567840576172,False,57982058496,spread,"[2359, 2742, 3125, 3508, 3891, 4274, 4657, 5040, 5423, 5806, 45, 428, 811]"
two_single_2,18,0,0,"[0, 0, 2, 0]",1,False,False,4943919461334276,4943919461430499,0,0,False,57982058496,spread,[]
six_2,18,0,0,"[2, 1, 2, 1]",1,False,False,4943919473454337,4943919475892902,18874368,2.383359909057617,False,57982058496,spread,"[5291, 5674]"
scale_14_rank,18,0,0,"[4, 4, 3, 3]",1,False,False,4943919486284565,4943919492508481,37748736,6.180287837982178,False,57982058496,spread,"[5875, 114, 497, 880]"
concurrency_2_group,18,0,0,"[3, 4, 3, 4]",2,False,False,4943919502788115,4943919507481149,28311552,4.6274237632751465,False,57982058496,spread,"[5875, 114, 497]"
scale_6_rank,18,0,0,"[2, 2, 1, 1]",1,False,False,4943919518623516,4943919521761478,18874368,3.0975680351257324,False,57982058496,spread,"[5291, 5674]"
six_1,18,0,0,"[1, 2, 1, 2]",1,False,False,4943919532152954,4943919533747646,9437184,1.5547840595245361,False,57982058496,spread,[5291]
scale_8_group,18,0,0,"[2, 2, 2, 2]",1,False,False,4943919545049075,4943919548219766,18874368,3.1048638820648193,False,57982058496,spread,"[5437, 5820]"
two_single_3,18,0,0,"[0, 0, 0, 2]",1,False,False,4943919558593292,4943919558656842,0,0,False,57982058496,spread,[]
six_0,18,0,0,"[2, 2, 1, 1]",1,False,False,4943919570503257,4943919573658811,18874368,3.111583948135376,False,57982058496,spread,"[5291, 5674]"
scale_2_group,18,0,0,"[0, 1, 0, 1]",1,False,False,4943919584009106,4943919584069093,0,0,False,57982058496,spread,[]
two_pair_0_2,18,0,0,"[1, 0, 1, 0]",1,False,False,4943919595325395,4943919596200380,9437184,0.8179839849472046,False,57982058496,spread,[4999]
scale_10_rank,18,0,0,"[3, 3, 2, 2]",1,False,False,4943919606516091,4943919611198850,28311552,4.639520168304443,False,57982058496,spread,"[5583, 5966, 205]"
scale_4_rank,18,0,0,"[1, 1, 1, 1]",1,False,False,4943919621578394,4943919623178811,9437184,1.5592319965362549,False,57982058496,spread,[5145]
concurrency_4_rank,18,0,0,"[4, 4, 3, 3]",4,False,False,4943919633593768,4943919639876471,37748736,6.1756157875061035,False,57982058496,spread,"[5875, 114, 497, 880]"
two_pair_2_3,18,0,0,"[0, 0, 1, 1]",1,False,False,4943919650184825,4943919650247963,0,0,False,57982058496,spread,[]
two_pair_0_3,19,0,0,"[1, 0, 0, 1]",1,False,False,4943919662378885,4943919663285567,9437184,0.8302080035209656,False,57982058496,spread,[5210]
scale_62_group,19,0,0,"[15, 16, 15, 16]",1,False,False,4943919673671524,4943919696826801,141557760,23.107519149780273,False,57982058496,spread,"[3446, 3829, 4212, 4595, 4978, 5361, 5744, 6127, 366, 749, 1132, 1515, 1898, 2281, 2664]"
six_3,19,0,0,"[1, 1, 2, 2]",1,False,False,4943919708141920,4943919709802125,9437184,1.5950080156326294,False,57982058496,spread,[5502]
two_pair_0_2,19,0,0,"[1, 0, 1, 0]",1,False,False,4943919721851962,4943919722745323,9437184,0.8295360207557678,False,57982058496,spread,[5210]
scale_2_rank,19,0,0,"[1, 1, 0, 0]",1,False,False,4943919733097993,4943919734701897,9437184,1.559775948524475,False,57982058496,spread,[5210]
scale_62_rank,19,0,0,"[16, 16, 15, 15]",1,False,False,4943919745123566,4943919769795247,150994944,24.591455459594727,False,57982058496,spread,"[3446, 3829, 4212, 4595, 4978, 5361, 5744, 6127, 366, 749, 1132, 1515, 1898, 2281, 2664, 3047]"
scale_4_rank,19,0,0,"[1, 1, 1, 1]",1,False,False,4943919780630189,4943919782343455,9437184,1.6275839805603027,False,57982058496,spread,[5356]
scale_14_rank,19,0,0,"[4, 4, 3, 3]",1,False,False,4943919792765042,4943919798992735,37748736,6.185023784637451,False,57982058496,spread,"[6086, 325, 708, 1091]"
concurrency_2_rank,19,0,0,"[4, 4, 3, 3]",2,False,False,4943919809355627,4943919815586874,37748736,6.164544105529785,False,57982058496,spread,"[6086, 325, 708, 1091]"
two_pair_0_1,19,0,0,"[1, 1, 0, 0]",1,False,False,4943919825982393,4943919827581150,9437184,1.5573439598083496,False,57982058496,spread,[5210]
scale_10_rank,19,0,0,"[3, 3, 2, 2]",1,False,False,4943919837955821,4943919842631284,28311552,4.634175777435303,False,57982058496,spread,"[5794, 33, 416]"
concurrency_4_group,19,0,0,"[3, 4, 3, 4]",4,False,False,4943919853056207,4943919857805720,28311552,4.657887935638428,False,57982058496,spread,"[6086, 325, 708]"
scale_4_group,19,0,0,"[1, 1, 1, 1]",1,False,False,4943919868949376,4943919870554749,9437184,1.5619200468063354,False,57982058496,spread,[5356]
scale_10_group,19,0,0,"[2, 3, 2, 3]",1,False,False,4943919880893468,4943919884028524,18874368,3.090816020965576,False,57982058496,spread,"[5794, 33]"
scale_14_group,19,0,0,"[3, 4, 3, 4]",1,False,False,4943919895168634,4943919899850794,28311552,4.634751796722412,False,57982058496,spread,"[6086, 325, 708]"
scale_8_group,19,0,0,"[2, 2, 2, 2]",1,False,False,4943919910993844,4943919914134595,18874368,3.0964159965515137,False,57982058496,spread,"[5648, 6031]"
concurrency_4_rank,19,0,0,"[4, 4, 3, 3]",4,False,False,4943919924522730,4943919930789554,37748736,6.169343948364258,False,57982058496,spread,"[6086, 325, 708, 1091]"
scale_2_group,19,0,0,"[0, 1, 0, 1]",1,False,False,4943919941145511,4943919941202196,0,0,False,57982058496,spread,[]
two_pair_1_2,19,0,0,"[0, 1, 1, 0]",1,False,False,4943919952471848,4943919952568857,0,0,False,57982058496,spread,[]
scale_50_group,19,0,0,"[12, 13, 12, 13]",1,False,False,4943919963674157,4943919982212819,113246208,18.500064849853516,False,57982058496,spread,"[2570, 2953, 3336, 3719, 4102, 4485, 4868, 5251, 5634, 6017, 256, 639]"
scale_6_group,19,0,0,"[1, 2, 1, 2]",1,False,False,4943919993358219,4943919994967053,9437184,1.564736008644104,False,57982058496,spread,[5502]
six_0,19,0,0,"[2, 2, 1, 1]",1,False,False,4943920006337779,4943920009467811,18874368,3.0891520977020264,False,57982058496,spread,"[5502, 5885]"
two_pair_2_3,19,0,0,"[0, 0, 1, 1]",1,False,False,4943920019864768,4943920019921662,0,0,False,57982058496,spread,[]
scale_6_rank,19,0,0,"[2, 2, 1, 1]",1,False,False,4943920032053652,4943920035229481,18874368,3.1201601028442383,False,57982058496,spread,"[5502, 5885]"
scale_50_rank,19,0,0,"[13, 13, 12, 12]",1,False,False,4943920045588792,4943920065659312,122683392,19.798368453979492,False,57982058496,spread,"[2570, 2953, 3336, 3719, 4102, 4485, 4868, 5251, 5634, 6017, 256, 639, 1022]"
concurrency_2_group,19,0,0,"[3, 4, 3, 4]",2,False,False,4943920076266213,4943920080893922,28311552,4.558464050292969,False,57982058496,spread,"[6086, 325, 708]"
two_pair_1_3,19,0,0,"[0, 1, 0, 1]",1,False,False,4943920092028794,4943920092086529,0,0,False,57982058496,spread,[]
six_1,19,0,0,"[1, 2, 1, 2]",1,False,False,4943920103150467,4943920104751872,9437184,1.5642880201339722,False,57982058496,spread,[5502]
two_single_3,19,0,0,"[0, 0, 0, 2]",1,False,False,4943920115885447,4943920115940349,0,0,False,57982058496,spread,[]
six_2,19,0,0,"[2, 1, 2, 1]",1,False,False,4943920127962607,4943920130374336,18874368,2.3509440422058105,False,57982058496,spread,"[5502, 5885]"
two_single_1,19,0,0,"[0, 2, 0, 0]",1,False,False,4943920140721358,4943920140784111,0,0,False,57982058496,spread,[]
two_single_0,19,0,0,"[2, 0, 0, 0]",1,False,False,4943920152747662,4943920154405154,18874368,1.590559959411621,False,57982058496,spread,"[5210, 5593]"
scale_8_rank,19,0,0,"[2, 2, 2, 2]",1,False,False,4943920164836162,4943920167965852,18874368,3.083616018295288,False,57982058496,spread,"[5648, 6031]"
two_single_2,19,0,0,"[0, 0, 2, 0]",1,False,False,4943920178379597,4943920178443369,0,0,False,57982058496,spread,[]
scale_14_rank,20,0,0,"[4, 4, 3, 3]",1,False,False,4943920190297506,4943920196554781,37748736,6.195712089538574,False,57982058496,spread,"[153, 536, 919, 1302]"
scale_2_rank,20,0,0,"[1, 1, 0, 0]",1,False,False,4943920206886416,4943920208521655,9437184,1.595744013786316,False,57982058496,spread,[5421]
two_pair_0_3,20,0,0,"[1, 0, 0, 1]",1,False,False,4943920218878846,4943920219727843,9437184,0.8107519745826721,False,57982058496,spread,[5421]
scale_4_group,20,0,0,"[1, 1, 1, 1]",1,False,False,4943920230051012,4943920231663929,9437184,1.56768000125885,False,57982058496,spread,[5567]
six_3,20,0,0,"[1, 1, 2, 2]",1,False,False,4943920242086961,4943920243701790,9437184,1.5680639743804932,False,57982058496,spread,[5713]
two_pair_0_2,20,0,0,"[1, 0, 1, 0]",1,False,False,4943920255631363,4943920256531412,9437184,0.8263360261917114,False,57982058496,spread,[5421]
scale_62_rank,20,0,0,"[16, 16, 15, 15]",1,False,False,4943920266863925,4943920291511999,150994944,24.60268783569336,False,57982058496,spread,"[3657, 4040, 4423, 4806, 5189, 5572, 5955, 194, 577, 960, 1343, 1726, 2109, 2492, 2875, 3258]"
two_pair_1_3,20,0,0,"[0, 1, 0, 1]",1,False,False,4943920301936958,4943920302000517,0,0,False,57982058496,spread,[]
concurrency_4_rank,20,0,0,"[4, 4, 3, 3]",4,False,False,4943920313095024,4943920319377833,37748736,6.179327964782715,False,57982058496,spread,"[153, 536, 919, 1302]"
scale_4_rank,20,0,0,"[1, 1, 1, 1]",1,False,False,4943920329821071,4943920331309000,9437184,1.44159996509552,False,57982058496,spread,[5567]
scale_2_group,20,0,0,"[0, 1, 0, 1]",1,False,False,4943920341787211,4943920341844522,0,0,False,57982058496,spread,[]
scale_6_rank,20,0,0,"[2, 2, 1, 1]",1,False,False,4943920352970710,4943920356442682,18874368,3.1960959434509277,False,57982058496,spread,"[5713, 6096]"
scale_10_group,20,0,0,"[2, 3, 2, 3]",1,False,False,4943920366983467,4943920370131172,18874368,3.1016640663146973,False,57982058496,spread,"[6005, 244]"
scale_50_group,20,0,0,"[12, 13, 12, 13]",1,False,False,4943920381264016,4943920399769217,113246208,18.462303161621094,False,57982058496,spread,"[2781, 3164, 3547, 3930, 4313, 4696, 5079, 5462, 5845, 84, 467, 850]"
two_pair_2_3,20,0,0,"[0, 0, 1, 1]",1,False,False,4943920410867304,4943920410924414,0,0,False,57982058496,spread,[]
scale_14_group,20,0,0,"[3, 4, 3, 4]",1,False,False,4943920422756976,4943920427432589,28311552,4.63702392578125,False,57982058496,spread,"[153, 536, 919]"
scale_8_group,20,0,0,"[2, 2, 2, 2]",1,False,False,4943920438533094,4943920441672911,18874368,3.098144054412842,False,57982058496,spread,"[5859, 98]"
two_single_0,20,0,0,"[2, 0, 0, 0]",1,False,False,4943920452027907,4943920453643680,18874368,1.5795520544052124,False,57982058496,spread,"[5421, 5804]"
scale_8_rank,20,0,0,"[2, 2, 2, 2]",1,False,False,4943920464059286,4943920467175637,18874368,3.0764479637145996,False,57982058496,spread,"[5859, 98]"
two_pair_1_2,20,0,0,"[0, 1, 1, 0]",1,False,False,4943920477541288,4943920477605070,0,0,False,57982058496,spread,[]
scale_62_group,20,0,0,"[15, 16, 15, 16]",1,False,False,4943920488710517,4943920511837945,141557760,23.08915138244629,False,57982058496,spread,"[3657, 4040, 4423, 4806, 5189, 5572, 5955, 194, 577, 960, 1343, 1726, 2109, 2492, 2875]"
scale_50_rank,20,0,0,"[13, 13, 12, 12]",1,False,False,4943920522972868,4943920543007549,122683392,19.993471145629883,False,57982058496,spread,"[2781, 3164, 3547, 3930, 4313, 4696, 5079, 5462, 5845, 84, 467, 850, 1233]"
two_single_2,20,0,0,"[0, 0, 2, 0]",1,False,False,4943920553358873,4943920553416453,0,0,False,57982058496,spread,[]
concurrency_4_group,20,0,0,"[3, 4, 3, 4]",4,False,False,4943920565422582,4943920570218932,28311552,4.687295913696289,False,57982058496,spread,"[153, 536, 919]"
concurrency_2_group,20,0,0,"[3, 4, 3, 4]",2,False,False,4943920581322714,4943920586016622,28311552,4.631455898284912,False,57982058496,spread,"[153, 536, 919]"
two_pair_0_1,20,0,0,"[1, 1, 0, 0]",1,False,False,4943920597113962,4943920598716302,9437184,1.5615359544754028,False,57982058496,spread,[5421]
six_2,20,0,0,"[2, 1, 2, 1]",1,False,False,4943920609020581,4943920611407122,18874368,2.3361918926239014,False,57982058496,spread,"[5713, 6096]"
scale_10_rank,20,0,0,"[3, 3, 2, 2]",1,False,False,4943920621786140,4943920626467931,28311552,4.639999866485596,False,57982058496,spread,"[6005, 244, 627]"
six_1,20,0,0,"[1, 2, 1, 2]",1,False,False,4943920636823487,4943920638425622,9437184,1.5618879795074463,False,57982058496,spread,[5713]
scale_6_group,20,0,0,"[1, 2, 1, 2]",1,False,False,4943920649521944,4943920651459483,9437184,1.6631360054016113,False,57982058496,spread,[5713]
two_single_3,20,0,0,"[0, 0, 0, 2]",1,False,False,4943920662657408,4943920662717413,0,0,False,57982058496,spread,[]
two_single_1,20,0,0,"[0, 2, 0, 0]",1,False,False,4943920674704090,4943920674782286,0,0,False,57982058496,spread,[]
six_0,20,0,0,"[2, 2, 1, 1]",1,False,False,4943920686607464,4943920689754535,18874368,3.1070079803466797,False,57982058496,spread,"[5713, 6096]"
concurrency_2_rank,20,0,0,"[4, 4, 3, 3]",2,False,False,4943920700132792,4943920706383450,37748736,6.182015895843506,False,57982058496,spread,"[153, 536, 919, 1302]"
two_pair_1_2,21,0,0,"[0, 1, 1, 0]",1,False,False,4943920716820711,4943920716879152,0,0,False,57982058496,spread,[]
two_single_2,21,0,0,"[0, 0, 2, 0]",1,False,False,4943920727988729,4943920728046855,0,0,False,57982058496,spread,[]
scale_8_group,21,0,0,"[2, 2, 2, 2]",1,False,False,4943920740160403,4943920743329243,18874368,3.1050240993499756,False,57982058496,spread,"[6070, 309]"
two_pair_2_3,21,0,0,"[0, 0, 1, 1]",1,False,False,4943920753734755,4943920753804580,0,0,False,57982058496,spread,[]
scale_62_rank,21,0,0,"[16, 16, 15, 15]",1,False,False,4943920765925123,4943920790636646,150994944,24.644800186157227,False,57982058496,spread,"[3868, 4251, 4634, 5017, 5400, 5783, 22, 405, 788, 1171, 1554, 1937, 2320, 2703, 3086, 3469]"
two_pair_0_1,21,0,0,"[1, 1, 0, 0]",1,False,False,4943920800991205,4943920802614394,9437184,1.5737600326538086,False,57982058496,spread,[5632]
two_pair_1_3,21,0,0,"[0, 1, 0, 1]",1,False,False,4943920812960490,4943920813017773,0,0,False,57982058496,spread,[]
two_pair_0_2,21,0,0,"[1, 0, 1, 0]",1,False,False,4943920824291433,4943920825171712,9437184,0.8173440098762512,False,57982058496,spread,[5632]
scale_6_rank,21,0,0,"[2, 2, 1, 1]",1,False,False,4943920835490790,4943920838639731,18874368,3.105056047439575,False,57982058496,spread,"[5924, 163]"
concurrency_4_group,21,0,0,"[3, 4, 3, 4]",4,False,False,4943920849016054,4943920853759311,28311552,4.652095794677734,False,57982058496,spread,"[364, 747, 1130]"
six_0,21,0,0,"[2, 2, 1, 1]",1,False,False,4943920864908145,4943920868049810,18874368,3.0967679023742676,False,57982058496,spread,"[5924, 163]"
six_1,21,0,0,"[1, 2, 1, 2]",1,False,False,4943920878373197,4943920879978863,9437184,1.5645439624786377,False,57982058496,spread,[5924]
scale_8_rank,21,0,0,"[2, 2, 2, 2]",1,False,False,4943920891105029,4943920894233678,18874368,3.089440107345581,False,57982058496,spread,"[6070, 309]"
scale_14_group,21,0,0,"[3, 4, 3, 4]",1,False,False,4943920904994832,4943920909681528,28311552,4.64188814163208,False,57982058496,spread,"[364, 747, 1130]"
two_single_1,21,0,0,"[0, 2, 0, 0]",1,False,False,4943920920824824,4943920920883749,0,0,False,57982058496,spread,[]
scale_2_group,21,0,0,"[0, 1, 0, 1]",1,False,False,4943920932892600,4943920932974408,0,0,False,57982058496,spread,[]
scale_4_group,21,0,0,"[1, 1, 1, 1]",1,False,False,4943920944107369,4943920945411305,9437184,1.2640960216522217,False,57982058496,spread,[5778]
concurrency_2_rank,21,0,0,"[4, 4, 3, 3]",2,False,False,4943920956194346,4943920962475584,37748736,5.9725117683410645,False,57982058496,spread,"[364, 747, 1130, 1513]"
six_2,21,0,0,"[2, 1, 2, 1]",1,False,False,4943920973062393,4943920975467882,18874368,2.3564159870147705,False,57982058496,spread,"[5924, 163]"
scale_10_group,21,0,0,"[2, 3, 2, 3]",1,False,False,4943920985847943,4943920989009194,18874368,3.118272066116333,False,57982058496,spread,"[72, 455]"
two_single_0,21,0,0,"[2, 0, 0, 0]",1,False,False,4943921000150415,4943921001772557,18874368,1.5795199871063232,False,57982058496,spread,"[5632, 6015]"
scale_50_group,21,0,0,"[12, 13, 12, 13]",1,False,False,4943921012143422,4943921030654264,113246208,18.467424392700195,False,57982058496,spread,"[2992, 3375, 3758, 4141, 4524, 4907, 5290, 5673, 6056, 295, 678, 1061]"
two_pair_0_3,21,0,0,"[1, 0, 0, 1]",1,False,False,4943921041854423,4943921042711351,9437184,0.8144320249557495,False,57982058496,spread,[5632]
scale_14_rank,21,0,0,"[4, 4, 3, 3]",1,False,False,4943921053104551,4943921059328193,37748736,6.18064022064209,False,57982058496,spread,"[364, 747, 1130, 1513]"
two_single_3,21,0,0,"[0, 0, 0, 2]",1,False,False,4943921069769238,4943921069831082,0,0,False,57982058496,spread,[]
scale_10_rank,21,0,0,"[3, 3, 2, 2]",1,False,False,4943921081909598,4943921086659041,28311552,4.675968170166016,False,57982058496,spread,"[72, 455, 838]"
scale_6_group,21,0,0,"[1, 2, 1, 2]",1,False,False,4943921097055397,4943921098663506,9437184,1.561311960220337,False,57982058496,spread,[5924]
scale_2_rank,21,0,0,"[1, 1, 0, 0]",1,False,False,4943921109803208,4943921111387095,9437184,1.5432000160217285,False,57982058496,spread,[5632]
six_3,21,0,0,"[1, 1, 2, 2]",1,False,False,4943921121730631,4943921123321830,9437184,1.5515520572662354,False,57982058496,spread,[5924]
scale_4_rank,21,0,0,"[1, 1, 1, 1]",1,False,False,4943921135237126,4943921136863209,9437184,1.5711359977722168,False,57982058496,spread,[5778]
scale_50_rank,21,0,0,"[13, 13, 12, 12]",1,False,False,4943921147201608,4943921167201941,122683392,19.959104537963867,False,57982058496,spread,"[2992, 3375, 3758, 4141, 4524, 4907, 5290, 5673, 6056, 295, 678, 1061, 1444]"
concurrency_4_rank,21,0,0,"[4, 4, 3, 3]",4,False,False,4943921177552868,4943921183808892,37748736,6.1493120193481445,False,57982058496,spread,"[364, 747, 1130, 1513]"
concurrency_2_group,21,0,0,"[3, 4, 3, 4]",2,False,False,4943921194234153,4943921198909671,28311552,4.612127780914307,False,57982058496,spread,"[364, 747, 1130]"
scale_62_group,21,0,0,"[15, 16, 15, 16]",1,False,False,4943921210046522,4943921233105216,141557760,23.01817512512207,False,57982058496,spread,"[3868, 4251, 4634, 5017, 5400, 5783, 22, 405, 788, 1171, 1554, 1937, 2320, 2703, 3086]"
two_single_2,22,0,0,"[0, 0, 2, 0]",1,False,False,4943921244954507,4943921245033553,0,0,False,57982058496,spread,[]
two_single_0,22,0,0,"[2, 0, 0, 0]",1,False,False,4943921257039100,4943921258975866,18874368,1.6639039516448975,False,57982058496,spread,"[5843, 82]"
six_0,22,0,0,"[2, 2, 1, 1]",1,False,False,4943921269581317,4943921272667441,18874368,3.038912057876587,False,57982058496,spread,"[6135, 374]"
scale_4_rank,22,0,0,"[1, 1, 1, 1]",1,False,False,4943921282967098,4943921284565508,9437184,1.5554560422897339,False,57982058496,spread,[5989]
two_single_3,22,0,0,"[0, 0, 0, 2]",1,False,False,4943921294920723,4943921294981354,0,0,False,57982058496,spread,[]
scale_8_rank,22,0,0,"[2, 2, 2, 2]",1,False,False,4943921306828106,4943921309970824,18874368,3.1001598834991455,False,57982058496,spread,"[137, 520]"
scale_4_group,22,0,0,"[1, 1, 1, 1]",1,False,False,4943921320363387,4943921321954055,9437184,1.5504000186920166,False,57982058496,spread,[5989]
scale_6_rank,22,0,0,"[2, 2, 1, 1]",1,False,False,4943921332366776,4943921335501170,18874368,3.0959041118621826,False,57982058496,spread,"[6135, 374]"
two_single_1,22,0,0,"[0, 2, 0, 0]",1,False,False,4943921345878612,4943921345940297,0,0,False,57982058496,spread,[]
six_3,22,0,0,"[1, 1, 2, 2]",1,False,False,4943921357950293,4943921359569879,9437184,1.5578240156173706,False,57982058496,spread,[6135]
concurrency_2_rank,22,0,0,"[4, 4, 3, 3]",2,False,False,4943921371661282,4943921377930167,37748736,6.1796159744262695,False,57982058496,spread,"[575, 958, 1341, 1724]"
scale_6_group,22,0,0,"[1, 2, 1, 2]",1,False,False,4943921388286660,4943921389899822,9437184,1.5728960037231445,False,57982058496,spread,[6135]
scale_50_rank,22,0,0,"[13, 13, 12, 12]",1,False,False,4943921401034068,4943921421063807,122683392,19.992511749267578,False,57982058496,spread,"[3203, 3586, 3969, 4352, 4735, 5118, 5501, 5884, 123, 506, 889, 1272, 1655]"
concurrency_4_rank,22,0,0,"[4, 4, 3, 3]",4,False,False,4943921431411703,4943921437703934,37748736,6.187039852142334,False,57982058496,spread,"[575, 958, 1341, 1724]"
scale_50_group,22,0,0,"[12, 13, 12, 13]",1,False,False,4943921448069440,4943921466564951,113246208,18.455904006958008,False,57982058496,spread,"[3203, 3586, 3969, 4352, 4735, 5118, 5501, 5884, 123, 506, 889, 1272]"
scale_2_rank,22,0,0,"[1, 1, 0, 0]",1,False,False,4943921477689394,4943921479175969,9437184,1.4420479536056519,False,57982058496,spread,[5843]
scale_10_rank,22,0,0,"[3, 3, 2, 2]",1,False,False,4943921489607938,4943921494239635,28311552,4.59119987487793,False,57982058496,spread,"[283, 666, 1049]"
two_pair_1_3,22,0,0,"[0, 1, 0, 1]",1,False,False,4943921504720509,4943921504779637,0,0,False,57982058496,spread,[]
six_1,22,0,0,"[1, 2, 1, 2]",1,False,False,4943921515860766,4943921517464707,9437184,1.5654079914093018,False,57982058496,spread,[6135]
two_pair_1_2,22,0,0,"[0, 1, 1, 0]",1,False,False,4943921528590492,4943921528645930,0,0,False,57982058496,spread,[]
six_2,22,0,0,"[2, 1, 2, 1]",1,False,False,4943921539689644,4943921542081043,18874368,2.356127977371216,False,57982058496,spread,"[6135, 374]"
two_pair_2_3,22,0,0,"[0, 0, 1, 1]",1,False,False,4943921552401070,4943921552726442,0,0,False,57982058496,spread,[]
scale_14_rank,22,0,0,"[4, 4, 3, 3]",1,False,False,4943921564423317,4943921570685091,37748736,6.203648090362549,False,57982058496,spread,"[575, 958, 1341, 1724]"
two_pair_0_1,22,0,0,"[1, 1, 0, 0]",1,False,False,4943921581021919,4943921582641868,9437184,1.5783040523529053,False,57982058496,spread,[5843]
scale_10_group,22,0,0,"[2, 3, 2, 3]",1,False,False,4943921593013229,4943921596152788,18874368,3.1001598834991455,False,57982058496,spread,"[283, 666]"
scale_62_group,22,0,0,"[15, 16, 15, 16]",1,False,False,4943921607256271,4943921630401550,141557760,23.097984313964844,False,57982058496,spread,"[4079, 4462, 4845, 5228, 5611, 5994, 233, 616, 999, 1382, 1765, 2148, 2531, 2914, 3297]"
scale_2_group,22,0,0,"[0, 1, 0, 1]",1,False,False,4943921641533273,4943921641591143,0,0,False,57982058496,spread,[]
scale_8_group,22,0,0,"[2, 2, 2, 2]",1,False,False,4943921652719187,4943921655860658,18874368,3.103935956954956,False,57982058496,spread,"[137, 520]"
two_pair_0_2,22,0,0,"[1, 0, 1, 0]",1,False,False,4943921666312899,4943921667176960,9437184,0.8143680095672607,False,57982058496,spread,[5843]
concurrency_4_group,22,0,0,"[3, 4, 3, 4]",4,False,False,4943921677551456,4943921682304532,28311552,4.6550397872924805,False,57982058496,spread,"[575, 958, 1341]"
scale_62_rank,22,0,0,"[16, 16, 15, 15]",1,False,False,4943921693449505,4943921718133318,150994944,24.626304626464844,False,57982058496,spread,"[4079, 4462, 4845, 5228, 5611, 5994, 233, 616, 999, 1382, 1765, 2148, 2531, 2914, 3297, 3680]"
two_pair_0_3,22,0,0,"[1, 0, 0, 1]",1,False,False,4943921728572500,4943921729422239,9437184,0.8112000226974487,False,57982058496,spread,[5843]
scale_14_group,22,0,0,"[3, 4, 3, 4]",1,False,False,4943921739853156,4943921744502648,28311552,4.610015869140625,False,57982058496,spread,"[575, 958, 1341]"
concurrency_2_group,22,0,0,"[3, 4, 3, 4]",2,False,False,4943921755673778,4943921760378481,28311552,4.639743804931641,False,57982058496,spread,"[575, 958, 1341]"
six_0,23,0,0,"[2, 2, 1, 1]",1,False,False,4943921771518275,4943921774676136,18874368,3.1152000427246094,False,57982058496,spread,"[202, 585]"
scale_8_rank,23,0,0,"[2, 2, 2, 2]",1,False,False,4943921785036367,4943921788186340,18874368,3.1097919940948486,False,57982058496,spread,"[348, 731]"
two_pair_0_2,23,0,0,"[1, 0, 1, 0]",1,False,False,4943921798587319,4943921799441226,9437184,0.8118399977684021,False,57982058496,spread,[6054]
two_pair_1_2,23,0,0,"[0, 1, 1, 0]",1,False,False,4943921809820394,4943921809896559,0,0,False,57982058496,spread,[]
scale_14_rank,23,0,0,"[4, 4, 3, 3]",1,False,False,4943921821535111,4943921827758650,37748736,6.180960178375244,False,57982058496,spread,"[786, 1169, 1552, 1935]"
scale_10_group,23,0,0,"[2, 3, 2, 3]",1,False,False,4943921838147617,4943921840973129,18874368,2.7816319465637207,False,57982058496,spread,"[494, 877]"
scale_6_rank,23,0,0,"[2, 2, 1, 1]",1,False,False,4943921852610233,4943921855782096,18874368,2.894848108291626,False,57982058496,spread,"[202, 585]"
two_single_1,23,0,0,"[0, 2, 0, 0]",1,False,False,4943921866276770,4943921866340034,0,0,False,57982058496,spread,[]
two_pair_0_3,23,0,0,"[1, 0, 0, 1]",1,False,False,4943921878227684,4943921879098542,9437184,0.8157439827919006,False,57982058496,spread,[6054]
scale_62_rank,23,0,0,"[16, 16, 15, 15]",1,False,False,4943921889502308,4943921914100581,150994944,24.556543350219727,False,57982058496,spread,"[4290, 4673, 5056, 5439, 5822, 61, 444, 827, 1210, 1593, 1976, 2359, 2742, 3125, 3508, 3891]"
concurrency_4_rank,23,0,0,"[4, 4, 3, 3]",4,False,False,4943921924477363,4943921930740708,37748736,6.150623798370361,False,57982058496,spread,"[786, 1169, 1552, 1935]"
two_pair_0_1,23,0,0,"[1, 1, 0, 0]",1,False,False,4943921941137618,4943921942731433,9437184,1.5504640340805054,False,57982058496,spread,[6054]
concurrency_2_rank,23,0,0,"[4, 4, 3, 3]",2,False,False,4943921953136628,4943921959350262,37748736,6.149216175079346,False,57982058496,spread,"[786, 1169, 1552, 1935]"
concurrency_4_group,23,0,0,"[3, 4, 3, 4]",4,False,False,4943921969711495,4943921974458470,28311552,4.659584045410156,False,57982058496,spread,"[786, 1169, 1552]"
six_2,23,0,0,"[2, 1, 2, 1]",1,False,False,4943921985740712,4943921988142434,18874368,2.3428800106048584,False,57982058496,spread,"[202, 585]"
two_single_2,23,0,0,"[0, 0, 2, 0]",1,False,False,4943921998563185,4943921998625406,0,0,False,57982058496,spread,[]
scale_14_group,23,0,0,"[3, 4, 3, 4]",1,False,False,4943922010552897,4943922015283827,28311552,4.656896114349365,False,57982058496,spread,"[786, 1169, 1552]"
scale_8_group,23,0,0,"[2, 2, 2, 2]",1,False,False,4943922026357113,4943922029505937,18874368,3.104032039642334,False,57982058496,spread,"[348, 731]"
six_1,23,0,0,"[1, 2, 1, 2]",1,False,False,4943922039917382,4943922041673402,9437184,1.587488055229187,False,57982058496,spread,[202]
scale_2_rank,23,0,0,"[1, 1, 0, 0]",1,False,False,4943922052683811,4943922054289381,9437184,1.5636160373687744,False,57982058496,spread,[6054]
scale_50_group,23,0,0,"[12, 13, 12, 13]",1,False,False,4943922064813539,4943922083285469,113246208,18.429887771606445,False,57982058496,spread,"[3414, 3797, 4180, 4563, 4946, 5329, 5712, 6095, 334, 717, 1100, 1483]"
scale_4_group,23,0,0,"[1, 1, 1, 1]",1,False,False,4943922094475263,4943922096098309,9437184,1.578112006187439,False,57982058496,spread,[56]
two_single_3,23,0,0,"[0, 0, 0, 2]",1,False,False,4943922106471491,4943922106528259,0,0,False,57982058496,spread,[]
scale_6_group,23,0,0,"[1, 2, 1, 2]",1,False,False,4943922118517529,4943922120168618,9437184,1.5858559608459473,False,57982058496,spread,[202]
scale_50_rank,23,0,0,"[13, 13, 12, 12]",1,False,False,4943922131649279,4943922151430961,122683392,19.688671112060547,False,57982058496,spread,"[3414, 3797, 4180, 4563, 4946, 5329, 5712, 6095, 334, 717, 1100, 1483, 1866]"
scale_2_group,23,0,0,"[0, 1, 0, 1]",1,False,False,4943922162271280,4943922162378036,0,0,False,57982058496,spread,[]
two_single_0,23,0,0,"[2, 0, 0, 0]",1,False,False,4943922173518866,4943922175181527,18874368,1.6224960088729858,False,57982058496,spread,"[6054, 293]"
two_pair_2_3,23,0,0,"[0, 0, 1, 1]",1,False,False,4943922185681116,4943922185741812,0,0,False,57982058496,spread,[]
two_pair_1_3,23,0,0,"[0, 1, 0, 1]",1,False,False,4943922197809086,4943922197899809,0,0,False,57982058496,spread,[]
scale_4_rank,23,0,0,"[1, 1, 1, 1]",1,False,False,4943922209023293,4943922210654339,9437184,1.5921599864959717,False,57982058496,spread,[56]
concurrency_2_group,23,0,0,"[3, 4, 3, 4]",2,False,False,4943922221036570,4943922225721284,28311552,4.618112087249756,False,57982058496,spread,"[786, 1169, 1552]"
scale_62_group,23,0,0,"[15, 16, 15, 16]",1,False,False,4943922236885745,4943922259950287,141557760,23.01958465576172,False,57982058496,spread,"[4290, 4673, 5056, 5439, 5822, 61, 444, 827, 1210, 1593, 1976, 2359, 2742, 3125, 3508]"
six_3,23,0,0,"[1, 1, 2, 2]",1,False,False,4943922271093626,4943922272749022,9437184,1.594208002090454,False,57982058496,spread,[202]
scale_10_rank,23,0,0,"[3, 3, 2, 2]",1,False,False,4943922284748854,4943922289488173,28311552,4.684256076812744,False,57982058496,spread,"[494, 877, 1260]"
two_pair_0_1,24,0,0,"[1, 1, 0, 0]",1,False,False,4943922299920133,4943922301571862,9437184,1.5950720310211182,False,57982058496,spread,[121]
scale_8_rank,24,0,0,"[2, 2, 2, 2]",1,False,False,4943922311927680,4943922314983984,18874368,2.9802238941192627,False,57982058496,spread,"[559, 942]"
scale_62_rank,24,0,0,"[16, 16, 15, 15]",1,False,False,4943922325573346,4943922350225323,150994944,24.59846305847168,False,57982058496,spread,"[4501, 4884, 5267, 5650, 6033, 272, 655, 1038, 1421, 1804, 2187, 2570, 2953, 3336, 3719, 4102]"
six_3,24,0,0,"[1, 1, 2, 2]",1,False,False,4943922360657047,4943922362256121,9437184,1.5582720041275024,False,57982058496,spread,[413]
scale_2_rank,24,0,0,"[1, 1, 0, 0]",1,False,False,4943922374296718,4943922375938173,9437184,1.5835200548171997,False,57982058496,spread,[121]
scale_62_group,24,0,0,"[15, 16, 15, 16]",1,False,False,4943922386271874,4943922409427501,141557760,23.09369659423828,False,57982058496,spread,"[4501, 4884, 5267, 5650, 6033, 272, 655, 1038, 1421, 1804, 2187, 2570, 2953, 3336, 3719]"
scale_50_rank,24,0,0,"[13, 13, 12, 12]",1,False,False,4943922420587056,4943922440188221,122683392,19.556928634643555,False,57982058496,spread,"[3625, 4008, 4391, 4774, 5157, 5540, 5923, 162, 545, 928, 1311, 1694, 2077]"
scale_14_rank,24,0,0,"[4, 4, 3, 3]",1,False,False,4943922451122208,4943922457365286,37748736,5.9707841873168945,False,57982058496,spread,"[997, 1380, 1763, 2146]"
two_single_3,24,0,0,"[0, 0, 0, 2]",1,False,False,4943922467966825,4943922468030515,0,0,False,57982058496,spread,[]
scale_6_group,24,0,0,"[1, 2, 1, 2]",1,False,False,4943922480199974,4943922481843335,9437184,1.5832639932632446,False,57982058496,spread,[413]
scale_8_group,24,0,0,"[2, 2, 2, 2]",1,False,False,4943922492941107,4943922496092432,18874368,3.107487916946411,False,57982058496,spread,"[559, 942]"
two_pair_1_2,24,0,0,"[0, 1, 1, 0]",1,False,False,4943922506459346,4943922506523957,0,0,False,57982058496,spread,[]
two_pair_0_3,24,0,0,"[1, 0, 0, 1]",1,False,False,4943922517615267,4943922518457869,9437184,0.8089280128479004,False,57982058496,spread,[121]
scale_10_rank,24,0,0,"[3, 3, 2, 2]",1,False,False,4943922528800980,4943922533474941,28311552,4.634912014007568,False,57982058496,spread,"[705, 1088, 1471]"
scale_6_rank,24,0,0,"[2, 2, 1, 1]",1,False,False,4943922543797552,4943922546934008,18874368,3.0962560176849365,False,57982058496,spread,"[413, 796]"
scale_4_rank,24,0,0,"[1, 1, 1, 1]",1,False,False,4943922557212343,4943922558804156,9437184,1.5505919456481934,False,57982058496,spread,[267]
concurrency_2_group,24,0,0,"[3, 4, 3, 4]",2,False,False,4943922569246841,4943922573957302,28311552,4.644256114959717,False,57982058496,spread,"[997, 1380, 1763]"
concurrency_4_group,24,0,0,"[3, 4, 3, 4]",4,False,False,4943922585090650,4943922589842873,28311552,4.661695957183838,False,57982058496,spread,"[997, 1380, 1763]"
two_single_1,24,0,0,"[0, 2, 0, 0]",1,False,False,4943922600970059,4943922601029380,0,0,False,57982058496,spread,[]
scale_50_group,24,0,0,"[12, 13, 12, 13]",1,False,False,4943922612983626,4943922631489208,113246208,18.465503692626953,False,57982058496,spread,"[3625, 4008, 4391, 4774, 5157, 5540, 5923, 162, 545, 928, 1311, 1694]"
six_0,24,0,0,"[2, 2, 1, 1]",1,False,False,4943922642768305,4943922645945941,18874368,3.113055944442749,False,57982058496,spread,"[413, 796]"
two_pair_0_2,24,0,0,"[1, 0, 1, 0]",1,False,False,4943922656333782,4943922657218616,9437184,0.8235840201377869,False,57982058496,spread,[121]
scale_14_group,24,0,0,"[3, 4, 3, 4]",1,False,False,4943922667571696,4943922672258042,28311552,4.637760162353516,False,57982058496,spread,"[997, 1380, 1763]"
concurrency_2_rank,24,0,0,"[4, 4, 3, 3]",2,False,False,4943922683382496,4943922689658588,37748736,6.202752113342285,False,57982058496,spread,"[997, 1380, 1763, 2146]"
six_1,24,0,0,"[1, 2, 1, 2]",1,False,False,4943922700006531,4943922701644260,9437184,1.5807360410690308,False,57982058496,spread,[413]
scale_10_group,24,0,0,"[2, 3, 2, 3]",1,False,False,4943922712774522,4943922715910041,18874368,3.0908799171447754,False,57982058496,spread,"[705, 1088]"
six_2,24,0,0,"[2, 1, 2, 1]",1,False,False,4943922727682509,4943922730098690,18874368,2.355232000350952,False,57982058496,spread,"[413, 796]"
two_single_2,24,0,0,"[0, 0, 2, 0]",1,False,False,4943922740834301,4943922740896026,0,0,False,57982058496,spread,[]
concurrency_4_rank,24,0,0,"[4, 4, 3, 3]",4,False,False,4943922754774040,4943922761108219,37748736,5.690368175506592,False,57982058496,spread,"[997, 1380, 1763, 2146]"
two_single_0,24,0,0,"[2, 0, 0, 0]",1,False,False,4943922771874999,4943922773539578,18874368,1.6042879819869995,False,57982058496,spread,"[121, 504]"
two_pair_2_3,24,0,0,"[0, 0, 1, 1]",1,False,False,4943922783979561,4943922784050358,0,0,False,57982058496,spread,[]
two_pair_1_3,24,0,0,"[0, 1, 0, 1]",1,False,False,4943922796091415,4943922796185011,0,0,False,57982058496,spread,[]
scale_4_group,24,0,0,"[1, 1, 1, 1]",1,False,False,4943922807232364,4943922808877623,9437184,1.5859839916229248,False,57982058496,spread,[267]
scale_2_group,24,0,0,"[0, 1, 0, 1]",1,False,False,4943922819209853,4943922819308481,0,0,False,57982058496,spread,[]
two_single_3,25,0,0,"[0, 0, 0, 2]",1,False,False,4943922830646304,4943922830719951,0,0,False,57982058496,spread,[]
scale_6_group,25,0,0,"[1, 2, 1, 2]",1,False,False,4943922842632792,4943922844275407,9437184,1.593951940536499,False,57982058496,spread,[624]
scale_4_group,25,0,0,"[1, 1, 1, 1]",1,False,False,4943922855307119,4943922856940565,9437184,1.5884480476379395,False,57982058496,spread,[478]
two_single_0,25,0,0,"[2, 0, 0, 0]",1,False,False,4943922867282321,4943922868927385,18874368,1.592736005783081,False,57982058496,spread,"[332, 715]"
scale_4_rank,25,0,0,"[1, 1, 1, 1]",1,False,False,4943922879212844,4943922880864217,9437184,1.5897599458694458,False,57982058496,spread,[478]
scale_62_rank,25,0,0,"[16, 16, 15, 15]",1,False,False,4943922891252008,4943922915925593,150994944,24.618879318237305,False,57982058496,spread,"[4712, 5095, 5478, 5861, 100, 483, 866, 1249, 1632, 2015, 2398, 2781, 3164, 3547, 3930, 4313]"
two_pair_0_3,25,0,0,"[1, 0, 0, 1]",1,False,False,4943922926345245,4943922927233021,9437184,0.8306559920310974,False,57982058496,spread,[332]
scale_14_group,25,0,0,"[3, 4, 3, 4]",1,False,False,4943922937632732,4943922942292854,28311552,4.604576110839844,False,57982058496,spread,"[1208, 1591, 1974]"
scale_8_rank,25,0,0,"[2, 2, 2, 2]",1,False,False,4943922953452993,4943922956609532,18874368,3.10697603225708,False,57982058496,spread,"[770, 1153]"
scale_2_group,25,0,0,"[0, 1, 0, 1]",1,False,False,4943922966894062,4943922966969849,0,0,False,57982058496,spread,[]
two_pair_1_2,25,0,0,"[0, 1, 1, 0]",1,False,False,4943922978016134,4943922978084926,0,0,False,57982058496,spread,[]
six_3,25,0,0,"[1, 1, 2, 2]",1,False,False,4943922989145893,4943922990779378,9437184,1.586624026298523,False,57982058496,spread,[624]
six_1,25,0,0,"[1, 2, 1, 2]",1,False,False,4943923002598449,4943923004239824,9437184,1.5833920240402222,False,57982058496,spread,[624]
scale_2_rank,25,0,0,"[1, 1, 0, 0]",1,False,False,4943923015377555,4943923016997707,9437184,1.5793919563293457,False,57982058496,spread,[332]
scale_10_rank,25,0,0,"[3, 3, 2, 2]",1,False,False,4943923027288379,4943923031674865,28311552,4.340511798858643,False,57982058496,spread,"[916, 1299, 1682]"
scale_50_rank,25,0,0,"[13, 13, 12, 12]",1,False,False,4943923042438667,4943923062522146,122683392,20.002656936645508,False,57982058496,spread,"[3836, 4219, 4602, 4985, 5368, 5751, 6134, 373, 756, 1139, 1522, 1905, 2288]"
two_pair_2_3,25,0,0,"[0, 0, 1, 1]",1,False,False,4943923073320217,4943923073424122,0,0,False,57982058496,spread,[]
scale_6_rank,25,0,0,"[2, 2, 1, 1]",1,False,False,4943923085317159,4943923088491947,18874368,3.125760078430176,False,57982058496,spread,"[624, 1007]"
six_0,25,0,0,"[2, 2, 1, 1]",1,False,False,4943923098846292,4943923102003509,18874368,3.1119039058685303,False,57982058496,spread,"[624, 1007]"
concurrency_2_rank,25,0,0,"[4, 4, 3, 3]",2,False,False,4943923112392231,4943923118653086,37748736,6.194496154785156,False,57982058496,spread,"[1208, 1591, 1974, 2357]"
two_pair_0_1,25,0,0,"[1, 1, 0, 0]",1,False,False,4943923129028262,4943923130645700,9437184,1.5727360248565674,False,57982058496,spread,[332]
scale_14_rank,25,0,0,"[4, 4, 3, 3]",1,False,False,4943923141034310,4943923147264722,37748736,6.1730241775512695,False,57982058496,spread,"[1208, 1591, 1974, 2357]"
scale_10_group,25,0,0,"[2, 3, 2, 3]",1,False,False,4943923157649041,4943923160809191,18874368,3.1135358810424805,False,57982058496,spread,"[916, 1299]"
concurrency_2_group,25,0,0,"[3, 4, 3, 4]",2,False,False,4943923171921427,4943923176636911,28311552,4.642687797546387,False,57982058496,spread,"[1208, 1591, 1974]"
two_single_2,25,0,0,"[0, 0, 2, 0]",1,False,False,4943923187755814,4943923187830869,0,0,False,57982058496,spread,[]
scale_8_group,25,0,0,"[2, 2, 2, 2]",1,False,False,4943923199830592,4943923203009490,18874368,3.1095359325408936,False,57982058496,spread,"[770, 1153]"
scale_62_group,25,0,0,"[15, 16, 15, 16]",1,False,False,4943923213400933,4943923236536994,141557760,23.08188819885254,False,57982058496,spread,"[4712, 5095, 5478, 5861, 100, 483, 866, 1249, 1632, 2015, 2398, 2781, 3164, 3547, 3930]"
two_single_1,25,0,0,"[0, 2, 0, 0]",1,False,False,4943923247659666,4943923247733576,0,0,False,57982058496,spread,[]
two_pair_1_3,25,0,0,"[0, 1, 0, 1]",1,False,False,4943923259799889,4943923259887697,0,0,False,57982058496,spread,[]
six_2,25,0,0,"[2, 1, 2, 1]",1,False,False,4943923271014741,4943923273411403,18874368,2.337280035018921,False,57982058496,spread,"[624, 1007]"
concurrency_4_group,25,0,0,"[3, 4, 3, 4]",4,False,False,4943923283815149,4943923288577407,28311552,4.658495903015137,False,57982058496,spread,"[1208, 1591, 1974]"
two_pair_0_2,25,0,0,"[1, 0, 1, 0]",1,False,False,4943923299671825,4943923300540873,9437184,0.8201919794082642,False,57982058496,spread,[332]
scale_50_group,25,0,0,"[12, 13, 12, 13]",1,False,False,4943923310921907,4943923329463572,113246208,18.496192932128906,False,57982058496,spread,"[3836, 4219, 4602, 4985, 5368, 5751, 6134, 373, 756, 1139, 1522, 1905]"
concurrency_4_rank,25,0,0,"[4, 4, 3, 3]",4,False,False,4943923340972757,4943923347222708,37748736,6.126399993896484,False,57982058496,spread,"[1208, 1591, 1974, 2357]"
two_single_3,26,0,0,"[0, 0, 0, 2]",1,False,False,4943923357731146,4943923358063316,0,0,False,57982058496,spread,[]
two_pair_2_3,26,0,0,"[0, 0, 1, 1]",1,False,False,4943923369787047,4943923369857514,0,0,False,57982058496,spread,[]
concurrency_2_rank,26,0,0,"[4, 4, 3, 3]",2,False,False,4943923381864577,4943923388138248,37748736,6.184703826904297,False,57982058496,spread,"[1419, 1802, 2185, 2568]"
six_0,26,0,0,"[2, 2, 1, 1]",1,False,False,4943923398522612,4943923401683171,18874368,3.114880084991455,False,57982058496,spread,"[835, 1218]"
two_pair_1_3,26,0,0,"[0, 1, 0, 1]",1,False,False,4943923412135238,4943923412201869,0,0,False,57982058496,spread,[]
scale_50_rank,26,0,0,"[13, 13, 12, 12]",1,False,False,4943923423282789,4943923443331262,122683392,20.00262451171875,False,57982058496,spread,"[4047, 4430, 4813, 5196, 5579, 5962, 201, 584, 967, 1350, 1733, 2116, 2499]"
two_single_0,26,0,0,"[2, 0, 0, 0]",1,False,False,4943923453754657,4943923455384883,18874368,1.5850239992141724,False,57982058496,spread,"[543, 926]"
two_single_1,26,0,0,"[0, 2, 0, 0]",1,False,False,4943923465836360,4943923465911850,0,0,False,57982058496,spread,[]
scale_4_group,26,0,0,"[1, 1, 1, 1]",1,False,False,4943923477878596,4943923479501883,9437184,1.5773119926452637,False,57982058496,spread,[689]
concurrency_4_group,26,0,0,"[3, 4, 3, 4]",4,False,False,4943923489885726,4943923494683508,28311552,4.681600093841553,False,57982058496,spread,"[1419, 1802, 2185]"
scale_62_rank,26,0,0,"[16, 16, 15, 15]",1,False,False,4943923505786874,4943923530453993,150994944,24.61039924621582,False,57982058496,spread,"[4923, 5306, 5689, 6072, 311, 694, 1077, 1460, 1843, 2226, 2609, 2992, 3375, 3758, 4141, 4524]"
scale_4_rank,26,0,0,"[1, 1, 1, 1]",1,False,False,4943923540870912,4943923542527281,9437184,1.5932159423828125,False,57982058496,spread,[689]
scale_14_group,26,0,0,"[3, 4, 3, 4]",1,False,False,4943923552891387,4943923557607643,28311552,4.663296222686768,False,57982058496,spread,"[1419, 1802, 2185]"
six_2,26,0,0,"[2, 1, 2, 1]",1,False,False,4943923568685781,4943923571100515,18874368,2.355072021484375,False,57982058496,spread,"[835, 1218]"
two_pair_0_3,26,0,0,"[1, 0, 0, 1]",1,False,False,4943923581471585,4943923582337422,9437184,0.8125119805335999,False,57982058496,spread,[543]
scale_62_group,26,0,0,"[15, 16, 15, 16]",1,False,False,4943923592649980,4943923615818084,141557760,23.123584747314453,False,57982058496,spread,"[4923, 5306, 5689, 6072, 311, 694, 1077, 1460, 1843, 2226, 2609, 2992, 3375, 3758, 4141]"
scale_6_rank,26,0,0,"[2, 2, 1, 1]",1,False,False,4943923627336199,4943923630482450,18874368,3.0786240100860596,False,57982058496,spread,"[835, 1218]"
scale_8_group,26,0,0,"[2, 2, 2, 2]",1,False,False,4943923640913167,4943923644073109,18874368,3.114272117614746,False,57982058496,spread,"[981, 1364]"
scale_2_rank,26,0,0,"[1, 1, 0, 0]",1,False,False,4943923654640229,4943923656262249,9437184,1.3444160223007202,False,57982058496,spread,[543]
two_pair_0_1,26,0,0,"[1, 1, 0, 0]",1,False,False,4943923666721110,4943923668349859,9437184,1.578879952430725,False,57982058496,spread,[543]
scale_8_rank,26,0,0,"[2, 2, 2, 2]",1,False,False,4943923678613189,4943923681767783,18874368,3.111327886581421,False,57982058496,spread,"[981, 1364]"
two_pair_0_2,26,0,0,"[1, 0, 1, 0]",1,False,False,4943923692197083,4943923693048802,9437184,0.809440016746521,False,57982058496,spread,[543]
scale_10_group,26,0,0,"[2, 3, 2, 3]",1,False,False,4943923703413023,4943923706450223,18874368,2.99235200881958,False,57982058496,spread,"[1127, 1510]"
scale_10_rank,26,0,0,"[3, 3, 2, 2]",1,False,False,4943923717748523,4943923722467390,28311552,4.6511359214782715,False,57982058496,spread,"[1127, 1510, 1893]"
scale_50_group,26,0,0,"[12, 13, 12, 13]",1,False,False,4943923732846882,4943923751379299,113246208,18.48080062866211,False,57982058496,spread,"[4047, 4430, 4813, 5196, 5579, 5962, 201, 584, 967, 1350, 1733, 2116]"
concurrency_4_rank,26,0,0,"[4, 4, 3, 3]",4,False,False,4943923762555860,4943923768867066,37748736,6.189151763916016,False,57982058496,spread,"[1419, 1802, 2185, 2568]"
six_3,26,0,0,"[1, 1, 2, 2]",1,False,False,4943923779184979,4943923780808552,9437184,1.576192021369934,False,57982058496,spread,[835]
six_1,26,0,0,"[1, 2, 1, 2]",1,False,False,4943923792868296,4943923794519953,9437184,1.588703989982605,False,57982058496,spread,[835]
two_pair_1_2,26,0,0,"[0, 1, 1, 0]",1,False,False,4943923805602511,4943923805677710,0,0,False,57982058496,spread,[]
scale_14_rank,26,0,0,"[4, 4, 3, 3]",1,False,False,4943923816784569,4943923823014147,37748736,6.18617582321167,False,57982058496,spread,"[1419, 1802, 2185, 2568]"
scale_6_group,26,0,0,"[1, 2, 1, 2]",1,False,False,4943923833424005,4943923835046221,9437184,1.5781439542770386,False,57982058496,spread,[835]
scale_2_group,26,0,0,"[0, 1, 0, 1]",1,False,False,4943923846166218,4943923846234029,0,0,False,57982058496,spread,[]
two_single_2,26,0,0,"[0, 0, 2, 0]",1,False,False,4943923857305102,4943923857366263,0,0,False,57982058496,spread,[]
concurrency_2_group,26,0,0,"[3, 4, 3, 4]",2,False,False,4943923869558182,4943923874325055,28311552,4.6651201248168945,False,57982058496,spread,"[1419, 1802, 2185]"
two_pair_0_2,27,0,0,"[1, 0, 1, 0]",1,False,False,4943923885387575,4943923886254144,9437184,0.8162879943847656,False,57982058496,spread,[754]
scale_50_rank,27,0,0,"[13, 13, 12, 12]",1,False,False,4943923896588434,4943923916655431,122683392,20.020063400268555,False,57982058496,spread,"[4258, 4641, 5024, 5407, 5790, 29, 412, 795, 1178, 1561, 1944, 2327, 2710]"
scale_50_group,27,0,0,"[12, 13, 12, 13]",1,False,False,4943923927422597,4943923945892077,113246208,18.407712936401367,False,57982058496,spread,"[4258, 4641, 5024, 5407, 5790, 29, 412, 795, 1178, 1561, 1944, 2327]"
six_2,27,0,0,"[2, 1, 2, 1]",1,False,False,4943923957080796,4943923959503960,18874368,2.1259520053863525,False,57982058496,spread,"[1046, 1429]"
scale_6_group,27,0,0,"[1, 2, 1, 2]",1,False,False,4943923970059570,4943923971703468,9437184,1.584704041481018,False,57982058496,spread,[1046]
scale_6_rank,27,0,0,"[2, 2, 1, 1]",1,False,False,4943923982783149,4943923985935497,18874368,3.1087679862976074,False,57982058496,spread,"[1046, 1429]"
two_single_3,27,0,0,"[0, 0, 0, 2]",1,False,False,4943923996272326,4943923996355706,0,0,False,57982058496,spread,[]
two_single_1,27,0,0,"[0, 2, 0, 0]",1,False,False,4943924008363310,4943924008437433,0,0,False,57982058496,spread,[]
two_pair_2_3,27,0,0,"[0, 0, 1, 1]",1,False,False,4943924020484735,4943924020567025,0,0,False,57982058496,spread,[]
scale_8_group,27,0,0,"[2, 2, 2, 2]",1,False,False,4943924032756852,4943924035943064,18874368,3.1261439323425293,False,57982058496,spread,"[1192, 1575]"
scale_4_group,27,0,0,"[1, 1, 1, 1]",1,False,False,4943924046346520,4943924047964927,9437184,1.5700479745864868,False,57982058496,spread,[900]
scale_14_group,27,0,0,"[3, 4, 3, 4]",1,False,False,4943924058395979,4943924063111138,28311552,4.663360118865967,False,57982058496,spread,"[1630, 2013, 2396]"
two_pair_0_3,27,0,0,"[1, 0, 0, 1]",1,False,False,4943924074310441,4943924075180697,9437184,0.8178880214691162,False,57982058496,spread,[754]
scale_8_rank,27,0,0,"[2, 2, 2, 2]",1,False,False,4943924085542584,4943924088678725,18874368,3.0812160968780518,False,57982058496,spread,"[1192, 1575]"
six_3,27,0,0,"[1, 1, 2, 2]",1,False,False,4943924099041089,4943924100667281,9437184,1.5776640176773071,False,57982058496,spread,[1046]
scale_62_group,27,0,0,"[15, 16, 15, 16]",1,False,False,4943924112696469,4943924135847691,141557760,23.076223373413086,False,57982058496,spread,"[5134, 5517, 5900, 139, 522, 905, 1288, 1671, 2054, 2437, 2820, 3203, 3586, 3969, 4352]"
six_0,27,0,0,"[2, 2, 1, 1]",1,False,False,4943924146993852,4943924150184360,18874368,3.127455949783325,False,57982058496,spread,"[1046, 1429]"
concurrency_2_group,27,0,0,"[3, 4, 3, 4]",2,False,False,4943924160569326,4943924165313411,28311552,4.663424015045166,False,57982058496,spread,"[1630, 2013, 2396]"
six_1,27,0,0,"[1, 2, 1, 2]",1,False,False,4943924176445359,4943924178079615,9437184,1.5800960063934326,False,57982058496,spread,[1046]
scale_2_group,27,0,0,"[0, 1, 0, 1]",1,False,False,4943924189172620,4943924189255281,0,0,False,57982058496,spread,[]
two_pair_1_3,27,0,0,"[0, 1, 0, 1]",1,False,False,4943924200349909,4943924200417773,0,0,False,57982058496,spread,[]
two_single_0,27,0,0,"[2, 0, 0, 0]",1,False,False,4943924211510430,4943924213141777,18874368,1.5876799821853638,False,57982058496,spread,"[754, 1137]"
scale_62_rank,27,0,0,"[16, 16, 15, 15]",1,False,False,4943924223473901,4943924248099921,150994944,24.57414436340332,False,57982058496,spread,"[5134, 5517, 5900, 139, 522, 905, 1288, 1671, 2054, 2437, 2820, 3203, 3586, 3969, 4352, 4735]"
scale_10_group,27,0,0,"[2, 3, 2, 3]",1,False,False,4943924258500086,4943924261989627,18874368,3.200511932373047,False,57982058496,spread,"[1338, 1721]"
scale_4_rank,27,0,0,"[1, 1, 1, 1]",1,False,False,4943924272791810,4943924274420840,9437184,1.5806399583816528,False,57982058496,spread,[900]
two_single_2,27,0,0,"[0, 0, 2, 0]",1,False,False,4943924285091781,4943924285172613,0,0,False,57982058496,spread,[]
two_pair_1_2,27,0,0,"[0, 1, 1, 0]",1,False,False,4943924297134688,4943924297225088,0,0,False,57982058496,spread,[]
scale_14_rank,27,0,0,"[4, 4, 3, 3]",1,False,False,4943924308330377,4943924314562968,37748736,6.180575847625732,False,57982058496,spread,"[1630, 2013, 2396, 2779]"
concurrency_2_rank,27,0,0,"[4, 4, 3, 3]",2,False,False,4943924325000972,4943924331275969,37748736,6.1914238929748535,False,57982058496,spread,"[1630, 2013, 2396, 2779]"
two_pair_0_1,27,0,0,"[1, 1, 0, 0]",1,False,False,4943924341701628,4943924343324799,9437184,1.5707520246505737,False,57982058496,spread,[754]
scale_2_rank,27,0,0,"[1, 1, 0, 0]",1,False,False,4943924353690527,4943924355304679,9437184,1.561311960220337,False,57982058496,spread,[754]
concurrency_4_rank,27,0,0,"[4, 4, 3, 3]",4,False,False,4943924365683814,4943924371974533,37748736,6.172128200531006,False,57982058496,spread,"[1630, 2013, 2396, 2779]"
scale_10_rank,27,0,0,"[3, 3, 2, 2]",1,False,False,4943924382299395,4943924386996054,28311552,4.6427202224731445,False,57982058496,spread,"[1338, 1721, 2104]"
concurrency_4_group,27,0,0,"[3, 4, 3, 4]",4,False,False,4943924397408945,4943924402172351,28311552,4.66323184967041,False,57982058496,spread,"[1630, 2013, 2396]"
two_pair_0_3,28,0,0,"[1, 0, 0, 1]",1,False,False,4943924413338917,4943924414206904,9437184,0.8148800134658813,False,57982058496,spread,[965]
concurrency_4_group,28,0,0,"[3, 4, 3, 4]",4,False,False,4943924424501239,4943924429256929,28311552,4.656991958618164,False,57982058496,spread,"[1841, 2224, 2607]"
scale_50_group,28,0,0,"[12, 13, 12, 13]",1,False,False,4943924440384400,4943924458919774,113246208,18.472192764282227,False,57982058496,spread,"[4469, 4852, 5235, 5618, 6001, 240, 623, 1006, 1389, 1772, 2155, 2538]"
scale_50_rank,28,0,0,"[13, 13, 12, 12]",1,False,False,4943924470121273,4943924490185306,122683392,20.008928298950195,False,57982058496,spread,"[4469, 4852, 5235, 5618, 6001, 240, 623, 1006, 1389, 1772, 2155, 2538, 2921]"
scale_10_rank,28,0,0,"[3, 3, 2, 2]",1,False,False,4943924500600024,4943924504728247,28311552,4.068448066711426,False,57982058496,spread,"[1549, 1932, 2315]"
scale_2_group,28,0,0,"[0, 1, 0, 1]",1,False,False,4943924515905451,4943924515979254,0,0,False,57982058496,spread,[]
scale_62_rank,28,0,0,"[16, 16, 15, 15]",1,False,False,4943924527121711,4943924551831198,150994944,24.619359970092773,False,57982058496,spread,"[5345, 5728, 6111, 350, 733, 1116, 1499, 1882, 2265, 2648, 3031, 3414, 3797, 4180, 4563, 4946]"
scale_10_group,28,0,0,"[2, 3, 2, 3]",1,False,False,4943924562625380,4943924565880751,18874368,3.1591360569000244,False,57982058496,spread,"[1549, 1932]"
scale_14_group,28,0,0,"[3, 4, 3, 4]",1,False,False,4943924576935887,4943924581650880,28311552,4.654367923736572,False,57982058496,spread,"[1841, 2224, 2607]"
scale_4_rank,28,0,0,"[1, 1, 1, 1]",1,False,False,4943924592786209,4943924594405573,9437184,1.5679999589920044,False,57982058496,spread,[1111]
scale_6_group,28,0,0,"[1, 2, 1, 2]",1,False,False,4943924604798699,4943924606438330,9437184,1.582751989364624,False,57982058496,spread,[1257]
scale_8_rank,28,0,0,"[2, 2, 2, 2]",1,False,False,4943924617570252,4943924620734758,18874368,3.1122241020202637,False,57982058496,spread,"[1403, 1786]"
two_single_2,28,0,0,"[0, 0, 2, 0]",1,False,False,4943924631047478,4943924631120903,0,0,False,57982058496,spread,[]
scale_6_rank,28,0,0,"[2, 2, 1, 1]",1,False,False,4943924642926381,4943924646091006,18874368,3.113568067550659,False,57982058496,spread,"[1257, 1640]"
concurrency_4_rank,28,0,0,"[4, 4, 3, 3]",4,False,False,4943924656466664,4943924662798462,37748736,6.206687927246094,False,57982058496,spread,"[1841, 2224, 2607, 2990]"
scale_2_rank,28,0,0,"[1, 1, 0, 0]",1,False,False,4943924673220795,4943924674863427,9437184,1.584671974182129,False,57982058496,spread,[965]
scale_62_group,28,0,0,"[15, 16, 15, 16]",1,False,False,4943924685224847,4943924708399882,141557760,23.110111236572266,False,57982058496,spread,"[5345, 5728, 6111, 350, 733, 1116, 1499, 1882, 2265, 2648, 3031, 3414, 3797, 4180, 4563]"
two_pair_2_3,28,0,0,"[0, 0, 1, 1]",1,False,False,4943924719535729,4943924719617381,0,0,False,57982058496,spread,[]
scale_14_rank,28,0,0,"[4, 4, 3, 3]",1,False,False,4943924731490428,4943924737755263,37748736,6.1910719871521,False,57982058496,spread,"[1841, 2224, 2607, 2990]"
concurrency_2_group,28,0,0,"[3, 4, 3, 4]",2,False,False,4943924748187354,4943924752944256,28311552,4.660416126251221,False,57982058496,spread,"[1841, 2224, 2607]"
scale_8_group,28,0,0,"[2, 2, 2, 2]",1,False,False,4943924764069277,4943924767240409,18874368,3.116607904434204,False,57982058496,spread,"[1403, 1786]"
concurrency_2_rank,28,0,0,"[4, 4, 3, 3]",2,False,False,4943924777667554,4943924783921480,37748736,6.182079792022705,False,57982058496,spread,"[1841, 2224, 2607, 2990]"
two_single_3,28,0,0,"[0, 0, 0, 2]",1,False,False,4943924794322870,4943924794397963,0,0,False,57982058496,spread,[]
two_single_0,28,0,0,"[2, 0, 0, 0]",1,False,False,4943924806257743,4943924807898734,18874368,1.5893440246582031,False,57982058496,spread,"[965, 1348]"
two_pair_0_1,28,0,0,"[1, 1, 0, 0]",1,False,False,4943924818253509,4943924819873626,9437184,1.5606399774551392,False,57982058496,spread,[965]
two_single_1,28,0,0,"[0, 2, 0, 0]",1,False,False,4943924830259500,4943924830336078,0,0,False,57982058496,spread,[]
two_pair_1_2,28,0,0,"[0, 1, 1, 0]",1,False,False,4943924842279879,4943924842369751,0,0,False,57982058496,spread,[]
two_pair_1_3,28,0,0,"[0, 1, 0, 1]",1,False,False,4943924853465977,4943924853807187,0,0,False,57982058496,spread,[]
six_0,28,0,0,"[2, 2, 1, 1]",1,False,False,4943924864620702,4943924867788668,18874368,3.107327938079834,False,57982058496,spread,"[1257, 1640]"
scale_4_group,28,0,0,"[1, 1, 1, 1]",1,False,False,4943924878113167,4943924879750438,9437184,1.5769280195236206,False,57982058496,spread,[1111]
two_pair_0_2,28,0,0,"[1, 0, 1, 0]",1,False,False,4943924890161275,4943924891030285,9437184,0.8162559866905212,False,57982058496,spread,[965]
six_3,28,0,0,"[1, 1, 2, 2]",1,False,False,4943924901767444,4943924903392518,9437184,1.5744320154190063,False,57982058496,spread,[1257]
six_2,28,0,0,"[2, 1, 2, 1]",1,False,False,4943924915280318,4943924917685643,18874368,2.3533120155334473,False,57982058496,spread,"[1257, 1640]"
six_1,28,0,0,"[1, 2, 1, 2]",1,False,False,4943924928015788,4943924929672977,9437184,1.5918079614639282,False,57982058496,spread,[1257]
two_pair_0_2,29,0,0,"[1, 0, 1, 0]",1,False,False,4943924940785201,4943924941652708,9437184,0.8155840039253235,False,57982058496,spread,[1176]
scale_6_rank,29,0,0,"[2, 2, 1, 1]",1,False,False,4943924952000709,4943924955169642,18874368,3.107775926589966,False,57982058496,spread,"[1468, 1851]"
scale_4_rank,29,0,0,"[1, 1, 1, 1]",1,False,False,4943924965538516,4943924967169021,9437184,1.5792640447616577,False,57982058496,spread,[1322]
concurrency_4_group,29,0,0,"[3, 4, 3, 4]",4,False,False,4943924977540007,4943924982327779,28311552,4.681407928466797,False,57982058496,spread,"[2052, 2435, 2818]"
concurrency_2_rank,29,0,0,"[4, 4, 3, 3]",2,False,False,4943924993442902,4943924999700879,37748736,6.181312084197998,False,57982058496,spread,"[2052, 2435, 2818, 3201]"
scale_62_rank,29,0,0,"[16, 16, 15, 15]",1,False,False,4943925010113727,4943925034812779,150994944,24.64556884765625,False,57982058496,spread,"[5556, 5939, 178, 561, 944, 1327, 1710, 2093, 2476, 2859, 3242, 3625, 4008, 4391, 4774, 5157]"
two_pair_0_1,29,0,0,"[1, 1, 0, 0]",1,False,False,4943925045218741,4943925046873641,9437184,1.5958080291748047,False,57982058496,spread,[1176]
scale_14_rank,29,0,0,"[4, 4, 3, 3]",1,False,False,4943925057320947,4943925063595922,37748736,6.216127872467041,False,57982058496,spread,"[2052, 2435, 2818, 3201]"
two_pair_2_3,29,0,0,"[0, 0, 1, 1]",1,False,False,4943925073956279,4943925074046882,0,0,False,57982058496,spread,[]
scale_50_group,29,0,0,"[12, 13, 12, 13]",1,False,False,4943925085959443,4943925104519278,113246208,18.501920700073242,False,57982058496,spread,"[4680, 5063, 5446, 5829, 68, 451, 834, 1217, 1600, 1983, 2366, 2749]"
two_single_3,29,0,0,"[0, 0, 0, 2]",1,False,False,4943925116106426,4943925116182490,0,0,False,57982058496,spread,[]
six_0,29,0,0,"[2, 2, 1, 1]",1,False,False,4943925128079171,4943925131267341,18874368,3.109344005584717,False,57982058496,spread,"[1468, 1851]"
scale_4_group,29,0,0,"[1, 1, 1, 1]",1,False,False,4943925141684554,4943925143325071,9437184,1.5846400260925293,False,57982058496,spread,[1322]
six_2,29,0,0,"[2, 1, 2, 1]",1,False,False,4943925153714416,4943925156147480,18874368,2.1300160884857178,False,57982058496,spread,"[1468, 1851]"
scale_8_group,29,0,0,"[2, 2, 2, 2]",1,False,False,4943925166721048,4943925169922657,18874368,3.141695976257324,False,57982058496,spread,"[1614, 1997]"
scale_6_group,29,0,0,"[1, 2, 1, 2]",1,False,False,4943925180287841,4943925181927825,9437184,1.5830399990081787,False,57982058496,spread,[1468]
scale_8_rank,29,0,0,"[2, 2, 2, 2]",1,False,False,4943925193021311,4943925196177623,18874368,3.1001598834991455,False,57982058496,spread,"[1614, 1997]"
two_single_1,29,0,0,"[0, 2, 0, 0]",1,False,False,4943925206655828,4943925206729528,0,0,False,57982058496,spread,[]
scale_10_rank,29,0,0,"[3, 3, 2, 2]",1,False,False,4943925218622603,4943925223327619,28311552,4.649472236633301,False,57982058496,spread,"[1760, 2143, 2526]"
two_pair_1_3,29,0,0,"[0, 1, 0, 1]",1,False,False,4943925233815839,4943925233893205,0,0,False,57982058496,spread,[]
two_single_2,29,0,0,"[0, 0, 2, 0]",1,False,False,4943925245041639,4943925245117260,0,0,False,57982058496,spread,[]
scale_14_group,29,0,0,"[3, 4, 3, 4]",1,False,False,4943925257181882,4943925261921938,28311552,4.669151782989502,False,57982058496,spread,"[2052, 2435, 2818]"
scale_50_rank,29,0,0,"[13, 13, 12, 12]",1,False,False,4943925272999156,4943925293105985,122683392,20.049375534057617,False,57982058496,spread,"[4680, 5063, 5446, 5829, 68, 451, 834, 1217, 1600, 1983, 2366, 2749, 3132]"
six_3,29,0,0,"[1, 1, 2, 2]",1,False,False,4943925303600435,4943925305208416,9437184,1.549183964729309,False,57982058496,spread,[1468]
scale_2_rank,29,0,0,"[1, 1, 0, 0]",1,False,False,4943925317179356,4943925318844352,9437184,1.590656042098999,False,57982058496,spread,[1176]
two_pair_1_2,29,0,0,"[0, 1, 1, 0]",1,False,False,4943925329307140,4943925329401490,0,0,False,57982058496,spread,[]
scale_2_group,29,0,0,"[0, 1, 0, 1]",1,False,False,4943925340556270,4943925340628307,0,0,False,57982058496,spread,[]
six_1,29,0,0,"[1, 2, 1, 2]",1,False,False,4943925351694915,4943925353342193,9437184,1.5909119844436646,False,57982058496,spread,[1468]
scale_10_group,29,0,0,"[2, 3, 2, 3]",1,False,False,4943925364417551,4943925367577387,18874368,3.103327989578247,False,57982058496,spread,"[1760, 2143]"
concurrency_4_rank,29,0,0,"[4, 4, 3, 3]",4,False,False,4943925378778559,4943925385009453,37748736,6.103936195373535,False,57982058496,spread,"[2052, 2435, 2818, 3201]"
two_pair_0_3,29,0,0,"[1, 0, 0, 1]",1,False,False,4943925395567316,4943925396448590,9437184,0.8213440179824829,False,57982058496,spread,[1176]
scale_62_group,29,0,0,"[15, 16, 15, 16]",1,False,False,4943925406738564,4943925429845400,141557760,23.043840408325195,False,57982058496,spread,"[5556, 5939, 178, 561, 944, 1327, 1710, 2093, 2476, 2859, 3242, 3625, 4008, 4391, 4774]"
two_single_0,29,0,0,"[2, 0, 0, 0]",1,False,False,4943925441024529,4943925442681538,18874368,1.5973759889602661,False,57982058496,spread,"[1176, 1559]"
concurrency_2_group,29,0,0,"[3, 4, 3, 4]",2,False,False,4943925453135662,4943925458204164,28311552,4.74070405960083,False,57982058496,spread,"[2052, 2435, 2818]"
remote_2,-5,0,0,"[1, 1, 0, 0]",1,True,False,4943940398367588,4943940400156367,9437184,1.6739840507507324,False,57982058496,spread,[146]
remote_3,-5,0,0,"[1, 0, 1, 0]",1,True,False,4943940410899176,4943940411778175,9437184,0.8257279992103577,False,57982058496,spread,[146]
remote_0,-5,0,0,"[2, 2, 1, 1]",1,True,False,4943940422809232,4943940426002477,18874368,3.128671884536743,False,57982058496,spread,"[438, 821]"
remote_1,-5,0,0,"[1, 2, 1, 2]",1,True,False,4943940436527977,4943940438167590,9437184,1.5829119682312012,False,57982058496,spread,[438]
remote_2,-4,0,0,"[1, 1, 0, 0]",1,True,False,4943940449472037,4943940451095674,9437184,1.5730880498886108,False,57982058496,spread,[357]
remote_1,-4,0,0,"[1, 2, 1, 2]",1,True,False,4943940461663846,4943940463296583,9437184,1.5820480585098267,False,57982058496,spread,[649]
remote_3,-4,0,0,"[1, 0, 1, 0]",1,True,False,4943940474545113,4943940475416368,9437184,0.818560004234314,False,57982058496,spread,[357]
remote_0,-4,0,0,"[2, 2, 1, 1]",1,True,False,4943940485977252,4943940489131871,18874368,3.0975680351257324,False,57982058496,spread,"[649, 1032]"
remote_1,-3,0,0,"[1, 2, 1, 2]",1,True,False,4943940499735193,4943940501372908,9437184,1.5824960470199585,False,57982058496,spread,[860]
remote_3,-3,0,0,"[1, 0, 1, 0]",1,True,False,4943940512676575,4943940513569637,9437184,0.8236799836158752,False,57982058496,spread,[568]
remote_2,-3,0,0,"[1, 1, 0, 0]",1,True,False,4943940524049613,4943940525690415,9437184,1.565727949142456,False,57982058496,spread,[568]
remote_0,-3,0,0,"[2, 2, 1, 1]",1,True,False,4943940536383997,4943940539553933,18874368,2.8933119773864746,False,57982058496,spread,"[860, 1243]"
remote_3,-2,0,0,"[1, 0, 1, 0]",1,True,False,4943940550416601,4943940551291197,9437184,0.8190720081329346,False,57982058496,spread,[779]
remote_1,-2,0,0,"[1, 2, 1, 2]",1,True,False,4943940561847214,4943940563471295,9437184,1.5674240589141846,False,57982058496,spread,[1071]
remote_2,-2,0,0,"[1, 1, 0, 0]",1,True,False,4943940574798055,4943940576435179,9437184,1.5768320560455322,False,57982058496,spread,[779]
remote_0,-2,0,0,"[2, 2, 1, 1]",1,True,False,4943940586855030,4943940590013634,18874368,3.1026558876037598,False,57982058496,spread,"[1071, 1454]"
remote_3,-1,0,0,"[1, 0, 1, 0]",1,True,False,4943940600562288,4943940601432724,9437184,0.815775990486145,False,57982058496,spread,[990]
remote_2,-1,0,0,"[1, 1, 0, 0]",1,True,False,4943940611964793,4943940613612813,9437184,1.5888960361480713,False,57982058496,spread,[990]
remote_1,-1,0,0,"[1, 2, 1, 2]",1,True,False,4943940624225877,4943940625868324,9437184,1.5852160453796387,False,57982058496,spread,[1282]
remote_0,-1,0,0,"[2, 2, 1, 1]",1,True,False,4943940637114716,4943940640271553,18874368,3.1037120819091797,False,57982058496,spread,"[1282, 1665]"
remote_2,0,0,0,"[1, 1, 0, 0]",1,True,False,4943940650706541,4943940652329219,9437184,1.5667200088500977,False,57982058496,spread,[1201]
remote_1,0,0,0,"[1, 2, 1, 2]",1,True,False,4943940662655893,4943940664299000,9437184,1.5848959684371948,False,57982058496,spread,[1493]
remote_3,0,0,0,"[1, 0, 1, 0]",1,True,False,4943940675482089,4943940676350288,9437184,0.8150079846382141,False,57982058496,spread,[1201]
remote_0,0,0,0,"[2, 2, 1, 1]",1,True,False,4943940686674783,4943940689589638,18874368,2.851583957672119,False,57982058496,spread,"[1493, 1876]"
remote_2,1,0,0,"[1, 1, 0, 0]",1,True,False,4943940700505930,4943940702126270,9437184,1.5682239532470703,False,57982058496,spread,[1412]
remote_0,1,0,0,"[2, 2, 1, 1]",1,True,False,4943940712582216,4943940715730314,18874368,3.096287965774536,False,57982058496,spread,"[1704, 2087]"
remote_1,1,0,0,"[1, 2, 1, 2]",1,True,False,4943940726204922,4943940727836422,9437184,1.579967975616455,False,57982058496,spread,[1704]
remote_3,1,0,0,"[1, 0, 1, 0]",1,True,False,4943940738918711,4943940739792544,9437184,0.8180800080299377,False,57982058496,spread,[1412]
remote_3,2,0,0,"[1, 0, 1, 0]",1,True,False,4943940750238113,4943940751102331,9437184,0.813759982585907,False,57982058496,spread,[1623]
remote_2,2,0,0,"[1, 1, 0, 0]",1,True,False,4943940761439143,4943940763060942,9437184,1.5739200115203857,False,57982058496,spread,[1623]
remote_1,2,0,0,"[1, 2, 1, 2]",1,True,False,4943940773441525,4943940775082767,9437184,1.583359956741333,False,57982058496,spread,[1915]
remote_0,2,0,0,"[2, 2, 1, 1]",1,True,False,4943940786226273,4943940789378751,18874368,3.0997440814971924,False,57982058496,spread,"[1915, 2298]"
remote_3,3,0,0,"[1, 0, 1, 0]",1,True,False,4943940799785903,4943940800649597,9437184,0.8132799863815308,False,57982058496,spread,[1834]
remote_1,3,0,0,"[1, 2, 1, 2]",1,True,False,4943940810994826,4943940812661044,9437184,1.5944000482559204,False,57982058496,spread,[2126]
remote_0,3,0,0,"[2, 2, 1, 1]",1,True,False,4943940823782467,4943940826932691,18874368,3.0985920429229736,False,57982058496,spread,"[2126, 2509]"
remote_2,3,0,0,"[1, 1, 0, 0]",1,True,False,4943940837366311,4943940839214365,9437184,1.616960048675537,False,57982058496,spread,[1834]
remote_0,4,0,0,"[2, 2, 1, 1]",1,True,False,4943940849866834,4943940853023921,18874368,3.099679946899414,False,57982058496,spread,"[2337, 2720]"
remote_2,4,0,0,"[1, 1, 0, 0]",1,True,False,4943940863384689,4943940865007748,9437184,1.5728000402450562,False,57982058496,spread,[2045]
remote_3,4,0,0,"[1, 0, 1, 0]",1,True,False,4943940875357785,4943940876227823,9437184,0.816864013671875,False,57982058496,spread,[2045]
remote_1,4,0,0,"[1, 2, 1, 2]",1,True,False,4943940886575659,4943940888201199,9437184,1.5662399530410767,False,57982058496,spread,[2337]
remote_0,5,0,0,"[2, 2, 1, 1]",1,True,False,4943940899423372,4943940902579243,18874368,3.10099196434021,False,57982058496,spread,"[2548, 2931]"
remote_3,5,0,0,"[1, 0, 1, 0]",1,True,False,4943940913019512,4943940913893985,9437184,0.8190400004386902,False,57982058496,spread,[2256]
remote_1,5,0,0,"[1, 2, 1, 2]",1,True,False,4943940924236645,4943940925875702,9437184,1.5833280086517334,False,57982058496,spread,[2548]
remote_2,5,0,0,"[1, 1, 0, 0]",1,True,False,4943940936992870,4943940938612244,9437184,1.5672639608383179,False,57982058496,spread,[2256]
remote_2,6,0,0,"[1, 1, 0, 0]",1,True,False,4943940948957567,4943940950579120,9437184,1.5568000078201294,False,57982058496,spread,[2467]
remote_3,6,0,0,"[1, 0, 1, 0]",1,True,False,4943940960848896,4943940961720571,9437184,0.8177599906921387,False,57982058496,spread,[2467]
remote_1,6,0,0,"[1, 2, 1, 2]",1,True,False,4943940972036581,4943940973690677,9437184,1.5905280113220215,False,57982058496,spread,[2759]
remote_0,6,0,0,"[2, 2, 1, 1]",1,True,False,4943940984806304,4943940987677815,18874368,2.81059193611145,False,57982058496,spread,"[2759, 3142]"
remote_3,7,0,0,"[1, 0, 1, 0]",1,True,False,4943940998527752,4943940999469246,9437184,0.8325759768486023,False,57982058496,spread,[2678]
remote_0,7,0,0,"[2, 2, 1, 1]",1,True,False,4943941010248926,4943941013406761,18874368,3.0943360328674316,False,57982058496,spread,"[2970, 3353]"
remote_1,7,0,0,"[1, 2, 1, 2]",1,True,False,4943941023918538,4943941025574207,9437184,1.5922240018844604,False,57982058496,spread,[2970]
remote_2,7,0,0,"[1, 1, 0, 0]",1,True,False,4943941036733210,4943941038363895,9437184,1.5783040523529053,False,57982058496,spread,[2678]
remote_1,8,0,0,"[1, 2, 1, 2]",1,True,False,4943941048837215,4943941050476913,9437184,1.5835200548171997,False,57982058496,spread,[3181]
remote_3,8,0,0,"[1, 0, 1, 0]",1,True,False,4943941061603914,4943941062468187,9437184,0.8173760175704956,False,57982058496,spread,[2889]
remote_2,8,0,0,"[1, 1, 0, 0]",1,True,False,4943941072802904,4943941074424999,9437184,1.5718079805374146,False,57982058496,spread,[2889]
remote_0,8,0,0,"[2, 2, 1, 1]",1,True,False,4943941084870520,4943941088049792,18874368,3.1133439540863037,False,57982058496,spread,"[3181, 3564]"
remote_0,9,0,0,"[2, 2, 1, 1]",1,True,False,4943941098425689,4943941101580967,18874368,3.1052799224853516,False,57982058496,spread,"[3392, 3775]"
remote_3,9,0,0,"[1, 0, 1, 0]",1,True,False,4943941111959883,4943941112838950,9437184,0.8264319896697998,False,57982058496,spread,[3100]
remote_2,9,0,0,"[1, 1, 0, 0]",1,True,False,4943941123220643,4943941124841400,9437184,1.5749759674072266,False,57982058496,spread,[3100]
remote_1,9,0,0,"[1, 2, 1, 2]",1,True,False,4943941135119743,4943941136748528,9437184,1.5795199871063232,False,57982058496,spread,[3392]
remote_2,10,0,0,"[1, 1, 0, 0]",1,True,False,4943941147886658,4943941149838287,9437184,1.634112000465393,False,57982058496,spread,[3311]
remote_3,10,0,0,"[1, 0, 1, 0]",1,True,False,4943941160504262,4943941161372053,9437184,0.8162239789962769,False,57982058496,spread,[3311]
remote_0,10,0,0,"[2, 2, 1, 1]",1,True,False,4943941172210129,4943941175387537,18874368,3.115391969680786,False,57982058496,spread,"[3603, 3986]"
remote_1,10,0,0,"[1, 2, 1, 2]",1,True,False,4943941185804511,4943941187433755,9437184,1.5776959657669067,False,57982058496,spread,[3603]
remote_0,11,0,0,"[2, 2, 1, 1]",1,True,False,4943941198577107,4943941201741870,18874368,3.108544111251831,False,57982058496,spread,"[3814, 4197]"
remote_3,11,0,0,"[1, 0, 1, 0]",1,True,False,4943941212134603,4943941213014657,9437184,0.818336009979248,False,57982058496,spread,[3522]
remote_1,11,0,0,"[1, 2, 1, 2]",1,True,False,4943941223414399,4943941225050757,9437184,1.583008050918579,False,57982058496,spread,[3814]
remote_2,11,0,0,"[1, 1, 0, 0]",1,True,False,4943941236205301,4943941237827859,9437184,1.5711679458618164,False,57982058496,spread,[3522]
remote_0,12,0,0,"[2, 2, 1, 1]",1,True,False,4943941248260085,4943941251426898,18874368,3.1109440326690674,False,57982058496,spread,"[4025, 4408]"
remote_2,12,0,0,"[1, 1, 0, 0]",1,True,False,4943941261886138,4943941263505931,9437184,1.5644160509109497,False,57982058496,spread,[3733]
remote_3,12,0,0,"[1, 0, 1, 0]",1,True,False,4943941273972321,4943941274848635,9437184,0.8187839984893799,False,57982058496,spread,[3733]
remote_1,12,0,0,"[1, 2, 1, 2]",1,True,False,4943941285199053,4943941286831450,9437184,1.5747840404510498,False,57982058496,spread,[4025]
remote_0,13,0,0,"[2, 2, 1, 1]",1,True,False,4943941297964824,4943941301446917,18874368,3.201632022857666,False,57982058496,spread,"[4236, 4619]"
remote_2,13,0,0,"[1, 1, 0, 0]",1,True,False,4943941312156712,4943941313779333,9437184,1.5666879415512085,False,57982058496,spread,[3944]
remote_1,13,0,0,"[1, 2, 1, 2]",1,True,False,4943941324215993,4943941325857630,9437184,1.5831999778747559,False,57982058496,spread,[4236]
remote_3,13,0,0,"[1, 0, 1, 0]",1,True,False,4943941337029077,4943941337897795,9437184,0.8148800134658813,False,57982058496,spread,[3944]
remote_3,14,0,0,"[1, 0, 1, 0]",1,True,False,4943941348246196,4943941349118140,9437184,0.818015992641449,False,57982058496,spread,[4155]
remote_0,14,0,0,"[2, 2, 1, 1]",1,True,False,4943941359400493,4943941362557694,18874368,3.0996479988098145,False,57982058496,spread,"[4447, 4830]"
remote_1,14,0,0,"[1, 2, 1, 2]",1,True,False,4943941372953084,4943941374594184,9437184,1.5839359760284424,False,57982058496,spread,[4447]
remote_2,14,0,0,"[1, 1, 0, 0]",1,True,False,4943941385873698,4943941387487994,9437184,1.5640959739685059,False,57982058496,spread,[4155]
remote_1,15,0,0,"[1, 2, 1, 2]",1,True,False,4943941397913689,4943941399549140,9437184,1.5814080238342285,False,57982058496,spread,[4658]
remote_2,15,0,0,"[1, 1, 0, 0]",1,True,False,4943941410674133,4943941412291156,9437184,1.5627199411392212,False,57982058496,spread,[4366]
remote_3,15,0,0,"[1, 0, 1, 0]",1,True,False,4943941422606985,4943941423476276,9437184,0.8147519826889038,False,57982058496,spread,[4366]
remote_0,15,0,0,"[2, 2, 1, 1]",1,True,False,4943941433812258,4943941436977066,18874368,3.1094720363616943,False,57982058496,spread,"[4658, 5041]"
remote_2,16,0,0,"[1, 1, 0, 0]",1,True,False,4943941447353357,4943941449010107,9437184,1.5616320371627808,False,57982058496,spread,[4577]
remote_0,16,0,0,"[2, 2, 1, 1]",1,True,False,4943941459814430,4943941463049763,18874368,3.1446399688720703,False,57982058496,spread,"[4869, 5252]"
remote_3,16,0,0,"[1, 0, 1, 0]",1,True,False,4943941473446417,4943941474315693,9437184,0.814079999923706,False,57982058496,spread,[4577]
remote_1,16,0,0,"[1, 2, 1, 2]",1,True,False,4943941484666400,4943941486291666,9437184,1.563423991203308,False,57982058496,spread,[4869]
remote_2,17,0,0,"[1, 1, 0, 0]",1,True,False,4943941497450553,4943941499077417,9437184,1.5688639879226685,False,57982058496,spread,[4788]
remote_3,17,0,0,"[1, 0, 1, 0]",1,True,False,4943941509513903,4943941510387576,9437184,0.818015992641449,False,57982058496,spread,[4788]
remote_1,17,0,0,"[1, 2, 1, 2]",1,True,False,4943941520708303,4943941522341095,9437184,1.5759040117263794,False,57982058496,spread,[5080]
remote_0,17,0,0,"[2, 2, 1, 1]",1,True,False,4943941533456615,4943941536620916,18874368,3.110368013381958,False,57982058496,spread,"[5080, 5463]"
remote_1,18,0,0,"[1, 2, 1, 2]",1,True,False,4943941546916230,4943941548557960,9437184,1.5849599838256836,False,57982058496,spread,[5291]
remote_2,18,0,0,"[1, 1, 0, 0]",1,True,False,4943941559664767,4943941561286979,9437184,1.5691519975662231,False,57982058496,spread,[4999]
remote_3,18,0,0,"[1, 0, 1, 0]",1,True,False,4943941571736997,4943941572608182,9437184,0.8165760040283203,False,57982058496,spread,[4999]
remote_0,18,0,0,"[2, 2, 1, 1]",1,True,False,4943941583110763,4943941586298802,18874368,2.9337921142578125,False,57982058496,spread,"[5291, 5674]"
remote_0,19,0,0,"[2, 2, 1, 1]",1,True,False,4943941596660724,4943941599815124,18874368,3.1005120277404785,False,57982058496,spread,"[5502, 5885]"
remote_2,19,0,0,"[1, 1, 0, 0]",1,True,False,4943941610232879,4943941612172927,9437184,1.660640001296997,False,57982058496,spread,[5210]
remote_1,19,0,0,"[1, 2, 1, 2]",1,True,False,4943941622839532,4943941624475237,9437184,1.580575942993164,False,57982058496,spread,[5502]
remote_3,19,0,0,"[1, 0, 1, 0]",1,True,False,4943941635612670,4943941636474400,9437184,0.8134080171585083,False,57982058496,spread,[5210]
remote_3,20,0,0,"[1, 0, 1, 0]",1,True,False,4943941646870026,4943941647730743,9437184,0.8134080171585083,False,57982058496,spread,[5421]
remote_1,20,0,0,"[1, 2, 1, 2]",1,True,False,4943941658605247,4943941660245642,9437184,1.586400032043457,False,57982058496,spread,[5713]
remote_2,20,0,0,"[1, 1, 0, 0]",1,True,False,4943941671346711,4943941672965962,9437184,1.5702719688415527,False,57982058496,spread,[5421]
remote_0,20,0,0,"[2, 2, 1, 1]",1,True,False,4943941683414436,4943941686563271,18874368,3.1018240451812744,False,57982058496,spread,"[5713, 6096]"
remote_2,21,0,0,"[1, 1, 0, 0]",1,True,False,4943941697019107,4943941698639785,9437184,1.5722240209579468,False,57982058496,spread,[5632]
remote_1,21,0,0,"[1, 2, 1, 2]",1,True,False,4943941709115031,4943941710746133,9437184,1.580064058303833,False,57982058496,spread,[5924]
remote_0,21,0,0,"[2, 2, 1, 1]",1,True,False,4943941722175988,4943941725329290,18874368,3.106656074523926,False,57982058496,spread,"[5924, 163]"
remote_3,21,0,0,"[1, 0, 1, 0]",1,True,False,4943941735794355,4943941736658025,9437184,0.8136000037193298,False,57982058496,spread,[5632]
remote_0,22,0,0,"[2, 2, 1, 1]",1,True,False,4943941747089923,4943941750237020,18874368,3.0968000888824463,False,57982058496,spread,"[6135, 374]"
remote_2,22,0,0,"[1, 1, 0, 0]",1,True,False,4943941760726143,4943941762658730,9437184,1.6657600402832031,False,57982058496,spread,[5843]
remote_1,22,0,0,"[1, 2, 1, 2]",1,True,False,4943941773386885,4943941775024024,9437184,1.5825920104980469,False,57982058496,spread,[6135]
remote_3,22,0,0,"[1, 0, 1, 0]",1,True,False,4943941786209920,4943941787074740,9437184,0.8162239789962769,False,57982058496,spread,[5843]
remote_1,23,0,0,"[1, 2, 1, 2]",1,True,False,4943941797487108,4943941799141569,9437184,1.5882560014724731,False,57982058496,spread,[202]
remote_3,23,0,0,"[1, 0, 1, 0]",1,True,False,4943941819494379,4943941828908032,9437184,0.8261119723320007,False,57982058496,spread,[6054]
remote_0,23,0,0,"[2, 2, 1, 1]",1,True,False,4943941866019402,4943941867737984,18874368,1.5986560583114624,False,57982058496,spread,"[202, 585]"
remote_2,23,0,0,"[1, 1, 0, 0]",1,True,False,4943941893506960,4943941895126719,9437184,1.5637120008468628,False,57982058496,spread,[6054]
remote_0,24,0,0,"[2, 2, 1, 1]",1,True,False,4943941905444793,4943941908606468,18874368,3.114464044570923,False,57982058496,spread,"[413, 796]"
remote_1,24,0,0,"[1, 2, 1, 2]",1,True,False,4943941918853374,4943941920488166,9437184,1.5837759971618652,False,57982058496,spread,[413]
remote_3,24,0,0,"[1, 0, 1, 0]",1,True,False,4943941931602149,4943941932464967,9437184,0.8150399923324585,False,57982058496,spread,[121]
remote_2,24,0,0,"[1, 1, 0, 0]",1,True,False,4943941942814107,4943941944434860,9437184,1.5696959495544434,False,57982058496,spread,[121]
remote_2,25,0,0,"[1, 1, 0, 0]",1,True,False,4943941954792330,4943941956419202,9437184,1.5705280303955078,False,57982058496,spread,[332]
remote_3,25,0,0,"[1, 0, 1, 0]",1,True,False,4943941966762792,4943941967622994,9437184,0.813215970993042,False,57982058496,spread,[332]
remote_0,25,0,0,"[2, 2, 1, 1]",1,True,False,4943941977989290,4943941981142441,18874368,3.105760097503662,False,57982058496,spread,"[624, 1007]"
remote_1,25,0,0,"[1, 2, 1, 2]",1,True,False,4943941991526091,4943941993205452,9437184,1.5822399854660034,False,57982058496,spread,[624]
remote_3,26,0,0,"[1, 0, 1, 0]",1,True,False,4943942004702966,4943942005640660,9437184,0.8535680174827576,False,57982058496,spread,[543]
remote_0,26,0,0,"[2, 2, 1, 1]",1,True,False,4943942016013960,4943942019205628,18874368,3.1055359840393066,False,57982058496,spread,"[835, 1218]"
remote_1,26,0,0,"[1, 2, 1, 2]",1,True,False,4943942029666582,4943942031335611,9437184,1.6051199436187744,False,57982058496,spread,[835]
remote_2,26,0,0,"[1, 1, 0, 0]",1,True,False,4943942042445869,4943942044061787,9437184,1.5650880336761475,False,57982058496,spread,[543]
remote_0,27,0,0,"[2, 2, 1, 1]",1,True,False,4943942054420540,4943942057587361,18874368,3.1185600757598877,False,57982058496,spread,"[1046, 1429]"
remote_3,27,0,0,"[1, 0, 1, 0]",1,True,False,4943942067998746,4943942068885506,9437184,0.824288010597229,False,57982058496,spread,[754]
remote_2,27,0,0,"[1, 1, 0, 0]",1,True,False,4943942079217121,4943942080833748,9437184,1.5679680109024048,False,57982058496,spread,[754]
remote_1,27,0,0,"[1, 2, 1, 2]",1,True,False,4943942091160335,4943942092793241,9437184,1.5807039737701416,False,57982058496,spread,[1046]
remote_0,28,0,0,"[2, 2, 1, 1]",1,True,False,4943942103943759,4943942107103699,18874368,3.1109440326690674,False,57982058496,spread,"[1257, 1640]"
remote_2,28,0,0,"[1, 1, 0, 0]",1,True,False,4943942117564325,4943942119176509,9437184,1.564255952835083,False,57982058496,spread,[965]
remote_3,28,0,0,"[1, 0, 1, 0]",1,True,False,4943942129542441,4943942130401561,9437184,0.8119999766349792,False,57982058496,spread,[965]
remote_1,28,0,0,"[1, 2, 1, 2]",1,True,False,4943942140740449,4943942142368716,9437184,1.577888011932373,False,57982058496,spread,[1257]
remote_3,29,0,0,"[1, 0, 1, 0]",1,True,False,4943942153542177,4943942154722250,9437184,0.9022719860076904,False,57982058496,spread,[1176]
remote_2,29,0,0,"[1, 1, 0, 0]",1,True,False,4943942165270814,4943942166871352,9437184,1.546496033668518,False,57982058496,spread,[1176]
remote_1,29,0,0,"[1, 2, 1, 2]",1,True,False,4943942177264028,4943942178897257,9437184,1.581760048866272,False,57982058496,spread,[1468]
remote_0,29,0,0,"[2, 2, 1, 1]",1,True,False,4943942190086357,4943942193248978,18874368,3.108896017074585,False,57982058496,spread,"[1468, 1851]"
overlap_1,-5,0,0,"[1, 2, 1, 2]",1,False,True,4943963694146859,4943963910521854,9437184,2.84716796875,True,57982058496,spread,[438]
overlap_0,-5,0,0,"[2, 2, 1, 1]",1,False,True,4943963924290009,4943963929112868,18874368,4.507391929626465,True,57982058496,spread,"[438, 821]"
overlap_2,-5,0,0,"[2, 1, 2, 1]",1,False,True,4943963939963778,4943963943941959,18874368,3.7456319332122803,True,57982058496,spread,"[438, 821]"
overlap_0,-4,0,0,"[2, 2, 1, 1]",1,False,True,4943963954523876,4943963959218602,18874368,4.528255939483643,True,57982058496,spread,"[649, 1032]"
overlap_1,-4,0,0,"[1, 2, 1, 2]",1,False,True,4943963969826031,4943963973464430,9437184,2.895711898803711,True,57982058496,spread,[649]
overlap_2,-4,0,0,"[2, 1, 2, 1]",1,False,True,4943963984514800,4943963988536739,18874368,3.643264055252075,True,57982058496,spread,"[649, 1032]"
overlap_2,-3,0,0,"[2, 1, 2, 1]",1,False,True,4943963999179191,4943964003140194,18874368,3.749664068222046,True,57982058496,spread,"[860, 1243]"
overlap_1,-3,0,0,"[1, 2, 1, 2]",1,False,True,4943964013702705,4943964016534815,9437184,2.631999969482422,True,57982058496,spread,[860]
overlap_0,-3,0,0,"[2, 2, 1, 1]",1,False,True,4943964028358234,4943964033027876,18874368,4.500415802001953,True,57982058496,spread,"[860, 1243]"
overlap_2,-2,0,0,"[2, 1, 2, 1]",1,False,True,4943964043844419,4943964047811206,18874368,3.763456106185913,True,57982058496,spread,"[1071, 1454]"
overlap_0,-2,0,0,"[2, 2, 1, 1]",1,False,True,4943964059217475,4943964063965397,18874368,4.516416072845459,True,57982058496,spread,"[1071, 1454]"
overlap_1,-2,0,0,"[1, 2, 1, 2]",1,False,True,4943964074530835,4943964077451369,9437184,2.752608060836792,True,57982058496,spread,[1071]
overlap_1,-1,0,0,"[1, 2, 1, 2]",1,False,True,4943964089018183,4943964091881873,9437184,2.7090559005737305,True,57982058496,spread,[1282]
overlap_2,-1,0,0,"[2, 1, 2, 1]",1,False,True,4943964103486661,4943964107409709,18874368,3.793951988220215,True,57982058496,spread,"[1282, 1665]"
overlap_0,-1,0,0,"[2, 2, 1, 1]",1,False,True,4943964117957751,4943964122656438,18874368,4.548384189605713,True,57982058496,spread,"[1282, 1665]"
overlap_0,0,0,0,"[2, 2, 1, 1]",1,False,True,4943964133445095,4943964138160353,18874368,4.551328182220459,True,57982058496,spread,"[1493, 1876]"
overlap_2,0,0,0,"[2, 1, 2, 1]",1,False,True,4943964148569951,4943964152509222,18874368,3.8028481006622314,True,57982058496,spread,"[1493, 1876]"
overlap_1,0,0,0,"[1, 2, 1, 2]",1,False,True,4943964162883982,4943964165771016,9437184,2.7360639572143555,True,57982058496,spread,[1493]
overlap_2,1,0,0,"[2, 1, 2, 1]",1,False,True,4943964177486377,4943964181411030,18874368,3.7775681018829346,True,57982058496,spread,"[1704, 2087]"
overlap_1,1,0,0,"[1, 2, 1, 2]",1,False,True,4943964191680170,4943964194485101,9437184,2.6376960277557373,True,57982058496,spread,[1704]
overlap_0,1,0,0,"[2, 2, 1, 1]",1,False,True,4943964206016261,4943964210710850,18874368,4.553887844085693,True,57982058496,spread,"[1704, 2087]"
overlap_0,2,0,0,"[2, 2, 1, 1]",1,False,True,4943964221028439,4943964225698395,18874368,4.525343894958496,True,57982058496,spread,"[1915, 2298]"
overlap_2,2,0,0,"[2, 1, 2, 1]",1,False,True,4943964236036517,4943964239960635,18874368,3.7698240280151367,True,57982058496,spread,"[1915, 2298]"
overlap_1,2,0,0,"[1, 2, 1, 2]",1,False,True,4943964250248657,4943964253001484,9437184,2.6004159450531006,True,57982058496,spread,[1915]
overlap_1,3,0,0,"[1, 2, 1, 2]",1,False,True,4943964264510392,4943964267339114,9437184,2.6682240962982178,True,57982058496,spread,[2126]
overlap_2,3,0,0,"[2, 1, 2, 1]",1,False,True,4943964278723580,4943964282703632,18874368,3.599519968032837,True,57982058496,spread,"[2126, 2509]"
overlap_0,3,0,0,"[2, 2, 1, 1]",1,False,True,4943964293147946,4943964297821559,18874368,4.524767875671387,True,57982058496,spread,"[2126, 2509]"
overlap_0,4,0,0,"[2, 2, 1, 1]",1,False,True,4943964308145385,4943964312815174,18874368,4.514431953430176,True,57982058496,spread,"[2337, 2720]"
overlap_1,4,0,0,"[1, 2, 1, 2]",1,False,True,4943964323164303,4943964326039873,9437184,2.6833279132843018,True,57982058496,spread,[2337]
overlap_2,4,0,0,"[2, 1, 2, 1]",1,False,True,4943964337720299,4943964341670102,18874368,3.812544107437134,True,57982058496,spread,"[2337, 2720]"
overlap_1,5,0,0,"[1, 2, 1, 2]",1,False,True,4943964351997533,4943964354853913,9437184,2.670527935028076,True,57982058496,spread,[2548]
overlap_2,5,0,0,"[2, 1, 2, 1]",1,False,True,4943964366248821,4943964370188936,18874368,3.800607919692993,True,57982058496,spread,"[2548, 2931]"
overlap_0,5,0,0,"[2, 2, 1, 1]",1,False,True,4943964380555936,4943964385240698,18874368,4.533984184265137,True,57982058496,spread,"[2548, 2931]"
overlap_2,6,0,0,"[2, 1, 2, 1]",1,False,True,4943964395643009,4943964399569002,18874368,3.7923200130462646,True,57982058496,spread,"[2759, 3142]"
overlap_0,6,0,0,"[2, 2, 1, 1]",1,False,True,4943964409994727,4943964414675791,18874368,4.5503997802734375,True,57982058496,spread,"[2759, 3142]"
overlap_1,6,0,0,"[1, 2, 1, 2]",1,False,True,4943964425108360,4943964428185856,9437184,2.716576099395752,True,57982058496,spread,[2759]
overlap_0,7,0,0,"[2, 2, 1, 1]",1,False,True,4943964439386419,4943964444047054,18874368,4.525504112243652,True,57982058496,spread,"[2970, 3353]"
overlap_2,7,0,0,"[2, 1, 2, 1]",1,False,True,4943964454384506,4943964458285683,18874368,3.765471935272217,True,57982058496,spread,"[2970, 3353]"
overlap_1,7,0,0,"[1, 2, 1, 2]",1,False,True,4943964468659384,4943964471580169,9437184,2.7663679122924805,True,57982058496,spread,[2970]
overlap_0,8,0,0,"[2, 2, 1, 1]",1,False,True,4943964482919512,4943964487587764,18874368,4.535935878753662,True,57982058496,spread,"[3181, 3564]"
overlap_2,8,0,0,"[2, 1, 2, 1]",1,False,True,4943964498177151,4943964502108235,18874368,3.804287910461426,True,57982058496,spread,"[3181, 3564]"
overlap_1,8,0,0,"[1, 2, 1, 2]",1,False,True,4943964512443069,4943964515214310,9437184,2.612351894378662,True,57982058496,spread,[3181]
overlap_0,9,0,0,"[2, 2, 1, 1]",1,False,True,4943964526706809,4943964531383226,18874368,4.5472002029418945,True,57982058496,spread,"[3392, 3775]"
overlap_2,9,0,0,"[2, 1, 2, 1]",1,False,True,4943964541794921,4943964545695734,18874368,3.7536959648132324,True,57982058496,spread,"[3392, 3775]"
overlap_1,9,0,0,"[1, 2, 1, 2]",1,False,True,4943964556057630,4943964558912257,9437184,2.6914560794830322,True,57982058496,spread,[3392]
overlap_2,10,0,0,"[2, 1, 2, 1]",1,False,True,4943964570309230,4943964574206796,18874368,3.7703680992126465,True,57982058496,spread,"[3603, 3986]"
overlap_0,10,0,0,"[2, 2, 1, 1]",1,False,True,4943964584582427,4943964589275012,18874368,4.3321919441223145,True,57982058496,spread,"[3603, 3986]"
overlap_1,10,0,0,"[1, 2, 1, 2]",1,False,True,4943964599651922,4943964602492456,9437184,2.6891520023345947,True,57982058496,spread,[3603]
overlap_0,11,0,0,"[2, 2, 1, 1]",1,False,True,4943964613917895,4943964618569620,18874368,4.495776176452637,True,57982058496,spread,"[3814, 4197]"
overlap_1,11,0,0,"[1, 2, 1, 2]",1,False,True,4943964628942823,4943964631781843,9437184,2.6376960277557373,True,57982058496,spread,[3814]
overlap_2,11,0,0,"[2, 1, 2, 1]",1,False,True,4943964643226582,4943964647222261,18874368,3.8321280479431152,True,57982058496,spread,"[3814, 4197]"
overlap_0,12,0,0,"[2, 2, 1, 1]",1,False,True,4943964657577363,4943964662272491,18874368,4.5381760597229,True,57982058496,spread,"[4025, 4408]"
overlap_1,12,0,0,"[1, 2, 1, 2]",1,False,True,4943964672632964,4943964675505238,9437184,2.7096641063690186,True,57982058496,spread,[4025]
overlap_2,12,0,0,"[2, 1, 2, 1]",1,False,True,4943964686912987,4943964690872205,18874368,3.762784004211426,True,57982058496,spread,"[4025, 4408]"
overlap_2,13,0,0,"[2, 1, 2, 1]",1,False,True,4943964701344899,4943964705277493,18874368,3.7730560302734375,True,57982058496,spread,"[4236, 4619]"
overlap_0,13,0,0,"[2, 2, 1, 1]",1,False,True,4943964715674590,4943964720353797,18874368,4.507872104644775,True,57982058496,spread,"[4236, 4619]"
overlap_1,13,0,0,"[1, 2, 1, 2]",1,False,True,4943964730679597,4943964733872816,9437184,2.8178560733795166,True,57982058496,spread,[4236]
overlap_0,14,0,0,"[2, 2, 1, 1]",1,False,True,4943964744992577,4943964749675341,18874368,4.525152206420898,True,57982058496,spread,"[4447, 4830]"
overlap_1,14,0,0,"[1, 2, 1, 2]",1,False,True,4943964760037294,4943964762877893,9437184,2.6669440269470215,True,57982058496,spread,[4447]
overlap_2,14,0,0,"[2, 1, 2, 1]",1,False,True,4943964774302747,4943964778223877,18874368,3.7788798809051514,True,57982058496,spread,"[4447, 4830]"
overlap_2,15,0,0,"[2, 1, 2, 1]",1,False,True,4943964788600779,4943964792538616,18874368,3.7944319248199463,True,57982058496,spread,"[4658, 5041]"
overlap_0,15,0,0,"[2, 2, 1, 1]",1,False,True,4943964802849309,4943964807539813,18874368,4.5548481941223145,True,57982058496,spread,"[4658, 5041]"
overlap_1,15,0,0,"[1, 2, 1, 2]",1,False,True,4943964817927183,4943964820704065,9437184,2.6281280517578125,True,57982058496,spread,[4658]
overlap_2,16,0,0,"[2, 1, 2, 1]",1,False,True,4943964832232156,4943964836124770,18874368,3.7666239738464355,True,57982058496,spread,"[4869, 5252]"
overlap_1,16,0,0,"[1, 2, 1, 2]",1,False,True,4943964846508632,4943964849391447,9437184,2.7131199836730957,True,57982058496,spread,[4869]
overlap_0,16,0,0,"[2, 2, 1, 1]",1,False,True,4943964860750297,4943964865416065,18874368,4.529664039611816,True,57982058496,spread,"[4869, 5252]"
overlap_2,17,0,0,"[2, 1, 2, 1]",1,False,True,4943964875840667,4943964879737775,18874368,3.771872043609619,True,57982058496,spread,"[5080, 5463]"
overlap_0,17,0,0,"[2, 2, 1, 1]",1,False,True,4943964890203938,4943964894904888,18874368,4.360511779785156,True,57982058496,spread,"[5080, 5463]"
overlap_1,17,0,0,"[1, 2, 1, 2]",1,False,True,4943964905392295,4943964908319402,9437184,2.7736639976501465,True,57982058496,spread,[5080]
overlap_2,18,0,0,"[2, 1, 2, 1]",1,False,True,4943964919705251,4943964923617968,18874368,3.766592025756836,True,57982058496,spread,"[5291, 5674]"
overlap_1,18,0,0,"[1, 2, 1, 2]",1,False,True,4943964933958731,4943964936797250,9437184,2.669951915740967,True,57982058496,spread,[5291]
overlap_0,18,0,0,"[2, 2, 1, 1]",1,False,True,4943964948169462,4943964952774788,18874368,4.47273588180542,True,57982058496,spread,"[5291, 5674]"
overlap_2,19,0,0,"[2, 1, 2, 1]",1,False,True,4943964963321257,4943964967222797,18874368,3.761568069458008,True,57982058496,spread,"[5502, 5885]"
overlap_0,19,0,0,"[2, 2, 1, 1]",1,False,True,4943964977573407,4943964982261079,18874368,4.553023815155029,True,57982058496,spread,"[5502, 5885]"
overlap_1,19,0,0,"[1, 2, 1, 2]",1,False,True,4943964992600995,4943964995450467,9437184,2.6960959434509277,True,57982058496,spread,[5502]
overlap_2,20,0,0,"[2, 1, 2, 1]",1,False,True,4943965006846691,4943965010777317,18874368,3.7958080768585205,True,57982058496,spread,"[5713, 6096]"
overlap_1,20,0,0,"[1, 2, 1, 2]",1,False,True,4943965021223129,4943965024074053,9437184,2.6827518939971924,True,57982058496,spread,[5713]
overlap_0,20,0,0,"[2, 2, 1, 1]",1,False,True,4943965035519808,4943965040270978,18874368,4.3853440284729,True,57982058496,spread,"[5713, 6096]"
overlap_1,21,0,0,"[1, 2, 1, 2]",1,False,True,4943965050589665,4943965053462093,9437184,2.706655979156494,True,57982058496,spread,[5924]
overlap_0,21,0,0,"[2, 2, 1, 1]",1,False,True,4943965064850853,4943965069514084,18874368,4.523776054382324,True,57982058496,spread,"[5924, 163]"
overlap_2,21,0,0,"[2, 1, 2, 1]",1,False,True,4943965079829321,4943965083763711,18874368,3.7344000339508057,True,57982058496,spread,"[5924, 163]"
overlap_2,22,0,0,"[2, 1, 2, 1]",1,False,True,4943965094213526,4943965098111650,18874368,3.7444159984588623,True,57982058496,spread,"[6135, 374]"
overlap_1,22,0,0,"[1, 2, 1, 2]",1,False,True,4943965108491681,4943965111403374,9437184,2.7166080474853516,True,57982058496,spread,[6135]
overlap_0,22,0,0,"[2, 2, 1, 1]",1,False,True,4943965122747114,4943965127417235,18874368,4.539072036743164,True,57982058496,spread,"[6135, 374]"
overlap_0,23,0,0,"[2, 2, 1, 1]",1,False,True,4943965137832260,4943965142485853,18874368,4.527328014373779,True,57982058496,spread,"[202, 585]"
overlap_1,23,0,0,"[1, 2, 1, 2]",1,False,True,4943965152890917,4943965155770215,9437184,2.7243518829345703,True,57982058496,spread,[202]
overlap_2,23,0,0,"[2, 1, 2, 1]",1,False,True,4943965167144130,4943965171054215,18874368,3.7826879024505615,True,57982058496,spread,"[202, 585]"
overlap_0,24,0,0,"[2, 2, 1, 1]",1,False,True,4943965181600357,4943965186304913,18874368,4.549536228179932,True,57982058496,spread,"[413, 796]"
overlap_1,24,0,0,"[1, 2, 1, 2]",1,False,True,4943965196928297,4943965199852865,9437184,2.702080011367798,True,57982058496,spread,[413]
overlap_2,24,0,0,"[2, 1, 2, 1]",1,False,True,4943965211196661,4943965215108457,18874368,3.7732160091400146,True,57982058496,spread,"[413, 796]"
overlap_0,25,0,0,"[2, 2, 1, 1]",1,False,True,4943965225509231,4943965230189013,18874368,4.547904014587402,True,57982058496,spread,"[624, 1007]"
overlap_2,25,0,0,"[2, 1, 2, 1]",1,False,True,4943965240528313,4943965244441718,18874368,3.7731521129608154,True,57982058496,spread,"[624, 1007]"
overlap_1,25,0,0,"[1, 2, 1, 2]",1,False,True,4943965254747802,4943965257519942,9437184,2.605504035949707,True,57982058496,spread,[624]
overlap_2,26,0,0,"[2, 1, 2, 1]",1,False,True,4943965269218390,4943965273139201,18874368,3.783168077468872,True,57982058496,spread,"[835, 1218]"
overlap_1,26,0,0,"[1, 2, 1, 2]",1,False,True,4943965283504536,4943965286321990,9437184,2.6672000885009766,True,57982058496,spread,[835]
overlap_0,26,0,0,"[2, 2, 1, 1]",1,False,True,4943965297960248,4943965302630841,18874368,4.533247947692871,True,57982058496,spread,"[835, 1218]"
overlap_2,27,0,0,"[2, 1, 2, 1]",1,False,True,4943965313017839,4943965316947738,18874368,3.791872024536133,True,57982058496,spread,"[1046, 1429]"
overlap_0,27,0,0,"[2, 2, 1, 1]",1,False,True,4943965327468932,4943965332164004,18874368,4.54585599899292,True,57982058496,spread,"[1046, 1429]"
overlap_1,27,0,0,"[1, 2, 1, 2]",1,False,True,4943965342465642,4943965345658586,9437184,2.861567974090576,True,57982058496,spread,[1046]
overlap_2,28,0,0,"[2, 1, 2, 1]",1,False,True,4943965356759118,4943965360651916,18874368,3.760159969329834,True,57982058496,spread,"[1257, 1640]"
overlap_0,28,0,0,"[2, 2, 1, 1]",1,False,True,4943965371062029,4943965375745414,18874368,4.55075216293335,True,57982058496,spread,"[1257, 1640]"
overlap_1,28,0,0,"[1, 2, 1, 2]",1,False,True,4943965386183853,4943965389131781,9437184,2.795167922973633,True,57982058496,spread,[1257]
overlap_0,29,0,0,"[2, 2, 1, 1]",1,False,True,4943965400480732,4943965405049789,18874368,4.319392204284668,True,57982058496,spread,"[1468, 1851]"
overlap_1,29,0,0,"[1, 2, 1, 2]",1,False,True,4943965415745603,4943965418606928,9437184,2.7082560062408447,True,57982058496,spread,[1468]
overlap_2,29,0,0,"[2, 1, 2, 1]",1,False,True,4943965429996861,4943965433918143,18874368,3.7908480167388916,True,57982058496,spread,"[1468, 1851]"
six_1,-5,1,1,"[1, 2, 1, 2]",1,False,False,4943906904783631,4943906907502312,18874368,2.5142080783843994,False,57982058496,spread,"[821, 1204]"
two_pair_0_1,-5,1,1,"[1, 1, 0, 0]",1,False,False,4943906959217632,4943906960929265,9437184,1.5925120115280151,False,57982058496,spread,[529]
two_pair_0_2,-5,1,1,"[1, 0, 1, 0]",1,False,False,4943906971432154,4943906971529191,0,0,False,57982058496,spread,[]
concurrency_4_rank,-5,1,1,"[4, 4, 3, 3]",4,False,False,4943906982919466,4943906989269798,37748736,6.188032150268555,False,57982058496,spread,"[2554, 2937, 3320, 3703]"
two_single_1,-5,1,1,"[0, 2, 0, 0]",1,False,False,4943906999845399,4943907001499166,18874368,1.6003520488739014,False,57982058496,spread,"[146, 529]"
scale_2_group,-5,1,1,"[0, 1, 0, 1]",1,False,False,4943907012025044,4943907012898907,9437184,0.8242239952087402,False,57982058496,spread,[146]
scale_14_group,-5,1,1,"[3, 4, 3, 4]",1,False,False,4943907023473461,4943907028942092,37748736,5.424320220947266,False,57982058496,spread,"[2171, 2554, 2937, 3320]"
scale_10_rank,-5,1,1,"[3, 3, 2, 2]",1,False,False,4943907039474870,4943907044194910,28311552,4.669151782989502,False,57982058496,spread,"[1879, 2262, 2645]"
scale_62_rank,-5,1,1,"[16, 16, 15, 15]",1,False,False,4943907054590299,4943907079321666,150994944,24.6823673248291,False,57982058496,spread,"[4510, 4893, 5276, 5659, 6042, 281, 664, 1047, 1430, 1813, 2196, 2579, 2962, 3345, 3728, 4111]"
scale_50_group,-5,1,1,"[12, 13, 12, 13]",1,False,False,4943907090640501,4943907109969791,122683392,19.280319213867188,False,57982058496,spread,"[2102, 2485, 2868, 3251, 3634, 4017, 4400, 4783, 5166, 5549, 5932, 171, 554]"
scale_6_group,-5,1,1,"[1, 2, 1, 2]",1,False,False,4943907120672665,4943907123094345,18874368,2.3701438903808594,False,57982058496,spread,"[821, 1204]"
two_single_0,-5,1,1,"[2, 0, 0, 0]",1,False,False,4943907133483526,4943907133555393,0,0,False,57982058496,spread,[]
scale_6_rank,-5,1,1,"[2, 2, 1, 1]",1,False,False,4943907145566813,4943907148744365,18874368,3.1132800579071045,False,57982058496,spread,"[1204, 1587]"
six_3,-5,1,1,"[1, 1, 2, 2]",1,False,False,4943907159125148,4943907160572867,9437184,1.3893120288848877,False,57982058496,spread,[821]
scale_10_group,-5,1,1,"[2, 3, 2, 3]",1,False,False,4943907172805711,4943907176746257,28311552,3.879647970199585,False,57982058496,spread,"[1496, 1879, 2262]"
scale_4_rank,-5,1,1,"[1, 1, 1, 1]",1,False,False,4943907187220345,4943907188858241,9437184,1.5844160318374634,False,57982058496,spread,[675]
concurrency_4_group,-5,1,1,"[3, 4, 3, 4]",4,False,False,4943907199275867,4943907204826521,37748736,5.438720226287842,False,57982058496,spread,"[2171, 2554, 2937, 3320]"
two_pair_2_3,-5,1,1,"[0, 0, 1, 1]",1,False,False,4943907215294678,4943907215371840,0,0,False,57982058496,spread,[]
concurrency_2_rank,-5,1,1,"[4, 4, 3, 3]",2,False,False,4943907227505464,4943907233798691,37748736,6.2103681564331055,False,57982058496,spread,"[2554, 2937, 3320, 3703]"
scale_50_rank,-5,1,1,"[13, 13, 12, 12]",1,False,False,4943907244272834,4943907264360894,122683392,20.031455993652344,False,57982058496,spread,"[2485, 2868, 3251, 3634, 4017, 4400, 4783, 5166, 5549, 5932, 171, 554, 937]"
concurrency_2_group,-5,1,1,"[3, 4, 3, 4]",2,False,False,4943907275090172,4943907280595273,37748736,5.431680202484131,False,57982058496,spread,"[2171, 2554, 2937, 3320]"
scale_14_rank,-5,1,1,"[4, 4, 3, 3]",1,False,False,4943907291032759,4943907297298135,37748736,6.210783958435059,False,57982058496,spread,"[2554, 2937, 3320, 3703]"
two_single_3,-5,1,1,"[0, 0, 0, 2]",1,False,False,4943907307794665,4943907307867138,0,0,False,57982058496,spread,[]
two_pair_1_2,-5,1,1,"[0, 1, 1, 0]",1,False,False,4943907319902829,4943907320993820,9437184,0.8615679740905762,False,57982058496,spread,[146]
scale_2_rank,-5,1,1,"[1, 1, 0, 0]",1,False,False,4943907331699983,4943907333328315,9437184,1.5703359842300415,False,57982058496,spread,[529]
scale_4_group,-5,1,1,"[1, 1, 1, 1]",1,False,False,4943907343834598,4943907345487289,9437184,1.5959359407424927,False,57982058496,spread,[675]
scale_8_rank,-5,1,1,"[2, 2, 2, 2]",1,False,False,4943907356018110,4943907359212048,18874368,3.1340479850769043,False,57982058496,spread,"[1350, 1733]"
scale_8_group,-5,1,1,"[2, 2, 2, 2]",1,False,False,4943907369748429,4943907372930107,18874368,3.1270720958709717,False,57982058496,spread,"[1350, 1733]"
two_pair_0_3,-5,1,1,"[1, 0, 0, 1]",1,False,False,4943907383374003,4943907383447717,0,0,False,57982058496,spread,[]
two_single_2,-5,1,1,"[0, 0, 2, 0]",1,False,False,4943907394631133,4943907394700444,0,0,False,57982058496,spread,[]
six_0,-5,1,1,"[2, 2, 1, 1]",1,False,False,4943907406876217,4943907410065005,18874368,3.113408088684082,False,57982058496,spread,"[1204, 1587]"
two_pair_1_3,-5,1,1,"[0, 1, 0, 1]",1,False,False,4943907420567001,4943907421459338,9437184,0.8298879861831665,False,57982058496,spread,[146]
scale_62_group,-5,1,1,"[15, 16, 15, 16]",1,False,False,4943907432048447,4943907455988858,150994944,23.863359451293945,False,57982058496,spread,"[4127, 4510, 4893, 5276, 5659, 6042, 281, 664, 1047, 1430, 1813, 2196, 2579, 2962, 3345, 3728]"
six_2,-5,1,1,"[2, 1, 2, 1]",1,False,False,4943907480614338,4943907482212467,9437184,1.4680320024490356,False,57982058496,spread,[1204]
two_pair_1_2,-4,1,1,"[0, 1, 1, 0]",1,False,False,4943907493898837,4943907494925274,9437184,0.8612800240516663,False,57982058496,spread,[357]
scale_14_group,-4,1,1,"[3, 4, 3, 4]",1,False,False,4943907505438526,4943907510930241,37748736,5.428895950317383,False,57982058496,spread,"[2382, 2765, 3148, 3531]"
two_pair_1_3,-4,1,1,"[0, 1, 0, 1]",1,False,False,4943907521511388,4943907522405996,9437184,0.831167995929718,False,57982058496,spread,[357]
two_pair_0_2,-4,1,1,"[1, 0, 1, 0]",1,False,False,4943907532938507,4943907533022801,0,0,False,57982058496,spread,[]
scale_50_group,-4,1,1,"[12, 13, 12, 13]",1,False,False,4943907544335071,4943907563655744,122683392,19.23017692565918,False,57982058496,spread,"[2313, 2696, 3079, 3462, 3845, 4228, 4611, 4994, 5377, 5760, 6143, 382, 765]"
two_pair_0_1,-4,1,1,"[1, 1, 0, 0]",1,False,False,4943907574453928,4943907576102376,9437184,1.5922240018844604,False,57982058496,spread,[740]
six_0,-4,1,1,"[2, 2, 1, 1]",1,False,False,4943907586606180,4943907589788027,18874368,3.1246399879455566,False,57982058496,spread,"[1415, 1798]"
scale_4_rank,-4,1,1,"[1, 1, 1, 1]",1,False,False,4943907600313976,4943907601967039,9437184,1.5949759483337402,False,57982058496,spread,[886]
scale_8_rank,-4,1,1,"[2, 2, 2, 2]",1,False,False,4943907612522703,4943907615703251,18874368,3.1252799034118652,False,57982058496,spread,"[1561, 1944]"
concurrency_2_group,-4,1,1,"[3, 4, 3, 4]",2,False,False,4943907626212863,4943907631717955,37748736,5.346848011016846,False,57982058496,spread,"[2382, 2765, 3148, 3531]"
two_single_0,-4,1,1,"[2, 0, 0, 0]",1,False,False,4943907642318929,4943907642399109,0,0,False,57982058496,spread,[]
two_pair_2_3,-4,1,1,"[0, 0, 1, 1]",1,False,False,4943907654492536,4943907654588840,0,0,False,57982058496,spread,[]
scale_14_rank,-4,1,1,"[4, 4, 3, 3]",1,False,False,4943907666617072,4943907672879139,37748736,6.173183917999268,False,57982058496,spread,"[2765, 3148, 3531, 3914]"
scale_2_rank,-4,1,1,"[1, 1, 0, 0]",1,False,False,4943907683574557,4943907685217052,9437184,1.583456039428711,False,57982058496,spread,[740]
two_single_1,-4,1,1,"[0, 2, 0, 0]",1,False,False,4943907695758961,4943907697392136,18874368,1.5844800472259521,False,57982058496,spread,"[357, 740]"
scale_6_group,-4,1,1,"[1, 2, 1, 2]",1,False,False,4943907707928621,4943907710328418,18874368,2.3509440422058105,False,57982058496,spread,"[1032, 1415]"
two_single_3,-4,1,1,"[0, 0, 0, 2]",1,False,False,4943907721196188,4943907721264434,0,0,False,57982058496,spread,[]
six_2,-4,1,1,"[2, 1, 2, 1]",1,False,False,4943907733425448,4943907735027989,9437184,1.5555839538574219,False,57982058496,spread,[1415]
scale_10_rank,-4,1,1,"[3, 3, 2, 2]",1,False,False,4943907746374192,4943907751083610,28311552,4.6462721824646,False,57982058496,spread,"[2090, 2473, 2856]"
scale_62_rank,-4,1,1,"[16, 16, 15, 15]",1,False,False,4943907761619393,4943907786267084,150994944,24.59881591796875,False,57982058496,spread,"[4721, 5104, 5487, 5870, 109, 492, 875, 1258, 1641, 2024, 2407, 2790, 3173, 3556, 3939, 4322]"
six_1,-4,1,1,"[1, 2, 1, 2]",1,False,False,4943907797584910,4943907799984117,18874368,2.3502399921417236,False,57982058496,spread,"[1032, 1415]"
scale_6_rank,-4,1,1,"[2, 2, 1, 1]",1,False,False,4943907810531900,4943907813694614,18874368,3.114687919616699,False,57982058496,spread,"[1415, 1798]"
scale_4_group,-4,1,1,"[1, 1, 1, 1]",1,False,False,4943907824255254,4943907825889437,9437184,1.583008050918579,False,57982058496,spread,[886]
concurrency_4_group,-4,1,1,"[3, 4, 3, 4]",4,False,False,4943907836406502,4943907841959292,37748736,5.4224958419799805,False,57982058496,spread,"[2382, 2765, 3148, 3531]"
concurrency_2_rank,-4,1,1,"[4, 4, 3, 3]",2,False,False,4943907852806232,4943907859036861,37748736,6.157279968261719,False,57982058496,spread,"[2765, 3148, 3531, 3914]"
concurrency_4_rank,-4,1,1,"[4, 4, 3, 3]",4,False,False,4943907869563744,4943907875844743,37748736,6.177440166473389,False,57982058496,spread,"[2765, 3148, 3531, 3914]"
two_single_2,-4,1,1,"[0, 0, 2, 0]",1,False,False,4943907886310629,4943907886379474,0,0,False,57982058496,spread,[]
scale_50_rank,-4,1,1,"[13, 13, 12, 12]",1,False,False,4943907898391536,4943907918500062,122683392,20.002975463867188,False,57982058496,spread,"[2696, 3079, 3462, 3845, 4228, 4611, 4994, 5377, 5760, 6143, 382, 765, 1148]"
six_3,-4,1,1,"[1, 1, 2, 2]",1,False,False,4943907929801707,4943907931433413,9437184,1.5601600408554077,False,57982058496,spread,[1032]
scale_2_group,-4,1,1,"[0, 1, 0, 1]",1,False,False,4943907943590462,4943907944485215,9437184,0.8252800107002258,False,57982058496,spread,[357]
two_pair_0_3,-4,1,1,"[1, 0, 0, 1]",1,False,False,4943907954925210,4943907954996509,0,0,False,57982058496,spread,[]
scale_8_group,-4,1,1,"[2, 2, 2, 2]",1,False,False,4943907966287370,4943907969423363,18874368,3.0922560691833496,False,57982058496,spread,"[1561, 1944]"
scale_10_group,-4,1,1,"[2, 3, 2, 3]",1,False,False,4943907979991064,4943907983920513,28311552,3.879040002822876,False,57982058496,spread,"[1707, 2090, 2473]"
scale_62_group,-4,1,1,"[15, 16, 15, 16]",1,False,False,4943907994382774,4943908018379832,150994944,23.946144104003906,False,57982058496,spread,"[4338, 4721, 5104, 5487, 5870, 109, 492, 875, 1258, 1641, 2024, 2407, 2790, 3173, 3556, 3939]"
scale_2_group,-3,1,1,"[0, 1, 0, 1]",1,False,False,4943908029308415,4943908030178832,9437184,0.8208320140838623,False,57982058496,spread,[568]
six_3,-3,1,1,"[1, 1, 2, 2]",1,False,False,4943908040739638,4943908042384271,9437184,1.5868799686431885,False,57982058496,spread,[1243]
scale_10_rank,-3,1,1,"[3, 3, 2, 2]",1,False,False,4943908054434973,4943908059134890,28311552,4.642528057098389,False,57982058496,spread,"[2301, 2684, 3067]"
two_pair_1_3,-3,1,1,"[0, 1, 0, 1]",1,False,False,4943908069722533,4943908070590017,9437184,0.8176320195198059,False,57982058496,spread,[568]
scale_62_rank,-3,1,1,"[16, 16, 15, 15]",1,False,False,4943908081032255,4943908105730128,150994944,24.629728317260742,False,57982058496,spread,"[4932, 5315, 5698, 6081, 320, 703, 1086, 1469, 1852, 2235, 2618, 3001, 3384, 3767, 4150, 4533]"
concurrency_4_group,-3,1,1,"[3, 4, 3, 4]",4,False,False,4943908116672542,4943908122232753,37748736,5.433887958526611,False,57982058496,spread,"[2593, 2976, 3359, 3742]"
concurrency_4_rank,-3,1,1,"[4, 4, 3, 3]",4,False,False,4943908132719091,4943908139042542,37748736,6.19865608215332,False,57982058496,spread,"[2976, 3359, 3742, 4125]"
scale_2_rank,-3,1,1,"[1, 1, 0, 0]",1,False,False,4943908149610806,4943908151252531,9437184,1.5761280059814453,False,57982058496,spread,[951]
scale_6_rank,-3,1,1,"[2, 2, 1, 1]",1,False,False,4943908161796138,4943908164958034,18874368,3.1141440868377686,False,57982058496,spread,"[1626, 2009]"
scale_50_group,-3,1,1,"[12, 13, 12, 13]",1,False,False,4943908175494477,4943908194831630,122683392,19.290719985961914,False,57982058496,spread,"[2524, 2907, 3290, 3673, 4056, 4439, 4822, 5205, 5588, 5971, 210, 593, 976]"
scale_4_group,-3,1,1,"[1, 1, 1, 1]",1,False,False,4943908205762344,4943908207372898,9437184,1.5615999698638916,False,57982058496,spread,[1097]
scale_10_group,-3,1,1,"[2, 3, 2, 3]",1,False,False,4943908217920664,4943908221859500,28311552,3.6596479415893555,False,57982058496,spread,"[1918, 2301, 2684]"
concurrency_2_group,-3,1,1,"[3, 4, 3, 4]",2,False,False,4943908232653434,4943908238159252,37748736,5.422336101531982,False,57982058496,spread,"[2593, 2976, 3359, 3742]"
concurrency_2_rank,-3,1,1,"[4, 4, 3, 3]",2,False,False,4943908248678737,4943908254946277,37748736,6.1948161125183105,False,57982058496,spread,"[2976, 3359, 3742, 4125]"
two_pair_0_2,-3,1,1,"[1, 0, 1, 0]",1,False,False,4943908265535387,4943908265611619,0,0,False,57982058496,spread,[]
two_pair_1_2,-3,1,1,"[0, 1, 1, 0]",1,False,False,4943908276857913,4943908277754854,9437184,0.8242560029029846,False,57982058496,spread,[568]
scale_62_group,-3,1,1,"[15, 16, 15, 16]",1,False,False,4943908288254762,4943908312171216,150994944,23.858015060424805,False,57982058496,spread,"[4549, 4932, 5315, 5698, 6081, 320, 703, 1086, 1469, 1852, 2235, 2618, 3001, 3384, 3767, 4150]"
two_pair_0_1,-3,1,1,"[1, 1, 0, 0]",1,False,False,4943908323043489,4943908324690781,9437184,1.5893440246582031,False,57982058496,spread,[951]
scale_14_rank,-3,1,1,"[4, 4, 3, 3]",1,False,False,4943908335168424,4943908341430889,37748736,6.21014404296875,False,57982058496,spread,"[2976, 3359, 3742, 4125]"
two_single_2,-3,1,1,"[0, 0, 2, 0]",1,False,False,4943908351952920,4943908352034201,0,0,False,57982058496,spread,[]
scale_50_rank,-3,1,1,"[13, 13, 12, 12]",1,False,False,4943908364305513,4943908384440688,122683392,20.07257652282715,False,57982058496,spread,"[2907, 3290, 3673, 4056, 4439, 4822, 5205, 5588, 5971, 210, 593, 976, 1359]"
scale_6_group,-3,1,1,"[1, 2, 1, 2]",1,False,False,4943908395751623,4943908398158985,18874368,2.3546559810638428,False,57982058496,spread,"[1243, 1626]"
two_pair_2_3,-3,1,1,"[0, 0, 1, 1]",1,False,False,4943908408644851,4943908408717077,0,0,False,57982058496,spread,[]
two_pair_0_3,-3,1,1,"[1, 0, 0, 1]",1,False,False,4943908420846296,4943908420934387,0,0,False,57982058496,spread,[]
two_single_3,-3,1,1,"[0, 0, 0, 2]",1,False,False,4943908432232083,4943908432326386,0,0,False,57982058496,spread,[]
scale_8_group,-3,1,1,"[2, 2, 2, 2]",1,False,False,4943908444396120,4943908447566352,18874368,3.106656074523926,False,57982058496,spread,"[1772, 2155]"
scale_4_rank,-3,1,1,"[1, 1, 1, 1]",1,False,False,4943908458359711,4943908459988676,9437184,1.5777920484542847,False,57982058496,spread,[1097]
six_0,-3,1,1,"[2, 2, 1, 1]",1,False,False,4943908470489811,4943908473654690,18874368,3.113248109817505,False,57982058496,spread,"[1626, 2009]"
scale_14_group,-3,1,1,"[3, 4, 3, 4]",1,False,False,4943908484166856,4943908489658233,37748736,5.430016040802002,False,57982058496,spread,"[2593, 2976, 3359, 3742]"
six_2,-3,1,1,"[2, 1, 2, 1]",1,False,False,4943908500144119,4943908501788030,9437184,1.586624026298523,False,57982058496,spread,[1626]
two_single_0,-3,1,1,"[2, 0, 0, 0]",1,False,False,4943908513056277,4943908513434466,0,0,False,57982058496,spread,[]
two_single_1,-3,1,1,"[0, 2, 0, 0]",1,False,False,4943908525207775,4943908526916014,18874368,1.6487040519714355,False,57982058496,spread,"[568, 951]"
scale_8_rank,-3,1,1,"[2, 2, 2, 2]",1,False,False,4943908537538106,4943908540730917,18874368,3.1361920833587646,False,57982058496,spread,"[1772, 2155]"
six_1,-3,1,1,"[1, 2, 1, 2]",1,False,False,4943908551242405,4943908553652704,18874368,2.3565120697021484,False,57982058496,spread,"[1243, 1626]"
two_single_2,-2,1,1,"[0, 0, 2, 0]",1,False,False,4943908564183599,4943908564262761,0,0,False,57982058496,spread,[]
scale_8_rank,-2,1,1,"[2, 2, 2, 2]",1,False,False,4943908576370163,4943908579530618,18874368,3.107583999633789,False,57982058496,spread,"[1983, 2366]"
scale_6_group,-2,1,1,"[1, 2, 1, 2]",1,False,False,4943908590090298,4943908592503251,18874368,2.3579840660095215,False,57982058496,spread,"[1454, 1837]"
two_pair_0_3,-2,1,1,"[1, 0, 0, 1]",1,False,False,4943908602933972,4943908603009312,0,0,False,57982058496,spread,[]
scale_14_rank,-2,1,1,"[4, 4, 3, 3]",1,False,False,4943908614269384,4943908620503797,37748736,6.1877121925354,False,57982058496,spread,"[3187, 3570, 3953, 4336]"
two_single_0,-2,1,1,"[2, 0, 0, 0]",1,False,False,4943908630980220,4943908631056001,0,0,False,57982058496,spread,[]
six_3,-2,1,1,"[1, 1, 2, 2]",1,False,False,4943908642984377,4943908644610511,9437184,1.579200029373169,False,57982058496,spread,[1454]
scale_4_group,-2,1,1,"[1, 1, 1, 1]",1,False,False,4943908656858764,4943908658514918,9437184,1.5886399745941162,False,57982058496,spread,[1308]
scale_10_rank,-2,1,1,"[3, 3, 2, 2]",1,False,False,4943908669023655,4943908673741121,28311552,4.661856174468994,False,57982058496,spread,"[2512, 2895, 3278]"
concurrency_4_rank,-2,1,1,"[4, 4, 3, 3]",4,False,False,4943908684289284,4943908690602712,37748736,6.185632228851318,False,57982058496,spread,"[3187, 3570, 3953, 4336]"
two_pair_1_3,-2,1,1,"[0, 1, 0, 1]",1,False,False,4943908701078228,4943908701946890,9437184,0.8167039752006531,False,57982058496,spread,[779]
two_single_3,-2,1,1,"[0, 0, 0, 2]",1,False,False,4943908712414229,4943908712486575,0,0,False,57982058496,spread,[]
concurrency_4_group,-2,1,1,"[3, 4, 3, 4]",4,False,False,4943908724607801,4943908730159749,37748736,5.431136131286621,False,57982058496,spread,"[2804, 3187, 3570, 3953]"
six_2,-2,1,1,"[2, 1, 2, 1]",1,False,False,4943908740665937,4943908742303304,9437184,1.5815999507904053,False,57982058496,spread,[1837]
two_pair_2_3,-2,1,1,"[0, 0, 1, 1]",1,False,False,4943908753593043,4943908753665603,0,0,False,57982058496,spread,[]
scale_2_rank,-2,1,1,"[1, 1, 0, 0]",1,False,False,4943908765894275,4943908767553762,9437184,1.5894399881362915,False,57982058496,spread,[1162]
scale_50_group,-2,1,1,"[12, 13, 12, 13]",1,False,False,4943908778186432,4943908797508829,122683392,19.26495933532715,False,57982058496,spread,"[2735, 3118, 3501, 3884, 4267, 4650, 5033, 5416, 5799, 38, 421, 804, 1187]"
scale_50_rank,-2,1,1,"[13, 13, 12, 12]",1,False,False,4943908808310763,4943908828402401,122683392,19.180767059326172,False,57982058496,spread,"[3118, 3501, 3884, 4267, 4650, 5033, 5416, 5799, 38, 421, 804, 1187, 1570]"
concurrency_2_rank,-2,1,1,"[4, 4, 3, 3]",2,False,False,4943908839505253,4943908845771077,37748736,6.181856155395508,False,57982058496,spread,"[3187, 3570, 3953, 4336]"
scale_62_group,-2,1,1,"[15, 16, 15, 16]",1,False,False,4943908856363738,4943908880280173,150994944,23.86083221435547,False,57982058496,spread,"[4760, 5143, 5526, 5909, 148, 531, 914, 1297, 1680, 2063, 2446, 2829, 3212, 3595, 3978, 4361]"
scale_4_rank,-2,1,1,"[1, 1, 1, 1]",1,False,False,4943908891152427,4943908892784034,9437184,1.5748159885406494,False,57982058496,spread,[1308]
scale_8_group,-2,1,1,"[2, 2, 2, 2]",1,False,False,4943908903236950,4943908906406127,18874368,3.1161599159240723,False,57982058496,spread,"[1983, 2366]"
six_0,-2,1,1,"[2, 2, 1, 1]",1,False,False,4943908916924867,4943908920083969,18874368,3.1086080074310303,False,57982058496,spread,"[1837, 2220]"
scale_62_rank,-2,1,1,"[16, 16, 15, 15]",1,False,False,4943908930476969,4943908955165007,150994944,24.634784698486328,False,57982058496,spread,"[5143, 5526, 5909, 148, 531, 914, 1297, 1680, 2063, 2446, 2829, 3212, 3595, 3978, 4361, 4744]"
two_pair_0_2,-2,1,1,"[1, 0, 1, 0]",1,False,False,4943908966065512,4943908966140530,0,0,False,57982058496,spread,[]
scale_2_group,-2,1,1,"[0, 1, 0, 1]",1,False,False,4943908977448456,4943908978343320,9437184,0.8229759931564331,False,57982058496,spread,[779]
scale_6_rank,-2,1,1,"[2, 2, 1, 1]",1,False,False,4943908988797918,4943908991959873,18874368,3.1021440029144287,False,57982058496,spread,"[1837, 2220]"
six_1,-2,1,1,"[1, 2, 1, 2]",1,False,False,4943909002529455,4943909004934749,18874368,2.3513920307159424,False,57982058496,spread,"[1454, 1837]"
scale_10_group,-2,1,1,"[2, 3, 2, 3]",1,False,False,4943909015361427,4943909019304073,28311552,3.888864040374756,False,57982058496,spread,"[2129, 2512, 2895]"
two_single_1,-2,1,1,"[0, 2, 0, 0]",1,False,False,4943909029801424,4943909031439165,18874368,1.5854719877243042,False,57982058496,spread,"[779, 1162]"
two_pair_0_1,-2,1,1,"[1, 1, 0, 0]",1,False,False,4943909042053731,4943909043677458,9437184,1.5616320371627808,False,57982058496,spread,[1162]
two_pair_1_2,-2,1,1,"[0, 1, 1, 0]",1,False,False,4943909054241158,4943909055105668,9437184,0.8143360018730164,False,57982058496,spread,[779]
scale_14_group,-2,1,1,"[3, 4, 3, 4]",1,False,False,4943909065623630,4943909071091360,37748736,5.4132161140441895,False,57982058496,spread,"[2804, 3187, 3570, 3953]"
concurrency_2_group,-2,1,1,"[3, 4, 3, 4]",2,False,False,4943909081739550,4943909087260657,37748736,5.430848121643066,False,57982058496,spread,"[2804, 3187, 3570, 3953]"
scale_50_group,-1,1,1,"[12, 13, 12, 13]",1,False,False,4943909097814446,4943909117127919,122683392,19.02227210998535,False,57982058496,spread,"[2946, 3329, 3712, 4095, 4478, 4861, 5244, 5627, 6010, 249, 632, 1015, 1398]"
six_1,-1,1,1,"[1, 2, 1, 2]",1,False,False,4943909128144223,4943909130561397,18874368,2.357408046722412,False,57982058496,spread,"[1665, 2048]"
scale_10_group,-1,1,1,"[2, 3, 2, 3]",1,False,False,4943909141044280,4943909144986596,28311552,3.88703989982605,False,57982058496,spread,"[2340, 2723, 3106]"
scale_50_rank,-1,1,1,"[13, 13, 12, 12]",1,False,False,4943909155437989,4943909175527035,122683392,20.041471481323242,False,57982058496,spread,"[3329, 3712, 4095, 4478, 4861, 5244, 5627, 6010, 249, 632, 1015, 1398, 1781]"
two_pair_0_3,-1,1,1,"[1, 0, 0, 1]",1,False,False,4943909186276396,4943909186348936,0,0,False,57982058496,spread,[]
scale_62_group,-1,1,1,"[15, 16, 15, 16]",1,False,False,4943909197627815,4943909221543017,150994944,23.85206413269043,False,57982058496,spread,"[4971, 5354, 5737, 6120, 359, 742, 1125, 1508, 1891, 2274, 2657, 3040, 3423, 3806, 4189, 4572]"
two_pair_2_3,-1,1,1,"[0, 0, 1, 1]",1,False,False,4943909232404056,4943909232477023,0,0,False,57982058496,spread,[]
scale_4_rank,-1,1,1,"[1, 1, 1, 1]",1,False,False,4943909245072307,4943909246725506,9437184,1.5909119844436646,False,57982058496,spread,[1519]
two_pair_1_3,-1,1,1,"[0, 1, 0, 1]",1,False,False,4943909257223267,4943909258089345,9437184,0.8171520233154297,False,57982058496,spread,[990]
two_pair_0_2,-1,1,1,"[1, 0, 1, 0]",1,False,False,4943909268592167,4943909268663225,0,0,False,57982058496,spread,[]
scale_6_rank,-1,1,1,"[2, 2, 1, 1]",1,False,False,4943909280039562,4943909283242003,18874368,3.124959945678711,False,57982058496,spread,"[2048, 2431]"
two_pair_0_1,-1,1,1,"[1, 1, 0, 0]",1,False,False,4943909293816229,4943909295456640,9437184,1.56496000289917,False,57982058496,spread,[1373]
six_0,-1,1,1,"[2, 2, 1, 1]",1,False,False,4943909305996481,4943909309165780,18874368,3.1069440841674805,False,57982058496,spread,"[2048, 2431]"
six_3,-1,1,1,"[1, 1, 2, 2]",1,False,False,4943909319733609,4943909321363840,9437184,1.5782079696655273,False,57982058496,spread,[1665]
scale_8_group,-1,1,1,"[2, 2, 2, 2]",1,False,False,4943909333615490,4943909336803122,18874368,3.12556791305542,False,57982058496,spread,"[2194, 2577]"
two_single_2,-1,1,1,"[0, 0, 2, 0]",1,False,False,4943909347278973,4943909347349410,0,0,False,57982058496,spread,[]
scale_8_rank,-1,1,1,"[2, 2, 2, 2]",1,False,False,4943909359500008,4943909362702121,18874368,3.0556159019470215,False,57982058496,spread,"[2194, 2577]"
scale_62_rank,-1,1,1,"[16, 16, 15, 15]",1,False,False,4943909373325427,4943909398105550,150994944,24.65190315246582,False,57982058496,spread,"[5354, 5737, 6120, 359, 742, 1125, 1508, 1891, 2274, 2657, 3040, 3423, 3806, 4189, 4572, 4955]"
two_single_3,-1,1,1,"[0, 0, 0, 2]",1,False,False,4943909409435249,4943909409533498,0,0,False,57982058496,spread,[]
scale_14_group,-1,1,1,"[3, 4, 3, 4]",1,False,False,4943909421804381,4943909427315308,37748736,5.444128036499023,False,57982058496,spread,"[3015, 3398, 3781, 4164]"
scale_4_group,-1,1,1,"[1, 1, 1, 1]",1,False,False,4943909437885504,4943909439514350,9437184,1.5751359462738037,False,57982058496,spread,[1519]
two_pair_1_2,-1,1,1,"[0, 1, 1, 0]",1,False,False,4943909450015245,4943909450875676,9437184,0.814303994178772,False,57982058496,spread,[990]
concurrency_2_group,-1,1,1,"[3, 4, 3, 4]",2,False,False,4943909461480818,4943909466995042,37748736,5.428415775299072,False,57982058496,spread,"[3015, 3398, 3781, 4164]"
scale_10_rank,-1,1,1,"[3, 3, 2, 2]",1,False,False,4943909477441740,4943909482162343,28311552,4.66860818862915,False,57982058496,spread,"[2723, 3106, 3489]"
concurrency_4_rank,-1,1,1,"[4, 4, 3, 3]",4,False,False,4943909492660490,4943909498989922,37748736,6.204192161560059,False,57982058496,spread,"[3398, 3781, 4164, 4547]"
two_single_1,-1,1,1,"[0, 2, 0, 0]",1,False,False,4943909509499301,4943909511140048,18874368,1.5899200439453125,False,57982058496,spread,"[990, 1373]"
six_2,-1,1,1,"[2, 1, 2, 1]",1,False,False,4943909521667728,4943909523293744,9437184,1.5739200115203857,False,57982058496,spread,[2048]
two_single_0,-1,1,1,"[2, 0, 0, 0]",1,False,False,4943909534591250,4943909534664487,0,0,False,57982058496,spread,[]
concurrency_4_group,-1,1,1,"[3, 4, 3, 4]",4,False,False,4943909546578485,4943909552118900,37748736,5.434144020080566,False,57982058496,spread,"[3015, 3398, 3781, 4164]"
scale_6_group,-1,1,1,"[1, 2, 1, 2]",1,False,False,4943909562563695,4943909564981088,18874368,2.3667519092559814,False,57982058496,spread,"[1665, 2048]"
scale_2_rank,-1,1,1,"[1, 1, 0, 0]",1,False,False,4943909575468328,4943909576839249,9437184,1.312351942062378,False,57982058496,spread,[1373]
scale_14_rank,-1,1,1,"[4, 4, 3, 3]",1,False,False,4943909587938432,4943909594218320,37748736,6.22822380065918,False,57982058496,spread,"[3398, 3781, 4164, 4547]"
concurrency_2_rank,-1,1,1,"[4, 4, 3, 3]",2,False,False,4943909604801915,4943909611073440,37748736,6.201312065124512,False,57982058496,spread,"[3398, 3781, 4164, 4547]"
scale_2_group,-1,1,1,"[0, 1, 0, 1]",1,False,False,4943909621617526,4943909623107860,9437184,0.8204799890518188,False,57982058496,spread,[990]
two_single_3,0,1,1,"[0, 0, 0, 2]",1,False,False,4943909633625250,4943909633697826,0,0,False,57982058496,spread,[]
scale_4_rank,0,1,1,"[1, 1, 1, 1]",1,False,False,4943909645730835,4943909647382730,9437184,1.590559959411621,False,57982058496,spread,[1730]
two_pair_1_2,0,1,1,"[0, 1, 1, 0]",1,False,False,4943909657851384,4943909658713922,9437184,0.8167039752006531,False,57982058496,spread,[1201]
scale_6_rank,0,1,1,"[2, 2, 1, 1]",1,False,False,4943909669046653,4943909672105704,18874368,3.012160062789917,False,57982058496,spread,"[2259, 2642]"
scale_62_rank,0,1,1,"[16, 16, 15, 15]",1,False,False,4943909682546129,4943909707266499,150994944,24.632095336914062,False,57982058496,spread,"[5565, 5948, 187, 570, 953, 1336, 1719, 2102, 2485, 2868, 3251, 3634, 4017, 4400, 4783, 5166]"
concurrency_4_group,0,1,1,"[3, 4, 3, 4]",4,False,False,4943909718108973,4943909723654937,37748736,5.397280216217041,False,57982058496,spread,"[3226, 3609, 3992, 4375]"
scale_62_group,0,1,1,"[15, 16, 15, 16]",1,False,False,4943909734149424,4943909758060787,150994944,23.866239547729492,False,57982058496,spread,"[5182, 5565, 5948, 187, 570, 953, 1336, 1719, 2102, 2485, 2868, 3251, 3634, 4017, 4400, 4783]"
scale_2_group,0,1,1,"[0, 1, 0, 1]",1,False,False,4943909768481503,4943909769369542,9437184,0.8287360072135925,False,57982058496,spread,[1201]
scale_10_group,0,1,1,"[2, 3, 2, 3]",1,False,False,4943909779681546,4943909783622512,28311552,3.887104034423828,False,57982058496,spread,"[2551, 2934, 3317]"
six_3,0,1,1,"[1, 1, 2, 2]",1,False,False,4943909793938592,4943909795569472,9437184,1.5760639905929565,False,57982058496,spread,[1876]
two_pair_0_3,0,1,1,"[1, 0, 0, 1]",1,False,False,4943909807579394,4943909807671243,0,0,False,57982058496,spread,[]
two_pair_1_3,0,1,1,"[0, 1, 0, 1]",1,False,False,4943909818773504,4943909819649959,9437184,0.8179519772529602,False,57982058496,spread,[1201]
two_pair_2_3,0,1,1,"[0, 0, 1, 1]",1,False,False,4943909829938933,4943909830017490,0,0,False,57982058496,spread,[]
scale_14_group,0,1,1,"[3, 4, 3, 4]",1,False,False,4943909841992161,4943909847487903,37748736,5.436287879943848,False,57982058496,spread,"[3226, 3609, 3992, 4375]"
scale_10_rank,0,1,1,"[3, 3, 2, 2]",1,False,False,4943909857796453,4943909862526945,28311552,4.674176216125488,False,57982058496,spread,"[2934, 3317, 3700]"
scale_50_group,0,1,1,"[12, 13, 12, 13]",1,False,False,4943909872875345,4943909892233480,122683392,19.285503387451172,False,57982058496,spread,"[3157, 3540, 3923, 4306, 4689, 5072, 5455, 5838, 77, 460, 843, 1226, 1609]"
scale_2_rank,0,1,1,"[1, 1, 0, 0]",1,False,False,4943909902615377,4943909904270305,9437184,1.592095971107483,False,57982058496,spread,[1584]
two_single_1,0,1,1,"[0, 2, 0, 0]",1,False,False,4943909914565218,4943909916228533,18874368,1.6016960144042969,False,57982058496,spread,"[1201, 1584]"
two_pair_0_2,0,1,1,"[1, 0, 1, 0]",1,False,False,4943909926534852,4943909926607026,0,0,False,57982058496,spread,[]
six_2,0,1,1,"[2, 1, 2, 1]",1,False,False,4943909937698661,4943909939160656,9437184,1.4029439687728882,False,57982058496,spread,[2259]
six_0,0,1,1,"[2, 2, 1, 1]",1,False,False,4943909950530928,4943909953624287,18874368,3.03004789352417,False,57982058496,spread,"[2259, 2642]"
scale_14_rank,0,1,1,"[4, 4, 3, 3]",1,False,False,4943909964105131,4943909970353852,37748736,6.188992023468018,False,57982058496,spread,"[3609, 3992, 4375, 4758]"
concurrency_4_rank,0,1,1,"[4, 4, 3, 3]",4,False,False,4943909980772623,4943909987099510,37748736,6.189760208129883,False,57982058496,spread,"[3609, 3992, 4375, 4758]"
scale_8_rank,0,1,1,"[2, 2, 2, 2]",1,False,False,4943909997566492,4943910000816222,18874368,2.928960084915161,False,57982058496,spread,"[2405, 2788]"
concurrency_2_rank,0,1,1,"[4, 4, 3, 3]",2,False,False,4943910011338460,4943910017629631,37748736,6.1987199783325195,False,57982058496,spread,"[3609, 3992, 4375, 4758]"
scale_50_rank,0,1,1,"[13, 13, 12, 12]",1,False,False,4943910028052003,4943910048188768,122683392,20.069536209106445,False,57982058496,spread,"[3540, 3923, 4306, 4689, 5072, 5455, 5838, 77, 460, 843, 1226, 1609, 1992]"
concurrency_2_group,0,1,1,"[3, 4, 3, 4]",2,False,False,4943910058493251,4943910064006148,37748736,5.430848121643066,False,57982058496,spread,"[3226, 3609, 3992, 4375]"
two_pair_0_1,0,1,1,"[1, 1, 0, 0]",1,False,False,4943910074265947,4943910075915355,9437184,1.5900800228118896,False,57982058496,spread,[1584]
two_single_0,0,1,1,"[2, 0, 0, 0]",1,False,False,4943910086289150,4943910086378841,0,0,False,57982058496,spread,[]
two_single_2,0,1,1,"[0, 0, 2, 0]",1,False,False,4943910098231758,4943910098302129,0,0,False,57982058496,spread,[]
scale_6_group,0,1,1,"[1, 2, 1, 2]",1,False,False,4943910110237759,4943910112650294,18874368,2.350464105606079,False,57982058496,spread,"[1876, 2259]"
six_1,0,1,1,"[1, 2, 1, 2]",1,False,False,4943910122908886,4943910125322954,18874368,2.3596479892730713,False,57982058496,spread,"[1876, 2259]"
scale_8_group,0,1,1,"[2, 2, 2, 2]",1,False,False,4943910135560971,4943910138761361,18874368,3.1316161155700684,False,57982058496,spread,"[2405, 2788]"
scale_4_group,0,1,1,"[1, 1, 1, 1]",1,False,False,4943910149050319,4943910150741922,9437184,1.6097919940948486,False,57982058496,spread,[1730]
concurrency_4_group,1,1,1,"[3, 4, 3, 4]",4,False,False,4943910161057720,4943910166640558,37748736,5.452608108520508,False,57982058496,spread,"[3437, 3820, 4203, 4586]"
concurrency_2_group,1,1,1,"[3, 4, 3, 4]",2,False,False,4943910176893100,4943910182406395,37748736,5.429920196533203,False,57982058496,spread,"[3437, 3820, 4203, 4586]"
scale_14_group,1,1,1,"[3, 4, 3, 4]",1,False,False,4943910192758858,4943910198256834,37748736,5.420864105224609,False,57982058496,spread,"[3437, 3820, 4203, 4586]"
six_0,1,1,1,"[2, 2, 1, 1]",1,False,False,4943910208496165,4943910211680222,18874368,3.13155198097229,False,57982058496,spread,"[2470, 2853]"
scale_2_group,1,1,1,"[0, 1, 0, 1]",1,False,False,4943910222008695,4943910222887605,9437184,0.8236160278320312,False,57982058496,spread,[1412]
scale_6_rank,1,1,1,"[2, 2, 1, 1]",1,False,False,4943910233103001,4943910236276768,18874368,3.114975929260254,False,57982058496,spread,"[2470, 2853]"
six_2,1,1,1,"[2, 1, 2, 1]",1,False,False,4943910246559533,4943910248199556,9437184,1.5836479663848877,False,57982058496,spread,[2470]
scale_10_group,1,1,1,"[2, 3, 2, 3]",1,False,False,4943910259221134,4943910263165098,28311552,3.8901760578155518,False,57982058496,spread,"[2762, 3145, 3528]"
scale_4_rank,1,1,1,"[1, 1, 1, 1]",1,False,False,4943910273420020,4943910275056405,9437184,1.5810879468917847,False,57982058496,spread,[1941]
scale_6_group,1,1,1,"[1, 2, 1, 2]",1,False,False,4943910285486591,4943910287900937,18874368,2.1269760131835938,False,57982058496,spread,"[2087, 2470]"
concurrency_4_rank,1,1,1,"[4, 4, 3, 3]",4,False,False,4943910298354559,4943910304686169,37748736,6.208928108215332,False,57982058496,spread,"[3820, 4203, 4586, 4969]"
two_single_1,1,1,1,"[0, 2, 0, 0]",1,False,False,4943910314990039,4943910316664437,18874368,1.6096960306167603,False,57982058496,spread,"[1412, 1795]"
concurrency_2_rank,1,1,1,"[4, 4, 3, 3]",2,False,False,4943910326926012,4943910333192429,37748736,6.18723201751709,False,57982058496,spread,"[3820, 4203, 4586, 4969]"
scale_62_group,1,1,1,"[15, 16, 15, 16]",1,False,False,4943910343547594,4943910367473321,150994944,23.869983673095703,False,57982058496,spread,"[5393, 5776, 15, 398, 781, 1164, 1547, 1930, 2313, 2696, 3079, 3462, 3845, 4228, 4611, 4994]"
six_3,1,1,1,"[1, 1, 2, 2]",1,False,False,4943910377771662,4943910379414091,9437184,1.588320016860962,False,57982058496,spread,[2087]
two_pair_2_3,1,1,1,"[0, 0, 1, 1]",1,False,False,4943910391200691,4943910391280530,0,0,False,57982058496,spread,[]
scale_2_rank,1,1,1,"[1, 1, 0, 0]",1,False,False,4943910403074702,4943910404728232,9437184,1.6013760566711426,False,57982058496,spread,[1795]
two_pair_1_3,1,1,1,"[0, 1, 0, 1]",1,False,False,4943910414993550,4943910415867101,9437184,0.8227199912071228,False,57982058496,spread,[1412]
two_pair_0_1,1,1,1,"[1, 1, 0, 0]",1,False,False,4943910426111647,4943910427745552,9437184,1.5803200006484985,False,57982058496,spread,[1795]
six_1,1,1,1,"[1, 2, 1, 2]",1,False,False,4943910438097168,4943910440495522,18874368,2.348639965057373,False,57982058496,spread,"[2087, 2470]"
two_single_3,1,1,1,"[0, 0, 0, 2]",1,False,False,4943910450780606,4943910450850481,0,0,False,57982058496,spread,[]
two_pair_0_3,1,1,1,"[1, 0, 0, 1]",1,False,False,4943910462690245,4943910462760009,0,0,False,57982058496,spread,[]
scale_8_rank,1,1,1,"[2, 2, 2, 2]",1,False,False,4943910473858951,4943910477004820,18874368,3.0939199924468994,False,57982058496,spread,"[2616, 2999]"
scale_10_rank,1,1,1,"[3, 3, 2, 2]",1,False,False,4943910487497885,4943910492225275,28311552,4.67087984085083,False,57982058496,spread,"[3145, 3528, 3911]"
two_pair_1_2,1,1,1,"[0, 1, 1, 0]",1,False,False,4943910502507823,4943910503385760,9437184,0.8228480219841003,False,57982058496,spread,[1412]
scale_14_rank,1,1,1,"[4, 4, 3, 3]",1,False,False,4943910513640382,4943910519886723,37748736,6.191167831420898,False,57982058496,spread,"[3820, 4203, 4586, 4969]"
scale_50_rank,1,1,1,"[13, 13, 12, 12]",1,False,False,4943910530297032,4943910550376706,122683392,20.0248966217041,False,57982058496,spread,"[3751, 4134, 4517, 4900, 5283, 5666, 6049, 288, 671, 1054, 1437, 1820, 2203]"
two_single_2,1,1,1,"[0, 0, 2, 0]",1,False,False,4943910560759689,4943910560837100,0,0,False,57982058496,spread,[]
scale_50_group,1,1,1,"[12, 13, 12, 13]",1,False,False,4943910572837203,4943910592287418,122683392,19.32771110534668,False,57982058496,spread,"[3368, 3751, 4134, 4517, 4900, 5283, 5666, 6049, 288, 671, 1054, 1437, 1820]"
scale_4_group,1,1,1,"[1, 1, 1, 1]",1,False,False,4943910603011055,4943910604682643,9437184,1.5731199979782104,False,57982058496,spread,[1941]
scale_8_group,1,1,1,"[2, 2, 2, 2]",1,False,False,4943910614990241,4943910618188371,18874368,3.1385600566864014,False,57982058496,spread,"[2616, 2999]"
scale_62_rank,1,1,1,"[16, 16, 15, 15]",1,False,False,4943910628449506,4943910653168825,150994944,24.66035270690918,False,57982058496,spread,"[5776, 15, 398, 781, 1164, 1547, 1930, 2313, 2696, 3079, 3462, 3845, 4228, 4611, 4994, 5377]"
two_pair_0_2,1,1,1,"[1, 0, 1, 0]",1,False,False,4943910663614246,4943910663699488,0,0,False,57982058496,spread,[]
two_single_0,1,1,1,"[2, 0, 0, 0]",1,False,False,4943910674817610,4943910674905176,0,0,False,57982058496,spread,[]
six_0,2,1,1,"[2, 2, 1, 1]",1,False,False,4943910686775209,4943910689965931,18874368,3.1306240558624268,False,57982058496,spread,"[2681, 3064]"
scale_14_group,2,1,1,"[3, 4, 3, 4]",1,False,False,4943910700318224,4943910705805247,37748736,5.431615829467773,False,57982058496,spread,"[3648, 4031, 4414, 4797]"
six_3,2,1,1,"[1, 1, 2, 2]",1,False,False,4943910716050401,4943910717690626,9437184,1.5858559608459473,False,57982058496,spread,[2298]
scale_8_rank,2,1,1,"[2, 2, 2, 2]",1,False,False,4943910729548570,4943910732710321,18874368,3.1067519187927246,False,57982058496,spread,"[2827, 3210]"
six_2,2,1,1,"[2, 1, 2, 1]",1,False,False,4943910742996805,4943910744645574,9437184,1.5857919454574585,False,57982058496,spread,[2681]
concurrency_4_rank,2,1,1,"[4, 4, 3, 3]",4,False,False,4943910755718223,4943910762064484,37748736,6.216479778289795,False,57982058496,spread,"[4031, 4414, 4797, 5180]"
scale_10_group,2,1,1,"[2, 3, 2, 3]",1,False,False,4943910772803887,4943910776750942,28311552,3.895008087158203,False,57982058496,spread,"[2973, 3356, 3739]"
concurrency_4_group,2,1,1,"[3, 4, 3, 4]",4,False,False,4943910787026597,4943910792558101,37748736,5.420447826385498,False,57982058496,spread,"[3648, 4031, 4414, 4797]"
two_single_2,2,1,1,"[0, 0, 2, 0]",1,False,False,4943910802812623,4943910802889678,0,0,False,57982058496,spread,[]
scale_50_rank,2,1,1,"[13, 13, 12, 12]",1,False,False,4943910814676855,4943910834754967,122683392,20.028032302856445,False,57982058496,spread,"[3962, 4345, 4728, 5111, 5494, 5877, 116, 499, 882, 1265, 1648, 2031, 2414]"
scale_8_group,2,1,1,"[2, 2, 2, 2]",1,False,False,4943910845136655,4943910848310331,18874368,3.1218879222869873,False,57982058496,spread,"[2827, 3210]"
scale_10_rank,2,1,1,"[3, 3, 2, 2]",1,False,False,4943910858588404,4943910863297622,28311552,4.659103870391846,False,57982058496,spread,"[3356, 3739, 4122]"
two_single_1,2,1,1,"[0, 2, 0, 0]",1,False,False,4943910873648793,4943910875652536,18874368,1.6884160041809082,False,57982058496,spread,"[1623, 2006]"
scale_4_group,2,1,1,"[1, 1, 1, 1]",1,False,False,4943910886242427,4943910887864473,9437184,1.565119981765747,False,57982058496,spread,[2152]
scale_50_group,2,1,1,"[12, 13, 12, 13]",1,False,False,4943910898232133,4943910917561004,122683392,19.27712059020996,False,57982058496,spread,"[3579, 3962, 4345, 4728, 5111, 5494, 5877, 116, 499, 882, 1265, 1648, 2031]"
two_pair_0_2,2,1,1,"[1, 0, 1, 0]",1,False,False,4943910927891223,4943910927966402,0,0,False,57982058496,spread,[]
scale_2_rank,2,1,1,"[1, 1, 0, 0]",1,False,False,4943910939044881,4943910940690763,9437184,1.5950720310211182,False,57982058496,spread,[2006]
scale_6_rank,2,1,1,"[2, 2, 1, 1]",1,False,False,4943910951014040,4943910954196094,18874368,3.1206400394439697,False,57982058496,spread,"[2681, 3064]"
two_pair_2_3,2,1,1,"[0, 0, 1, 1]",1,False,False,4943910964608742,4943910964686771,0,0,False,57982058496,spread,[]
six_1,2,1,1,"[1, 2, 1, 2]",1,False,False,4943910976551711,4943910978971229,18874368,2.3661439418792725,False,57982058496,spread,"[2298, 2681]"
two_pair_0_1,2,1,1,"[1, 1, 0, 0]",1,False,False,4943910989201625,4943910990845379,9437184,1.5814720392227173,False,57982058496,spread,[2006]
two_single_0,2,1,1,"[2, 0, 0, 0]",1,False,False,4943911001225833,4943911001300748,0,0,False,57982058496,spread,[]
scale_4_rank,2,1,1,"[1, 1, 1, 1]",1,False,False,4943911013246385,4943911014884318,9437184,1.5867520570755005,False,57982058496,spread,[2152]
concurrency_2_rank,2,1,1,"[4, 4, 3, 3]",2,False,False,4943911025229905,4943911031516282,37748736,6.195231914520264,False,57982058496,spread,"[4031, 4414, 4797, 5180]"
scale_14_rank,2,1,1,"[4, 4, 3, 3]",1,False,False,4943911041933766,4943911048193473,37748736,6.20195198059082,False,57982058496,spread,"[4031, 4414, 4797, 5180]"
concurrency_2_group,2,1,1,"[3, 4, 3, 4]",2,False,False,4943911058477490,4943911063985603,37748736,5.432032108306885,False,57982058496,spread,"[3648, 4031, 4414, 4797]"
scale_62_rank,2,1,1,"[16, 16, 15, 15]",1,False,False,4943911074259130,4943911098880031,150994944,24.567615509033203,False,57982058496,spread,"[5987, 226, 609, 992, 1375, 1758, 2141, 2524, 2907, 3290, 3673, 4056, 4439, 4822, 5205, 5588]"
two_pair_1_2,2,1,1,"[0, 1, 1, 0]",1,False,False,4943911109222543,4943911110103133,9437184,0.8272960186004639,False,57982058496,spread,[1623]
two_pair_0_3,2,1,1,"[1, 0, 0, 1]",1,False,False,4943911120430106,4943911120505608,0,0,False,57982058496,spread,[]
scale_6_group,2,1,1,"[1, 2, 1, 2]",1,False,False,4943911131597164,4943911134005377,18874368,2.356287956237793,False,57982058496,spread,"[2298, 2681]"
two_single_3,2,1,1,"[0, 0, 0, 2]",1,False,False,4943911144230242,4943911144304606,0,0,False,57982058496,spread,[]
scale_62_group,2,1,1,"[15, 16, 15, 16]",1,False,False,4943911156204201,4943911180165872,150994944,23.856704711914062,False,57982058496,spread,"[5604, 5987, 226, 609, 992, 1375, 1758, 2141, 2524, 2907, 3290, 3673, 4056, 4439, 4822, 5205]"
two_pair_1_3,2,1,1,"[0, 1, 0, 1]",1,False,False,4943911190923936,4943911191890156,9437184,0.8777920007705688,False,57982058496,spread,[1623]
scale_2_group,2,1,1,"[0, 1, 0, 1]",1,False,False,4943911202128836,4943911203005636,9437184,0.8260160088539124,False,57982058496,spread,[1623]
two_pair_1_2,3,1,1,"[0, 1, 1, 0]",1,False,False,4943911213254749,4943911214122267,9437184,0.8165119886398315,False,57982058496,spread,[1834]
concurrency_4_rank,3,1,1,"[4, 4, 3, 3]",4,False,False,4943911224424136,4943911230726389,37748736,6.177120208740234,False,57982058496,spread,"[4242, 4625, 5008, 5391]"
six_2,3,1,1,"[2, 1, 2, 1]",1,False,False,4943911241104916,4943911242739919,9437184,1.5835520029067993,False,57982058496,spread,[2892]
scale_10_rank,3,1,1,"[3, 3, 2, 2]",1,False,False,4943911253806824,4943911258512150,28311552,4.656799793243408,False,57982058496,spread,"[3567, 3950, 4333]"
six_1,3,1,1,"[1, 2, 1, 2]",1,False,False,4943911268851371,4943911271255074,18874368,2.353951930999756,False,57982058496,spread,"[2509, 2892]"
scale_8_group,3,1,1,"[2, 2, 2, 2]",1,False,False,4943911281500787,4943911284671686,18874368,3.1194560527801514,False,57982058496,spread,"[3038, 3421]"
scale_50_group,3,1,1,"[12, 13, 12, 13]",1,False,False,4943911294954616,4943911314269902,122683392,19.260831832885742,False,57982058496,spread,"[3790, 4173, 4556, 4939, 5322, 5705, 6088, 327, 710, 1093, 1476, 1859, 2242]"
scale_14_group,3,1,1,"[3, 4, 3, 4]",1,False,False,4943911324514494,4943911329995459,37748736,5.42844820022583,False,57982058496,spread,"[3859, 4242, 4625, 5008]"
scale_2_rank,3,1,1,"[1, 1, 0, 0]",1,False,False,4943911340314291,4943911341180156,9437184,0.8143360018730164,False,57982058496,spread,[2217]
scale_8_rank,3,1,1,"[2, 2, 2, 2]",1,False,False,4943911352300023,4943911355473160,18874368,3.123199939727783,False,57982058496,spread,"[3038, 3421]"
scale_6_rank,3,1,1,"[2, 2, 1, 1]",1,False,False,4943911365802421,4943911368690630,18874368,2.8314878940582275,False,57982058496,spread,"[2892, 3275]"
two_pair_0_2,3,1,1,"[1, 0, 1, 0]",1,False,False,4943911379516944,4943911379589199,0,0,False,57982058496,spread,[]
scale_4_group,3,1,1,"[1, 1, 1, 1]",1,False,False,4943911391138439,4943911392772124,9437184,1.5791360139846802,False,57982058496,spread,[2363]
two_pair_0_3,3,1,1,"[1, 0, 0, 1]",1,False,False,4943911403056365,4943911403130034,0,0,False,57982058496,spread,[]
two_single_3,3,1,1,"[0, 0, 0, 2]",1,False,False,4943911414208427,4943911414276158,0,0,False,57982058496,spread,[]
concurrency_4_group,3,1,1,"[3, 4, 3, 4]",4,False,False,4943911426176065,4943911431704160,37748736,5.423232078552246,False,57982058496,spread,"[3859, 4242, 4625, 5008]"
scale_2_group,3,1,1,"[0, 1, 0, 1]",1,False,False,4943911441938280,4943911442802666,9437184,0.8143680095672607,False,57982058496,spread,[1834]
two_pair_1_3,3,1,1,"[0, 1, 0, 1]",1,False,False,4943911453018896,4943911453878559,9437184,0.8135039806365967,False,57982058496,spread,[1834]
two_single_1,3,1,1,"[0, 2, 0, 0]",1,False,False,4943911464087164,4943911466042632,18874368,1.671712040901184,False,57982058496,spread,"[1834, 2217]"
two_pair_0_1,3,1,1,"[1, 1, 0, 0]",1,False,False,4943911476663306,4943911478286924,9437184,1.570080041885376,False,57982058496,spread,[2217]
scale_50_rank,3,1,1,"[13, 13, 12, 12]",1,False,False,4943911488612727,4943911508704193,122683392,20.037343978881836,False,57982058496,spread,"[4173, 4556, 4939, 5322, 5705, 6088, 327, 710, 1093, 1476, 1859, 2242, 2625]"
scale_10_group,3,1,1,"[2, 3, 2, 3]",1,False,False,4943911518984269,4943911522940810,28311552,3.9033279418945312,False,57982058496,spread,"[3184, 3567, 3950]"
scale_4_rank,3,1,1,"[1, 1, 1, 1]",1,False,False,4943911533184491,4943911534830948,9437184,1.5916160345077515,False,57982058496,spread,[2363]
six_0,3,1,1,"[2, 2, 1, 1]",1,False,False,4943911545130410,4943911548313771,18874368,3.126271963119507,False,57982058496,spread,"[2892, 3275]"
scale_14_rank,3,1,1,"[4, 4, 3, 3]",1,False,False,4943911558562707,4943911564815940,37748736,6.192192077636719,False,57982058496,spread,"[4242, 4625, 5008, 5391]"
scale_62_rank,3,1,1,"[16, 16, 15, 15]",1,False,False,4943911575171789,4943911599909105,150994944,24.678911209106445,False,57982058496,spread,"[54, 437, 820, 1203, 1586, 1969, 2352, 2735, 3118, 3501, 3884, 4267, 4650, 5033, 5416, 5799]"
concurrency_2_rank,3,1,1,"[4, 4, 3, 3]",2,False,False,4943911610260916,4943911616548402,37748736,6.204736232757568,False,57982058496,spread,"[4242, 4625, 5008, 5391]"
two_pair_2_3,3,1,1,"[0, 0, 1, 1]",1,False,False,4943911626870894,4943911626940801,0,0,False,57982058496,spread,[]
two_single_0,3,1,1,"[2, 0, 0, 0]",1,False,False,4943911638774993,4943911638842317,0,0,False,57982058496,spread,[]
scale_62_group,3,1,1,"[15, 16, 15, 16]",1,False,False,4943911650655252,4943911674612350,150994944,23.893600463867188,False,57982058496,spread,"[5815, 54, 437, 820, 1203, 1586, 1969, 2352, 2735, 3118, 3501, 3884, 4267, 4650, 5033, 5416]"
scale_6_group,3,1,1,"[1, 2, 1, 2]",1,False,False,4943911684899498,4943911687311077,18874368,2.3616960048675537,False,57982058496,spread,"[2509, 2892]"
six_3,3,1,1,"[1, 1, 2, 2]",1,False,False,4943911697541878,4943911699172927,9437184,1.5769280195236206,False,57982058496,spread,[2509]
concurrency_2_group,3,1,1,"[3, 4, 3, 4]",2,False,False,4943911710972221,4943911716462062,37748736,5.423136234283447,False,57982058496,spread,"[3859, 4242, 4625, 5008]"
two_single_2,3,1,1,"[0, 0, 2, 0]",1,False,False,4943911726732942,4943911726795644,0,0,False,57982058496,spread,[]
two_single_1,4,1,1,"[0, 2, 0, 0]",1,False,False,4943911738621419,4943911740294588,18874368,1.6011199951171875,False,57982058496,spread,"[2045, 2428]"
two_pair_0_2,4,1,1,"[1, 0, 1, 0]",1,False,False,4943911750573541,4943911750641337,0,0,False,57982058496,spread,[]
scale_8_group,4,1,1,"[2, 2, 2, 2]",1,False,False,4943911761737232,4943911764915927,18874368,2.904320001602173,False,57982058496,spread,"[3249, 3632]"
scale_6_group,4,1,1,"[1, 2, 1, 2]",1,False,False,4943911775374032,4943911777775261,18874368,2.3530240058898926,False,57982058496,spread,"[2720, 3103]"
two_single_2,4,1,1,"[0, 0, 2, 0]",1,False,False,4943911788064612,4943911788130577,0,0,False,57982058496,spread,[]
scale_62_rank,4,1,1,"[16, 16, 15, 15]",1,False,False,4943911800096460,4943911824802484,150994944,24.658912658691406,False,57982058496,spread,"[265, 648, 1031, 1414, 1797, 2180, 2563, 2946, 3329, 3712, 4095, 4478, 4861, 5244, 5627, 6010]"
scale_14_rank,4,1,1,"[4, 4, 3, 3]",1,False,False,4943911835211769,4943911841435922,37748736,6.170368194580078,False,57982058496,spread,"[4453, 4836, 5219, 5602]"
six_3,4,1,1,"[1, 1, 2, 2]",1,False,False,4943911851878589,4943911853498033,9437184,1.5750399827957153,False,57982058496,spread,[2720]
two_pair_1_3,4,1,1,"[0, 1, 0, 1]",1,False,False,4943911865409588,4943911866322047,9437184,0.8334400057792664,False,57982058496,spread,[2045]
six_0,4,1,1,"[2, 2, 1, 1]",1,False,False,4943911876585716,4943911879753135,18874368,3.1201601028442383,False,57982058496,spread,"[3103, 3486]"
two_pair_0_3,4,1,1,"[1, 0, 0, 1]",1,False,False,4943911890120874,4943911890197479,0,0,False,57982058496,spread,[]
concurrency_2_group,4,1,1,"[3, 4, 3, 4]",2,False,False,4943911901316864,4943911906805236,37748736,5.416863918304443,False,57982058496,spread,"[4070, 4453, 4836, 5219]"
scale_50_group,4,1,1,"[12, 13, 12, 13]",1,False,False,4943911917121472,4943911936426994,122683392,19.25654411315918,False,57982058496,spread,"[4001, 4384, 4767, 5150, 5533, 5916, 155, 538, 921, 1304, 1687, 2070, 2453]"
scale_10_group,4,1,1,"[2, 3, 2, 3]",1,False,False,4943911946753580,4943911950698593,28311552,3.8912320137023926,False,57982058496,spread,"[3395, 3778, 4161]"
scale_2_group,4,1,1,"[0, 1, 0, 1]",1,False,False,4943911961047951,4943911961916073,9437184,0.8202239871025085,False,57982058496,spread,[2045]
two_pair_0_1,4,1,1,"[1, 1, 0, 0]",1,False,False,4943911972218543,4943911973796996,9437184,1.5336960554122925,False,57982058496,spread,[2428]
two_pair_1_2,4,1,1,"[0, 1, 1, 0]",1,False,False,4943911984156739,4943911985031534,9437184,0.8219199776649475,False,57982058496,spread,[2045]
scale_14_group,4,1,1,"[3, 4, 3, 4]",1,False,False,4943911995295850,4943912000770473,37748736,5.415520191192627,False,57982058496,spread,"[4070, 4453, 4836, 5219]"
scale_6_rank,4,1,1,"[2, 2, 1, 1]",1,False,False,4943912011085060,4943912014254464,18874368,3.1174399852752686,False,57982058496,spread,"[3103, 3486]"
six_1,4,1,1,"[1, 2, 1, 2]",1,False,False,4943912024588126,4943912026999322,18874368,2.3627519607543945,False,57982058496,spread,"[2720, 3103]"
concurrency_4_rank,4,1,1,"[4, 4, 3, 3]",4,False,False,4943912037297599,4943912043584196,37748736,6.165215969085693,False,57982058496,spread,"[4453, 4836, 5219, 5602]"
scale_2_rank,4,1,1,"[1, 1, 0, 0]",1,False,False,4943912054038258,4943912055687846,9437184,1.3572800159454346,False,57982058496,spread,[2428]
scale_62_group,4,1,1,"[15, 16, 15, 16]",1,False,False,4943912066241119,4943912090152426,150994944,23.85887908935547,False,57982058496,spread,"[6026, 265, 648, 1031, 1414, 1797, 2180, 2563, 2946, 3329, 3712, 4095, 4478, 4861, 5244, 5627]"
two_pair_2_3,4,1,1,"[0, 0, 1, 1]",1,False,False,4943912101044972,4943912101119590,0,0,False,57982058496,spread,[]
six_2,4,1,1,"[2, 1, 2, 1]",1,False,False,4943912113107647,4943912114771026,9437184,1.599071979522705,False,57982058496,spread,[3103]
scale_4_group,4,1,1,"[1, 1, 1, 1]",1,False,False,4943912125810282,4943912127444087,9437184,1.584223985671997,False,57982058496,spread,[2574]
two_single_3,4,1,1,"[0, 0, 0, 2]",1,False,False,4943912137802290,4943912137873047,0,0,False,57982058496,spread,[]
concurrency_4_group,4,1,1,"[3, 4, 3, 4]",4,False,False,4943912149866211,4943912155485015,37748736,5.447743892669678,False,57982058496,spread,"[4070, 4453, 4836, 5219]"
scale_50_rank,4,1,1,"[13, 13, 12, 12]",1,False,False,4943912165798705,4943912185880858,122683392,20.014816284179688,False,57982058496,spread,"[4384, 4767, 5150, 5533, 5916, 155, 538, 921, 1304, 1687, 2070, 2453, 2836]"
two_single_0,4,1,1,"[2, 0, 0, 0]",1,False,False,4943912196255586,4943912196328830,0,0,False,57982058496,spread,[]
scale_8_rank,4,1,1,"[2, 2, 2, 2]",1,False,False,4943912208226921,4943912211406948,18874368,3.11955189704895,False,57982058496,spread,"[3249, 3632]"
scale_10_rank,4,1,1,"[3, 3, 2, 2]",1,False,False,4943912221780437,4943912226440861,28311552,4.6150078773498535,False,57982058496,spread,"[3778, 4161, 4544]"
scale_4_rank,4,1,1,"[1, 1, 1, 1]",1,False,False,4943912236857751,4943912238474399,9437184,1.5689599514007568,False,57982058496,spread,[2574]
concurrency_2_rank,4,1,1,"[4, 4, 3, 3]",2,False,False,4943912248873424,4943912255118744,37748736,6.17907190322876,False,57982058496,spread,"[4453, 4836, 5219, 5602]"
two_pair_1_2,5,1,1,"[0, 1, 1, 0]",1,False,False,4943912265474227,4943912266331224,9437184,0.8117120265960693,False,57982058496,spread,[2256]
concurrency_2_group,5,1,1,"[3, 4, 3, 4]",2,False,False,4943912276635913,4943912282120834,37748736,5.419583797454834,False,57982058496,spread,"[4281, 4664, 5047, 5430]"
scale_6_group,5,1,1,"[1, 2, 1, 2]",1,False,False,4943912292445886,4943912294841206,18874368,2.348479986190796,False,57982058496,spread,"[2931, 3314]"
two_pair_1_3,5,1,1,"[0, 1, 0, 1]",1,False,False,4943912305178465,4943912306033917,9437184,0.8097919821739197,False,57982058496,spread,[2256]
concurrency_2_rank,5,1,1,"[4, 4, 3, 3]",2,False,False,4943912316331647,4943912322572444,37748736,6.170112133026123,False,57982058496,spread,"[4664, 5047, 5430, 5813]"
scale_10_rank,5,1,1,"[3, 3, 2, 2]",1,False,False,4943912332934411,4943912337643010,28311552,4.655488014221191,False,57982058496,spread,"[3989, 4372, 4755]"
two_pair_0_3,5,1,1,"[1, 0, 0, 1]",1,False,False,4943912348015147,4943912348356255,0,0,False,57982058496,spread,[]
concurrency_4_rank,5,1,1,"[4, 4, 3, 3]",4,False,False,4943912359178655,4943912365467990,37748736,6.179808139801025,False,57982058496,spread,"[4664, 5047, 5430, 5813]"
scale_6_rank,5,1,1,"[2, 2, 1, 1]",1,False,False,4943912375832580,4943912379001675,18874368,3.1230719089508057,False,57982058496,spread,"[3314, 3697]"
six_1,5,1,1,"[1, 2, 1, 2]",1,False,False,4943912389399480,4943912391792239,18874368,2.345695972442627,False,57982058496,spread,"[2931, 3314]"
scale_62_group,5,1,1,"[15, 16, 15, 16]",1,False,False,4943912402158835,4943912426116175,150994944,23.905855178833008,False,57982058496,spread,"[93, 476, 859, 1242, 1625, 2008, 2391, 2774, 3157, 3540, 3923, 4306, 4689, 5072, 5455, 5838]"
two_pair_0_1,5,1,1,"[1, 1, 0, 0]",1,False,False,4943912436509124,4943912438142109,9437184,1.5846400260925293,False,57982058496,spread,[2639]
scale_2_rank,5,1,1,"[1, 1, 0, 0]",1,False,False,4943912448486118,4943912450114214,9437184,1.5797120332717896,False,57982058496,spread,[2639]
six_2,5,1,1,"[2, 1, 2, 1]",1,False,False,4943912460509915,4943912462131338,9437184,1.5768959522247314,False,57982058496,spread,[3314]
two_pair_0_2,5,1,1,"[1, 0, 1, 0]",1,False,False,4943912473297773,4943912473365430,0,0,False,57982058496,spread,[]
two_single_2,5,1,1,"[0, 0, 2, 0]",1,False,False,4943912484491179,4943912484557023,0,0,False,57982058496,spread,[]
scale_10_group,5,1,1,"[2, 3, 2, 3]",1,False,False,4943912496616581,4943912500573485,28311552,3.906496047973633,False,57982058496,spread,"[3606, 3989, 4372]"
concurrency_4_group,5,1,1,"[3, 4, 3, 4]",4,False,False,4943912510872789,4943912516411475,37748736,5.426784038543701,False,57982058496,spread,"[4281, 4664, 5047, 5430]"
scale_8_rank,5,1,1,"[2, 2, 2, 2]",1,False,False,4943912526724737,4943912529885956,18874368,3.1069118976593018,False,57982058496,spread,"[3460, 3843]"
scale_50_rank,5,1,1,"[13, 13, 12, 12]",1,False,False,4943912540234290,4943912560330848,122683392,20.039104461669922,False,57982058496,spread,"[4595, 4978, 5361, 5744, 6127, 366, 749, 1132, 1515, 1898, 2281, 2664, 3047]"
two_single_0,5,1,1,"[2, 0, 0, 0]",1,False,False,4943912571090960,4943912571167016,0,0,False,57982058496,spread,[]
scale_8_group,5,1,1,"[2, 2, 2, 2]",1,False,False,4943912583090083,4943912586252377,18874368,3.1177918910980225,False,57982058496,spread,"[3460, 3843]"
scale_14_rank,5,1,1,"[4, 4, 3, 3]",1,False,False,4943912596659498,4943912602905304,37748736,6.197023868560791,False,57982058496,spread,"[4664, 5047, 5430, 5813]"
scale_4_rank,5,1,1,"[1, 1, 1, 1]",1,False,False,4943912613238863,4943912614861695,9437184,1.5774400234222412,False,57982058496,spread,[2785]
six_0,5,1,1,"[2, 2, 1, 1]",1,False,False,4943912625447757,4943912628600042,18874368,3.109855890274048,False,57982058496,spread,"[3314, 3697]"
two_single_3,5,1,1,"[0, 0, 0, 2]",1,False,False,4943912638879968,4943912638939969,0,0,False,57982058496,spread,[]
scale_4_group,5,1,1,"[1, 1, 1, 1]",1,False,False,4943912650880119,4943912652513661,9437184,1.3530240058898926,False,57982058496,spread,[2785]
two_single_1,5,1,1,"[0, 2, 0, 0]",1,False,False,4943912663092818,4943912664735321,18874368,1.5871360301971436,False,57982058496,spread,"[2256, 2639]"
scale_62_rank,5,1,1,"[16, 16, 15, 15]",1,False,False,4943912675086461,4943912699745390,150994944,24.602399826049805,False,57982058496,spread,"[476, 859, 1242, 1625, 2008, 2391, 2774, 3157, 3540, 3923, 4306, 4689, 5072, 5455, 5838, 77]"
two_pair_2_3,5,1,1,"[0, 0, 1, 1]",1,False,False,4943912710206897,4943912710281297,0,0,False,57982058496,spread,[]
scale_14_group,5,1,1,"[3, 4, 3, 4]",1,False,False,4943912722225804,4943912727700963,37748736,5.4266557693481445,False,57982058496,spread,"[4281, 4664, 5047, 5430]"
scale_2_group,5,1,1,"[0, 1, 0, 1]",1,False,False,4943912738072082,4943912738939683,9437184,0.8182079792022705,False,57982058496,spread,[2256]
six_3,5,1,1,"[1, 1, 2, 2]",1,False,False,4943912749263676,4943912750884093,9437184,1.573632001876831,False,57982058496,spread,[2931]
scale_50_group,5,1,1,"[12, 13, 12, 13]",1,False,False,4943912762844216,4943912782149740,122683392,19.253280639648438,False,57982058496,spread,"[4212, 4595, 4978, 5361, 5744, 6127, 366, 749, 1132, 1515, 1898, 2281, 2664]"
scale_10_group,6,1,1,"[2, 3, 2, 3]",1,False,False,4943912792605818,4943912796544881,28311552,3.88755202293396,False,57982058496,spread,"[3817, 4200, 4583]"
scale_6_rank,6,1,1,"[2, 2, 1, 1]",1,False,False,4943912806855371,4943912810012288,18874368,3.108992099761963,False,57982058496,spread,"[3525, 3908]"
scale_14_rank,6,1,1,"[4, 4, 3, 3]",1,False,False,4943912820490039,4943912826738618,37748736,6.2011518478393555,False,57982058496,spread,"[4875, 5258, 5641, 6024]"
scale_8_group,6,1,1,"[2, 2, 2, 2]",1,False,False,4943912837183132,4943912840352511,18874368,3.1107840538024902,False,57982058496,spread,"[3671, 4054]"
concurrency_4_rank,6,1,1,"[4, 4, 3, 3]",4,False,False,4943912850694588,4943912857039027,37748736,6.2175679206848145,False,57982058496,spread,"[4875, 5258, 5641, 6024]"
scale_4_group,6,1,1,"[1, 1, 1, 1]",1,False,False,4943912867805597,4943912869386436,9437184,1.5249279737472534,False,57982058496,spread,[2996]
scale_8_rank,6,1,1,"[2, 2, 2, 2]",1,False,False,4943912879829132,4943912882993061,18874368,3.1123199462890625,False,57982058496,spread,"[3671, 4054]"
two_pair_0_2,6,1,1,"[1, 0, 1, 0]",1,False,False,4943912893351528,4943912893423778,0,0,False,57982058496,spread,[]
six_2,6,1,1,"[2, 1, 2, 1]",1,False,False,4943912904483792,4943912906122628,9437184,1.5850880146026611,False,57982058496,spread,[3525]
scale_14_group,6,1,1,"[3, 4, 3, 4]",1,False,False,4943912917230849,4943912922715088,37748736,5.430912017822266,False,57982058496,spread,"[4492, 4875, 5258, 5641]"
concurrency_4_group,6,1,1,"[3, 4, 3, 4]",4,False,False,4943912933141658,4943912938686078,37748736,5.428256034851074,False,57982058496,spread,"[4492, 4875, 5258, 5641]"
two_single_2,6,1,1,"[0, 0, 2, 0]",1,False,False,4943912949553773,4943912949668739,0,0,False,57982058496,spread,[]
scale_2_group,6,1,1,"[0, 1, 0, 1]",1,False,False,4943912961845258,4943912962774248,9437184,0.8709759712219238,False,57982058496,spread,[2467]
scale_2_rank,6,1,1,"[1, 1, 0, 0]",1,False,False,4943912973108117,4943912974739156,9437184,1.5737919807434082,False,57982058496,spread,[2850]
scale_4_rank,6,1,1,"[1, 1, 1, 1]",1,False,False,4943912985153511,4943912986786749,9437184,1.583583950996399,False,57982058496,spread,[2996]
concurrency_2_rank,6,1,1,"[4, 4, 3, 3]",2,False,False,4943912997219884,4943913003500014,37748736,6.193312168121338,False,57982058496,spread,"[4875, 5258, 5641, 6024]"
two_pair_2_3,6,1,1,"[0, 0, 1, 1]",1,False,False,4943913013938716,4943913014005154,0,0,False,57982058496,spread,[]
six_1,6,1,1,"[1, 2, 1, 2]",1,False,False,4943913026163804,4943913028586307,18874368,2.3624320030212402,False,57982058496,spread,"[3142, 3525]"
scale_10_rank,6,1,1,"[3, 3, 2, 2]",1,False,False,4943913038906593,4943913043624898,28311552,4.676383972167969,False,57982058496,spread,"[4200, 4583, 4966]"
two_pair_1_3,6,1,1,"[0, 1, 0, 1]",1,False,False,4943913053999058,4943913054850816,9437184,0.8105279803276062,False,57982058496,spread,[2467]
concurrency_2_group,6,1,1,"[3, 4, 3, 4]",2,False,False,4943913065339223,4943913070818347,37748736,5.41542387008667,False,57982058496,spread,"[4492, 4875, 5258, 5641]"
scale_50_rank,6,1,1,"[13, 13, 12, 12]",1,False,False,4943913081194531,4943913101291873,122683392,20.0513916015625,False,57982058496,spread,"[4806, 5189, 5572, 5955, 194, 577, 960, 1343, 1726, 2109, 2492, 2875, 3258]"
two_single_3,6,1,1,"[0, 0, 0, 2]",1,False,False,4943913111648480,4943913111713981,0,0,False,57982058496,spread,[]
two_single_0,6,1,1,"[2, 0, 0, 0]",1,False,False,4943913123884464,4943913123941878,0,0,False,57982058496,spread,[]
scale_6_group,6,1,1,"[1, 2, 1, 2]",1,False,False,4943913135923563,4943913138312428,18874368,2.352544069290161,False,57982058496,spread,"[3142, 3525]"
scale_62_group,6,1,1,"[15, 16, 15, 16]",1,False,False,4943913148679064,4943913172586261,150994944,23.85807991027832,False,57982058496,spread,"[304, 687, 1070, 1453, 1836, 2219, 2602, 2985, 3368, 3751, 4134, 4517, 4900, 5283, 5666, 6049]"
two_single_1,6,1,1,"[0, 2, 0, 0]",1,False,False,4943913182989740,4943913184626492,18874368,1.5871039628982544,False,57982058496,spread,"[2467, 2850]"
six_0,6,1,1,"[2, 2, 1, 1]",1,False,False,4943913194903927,4943913198046061,18874368,3.0884480476379395,False,57982058496,spread,"[3525, 3908]"
six_3,6,1,1,"[1, 1, 2, 2]",1,False,False,4943913208396562,4943913210023525,9437184,1.580191969871521,False,57982058496,spread,[3142]
two_pair_0_3,6,1,1,"[1, 0, 0, 1]",1,False,False,4943913222118866,4943913222208115,0,0,False,57982058496,spread,[]
two_pair_1_2,6,1,1,"[0, 1, 1, 0]",1,False,False,4943913233325530,4943913234210127,9437184,0.8316479921340942,False,57982058496,spread,[2467]
two_pair_0_1,6,1,1,"[1, 1, 0, 0]",1,False,False,4943913244692919,4943913246346428,9437184,1.3605760335922241,False,57982058496,spread,[2850]
scale_50_group,6,1,1,"[12, 13, 12, 13]",1,False,False,4943913256917856,4943913276231768,122683392,19.260608673095703,False,57982058496,spread,"[4423, 4806, 5189, 5572, 5955, 194, 577, 960, 1343, 1726, 2109, 2492, 2875]"
scale_62_rank,6,1,1,"[16, 16, 15, 15]",1,False,False,4943913286654461,4943913311402560,150994944,24.69740867614746,False,57982058496,spread,"[687, 1070, 1453, 1836, 2219, 2602, 2985, 3368, 3751, 4134, 4517, 4900, 5283, 5666, 6049, 288]"
scale_62_group,7,1,1,"[15, 16, 15, 16]",1,False,False,4943913321806490,4943913345770333,150994944,23.911455154418945,False,57982058496,spread,"[515, 898, 1281, 1664, 2047, 2430, 2813, 3196, 3579, 3962, 4345, 4728, 5111, 5494, 5877, 116]"
two_pair_2_3,7,1,1,"[0, 0, 1, 1]",1,False,False,4943913356298444,4943913356368530,0,0,False,57982058496,spread,[]
two_pair_1_2,7,1,1,"[0, 1, 1, 0]",1,False,False,4943913368409535,4943913369265228,9437184,0.8154879808425903,False,57982058496,spread,[2678]
scale_8_group,7,1,1,"[2, 2, 2, 2]",1,False,False,4943913379558644,4943913382715897,18874368,3.114527940750122,False,57982058496,spread,"[3882, 4265]"
two_single_3,7,1,1,"[0, 0, 0, 2]",1,False,False,4943913393076085,4943913393149496,0,0,False,57982058496,spread,[]
scale_6_group,7,1,1,"[1, 2, 1, 2]",1,False,False,4943913405254851,4943913407677802,18874368,2.3593599796295166,False,57982058496,spread,"[3353, 3736]"
six_3,7,1,1,"[1, 1, 2, 2]",1,False,False,4943913418045825,4943913419680513,9437184,1.5788160562515259,False,57982058496,spread,[3353]
scale_50_rank,7,1,1,"[13, 13, 12, 12]",1,False,False,4943913431762640,4943913451856319,122683392,20.024927139282227,False,57982058496,spread,"[5017, 5400, 5783, 22, 405, 788, 1171, 1554, 1937, 2320, 2703, 3086, 3469]"
scale_14_group,7,1,1,"[3, 4, 3, 4]",1,False,False,4943913462251311,4943913467731260,37748736,5.426815986633301,False,57982058496,spread,"[4703, 5086, 5469, 5852]"
scale_4_rank,7,1,1,"[1, 1, 1, 1]",1,False,False,4943913478142070,4943913479768436,9437184,1.5780479907989502,False,57982058496,spread,[3207]
two_single_0,7,1,1,"[2, 0, 0, 0]",1,False,False,4943913490247289,4943913490315180,0,0,False,57982058496,spread,[]
scale_62_rank,7,1,1,"[16, 16, 15, 15]",1,False,False,4943913502282445,4943913526974648,150994944,24.626272201538086,False,57982058496,spread,"[898, 1281, 1664, 2047, 2430, 2813, 3196, 3579, 3962, 4345, 4728, 5111, 5494, 5877, 116, 499]"
scale_2_rank,7,1,1,"[1, 1, 0, 0]",1,False,False,4943913537339221,4943913538978304,9437184,1.361631989479065,False,57982058496,spread,[3061]
six_0,7,1,1,"[2, 2, 1, 1]",1,False,False,4943913549562564,4943913552726928,18874368,3.1167678833007812,False,57982058496,spread,"[3736, 4119]"
scale_2_group,7,1,1,"[0, 1, 0, 1]",1,False,False,4943913563002391,4943913563865766,9437184,0.8162559866905212,False,57982058496,spread,[2678]
concurrency_2_rank,7,1,1,"[4, 4, 3, 3]",2,False,False,4943913574356501,4943913580604068,37748736,6.17139196395874,False,57982058496,spread,"[5086, 5469, 5852, 91]"
scale_4_group,7,1,1,"[1, 1, 1, 1]",1,False,False,4943913590952005,4943913592580182,9437184,1.5813119411468506,False,57982058496,spread,[3207]
scale_10_rank,7,1,1,"[3, 3, 2, 2]",1,False,False,4943913602996841,4943913607699501,28311552,4.655263900756836,False,57982058496,spread,"[4411, 4794, 5177]"
scale_6_rank,7,1,1,"[2, 2, 1, 1]",1,False,False,4943913618097305,4943913621262061,18874368,3.1247360706329346,False,57982058496,spread,"[3736, 4119]"
six_1,7,1,1,"[1, 2, 1, 2]",1,False,False,4943913631612033,4943913633995684,18874368,2.344223976135254,False,57982058496,spread,"[3353, 3736]"
two_single_2,7,1,1,"[0, 0, 2, 0]",1,False,False,4943913644333599,4943913644394518,0,0,False,57982058496,spread,[]
two_pair_0_1,7,1,1,"[1, 1, 0, 0]",1,False,False,4943913656418196,4943913658076612,9437184,1.589311957359314,False,57982058496,spread,[3061]
scale_8_rank,7,1,1,"[2, 2, 2, 2]",1,False,False,4943913668424383,4943913671592037,18874368,3.1258881092071533,False,57982058496,spread,"[3882, 4265]"
two_pair_0_2,7,1,1,"[1, 0, 1, 0]",1,False,False,4943913681950865,4943913682013237,0,0,False,57982058496,spread,[]
two_pair_1_3,7,1,1,"[0, 1, 0, 1]",1,False,False,4943913693174830,4943913694042288,9437184,0.8195520043373108,False,57982058496,spread,[2678]
two_single_1,7,1,1,"[0, 2, 0, 0]",1,False,False,4943913704381550,4943913706027496,18874368,1.5923199653625488,False,57982058496,spread,"[2678, 3061]"
concurrency_2_group,7,1,1,"[3, 4, 3, 4]",2,False,False,4943913716451165,4943913721953254,37748736,5.428800106048584,False,57982058496,spread,"[4703, 5086, 5469, 5852]"
concurrency_4_rank,7,1,1,"[4, 4, 3, 3]",4,False,False,4943913732317253,4943913738635381,37748736,6.199584007263184,False,57982058496,spread,"[5086, 5469, 5852, 91]"
scale_50_group,7,1,1,"[12, 13, 12, 13]",1,False,False,4943913749107852,4943913768425383,122683392,19.264480590820312,False,57982058496,spread,"[4634, 5017, 5400, 5783, 22, 405, 788, 1171, 1554, 1937, 2320, 2703, 3086]"
scale_10_group,7,1,1,"[2, 3, 2, 3]",1,False,False,4943913778906291,4943913782856351,28311552,3.8926079273223877,False,57982058496,spread,"[4028, 4411, 4794]"
scale_14_rank,7,1,1,"[4, 4, 3, 3]",1,False,False,4943913793206020,4943913799435442,37748736,6.178688049316406,False,57982058496,spread,"[5086, 5469, 5852, 91]"
concurrency_4_group,7,1,1,"[3, 4, 3, 4]",4,False,False,4943913809840027,4943913815373289,37748736,5.424704074859619,False,57982058496,spread,"[4703, 5086, 5469, 5852]"
six_2,7,1,1,"[2, 1, 2, 1]",1,False,False,4943913825753417,4943913827386927,9437184,1.581663966178894,False,57982058496,spread,[3736]
two_pair_0_3,7,1,1,"[1, 0, 0, 1]",1,False,False,4943913839782276,4943913840111261,0,0,False,57982058496,spread,[]
concurrency_4_rank,8,1,1,"[4, 4, 3, 3]",4,False,False,4943913851046916,4943913857341935,37748736,6.172704219818115,False,57982058496,spread,"[5297, 5680, 6063, 302]"
two_pair_1_3,8,1,1,"[0, 1, 0, 1]",1,False,False,4943913867677823,4943913868545366,9437184,0.81632000207901,False,57982058496,spread,[2889]
two_single_0,8,1,1,"[2, 0, 0, 0]",1,False,False,4943913878856494,4943913878925787,0,0,False,57982058496,spread,[]
scale_2_group,8,1,1,"[0, 1, 0, 1]",1,False,False,4943913890729776,4943913891594706,9437184,0.8150720000267029,False,57982058496,spread,[2889]
two_pair_0_2,8,1,1,"[1, 0, 1, 0]",1,False,False,4943913901925922,4943913902000852,0,0,False,57982058496,spread,[]
scale_14_rank,8,1,1,"[4, 4, 3, 3]",1,False,False,4943913913138213,4943913919359606,37748736,6.174655914306641,False,57982058496,spread,"[5297, 5680, 6063, 302]"
two_pair_0_3,8,1,1,"[1, 0, 0, 1]",1,False,False,4943913929720698,4943913929792650,0,0,False,57982058496,spread,[]
scale_62_group,8,1,1,"[15, 16, 15, 16]",1,False,False,4943913940928373,4943913964856161,150994944,23.879423141479492,False,57982058496,spread,"[726, 1109, 1492, 1875, 2258, 2641, 3024, 3407, 3790, 4173, 4556, 4939, 5322, 5705, 6088, 327]"
two_pair_0_1,8,1,1,"[1, 1, 0, 0]",1,False,False,4943913975226667,4943913976864065,9437184,1.584671974182129,False,57982058496,spread,[3272]
scale_62_rank,8,1,1,"[16, 16, 15, 15]",1,False,False,4943913987164392,4943914011840064,150994944,24.622560501098633,False,57982058496,spread,"[1109, 1492, 1875, 2258, 2641, 3024, 3407, 3790, 4173, 4556, 4939, 5322, 5705, 6088, 327, 710]"
scale_6_rank,8,1,1,"[2, 2, 1, 1]",1,False,False,4943914022242635,4943914025414936,18874368,3.122783899307251,False,57982058496,spread,"[3947, 4330]"
two_pair_2_3,8,1,1,"[0, 0, 1, 1]",1,False,False,4943914035799053,4943914035875526,0,0,False,57982058496,spread,[]
six_0,8,1,1,"[2, 2, 1, 1]",1,False,False,4943914048011456,4943914050057822,18874368,1.9816639423370361,False,57982058496,spread,"[3947, 4330]"
scale_4_rank,8,1,1,"[1, 1, 1, 1]",1,False,False,4943914061828856,4943914063467720,9437184,1.5776640176773071,False,57982058496,spread,[3418]
scale_14_group,8,1,1,"[3, 4, 3, 4]",1,False,False,4943914073886697,4943914079347240,37748736,5.410848140716553,False,57982058496,spread,"[4914, 5297, 5680, 6063]"
scale_2_rank,8,1,1,"[1, 1, 0, 0]",1,False,False,4943914089749055,4943914091363846,9437184,1.5640959739685059,False,57982058496,spread,[3272]
six_3,8,1,1,"[1, 1, 2, 2]",1,False,False,4943914101764460,4943914103385305,9437184,1.5725120306015015,False,57982058496,spread,[3564]
six_2,8,1,1,"[2, 1, 2, 1]",1,False,False,4943914115442292,4943914117065454,9437184,1.563264012336731,False,57982058496,spread,[3947]
scale_8_rank,8,1,1,"[2, 2, 2, 2]",1,False,False,4943914128228347,4943914131405184,18874368,2.2074880599975586,False,57982058496,spread,"[4093, 4476]"
scale_4_group,8,1,1,"[1, 1, 1, 1]",1,False,False,4943914141971122,4943914143594994,9437184,1.5682239532470703,False,57982058496,spread,[3418]
concurrency_2_rank,8,1,1,"[4, 4, 3, 3]",2,False,False,4943914154153370,4943914160413495,37748736,6.179264068603516,False,57982058496,spread,"[5297, 5680, 6063, 302]"
scale_8_group,8,1,1,"[2, 2, 2, 2]",1,False,False,4943914170766784,4943914173944544,18874368,3.1235198974609375,False,57982058496,spread,"[4093, 4476]"
scale_50_group,8,1,1,"[12, 13, 12, 13]",1,False,False,4943914184340224,4943914203672047,122683392,19.270431518554688,False,57982058496,spread,"[4845, 5228, 5611, 5994, 233, 616, 999, 1382, 1765, 2148, 2531, 2914, 3297]"
scale_50_rank,8,1,1,"[13, 13, 12, 12]",1,False,False,4943914214121998,4943914234213490,122683392,20.033536911010742,False,57982058496,spread,"[5228, 5611, 5994, 233, 616, 999, 1382, 1765, 2148, 2531, 2914, 3297, 3680]"
two_pair_1_2,8,1,1,"[0, 1, 1, 0]",1,False,False,4943914244674202,4943914245546065,9437184,0.8193280100822449,False,57982058496,spread,[2889]
concurrency_4_group,8,1,1,"[3, 4, 3, 4]",4,False,False,4943914255882042,4943914261412587,37748736,5.415359973907471,False,57982058496,spread,"[4914, 5297, 5680, 6063]"
concurrency_2_group,8,1,1,"[3, 4, 3, 4]",2,False,False,4943914271758130,4943914277238937,37748736,5.4119038581848145,False,57982058496,spread,"[4914, 5297, 5680, 6063]"
scale_6_group,8,1,1,"[1, 2, 1, 2]",1,False,False,4943914287594937,4943914289990668,18874368,2.340928077697754,False,57982058496,spread,"[3564, 3947]"
two_single_1,8,1,1,"[0, 2, 0, 0]",1,False,False,4943914300373970,4943914302006644,18874368,1.584223985671997,False,57982058496,spread,"[2889, 3272]"
scale_10_group,8,1,1,"[2, 3, 2, 3]",1,False,False,4943914312461283,4943914316396064,28311552,3.891200065612793,False,57982058496,spread,"[4239, 4622, 5005]"
six_1,8,1,1,"[1, 2, 1, 2]",1,False,False,4943914326773660,4943914329165604,18874368,2.348992109298706,False,57982058496,spread,"[3564, 3947]"
two_single_3,8,1,1,"[0, 0, 0, 2]",1,False,False,4943914339521422,4943914339581494,0,0,False,57982058496,spread,[]
two_single_2,8,1,1,"[0, 0, 2, 0]",1,False,False,4943914351642709,4943914351729867,0,0,False,57982058496,spread,[]
scale_10_rank,8,1,1,"[3, 3, 2, 2]",1,False,False,4943914363901602,4943914368323819,28311552,4.359807968139648,False,57982058496,spread,"[4622, 5005, 5388]"
two_pair_0_3,9,1,1,"[1, 0, 0, 1]",1,False,False,4943914379155117,4943914379222152,0,0,False,57982058496,spread,[]
scale_8_group,9,1,1,"[2, 2, 2, 2]",1,False,False,4943914390400322,4943914393564014,18874368,3.119296073913574,False,57982058496,spread,"[4304, 4687]"
scale_50_rank,9,1,1,"[13, 13, 12, 12]",1,False,False,4943914404014635,4943914424973882,122683392,20.04412841796875,False,57982058496,spread,"[5439, 5822, 61, 444, 827, 1210, 1593, 1976, 2359, 2742, 3125, 3508, 3891]"
two_single_0,9,1,1,"[2, 0, 0, 0]",1,False,False,4943914435887824,4943914435990819,0,0,False,57982058496,spread,[]
scale_2_group,9,1,1,"[0, 1, 0, 1]",1,False,False,4943914448033457,4943914448954787,9437184,0.8628159761428833,False,57982058496,spread,[3100]
two_pair_0_1,9,1,1,"[1, 1, 0, 0]",1,False,False,4943914459236566,4943914460863435,9437184,1.5811519622802734,False,57982058496,spread,[3483]
scale_8_rank,9,1,1,"[2, 2, 2, 2]",1,False,False,4943914471165617,4943914474324409,18874368,3.1174399852752686,False,57982058496,spread,"[4304, 4687]"
scale_6_group,9,1,1,"[1, 2, 1, 2]",1,False,False,4943914484766613,4943914487157109,18874368,2.3478078842163086,False,57982058496,spread,"[3775, 4158]"
scale_2_rank,9,1,1,"[1, 1, 0, 0]",1,False,False,4943914497499134,4943914499120948,9437184,1.5758399963378906,False,57982058496,spread,[3483]
scale_10_rank,9,1,1,"[3, 3, 2, 2]",1,False,False,4943914509463713,4943914514165960,28311552,4.659200191497803,False,57982058496,spread,"[4833, 5216, 5599]"
scale_6_rank,9,1,1,"[2, 2, 1, 1]",1,False,False,4943914524553445,4943914527706968,18874368,3.1105599403381348,False,57982058496,spread,"[4158, 4541]"
scale_4_group,9,1,1,"[1, 1, 1, 1]",1,False,False,4943914538075140,4943914539699802,9437184,1.579360008239746,False,57982058496,spread,[3629]
scale_4_rank,9,1,1,"[1, 1, 1, 1]",1,False,False,4943914550163230,4943914551780920,9437184,1.570464015007019,False,57982058496,spread,[3629]
two_single_2,9,1,1,"[0, 0, 2, 0]",1,False,False,4943914562196563,4943914562260283,0,0,False,57982058496,spread,[]
two_single_3,9,1,1,"[0, 0, 0, 2]",1,False,False,4943914574286283,4943914574370887,0,0,False,57982058496,spread,[]
scale_62_rank,9,1,1,"[16, 16, 15, 15]",1,False,False,4943914586372699,4943914611095665,150994944,24.663551330566406,False,57982058496,spread,"[1320, 1703, 2086, 2469, 2852, 3235, 3618, 4001, 4384, 4767, 5150, 5533, 5916, 155, 538, 921]"
concurrency_4_rank,9,1,1,"[4, 4, 3, 3]",4,False,False,4943914621509688,4943914627841986,37748736,6.214144229888916,False,57982058496,spread,"[5508, 5891, 130, 513]"
six_0,9,1,1,"[2, 2, 1, 1]",1,False,False,4943914638188085,4943914641360090,18874368,3.1245760917663574,False,57982058496,spread,"[4158, 4541]"
concurrency_2_group,9,1,1,"[3, 4, 3, 4]",2,False,False,4943914651830913,4943914657328683,37748736,5.428991794586182,False,57982058496,spread,"[5125, 5508, 5891, 130]"
concurrency_4_group,9,1,1,"[3, 4, 3, 4]",4,False,False,4943914667726358,4943914673259294,37748736,5.427231788635254,False,57982058496,spread,"[5125, 5508, 5891, 130]"
six_3,9,1,1,"[1, 1, 2, 2]",1,False,False,4943914683646294,4943914685269655,9437184,1.5742080211639404,False,57982058496,spread,[3775]
scale_62_group,9,1,1,"[15, 16, 15, 16]",1,False,False,4943914697428100,4943914721403684,150994944,23.872928619384766,False,57982058496,spread,"[937, 1320, 1703, 2086, 2469, 2852, 3235, 3618, 4001, 4384, 4767, 5150, 5533, 5916, 155, 538]"
two_pair_1_2,9,1,1,"[0, 1, 1, 0]",1,False,False,4943914732119910,4943914733067811,9437184,0.8685439825057983,False,57982058496,spread,[3100]
two_single_1,9,1,1,"[0, 2, 0, 0]",1,False,False,4943914743396699,4943914745030837,18874368,1.5863679647445679,False,57982058496,spread,"[3100, 3483]"
concurrency_2_rank,9,1,1,"[4, 4, 3, 3]",2,False,False,4943914755445198,4943914761715298,37748736,6.189055919647217,False,57982058496,spread,"[5508, 5891, 130, 513]"
two_pair_2_3,9,1,1,"[0, 0, 1, 1]",1,False,False,4943914772079266,4943914772151744,0,0,False,57982058496,spread,[]
scale_10_group,9,1,1,"[2, 3, 2, 3]",1,False,False,4943914784268074,4943914788220638,28311552,3.8936960697174072,False,57982058496,spread,"[4450, 4833, 5216]"
scale_50_group,9,1,1,"[12, 13, 12, 13]",1,False,False,4943914798533540,4943914817845818,122683392,19.26304054260254,False,57982058496,spread,"[5056, 5439, 5822, 61, 444, 827, 1210, 1593, 1976, 2359, 2742, 3125, 3508]"
two_pair_1_3,9,1,1,"[0, 1, 0, 1]",1,False,False,4943914828245280,4943914829110368,9437184,0.8167039752006531,False,57982058496,spread,[3100]
six_2,9,1,1,"[2, 1, 2, 1]",1,False,False,4943914839568368,4943914841190564,9437184,1.5634560585021973,False,57982058496,spread,[4158]
scale_14_group,9,1,1,"[3, 4, 3, 4]",1,False,False,4943914852323050,4943914857790693,37748736,5.417280197143555,False,57982058496,spread,"[5125, 5508, 5891, 130]"
six_1,9,1,1,"[1, 2, 1, 2]",1,False,False,4943914868163432,4943914870552144,18874368,2.34118390083313,False,57982058496,spread,"[3775, 4158]"
scale_14_rank,9,1,1,"[4, 4, 3, 3]",1,False,False,4943914880874352,4943914887102257,37748736,6.180191993713379,False,57982058496,spread,"[5508, 5891, 130, 513]"
two_pair_0_2,9,1,1,"[1, 0, 1, 0]",1,False,False,4943914897478802,4943914897550870,0,0,False,57982058496,spread,[]
concurrency_4_group,10,1,1,"[3, 4, 3, 4]",4,False,False,4943914908787121,4943914914310192,37748736,5.410463809967041,False,57982058496,spread,"[5336, 5719, 6102, 341]"
two_pair_1_2,10,1,1,"[0, 1, 1, 0]",1,False,False,4943914924680868,4943914925543567,9437184,0.814303994178772,False,57982058496,spread,[3311]
scale_4_group,10,1,1,"[1, 1, 1, 1]",1,False,False,4943914935878000,4943914937509438,9437184,1.582368016242981,False,57982058496,spread,[3840]
two_single_1,10,1,1,"[0, 2, 0, 0]",1,False,False,4943914947895982,4943914949543218,18874368,1.5913280248641968,False,57982058496,spread,"[3311, 3694]"
concurrency_4_rank,10,1,1,"[4, 4, 3, 3]",4,False,False,4943914960019104,4943914966258063,37748736,5.988448143005371,False,57982058496,spread,"[5719, 6102, 341, 724]"
scale_62_group,10,1,1,"[15, 16, 15, 16]",1,False,False,4943914977094861,4943915001046934,150994944,23.898399353027344,False,57982058496,spread,"[1148, 1531, 1914, 2297, 2680, 3063, 3446, 3829, 4212, 4595, 4978, 5361, 5744, 6127, 366, 749]"
six_0,10,1,1,"[2, 2, 1, 1]",1,False,False,4943915011656458,4943915014849405,18874368,3.1192638874053955,False,57982058496,spread,"[4369, 4752]"
six_3,10,1,1,"[1, 1, 2, 2]",1,False,False,4943915025233570,4943915026917597,9437184,1.3816959857940674,False,57982058496,spread,[3986]
two_single_3,10,1,1,"[0, 0, 0, 2]",1,False,False,4943915038873528,4943915038955905,0,0,False,57982058496,spread,[]
two_single_0,10,1,1,"[2, 0, 0, 0]",1,False,False,4943915050846235,4943915050918433,0,0,False,57982058496,spread,[]
scale_50_group,10,1,1,"[12, 13, 12, 13]",1,False,False,4943915062768149,4943915082067616,122683392,19.252256393432617,False,57982058496,spread,"[5267, 5650, 6033, 272, 655, 1038, 1421, 1804, 2187, 2570, 2953, 3336, 3719]"
scale_6_group,10,1,1,"[1, 2, 1, 2]",1,False,False,4943915092596641,4943915095022768,18874368,2.3675200939178467,False,57982058496,spread,"[3986, 4369]"
scale_8_rank,10,1,1,"[2, 2, 2, 2]",1,False,False,4943915105380621,4943915108405873,18874368,2.962815999984741,False,57982058496,spread,"[4515, 4898]"
scale_8_group,10,1,1,"[2, 2, 2, 2]",1,False,False,4943915118988873,4943915122116817,18874368,3.0661120414733887,False,57982058496,spread,"[4515, 4898]"
six_2,10,1,1,"[2, 1, 2, 1]",1,False,False,4943915132947665,4943915134579919,9437184,1.5767359733581543,False,57982058496,spread,[4369]
scale_2_rank,10,1,1,"[1, 1, 0, 0]",1,False,False,4943915145707933,4943915147321242,9437184,1.5633920431137085,False,57982058496,spread,[3694]
two_pair_2_3,10,1,1,"[0, 0, 1, 1]",1,False,False,4943915157716959,4943915157789137,0,0,False,57982058496,spread,[]
scale_4_rank,10,1,1,"[1, 1, 1, 1]",1,False,False,4943915169767316,4943915171412697,9437184,1.5656319856643677,False,57982058496,spread,[3840]
scale_10_rank,10,1,1,"[3, 3, 2, 2]",1,False,False,4943915181762678,4943915186480400,28311552,4.664927959442139,False,57982058496,spread,"[5044, 5427, 5810]"
six_1,10,1,1,"[1, 2, 1, 2]",1,False,False,4943915196935516,4943915199356400,18874368,2.351775884628296,False,57982058496,spread,"[3986, 4369]"
two_pair_0_1,10,1,1,"[1, 1, 0, 0]",1,False,False,4943915209741511,4943915211401397,9437184,1.5900160074234009,False,57982058496,spread,[3694]
scale_14_group,10,1,1,"[3, 4, 3, 4]",1,False,False,4943915221807986,4943915227292082,37748736,5.425504207611084,False,57982058496,spread,"[5336, 5719, 6102, 341]"
scale_62_rank,10,1,1,"[16, 16, 15, 15]",1,False,False,4943915237667925,4943915262377379,150994944,24.643007278442383,False,57982058496,spread,"[1531, 1914, 2297, 2680, 3063, 3446, 3829, 4212, 4595, 4978, 5361, 5744, 6127, 366, 749, 1132]"
concurrency_2_group,10,1,1,"[3, 4, 3, 4]",2,False,False,4943915273192939,4943915278728682,37748736,5.437344074249268,False,57982058496,spread,"[5336, 5719, 6102, 341]"
two_single_2,10,1,1,"[0, 0, 2, 0]",1,False,False,4943915289064471,4943915289144948,0,0,False,57982058496,spread,[]
two_pair_0_3,10,1,1,"[1, 0, 0, 1]",1,False,False,4943915301367606,4943915301464554,0,0,False,57982058496,spread,[]
scale_6_rank,10,1,1,"[2, 2, 1, 1]",1,False,False,4943915312600119,4943915315771049,18874368,3.113248109817505,False,57982058496,spread,"[4369, 4752]"
two_pair_1_3,10,1,1,"[0, 1, 0, 1]",1,False,False,4943915326202556,4943915327402231,9437184,0.9052479863166809,False,57982058496,spread,[3311]
scale_10_group,10,1,1,"[2, 3, 2, 3]",1,False,False,4943915338066138,4943915342004640,28311552,3.883552074432373,False,57982058496,spread,"[4661, 5044, 5427]"
scale_50_rank,10,1,1,"[13, 13, 12, 12]",1,False,False,4943915352338730,4943915372416221,122683392,20.023456573486328,False,57982058496,spread,"[5650, 6033, 272, 655, 1038, 1421, 1804, 2187, 2570, 2953, 3336, 3719, 4102]"
two_pair_0_2,10,1,1,"[1, 0, 1, 0]",1,False,False,4943915382753801,4943915382828654,0,0,False,57982058496,spread,[]
scale_2_group,10,1,1,"[0, 1, 0, 1]",1,False,False,4943915394066649,4943915394929376,9437184,0.8149759769439697,False,57982058496,spread,[3311]
concurrency_2_rank,10,1,1,"[4, 4, 3, 3]",2,False,False,4943915405282161,4943915411534052,37748736,6.173151969909668,False,57982058496,spread,"[5719, 6102, 341, 724]"
scale_14_rank,10,1,1,"[4, 4, 3, 3]",1,False,False,4943915421867920,4943915428102885,37748736,6.182079792022705,False,57982058496,spread,"[5719, 6102, 341, 724]"
scale_2_rank,11,1,1,"[1, 1, 0, 0]",1,False,False,4943915438469027,4943915440099680,9437184,1.581055998802185,False,57982058496,spread,[3905]
scale_2_group,11,1,1,"[0, 1, 0, 1]",1,False,False,4943915450434865,4943915451296606,9437184,0.8139520287513733,False,57982058496,spread,[3522]
scale_6_rank,11,1,1,"[2, 2, 1, 1]",1,False,False,4943915461775506,4943915464919547,18874368,3.0932159423828125,False,57982058496,spread,"[4580, 4963]"
two_single_0,11,1,1,"[2, 0, 0, 0]",1,False,False,4943915475212873,4943915475281702,0,0,False,57982058496,spread,[]
scale_4_group,11,1,1,"[1, 1, 1, 1]",1,False,False,4943915487055064,4943915488673456,9437184,1.570688009262085,False,57982058496,spread,[4051]
scale_10_group,11,1,1,"[2, 3, 2, 3]",1,False,False,4943915498991983,4943915502944584,28311552,3.9018239974975586,False,57982058496,spread,"[4872, 5255, 5638]"
scale_6_group,11,1,1,"[1, 2, 1, 2]",1,False,False,4943915513247123,4943915515644069,18874368,2.350111961364746,False,57982058496,spread,"[4197, 4580]"
two_pair_0_2,11,1,1,"[1, 0, 1, 0]",1,False,False,4943915525984215,4943915526053921,0,0,False,57982058496,spread,[]
two_single_1,11,1,1,"[0, 2, 0, 0]",1,False,False,4943915537184298,4943915538813331,18874368,1.5843199491500854,False,57982058496,spread,"[3522, 3905]"
scale_62_group,11,1,1,"[15, 16, 15, 16]",1,False,False,4943915549167312,4943915573089256,150994944,23.873727798461914,False,57982058496,spread,"[1359, 1742, 2125, 2508, 2891, 3274, 3657, 4040, 4423, 4806, 5189, 5572, 5955, 194, 577, 960]"
scale_10_rank,11,1,1,"[3, 3, 2, 2]",1,False,False,4943915583494564,4943915588146576,28311552,4.594912052154541,False,57982058496,spread,"[5255, 5638, 6021]"
two_pair_0_3,11,1,1,"[1, 0, 0, 1]",1,False,False,4943915598518821,4943915598594585,0,0,False,57982058496,spread,[]
two_pair_0_1,11,1,1,"[1, 1, 0, 0]",1,False,False,4943915609753661,4943915611391461,9437184,1.3511680364608765,False,57982058496,spread,[3905]
six_1,11,1,1,"[1, 2, 1, 2]",1,False,False,4943915621894451,4943915624294862,18874368,2.3486080169677734,False,57982058496,spread,"[4197, 4580]"
two_pair_1_3,11,1,1,"[0, 1, 0, 1]",1,False,False,4943915634674390,4943915635537364,9437184,0.8146880269050598,False,57982058496,spread,[3522]
concurrency_2_rank,11,1,1,"[4, 4, 3, 3]",2,False,False,4943915645966977,4943915652237038,37748736,6.1869120597839355,False,57982058496,spread,"[5930, 169, 552, 935]"
scale_62_rank,11,1,1,"[16, 16, 15, 15]",1,False,False,4943915662613297,4943915687305856,150994944,24.63689613342285,False,57982058496,spread,"[1742, 2125, 2508, 2891, 3274, 3657, 4040, 4423, 4806, 5189, 5572, 5955, 194, 577, 960, 1343]"
scale_14_rank,11,1,1,"[4, 4, 3, 3]",1,False,False,4943915697679603,4943915703926116,37748736,6.197919845581055,False,57982058496,spread,"[5930, 169, 552, 935]"
concurrency_2_group,11,1,1,"[3, 4, 3, 4]",2,False,False,4943915714295987,4943915719805823,37748736,5.437248229980469,False,57982058496,spread,"[5547, 5930, 169, 552]"
concurrency_4_rank,11,1,1,"[4, 4, 3, 3]",4,False,False,4943915730226798,4943915736521158,37748736,6.17468786239624,False,57982058496,spread,"[5930, 169, 552, 935]"
scale_50_group,11,1,1,"[12, 13, 12, 13]",1,False,False,4943915746815133,4943915766125979,122683392,19.2541446685791,False,57982058496,spread,"[5478, 5861, 100, 483, 866, 1249, 1632, 2015, 2398, 2781, 3164, 3547, 3930]"
scale_14_group,11,1,1,"[3, 4, 3, 4]",1,False,False,4943915776534833,4943915782025163,37748736,5.436863899230957,False,57982058496,spread,"[5547, 5930, 169, 552]"
two_pair_1_2,11,1,1,"[0, 1, 1, 0]",1,False,False,4943915792392317,4943915793281075,9437184,0.8260160088539124,False,57982058496,spread,[3522]
six_3,11,1,1,"[1, 1, 2, 2]",1,False,False,4943915803600504,4943915805246888,9437184,1.5847680568695068,False,57982058496,spread,[4197]
six_2,11,1,1,"[2, 1, 2, 1]",1,False,False,4943915817245254,4943915818892280,9437184,1.5846400260925293,False,57982058496,spread,[4580]
scale_8_rank,11,1,1,"[2, 2, 2, 2]",1,False,False,4943915830087964,4943915833245775,18874368,3.10697603225708,False,57982058496,spread,"[4726, 5109]"
scale_50_rank,11,1,1,"[13, 13, 12, 12]",1,False,False,4943915843626354,4943915863693538,122683392,20.01203155517578,False,57982058496,spread,"[5861, 100, 483, 866, 1249, 1632, 2015, 2398, 2781, 3164, 3547, 3930, 4313]"
two_single_3,11,1,1,"[0, 0, 0, 2]",1,False,False,4943915874513059,4943915874586644,0,0,False,57982058496,spread,[]
scale_8_group,11,1,1,"[2, 2, 2, 2]",1,False,False,4943915886529161,4943915889649084,18874368,3.0638720989227295,False,57982058496,spread,"[4726, 5109]"
six_0,11,1,1,"[2, 2, 1, 1]",1,False,False,4943915900083437,4943915903247590,18874368,3.1106560230255127,False,57982058496,spread,"[4580, 4963]"
concurrency_4_group,11,1,1,"[3, 4, 3, 4]",4,False,False,4943915913678002,4943915919230218,37748736,5.171296119689941,False,57982058496,spread,"[5547, 5930, 169, 552]"
two_single_2,11,1,1,"[0, 0, 2, 0]",1,False,False,4943915929786609,4943915929860599,0,0,False,57982058496,spread,[]
two_pair_2_3,11,1,1,"[0, 0, 1, 1]",1,False,False,4943915941901507,4943915941971959,0,0,False,57982058496,spread,[]
scale_4_rank,11,1,1,"[1, 1, 1, 1]",1,False,False,4943915953959185,4943915955607779,9437184,1.5857919454574585,False,57982058496,spread,[4051]
scale_50_rank,12,1,1,"[13, 13, 12, 12]",1,False,False,4943915966013970,4943915986120143,122683392,20.039104461669922,False,57982058496,spread,"[6072, 311, 694, 1077, 1460, 1843, 2226, 2609, 2992, 3375, 3758, 4141, 4524]"
scale_62_rank,12,1,1,"[16, 16, 15, 15]",1,False,False,4943915996539101,4943916021337527,150994944,24.71232032775879,False,57982058496,spread,"[1953, 2336, 2719, 3102, 3485, 3868, 4251, 4634, 5017, 5400, 5783, 22, 405, 788, 1171, 1554]"
scale_6_group,12,1,1,"[1, 2, 1, 2]",1,False,False,4943916031742046,4943916034176563,18874368,2.3737919330596924,False,57982058496,spread,"[4408, 4791]"
scale_14_rank,12,1,1,"[4, 4, 3, 3]",1,False,False,4943916044591761,4943916050874027,37748736,6.221983909606934,False,57982058496,spread,"[6141, 380, 763, 1146]"
concurrency_4_rank,12,1,1,"[4, 4, 3, 3]",4,False,False,4943916061311803,4943916067651324,37748736,6.22764778137207,False,57982058496,spread,"[6141, 380, 763, 1146]"
scale_2_group,12,1,1,"[0, 1, 0, 1]",1,False,False,4943916078074031,4943916078961171,9437184,0.8275520205497742,False,57982058496,spread,[3733]
scale_6_rank,12,1,1,"[2, 2, 1, 1]",1,False,False,4943916089253350,4943916092428335,18874368,3.12227201461792,False,57982058496,spread,"[4791, 5174]"
scale_14_group,12,1,1,"[3, 4, 3, 4]",1,False,False,4943916102707071,4943916108186037,37748736,5.429376125335693,False,57982058496,spread,"[5758, 6141, 380, 763]"
two_pair_0_1,12,1,1,"[1, 1, 0, 0]",1,False,False,4943916118531764,4943916120159495,9437184,1.5773760080337524,False,57982058496,spread,[4116]
concurrency_4_group,12,1,1,"[3, 4, 3, 4]",4,False,False,4943916130440306,4943916135989839,37748736,5.4443840980529785,False,57982058496,spread,"[5758, 6141, 380, 763]"
scale_8_group,12,1,1,"[2, 2, 2, 2]",1,False,False,4943916146323061,4943916149496882,18874368,3.11843204498291,False,57982058496,spread,"[4937, 5320]"
two_single_0,12,1,1,"[2, 0, 0, 0]",1,False,False,4943916160298201,4943916160372500,0,0,False,57982058496,spread,[]
scale_10_rank,12,1,1,"[3, 3, 2, 2]",1,False,False,4943916172399008,4943916177091568,28311552,4.634143829345703,False,57982058496,spread,"[5466, 5849, 88]"
scale_62_group,12,1,1,"[15, 16, 15, 16]",1,False,False,4943916187420362,4943916211447621,150994944,23.916288375854492,False,57982058496,spread,"[1570, 1953, 2336, 2719, 3102, 3485, 3868, 4251, 4634, 5017, 5400, 5783, 22, 405, 788, 1171]"
scale_8_rank,12,1,1,"[2, 2, 2, 2]",1,False,False,4943916222233132,4943916225458854,18874368,3.123392105102539,False,57982058496,spread,"[4937, 5320]"
scale_10_group,12,1,1,"[2, 3, 2, 3]",1,False,False,4943916235851601,4943916239784902,28311552,3.8808319568634033,False,57982058496,spread,"[5083, 5466, 5849]"
six_0,12,1,1,"[2, 2, 1, 1]",1,False,False,4943916250278032,4943916253438394,18874368,3.103071928024292,False,57982058496,spread,"[4791, 5174]"
scale_4_rank,12,1,1,"[1, 1, 1, 1]",1,False,False,4943916263866264,4943916265498264,9437184,1.575551986694336,False,57982058496,spread,[4262]
scale_4_group,12,1,1,"[1, 1, 1, 1]",1,False,False,4943916275950359,4943916277585001,9437184,1.5710079669952393,False,57982058496,spread,[4262]
concurrency_2_rank,12,1,1,"[4, 4, 3, 3]",2,False,False,4943916288006642,4943916294288454,37748736,6.199679851531982,False,57982058496,spread,"[6141, 380, 763, 1146]"
concurrency_2_group,12,1,1,"[3, 4, 3, 4]",2,False,False,4943916304620077,4943916310115208,37748736,5.422783851623535,False,57982058496,spread,"[5758, 6141, 380, 763]"
six_3,12,1,1,"[1, 1, 2, 2]",1,False,False,4943916320510487,4943916322135876,9437184,1.5766079425811768,False,57982058496,spread,[4408]
six_1,12,1,1,"[1, 2, 1, 2]",1,False,False,4943916334134739,4943916336528622,18874368,2.3355839252471924,False,57982058496,spread,"[4408, 4791]"
two_pair_1_3,12,1,1,"[0, 1, 0, 1]",1,False,False,4943916346837613,4943916347700151,9437184,0.8136000037193298,False,57982058496,spread,[3733]
two_pair_0_3,12,1,1,"[1, 0, 0, 1]",1,False,False,4943916358494013,4943916358563933,0,0,False,57982058496,spread,[]
two_pair_0_2,12,1,1,"[1, 0, 1, 0]",1,False,False,4943916369715228,4943916369780836,0,0,False,57982058496,spread,[]
two_pair_1_2,12,1,1,"[0, 1, 1, 0]",1,False,False,4943916380915829,4943916381775648,9437184,0.8149120211601257,False,57982058496,spread,[3733]
two_single_2,12,1,1,"[0, 0, 2, 0]",1,False,False,4943916392128937,4943916392201516,0,0,False,57982058496,spread,[]
scale_2_rank,12,1,1,"[1, 1, 0, 0]",1,False,False,4943916404099253,4943916405747384,9437184,1.586143970489502,False,57982058496,spread,[4116]
scale_50_group,12,1,1,"[12, 13, 12, 13]",1,False,False,4943916416071673,4943916435376481,122683392,19.252704620361328,False,57982058496,spread,"[5689, 6072, 311, 694, 1077, 1460, 1843, 2226, 2609, 2992, 3375, 3758, 4141]"
two_single_1,12,1,1,"[0, 2, 0, 0]",1,False,False,4943916445792791,4943916447428841,18874368,1.5871039628982544,False,57982058496,spread,"[3733, 4116]"
two_single_3,12,1,1,"[0, 0, 0, 2]",1,False,False,4943916457868056,4943916457938044,0,0,False,57982058496,spread,[]
two_pair_2_3,12,1,1,"[0, 0, 1, 1]",1,False,False,4943916469983184,4943916470050613,0,0,False,57982058496,spread,[]
six_2,12,1,1,"[2, 1, 2, 1]",1,False,False,4943916482086393,4943916483725710,9437184,1.568384051322937,False,57982058496,spread,[4791]
two_single_1,13,1,1,"[0, 2, 0, 0]",1,False,False,4943916494859173,4943916496943135,18874368,1.5887680053710938,False,57982058496,spread,"[3944, 4327]"
scale_6_rank,13,1,1,"[2, 2, 1, 1]",1,False,False,4943916507786999,4943916510978477,18874368,3.1051199436187744,False,57982058496,spread,"[5002, 5385]"
scale_4_group,13,1,1,"[1, 1, 1, 1]",1,False,False,4943916521366805,4943916522990948,9437184,1.5582400560379028,False,57982058496,spread,[4473]
scale_8_group,13,1,1,"[2, 2, 2, 2]",1,False,False,4943916533366761,4943916536541895,18874368,3.1248960494995117,False,57982058496,spread,"[5148, 5531]"
scale_14_rank,13,1,1,"[4, 4, 3, 3]",1,False,False,4943916546874554,4943916553132481,37748736,6.204800128936768,False,57982058496,spread,"[208, 591, 974, 1357]"
scale_10_rank,13,1,1,"[3, 3, 2, 2]",1,False,False,4943916563519005,4943916568230192,28311552,4.659296035766602,False,57982058496,spread,"[5677, 6060, 299]"
scale_62_rank,13,1,1,"[16, 16, 15, 15]",1,False,False,4943916578568346,4943916603244312,150994944,24.627103805541992,False,57982058496,spread,"[2164, 2547, 2930, 3313, 3696, 4079, 4462, 4845, 5228, 5611, 5994, 233, 616, 999, 1382, 1765]"
six_0,13,1,1,"[2, 2, 1, 1]",1,False,False,4943916613580726,4943916616741710,18874368,3.112544059753418,False,57982058496,spread,"[5002, 5385]"
scale_14_group,13,1,1,"[3, 4, 3, 4]",1,False,False,4943916627092155,4943916632559704,37748736,5.417183876037598,False,57982058496,spread,"[5969, 208, 591, 974]"
scale_2_rank,13,1,1,"[1, 1, 0, 0]",1,False,False,4943916642863911,4943916644495255,9437184,1.5808000564575195,False,57982058496,spread,[4327]
scale_2_group,13,1,1,"[0, 1, 0, 1]",1,False,False,4943916654774124,4943916655635358,9437184,0.8134080171585083,False,57982058496,spread,[3944]
scale_62_group,13,1,1,"[15, 16, 15, 16]",1,False,False,4943916666148852,4943916690102947,150994944,23.892576217651367,False,57982058496,spread,"[1781, 2164, 2547, 2930, 3313, 3696, 4079, 4462, 4845, 5228, 5611, 5994, 233, 616, 999, 1382]"
two_pair_1_3,13,1,1,"[0, 1, 0, 1]",1,False,False,4943916700470308,4943916701352200,9437184,0.8237760066986084,False,57982058496,spread,[3944]
six_1,13,1,1,"[1, 2, 1, 2]",1,False,False,4943916711732277,4943916714133332,18874368,2.3512001037597656,False,57982058496,spread,"[4619, 5002]"
concurrency_2_group,13,1,1,"[3, 4, 3, 4]",2,False,False,4943916724513754,4943916730001113,37748736,5.408415794372559,False,57982058496,spread,"[5969, 208, 591, 974]"
scale_6_group,13,1,1,"[1, 2, 1, 2]",1,False,False,4943916740382519,4943916742778010,18874368,2.346496105194092,False,57982058496,spread,"[4619, 5002]"
scale_4_rank,13,1,1,"[1, 1, 1, 1]",1,False,False,4943916753269554,4943916754582323,9437184,1.2600959539413452,False,57982058496,spread,[4473]
two_single_3,13,1,1,"[0, 0, 0, 2]",1,False,False,4943916765453617,4943916765521931,0,0,False,57982058496,spread,[]
six_3,13,1,1,"[1, 1, 2, 2]",1,False,False,4943916777549771,4943916779161870,9437184,1.5646719932556152,False,57982058496,spread,[4619]
concurrency_4_rank,13,1,1,"[4, 4, 3, 3]",4,False,False,4943916791079273,4943916797404827,37748736,6.20633602142334,False,57982058496,spread,"[208, 591, 974, 1357]"
scale_8_rank,13,1,1,"[2, 2, 2, 2]",1,False,False,4943916808127915,4943916811281734,18874368,3.069216012954712,False,57982058496,spread,"[5148, 5531]"
two_pair_0_2,13,1,1,"[1, 0, 1, 0]",1,False,False,4943916821642930,4943916821714990,0,0,False,57982058496,spread,[]
scale_50_group,13,1,1,"[12, 13, 12, 13]",1,False,False,4943916832847598,4943916852156885,122683392,19.261280059814453,False,57982058496,spread,"[5900, 139, 522, 905, 1288, 1671, 2054, 2437, 2820, 3203, 3586, 3969, 4352]"
two_pair_2_3,13,1,1,"[0, 0, 1, 1]",1,False,False,4943916862550461,4943916862628446,0,0,False,57982058496,spread,[]
two_pair_0_3,13,1,1,"[1, 0, 0, 1]",1,False,False,4943916874599284,4943916874668836,0,0,False,57982058496,spread,[]
scale_10_group,13,1,1,"[2, 3, 2, 3]",1,False,False,4943916885831083,4943916889758469,28311552,3.8811519145965576,False,57982058496,spread,"[5294, 5677, 6060]"
two_pair_0_1,13,1,1,"[1, 1, 0, 0]",1,False,False,4943916900102090,4943916901728762,9437184,1.5796480178833008,False,57982058496,spread,[4327]
concurrency_2_rank,13,1,1,"[4, 4, 3, 3]",2,False,False,4943916912144469,4943916918389770,37748736,6.172863960266113,False,57982058496,spread,"[208, 591, 974, 1357]"
concurrency_4_group,13,1,1,"[3, 4, 3, 4]",4,False,False,4943916928788774,4943916934323244,37748736,5.423232078552246,False,57982058496,spread,"[5969, 208, 591, 974]"
scale_50_rank,13,1,1,"[13, 13, 12, 12]",1,False,False,4943916944672354,4943916964743967,122683392,20.019039154052734,False,57982058496,spread,"[139, 522, 905, 1288, 1671, 2054, 2437, 2820, 3203, 3586, 3969, 4352, 4735]"
two_single_0,13,1,1,"[2, 0, 0, 0]",1,False,False,4943916975144071,4943916975216094,0,0,False,57982058496,spread,[]
two_pair_1_2,13,1,1,"[0, 1, 1, 0]",1,False,False,4943916987050328,4943916987912767,9437184,0.814624011516571,False,57982058496,spread,[3944]
six_2,13,1,1,"[2, 1, 2, 1]",1,False,False,4943916998374996,4943917000009703,9437184,1.5723199844360352,False,57982058496,spread,[5002]
two_single_2,13,1,1,"[0, 0, 2, 0]",1,False,False,4943917011115884,4943917011176606,0,0,False,57982058496,spread,[]
two_pair_1_2,14,1,1,"[0, 1, 1, 0]",1,False,False,4943917023060245,4943917023914259,9437184,0.8150399923324585,False,57982058496,spread,[4155]
six_0,14,1,1,"[2, 2, 1, 1]",1,False,False,4943917034275968,4943917037434776,18874368,3.118272066116333,False,57982058496,spread,"[5213, 5596]"
concurrency_2_rank,14,1,1,"[4, 4, 3, 3]",2,False,False,4943917047767332,4943917054032551,37748736,6.203199863433838,False,57982058496,spread,"[419, 802, 1185, 1568]"
two_pair_0_3,14,1,1,"[1, 0, 0, 1]",1,False,False,4943917064870486,4943917064931370,0,0,False,57982058496,spread,[]
two_pair_1_3,14,1,1,"[0, 1, 0, 1]",1,False,False,4943917076125288,4943917077016016,9437184,0.8208000063896179,False,57982058496,spread,[4155]
two_pair_0_2,14,1,1,"[1, 0, 1, 0]",1,False,False,4943917087297325,4943917087358559,0,0,False,57982058496,spread,[]
scale_2_group,14,1,1,"[0, 1, 0, 1]",1,False,False,4943917098523088,4943917099699247,9437184,0.8957120180130005,False,57982058496,spread,[4155]
two_pair_2_3,14,1,1,"[0, 0, 1, 1]",1,False,False,4943917110322799,4943917110388990,0,0,False,57982058496,spread,[]
scale_50_group,14,1,1,"[12, 13, 12, 13]",1,False,False,4943917122301572,4943917141617599,122683392,19.25641632080078,False,57982058496,spread,"[6111, 350, 733, 1116, 1499, 1882, 2265, 2648, 3031, 3414, 3797, 4180, 4563]"
two_single_2,14,1,1,"[0, 0, 2, 0]",1,False,False,4943917152008463,4943917152075464,0,0,False,57982058496,spread,[]
six_2,14,1,1,"[2, 1, 2, 1]",1,False,False,4943917164168081,4943917165819059,9437184,1.5893440246582031,False,57982058496,spread,[5213]
concurrency_4_group,14,1,1,"[3, 4, 3, 4]",4,False,False,4943917176979476,4943917182512552,37748736,5.423744201660156,False,57982058496,spread,"[36, 419, 802, 1185]"
scale_2_rank,14,1,1,"[1, 1, 0, 0]",1,False,False,4943917192856188,4943917194474157,9437184,1.573855996131897,False,57982058496,spread,[4538]
scale_14_rank,14,1,1,"[4, 4, 3, 3]",1,False,False,4943917204851347,4943917211069315,37748736,6.173247814178467,False,57982058496,spread,"[419, 802, 1185, 1568]"
scale_6_group,14,1,1,"[1, 2, 1, 2]",1,False,False,4943917221487383,4943917223889699,18874368,2.3523519039154053,False,57982058496,spread,"[4830, 5213]"
two_single_0,14,1,1,"[2, 0, 0, 0]",1,False,False,4943917234240498,4943917234306825,0,0,False,57982058496,spread,[]
scale_6_rank,14,1,1,"[2, 2, 1, 1]",1,False,False,4943917246402342,4943917249571617,18874368,3.1045761108398438,False,57982058496,spread,"[5213, 5596]"
scale_50_rank,14,1,1,"[13, 13, 12, 12]",1,False,False,4943917260003347,4943917280092899,122683392,20.042783737182617,False,57982058496,spread,"[350, 733, 1116, 1499, 1882, 2265, 2648, 3031, 3414, 3797, 4180, 4563, 4946]"
concurrency_4_rank,14,1,1,"[4, 4, 3, 3]",4,False,False,4943917290439932,4943917296738257,37748736,6.184927940368652,False,57982058496,spread,"[419, 802, 1185, 1568]"
scale_62_group,14,1,1,"[15, 16, 15, 16]",1,False,False,4943917307069378,4943917331008297,150994944,23.895999908447266,False,57982058496,spread,"[1992, 2375, 2758, 3141, 3524, 3907, 4290, 4673, 5056, 5439, 5822, 61, 444, 827, 1210, 1593]"
scale_10_group,14,1,1,"[2, 3, 2, 3]",1,False,False,4943917341392681,4943917345326531,28311552,3.890496015548706,False,57982058496,spread,"[5505, 5888, 127]"
scale_4_rank,14,1,1,"[1, 1, 1, 1]",1,False,False,4943917355619827,4943917356919482,9437184,1.2538880109786987,False,57982058496,spread,[4684]
two_pair_0_1,14,1,1,"[1, 1, 0, 0]",1,False,False,4943917367774196,4943917369385347,9437184,1.568384051322937,False,57982058496,spread,[4538]
scale_62_rank,14,1,1,"[16, 16, 15, 15]",1,False,False,4943917379795694,4943917404544884,150994944,24.660863876342773,False,57982058496,spread,"[2375, 2758, 3141, 3524, 3907, 4290, 4673, 5056, 5439, 5822, 61, 444, 827, 1210, 1593, 1976]"
two_single_1,14,1,1,"[0, 2, 0, 0]",1,False,False,4943917415271379,4943917417008223,18874368,1.6429120302200317,False,57982058496,spread,"[4155, 4538]"
concurrency_2_group,14,1,1,"[3, 4, 3, 4]",2,False,False,4943917427456368,4943917432977669,37748736,5.4318718910217285,False,57982058496,spread,"[36, 419, 802, 1185]"
scale_8_group,14,1,1,"[2, 2, 2, 2]",1,False,False,4943917443315997,4943917446479512,18874368,3.112031936645508,False,57982058496,spread,"[5359, 5742]"
six_1,14,1,1,"[1, 2, 1, 2]",1,False,False,4943917456925924,4943917459317141,18874368,2.340895891189575,False,57982058496,spread,"[4830, 5213]"
two_single_3,14,1,1,"[0, 0, 0, 2]",1,False,False,4943917469657269,4943917469730385,0,0,False,57982058496,spread,[]
scale_8_rank,14,1,1,"[2, 2, 2, 2]",1,False,False,4943917481762605,4943917484920977,18874368,3.106271982192993,False,57982058496,spread,"[5359, 5742]"
scale_10_rank,14,1,1,"[3, 3, 2, 2]",1,False,False,4943917495313260,4943917500031364,28311552,4.663008213043213,False,57982058496,spread,"[5888, 127, 510]"
scale_4_group,14,1,1,"[1, 1, 1, 1]",1,False,False,4943917510404106,4943917512030795,9437184,1.5757440328598022,False,57982058496,spread,[4684]
six_3,14,1,1,"[1, 1, 2, 2]",1,False,False,4943917522459048,4943917524088620,9437184,1.5810240507125854,False,57982058496,spread,[4830]
scale_14_group,14,1,1,"[3, 4, 3, 4]",1,False,False,4943917536285164,4943917541781192,37748736,5.427616119384766,False,57982058496,spread,"[36, 419, 802, 1185]"
two_pair_2_3,15,1,1,"[0, 0, 1, 1]",1,False,False,4943917552154348,4943917552232075,0,0,False,57982058496,spread,[]
two_pair_0_2,15,1,1,"[1, 0, 1, 0]",1,False,False,4943917564331885,4943917564412812,0,0,False,57982058496,spread,[]
six_2,15,1,1,"[2, 1, 2, 1]",1,False,False,4943917575515842,4943917577154885,9437184,1.588096022605896,False,57982058496,spread,[5424]
six_3,15,1,1,"[1, 1, 2, 2]",1,False,False,4943917588217343,4943917589849269,9437184,1.5831999778747559,False,57982058496,spread,[5041]
two_single_0,15,1,1,"[2, 0, 0, 0]",1,False,False,4943917601824953,4943917601911912,0,0,False,57982058496,spread,[]
scale_10_group,15,1,1,"[2, 3, 2, 3]",1,False,False,4943917613911652,4943917617848010,28311552,3.875808000564575,False,57982058496,spread,"[5716, 6099, 338]"
scale_10_rank,15,1,1,"[3, 3, 2, 2]",1,False,False,4943917628213485,4943917632924799,28311552,4.657023906707764,False,57982058496,spread,"[6099, 338, 721]"
scale_6_rank,15,1,1,"[2, 2, 1, 1]",1,False,False,4943917643218125,4943917646387963,18874368,3.1181440353393555,False,57982058496,spread,"[5424, 5807]"
concurrency_2_group,15,1,1,"[3, 4, 3, 4]",2,False,False,4943917656817167,4943917662318404,37748736,5.429632186889648,False,57982058496,spread,"[247, 630, 1013, 1396]"
scale_2_rank,15,1,1,"[1, 1, 0, 0]",1,False,False,4943917672683756,4943917674320060,9437184,1.5842880010604858,False,57982058496,spread,[4749]
two_pair_1_2,15,1,1,"[0, 1, 1, 0]",1,False,False,4943917684668335,4943917685545820,9437184,0.8263360261917114,False,57982058496,spread,[4366]
six_1,15,1,1,"[1, 2, 1, 2]",1,False,False,4943917696001069,4943917698424076,18874368,2.1379199028015137,False,57982058496,spread,"[5041, 5424]"
two_single_2,15,1,1,"[0, 0, 2, 0]",1,False,False,4943917708875195,4943917708948388,0,0,False,57982058496,spread,[]
two_pair_0_3,15,1,1,"[1, 0, 0, 1]",1,False,False,4943917721054541,4943917721139868,0,0,False,57982058496,spread,[]
scale_4_rank,15,1,1,"[1, 1, 1, 1]",1,False,False,4943917732252787,4943917733877101,9437184,1.5767359733581543,False,57982058496,spread,[4895]
scale_8_group,15,1,1,"[2, 2, 2, 2]",1,False,False,4943917744290236,4943917747444291,18874368,3.1075520515441895,False,57982058496,spread,"[5570, 5953]"
scale_2_group,15,1,1,"[0, 1, 0, 1]",1,False,False,4943917757820952,4943917758675891,9437184,0.8122559785842896,False,57982058496,spread,[4366]
two_pair_1_3,15,1,1,"[0, 1, 0, 1]",1,False,False,4943917768956421,4943917769803388,9437184,0.8073920011520386,False,57982058496,spread,[4366]
scale_8_rank,15,1,1,"[2, 2, 2, 2]",1,False,False,4943917780079766,4943917783233543,18874368,3.1146559715270996,False,57982058496,spread,"[5570, 5953]"
scale_62_group,15,1,1,"[15, 16, 15, 16]",1,False,False,4943917793608266,4943917817511775,150994944,23.85558319091797,False,57982058496,spread,"[2203, 2586, 2969, 3352, 3735, 4118, 4501, 4884, 5267, 5650, 6033, 272, 655, 1038, 1421, 1804]"
concurrency_4_group,15,1,1,"[3, 4, 3, 4]",4,False,False,4943917827862489,4943917833418382,37748736,5.441567897796631,False,57982058496,spread,"[247, 630, 1013, 1396]"
two_single_3,15,1,1,"[0, 0, 0, 2]",1,False,False,4943917843754266,4943917843816693,0,0,False,57982058496,spread,[]
scale_6_group,15,1,1,"[1, 2, 1, 2]",1,False,False,4943917855755391,4943917858222326,18874368,2.373823881149292,False,57982058496,spread,"[5041, 5424]"
concurrency_4_rank,15,1,1,"[4, 4, 3, 3]",4,False,False,4943917868501976,4943917874765935,37748736,6.151584148406982,False,57982058496,spread,"[630, 1013, 1396, 1779]"
scale_14_group,15,1,1,"[3, 4, 3, 4]",1,False,False,4943917885158802,4943917890636073,37748736,5.427775859832764,False,57982058496,spread,"[247, 630, 1013, 1396]"
six_0,15,1,1,"[2, 2, 1, 1]",1,False,False,4943917900962706,4943917904122181,18874368,3.112031936645508,False,57982058496,spread,"[5424, 5807]"
scale_4_group,15,1,1,"[1, 1, 1, 1]",1,False,False,4943917914442829,4943917916062222,9437184,1.5747840404510498,False,57982058496,spread,[4895]
scale_50_rank,15,1,1,"[13, 13, 12, 12]",1,False,False,4943917926369952,4943917946432595,122683392,20.0150089263916,False,57982058496,spread,"[561, 944, 1327, 1710, 2093, 2476, 2859, 3242, 3625, 4008, 4391, 4774, 5157]"
scale_50_group,15,1,1,"[12, 13, 12, 13]",1,False,False,4943917956865803,4943917976186460,122683392,19.268831253051758,False,57982058496,spread,"[178, 561, 944, 1327, 1710, 2093, 2476, 2859, 3242, 3625, 4008, 4391, 4774]"
scale_62_rank,15,1,1,"[16, 16, 15, 15]",1,False,False,4943917986566957,4943918011271230,150994944,24.416000366210938,False,57982058496,spread,"[2586, 2969, 3352, 3735, 4118, 4501, 4884, 5267, 5650, 6033, 272, 655, 1038, 1421, 1804, 2187]"
two_pair_0_1,15,1,1,"[1, 1, 0, 0]",1,False,False,4943918021805797,4943918023456541,9437184,1.5951999425888062,False,57982058496,spread,[4749]
concurrency_2_rank,15,1,1,"[4, 4, 3, 3]",2,False,False,4943918033875536,4943918040153494,37748736,6.194623947143555,False,57982058496,spread,"[630, 1013, 1396, 1779]"
two_single_1,15,1,1,"[0, 2, 0, 0]",1,False,False,4943918050527732,4943918052167592,18874368,1.58787202835083,False,57982058496,spread,"[4366, 4749]"
scale_14_rank,15,1,1,"[4, 4, 3, 3]",1,False,False,4943918062562573,4943918068787246,37748736,6.174079895019531,False,57982058496,spread,"[630, 1013, 1396, 1779]"
scale_2_rank,16,1,1,"[1, 1, 0, 0]",1,False,False,4943918079184758,4943918080806064,9437184,1.5680960416793823,False,57982058496,spread,[4960]
concurrency_2_rank,16,1,1,"[4, 4, 3, 3]",2,False,False,4943918091122285,4943918097398011,37748736,6.1951680183410645,False,57982058496,spread,"[841, 1224, 1607, 1990]"
concurrency_4_rank,16,1,1,"[4, 4, 3, 3]",4,False,False,4943918107750250,4943918114053768,37748736,6.1847357749938965,False,57982058496,spread,"[841, 1224, 1607, 1990]"
scale_14_rank,16,1,1,"[4, 4, 3, 3]",1,False,False,4943918124490463,4943918130731903,37748736,6.192192077636719,False,57982058496,spread,"[841, 1224, 1607, 1990]"
six_3,16,1,1,"[1, 1, 2, 2]",1,False,False,4943918141137968,4943918142762686,9437184,1.571936011314392,False,57982058496,spread,[5252]
two_single_3,16,1,1,"[0, 0, 0, 2]",1,False,False,4943918154798125,4943918154868668,0,0,False,57982058496,spread,[]
two_single_2,16,1,1,"[0, 0, 2, 0]",1,False,False,4943918166766864,4943918166832700,0,0,False,57982058496,spread,[]
two_pair_0_1,16,1,1,"[1, 1, 0, 0]",1,False,False,4943918178704426,4943918180320528,9437184,1.5653760433197021,False,57982058496,spread,[4960]
scale_50_group,16,1,1,"[12, 13, 12, 13]",1,False,False,4943918190704339,4943918210020898,122683392,19.263744354248047,False,57982058496,spread,"[389, 772, 1155, 1538, 1921, 2304, 2687, 3070, 3453, 3836, 4219, 4602, 4985]"
scale_4_group,16,1,1,"[1, 1, 1, 1]",1,False,False,4943918220419184,4943918222072840,9437184,1.5885119438171387,False,57982058496,spread,[5106]
six_2,16,1,1,"[2, 1, 2, 1]",1,False,False,4943918232384278,4943918234027040,9437184,1.5798399448394775,False,57982058496,spread,[5635]
scale_10_group,16,1,1,"[2, 3, 2, 3]",1,False,False,4943918245230281,4943918249176239,28311552,3.8930559158325195,False,57982058496,spread,"[5927, 166, 549]"
six_1,16,1,1,"[1, 2, 1, 2]",1,False,False,4943918259525182,4943918261694180,18874368,2.1127359867095947,False,57982058496,spread,"[5252, 5635]"
scale_2_group,16,1,1,"[0, 1, 0, 1]",1,False,False,4943918272893397,4943918273767204,9437184,0.8193600177764893,False,57982058496,spread,[4577]
scale_6_rank,16,1,1,"[2, 2, 1, 1]",1,False,False,4943918284069638,4943918287243660,18874368,2.8919360637664795,False,57982058496,spread,"[5635, 6018]"
two_pair_0_2,16,1,1,"[1, 0, 1, 0]",1,False,False,4943918297838475,4943918297913350,0,0,False,57982058496,spread,[]
scale_62_rank,16,1,1,"[16, 16, 15, 15]",1,False,False,4943918309072640,4943918333749164,150994944,24.60736083984375,False,57982058496,spread,"[2797, 3180, 3563, 3946, 4329, 4712, 5095, 5478, 5861, 100, 483, 866, 1249, 1632, 2015, 2398]"
scale_62_group,16,1,1,"[15, 16, 15, 16]",1,False,False,4943918344119158,4943918368029745,150994944,23.863264083862305,False,57982058496,spread,"[2414, 2797, 3180, 3563, 3946, 4329, 4712, 5095, 5478, 5861, 100, 483, 866, 1249, 1632, 2015]"
scale_50_rank,16,1,1,"[13, 13, 12, 12]",1,False,False,4943918378580524,4943918398638204,122683392,20.005184173583984,False,57982058496,spread,"[772, 1155, 1538, 1921, 2304, 2687, 3070, 3453, 3836, 4219, 4602, 4985, 5368]"
scale_4_rank,16,1,1,"[1, 1, 1, 1]",1,False,False,4943918409054425,4943918410679926,9437184,1.583616018295288,False,57982058496,spread,[5106]
two_pair_1_3,16,1,1,"[0, 1, 0, 1]",1,False,False,4943918421067170,4943918421917527,9437184,0.810591995716095,False,57982058496,spread,[4577]
scale_8_group,16,1,1,"[2, 2, 2, 2]",1,False,False,4943918432257424,4943918435454951,18874368,3.12444806098938,False,57982058496,spread,"[5781, 20]"
scale_14_group,16,1,1,"[3, 4, 3, 4]",1,False,False,4943918445865652,4943918451345115,37748736,5.42633581161499,False,57982058496,spread,"[458, 841, 1224, 1607]"
two_pair_1_2,16,1,1,"[0, 1, 1, 0]",1,False,False,4943918461734878,4943918462600283,9437184,0.8140159845352173,False,57982058496,spread,[4577]
two_pair_2_3,16,1,1,"[0, 0, 1, 1]",1,False,False,4943918472944698,4943918473013946,0,0,False,57982058496,spread,[]
two_single_1,16,1,1,"[0, 2, 0, 0]",1,False,False,4943918485112296,4943918486759708,18874368,1.5888960361480713,False,57982058496,spread,"[4577, 4960]"
scale_8_rank,16,1,1,"[2, 2, 2, 2]",1,False,False,4943918497216118,4943918500377607,18874368,3.1065919399261475,False,57982058496,spread,"[5781, 20]"
scale_6_group,16,1,1,"[1, 2, 1, 2]",1,False,False,4943918510758742,4943918513157453,18874368,2.35097599029541,False,57982058496,spread,"[5252, 5635]"
concurrency_2_group,16,1,1,"[3, 4, 3, 4]",2,False,False,4943918523541452,4943918529038760,37748736,5.419136047363281,False,57982058496,spread,"[458, 841, 1224, 1607]"
scale_10_rank,16,1,1,"[3, 3, 2, 2]",1,False,False,4943918539417690,4943918544120349,28311552,4.649951934814453,False,57982058496,spread,"[166, 549, 932]"
concurrency_4_group,16,1,1,"[3, 4, 3, 4]",4,False,False,4943918554432598,4943918559997260,37748736,5.436319828033447,False,57982058496,spread,"[458, 841, 1224, 1607]"
two_pair_0_3,16,1,1,"[1, 0, 0, 1]",1,False,False,4943918570358983,4943918570436281,0,0,False,57982058496,spread,[]
two_single_0,16,1,1,"[2, 0, 0, 0]",1,False,False,4943918581593742,4943918581951558,0,0,False,57982058496,spread,[]
six_0,16,1,1,"[2, 2, 1, 1]",1,False,False,4943918593658056,4943918596826156,18874368,3.1136960983276367,False,57982058496,spread,"[5635, 6018]"
six_3,17,1,1,"[1, 1, 2, 2]",1,False,False,4943918607143123,4943918608780386,9437184,1.5814720392227173,False,57982058496,spread,[5463]
scale_50_group,17,1,1,"[12, 13, 12, 13]",1,False,False,4943918620788564,4943918640101283,122683392,19.263071060180664,False,57982058496,spread,"[600, 983, 1366, 1749, 2132, 2515, 2898, 3281, 3664, 4047, 4430, 4813, 5196]"
scale_4_group,17,1,1,"[1, 1, 1, 1]",1,False,False,4943918650451669,4943918652090513,9437184,1.5880639553070068,False,57982058496,spread,[5317]
scale_50_rank,17,1,1,"[13, 13, 12, 12]",1,False,False,4943918662448901,4943918682508347,122683392,20.008512496948242,False,57982058496,spread,"[983, 1366, 1749, 2132, 2515, 2898, 3281, 3664, 4047, 4430, 4813, 5196, 5579]"
six_0,17,1,1,"[2, 2, 1, 1]",1,False,False,4943918692867296,4943918696049479,18874368,3.126336097717285,False,57982058496,spread,"[5846, 85]"
scale_6_group,17,1,1,"[1, 2, 1, 2]",1,False,False,4943918706403869,4943918708799703,18874368,2.3478078842163086,False,57982058496,spread,"[5463, 5846]"
concurrency_2_group,17,1,1,"[3, 4, 3, 4]",2,False,False,4943918719116469,4943918724612340,37748736,5.414944171905518,False,57982058496,spread,"[669, 1052, 1435, 1818]"
two_single_2,17,1,1,"[0, 0, 2, 0]",1,False,False,4943918734977604,4943918735058368,0,0,False,57982058496,spread,[]
scale_62_group,17,1,1,"[15, 16, 15, 16]",1,False,False,4943918747029264,4943918770970813,150994944,23.878175735473633,False,57982058496,spread,"[2625, 3008, 3391, 3774, 4157, 4540, 4923, 5306, 5689, 6072, 311, 694, 1077, 1460, 1843, 2226]"
scale_62_rank,17,1,1,"[16, 16, 15, 15]",1,False,False,4943918781378979,4943918806132663,150994944,24.68137550354004,False,57982058496,spread,"[3008, 3391, 3774, 4157, 4540, 4923, 5306, 5689, 6072, 311, 694, 1077, 1460, 1843, 2226, 2609]"
concurrency_4_rank,17,1,1,"[4, 4, 3, 3]",4,False,False,4943918816613003,4943918822935177,37748736,6.195807933807373,False,57982058496,spread,"[1052, 1435, 1818, 2201]"
scale_2_group,17,1,1,"[0, 1, 0, 1]",1,False,False,4943918833387310,4943918834260616,9437184,0.8234239816665649,False,57982058496,spread,[4788]
scale_8_group,17,1,1,"[2, 2, 2, 2]",1,False,False,4943918844572513,4943918847724753,18874368,3.104703903198242,False,57982058496,spread,"[5992, 231]"
scale_14_rank,17,1,1,"[4, 4, 3, 3]",1,False,False,4943918858194728,4943918864739471,37748736,5.899168014526367,False,57982058496,spread,"[1052, 1435, 1818, 2201]"
two_pair_1_3,17,1,1,"[0, 1, 0, 1]",1,False,False,4943918875566368,4943918876507160,9437184,0.8567039966583252,False,57982058496,spread,[4788]
scale_2_rank,17,1,1,"[1, 1, 0, 0]",1,False,False,4943918886906807,4943918888518514,9437184,1.5562880039215088,False,57982058496,spread,[5171]
two_pair_1_2,17,1,1,"[0, 1, 1, 0]",1,False,False,4943918898908742,4943918899777329,9437184,0.8161919713020325,False,57982058496,spread,[4788]
two_pair_2_3,17,1,1,"[0, 0, 1, 1]",1,False,False,4943918910198547,4943918910271460,0,0,False,57982058496,spread,[]
two_single_3,17,1,1,"[0, 0, 0, 2]",1,False,False,4943918922253082,4943918922335376,0,0,False,57982058496,spread,[]
two_single_0,17,1,1,"[2, 0, 0, 0]",1,False,False,4943918934358377,4943918934437460,0,0,False,57982058496,spread,[]
scale_8_rank,17,1,1,"[2, 2, 2, 2]",1,False,False,4943918946421997,4943918949592114,18874368,3.0936319828033447,False,57982058496,spread,"[5992, 231]"
two_pair_0_2,17,1,1,"[1, 0, 1, 0]",1,False,False,4943918959990706,4943918960077369,0,0,False,57982058496,spread,[]
two_pair_0_3,17,1,1,"[1, 0, 0, 1]",1,False,False,4943918971202609,4943918971305919,0,0,False,57982058496,spread,[]
concurrency_2_rank,17,1,1,"[4, 4, 3, 3]",2,False,False,4943918982445938,4943918988731115,37748736,6.187583923339844,False,57982058496,spread,"[1052, 1435, 1818, 2201]"
two_single_1,17,1,1,"[0, 2, 0, 0]",1,False,False,4943918999056548,4943919000715191,18874368,1.5941439867019653,False,57982058496,spread,"[4788, 5171]"
scale_10_rank,17,1,1,"[3, 3, 2, 2]",1,False,False,4943919010972583,4943919015671180,28311552,4.648543834686279,False,57982058496,spread,"[377, 760, 1143]"
concurrency_4_group,17,1,1,"[3, 4, 3, 4]",4,False,False,4943919026087222,4943919031618008,37748736,5.4185919761657715,False,57982058496,spread,"[669, 1052, 1435, 1818]"
scale_14_group,17,1,1,"[3, 4, 3, 4]",1,False,False,4943919042120346,4943919047592991,37748736,5.423488140106201,False,57982058496,spread,"[669, 1052, 1435, 1818]"
scale_10_group,17,1,1,"[2, 3, 2, 3]",1,False,False,4943919057971121,4943919061906158,28311552,3.887712001800537,False,57982058496,spread,"[6138, 377, 760]"
six_2,17,1,1,"[2, 1, 2, 1]",1,False,False,4943919072277732,4943919073922474,9437184,1.5881600379943848,False,57982058496,spread,[5846]
two_pair_0_1,17,1,1,"[1, 1, 0, 0]",1,False,False,4943919085080082,4943919086695696,9437184,1.5680960416793823,False,57982058496,spread,[5171]
scale_4_rank,17,1,1,"[1, 1, 1, 1]",1,False,False,4943919097059423,4943919098670993,9437184,1.5618560314178467,False,57982058496,spread,[5317]
six_1,17,1,1,"[1, 2, 1, 2]",1,False,False,4943919109099408,4943919111482279,18874368,2.336832046508789,False,57982058496,spread,"[5463, 5846]"
scale_6_rank,17,1,1,"[2, 2, 1, 1]",1,False,False,4943919121812441,4943919124961001,18874368,3.1028480529785156,False,57982058496,spread,"[5846, 85]"
scale_50_group,18,1,1,"[12, 13, 12, 13]",1,False,False,4943919135311111,4943919154623794,122683392,19.26032066345215,False,57982058496,spread,"[811, 1194, 1577, 1960, 2343, 2726, 3109, 3492, 3875, 4258, 4641, 5024, 5407]"
concurrency_4_group,18,1,1,"[3, 4, 3, 4]",4,False,False,4943919165023532,4943919170647106,37748736,5.258495807647705,False,57982058496,spread,"[880, 1263, 1646, 2029]"
scale_62_group,18,1,1,"[15, 16, 15, 16]",1,False,False,4943919181177352,4943919205119590,150994944,23.89251136779785,False,57982058496,spread,"[2836, 3219, 3602, 3985, 4368, 4751, 5134, 5517, 5900, 139, 522, 905, 1288, 1671, 2054, 2437]"
scale_2_rank,18,1,1,"[1, 1, 0, 0]",1,False,False,4943919215473756,4943919217090811,9437184,1.5689280033111572,False,57982058496,spread,[5382]
two_single_1,18,1,1,"[0, 2, 0, 0]",1,False,False,4943919227516654,4943919229146019,18874368,1.583135962486267,False,57982058496,spread,"[4999, 5382]"
scale_8_rank,18,1,1,"[2, 2, 2, 2]",1,False,False,4943919239615806,4943919242770743,18874368,3.1050240993499756,False,57982058496,spread,"[59, 442]"
two_pair_1_3,18,1,1,"[0, 1, 0, 1]",1,False,False,4943919253187386,4943919254049858,9437184,0.8115519881248474,False,57982058496,spread,[4999]
scale_10_group,18,1,1,"[2, 3, 2, 3]",1,False,False,4943919264359871,4943919268289609,28311552,3.882240056991577,False,57982058496,spread,"[205, 588, 971]"
scale_14_group,18,1,1,"[3, 4, 3, 4]",1,False,False,4943919278630151,4943919284098022,37748736,5.420639991760254,False,57982058496,spread,"[880, 1263, 1646, 2029]"
two_single_0,18,1,1,"[2, 0, 0, 0]",1,False,False,4943919294483931,4943919294554740,0,0,False,57982058496,spread,[]
two_pair_0_1,18,1,1,"[1, 1, 0, 0]",1,False,False,4943919306414563,4943919308023784,9437184,1.5537919998168945,False,57982058496,spread,[5382]
two_pair_0_3,18,1,1,"[1, 0, 0, 1]",1,False,False,4943919318281937,4943919318350018,0,0,False,57982058496,spread,[]
six_3,18,1,1,"[1, 1, 2, 2]",1,False,False,4943919329530765,4943919331147440,9437184,1.5726399421691895,False,57982058496,spread,[5674]
scale_6_group,18,1,1,"[1, 2, 1, 2]",1,False,False,4943919343052435,4943919345438407,18874368,2.3391358852386475,False,57982058496,spread,"[5674, 6057]"
two_pair_1_2,18,1,1,"[0, 1, 1, 0]",1,False,False,4943919355768461,4943919356632553,9437184,0.8142399787902832,False,57982058496,spread,[4999]
scale_62_rank,18,1,1,"[16, 16, 15, 15]",1,False,False,4943919366908878,4943919391571070,150994944,24.616191864013672,False,57982058496,spread,"[3219, 3602, 3985, 4368, 4751, 5134, 5517, 5900, 139, 522, 905, 1288, 1671, 2054, 2437, 2820]"
concurrency_2_rank,18,1,1,"[4, 4, 3, 3]",2,False,False,4943919401885128,4943919408125039,37748736,6.168735980987549,False,57982058496,spread,"[1263, 1646, 2029, 2412]"
scale_4_group,18,1,1,"[1, 1, 1, 1]",1,False,False,4943919418454839,4943919420065011,9437184,1.563904047012329,False,57982058496,spread,[5528]
scale_50_rank,18,1,1,"[13, 13, 12, 12]",1,False,False,4943919430439123,4943919450495698,122683392,20.011455535888672,False,57982058496,spread,"[1194, 1577, 1960, 2343, 2726, 3109, 3492, 3875, 4258, 4641, 5024, 5407, 5790]"
two_single_2,18,1,1,"[0, 0, 2, 0]",1,False,False,4943919461334276,4943919461684733,0,0,False,57982058496,spread,[]
six_2,18,1,1,"[2, 1, 2, 1]",1,False,False,4943919473454337,4943919475115628,9437184,1.6094080209732056,False,57982058496,spread,[6057]
scale_14_rank,18,1,1,"[4, 4, 3, 3]",1,False,False,4943919486284565,4943919492516968,37748736,6.184415817260742,False,57982058496,spread,"[1263, 1646, 2029, 2412]"
concurrency_2_group,18,1,1,"[3, 4, 3, 4]",2,False,False,4943919502788115,4943919508270753,37748736,5.406144142150879,False,57982058496,spread,"[880, 1263, 1646, 2029]"
scale_6_rank,18,1,1,"[2, 2, 1, 1]",1,False,False,4943919518623516,4943919521775637,18874368,3.1061439514160156,False,57982058496,spread,"[6057, 296]"
six_1,18,1,1,"[1, 2, 1, 2]",1,False,False,4943919532152954,4943919534536388,18874368,2.337088108062744,False,57982058496,spread,"[5674, 6057]"
scale_8_group,18,1,1,"[2, 2, 2, 2]",1,False,False,4943919545049075,4943919548202220,18874368,3.0997440814971924,False,57982058496,spread,"[59, 442]"
two_single_3,18,1,1,"[0, 0, 0, 2]",1,False,False,4943919558593292,4943919558664725,0,0,False,57982058496,spread,[]
six_0,18,1,1,"[2, 2, 1, 1]",1,False,False,4943919570503257,4943919573664907,18874368,3.113856077194214,False,57982058496,spread,"[6057, 296]"
scale_2_group,18,1,1,"[0, 1, 0, 1]",1,False,False,4943919584009106,4943919584869518,9437184,0.8133119940757751,False,57982058496,spread,[4999]
two_pair_0_2,18,1,1,"[1, 0, 1, 0]",1,False,False,4943919595325395,4943919595394204,0,0,False,57982058496,spread,[]
scale_10_rank,18,1,1,"[3, 3, 2, 2]",1,False,False,4943919606516091,4943919611206922,28311552,4.6460161209106445,False,57982058496,spread,"[588, 971, 1354]"
scale_4_rank,18,1,1,"[1, 1, 1, 1]",1,False,False,4943919621578394,4943919623192872,9437184,1.566208004951477,False,57982058496,spread,[5528]
concurrency_4_rank,18,1,1,"[4, 4, 3, 3]",4,False,False,4943919633593768,4943919639886350,37748736,6.182432174682617,False,57982058496,spread,"[1263, 1646, 2029, 2412]"
two_pair_2_3,18,1,1,"[0, 0, 1, 1]",1,False,False,4943919650184825,4943919650255687,0,0,False,57982058496,spread,[]
two_pair_0_3,19,1,1,"[1, 0, 0, 1]",1,False,False,4943919662378885,4943919662480526,0,0,False,57982058496,spread,[]
scale_62_group,19,1,1,"[15, 16, 15, 16]",1,False,False,4943919673671524,4943919697619238,150994944,23.890592575073242,False,57982058496,spread,"[3047, 3430, 3813, 4196, 4579, 4962, 5345, 5728, 6111, 350, 733, 1116, 1499, 1882, 2265, 2648]"
six_3,19,1,1,"[1, 1, 2, 2]",1,False,False,4943919708141920,4943919709801870,9437184,1.599295973777771,False,57982058496,spread,[5885]
two_pair_0_2,19,1,1,"[1, 0, 1, 0]",1,False,False,4943919721851962,4943919721942994,0,0,False,57982058496,spread,[]
scale_2_rank,19,1,1,"[1, 1, 0, 0]",1,False,False,4943919733097993,4943919734720710,9437184,1.5735360383987427,False,57982058496,spread,[5593]
scale_62_rank,19,1,1,"[16, 16, 15, 15]",1,False,False,4943919745123566,4943919769831221,150994944,24.60755157470703,False,57982058496,spread,"[3430, 3813, 4196, 4579, 4962, 5345, 5728, 6111, 350, 733, 1116, 1499, 1882, 2265, 2648, 3031]"
scale_4_rank,19,1,1,"[1, 1, 1, 1]",1,False,False,4943919780630189,4943919782346019,9437184,1.6295039653778076,False,57982058496,spread,[5739]
scale_14_rank,19,1,1,"[4, 4, 3, 3]",1,False,False,4943919792765042,4943919799005088,37748736,6.19158411026001,False,57982058496,spread,"[1474, 1857, 2240, 2623]"
concurrency_2_rank,19,1,1,"[4, 4, 3, 3]",2,False,False,4943919809355627,4943919815601904,37748736,6.171679973602295,False,57982058496,spread,"[1474, 1857, 2240, 2623]"
two_pair_0_1,19,1,1,"[1, 1, 0, 0]",1,False,False,4943919825982393,4943919827594202,9437184,1.5646400451660156,False,57982058496,spread,[5593]
scale_10_rank,19,1,1,"[3, 3, 2, 2]",1,False,False,4943919837955821,4943919842644850,28311552,4.641536235809326,False,57982058496,spread,"[799, 1182, 1565]"
concurrency_4_group,19,1,1,"[3, 4, 3, 4]",4,False,False,4943919853056207,4943919858581921,37748736,5.415232181549072,False,57982058496,spread,"[1091, 1474, 1857, 2240]"
scale_4_group,19,1,1,"[1, 1, 1, 1]",1,False,False,4943919868949376,4943919870569140,9437184,1.5696320533752441,False,57982058496,spread,[5739]
scale_10_group,19,1,1,"[2, 3, 2, 3]",1,False,False,4943919880893468,4943919884817014,28311552,3.870784044265747,False,57982058496,spread,"[416, 799, 1182]"
scale_14_group,19,1,1,"[3, 4, 3, 4]",1,False,False,4943919895168634,4943919900636179,37748736,5.4148478507995605,False,57982058496,spread,"[1091, 1474, 1857, 2240]"
scale_8_group,19,1,1,"[2, 2, 2, 2]",1,False,False,4943919910993844,4943919914148150,18874368,3.1052799224853516,False,57982058496,spread,"[270, 653]"
concurrency_4_rank,19,1,1,"[4, 4, 3, 3]",4,False,False,4943919924522730,4943919930807981,37748736,6.17849588394165,False,57982058496,spread,"[1474, 1857, 2240, 2623]"
scale_2_group,19,1,1,"[0, 1, 0, 1]",1,False,False,4943919941145511,4943919942005964,9437184,0.8117759823799133,False,57982058496,spread,[5210]
two_pair_1_2,19,1,1,"[0, 1, 1, 0]",1,False,False,4943919952471848,4943919953336935,9437184,0.8133440017700195,False,57982058496,spread,[5210]
scale_50_group,19,1,1,"[12, 13, 12, 13]",1,False,False,4943919963674157,4943919982994065,122683392,19.272735595703125,False,57982058496,spread,"[1022, 1405, 1788, 2171, 2554, 2937, 3320, 3703, 4086, 4469, 4852, 5235, 5618]"
scale_6_group,19,1,1,"[1, 2, 1, 2]",1,False,False,4943919993358219,4943919995752055,18874368,2.3440959453582764,False,57982058496,spread,"[5885, 124]"
six_0,19,1,1,"[2, 2, 1, 1]",1,False,False,4943920006337779,4943920009486529,18874368,3.0987839698791504,False,57982058496,spread,"[124, 507]"
two_pair_2_3,19,1,1,"[0, 0, 1, 1]",1,False,False,4943920019864768,4943920019934200,0,0,False,57982058496,spread,[]
scale_6_rank,19,1,1,"[2, 2, 1, 1]",1,False,False,4943920032053652,4943920035231029,18874368,3.121567964553833,False,57982058496,spread,"[124, 507]"
scale_50_rank,19,1,1,"[13, 13, 12, 12]",1,False,False,4943920045588792,4943920065399898,122683392,19.7193603515625,False,57982058496,spread,"[1405, 1788, 2171, 2554, 2937, 3320, 3703, 4086, 4469, 4852, 5235, 5618, 6001]"
concurrency_2_group,19,1,1,"[3, 4, 3, 4]",2,False,False,4943920076266213,4943920081753411,37748736,5.37340784072876,False,57982058496,spread,"[1091, 1474, 1857, 2240]"
two_pair_1_3,19,1,1,"[0, 1, 0, 1]",1,False,False,4943920092028794,4943920092888006,9437184,0.8117120265960693,False,57982058496,spread,[5210]
six_1,19,1,1,"[1, 2, 1, 2]",1,False,False,4943920103150467,4943920105550072,18874368,2.353760004043579,False,57982058496,spread,"[5885, 124]"
two_single_3,19,1,1,"[0, 0, 0, 2]",1,False,False,4943920115885447,4943920115952263,0,0,False,57982058496,spread,[]
six_2,19,1,1,"[2, 1, 2, 1]",1,False,False,4943920127962607,4943920129615298,9437184,1.5843839645385742,False,57982058496,spread,[124]
two_single_1,19,1,1,"[0, 2, 0, 0]",1,False,False,4943920140721358,4943920142361381,18874368,1.5851839780807495,False,57982058496,spread,"[5210, 5593]"
two_single_0,19,1,1,"[2, 0, 0, 0]",1,False,False,4943920152747662,4943920152818419,0,0,False,57982058496,spread,[]
scale_8_rank,19,1,1,"[2, 2, 2, 2]",1,False,False,4943920164836162,4943920167997071,18874368,3.0946879386901855,False,57982058496,spread,"[270, 653]"
two_single_2,19,1,1,"[0, 0, 2, 0]",1,False,False,4943920178379597,4943920178456418,0,0,False,57982058496,spread,[]
scale_14_rank,20,1,1,"[4, 4, 3, 3]",1,False,False,4943920190297506,4943920196547595,37748736,6.196479797363281,False,57982058496,spread,"[1685, 2068, 2451, 2834]"
scale_2_rank,20,1,1,"[1, 1, 0, 0]",1,False,False,4943920206886416,4943920208521403,9437184,1.5809279680252075,False,57982058496,spread,[5804]
two_pair_0_3,20,1,1,"[1, 0, 0, 1]",1,False,False,4943920218878846,4943920218950552,0,0,False,57982058496,spread,[]
scale_4_group,20,1,1,"[1, 1, 1, 1]",1,False,False,4943920230051012,4943920231672166,9437184,1.5734080076217651,False,57982058496,spread,[5950]
six_3,20,1,1,"[1, 1, 2, 2]",1,False,False,4943920242086961,4943920243712580,9437184,1.5728319883346558,False,57982058496,spread,[6096]
two_pair_0_2,20,1,1,"[1, 0, 1, 0]",1,False,False,4943920255631363,4943920255726735,0,0,False,57982058496,spread,[]
scale_62_rank,20,1,1,"[16, 16, 15, 15]",1,False,False,4943920266863925,4943920291535492,150994944,24.617952346801758,False,57982058496,spread,"[3641, 4024, 4407, 4790, 5173, 5556, 5939, 178, 561, 944, 1327, 1710, 2093, 2476, 2859, 3242]"
two_pair_1_3,20,1,1,"[0, 1, 0, 1]",1,False,False,4943920301936958,4943920302806067,9437184,0.8168960213661194,False,57982058496,spread,[5421]
concurrency_4_rank,20,1,1,"[4, 4, 3, 3]",4,False,False,4943920313095024,4943920319389853,37748736,6.181248188018799,False,57982058496,spread,"[1685, 2068, 2451, 2834]"
scale_4_rank,20,1,1,"[1, 1, 1, 1]",1,False,False,4943920329821071,4943920331442097,9437184,1.4536319971084595,False,57982058496,spread,[5950]
scale_2_group,20,1,1,"[0, 1, 0, 1]",1,False,False,4943920341787211,4943920342650784,9437184,0.813152015209198,False,57982058496,spread,[5421]
scale_6_rank,20,1,1,"[2, 2, 1, 1]",1,False,False,4943920352970710,4943920356450135,18874368,3.195712089538574,False,57982058496,spread,"[335, 718]"
scale_10_group,20,1,1,"[2, 3, 2, 3]",1,False,False,4943920366983467,4943920370911380,28311552,3.8775041103363037,False,57982058496,spread,"[627, 1010, 1393]"
scale_50_group,20,1,1,"[12, 13, 12, 13]",1,False,False,4943920381264016,4943920400553660,122683392,19.242048263549805,False,57982058496,spread,"[1233, 1616, 1999, 2382, 2765, 3148, 3531, 3914, 4297, 4680, 5063, 5446, 5829]"
two_pair_2_3,20,1,1,"[0, 0, 1, 1]",1,False,False,4943920410867304,4943920410936539,0,0,False,57982058496,spread,[]
scale_14_group,20,1,1,"[3, 4, 3, 4]",1,False,False,4943920422756976,4943920428217181,37748736,5.414175987243652,False,57982058496,spread,"[1302, 1685, 2068, 2451]"
scale_8_group,20,1,1,"[2, 2, 2, 2]",1,False,False,4943920438533094,4943920441683152,18874368,3.104991912841797,False,57982058496,spread,"[481, 864]"
two_single_0,20,1,1,"[2, 0, 0, 0]",1,False,False,4943920452027907,4943920452097434,0,0,False,57982058496,spread,[]
scale_8_rank,20,1,1,"[2, 2, 2, 2]",1,False,False,4943920464059286,4943920467206743,18874368,3.090559959411621,False,57982058496,spread,"[481, 864]"
two_pair_1_2,20,1,1,"[0, 1, 1, 0]",1,False,False,4943920477541288,4943920478407614,9437184,0.8144320249557495,False,57982058496,spread,[5421]
scale_62_group,20,1,1,"[15, 16, 15, 16]",1,False,False,4943920488710517,4943920512627491,150994944,23.869184494018555,False,57982058496,spread,"[3258, 3641, 4024, 4407, 4790, 5173, 5556, 5939, 178, 561, 944, 1327, 1710, 2093, 2476, 2859]"
scale_50_rank,20,1,1,"[13, 13, 12, 12]",1,False,False,4943920522972868,4943920543024001,122683392,20.004640579223633,False,57982058496,spread,"[1616, 1999, 2382, 2765, 3148, 3531, 3914, 4297, 4680, 5063, 5446, 5829, 68]"
two_single_2,20,1,1,"[0, 0, 2, 0]",1,False,False,4943920553358873,4943920553428647,0,0,False,57982058496,spread,[]
concurrency_4_group,20,1,1,"[3, 4, 3, 4]",4,False,False,4943920565422582,4943920570990478,37748736,5.438655853271484,False,57982058496,spread,"[1302, 1685, 2068, 2451]"
concurrency_2_group,20,1,1,"[3, 4, 3, 4]",2,False,False,4943920581322714,4943920586800154,37748736,5.409567832946777,False,57982058496,spread,"[1302, 1685, 2068, 2451]"
two_pair_0_1,20,1,1,"[1, 1, 0, 0]",1,False,False,4943920597113962,4943920598724580,9437184,1.5674879550933838,False,57982058496,spread,[5804]
six_2,20,1,1,"[2, 1, 2, 1]",1,False,False,4943920609020581,4943920610623991,9437184,1.5595840215682983,False,57982058496,spread,[335]
scale_10_rank,20,1,1,"[3, 3, 2, 2]",1,False,False,4943920621786140,4943920626472480,28311552,4.645567893981934,False,57982058496,spread,"[1010, 1393, 1776]"
six_1,20,1,1,"[1, 2, 1, 2]",1,False,False,4943920636823487,4943920639204485,18874368,2.3389759063720703,False,57982058496,spread,"[6096, 335]"
scale_6_group,20,1,1,"[1, 2, 1, 2]",1,False,False,4943920649521944,4943920652217170,18874368,2.4391040802001953,False,57982058496,spread,"[6096, 335]"
two_single_3,20,1,1,"[0, 0, 0, 2]",1,False,False,4943920662657408,4943920662727477,0,0,False,57982058496,spread,[]
two_single_1,20,1,1,"[0, 2, 0, 0]",1,False,False,4943920674704090,4943920676329664,18874368,1.5823040008544922,False,57982058496,spread,"[5421, 5804]"
six_0,20,1,1,"[2, 2, 1, 1]",1,False,False,4943920686607464,4943920689761438,18874368,3.108383893966675,False,57982058496,spread,"[335, 718]"
concurrency_2_rank,20,1,1,"[4, 4, 3, 3]",2,False,False,4943920700132792,4943920706393683,37748736,6.186751842498779,False,57982058496,spread,"[1685, 2068, 2451, 2834]"
two_pair_1_2,21,1,1,"[0, 1, 1, 0]",1,False,False,4943920716820711,4943920717678828,9437184,0.8113920092582703,False,57982058496,spread,[5632]
two_single_2,21,1,1,"[0, 0, 2, 0]",1,False,False,4943920727988729,4943920728058668,0,0,False,57982058496,spread,[]
scale_8_group,21,1,1,"[2, 2, 2, 2]",1,False,False,4943920740160403,4943920743313001,18874368,3.102368116378784,False,57982058496,spread,"[692, 1075]"
two_pair_2_3,21,1,1,"[0, 0, 1, 1]",1,False,False,4943920753734755,4943920753808395,0,0,False,57982058496,spread,[]
scale_62_rank,21,1,1,"[16, 16, 15, 15]",1,False,False,4943920765925123,4943920790635733,150994944,24.644319534301758,False,57982058496,spread,"[3852, 4235, 4618, 5001, 5384, 5767, 6, 389, 772, 1155, 1538, 1921, 2304, 2687, 3070, 3453]"
two_pair_0_1,21,1,1,"[1, 1, 0, 0]",1,False,False,4943920800991205,4943920802620074,9437184,1.575808048248291,False,57982058496,spread,[6015]
two_pair_1_3,21,1,1,"[0, 1, 0, 1]",1,False,False,4943920812960490,4943920813827498,9437184,0.8156160116195679,False,57982058496,spread,[5632]
two_pair_0_2,21,1,1,"[1, 0, 1, 0]",1,False,False,4943920824291433,4943920824363049,0,0,False,57982058496,spread,[]
scale_6_rank,21,1,1,"[2, 2, 1, 1]",1,False,False,4943920835490790,4943920838645370,18874368,3.1095681190490723,False,57982058496,spread,"[546, 929]"
concurrency_4_group,21,1,1,"[3, 4, 3, 4]",4,False,False,4943920849016054,4943920854543799,37748736,5.411520004272461,False,57982058496,spread,"[1513, 1896, 2279, 2662]"
six_0,21,1,1,"[2, 2, 1, 1]",1,False,False,4943920864908145,4943920868061796,18874368,3.104127883911133,False,57982058496,spread,"[546, 929]"
six_1,21,1,1,"[1, 2, 1, 2]",1,False,False,4943920878373197,4943920880763405,18874368,2.343424081802368,False,57982058496,spread,"[163, 546]"
scale_8_rank,21,1,1,"[2, 2, 2, 2]",1,False,False,4943920891105029,4943920894251667,18874368,3.09881591796875,False,57982058496,spread,"[692, 1075]"
scale_14_group,21,1,1,"[3, 4, 3, 4]",1,False,False,4943920904994832,4943920910458464,37748736,5.416736125946045,False,57982058496,spread,"[1513, 1896, 2279, 2662]"
two_single_1,21,1,1,"[0, 2, 0, 0]",1,False,False,4943920920824824,4943920922453225,18874368,1.581760048866272,False,57982058496,spread,"[5632, 6015]"
scale_2_group,21,1,1,"[0, 1, 0, 1]",1,False,False,4943920932892600,4943920933794660,9437184,0.8282240033149719,False,57982058496,spread,[5632]
scale_4_group,21,1,1,"[1, 1, 1, 1]",1,False,False,4943920944107369,4943920945737392,9437184,1.3514879941940308,False,57982058496,spread,[17]
concurrency_2_rank,21,1,1,"[4, 4, 3, 3]",2,False,False,4943920956194346,4943920962166793,37748736,5.895808219909668,False,57982058496,spread,"[1896, 2279, 2662, 3045]"
six_2,21,1,1,"[2, 1, 2, 1]",1,False,False,4943920973062393,4943920974714442,9437184,1.5890239477157593,False,57982058496,spread,[546]
scale_10_group,21,1,1,"[2, 3, 2, 3]",1,False,False,4943920985847943,4943920989781904,28311552,3.8915200233459473,False,57982058496,spread,"[838, 1221, 1604]"
two_single_0,21,1,1,"[2, 0, 0, 0]",1,False,False,4943921000150415,4943921000218158,0,0,False,57982058496,spread,[]
scale_50_group,21,1,1,"[12, 13, 12, 13]",1,False,False,4943921012143422,4943921031430053,122683392,19.246431350708008,False,57982058496,spread,"[1444, 1827, 2210, 2593, 2976, 3359, 3742, 4125, 4508, 4891, 5274, 5657, 6040]"
two_pair_0_3,21,1,1,"[1, 0, 0, 1]",1,False,False,4943921041854423,4943921041917921,0,0,False,57982058496,spread,[]
scale_14_rank,21,1,1,"[4, 4, 3, 3]",1,False,False,4943921053104551,4943921059336214,37748736,6.188447952270508,False,57982058496,spread,"[1896, 2279, 2662, 3045]"
two_single_3,21,1,1,"[0, 0, 0, 2]",1,False,False,4943921069769238,4943921069832197,0,0,False,57982058496,spread,[]
scale_10_rank,21,1,1,"[3, 3, 2, 2]",1,False,False,4943921081909598,4943921086660755,28311552,4.675936222076416,False,57982058496,spread,"[1221, 1604, 1987]"
scale_6_group,21,1,1,"[1, 2, 1, 2]",1,False,False,4943921097055397,4943921099451621,18874368,2.3381121158599854,False,57982058496,spread,"[163, 546]"
scale_2_rank,21,1,1,"[1, 1, 0, 0]",1,False,False,4943921109803208,4943921111416909,9437184,1.555616021156311,False,57982058496,spread,[6015]
six_3,21,1,1,"[1, 1, 2, 2]",1,False,False,4943921121730631,4943921123342053,9437184,1.5613759756088257,False,57982058496,spread,[163]
scale_4_rank,21,1,1,"[1, 1, 1, 1]",1,False,False,4943921135237126,4943921136856205,9437184,1.5680639743804932,False,57982058496,spread,[17]
scale_50_rank,21,1,1,"[13, 13, 12, 12]",1,False,False,4943921147201608,4943921167217423,122683392,19.969440460205078,False,57982058496,spread,"[1827, 2210, 2593, 2976, 3359, 3742, 4125, 4508, 4891, 5274, 5657, 6040, 279]"
concurrency_4_rank,21,1,1,"[4, 4, 3, 3]",4,False,False,4943921177552868,4943921183829797,37748736,6.157567977905273,False,57982058496,spread,"[1896, 2279, 2662, 3045]"
concurrency_2_group,21,1,1,"[3, 4, 3, 4]",2,False,False,4943921194234153,4943921199701355,37748736,5.3930559158325195,False,57982058496,spread,"[1513, 1896, 2279, 2662]"
scale_62_group,21,1,1,"[15, 16, 15, 16]",1,False,False,4943921210046522,4943921233903245,150994944,23.806079864501953,False,57982058496,spread,"[3469, 3852, 4235, 4618, 5001, 5384, 5767, 6, 389, 772, 1155, 1538, 1921, 2304, 2687, 3070]"
two_single_2,22,1,1,"[0, 0, 2, 0]",1,False,False,4943921244954507,4943921245305845,0,0,False,57982058496,spread,[]
two_single_0,22,1,1,"[2, 0, 0, 0]",1,False,False,4943921257039100,4943921257110210,0,0,False,57982058496,spread,[]
six_0,22,1,1,"[2, 2, 1, 1]",1,False,False,4943921269581317,4943921272729714,18874368,3.092384099960327,False,57982058496,spread,"[757, 1140]"
scale_4_rank,22,1,1,"[1, 1, 1, 1]",1,False,False,4943921282967098,4943921284578960,9437184,1.562559962272644,False,57982058496,spread,[228]
two_single_3,22,1,1,"[0, 0, 0, 2]",1,False,False,4943921294920723,4943921294992307,0,0,False,57982058496,spread,[]
scale_8_rank,22,1,1,"[2, 2, 2, 2]",1,False,False,4943921306828106,4943921309981486,18874368,3.105760097503662,False,57982058496,spread,"[903, 1286]"
scale_4_group,22,1,1,"[1, 1, 1, 1]",1,False,False,4943921320363387,4943921321969300,9437184,1.5584319829940796,False,57982058496,spread,[228]
scale_6_rank,22,1,1,"[2, 2, 1, 1]",1,False,False,4943921332366776,4943921335504419,18874368,3.100287914276123,False,57982058496,spread,"[757, 1140]"
two_single_1,22,1,1,"[0, 2, 0, 0]",1,False,False,4943921345878612,4943921347500285,18874368,1.5803840160369873,False,57982058496,spread,"[5843, 82]"
six_3,22,1,1,"[1, 1, 2, 2]",1,False,False,4943921357950293,4943921359543057,9437184,1.5467840433120728,False,57982058496,spread,[374]
concurrency_2_rank,22,1,1,"[4, 4, 3, 3]",2,False,False,4943921371661282,4943921377934388,37748736,6.18287992477417,False,57982058496,spread,"[2107, 2490, 2873, 3256]"
scale_6_group,22,1,1,"[1, 2, 1, 2]",1,False,False,4943921388286660,4943921390669362,18874368,2.3425281047821045,False,57982058496,spread,"[374, 757]"
scale_50_rank,22,1,1,"[13, 13, 12, 12]",1,False,False,4943921401034068,4943921421064792,122683392,19.99286460876465,False,57982058496,spread,"[2038, 2421, 2804, 3187, 3570, 3953, 4336, 4719, 5102, 5485, 5868, 107, 490]"
concurrency_4_rank,22,1,1,"[4, 4, 3, 3]",4,False,False,4943921431411703,4943921437705044,37748736,6.190944194793701,False,57982058496,spread,"[2107, 2490, 2873, 3256]"
scale_50_group,22,1,1,"[12, 13, 12, 13]",1,False,False,4943921448069440,4943921467333425,122683392,19.225215911865234,False,57982058496,spread,"[1655, 2038, 2421, 2804, 3187, 3570, 3953, 4336, 4719, 5102, 5485, 5868, 107]"
scale_2_rank,22,1,1,"[1, 1, 0, 0]",1,False,False,4943921477689394,4943921479307422,9437184,1.4996800422668457,False,57982058496,spread,[82]
scale_10_rank,22,1,1,"[3, 3, 2, 2]",1,False,False,4943921489607938,4943921494290973,28311552,4.6146559715271,False,57982058496,spread,"[1432, 1815, 2198]"
two_pair_1_3,22,1,1,"[0, 1, 0, 1]",1,False,False,4943921504720509,4943921505580650,9437184,0.8131840229034424,False,57982058496,spread,[5843]
six_1,22,1,1,"[1, 2, 1, 2]",1,False,False,4943921515860766,4943921518252505,18874368,2.345088005065918,False,57982058496,spread,"[374, 757]"
two_pair_1_2,22,1,1,"[0, 1, 1, 0]",1,False,False,4943921528590492,4943921529444413,9437184,0.8117759823799133,False,57982058496,spread,[5843]
six_2,22,1,1,"[2, 1, 2, 1]",1,False,False,4943921539689644,4943921541684359,9437184,1.68339204788208,False,57982058496,spread,[757]
two_pair_2_3,22,1,1,"[0, 0, 1, 1]",1,False,False,4943921552401070,4943921552464132,0,0,False,57982058496,spread,[]
scale_14_rank,22,1,1,"[4, 4, 3, 3]",1,False,False,4943921564423317,4943921570658432,37748736,6.171167850494385,False,57982058496,spread,"[2107, 2490, 2873, 3256]"
two_pair_0_1,22,1,1,"[1, 1, 0, 0]",1,False,False,4943921581021919,4943921582644148,9437184,1.5807679891586304,False,57982058496,spread,[82]
scale_10_group,22,1,1,"[2, 3, 2, 3]",1,False,False,4943921593013229,4943921596935872,28311552,3.8756160736083984,False,57982058496,spread,"[1049, 1432, 1815]"
scale_62_group,22,1,1,"[15, 16, 15, 16]",1,False,False,4943921607256271,4943921631182698,150994944,23.87500762939453,False,57982058496,spread,"[3680, 4063, 4446, 4829, 5212, 5595, 5978, 217, 600, 983, 1366, 1749, 2132, 2515, 2898, 3281]"
scale_2_group,22,1,1,"[0, 1, 0, 1]",1,False,False,4943921641533273,4943921642403027,9437184,0.8170560002326965,False,57982058496,spread,[5843]
scale_8_group,22,1,1,"[2, 2, 2, 2]",1,False,False,4943921652719187,4943921655872090,18874368,3.1073598861694336,False,57982058496,spread,"[903, 1286]"
two_pair_0_2,22,1,1,"[1, 0, 1, 0]",1,False,False,4943921666312899,4943921666385669,0,0,False,57982058496,spread,[]
concurrency_4_group,22,1,1,"[3, 4, 3, 4]",4,False,False,4943921677551456,4943921683093307,37748736,5.417088031768799,False,57982058496,spread,"[1724, 2107, 2490, 2873]"
scale_62_rank,22,1,1,"[16, 16, 15, 15]",1,False,False,4943921693449505,4943921718143692,150994944,24.634719848632812,False,57982058496,spread,"[4063, 4446, 4829, 5212, 5595, 5978, 217, 600, 983, 1366, 1749, 2132, 2515, 2898, 3281, 3664]"
two_pair_0_3,22,1,1,"[1, 0, 0, 1]",1,False,False,4943921728572500,4943921728638323,0,0,False,57982058496,spread,[]
scale_14_group,22,1,1,"[3, 4, 3, 4]",1,False,False,4943921739853156,4943921745310291,37748736,5.398176193237305,False,57982058496,spread,"[1724, 2107, 2490, 2873]"
concurrency_2_group,22,1,1,"[3, 4, 3, 4]",2,False,False,4943921755673778,4943921761155575,37748736,5.417535781860352,False,57982058496,spread,"[1724, 2107, 2490, 2873]"
six_0,23,1,1,"[2, 2, 1, 1]",1,False,False,4943921771518275,4943921774680951,18874368,3.1198720932006836,False,57982058496,spread,"[968, 1351]"
scale_8_rank,23,1,1,"[2, 2, 2, 2]",1,False,False,4943921785036367,4943921788193906,18874368,3.1168320178985596,False,57982058496,spread,"[1114, 1497]"
two_pair_0_2,23,1,1,"[1, 0, 1, 0]",1,False,False,4943921798587319,4943921798682989,0,0,False,57982058496,spread,[]
two_pair_1_2,23,1,1,"[0, 1, 1, 0]",1,False,False,4943921809820394,4943921810692799,9437184,0.8161919713020325,False,57982058496,spread,[6054]
scale_14_rank,23,1,1,"[4, 4, 3, 3]",1,False,False,4943921821535111,4943921827769036,37748736,6.1862077713012695,False,57982058496,spread,"[2318, 2701, 3084, 3467]"
scale_10_group,23,1,1,"[2, 3, 2, 3]",1,False,False,4943921838147617,4943921842079757,28311552,3.6477439403533936,False,57982058496,spread,"[1260, 1643, 2026]"
scale_6_rank,23,1,1,"[2, 2, 1, 1]",1,False,False,4943921852610233,4943921855462622,18874368,2.801919937133789,False,57982058496,spread,"[968, 1351]"
two_single_1,23,1,1,"[0, 2, 0, 0]",1,False,False,4943921866276770,4943921867906243,18874368,1.5843520164489746,False,57982058496,spread,"[6054, 293]"
two_pair_0_3,23,1,1,"[1, 0, 0, 1]",1,False,False,4943921878227684,4943921878300729,0,0,False,57982058496,spread,[]
scale_62_rank,23,1,1,"[16, 16, 15, 15]",1,False,False,4943921889502308,4943921914134972,150994944,24.570560455322266,False,57982058496,spread,"[4274, 4657, 5040, 5423, 5806, 45, 428, 811, 1194, 1577, 1960, 2343, 2726, 3109, 3492, 3875]"
concurrency_4_rank,23,1,1,"[4, 4, 3, 3]",4,False,False,4943921924477363,4943921930763632,37748736,6.162303924560547,False,57982058496,spread,"[2318, 2701, 3084, 3467]"
two_pair_0_1,23,1,1,"[1, 1, 0, 0]",1,False,False,4943921941137618,4943921942757194,9437184,1.5603519678115845,False,57982058496,spread,[293]
concurrency_2_rank,23,1,1,"[4, 4, 3, 3]",2,False,False,4943921953136628,4943921959378831,37748736,6.158847808837891,False,57982058496,spread,"[2318, 2701, 3084, 3467]"
concurrency_4_group,23,1,1,"[3, 4, 3, 4]",4,False,False,4943921969711495,4943921975235643,37748736,5.4203200340271,False,57982058496,spread,"[1935, 2318, 2701, 3084]"
six_2,23,1,1,"[2, 1, 2, 1]",1,False,False,4943921985740712,4943921987356483,9437184,1.565951943397522,False,57982058496,spread,[968]
two_single_2,23,1,1,"[0, 0, 2, 0]",1,False,False,4943921998563185,4943921998624668,0,0,False,57982058496,spread,[]
scale_14_group,23,1,1,"[3, 4, 3, 4]",1,False,False,4943922010552897,4943922016023310,37748736,5.423840045928955,False,57982058496,spread,"[1935, 2318, 2701, 3084]"
scale_8_group,23,1,1,"[2, 2, 2, 2]",1,False,False,4943922026357113,4943922029509572,18874368,3.1082561016082764,False,57982058496,spread,"[1114, 1497]"
six_1,23,1,1,"[1, 2, 1, 2]",1,False,False,4943922039917382,4943922042333781,18874368,2.3664638996124268,False,57982058496,spread,"[585, 968]"
scale_2_rank,23,1,1,"[1, 1, 0, 0]",1,False,False,4943922052683811,4943922054299715,9437184,1.569599986076355,False,57982058496,spread,[293]
scale_50_group,23,1,1,"[12, 13, 12, 13]",1,False,False,4943922064813539,4943922084060333,122683392,19.2043514251709,False,57982058496,spread,"[1866, 2249, 2632, 3015, 3398, 3781, 4164, 4547, 4930, 5313, 5696, 6079, 318]"
scale_4_group,23,1,1,"[1, 1, 1, 1]",1,False,False,4943922094475263,4943922096099393,9437184,1.5790079832077026,False,57982058496,spread,[439]
two_single_3,23,1,1,"[0, 0, 0, 2]",1,False,False,4943922106471491,4943922106536833,0,0,False,57982058496,spread,[]
scale_6_group,23,1,1,"[1, 2, 1, 2]",1,False,False,4943922118517529,4943922120948039,18874368,2.366624116897583,False,57982058496,spread,"[585, 968]"
scale_50_rank,23,1,1,"[13, 13, 12, 12]",1,False,False,4943922131649279,4943922151712962,122683392,19.788511276245117,False,57982058496,spread,"[2249, 2632, 3015, 3398, 3781, 4164, 4547, 4930, 5313, 5696, 6079, 318, 701]"
scale_2_group,23,1,1,"[0, 1, 0, 1]",1,False,False,4943922162271280,4943922163136971,9437184,0.8158079981803894,False,57982058496,spread,[6054]
two_single_0,23,1,1,"[2, 0, 0, 0]",1,False,False,4943922173518866,4943922173582022,0,0,False,57982058496,spread,[]
two_pair_2_3,23,1,1,"[0, 0, 1, 1]",1,False,False,4943922185681116,4943922185750519,0,0,False,57982058496,spread,[]
two_pair_1_3,23,1,1,"[0, 1, 0, 1]",1,False,False,4943922197809086,4943922198692267,9437184,0.8193600177764893,False,57982058496,spread,[6054]
scale_4_rank,23,1,1,"[1, 1, 1, 1]",1,False,False,4943922209023293,4943922210653678,9437184,1.5857280492782593,False,57982058496,spread,[439]
concurrency_2_group,23,1,1,"[3, 4, 3, 4]",2,False,False,4943922221036570,4943922226515529,37748736,5.398528099060059,False,57982058496,spread,"[1935, 2318, 2701, 3084]"
scale_62_group,23,1,1,"[15, 16, 15, 16]",1,False,False,4943922236885745,4943922260740114,150994944,23.80124855041504,False,57982058496,spread,"[3891, 4274, 4657, 5040, 5423, 5806, 45, 428, 811, 1194, 1577, 1960, 2343, 2726, 3109, 3492]"
six_3,23,1,1,"[1, 1, 2, 2]",1,False,False,4943922271093626,4943922272751929,9437184,1.5973119735717773,False,57982058496,spread,[585]
scale_10_rank,23,1,1,"[3, 3, 2, 2]",1,False,False,4943922284748854,4943922289485625,28311552,4.681119918823242,False,57982058496,spread,"[1643, 2026, 2409]"
two_pair_0_1,24,1,1,"[1, 1, 0, 0]",1,False,False,4943922299920133,4943922301572715,9437184,1.5973759889602661,False,57982058496,spread,[504]
scale_8_rank,24,1,1,"[2, 2, 2, 2]",1,False,False,4943922311927680,4943922315173207,18874368,3.043776035308838,False,57982058496,spread,"[1325, 1708]"
scale_62_rank,24,1,1,"[16, 16, 15, 15]",1,False,False,4943922325573346,4943922350302239,150994944,24.637920379638672,False,57982058496,spread,"[4485, 4868, 5251, 5634, 6017, 256, 639, 1022, 1405, 1788, 2171, 2554, 2937, 3320, 3703, 4086]"
six_3,24,1,1,"[1, 1, 2, 2]",1,False,False,4943922360657047,4943922362274766,9437184,1.5656640529632568,False,57982058496,spread,[796]
scale_2_rank,24,1,1,"[1, 1, 0, 0]",1,False,False,4943922374296718,4943922375935878,9437184,1.5828479528427124,False,57982058496,spread,[504]
scale_62_group,24,1,1,"[15, 16, 15, 16]",1,False,False,4943922386271874,4943922410184550,150994944,23.861183166503906,False,57982058496,spread,"[4102, 4485, 4868, 5251, 5634, 6017, 256, 639, 1022, 1405, 1788, 2171, 2554, 2937, 3320, 3703]"
scale_50_rank,24,1,1,"[13, 13, 12, 12]",1,False,False,4943922420587056,4943922440664237,122683392,19.648799896240234,False,57982058496,spread,"[2460, 2843, 3226, 3609, 3992, 4375, 4758, 5141, 5524, 5907, 146, 529, 912]"
scale_14_rank,24,1,1,"[4, 4, 3, 3]",1,False,False,4943922451122208,4943922457066343,37748736,5.888031959533691,False,57982058496,spread,"[2529, 2912, 3295, 3678]"
two_single_3,24,1,1,"[0, 0, 0, 2]",1,False,False,4943922467966825,4943922468045799,0,0,False,57982058496,spread,[]
scale_6_group,24,1,1,"[1, 2, 1, 2]",1,False,False,4943922480199974,4943922482613939,18874368,2.35862398147583,False,57982058496,spread,"[796, 1179]"
scale_8_group,24,1,1,"[2, 2, 2, 2]",1,False,False,4943922492941107,4943922496098796,18874368,3.11244797706604,False,57982058496,spread,"[1325, 1708]"
two_pair_1_2,24,1,1,"[0, 1, 1, 0]",1,False,False,4943922506459346,4943922507308265,9437184,0.8085759878158569,False,57982058496,spread,[121]
two_pair_0_3,24,1,1,"[1, 0, 0, 1]",1,False,False,4943922517615267,4943922517678035,0,0,False,57982058496,spread,[]
scale_10_rank,24,1,1,"[3, 3, 2, 2]",1,False,False,4943922528800980,4943922533486339,28311552,4.642591953277588,False,57982058496,spread,"[1854, 2237, 2620]"
scale_6_rank,24,1,1,"[2, 2, 1, 1]",1,False,False,4943922543797552,4943922546947631,18874368,3.1042559146881104,False,57982058496,spread,"[1179, 1562]"
scale_4_rank,24,1,1,"[1, 1, 1, 1]",1,False,False,4943922557212343,4943922558824168,9437184,1.5601279735565186,False,57982058496,spread,[650]
concurrency_2_group,24,1,1,"[3, 4, 3, 4]",2,False,False,4943922569246841,4943922574744295,37748736,5.420224189758301,False,57982058496,spread,"[2146, 2529, 2912, 3295]"
concurrency_4_group,24,1,1,"[3, 4, 3, 4]",4,False,False,4943922585090650,4943922590618664,37748736,5.418752193450928,False,57982058496,spread,"[2146, 2529, 2912, 3295]"
two_single_1,24,1,1,"[0, 2, 0, 0]",1,False,False,4943922600970059,4943922602605601,18874368,1.5872639417648315,False,57982058496,spread,"[121, 504]"
scale_50_group,24,1,1,"[12, 13, 12, 13]",1,False,False,4943922612983626,4943922632277410,122683392,19.244192123413086,False,57982058496,spread,"[2077, 2460, 2843, 3226, 3609, 3992, 4375, 4758, 5141, 5524, 5907, 146, 529]"
six_0,24,1,1,"[2, 2, 1, 1]",1,False,False,4943922642768305,4943922645934339,18874368,3.11081600189209,False,57982058496,spread,"[1179, 1562]"
two_pair_0_2,24,1,1,"[1, 0, 1, 0]",1,False,False,4943922656333782,4943922656412630,0,0,False,57982058496,spread,[]
scale_14_group,24,1,1,"[3, 4, 3, 4]",1,False,False,4943922667571696,4943922673037954,37748736,5.416096210479736,False,57982058496,spread,"[2146, 2529, 2912, 3295]"
concurrency_2_rank,24,1,1,"[4, 4, 3, 3]",2,False,False,4943922683382496,4943922689658970,37748736,6.198431968688965,False,57982058496,spread,"[2529, 2912, 3295, 3678]"
six_1,24,1,1,"[1, 2, 1, 2]",1,False,False,4943922700006531,4943922702420626,18874368,2.3519680500030518,False,57982058496,spread,"[796, 1179]"
scale_10_group,24,1,1,"[2, 3, 2, 3]",1,False,False,4943922712774522,4943922716956579,28311552,3.869472026824951,False,57982058496,spread,"[1471, 1854, 2237]"
six_2,24,1,1,"[2, 1, 2, 1]",1,False,False,4943922727682509,4943922729392505,9437184,1.621824026107788,False,57982058496,spread,[1179]
two_single_2,24,1,1,"[0, 0, 2, 0]",1,False,False,4943922740834301,4943922740906006,0,0,False,57982058496,spread,[]
concurrency_4_rank,24,1,1,"[4, 4, 3, 3]",4,False,False,4943922754774040,4943922760448301,37748736,5.531263828277588,False,57982058496,spread,"[2529, 2912, 3295, 3678]"
two_single_0,24,1,1,"[2, 0, 0, 0]",1,False,False,4943922771874999,4943922771963552,0,0,False,57982058496,spread,[]
two_pair_2_3,24,1,1,"[0, 0, 1, 1]",1,False,False,4943922783979561,4943922784049182,0,0,False,57982058496,spread,[]
two_pair_1_3,24,1,1,"[0, 1, 0, 1]",1,False,False,4943922796091415,4943922796989840,9437184,0.831167995929718,False,57982058496,spread,[121]
scale_4_group,24,1,1,"[1, 1, 1, 1]",1,False,False,4943922807232364,4943922808887542,9437184,1.5876799821853638,False,57982058496,spread,[650]
scale_2_group,24,1,1,"[0, 1, 0, 1]",1,False,False,4943922819209853,4943922820075193,9437184,0.8189120292663574,False,57982058496,spread,[121]
two_single_3,25,1,1,"[0, 0, 0, 2]",1,False,False,4943922830646304,4943922830706970,0,0,False,57982058496,spread,[]
scale_6_group,25,1,1,"[1, 2, 1, 2]",1,False,False,4943922842632792,4943922845034956,18874368,2.358272075653076,False,57982058496,spread,"[1007, 1390]"
scale_4_group,25,1,1,"[1, 1, 1, 1]",1,False,False,4943922855307119,4943922856941042,9437184,1.5848640203475952,False,57982058496,spread,[861]
two_single_0,25,1,1,"[2, 0, 0, 0]",1,False,False,4943922867282321,4943922867384963,0,0,False,57982058496,spread,[]
scale_4_rank,25,1,1,"[1, 1, 1, 1]",1,False,False,4943922879212844,4943922880867904,9437184,1.588927984237671,False,57982058496,spread,[861]
scale_62_rank,25,1,1,"[16, 16, 15, 15]",1,False,False,4943922891252008,4943922915921357,150994944,24.618080139160156,False,57982058496,spread,"[4696, 5079, 5462, 5845, 84, 467, 850, 1233, 1616, 1999, 2382, 2765, 3148, 3531, 3914, 4297]"
two_pair_0_3,25,1,1,"[1, 0, 0, 1]",1,False,False,4943922926345245,4943922926425455,0,0,False,57982058496,spread,[]
scale_14_group,25,1,1,"[3, 4, 3, 4]",1,False,False,4943922937632732,4943922943114823,37748736,5.403520107269287,False,57982058496,spread,"[2357, 2740, 3123, 3506]"
scale_8_rank,25,1,1,"[2, 2, 2, 2]",1,False,False,4943922953452993,4943922956617985,18874368,3.109951972961426,False,57982058496,spread,"[1536, 1919]"
scale_2_group,25,1,1,"[0, 1, 0, 1]",1,False,False,4943922966894062,4943922967762027,9437184,0.8173120021820068,False,57982058496,spread,[332]
two_pair_1_2,25,1,1,"[0, 1, 1, 0]",1,False,False,4943922978016134,4943922978869589,9437184,0.8104000091552734,False,57982058496,spread,[332]
six_3,25,1,1,"[1, 1, 2, 2]",1,False,False,4943922989145893,4943922990556367,9437184,1.3554879426956177,False,57982058496,spread,[1007]
six_1,25,1,1,"[1, 2, 1, 2]",1,False,False,4943923002598449,4943923004999836,18874368,2.348383903503418,False,57982058496,spread,"[1007, 1390]"
scale_2_rank,25,1,1,"[1, 1, 0, 0]",1,False,False,4943923015377555,4943923016998297,9437184,1.578112006187439,False,57982058496,spread,[715]
scale_10_rank,25,1,1,"[3, 3, 2, 2]",1,False,False,4943923027288379,4943923031989685,28311552,4.426720142364502,False,57982058496,spread,"[2065, 2448, 2831]"
scale_50_rank,25,1,1,"[13, 13, 12, 12]",1,False,False,4943923042438667,4943923062492960,122683392,20.006975173950195,False,57982058496,spread,"[2671, 3054, 3437, 3820, 4203, 4586, 4969, 5352, 5735, 6118, 357, 740, 1123]"
two_pair_2_3,25,1,1,"[0, 0, 1, 1]",1,False,False,4943923073320217,4943923073384389,0,0,False,57982058496,spread,[]
scale_6_rank,25,1,1,"[2, 2, 1, 1]",1,False,False,4943923085317159,4943923088464190,18874368,3.0879359245300293,False,57982058496,spread,"[1390, 1773]"
six_0,25,1,1,"[2, 2, 1, 1]",1,False,False,4943923098846292,4943923102001344,18874368,3.1107521057128906,False,57982058496,spread,"[1390, 1773]"
concurrency_2_rank,25,1,1,"[4, 4, 3, 3]",2,False,False,4943923112392231,4943923118653793,37748736,6.192160129547119,False,57982058496,spread,"[2740, 3123, 3506, 3889]"
two_pair_0_1,25,1,1,"[1, 1, 0, 0]",1,False,False,4943923129028262,4943923130640116,9437184,1.5665919780731201,False,57982058496,spread,[715]
scale_14_rank,25,1,1,"[4, 4, 3, 3]",1,False,False,4943923141034310,4943923147247665,37748736,6.166528224945068,False,57982058496,spread,"[2740, 3123, 3506, 3889]"
scale_10_group,25,1,1,"[2, 3, 2, 3]",1,False,False,4943923157649041,4943923161575136,28311552,3.880608081817627,False,57982058496,spread,"[1682, 2065, 2448]"
concurrency_2_group,25,1,1,"[3, 4, 3, 4]",2,False,False,4943923171921427,4943923177418718,37748736,5.419007778167725,False,57982058496,spread,"[2357, 2740, 3123, 3506]"
two_single_2,25,1,1,"[0, 0, 2, 0]",1,False,False,4943923187755814,4943923187828631,0,0,False,57982058496,spread,[]
scale_8_group,25,1,1,"[2, 2, 2, 2]",1,False,False,4943923199830592,4943923202988501,18874368,3.1027839183807373,False,57982058496,spread,"[1536, 1919]"
scale_62_group,25,1,1,"[15, 16, 15, 16]",1,False,False,4943923213400933,4943923237292446,150994944,23.848703384399414,False,57982058496,spread,"[4313, 4696, 5079, 5462, 5845, 84, 467, 850, 1233, 1616, 1999, 2382, 2765, 3148, 3531, 3914]"
two_single_1,25,1,1,"[0, 2, 0, 0]",1,False,False,4943923247659666,4943923249310618,18874368,1.5990400314331055,False,57982058496,spread,"[332, 715]"
two_pair_1_3,25,1,1,"[0, 1, 0, 1]",1,False,False,4943923259799889,4943923260662780,9437184,0.8132479786872864,False,57982058496,spread,[332]
six_2,25,1,1,"[2, 1, 2, 1]",1,False,False,4943923271014741,4943923272608824,9437184,1.5479999780654907,False,57982058496,spread,[1390]
concurrency_4_group,25,1,1,"[3, 4, 3, 4]",4,False,False,4943923283815149,4943923289362564,37748736,5.410463809967041,False,57982058496,spread,"[2357, 2740, 3123, 3506]"
two_pair_0_2,25,1,1,"[1, 0, 1, 0]",1,False,False,4943923299671825,4943923299744611,0,0,False,57982058496,spread,[]
scale_50_group,25,1,1,"[12, 13, 12, 13]",1,False,False,4943923310921907,4943923330273474,122683392,19.269311904907227,False,57982058496,spread,"[2288, 2671, 3054, 3437, 3820, 4203, 4586, 4969, 5352, 5735, 6118, 357, 740]"
concurrency_4_rank,25,1,1,"[4, 4, 3, 3]",4,False,False,4943923340972757,4943923347284240,37748736,6.162367820739746,False,57982058496,spread,"[2740, 3123, 3506, 3889]"
two_single_3,26,1,1,"[0, 0, 0, 2]",1,False,False,4943923357731146,4943923357795013,0,0,False,57982058496,spread,[]
two_pair_2_3,26,1,1,"[0, 0, 1, 1]",1,False,False,4943923369787047,4943923369854676,0,0,False,57982058496,spread,[]
concurrency_2_rank,26,1,1,"[4, 4, 3, 3]",2,False,False,4943923381864577,4943923388089519,37748736,6.141695976257324,False,57982058496,spread,"[2951, 3334, 3717, 4100]"
six_0,26,1,1,"[2, 2, 1, 1]",1,False,False,4943923398522612,4943923401679780,18874368,3.1128640174865723,False,57982058496,spread,"[1601, 1984]"
two_pair_1_3,26,1,1,"[0, 1, 0, 1]",1,False,False,4943923412135238,4943923412984277,9437184,0.8087999820709229,False,57982058496,spread,[543]
scale_50_rank,26,1,1,"[13, 13, 12, 12]",1,False,False,4943923423282789,4943923443325901,122683392,19.9967041015625,False,57982058496,spread,"[2882, 3265, 3648, 4031, 4414, 4797, 5180, 5563, 5946, 185, 568, 951, 1334]"
two_single_0,26,1,1,"[2, 0, 0, 0]",1,False,False,4943923453754657,4943923453821265,0,0,False,57982058496,spread,[]
two_single_1,26,1,1,"[0, 2, 0, 0]",1,False,False,4943923465836360,4943923467473844,18874368,1.588703989982605,False,57982058496,spread,"[543, 926]"
scale_4_group,26,1,1,"[1, 1, 1, 1]",1,False,False,4943923477878596,4943923479498839,9437184,1.5713599920272827,False,57982058496,spread,[1072]
concurrency_4_group,26,1,1,"[3, 4, 3, 4]",4,False,False,4943923489885726,4943923495420588,37748736,5.428927898406982,False,57982058496,spread,"[2568, 2951, 3334, 3717]"
scale_62_rank,26,1,1,"[16, 16, 15, 15]",1,False,False,4943923505786874,4943923530450455,150994944,24.609920501708984,False,57982058496,spread,"[4907, 5290, 5673, 6056, 295, 678, 1061, 1444, 1827, 2210, 2593, 2976, 3359, 3742, 4125, 4508]"
scale_4_rank,26,1,1,"[1, 1, 1, 1]",1,False,False,4943923540870912,4943923542525771,9437184,1.5933120250701904,False,57982058496,spread,[1072]
scale_14_group,26,1,1,"[3, 4, 3, 4]",1,False,False,4943923552891387,4943923558378685,37748736,5.434720039367676,False,57982058496,spread,"[2568, 2951, 3334, 3717]"
six_2,26,1,1,"[2, 1, 2, 1]",1,False,False,4943923568685781,4943923570328902,9437184,1.5849599838256836,False,57982058496,spread,[1601]
two_pair_0_3,26,1,1,"[1, 0, 0, 1]",1,False,False,4943923581471585,4943923581538442,0,0,False,57982058496,spread,[]
scale_62_group,26,1,1,"[15, 16, 15, 16]",1,False,False,4943923592649980,4943923616629287,150994944,23.896032333374023,False,57982058496,spread,"[4524, 4907, 5290, 5673, 6056, 295, 678, 1061, 1444, 1827, 2210, 2593, 2976, 3359, 3742, 4125]"
scale_6_rank,26,1,1,"[2, 2, 1, 1]",1,False,False,4943923627336199,4943923630530785,18874368,3.1142399311065674,False,57982058496,spread,"[1601, 1984]"
scale_8_group,26,1,1,"[2, 2, 2, 2]",1,False,False,4943923640913167,4943923644070266,18874368,3.1118080615997314,False,57982058496,spread,"[1747, 2130]"
scale_2_rank,26,1,1,"[1, 1, 0, 0]",1,False,False,4943923654640229,4943923655946756,9437184,1.2594879865646362,False,57982058496,spread,[926]
two_pair_0_1,26,1,1,"[1, 1, 0, 0]",1,False,False,4943923666721110,4943923668353224,9437184,1.5811519622802734,False,57982058496,spread,[926]
scale_8_rank,26,1,1,"[2, 2, 2, 2]",1,False,False,4943923678613189,4943923681770876,18874368,3.1132800579071045,False,57982058496,spread,"[1747, 2130]"
two_pair_0_2,26,1,1,"[1, 0, 1, 0]",1,False,False,4943923692197083,4943923692258660,0,0,False,57982058496,spread,[]
scale_10_group,26,1,1,"[2, 3, 2, 3]",1,False,False,4943923703413023,4943923707342024,28311552,3.815743923187256,False,57982058496,spread,"[1893, 2276, 2659]"
scale_10_rank,26,1,1,"[3, 3, 2, 2]",1,False,False,4943923717748523,4943923722474298,28311552,4.662144184112549,False,57982058496,spread,"[2276, 2659, 3042]"
scale_50_group,26,1,1,"[12, 13, 12, 13]",1,False,False,4943923732846882,4943923752139225,122683392,19.247167587280273,False,57982058496,spread,"[2499, 2882, 3265, 3648, 4031, 4414, 4797, 5180, 5563, 5946, 185, 568, 951]"
concurrency_4_rank,26,1,1,"[4, 4, 3, 3]",4,False,False,4943923762555860,4943923768863770,37748736,6.1854400634765625,False,57982058496,spread,"[2951, 3334, 3717, 4100]"
six_3,26,1,1,"[1, 1, 2, 2]",1,False,False,4943923779184979,4943923780801972,9437184,1.5687999725341797,False,57982058496,spread,[1218]
six_1,26,1,1,"[1, 2, 1, 2]",1,False,False,4943923792868296,4943923795276666,18874368,2.350048065185547,False,57982058496,spread,"[1218, 1601]"
two_pair_1_2,26,1,1,"[0, 1, 1, 0]",1,False,False,4943923805602511,4943923806472700,9437184,0.8161919713020325,False,57982058496,spread,[543]
scale_14_rank,26,1,1,"[4, 4, 3, 3]",1,False,False,4943923816784569,4943923823010937,37748736,6.180352210998535,False,57982058496,spread,"[2951, 3334, 3717, 4100]"
scale_6_group,26,1,1,"[1, 2, 1, 2]",1,False,False,4943923833424005,4943923835818612,18874368,2.351583957672119,False,57982058496,spread,"[1218, 1601]"
scale_2_group,26,1,1,"[0, 1, 0, 1]",1,False,False,4943923846166218,4943923847024355,9437184,0.8093119859695435,False,57982058496,spread,[543]
two_single_2,26,1,1,"[0, 0, 2, 0]",1,False,False,4943923857305102,4943923857387244,0,0,False,57982058496,spread,[]
concurrency_2_group,26,1,1,"[3, 4, 3, 4]",2,False,False,4943923869558182,4943923875074925,37748736,5.430624008178711,False,57982058496,spread,"[2568, 2951, 3334, 3717]"
two_pair_0_2,27,1,1,"[1, 0, 1, 0]",1,False,False,4943923885387575,4943923885460767,0,0,False,57982058496,spread,[]
scale_50_rank,27,1,1,"[13, 13, 12, 12]",1,False,False,4943923896588434,4943923916693163,122683392,20.02191925048828,False,57982058496,spread,"[3093, 3476, 3859, 4242, 4625, 5008, 5391, 5774, 13, 396, 779, 1162, 1545]"
scale_50_group,27,1,1,"[12, 13, 12, 13]",1,False,False,4943923927422597,4943923946738842,122683392,19.227903366088867,False,57982058496,spread,"[2710, 3093, 3476, 3859, 4242, 4625, 5008, 5391, 5774, 13, 396, 779, 1162]"
six_2,27,1,1,"[2, 1, 2, 1]",1,False,False,4943923957080796,4943923958406652,9437184,1.2688640356063843,False,57982058496,spread,[1812]
scale_6_group,27,1,1,"[1, 2, 1, 2]",1,False,False,4943923970059570,4943923972478719,18874368,2.368256092071533,False,57982058496,spread,"[1429, 1812]"
scale_6_rank,27,1,1,"[2, 2, 1, 1]",1,False,False,4943923982783149,4943923985931830,18874368,3.1045119762420654,False,57982058496,spread,"[1812, 2195]"
two_single_3,27,1,1,"[0, 0, 0, 2]",1,False,False,4943923996272326,4943923996335915,0,0,False,57982058496,spread,[]
two_single_1,27,1,1,"[0, 2, 0, 0]",1,False,False,4943924008363310,4943924010022851,18874368,1.592095971107483,False,57982058496,spread,"[754, 1137]"
two_pair_2_3,27,1,1,"[0, 0, 1, 1]",1,False,False,4943924020484735,4943924020550253,0,0,False,57982058496,spread,[]
scale_8_group,27,1,1,"[2, 2, 2, 2]",1,False,False,4943924032756852,4943924035936756,18874368,3.1184000968933105,False,57982058496,spread,"[1958, 2341]"
scale_4_group,27,1,1,"[1, 1, 1, 1]",1,False,False,4943924046346520,4943924047953964,9437184,1.5629760026931763,False,57982058496,spread,[1283]
scale_14_group,27,1,1,"[3, 4, 3, 4]",1,False,False,4943924058395979,4943924063865468,37748736,5.428768157958984,False,57982058496,spread,"[2779, 3162, 3545, 3928]"
two_pair_0_3,27,1,1,"[1, 0, 0, 1]",1,False,False,4943924074310441,4943924074377401,0,0,False,57982058496,spread,[]
scale_8_rank,27,1,1,"[2, 2, 2, 2]",1,False,False,4943924085542584,4943924088714922,18874368,3.1030399799346924,False,57982058496,spread,"[1958, 2341]"
six_3,27,1,1,"[1, 1, 2, 2]",1,False,False,4943924099041089,4943924100662628,9437184,1.5746560096740723,False,57982058496,spread,[1429]
scale_62_group,27,1,1,"[15, 16, 15, 16]",1,False,False,4943924112696469,4943924136637582,150994944,23.86150360107422,False,57982058496,spread,"[4735, 5118, 5501, 5884, 123, 506, 889, 1272, 1655, 2038, 2421, 2804, 3187, 3570, 3953, 4336]"
six_0,27,1,1,"[2, 2, 1, 1]",1,False,False,4943924146993852,4943924150184760,18874368,3.1316800117492676,False,57982058496,spread,"[1812, 2195]"
concurrency_2_group,27,1,1,"[3, 4, 3, 4]",2,False,False,4943924160569326,4943924166082477,37748736,5.434624195098877,False,57982058496,spread,"[2779, 3162, 3545, 3928]"
six_1,27,1,1,"[1, 2, 1, 2]",1,False,False,4943924176445359,4943924178858725,18874368,2.359424114227295,False,57982058496,spread,"[1429, 1812]"
scale_2_group,27,1,1,"[0, 1, 0, 1]",1,False,False,4943924189172620,4943924190028237,9437184,0.8113600015640259,False,57982058496,spread,[754]
two_pair_1_3,27,1,1,"[0, 1, 0, 1]",1,False,False,4943924200349909,4943924201195007,9437184,0.8088319897651672,False,57982058496,spread,[754]
two_single_0,27,1,1,"[2, 0, 0, 0]",1,False,False,4943924211510430,4943924211851941,0,0,False,57982058496,spread,[]
scale_62_rank,27,1,1,"[16, 16, 15, 15]",1,False,False,4943924223473901,4943924248163560,150994944,24.62828826904297,False,57982058496,spread,"[5118, 5501, 5884, 123, 506, 889, 1272, 1655, 2038, 2421, 2804, 3187, 3570, 3953, 4336, 4719]"
scale_10_group,27,1,1,"[2, 3, 2, 3]",1,False,False,4943924258500086,4943924262423684,28311552,3.882591962814331,False,57982058496,spread,"[2104, 2487, 2870]"
scale_4_rank,27,1,1,"[1, 1, 1, 1]",1,False,False,4943924272791810,4943924274419163,9437184,1.578112006187439,False,57982058496,spread,[1283]
two_single_2,27,1,1,"[0, 0, 2, 0]",1,False,False,4943924285091781,4943924285174222,0,0,False,57982058496,spread,[]
two_pair_1_2,27,1,1,"[0, 1, 1, 0]",1,False,False,4943924297134688,4943924297998791,9437184,0.8178240060806274,False,57982058496,spread,[754]
scale_14_rank,27,1,1,"[4, 4, 3, 3]",1,False,False,4943924308330377,4943924314549378,37748736,6.170783996582031,False,57982058496,spread,"[3162, 3545, 3928, 4311]"
concurrency_2_rank,27,1,1,"[4, 4, 3, 3]",2,False,False,4943924325000972,4943924331277681,37748736,6.193632125854492,False,57982058496,spread,"[3162, 3545, 3928, 4311]"
two_pair_0_1,27,1,1,"[1, 1, 0, 0]",1,False,False,4943924341701628,4943924343312733,9437184,1.5670080184936523,False,57982058496,spread,[1137]
scale_2_rank,27,1,1,"[1, 1, 0, 0]",1,False,False,4943924353690527,4943924355285084,9437184,1.5529279708862305,False,57982058496,spread,[1137]
concurrency_4_rank,27,1,1,"[4, 4, 3, 3]",4,False,False,4943924365683814,4943924371960096,37748736,6.168384075164795,False,57982058496,spread,"[3162, 3545, 3928, 4311]"
scale_10_rank,27,1,1,"[3, 3, 2, 2]",1,False,False,4943924382299395,4943924386986682,28311552,4.638336181640625,False,57982058496,spread,"[2487, 2870, 3253]"
concurrency_4_group,27,1,1,"[3, 4, 3, 4]",4,False,False,4943924397408945,4943924402923083,37748736,5.415743827819824,False,57982058496,spread,"[2779, 3162, 3545, 3928]"
two_pair_0_3,28,1,1,"[1, 0, 0, 1]",1,False,False,4943924413338917,4943924413405830,0,0,False,57982058496,spread,[]
concurrency_4_group,28,1,1,"[3, 4, 3, 4]",4,False,False,4943924424501239,4943924430032579,37748736,5.417119979858398,False,57982058496,spread,"[2990, 3373, 3756, 4139]"
scale_50_group,28,1,1,"[12, 13, 12, 13]",1,False,False,4943924440384400,4943924459670866,122683392,19.23859214782715,False,57982058496,spread,"[2921, 3304, 3687, 4070, 4453, 4836, 5219, 5602, 5985, 224, 607, 990, 1373]"
scale_50_rank,28,1,1,"[13, 13, 12, 12]",1,False,False,4943924470121273,4943924490183141,122683392,20.008991241455078,False,57982058496,spread,"[3304, 3687, 4070, 4453, 4836, 5219, 5602, 5985, 224, 607, 990, 1373, 1756]"
scale_10_rank,28,1,1,"[3, 3, 2, 2]",1,False,False,4943924500600024,4943924505317119,28311552,4.1484479904174805,False,57982058496,spread,"[2698, 3081, 3464]"
scale_2_group,28,1,1,"[0, 1, 0, 1]",1,False,False,4943924515905451,4943924516767609,9437184,0.8132799863815308,False,57982058496,spread,[965]
scale_62_rank,28,1,1,"[16, 16, 15, 15]",1,False,False,4943924527121711,4943924551788931,150994944,24.619136810302734,False,57982058496,spread,"[5329, 5712, 6095, 334, 717, 1100, 1483, 1866, 2249, 2632, 3015, 3398, 3781, 4164, 4547, 4930]"
scale_10_group,28,1,1,"[2, 3, 2, 3]",1,False,False,4943924562625380,4943924566553895,28311552,3.8860480785369873,False,57982058496,spread,"[2315, 2698, 3081]"
scale_14_group,28,1,1,"[3, 4, 3, 4]",1,False,False,4943924576935887,4943924582394263,37748736,5.416096210479736,False,57982058496,spread,"[2990, 3373, 3756, 4139]"
scale_4_rank,28,1,1,"[1, 1, 1, 1]",1,False,False,4943924592786209,4943924594392349,9437184,1.561184048652649,False,57982058496,spread,[1494]
scale_6_group,28,1,1,"[1, 2, 1, 2]",1,False,False,4943924604798699,4943924607191532,18874368,2.3514559268951416,False,57982058496,spread,"[1640, 2023]"
scale_8_rank,28,1,1,"[2, 2, 2, 2]",1,False,False,4943924617570252,4943924620728087,18874368,3.1078720092773438,False,57982058496,spread,"[2169, 2552]"
two_single_2,28,1,1,"[0, 0, 2, 0]",1,False,False,4943924631047478,4943924631118221,0,0,False,57982058496,spread,[]
scale_6_rank,28,1,1,"[2, 2, 1, 1]",1,False,False,4943924642926381,4943924646083805,18874368,3.111423969268799,False,57982058496,spread,"[2023, 2406]"
concurrency_4_rank,28,1,1,"[4, 4, 3, 3]",4,False,False,4943924656466664,4943924662797600,37748736,6.204800128936768,False,57982058496,spread,"[3373, 3756, 4139, 4522]"
scale_2_rank,28,1,1,"[1, 1, 0, 0]",1,False,False,4943924673220795,4943924674860289,9437184,1.5826879739761353,False,57982058496,spread,[1348]
scale_62_group,28,1,1,"[15, 16, 15, 16]",1,False,False,4943924685224847,4943924709165504,150994944,23.881471633911133,False,57982058496,spread,"[4946, 5329, 5712, 6095, 334, 717, 1100, 1483, 1866, 2249, 2632, 3015, 3398, 3781, 4164, 4547]"
two_pair_2_3,28,1,1,"[0, 0, 1, 1]",1,False,False,4943924719535729,4943924719611714,0,0,False,57982058496,spread,[]
scale_14_rank,28,1,1,"[4, 4, 3, 3]",1,False,False,4943924731490428,4943924737727125,37748736,6.185311794281006,False,57982058496,spread,"[3373, 3756, 4139, 4522]"
concurrency_2_group,28,1,1,"[3, 4, 3, 4]",2,False,False,4943924748187354,4943924753683293,37748736,5.426623821258545,False,57982058496,spread,"[2990, 3373, 3756, 4139]"
scale_8_group,28,1,1,"[2, 2, 2, 2]",1,False,False,4943924764069277,4943924767237276,18874368,3.1160640716552734,False,57982058496,spread,"[2169, 2552]"
concurrency_2_rank,28,1,1,"[4, 4, 3, 3]",2,False,False,4943924777667554,4943924783917963,37748736,6.18009614944458,False,57982058496,spread,"[3373, 3756, 4139, 4522]"
two_single_3,28,1,1,"[0, 0, 0, 2]",1,False,False,4943924794322870,4943924794661459,0,0,False,57982058496,spread,[]
two_single_0,28,1,1,"[2, 0, 0, 0]",1,False,False,4943924806257743,4943924806341265,0,0,False,57982058496,spread,[]
two_pair_0_1,28,1,1,"[1, 1, 0, 0]",1,False,False,4943924818253509,4943924819892207,9437184,1.6024960279464722,False,57982058496,spread,[1348]
two_single_1,28,1,1,"[0, 2, 0, 0]",1,False,False,4943924830259500,4943924831879137,18874368,1.580896019935608,False,57982058496,spread,"[965, 1348]"
two_pair_1_2,28,1,1,"[0, 1, 1, 0]",1,False,False,4943924842279879,4943924843123814,9437184,0.8066239953041077,False,57982058496,spread,[965]
two_pair_1_3,28,1,1,"[0, 1, 0, 1]",1,False,False,4943924853465977,4943924854327904,9437184,0.8129280209541321,False,57982058496,spread,[965]
six_0,28,1,1,"[2, 2, 1, 1]",1,False,False,4943924864620702,4943924867729233,18874368,3.0571200847625732,False,57982058496,spread,"[2023, 2406]"
scale_4_group,28,1,1,"[1, 1, 1, 1]",1,False,False,4943924878113167,4943924879737581,9437184,1.5699199438095093,False,57982058496,spread,[1494]
two_pair_0_2,28,1,1,"[1, 0, 1, 0]",1,False,False,4943924890161275,4943924890230496,0,0,False,57982058496,spread,[]
six_3,28,1,1,"[1, 1, 2, 2]",1,False,False,4943924901767444,4943924903387873,9437184,1.5716160535812378,False,57982058496,spread,[1640]
six_2,28,1,1,"[2, 1, 2, 1]",1,False,False,4943924915280318,4943924916909128,9437184,1.5775359869003296,False,57982058496,spread,[2023]
six_1,28,1,1,"[1, 2, 1, 2]",1,False,False,4943924928015788,4943924930414620,18874368,2.3532800674438477,False,57982058496,spread,"[1640, 2023]"
two_pair_0_2,29,1,1,"[1, 0, 1, 0]",1,False,False,4943924940785201,4943924940853205,0,0,False,57982058496,spread,[]
scale_6_rank,29,1,1,"[2, 2, 1, 1]",1,False,False,4943924952000709,4943924955160885,18874368,3.1064960956573486,False,57982058496,spread,"[2234, 2617]"
scale_4_rank,29,1,1,"[1, 1, 1, 1]",1,False,False,4943924965538516,4943924967164052,9437184,1.5740159749984741,False,57982058496,spread,[1705]
concurrency_4_group,29,1,1,"[3, 4, 3, 4]",4,False,False,4943924977540007,4943924983095434,37748736,5.434016227722168,False,57982058496,spread,"[3201, 3584, 3967, 4350]"
concurrency_2_rank,29,1,1,"[4, 4, 3, 3]",2,False,False,4943924993442902,4943924999695612,37748736,6.177408218383789,False,57982058496,spread,"[3584, 3967, 4350, 4733]"
scale_62_rank,29,1,1,"[16, 16, 15, 15]",1,False,False,4943925010113727,4943925034809205,150994944,24.64569664001465,False,57982058496,spread,"[5540, 5923, 162, 545, 928, 1311, 1694, 2077, 2460, 2843, 3226, 3609, 3992, 4375, 4758, 5141]"
two_pair_0_1,29,1,1,"[1, 1, 0, 0]",1,False,False,4943925045218741,4943925046868129,9437184,1.593824028968811,False,57982058496,spread,[1559]
scale_14_rank,29,1,1,"[4, 4, 3, 3]",1,False,False,4943925057320947,4943925063592340,37748736,6.215936183929443,False,57982058496,spread,"[3584, 3967, 4350, 4733]"
two_pair_2_3,29,1,1,"[0, 0, 1, 1]",1,False,False,4943925073956279,4943925074031902,0,0,False,57982058496,spread,[]
scale_50_group,29,1,1,"[12, 13, 12, 13]",1,False,False,4943925085959443,4943925105345779,122683392,19.276735305786133,False,57982058496,spread,"[3132, 3515, 3898, 4281, 4664, 5047, 5430, 5813, 52, 435, 818, 1201, 1584]"
two_single_3,29,1,1,"[0, 0, 0, 2]",1,False,False,4943925116106426,4943925116219949,0,0,False,57982058496,spread,[]
six_0,29,1,1,"[2, 2, 1, 1]",1,False,False,4943925128079171,4943925131292384,18874368,3.1521921157836914,False,57982058496,spread,"[2234, 2617]"
scale_4_group,29,1,1,"[1, 1, 1, 1]",1,False,False,4943925141684554,4943925143321948,9437184,1.5823359489440918,False,57982058496,spread,[1705]
six_2,29,1,1,"[2, 1, 2, 1]",1,False,False,4943925153714416,4943925155050368,9437184,1.2709120512008667,False,57982058496,spread,[2234]
scale_8_group,29,1,1,"[2, 2, 2, 2]",1,False,False,4943925166721048,4943925169921530,18874368,3.137279987335205,False,57982058496,spread,"[2380, 2763]"
scale_6_group,29,1,1,"[1, 2, 1, 2]",1,False,False,4943925180287841,4943925182686140,18874368,2.348288059234619,False,57982058496,spread,"[1851, 2234]"
scale_8_rank,29,1,1,"[2, 2, 2, 2]",1,False,False,4943925193021311,4943925196158801,18874368,3.092031955718994,False,57982058496,spread,"[2380, 2763]"
two_single_1,29,1,1,"[0, 2, 0, 0]",1,False,False,4943925206655828,4943925208318662,18874368,1.6010559797286987,False,57982058496,spread,"[1176, 1559]"
scale_10_rank,29,1,1,"[3, 3, 2, 2]",1,False,False,4943925218622603,4943925223345545,28311552,4.66048002243042,False,57982058496,spread,"[2909, 3292, 3675]"
two_pair_1_3,29,1,1,"[0, 1, 0, 1]",1,False,False,4943925233815839,4943925234717218,9437184,0.8326719999313354,False,57982058496,spread,[1176]
two_single_2,29,1,1,"[0, 0, 2, 0]",1,False,False,4943925245041639,4943925245153826,0,0,False,57982058496,spread,[]
scale_14_group,29,1,1,"[3, 4, 3, 4]",1,False,False,4943925257181882,4943925262673843,37748736,5.431072235107422,False,57982058496,spread,"[3201, 3584, 3967, 4350]"
scale_50_rank,29,1,1,"[13, 13, 12, 12]",1,False,False,4943925272999156,4943925293098823,122683392,20.04627227783203,False,57982058496,spread,"[3515, 3898, 4281, 4664, 5047, 5430, 5813, 52, 435, 818, 1201, 1584, 1967]"
six_3,29,1,1,"[1, 1, 2, 2]",1,False,False,4943925303600435,4943925305247672,9437184,1.570688009262085,False,57982058496,spread,[1851]
scale_2_rank,29,1,1,"[1, 1, 0, 0]",1,False,False,4943925317179356,4943925318851641,9437184,1.5959359407424927,False,57982058496,spread,[1559]
two_pair_1_2,29,1,1,"[0, 1, 1, 0]",1,False,False,4943925329307140,4943925330187557,9437184,0.8243520259857178,False,57982058496,spread,[1176]
scale_2_group,29,1,1,"[0, 1, 0, 1]",1,False,False,4943925340556270,4943925341412786,9437184,0.8127040266990662,False,57982058496,spread,[1176]
six_1,29,1,1,"[1, 2, 1, 2]",1,False,False,4943925351694915,4943925354078717,18874368,2.34550404548645,False,57982058496,spread,"[1851, 2234]"
scale_10_group,29,1,1,"[2, 3, 2, 3]",1,False,False,4943925364417551,4943925368366648,28311552,3.8862719535827637,False,57982058496,spread,"[2526, 2909, 3292]"
concurrency_4_rank,29,1,1,"[4, 4, 3, 3]",4,False,False,4943925378778559,4943925385094639,37748736,6.119071960449219,False,57982058496,spread,"[3584, 3967, 4350, 4733]"
two_pair_0_3,29,1,1,"[1, 0, 0, 1]",1,False,False,4943925395567316,4943925396047534,0,0,False,57982058496,spread,[]
scale_62_group,29,1,1,"[15, 16, 15, 16]",1,False,False,4943925406738564,4943925430653832,150994944,23.86150360107422,False,57982058496,spread,"[5157, 5540, 5923, 162, 545, 928, 1311, 1694, 2077, 2460, 2843, 3226, 3609, 3992, 4375, 4758]"
two_single_0,29,1,1,"[2, 0, 0, 0]",1,False,False,4943925441024529,4943925441127936,0,0,False,57982058496,spread,[]
concurrency_2_group,29,1,1,"[3, 4, 3, 4]",2,False,False,4943925453135662,4943925458708291,37748736,5.457824230194092,False,57982058496,spread,"[3201, 3584, 3967, 4350]"
remote_2,-5,1,1,"[1, 1, 0, 0]",1,True,False,4943940398367588,4943940400156492,9437184,1.677567958831787,False,57982058496,spread,[529]
remote_3,-5,1,1,"[1, 0, 1, 0]",1,True,False,4943940410899176,4943940410975080,0,0,False,57982058496,spread,[]
remote_0,-5,1,1,"[2, 2, 1, 1]",1,True,False,4943940422809232,4943940426005263,18874368,3.1320960521698,False,57982058496,spread,"[1204, 1587]"
remote_1,-5,1,1,"[1, 2, 1, 2]",1,True,False,4943940436527977,4943940438922761,18874368,2.3486080169677734,False,57982058496,spread,"[821, 1204]"
remote_2,-4,1,1,"[1, 1, 0, 0]",1,True,False,4943940449472037,4943940451087378,9437184,1.5668480396270752,False,57982058496,spread,[740]
remote_1,-4,1,1,"[1, 2, 1, 2]",1,True,False,4943940461663846,4943940464054919,18874368,2.3465280532836914,False,57982058496,spread,"[1032, 1415]"
remote_3,-4,1,1,"[1, 0, 1, 0]",1,True,False,4943940474545113,4943940474612555,0,0,False,57982058496,spread,[]
remote_0,-4,1,1,"[2, 2, 1, 1]",1,True,False,4943940485977252,4943940489148472,18874368,3.10534405708313,False,57982058496,spread,"[1415, 1798]"
remote_1,-3,1,1,"[1, 2, 1, 2]",1,True,False,4943940499735193,4943940502127977,18874368,2.347424030303955,False,57982058496,spread,"[1243, 1626]"
remote_3,-3,1,1,"[1, 0, 1, 0]",1,True,False,4943940512676575,4943940513290545,0,0,False,57982058496,spread,[]
remote_2,-3,1,1,"[1, 1, 0, 0]",1,True,False,4943940524049613,4943940525712751,9437184,1.6114239692687988,False,57982058496,spread,[951]
remote_0,-3,1,1,"[2, 2, 1, 1]",1,True,False,4943940536383997,4943940539236401,18874368,2.8017919063568115,False,57982058496,spread,"[1626, 2009]"
remote_3,-2,1,1,"[1, 0, 1, 0]",1,True,False,4943940550416601,4943940550482126,0,0,False,57982058496,spread,[]
remote_1,-2,1,1,"[1, 2, 1, 2]",1,True,False,4943940561847214,4943940564256563,18874368,2.3447999954223633,False,57982058496,spread,"[1454, 1837]"
remote_2,-2,1,1,"[1, 1, 0, 0]",1,True,False,4943940574798055,4943940576428522,9437184,1.576032042503357,False,57982058496,spread,[1162]
remote_0,-2,1,1,"[2, 2, 1, 1]",1,True,False,4943940586855030,4943940589997332,18874368,3.095871925354004,False,57982058496,spread,"[1837, 2220]"
remote_3,-1,1,1,"[1, 0, 1, 0]",1,True,False,4943940600562288,4943940600642960,0,0,False,57982058496,spread,[]
remote_2,-1,1,1,"[1, 1, 0, 0]",1,True,False,4943940611964793,4943940613608017,9437184,1.576416015625,False,57982058496,spread,[1373]
remote_1,-1,1,1,"[1, 2, 1, 2]",1,True,False,4943940624225877,4943940626622117,18874368,2.353055953979492,False,57982058496,spread,"[1665, 2048]"
remote_0,-1,1,1,"[2, 2, 1, 1]",1,True,False,4943940637114716,4943940640258948,18874368,3.096287965774536,False,57982058496,spread,"[2048, 2431]"
remote_2,0,1,1,"[1, 1, 0, 0]",1,True,False,4943940650706541,4943940652312793,9437184,1.558624029159546,False,57982058496,spread,[1584]
remote_1,0,1,1,"[1, 2, 1, 2]",1,True,False,4943940662655893,4943940665040898,18874368,2.3460800647735596,False,57982058496,spread,"[1876, 2259]"
remote_3,0,1,1,"[1, 0, 1, 0]",1,True,False,4943940675482089,4943940675541122,0,0,False,57982058496,spread,[]
remote_0,0,1,1,"[2, 2, 1, 1]",1,True,False,4943940686674783,4943940689859148,18874368,2.9312639236450195,False,57982058496,spread,"[2259, 2642]"
remote_2,1,1,1,"[1, 1, 0, 0]",1,True,False,4943940700505930,4943940702113096,9437184,1.561087965965271,False,57982058496,spread,[1795]
remote_0,1,1,1,"[2, 2, 1, 1]",1,True,False,4943940712582216,4943940715710963,18874368,3.088128089904785,False,57982058496,spread,"[2470, 2853]"
remote_1,1,1,1,"[1, 2, 1, 2]",1,True,False,4943940726204922,4943940728587347,18874368,2.3447039127349854,False,57982058496,spread,"[2087, 2470]"
remote_3,1,1,1,"[1, 0, 1, 0]",1,True,False,4943940738918711,4943940738978725,0,0,False,57982058496,spread,[]
remote_3,2,1,1,"[1, 0, 1, 0]",1,True,False,4943940750238113,4943940750320673,0,0,False,57982058496,spread,[]
remote_2,2,1,1,"[1, 1, 0, 0]",1,True,False,4943940761439143,4943940763051457,9437184,1.5743680000305176,False,57982058496,spread,[2006]
remote_1,2,1,1,"[1, 2, 1, 2]",1,True,False,4943940773441525,4943940775824251,18874368,2.3433918952941895,False,57982058496,spread,"[2298, 2681]"
remote_0,2,1,1,"[2, 2, 1, 1]",1,True,False,4943940786226273,4943940789361668,18874368,3.0922560691833496,False,57982058496,spread,"[2681, 3064]"
remote_3,3,1,1,"[1, 0, 1, 0]",1,True,False,4943940799785903,4943940799843921,0,0,False,57982058496,spread,[]
remote_1,3,1,1,"[1, 2, 1, 2]",1,True,False,4943940810994826,4943940813375390,18874368,2.3447999954223633,False,57982058496,spread,"[2509, 2892]"
remote_0,3,1,1,"[2, 2, 1, 1]",1,True,False,4943940823782467,4943940826914570,18874368,3.0899839401245117,False,57982058496,spread,"[2892, 3275]"
remote_2,3,1,1,"[1, 1, 0, 0]",1,True,False,4943940837366311,4943940839257827,9437184,1.6208000183105469,False,57982058496,spread,[2217]
remote_0,4,1,1,"[2, 2, 1, 1]",1,True,False,4943940849866834,4943940853007345,18874368,3.0934720039367676,False,57982058496,spread,"[3103, 3486]"
remote_2,4,1,1,"[1, 1, 0, 0]",1,True,False,4943940863384689,4943940864993087,9437184,1.5660799741744995,False,57982058496,spread,[2428]
remote_3,4,1,1,"[1, 0, 1, 0]",1,True,False,4943940875357785,4943940875415553,0,0,False,57982058496,spread,[]
remote_1,4,1,1,"[1, 2, 1, 2]",1,True,False,4943940886575659,4943940888985665,18874368,2.3448638916015625,False,57982058496,spread,"[2720, 3103]"
remote_0,5,1,1,"[2, 2, 1, 1]",1,True,False,4943940899423372,4943940902562091,18874368,3.0938239097595215,False,57982058496,spread,"[3314, 3697]"
remote_3,5,1,1,"[1, 0, 1, 0]",1,True,False,4943940913019512,4943940913081150,0,0,False,57982058496,spread,[]
remote_1,5,1,1,"[1, 2, 1, 2]",1,True,False,4943940924236645,4943940926621836,18874368,2.3478400707244873,False,57982058496,spread,"[2931, 3314]"
remote_2,5,1,1,"[1, 1, 0, 0]",1,True,False,4943940936992870,4943940938599546,9437184,1.561087965965271,False,57982058496,spread,[2639]
remote_2,6,1,1,"[1, 1, 0, 0]",1,True,False,4943940948957567,4943940950548336,9437184,1.5458879470825195,False,57982058496,spread,[2850]
remote_3,6,1,1,"[1, 0, 1, 0]",1,True,False,4943940960848896,4943940960907629,0,0,False,57982058496,spread,[]
remote_1,6,1,1,"[1, 2, 1, 2]",1,True,False,4943940972036581,4943940974418720,18874368,2.345952033996582,False,57982058496,spread,"[3142, 3525]"
remote_0,6,1,1,"[2, 2, 1, 1]",1,True,False,4943940984806304,4943940987988103,18874368,2.894848108291626,False,57982058496,spread,"[3525, 3908]"
remote_3,7,1,1,"[1, 0, 1, 0]",1,True,False,4943940998527752,4943940998603359,0,0,False,57982058496,spread,[]
remote_0,7,1,1,"[2, 2, 1, 1]",1,True,False,4943941010248926,4943941013435799,18874368,3.1024320125579834,False,57982058496,spread,"[3736, 4119]"
remote_1,7,1,1,"[1, 2, 1, 2]",1,True,False,4943941023918538,4943941026315971,18874368,2.351840019226074,False,57982058496,spread,"[3353, 3736]"
remote_2,7,1,1,"[1, 1, 0, 0]",1,True,False,4943941036733210,4943941038360509,9437184,1.5749119520187378,False,57982058496,spread,[3061]
remote_1,8,1,1,"[1, 2, 1, 2]",1,True,False,4943941048837215,4943941051222002,18874368,2.3460800647735596,False,57982058496,spread,"[3564, 3947]"
remote_3,8,1,1,"[1, 0, 1, 0]",1,True,False,4943941061603914,4943941061661892,0,0,False,57982058496,spread,[]
remote_2,8,1,1,"[1, 1, 0, 0]",1,True,False,4943941072802904,4943941074414699,9437184,1.5682239532470703,False,57982058496,spread,[3272]
remote_0,8,1,1,"[2, 2, 1, 1]",1,True,False,4943941084870520,4943941088039446,18874368,3.111936092376709,False,57982058496,spread,"[3947, 4330]"
remote_0,9,1,1,"[2, 2, 1, 1]",1,True,False,4943941098425689,4943941101575074,18874368,3.100735902786255,False,57982058496,spread,"[4158, 4541]"
remote_3,9,1,1,"[1, 0, 1, 0]",1,True,False,4943941111959883,4943941112050961,0,0,False,57982058496,spread,[]
remote_2,9,1,1,"[1, 1, 0, 0]",1,True,False,4943941123220643,4943941124837458,9437184,1.5760960578918457,False,57982058496,spread,[3483]
remote_1,9,1,1,"[1, 2, 1, 2]",1,True,False,4943941135119743,4943941137502948,18874368,2.3440959453582764,False,57982058496,spread,"[3775, 4158]"
remote_2,10,1,1,"[1, 1, 0, 0]",1,True,False,4943941147886658,4943941149809994,9437184,1.6332800388336182,False,57982058496,spread,[3694]
remote_3,10,1,1,"[1, 0, 1, 0]",1,True,False,4943941160504262,4943941160568586,0,0,False,57982058496,spread,[]
remote_0,10,1,1,"[2, 2, 1, 1]",1,True,False,4943941172210129,4943941175393092,18874368,3.1195199489593506,False,57982058496,spread,"[4369, 4752]"
remote_1,10,1,1,"[1, 2, 1, 2]",1,True,False,4943941185804511,4943941188188637,18874368,2.3434560298919678,False,57982058496,spread,"[3986, 4369]"
remote_0,11,1,1,"[2, 2, 1, 1]",1,True,False,4943941198577107,4943941201726176,18874368,3.1025919914245605,False,57982058496,spread,"[4580, 4963]"
remote_3,11,1,1,"[1, 0, 1, 0]",1,True,False,4943941212134603,4943941212196536,0,0,False,57982058496,spread,[]
remote_1,11,1,1,"[1, 2, 1, 2]",1,True,False,4943941223414399,4943941225800292,18874368,2.34883189201355,False,57982058496,spread,"[4197, 4580]"
remote_2,11,1,1,"[1, 1, 0, 0]",1,True,False,4943941236205301,4943941237817059,9437184,1.564128041267395,False,57982058496,spread,[3905]
remote_0,12,1,1,"[2, 2, 1, 1]",1,True,False,4943941248260085,4943941251407240,18874368,3.099839925765991,False,57982058496,spread,"[4791, 5174]"
remote_2,12,1,1,"[1, 1, 0, 0]",1,True,False,4943941261886138,4943941263484405,9437184,1.5554879903793335,False,57982058496,spread,[4116]
remote_3,12,1,1,"[1, 0, 1, 0]",1,True,False,4943941273972321,4943941274029307,0,0,False,57982058496,spread,[]
remote_1,12,1,1,"[1, 2, 1, 2]",1,True,False,4943941285199053,4943941287606819,18874368,2.3473598957061768,False,57982058496,spread,"[4408, 4791]"
remote_0,13,1,1,"[2, 2, 1, 1]",1,True,False,4943941297964824,4943941301441492,18874368,3.199104070663452,False,57982058496,spread,"[5002, 5385]"
remote_2,13,1,1,"[1, 1, 0, 0]",1,True,False,4943941312156712,4943941313763997,9437184,1.5601600408554077,False,57982058496,spread,[4327]
remote_1,13,1,1,"[1, 2, 1, 2]",1,True,False,4943941324215993,4943941326599144,18874368,2.3435521125793457,False,57982058496,spread,"[4619, 5002]"
remote_3,13,1,1,"[1, 0, 1, 0]",1,True,False,4943941337029077,4943941337087582,0,0,False,57982058496,spread,[]
remote_3,14,1,1,"[1, 0, 1, 0]",1,True,False,4943941348246196,4943941348301867,0,0,False,57982058496,spread,[]
remote_0,14,1,1,"[2, 2, 1, 1]",1,True,False,4943941359400493,4943941362536610,18874368,3.094655990600586,False,57982058496,spread,"[5213, 5596]"
remote_1,14,1,1,"[1, 2, 1, 2]",1,True,False,4943941372953084,4943941375334468,18874368,2.343616008758545,False,57982058496,spread,"[4830, 5213]"
remote_2,14,1,1,"[1, 1, 0, 0]",1,True,False,4943941385873698,4943941387472788,9437184,1.5568959712982178,False,57982058496,spread,[4538]
remote_1,15,1,1,"[1, 2, 1, 2]",1,True,False,4943941397913689,4943941400297026,18874368,2.345439910888672,False,57982058496,spread,"[5041, 5424]"
remote_2,15,1,1,"[1, 1, 0, 0]",1,True,False,4943941410674133,4943941412267166,9437184,1.5513279438018799,False,57982058496,spread,[4749]
remote_3,15,1,1,"[1, 0, 1, 0]",1,True,False,4943941422606985,4943941422680796,0,0,False,57982058496,spread,[]
remote_0,15,1,1,"[2, 2, 1, 1]",1,True,False,4943941433812258,4943941436960166,18874368,3.1058878898620605,False,57982058496,spread,"[5424, 5807]"
remote_2,16,1,1,"[1, 1, 0, 0]",1,True,False,4943941447353357,4943941448988079,9437184,1.552672028541565,False,57982058496,spread,[4960]
remote_0,16,1,1,"[2, 2, 1, 1]",1,True,False,4943941459814430,4943941463033528,18874368,3.1419200897216797,False,57982058496,spread,"[5635, 6018]"
remote_3,16,1,1,"[1, 0, 1, 0]",1,True,False,4943941473446417,4943941473506239,0,0,False,57982058496,spread,[]
remote_1,16,1,1,"[1, 2, 1, 2]",1,True,False,4943941484666400,4943941487080112,18874368,2.3379199504852295,False,57982058496,spread,"[5252, 5635]"
remote_2,17,1,1,"[1, 1, 0, 0]",1,True,False,4943941497450553,4943941499062981,9437184,1.5626879930496216,False,57982058496,spread,[5171]
remote_3,17,1,1,"[1, 0, 1, 0]",1,True,False,4943941509513903,4943941509574320,0,0,False,57982058496,spread,[]
remote_1,17,1,1,"[1, 2, 1, 2]",1,True,False,4943941520708303,4943941523115155,18874368,2.3495678901672363,False,57982058496,spread,"[5463, 5846]"
remote_0,17,1,1,"[2, 2, 1, 1]",1,True,False,4943941533456615,4943941536605073,18874368,3.1042559146881104,False,57982058496,spread,"[5846, 85]"
remote_1,18,1,1,"[1, 2, 1, 2]",1,True,False,4943941546916230,4943941549299083,18874368,2.343712091445923,False,57982058496,spread,"[5674, 6057]"
remote_2,18,1,1,"[1, 1, 0, 0]",1,True,False,4943941559664767,4943941561268113,9437184,1.558527946472168,False,57982058496,spread,[5382]
remote_3,18,1,1,"[1, 0, 1, 0]",1,True,False,4943941571736997,4943941571796180,0,0,False,57982058496,spread,[]
remote_0,18,1,1,"[2, 2, 1, 1]",1,True,False,4943941583110763,4943941586114724,18874368,2.934623956680298,False,57982058496,spread,"[6057, 296]"
remote_0,19,1,1,"[2, 2, 1, 1]",1,True,False,4943941596660724,4943941599795949,18874368,3.0904319286346436,False,57982058496,spread,"[124, 507]"
remote_2,19,1,1,"[1, 1, 0, 0]",1,True,False,4943941610232879,4943941612178949,9437184,1.6654399633407593,False,57982058496,spread,[5593]
remote_1,19,1,1,"[1, 2, 1, 2]",1,True,False,4943941622839532,4943941625230693,18874368,2.346656084060669,False,57982058496,spread,"[5885, 124]"
remote_3,19,1,1,"[1, 0, 1, 0]",1,True,False,4943941635612670,4943941635673212,0,0,False,57982058496,spread,[]
remote_3,20,1,1,"[1, 0, 1, 0]",1,True,False,4943941646870026,4943941646947642,0,0,False,57982058496,spread,[]
remote_1,20,1,1,"[1, 2, 1, 2]",1,True,False,4943941658605247,4943941660998052,18874368,2.3526721000671387,False,57982058496,spread,"[6096, 335]"
remote_2,20,1,1,"[1, 1, 0, 0]",1,True,False,4943941671346711,4943941672954756,9437184,1.5642880201339722,False,57982058496,spread,[5804]
remote_0,20,1,1,"[2, 2, 1, 1]",1,True,False,4943941683414436,4943941686550795,18874368,3.0950400829315186,False,57982058496,spread,"[335, 718]"
remote_2,21,1,1,"[1, 1, 0, 0]",1,True,False,4943941697019107,4943941698632263,9437184,1.5674560070037842,False,57982058496,spread,[6015]
remote_1,21,1,1,"[1, 2, 1, 2]",1,True,False,4943941709115031,4943941711495487,18874368,2.343424081802368,False,57982058496,spread,"[163, 546]"
remote_0,21,1,1,"[2, 2, 1, 1]",1,True,False,4943941722175988,4943941725322024,18874368,3.0999999046325684,False,57982058496,spread,"[546, 929]"
remote_3,21,1,1,"[1, 0, 1, 0]",1,True,False,4943941735794355,4943941735859702,0,0,False,57982058496,spread,[]
remote_0,22,1,1,"[2, 2, 1, 1]",1,True,False,4943941747089923,4943941750257500,18874368,3.1039679050445557,False,57982058496,spread,"[757, 1140]"
remote_2,22,1,1,"[1, 1, 0, 0]",1,True,False,4943941760726143,4943941762659410,9437184,1.65830397605896,False,57982058496,spread,[82]
remote_1,22,1,1,"[1, 2, 1, 2]",1,True,False,4943941773386885,4943941775776744,18874368,2.3471999168395996,False,57982058496,spread,"[374, 757]"
remote_3,22,1,1,"[1, 0, 1, 0]",1,True,False,4943941786209920,4943941786270920,0,0,False,57982058496,spread,[]
remote_1,23,1,1,"[1, 2, 1, 2]",1,True,False,4943941797487108,4943941799916632,18874368,2.360095977783203,False,57982058496,spread,"[585, 968]"
remote_3,23,1,1,"[1, 0, 1, 0]",1,True,False,4943941819494379,4943941834182893,0,0,False,57982058496,spread,[]
remote_0,23,1,1,"[2, 2, 1, 1]",1,True,False,4943941866019402,4943941873683120,18874368,1.6031359434127808,False,57982058496,spread,"[968, 1351]"
remote_2,23,1,1,"[1, 1, 0, 0]",1,True,False,4943941893506960,4943941895160174,9437184,1.5747840404510498,False,57982058496,spread,[293]
remote_0,24,1,1,"[2, 2, 1, 1]",1,True,False,4943941905444793,4943941908603015,18874368,3.113568067550659,False,57982058496,spread,"[1179, 1562]"
remote_1,24,1,1,"[1, 2, 1, 2]",1,True,False,4943941918853374,4943941921258043,18874368,2.3518080711364746,False,57982058496,spread,"[796, 1179]"
remote_3,24,1,1,"[1, 0, 1, 0]",1,True,False,4943941931602149,4943941931662845,0,0,False,57982058496,spread,[]
remote_2,24,1,1,"[1, 1, 0, 0]",1,True,False,4943941942814107,4943941944426166,9437184,1.5663679838180542,False,57982058496,spread,[504]
remote_2,25,1,1,"[1, 1, 0, 0]",1,True,False,4943941954792330,4943941956427692,9437184,1.5737600326538086,False,57982058496,spread,[715]
remote_3,25,1,1,"[1, 0, 1, 0]",1,True,False,4943941966762792,4943941966826146,0,0,False,57982058496,spread,[]
remote_0,25,1,1,"[2, 2, 1, 1]",1,True,False,4943941977989290,4943941981133861,18874368,3.1026880741119385,False,57982058496,spread,"[1390, 1773]"
remote_1,25,1,1,"[1, 2, 1, 2]",1,True,False,4943941991526091,4943941993957526,18874368,2.3442559242248535,False,57982058496,spread,"[1007, 1390]"
remote_3,26,1,1,"[1, 0, 1, 0]",1,True,False,4943942004702966,4943942004809563,0,0,False,57982058496,spread,[]
remote_0,26,1,1,"[2, 2, 1, 1]",1,True,False,4943942016013960,4943942019229731,18874368,3.143296003341675,False,57982058496,spread,"[1601, 1984]"
remote_1,26,1,1,"[1, 2, 1, 2]",1,True,False,4943942029666582,4943942032060610,18874368,2.348543882369995,False,57982058496,spread,"[1218, 1601]"
remote_2,26,1,1,"[1, 1, 0, 0]",1,True,False,4943942042445869,4943942044049166,9437184,1.55840003490448,False,57982058496,spread,[926]
remote_0,27,1,1,"[2, 2, 1, 1]",1,True,False,4943942054420540,4943942057587673,18874368,3.119839906692505,False,57982058496,spread,"[1812, 2195]"
remote_3,27,1,1,"[1, 0, 1, 0]",1,True,False,4943942067998746,4943942068062457,0,0,False,57982058496,spread,[]
remote_2,27,1,1,"[1, 1, 0, 0]",1,True,False,4943942079217121,4943942080823080,9437184,1.564479947090149,False,57982058496,spread,[1137]
remote_1,27,1,1,"[1, 2, 1, 2]",1,True,False,4943942091160335,4943942093539277,18874368,2.342303991317749,False,57982058496,spread,"[1429, 1812]"
remote_0,28,1,1,"[2, 2, 1, 1]",1,True,False,4943942103943759,4943942107090175,18874368,3.0995519161224365,False,57982058496,spread,"[2023, 2406]"
remote_2,28,1,1,"[1, 1, 0, 0]",1,True,False,4943942117564325,4943942119160988,9437184,1.5551680326461792,False,57982058496,spread,[1348]
remote_3,28,1,1,"[1, 0, 1, 0]",1,True,False,4943942129542441,4943942129597988,0,0,False,57982058496,spread,[]
remote_1,28,1,1,"[1, 2, 1, 2]",1,True,False,4943942140740449,4943942143129569,18874368,2.35481595993042,False,57982058496,spread,"[1640, 2023]"
remote_3,29,1,1,"[1, 0, 1, 0]",1,True,False,4943942153542177,4943942153880296,0,0,False,57982058496,spread,[]
remote_2,29,1,1,"[1, 1, 0, 0]",1,True,False,4943942165270814,4943942166904577,9437184,1.5841599702835083,False,57982058496,spread,[1559]
remote_1,29,1,1,"[1, 2, 1, 2]",1,True,False,4943942177264028,4943942179646375,18874368,2.3440001010894775,False,57982058496,spread,"[1851, 2234]"
remote_0,29,1,1,"[2, 2, 1, 1]",1,True,False,4943942190086357,4943942193238219,18874368,3.102816104888916,False,57982058496,spread,"[2234, 2617]"
overlap_1,-5,1,1,"[1, 2, 1, 2]",1,False,True,4943963694146859,4943963912575086,18874368,4.6648640632629395,True,57982058496,spread,"[821, 1204]"
overlap_0,-5,1,1,"[2, 2, 1, 1]",1,False,True,4943963924290009,4943963929079131,18874368,4.5101118087768555,True,57982058496,spread,"[1204, 1587]"
overlap_2,-5,1,1,"[2, 1, 2, 1]",1,False,True,4943963939963778,4943963942900664,9437184,2.7436161041259766,True,57982058496,spread,[1204]
overlap_0,-4,1,1,"[2, 2, 1, 1]",1,False,True,4943963954523876,4943963959194753,18874368,4.505472183227539,True,57982058496,spread,"[1415, 1798]"
overlap_1,-4,1,1,"[1, 2, 1, 2]",1,False,True,4943963969826031,4943963974005016,18874368,3.830656051635742,True,57982058496,spread,"[1032, 1415]"
overlap_2,-4,1,1,"[2, 1, 2, 1]",1,False,True,4943963984514800,4943963987356005,9437184,2.6452159881591797,True,57982058496,spread,[1415]
overlap_2,-3,1,1,"[2, 1, 2, 1]",1,False,True,4943963999179191,4943964002067548,9437184,2.6591999530792236,True,57982058496,spread,[1626]
overlap_1,-3,1,1,"[1, 2, 1, 2]",1,False,True,4943964013702705,4943964017635533,18874368,3.780128002166748,True,57982058496,spread,"[1243, 1626]"
overlap_0,-3,1,1,"[2, 2, 1, 1]",1,False,True,4943964028358234,4943964033111838,18874368,4.3994879722595215,True,57982058496,spread,"[1626, 2009]"
overlap_2,-2,1,1,"[2, 1, 2, 1]",1,False,True,4943964043844419,4943964046644890,9437184,2.6309759616851807,True,57982058496,spread,[1837]
overlap_0,-2,1,1,"[2, 2, 1, 1]",1,False,True,4943964059217475,4943964063940384,18874368,4.573472023010254,True,57982058496,spread,"[1837, 2220]"
overlap_1,-2,1,1,"[1, 2, 1, 2]",1,False,True,4943964074530835,4943964078438207,18874368,3.7813758850097656,True,57982058496,spread,"[1454, 1837]"
overlap_1,-1,1,1,"[1, 2, 1, 2]",1,False,True,4943964089018183,4943964092936067,18874368,3.7844479084014893,True,57982058496,spread,"[1665, 2048]"
overlap_2,-1,1,1,"[2, 1, 2, 1]",1,False,True,4943964103486661,4943964106310475,9437184,2.6615359783172607,True,57982058496,spread,[2048]
overlap_0,-1,1,1,"[2, 2, 1, 1]",1,False,True,4943964117957751,4943964122638594,18874368,4.549920082092285,True,57982058496,spread,"[2048, 2431]"
overlap_0,0,1,1,"[2, 2, 1, 1]",1,False,True,4943964133445095,4943964138156900,18874368,4.55244779586792,True,57982058496,spread,"[2259, 2642]"
overlap_2,0,1,1,"[2, 1, 2, 1]",1,False,True,4943964148569951,4943964151408877,9437184,2.6779520511627197,True,57982058496,spread,[2259]
overlap_1,0,1,1,"[1, 2, 1, 2]",1,False,True,4943964162883982,4943964166789514,18874368,3.7712318897247314,True,57982058496,spread,"[1876, 2259]"
overlap_2,1,1,1,"[2, 1, 2, 1]",1,False,True,4943964177486377,4943964180743204,9437184,2.659327983856201,True,57982058496,spread,[2470]
overlap_1,1,1,1,"[1, 2, 1, 2]",1,False,True,4943964191680170,4943964195632822,18874368,3.7362239360809326,True,57982058496,spread,"[2087, 2470]"
overlap_0,1,1,1,"[2, 2, 1, 1]",1,False,True,4943964206016261,4943964210672814,18874368,4.52016019821167,True,57982058496,spread,"[2470, 2853]"
overlap_0,2,1,1,"[2, 2, 1, 1]",1,False,True,4943964221028439,4943964225664859,18874368,4.505568027496338,True,57982058496,spread,"[2681, 3064]"
overlap_2,2,1,1,"[2, 1, 2, 1]",1,False,True,4943964236036517,4943964238920192,9437184,2.720736026763916,True,57982058496,spread,[2681]
overlap_1,2,1,1,"[1, 2, 1, 2]",1,False,True,4943964250248657,4943964254159996,18874368,3.770656108856201,True,57982058496,spread,"[2298, 2681]"
overlap_1,3,1,1,"[1, 2, 1, 2]",1,False,True,4943964264510392,4943964268419253,18874368,3.7841920852661133,True,57982058496,spread,"[2509, 2892]"
overlap_2,3,1,1,"[2, 1, 2, 1]",1,False,True,4943964278723580,4943964281571519,9437184,2.6867520809173584,True,57982058496,spread,[2892]
overlap_0,3,1,1,"[2, 2, 1, 1]",1,False,True,4943964293147946,4943964297823274,18874368,4.527584075927734,True,57982058496,spread,"[2892, 3275]"
overlap_0,4,1,1,"[2, 2, 1, 1]",1,False,True,4943964308145385,4943964312831963,18874368,4.551328182220459,True,57982058496,spread,"[3103, 3486]"
overlap_1,4,1,1,"[1, 2, 1, 2]",1,False,True,4943964323164303,4943964327082075,18874368,3.7832961082458496,True,57982058496,spread,"[2720, 3103]"
overlap_2,4,1,1,"[2, 1, 2, 1]",1,False,True,4943964337720299,4943964340867863,9437184,2.768512010574341,True,57982058496,spread,[3103]
overlap_1,5,1,1,"[1, 2, 1, 2]",1,False,True,4943964351997533,4943964355925754,18874368,3.7985920906066895,True,57982058496,spread,"[2931, 3314]"
overlap_2,5,1,1,"[2, 1, 2, 1]",1,False,True,4943964366248821,4943964369086880,9437184,2.671231985092163,True,57982058496,spread,[3314]
overlap_0,5,1,1,"[2, 2, 1, 1]",1,False,True,4943964380555936,4943964385239042,18874368,4.529151916503906,True,57982058496,spread,"[3314, 3697]"
overlap_2,6,1,1,"[2, 1, 2, 1]",1,False,True,4943964395643009,4943964398397174,9437184,2.6010239124298096,True,57982058496,spread,[3525]
overlap_0,6,1,1,"[2, 2, 1, 1]",1,False,True,4943964409994727,4943964414666563,18874368,4.549568176269531,True,57982058496,spread,"[3525, 3908]"
overlap_1,6,1,1,"[1, 2, 1, 2]",1,False,True,4943964425108360,4943964429046313,18874368,3.8248000144958496,True,57982058496,spread,"[3142, 3525]"
overlap_0,7,1,1,"[2, 2, 1, 1]",1,False,True,4943964439386419,4943964444041911,18874368,4.534783840179443,True,57982058496,spread,"[3736, 4119]"
overlap_2,7,1,1,"[2, 1, 2, 1]",1,False,True,4943964454384506,4943964457304442,9437184,2.7692160606384277,True,57982058496,spread,[3736]
overlap_1,7,1,1,"[1, 2, 1, 2]",1,False,True,4943964468659384,4943964472566537,18874368,3.787328004837036,True,57982058496,spread,"[3353, 3736]"
overlap_0,8,1,1,"[2, 2, 1, 1]",1,False,True,4943964482919512,4943964487604489,18874368,4.535520076751709,True,57982058496,spread,"[3947, 4330]"
overlap_2,8,1,1,"[2, 1, 2, 1]",1,False,True,4943964498177151,4943964501145890,9437184,2.7826879024505615,True,57982058496,spread,[3947]
overlap_1,8,1,1,"[1, 2, 1, 2]",1,False,True,4943964512443069,4943964516349727,18874368,3.7811200618743896,True,57982058496,spread,"[3564, 3947]"
overlap_0,9,1,1,"[2, 2, 1, 1]",1,False,True,4943964526706809,4943964531353987,18874368,4.520927906036377,True,57982058496,spread,"[4158, 4541]"
overlap_2,9,1,1,"[2, 1, 2, 1]",1,False,True,4943964541794921,4943964544640703,9437184,2.7018558979034424,True,57982058496,spread,[4158]
overlap_1,9,1,1,"[1, 2, 1, 2]",1,False,True,4943964556057630,4943964559950078,18874368,3.787264108657837,True,57982058496,spread,"[3775, 4158]"
overlap_2,10,1,1,"[2, 1, 2, 1]",1,False,True,4943964570309230,4943964573125664,9437184,2.6780800819396973,True,57982058496,spread,[4369]
overlap_0,10,1,1,"[2, 2, 1, 1]",1,False,True,4943964584582427,4943964589121191,18874368,4.430848121643066,True,57982058496,spread,"[4369, 4752]"
overlap_1,10,1,1,"[1, 2, 1, 2]",1,False,True,4943964599651922,4943964603548296,18874368,3.7897279262542725,True,57982058496,spread,"[3986, 4369]"
overlap_0,11,1,1,"[2, 2, 1, 1]",1,False,True,4943964613917895,4943964618590118,18874368,4.547616004943848,True,57982058496,spread,"[4580, 4963]"
overlap_1,11,1,1,"[1, 2, 1, 2]",1,False,True,4943964628942823,4943964632862231,18874368,3.7636799812316895,True,57982058496,spread,"[4197, 4580]"
overlap_2,11,1,1,"[2, 1, 2, 1]",1,False,True,4943964643226582,4943964646358754,9437184,2.7753279209136963,True,57982058496,spread,[4580]
overlap_0,12,1,1,"[2, 2, 1, 1]",1,False,True,4943964657577363,4943964662236743,18874368,4.509759902954102,True,57982058496,spread,"[4791, 5174]"
overlap_1,12,1,1,"[1, 2, 1, 2]",1,False,True,4943964672632964,4943964676537785,18874368,3.7799999713897705,True,57982058496,spread,"[4408, 4791]"
overlap_2,12,1,1,"[2, 1, 2, 1]",1,False,True,4943964686912987,4943964689771501,9437184,2.6328001022338867,True,57982058496,spread,[4791]
overlap_2,13,1,1,"[2, 1, 2, 1]",1,False,True,4943964701344899,4943964704201576,9437184,2.6964800357818604,True,57982058496,spread,[5002]
overlap_0,13,1,1,"[2, 2, 1, 1]",1,False,True,4943964715674590,4943964720329584,18874368,4.510560035705566,True,57982058496,spread,"[5002, 5385]"
overlap_1,13,1,1,"[1, 2, 1, 2]",1,False,True,4943964730679597,4943964734631786,18874368,3.8287360668182373,True,57982058496,spread,"[4619, 5002]"
overlap_0,14,1,1,"[2, 2, 1, 1]",1,False,True,4943964744992577,4943964749656509,18874368,4.518432140350342,True,57982058496,spread,"[5213, 5596]"
overlap_1,14,1,1,"[1, 2, 1, 2]",1,False,True,4943964760037294,4943964763965437,18874368,3.7868800163269043,True,57982058496,spread,"[4830, 5213]"
overlap_2,14,1,1,"[2, 1, 2, 1]",1,False,True,4943964774302747,4943964777145808,9437184,2.6922879219055176,True,57982058496,spread,[5213]
overlap_2,15,1,1,"[2, 1, 2, 1]",1,False,True,4943964788600779,4943964791885503,9437184,2.8078720569610596,True,57982058496,spread,[5424]
overlap_0,15,1,1,"[2, 2, 1, 1]",1,False,True,4943964802849309,4943964807537248,18874368,4.567296028137207,True,57982058496,spread,"[5424, 5807]"
overlap_1,15,1,1,"[1, 2, 1, 2]",1,False,True,4943964817927183,4943964821811777,18874368,3.7688961029052734,True,57982058496,spread,"[5041, 5424]"
overlap_2,16,1,1,"[2, 1, 2, 1]",1,False,True,4943964832232156,4943964834995178,9437184,2.6324799060821533,True,57982058496,spread,[5635]
overlap_1,16,1,1,"[1, 2, 1, 2]",1,False,True,4943964846508632,4943964850412808,18874368,3.7788798809051514,True,57982058496,spread,"[5252, 5635]"
overlap_0,16,1,1,"[2, 2, 1, 1]",1,False,True,4943964860750297,4943964865398986,18874368,4.527071952819824,True,57982058496,spread,"[5635, 6018]"
overlap_2,17,1,1,"[2, 1, 2, 1]",1,False,True,4943964875840667,4943964878615002,9437184,2.637376070022583,True,57982058496,spread,[5846]
overlap_0,17,1,1,"[2, 2, 1, 1]",1,False,True,4943964890203938,4943964894789395,18874368,4.474143981933594,True,57982058496,spread,"[5846, 85]"
overlap_1,17,1,1,"[1, 2, 1, 2]",1,False,True,4943964905392295,4943964909301543,18874368,3.797919988632202,True,57982058496,spread,"[5463, 5846]"
overlap_2,18,1,1,"[2, 1, 2, 1]",1,False,True,4943964919705251,4943964922559726,9437184,2.7161600589752197,True,57982058496,spread,[6057]
overlap_1,18,1,1,"[1, 2, 1, 2]",1,False,True,4943964933958731,4943964937847656,18874368,3.7689919471740723,True,57982058496,spread,"[5674, 6057]"
overlap_0,18,1,1,"[2, 2, 1, 1]",1,False,True,4943964948169462,4943964952888148,18874368,4.424032211303711,True,57982058496,spread,"[6057, 296]"
overlap_2,19,1,1,"[2, 1, 2, 1]",1,False,True,4943964963321257,4943964966130978,9437184,2.6648640632629395,True,57982058496,spread,[124]
overlap_0,19,1,1,"[2, 2, 1, 1]",1,False,True,4943964977573407,4943964982222013,18874368,4.51964807510376,True,57982058496,spread,"[124, 507]"
overlap_1,19,1,1,"[1, 2, 1, 2]",1,False,True,4943964992600995,4943964996499631,18874368,3.7880001068115234,True,57982058496,spread,"[5885, 124]"
overlap_2,20,1,1,"[2, 1, 2, 1]",1,False,True,4943965006846691,4943965009630680,9437184,2.627135992050171,True,57982058496,spread,[335]
overlap_1,20,1,1,"[1, 2, 1, 2]",1,False,True,4943965021223129,4943965025150376,18874368,3.7470080852508545,True,57982058496,spread,"[6096, 335]"
overlap_0,20,1,1,"[2, 2, 1, 1]",1,False,True,4943965035519808,4943965040162870,18874368,4.496895790100098,True,57982058496,spread,"[335, 718]"
overlap_1,21,1,1,"[1, 2, 1, 2]",1,False,True,4943965050589665,4943965054505186,18874368,3.780927896499634,True,57982058496,spread,"[163, 546]"
overlap_0,21,1,1,"[2, 2, 1, 1]",1,False,True,4943965064850853,4943965069520421,18874368,4.55398416519165,True,57982058496,spread,"[546, 929]"
overlap_2,21,1,1,"[2, 1, 2, 1]",1,False,True,4943965079829321,4943965082656725,9437184,2.7061119079589844,True,57982058496,spread,[546]
overlap_2,22,1,1,"[2, 1, 2, 1]",1,False,True,4943965094213526,4943965097019644,9437184,2.6309759616851807,True,57982058496,spread,[757]
overlap_1,22,1,1,"[1, 2, 1, 2]",1,False,True,4943965108491681,4943965112410943,18874368,3.7507519721984863,True,57982058496,spread,"[374, 757]"
overlap_0,22,1,1,"[2, 2, 1, 1]",1,False,True,4943965122747114,4943965127361341,18874368,4.486656188964844,True,57982058496,spread,"[757, 1140]"
overlap_0,23,1,1,"[2, 2, 1, 1]",1,False,True,4943965137832260,4943965142436015,18874368,4.49180793762207,True,57982058496,spread,"[968, 1351]"
overlap_1,23,1,1,"[1, 2, 1, 2]",1,False,True,4943965152890917,4943965156779161,18874368,3.76963210105896,True,57982058496,spread,"[585, 968]"
overlap_2,23,1,1,"[2, 1, 2, 1]",1,False,True,4943965167144130,4943965169877563,9437184,2.59769606590271,True,57982058496,spread,[968]
overlap_0,24,1,1,"[2, 2, 1, 1]",1,False,True,4943965181600357,4943965186298909,18874368,4.542975902557373,True,57982058496,spread,"[1179, 1562]"
overlap_1,24,1,1,"[1, 2, 1, 2]",1,False,True,4943965196928297,4943965200854880,18874368,3.8077759742736816,True,57982058496,spread,"[796, 1179]"
overlap_2,24,1,1,"[2, 1, 2, 1]",1,False,True,4943965211196661,4943965214017765,9437184,2.694495916366577,True,57982058496,spread,[1179]
overlap_0,25,1,1,"[2, 2, 1, 1]",1,False,True,4943965225509231,4943965230156622,18874368,4.526432037353516,True,57982058496,spread,"[1390, 1773]"
overlap_2,25,1,1,"[2, 1, 2, 1]",1,False,True,4943965240528313,4943965243324132,9437184,2.6619200706481934,True,57982058496,spread,[1390]
overlap_1,25,1,1,"[1, 2, 1, 2]",1,False,True,4943965254747802,4943965258719301,18874368,3.6116480827331543,True,57982058496,spread,"[1007, 1390]"
overlap_2,26,1,1,"[2, 1, 2, 1]",1,False,True,4943965269218390,4943965271938975,9437184,2.5797760486602783,True,57982058496,spread,[1601]
overlap_1,26,1,1,"[1, 2, 1, 2]",1,False,True,4943965283504536,4943965287428929,18874368,3.8075199127197266,True,57982058496,spread,"[1218, 1601]"
overlap_0,26,1,1,"[2, 2, 1, 1]",1,False,True,4943965297960248,4943965302629080,18874368,4.553599834442139,True,57982058496,spread,"[1601, 1984]"
overlap_2,27,1,1,"[2, 1, 2, 1]",1,False,True,4943965313017839,4943965315856794,9437184,2.687391996383667,True,57982058496,spread,[1812]
overlap_0,27,1,1,"[2, 2, 1, 1]",1,False,True,4943965327468932,4943965332159429,18874368,4.550111770629883,True,57982058496,spread,"[1812, 2195]"
overlap_1,27,1,1,"[1, 2, 1, 2]",1,False,True,4943965342465642,4943965346395283,18874368,3.820768117904663,True,57982058496,spread,"[1429, 1812]"
overlap_2,28,1,1,"[2, 1, 2, 1]",1,False,True,4943965356759118,4943965359636878,9437184,2.732800006866455,True,57982058496,spread,[2023]
overlap_0,28,1,1,"[2, 2, 1, 1]",1,False,True,4943965371062029,4943965375745258,18874368,4.576320171356201,True,57982058496,spread,"[2023, 2406]"
overlap_1,28,1,1,"[1, 2, 1, 2]",1,False,True,4943965386183853,4943965390082351,18874368,3.777695894241333,True,57982058496,spread,"[1640, 2023]"
overlap_0,29,1,1,"[2, 2, 1, 1]",1,False,True,4943965400480732,4943965405250077,18874368,4.268383979797363,True,57982058496,spread,"[2234, 2617]"
overlap_1,29,1,1,"[1, 2, 1, 2]",1,False,True,4943965415745603,4943965419644074,18874368,3.776479959487915,True,57982058496,spread,"[1851, 2234]"
overlap_2,29,1,1,"[2, 1, 2, 1]",1,False,True,4943965429996861,4943965432719155,9437184,2.5880959033966064,True,57982058496,spread,[2234]
six_1,-5,2,4,"[1, 2, 1, 2]",1,False,False,4943906904783631,4943906907113185,9437184,1.9035199880599976,False,57982058496,spread,[1587]
two_pair_0_1,-5,2,4,"[1, 1, 0, 0]",1,False,False,4943906959217632,4943906959341620,0,0,False,57982058496,spread,[]
two_pair_0_2,-5,2,4,"[1, 0, 1, 0]",1,False,False,4943906971432154,4943906972410107,9437184,0.8800640106201172,False,57982058496,spread,[529]
concurrency_4_rank,-5,2,4,"[4, 4, 3, 3]",4,False,False,4943906982919466,4943906987763144,28311552,4.691455841064453,False,57982058496,spread,"[4086, 4469, 4852]"
two_single_1,-5,2,4,"[0, 2, 0, 0]",1,False,False,4943906999845399,4943906999971539,0,0,False,57982058496,spread,[]
scale_2_group,-5,2,4,"[0, 1, 0, 1]",1,False,False,4943907012025044,4943907012134026,0,0,False,57982058496,spread,[]
scale_14_group,-5,2,4,"[3, 4, 3, 4]",1,False,False,4943907023473461,4943907028233259,28311552,4.689631938934326,False,57982058496,spread,"[3703, 4086, 4469]"
scale_10_rank,-5,2,4,"[3, 3, 2, 2]",1,False,False,4943907039474870,4943907042652709,18874368,3.12172794342041,False,57982058496,spread,"[3028, 3411]"
scale_62_rank,-5,2,4,"[16, 16, 15, 15]",1,False,False,4943907054590299,4943907077802134,141557760,23.154752731323242,False,57982058496,spread,"[4494, 4877, 5260, 5643, 6026, 265, 648, 1031, 1414, 1797, 2180, 2563, 2946, 3329, 3712]"
scale_50_group,-5,2,4,"[12, 13, 12, 13]",1,False,False,4943907090640501,4943907109412605,113246208,18.54630470275879,False,57982058496,spread,"[937, 1320, 1703, 2086, 2469, 2852, 3235, 3618, 4001, 4384, 4767, 5150]"
scale_6_group,-5,2,4,"[1, 2, 1, 2]",1,False,False,4943907120672665,4943907122315104,9437184,1.5846400260925293,False,57982058496,spread,[1587]
two_single_0,-5,2,4,"[2, 0, 0, 0]",1,False,False,4943907133483526,4943907133557345,0,0,False,57982058496,spread,[]
scale_6_rank,-5,2,4,"[2, 2, 1, 1]",1,False,False,4943907145566813,4943907147193400,9437184,1.5605440139770508,False,57982058496,spread,[1970]
six_3,-5,2,4,"[1, 1, 2, 2]",1,False,False,4943907159125148,4943907162311291,18874368,3.1242239475250244,False,57982058496,spread,"[1204, 1587]"
scale_10_group,-5,2,4,"[2, 3, 2, 3]",1,False,False,4943907172805711,4943907175984963,18874368,3.1243200302124023,False,57982058496,spread,"[2645, 3028]"
scale_4_rank,-5,2,4,"[1, 1, 1, 1]",1,False,False,4943907187220345,4943907188862896,9437184,1.589951992034912,False,57982058496,spread,[1058]
concurrency_4_group,-5,2,4,"[3, 4, 3, 4]",4,False,False,4943907199275867,4943907204052362,28311552,4.667391777038574,False,57982058496,spread,"[3703, 4086, 4469]"
two_pair_2_3,-5,2,4,"[0, 0, 1, 1]",1,False,False,4943907215294678,4943907216933906,9437184,1.5864319801330566,False,57982058496,spread,[146]
concurrency_2_rank,-5,2,4,"[4, 4, 3, 3]",2,False,False,4943907227505464,4943907232243368,28311552,4.664544105529785,False,57982058496,spread,"[4086, 4469, 4852]"
scale_50_rank,-5,2,4,"[13, 13, 12, 12]",1,False,False,4943907244272834,4943907262853236,113246208,18.496992111206055,False,57982058496,spread,"[1320, 1703, 2086, 2469, 2852, 3235, 3618, 4001, 4384, 4767, 5150, 5533]"
concurrency_2_group,-5,2,4,"[3, 4, 3, 4]",2,False,False,4943907275090172,4943907279855120,28311552,4.671616077423096,False,57982058496,spread,"[3703, 4086, 4469]"
scale_14_rank,-5,2,4,"[4, 4, 3, 3]",1,False,False,4943907291032759,4943907295753838,28311552,4.66431999206543,False,57982058496,spread,"[4086, 4469, 4852]"
two_single_3,-5,2,4,"[0, 0, 0, 2]",1,False,False,4943907307794665,4943907307887562,0,0,False,57982058496,spread,[]
two_pair_1_2,-5,2,4,"[0, 1, 1, 0]",1,False,False,4943907319902829,4943907320823360,9437184,0.8412799835205078,False,57982058496,spread,[529]
scale_2_rank,-5,2,4,"[1, 1, 0, 0]",1,False,False,4943907331699983,4943907331785226,0,0,False,57982058496,spread,[]
scale_4_group,-5,2,4,"[1, 1, 1, 1]",1,False,False,4943907343834598,4943907345526188,9437184,1.609536051750183,False,57982058496,spread,[1058]
scale_8_rank,-5,2,4,"[2, 2, 2, 2]",1,False,False,4943907356018110,4943907359250523,18874368,3.1664960384368896,False,57982058496,spread,"[2116, 2499]"
scale_8_group,-5,2,4,"[2, 2, 2, 2]",1,False,False,4943907369748429,4943907372953194,18874368,3.1460800170898438,False,57982058496,spread,"[2116, 2499]"
two_pair_0_3,-5,2,4,"[1, 0, 0, 1]",1,False,False,4943907383374003,4943907383454974,0,0,False,57982058496,spread,[]
two_single_2,-5,2,4,"[0, 0, 2, 0]",1,False,False,4943907394631133,4943907396405384,18874368,1.6458879709243774,False,57982058496,spread,"[146, 529]"
six_0,-5,2,4,"[2, 2, 1, 1]",1,False,False,4943907406876217,4943907408531662,9437184,1.5965759754180908,False,57982058496,spread,[1970]
two_pair_1_3,-5,2,4,"[0, 1, 0, 1]",1,False,False,4943907420567001,4943907420655754,0,0,False,57982058496,spread,[]
scale_62_group,-5,2,4,"[15, 16, 15, 16]",1,False,False,4943907432048447,4943907455317105,141557760,23.20502471923828,False,57982058496,spread,"[4111, 4494, 4877, 5260, 5643, 6026, 265, 648, 1031, 1414, 1797, 2180, 2563, 2946, 3329]"
six_2,-5,2,4,"[2, 1, 2, 1]",1,False,False,4943907480614338,4943907483042066,18874368,2.337280035018921,False,57982058496,spread,"[1587, 1970]"
two_pair_1_2,-4,2,4,"[0, 1, 1, 0]",1,False,False,4943907493898837,4943907494780690,9437184,0.8261439800262451,False,57982058496,spread,[740]
scale_14_group,-4,2,4,"[3, 4, 3, 4]",1,False,False,4943907505438526,4943907510171551,28311552,4.678719997406006,False,57982058496,spread,"[3914, 4297, 4680]"
two_pair_1_3,-4,2,4,"[0, 1, 0, 1]",1,False,False,4943907521511388,4943907521584476,0,0,False,57982058496,spread,[]
two_pair_0_2,-4,2,4,"[1, 0, 1, 0]",1,False,False,4943907532938507,4943907533809615,9437184,0.819167971611023,False,57982058496,spread,[740]
scale_50_group,-4,2,4,"[12, 13, 12, 13]",1,False,False,4943907544335071,4943907562891569,113246208,18.494144439697266,False,57982058496,spread,"[1148, 1531, 1914, 2297, 2680, 3063, 3446, 3829, 4212, 4595, 4978, 5361]"
two_pair_0_1,-4,2,4,"[1, 1, 0, 0]",1,False,False,4943907574453928,4943907574532373,0,0,False,57982058496,spread,[]
six_0,-4,2,4,"[2, 2, 1, 1]",1,False,False,4943907586606180,4943907588241806,9437184,1.5927040576934814,False,57982058496,spread,[2181]
scale_4_rank,-4,2,4,"[1, 1, 1, 1]",1,False,False,4943907600313976,4943907601974767,9437184,1.596351981163025,False,57982058496,spread,[1269]
scale_8_rank,-4,2,4,"[2, 2, 2, 2]",1,False,False,4943907612522703,4943907615691723,18874368,3.1237120628356934,False,57982058496,spread,"[2327, 2710]"
concurrency_2_group,-4,2,4,"[3, 4, 3, 4]",2,False,False,4943907626212863,4943907630960476,28311552,4.677375793457031,False,57982058496,spread,"[3914, 4297, 4680]"
two_single_0,-4,2,4,"[2, 0, 0, 0]",1,False,False,4943907642318929,4943907642393001,0,0,False,57982058496,spread,[]
two_pair_2_3,-4,2,4,"[0, 0, 1, 1]",1,False,False,4943907654492536,4943907656148819,9437184,1.5922880172729492,False,57982058496,spread,[357]
scale_14_rank,-4,2,4,"[4, 4, 3, 3]",1,False,False,4943907666617072,4943907671324553,28311552,4.654719829559326,False,57982058496,spread,"[4297, 4680, 5063]"
scale_2_rank,-4,2,4,"[1, 1, 0, 0]",1,False,False,4943907683574557,4943907683654166,0,0,False,57982058496,spread,[]
two_single_1,-4,2,4,"[0, 2, 0, 0]",1,False,False,4943907695758961,4943907695839550,0,0,False,57982058496,spread,[]
scale_6_group,-4,2,4,"[1, 2, 1, 2]",1,False,False,4943907707928621,4943907710367827,9437184,2.369920015335083,False,57982058496,spread,[1798]
two_single_3,-4,2,4,"[0, 0, 0, 2]",1,False,False,4943907721196188,4943907721293470,0,0,False,57982058496,spread,[]
six_2,-4,2,4,"[2, 1, 2, 1]",1,False,False,4943907733425448,4943907735844769,18874368,2.3603200912475586,False,57982058496,spread,"[1798, 2181]"
scale_10_rank,-4,2,4,"[3, 3, 2, 2]",1,False,False,4943907746374192,4943907749549923,18874368,3.1197760105133057,False,57982058496,spread,"[3239, 3622]"
scale_62_rank,-4,2,4,"[16, 16, 15, 15]",1,False,False,4943907761619393,4943907784907178,141557760,23.216991424560547,False,57982058496,spread,"[4705, 5088, 5471, 5854, 93, 476, 859, 1242, 1625, 2008, 2391, 2774, 3157, 3540, 3923]"
six_1,-4,2,4,"[1, 2, 1, 2]",1,False,False,4943907797584910,4943907799262456,9437184,1.6017279624938965,False,57982058496,spread,[1798]
scale_6_rank,-4,2,4,"[2, 2, 1, 1]",1,False,False,4943907810531900,4943907812180825,9437184,1.5896960496902466,False,57982058496,spread,[2181]
scale_4_group,-4,2,4,"[1, 1, 1, 1]",1,False,False,4943907824255254,4943907825901283,9437184,1.5896639823913574,False,57982058496,spread,[1269]
concurrency_4_group,-4,2,4,"[3, 4, 3, 4]",4,False,False,4943907836406502,4943907840879039,28311552,4.372543811798096,False,57982058496,spread,"[3914, 4297, 4680]"
concurrency_2_rank,-4,2,4,"[4, 4, 3, 3]",2,False,False,4943907852806232,4943907857532703,28311552,4.642943859100342,False,57982058496,spread,"[4297, 4680, 5063]"
concurrency_4_rank,-4,2,4,"[4, 4, 3, 3]",4,False,False,4943907869563744,4943907874322747,28311552,4.657343864440918,False,57982058496,spread,"[4297, 4680, 5063]"
two_single_2,-4,2,4,"[0, 0, 2, 0]",1,False,False,4943907886310629,4943907887956746,18874368,1.5888639688491821,False,57982058496,spread,"[357, 740]"
scale_50_rank,-4,2,4,"[13, 13, 12, 12]",1,False,False,4943907898391536,4943907916953500,113246208,18.509279251098633,False,57982058496,spread,"[1531, 1914, 2297, 2680, 3063, 3446, 3829, 4212, 4595, 4978, 5361, 5744]"
six_3,-4,2,4,"[1, 1, 2, 2]",1,False,False,4943907929801707,4943907932985825,18874368,3.125760078430176,False,57982058496,spread,"[1415, 1798]"
scale_2_group,-4,2,4,"[0, 1, 0, 1]",1,False,False,4943907943590462,4943907943662815,0,0,False,57982058496,spread,[]
two_pair_0_3,-4,2,4,"[1, 0, 0, 1]",1,False,False,4943907954925210,4943907954996946,0,0,False,57982058496,spread,[]
scale_8_group,-4,2,4,"[2, 2, 2, 2]",1,False,False,4943907966287370,4943907969455676,18874368,3.1024959087371826,False,57982058496,spread,"[2327, 2710]"
scale_10_group,-4,2,4,"[2, 3, 2, 3]",1,False,False,4943907979991064,4943907983174802,18874368,3.1246719360351562,False,57982058496,spread,"[2856, 3239]"
scale_62_group,-4,2,4,"[15, 16, 15, 16]",1,False,False,4943907994382774,4943908017616181,141557760,23.138431549072266,False,57982058496,spread,"[4322, 4705, 5088, 5471, 5854, 93, 476, 859, 1242, 1625, 2008, 2391, 2774, 3157, 3540]"
scale_2_group,-3,2,4,"[0, 1, 0, 1]",1,False,False,4943908029308415,4943908029428899,0,0,False,57982058496,spread,[]
six_3,-3,2,4,"[1, 1, 2, 2]",1,False,False,4943908040739638,4943908043920635,18874368,3.128416061401367,False,57982058496,spread,"[1626, 2009]"
scale_10_rank,-3,2,4,"[3, 3, 2, 2]",1,False,False,4943908054434973,4943908057603531,18874368,3.1185600757598877,False,57982058496,spread,"[3450, 3833]"
two_pair_1_3,-3,2,4,"[0, 1, 0, 1]",1,False,False,4943908069722533,4943908069806853,0,0,False,57982058496,spread,[]
scale_62_rank,-3,2,4,"[16, 16, 15, 15]",1,False,False,4943908081032255,4943908104217141,141557760,23.12335968017578,False,57982058496,spread,"[4916, 5299, 5682, 6065, 304, 687, 1070, 1453, 1836, 2219, 2602, 2985, 3368, 3751, 4134]"
concurrency_4_group,-3,2,4,"[3, 4, 3, 4]",4,False,False,4943908116672542,4943908121464846,28311552,4.687007904052734,False,57982058496,spread,"[4125, 4508, 4891]"
concurrency_4_rank,-3,2,4,"[4, 4, 3, 3]",4,False,False,4943908132719091,4943908137500225,28311552,4.67574405670166,False,57982058496,spread,"[4508, 4891, 5274]"
scale_2_rank,-3,2,4,"[1, 1, 0, 0]",1,False,False,4943908149610806,4943908149698264,0,0,False,57982058496,spread,[]
scale_6_rank,-3,2,4,"[2, 2, 1, 1]",1,False,False,4943908161796138,4943908163446258,9437184,1.5861120223999023,False,57982058496,spread,[2392]
scale_50_group,-3,2,4,"[12, 13, 12, 13]",1,False,False,4943908175494477,4943908194098057,113246208,18.535871505737305,False,57982058496,spread,"[1359, 1742, 2125, 2508, 2891, 3274, 3657, 4040, 4423, 4806, 5189, 5572]"
scale_4_group,-3,2,4,"[1, 1, 1, 1]",1,False,False,4943908205762344,4943908207400938,9437184,1.5854079723358154,False,57982058496,spread,[1480]
scale_10_group,-3,2,4,"[2, 3, 2, 3]",1,False,False,4943908217920664,4943908221085268,18874368,3.112639904022217,False,57982058496,spread,"[3067, 3450]"
concurrency_2_group,-3,2,4,"[3, 4, 3, 4]",2,False,False,4943908232653434,4943908237402393,28311552,4.6561279296875,False,57982058496,spread,"[4125, 4508, 4891]"
concurrency_2_rank,-3,2,4,"[4, 4, 3, 3]",2,False,False,4943908248678737,4943908253413877,28311552,4.662112236022949,False,57982058496,spread,"[4508, 4891, 5274]"
two_pair_0_2,-3,2,4,"[1, 0, 1, 0]",1,False,False,4943908265535387,4943908266423686,9437184,0.825984001159668,False,57982058496,spread,[951]
two_pair_1_2,-3,2,4,"[0, 1, 1, 0]",1,False,False,4943908276857913,4943908277725493,9437184,0.8176320195198059,False,57982058496,spread,[951]
scale_62_group,-3,2,4,"[15, 16, 15, 16]",1,False,False,4943908288254762,4943908311383884,141557760,23.074752807617188,False,57982058496,spread,"[4533, 4916, 5299, 5682, 6065, 304, 687, 1070, 1453, 1836, 2219, 2602, 2985, 3368, 3751]"
two_pair_0_1,-3,2,4,"[1, 1, 0, 0]",1,False,False,4943908323043489,4943908323377225,0,0,False,57982058496,spread,[]
scale_14_rank,-3,2,4,"[4, 4, 3, 3]",1,False,False,4943908335168424,4943908339903943,28311552,4.675295829772949,False,57982058496,spread,"[4508, 4891, 5274]"
two_single_2,-3,2,4,"[0, 0, 2, 0]",1,False,False,4943908351952920,4943908353631376,18874368,1.604640007019043,False,57982058496,spread,"[568, 951]"
scale_50_rank,-3,2,4,"[13, 13, 12, 12]",1,False,False,4943908364305513,4943908382980537,113246208,18.603071212768555,False,57982058496,spread,"[1742, 2125, 2508, 2891, 3274, 3657, 4040, 4423, 4806, 5189, 5572, 5955]"
scale_6_group,-3,2,4,"[1, 2, 1, 2]",1,False,False,4943908395751623,4943908397422596,9437184,1.5956480503082275,False,57982058496,spread,[2009]
two_pair_2_3,-3,2,4,"[0, 0, 1, 1]",1,False,False,4943908408644851,4943908410275379,9437184,1.578976035118103,False,57982058496,spread,[568]
two_pair_0_3,-3,2,4,"[1, 0, 0, 1]",1,False,False,4943908420846296,4943908420916129,0,0,False,57982058496,spread,[]
two_single_3,-3,2,4,"[0, 0, 0, 2]",1,False,False,4943908432232083,4943908432315351,0,0,False,57982058496,spread,[]
scale_8_group,-3,2,4,"[2, 2, 2, 2]",1,False,False,4943908444396120,4943908447322261,18874368,2.8506879806518555,False,57982058496,spread,"[2538, 2921]"
scale_4_rank,-3,2,4,"[1, 1, 1, 1]",1,False,False,4943908458359711,4943908460006687,9437184,1.5875200033187866,False,57982058496,spread,[1480]
six_0,-3,2,4,"[2, 2, 1, 1]",1,False,False,4943908470489811,4943908472127457,9437184,1.5855679512023926,False,57982058496,spread,[2392]
scale_14_group,-3,2,4,"[3, 4, 3, 4]",1,False,False,4943908484166856,4943908488897934,28311552,4.665664196014404,False,57982058496,spread,"[4125, 4508, 4891]"
six_2,-3,2,4,"[2, 1, 2, 1]",1,False,False,4943908500144119,4943908502551403,18874368,2.3532159328460693,False,57982058496,spread,"[2009, 2392]"
two_single_0,-3,2,4,"[2, 0, 0, 0]",1,False,False,4943908513056277,4943908513128576,0,0,False,57982058496,spread,[]
two_single_1,-3,2,4,"[0, 2, 0, 0]",1,False,False,4943908525207775,4943908525293297,0,0,False,57982058496,spread,[]
scale_8_rank,-3,2,4,"[2, 2, 2, 2]",1,False,False,4943908537538106,4943908540742547,18874368,3.1373119354248047,False,57982058496,spread,"[2538, 2921]"
six_1,-3,2,4,"[1, 2, 1, 2]",1,False,False,4943908551242405,4943908552888883,9437184,1.5903680324554443,False,57982058496,spread,[2009]
two_single_2,-2,2,4,"[0, 0, 2, 0]",1,False,False,4943908564183599,4943908565826708,18874368,1.5889919996261597,False,57982058496,spread,"[779, 1162]"
scale_8_rank,-2,2,4,"[2, 2, 2, 2]",1,False,False,4943908576370163,4943908579549938,18874368,3.127552032470703,False,57982058496,spread,"[2749, 3132]"
scale_6_group,-2,2,4,"[1, 2, 1, 2]",1,False,False,4943908590090298,4943908591730635,9437184,1.5850880146026611,False,57982058496,spread,[2220]
two_pair_0_3,-2,2,4,"[1, 0, 0, 1]",1,False,False,4943908602933972,4943908603018898,0,0,False,57982058496,spread,[]
scale_14_rank,-2,2,4,"[4, 4, 3, 3]",1,False,False,4943908614269384,4943908618983797,28311552,4.664768218994141,False,57982058496,spread,"[4719, 5102, 5485]"
two_single_0,-2,2,4,"[2, 0, 0, 0]",1,False,False,4943908630980220,4943908631338703,0,0,False,57982058496,spread,[]
six_3,-2,2,4,"[1, 1, 2, 2]",1,False,False,4943908642984377,4943908646165224,18874368,3.1320319175720215,False,57982058496,spread,"[1837, 2220]"
scale_4_group,-2,2,4,"[1, 1, 1, 1]",1,False,False,4943908656858764,4943908658501428,9437184,1.5860799551010132,False,57982058496,spread,[1691]
scale_10_rank,-2,2,4,"[3, 3, 2, 2]",1,False,False,4943908669023655,4943908672199783,18874368,3.1274240016937256,False,57982058496,spread,"[3661, 4044]"
concurrency_4_rank,-2,2,4,"[4, 4, 3, 3]",4,False,False,4943908684289284,4943908689078989,28311552,4.686463832855225,False,57982058496,spread,"[4719, 5102, 5485]"
two_pair_1_3,-2,2,4,"[0, 1, 0, 1]",1,False,False,4943908701078228,4943908701163530,0,0,False,57982058496,spread,[]
two_single_3,-2,2,4,"[0, 0, 0, 2]",1,False,False,4943908712414229,4943908712498196,0,0,False,57982058496,spread,[]
concurrency_4_group,-2,2,4,"[3, 4, 3, 4]",4,False,False,4943908724607801,4943908729381719,28311552,4.67903995513916,False,57982058496,spread,"[4336, 4719, 5102]"
six_2,-2,2,4,"[2, 1, 2, 1]",1,False,False,4943908740665937,4943908743069166,18874368,2.353951930999756,False,57982058496,spread,"[2220, 2603]"
two_pair_2_3,-2,2,4,"[0, 0, 1, 1]",1,False,False,4943908753593043,4943908755127929,9437184,1.4805760383605957,False,57982058496,spread,[779]
scale_2_rank,-2,2,4,"[1, 1, 0, 0]",1,False,False,4943908765894275,4943908765965877,0,0,False,57982058496,spread,[]
scale_50_group,-2,2,4,"[12, 13, 12, 13]",1,False,False,4943908778186432,4943908796786828,113246208,18.524799346923828,False,57982058496,spread,"[1570, 1953, 2336, 2719, 3102, 3485, 3868, 4251, 4634, 5017, 5400, 5783]"
scale_50_rank,-2,2,4,"[13, 13, 12, 12]",1,False,False,4943908808310763,4943908826889433,113246208,18.515552520751953,False,57982058496,spread,"[1953, 2336, 2719, 3102, 3485, 3868, 4251, 4634, 5017, 5400, 5783, 22]"
concurrency_2_rank,-2,2,4,"[4, 4, 3, 3]",2,False,False,4943908839505253,4943908844256606,28311552,4.669216156005859,False,57982058496,spread,"[4719, 5102, 5485]"
scale_62_group,-2,2,4,"[15, 16, 15, 16]",1,False,False,4943908856363738,4943908879607070,141557760,23.180255889892578,False,57982058496,spread,"[4744, 5127, 5510, 5893, 132, 515, 898, 1281, 1664, 2047, 2430, 2813, 3196, 3579, 3962]"
scale_4_rank,-2,2,4,"[1, 1, 1, 1]",1,False,False,4943908891152427,4943908892794894,9437184,1.5887680053710938,False,57982058496,spread,[1691]
scale_8_group,-2,2,4,"[2, 2, 2, 2]",1,False,False,4943908903236950,4943908906405318,18874368,3.117408037185669,False,57982058496,spread,"[2749, 3132]"
six_0,-2,2,4,"[2, 2, 1, 1]",1,False,False,4943908916924867,4943908918545093,9437184,1.5720959901809692,False,57982058496,spread,[2603]
scale_62_rank,-2,2,4,"[16, 16, 15, 15]",1,False,False,4943908930476969,4943908953741145,141557760,23.171648025512695,False,57982058496,spread,"[5127, 5510, 5893, 132, 515, 898, 1281, 1664, 2047, 2430, 2813, 3196, 3579, 3962, 4345]"
two_pair_0_2,-2,2,4,"[1, 0, 1, 0]",1,False,False,4943908966065512,4943908966969995,9437184,0.8266239762306213,False,57982058496,spread,[1162]
scale_2_group,-2,2,4,"[0, 1, 0, 1]",1,False,False,4943908977448456,4943908977522067,0,0,False,57982058496,spread,[]
scale_6_rank,-2,2,4,"[2, 2, 1, 1]",1,False,False,4943908988797918,4943908990432311,9437184,1.5861120223999023,False,57982058496,spread,[2603]
six_1,-2,2,4,"[1, 2, 1, 2]",1,False,False,4943909002529455,4943909004178207,9437184,1.587391972541809,False,57982058496,spread,[2220]
scale_10_group,-2,2,4,"[2, 3, 2, 3]",1,False,False,4943909015361427,4943909018550937,18874368,3.130687952041626,False,57982058496,spread,"[3278, 3661]"
two_single_1,-2,2,4,"[0, 2, 0, 0]",1,False,False,4943909029801424,4943909029885577,0,0,False,57982058496,spread,[]
two_pair_0_1,-2,2,4,"[1, 1, 0, 0]",1,False,False,4943909042053731,4943909042147883,0,0,False,57982058496,spread,[]
two_pair_1_2,-2,2,4,"[0, 1, 1, 0]",1,False,False,4943909054241158,4943909055131986,9437184,0.8313599824905396,False,57982058496,spread,[1162]
scale_14_group,-2,2,4,"[3, 4, 3, 4]",1,False,False,4943909065623630,4943909070314990,28311552,4.633567810058594,False,57982058496,spread,"[4336, 4719, 5102]"
concurrency_2_group,-2,2,4,"[3, 4, 3, 4]",2,False,False,4943909081739550,4943909086504609,28311552,4.667391777038574,False,57982058496,spread,"[4336, 4719, 5102]"
scale_50_group,-1,2,4,"[12, 13, 12, 13]",1,False,False,4943909097814446,4943909116377791,113246208,18.511423110961914,False,57982058496,spread,"[1781, 2164, 2547, 2930, 3313, 3696, 4079, 4462, 4845, 5228, 5611, 5994]"
six_1,-1,2,4,"[1, 2, 1, 2]",1,False,False,4943909128144223,4943909129795746,9437184,1.5883519649505615,False,57982058496,spread,[2431]
scale_10_group,-1,2,4,"[2, 3, 2, 3]",1,False,False,4943909141044280,4943909144239795,18874368,3.1295359134674072,False,57982058496,spread,"[3489, 3872]"
scale_50_rank,-1,2,4,"[13, 13, 12, 12]",1,False,False,4943909155437989,4943909174019349,113246208,18.51888084411621,False,57982058496,spread,"[2164, 2547, 2930, 3313, 3696, 4079, 4462, 4845, 5228, 5611, 5994, 233]"
two_pair_0_3,-1,2,4,"[1, 0, 0, 1]",1,False,False,4943909186276396,4943909186364615,0,0,False,57982058496,spread,[]
scale_62_group,-1,2,4,"[15, 16, 15, 16]",1,False,False,4943909197627815,4943909220848463,141557760,23.161823272705078,False,57982058496,spread,"[4955, 5338, 5721, 6104, 343, 726, 1109, 1492, 1875, 2258, 2641, 3024, 3407, 3790, 4173]"
two_pair_2_3,-1,2,4,"[0, 0, 1, 1]",1,False,False,4943909232404056,4943909234097011,9437184,0.8985919952392578,False,57982058496,spread,[990]
scale_4_rank,-1,2,4,"[1, 1, 1, 1]",1,False,False,4943909245072307,4943909246733448,9437184,1.5922880172729492,False,57982058496,spread,[1902]
two_pair_1_3,-1,2,4,"[0, 1, 0, 1]",1,False,False,4943909257223267,4943909257305244,0,0,False,57982058496,spread,[]
two_pair_0_2,-1,2,4,"[1, 0, 1, 0]",1,False,False,4943909268592167,4943909269486256,9437184,0.8309119939804077,False,57982058496,spread,[1373]
scale_6_rank,-1,2,4,"[2, 2, 1, 1]",1,False,False,4943909280039562,4943909281719067,9437184,1.6010240316390991,False,57982058496,spread,[2814]
two_pair_0_1,-1,2,4,"[1, 1, 0, 0]",1,False,False,4943909293816229,4943909293899958,0,0,False,57982058496,spread,[]
six_0,-1,2,4,"[2, 2, 1, 1]",1,False,False,4943909305996481,4943909307626695,9437184,1.5753920078277588,False,57982058496,spread,[2814]
six_3,-1,2,4,"[1, 1, 2, 2]",1,False,False,4943909319733609,4943909322930953,18874368,3.134176015853882,False,57982058496,spread,"[2048, 2431]"
scale_8_group,-1,2,4,"[2, 2, 2, 2]",1,False,False,4943909333615490,4943909336808522,18874368,3.132256031036377,False,57982058496,spread,"[2960, 3343]"
two_single_2,-1,2,4,"[0, 0, 2, 0]",1,False,False,4943909347278973,4943909348932941,18874368,1.5944000482559204,False,57982058496,spread,"[990, 1373]"
scale_8_rank,-1,2,4,"[2, 2, 2, 2]",1,False,False,4943909359500008,4943909362556951,18874368,3.002592086791992,False,57982058496,spread,"[2960, 3343]"
scale_62_rank,-1,2,4,"[16, 16, 15, 15]",1,False,False,4943909373325427,4943909396510089,141557760,23.130271911621094,False,57982058496,spread,"[5338, 5721, 6104, 343, 726, 1109, 1492, 1875, 2258, 2641, 3024, 3407, 3790, 4173, 4556]"
two_single_3,-1,2,4,"[0, 0, 0, 2]",1,False,False,4943909409435249,4943909409526294,0,0,False,57982058496,spread,[]
scale_14_group,-1,2,4,"[3, 4, 3, 4]",1,False,False,4943909421804381,4943909426579096,28311552,4.687168121337891,False,57982058496,spread,"[4547, 4930, 5313]"
scale_4_group,-1,2,4,"[1, 1, 1, 1]",1,False,False,4943909437885504,4943909439535312,9437184,1.5904639959335327,False,57982058496,spread,[1902]
two_pair_1_2,-1,2,4,"[0, 1, 1, 0]",1,False,False,4943909450015245,4943909450899187,9437184,0.8241599798202515,False,57982058496,spread,[1373]
concurrency_2_group,-1,2,4,"[3, 4, 3, 4]",2,False,False,4943909461480818,4943909466240685,28311552,4.66703987121582,False,57982058496,spread,"[4547, 4930, 5313]"
scale_10_rank,-1,2,4,"[3, 3, 2, 2]",1,False,False,4943909477441740,4943909480622048,18874368,3.124608039855957,False,57982058496,spread,"[3872, 4255]"
concurrency_4_rank,-1,2,4,"[4, 4, 3, 3]",4,False,False,4943909492660490,4943909497446009,28311552,4.682176113128662,False,57982058496,spread,"[4930, 5313, 5696]"
two_single_1,-1,2,4,"[0, 2, 0, 0]",1,False,False,4943909509499301,4943909509590902,0,0,False,57982058496,spread,[]
six_2,-1,2,4,"[2, 1, 2, 1]",1,False,False,4943909521667728,4943909524087542,18874368,2.36080002784729,False,57982058496,spread,"[2431, 2814]"
two_single_0,-1,2,4,"[2, 0, 0, 0]",1,False,False,4943909534591250,4943909534658196,0,0,False,57982058496,spread,[]
concurrency_4_group,-1,2,4,"[3, 4, 3, 4]",4,False,False,4943909546578485,4943909551669560,28311552,4.753312110900879,False,57982058496,spread,"[4547, 4930, 5313]"
scale_6_group,-1,2,4,"[1, 2, 1, 2]",1,False,False,4943909562563695,4943909564198179,9437184,1.584447979927063,False,57982058496,spread,[2431]
scale_2_rank,-1,2,4,"[1, 1, 0, 0]",1,False,False,4943909575468328,4943909575533830,0,0,False,57982058496,spread,[]
scale_14_rank,-1,2,4,"[4, 4, 3, 3]",1,False,False,4943909587938432,4943909592679853,28311552,4.67907190322876,False,57982058496,spread,"[4930, 5313, 5696]"
concurrency_2_rank,-1,2,4,"[4, 4, 3, 3]",2,False,False,4943909604801915,4943909609551421,28311552,4.665760040283203,False,57982058496,spread,"[4930, 5313, 5696]"
scale_2_group,-1,2,4,"[0, 1, 0, 1]",1,False,False,4943909621617526,4943909621709675,0,0,False,57982058496,spread,[]
two_single_3,0,2,4,"[0, 0, 0, 2]",1,False,False,4943909633625250,4943909633721394,0,0,False,57982058496,spread,[]
scale_4_rank,0,2,4,"[1, 1, 1, 1]",1,False,False,4943909645730835,4943909647362722,9437184,1.5738240480422974,False,57982058496,spread,[2113]
two_pair_1_2,0,2,4,"[0, 1, 1, 0]",1,False,False,4943909657851384,4943909658709660,9437184,0.8160960078239441,False,57982058496,spread,[1584]
scale_6_rank,0,2,4,"[2, 2, 1, 1]",1,False,False,4943909669046653,4943909670669437,9437184,1.567903995513916,False,57982058496,spread,[3025]
scale_62_rank,0,2,4,"[16, 16, 15, 15]",1,False,False,4943909682546129,4943909705738519,141557760,23.120832443237305,False,57982058496,spread,"[5549, 5932, 171, 554, 937, 1320, 1703, 2086, 2469, 2852, 3235, 3618, 4001, 4384, 4767]"
concurrency_4_group,0,2,4,"[3, 4, 3, 4]",4,False,False,4943909718108973,4943909722926606,28311552,4.701791763305664,False,57982058496,spread,"[4758, 5141, 5524]"
scale_62_group,0,2,4,"[15, 16, 15, 16]",1,False,False,4943909734149424,4943909757384880,141557760,23.16912078857422,False,57982058496,spread,"[5166, 5549, 5932, 171, 554, 937, 1320, 1703, 2086, 2469, 2852, 3235, 3618, 4001, 4384]"
scale_2_group,0,2,4,"[0, 1, 0, 1]",1,False,False,4943909768481503,4943909768578326,0,0,False,57982058496,spread,[]
scale_10_group,0,2,4,"[2, 3, 2, 3]",1,False,False,4943909779681546,4943909782876659,18874368,3.1357760429382324,False,57982058496,spread,"[3700, 4083]"
six_3,0,2,4,"[1, 1, 2, 2]",1,False,False,4943909793938592,4943909797108947,18874368,3.120352029800415,False,57982058496,spread,"[2259, 2642]"
two_pair_0_3,0,2,4,"[1, 0, 0, 1]",1,False,False,4943909807579394,4943909807652953,0,0,False,57982058496,spread,[]
two_pair_1_3,0,2,4,"[0, 1, 0, 1]",1,False,False,4943909818773504,4943909818838796,0,0,False,57982058496,spread,[]
two_pair_2_3,0,2,4,"[0, 0, 1, 1]",1,False,False,4943909829938933,4943909831573510,9437184,1.5816320180892944,False,57982058496,spread,[1201]
scale_14_group,0,2,4,"[3, 4, 3, 4]",1,False,False,4943909841992161,4943909846713476,28311552,4.666848182678223,False,57982058496,spread,"[4758, 5141, 5524]"
scale_10_rank,0,2,4,"[3, 3, 2, 2]",1,False,False,4943909857796453,4943909860979677,18874368,2.9000320434570312,False,57982058496,spread,"[4083, 4466]"
scale_50_group,0,2,4,"[12, 13, 12, 13]",1,False,False,4943909872875345,4943909891462692,113246208,18.52649688720703,False,57982058496,spread,"[1992, 2375, 2758, 3141, 3524, 3907, 4290, 4673, 5056, 5439, 5822, 61]"
scale_2_rank,0,2,4,"[1, 1, 0, 0]",1,False,False,4943909902615377,4943909902689711,0,0,False,57982058496,spread,[]
two_single_1,0,2,4,"[0, 2, 0, 0]",1,False,False,4943909914565218,4943909914633287,0,0,False,57982058496,spread,[]
two_pair_0_2,0,2,4,"[1, 0, 1, 0]",1,False,False,4943909926534852,4943909927403202,9437184,0.8204799890518188,False,57982058496,spread,[1584]
six_2,0,2,4,"[2, 1, 2, 1]",1,False,False,4943909937698661,4943909940099870,18874368,2.3539841175079346,False,57982058496,spread,"[2642, 3025]"
six_0,0,2,4,"[2, 2, 1, 1]",1,False,False,4943909950530928,4943909952170758,9437184,1.5864319801330566,False,57982058496,spread,[3025]
scale_14_rank,0,2,4,"[4, 4, 3, 3]",1,False,False,4943909964105131,4943909968734181,28311552,4.5668158531188965,False,57982058496,spread,"[5141, 5524, 5907]"
concurrency_4_rank,0,2,4,"[4, 4, 3, 3]",4,False,False,4943909980772623,4943909985551520,28311552,4.662623882293701,False,57982058496,spread,"[5141, 5524, 5907]"
scale_8_rank,0,2,4,"[2, 2, 2, 2]",1,False,False,4943909997566492,4943910000752121,18874368,3.1257920265197754,False,57982058496,spread,"[3171, 3554]"
concurrency_2_rank,0,2,4,"[4, 4, 3, 3]",2,False,False,4943910011338460,4943910016074308,28311552,4.6618242263793945,False,57982058496,spread,"[5141, 5524, 5907]"
scale_50_rank,0,2,4,"[13, 13, 12, 12]",1,False,False,4943910028052003,4943910046669146,113246208,18.538047790527344,False,57982058496,spread,"[2375, 2758, 3141, 3524, 3907, 4290, 4673, 5056, 5439, 5822, 61, 444]"
concurrency_2_group,0,2,4,"[3, 4, 3, 4]",2,False,False,4943910058493251,4943910063249060,28311552,4.669216156005859,False,57982058496,spread,"[4758, 5141, 5524]"
two_pair_0_1,0,2,4,"[1, 1, 0, 0]",1,False,False,4943910074265947,4943910074340383,0,0,False,57982058496,spread,[]
two_single_0,0,2,4,"[2, 0, 0, 0]",1,False,False,4943910086289150,4943910086370057,0,0,False,57982058496,spread,[]
two_single_2,0,2,4,"[0, 0, 2, 0]",1,False,False,4943910098231758,4943910099885222,18874368,1.5945600271224976,False,57982058496,spread,"[1201, 1584]"
scale_6_group,0,2,4,"[1, 2, 1, 2]",1,False,False,4943910110237759,4943910111855046,9437184,1.567199945449829,False,57982058496,spread,[2642]
six_1,0,2,4,"[1, 2, 1, 2]",1,False,False,4943910122908886,4943910124553291,9437184,1.5862079858779907,False,57982058496,spread,[2642]
scale_8_group,0,2,4,"[2, 2, 2, 2]",1,False,False,4943910135560971,4943910138735566,18874368,3.1248319149017334,False,57982058496,spread,"[3171, 3554]"
scale_4_group,0,2,4,"[1, 1, 1, 1]",1,False,False,4943910149050319,4943910150699870,9437184,1.5910719633102417,False,57982058496,spread,[2113]
concurrency_4_group,1,2,4,"[3, 4, 3, 4]",4,False,False,4943910161057720,4943910166176015,28311552,4.76035213470459,False,57982058496,spread,"[4969, 5352, 5735]"
concurrency_2_group,1,2,4,"[3, 4, 3, 4]",2,False,False,4943910176893100,4943910181635261,28311552,4.660031795501709,False,57982058496,spread,"[4969, 5352, 5735]"
scale_14_group,1,2,4,"[3, 4, 3, 4]",1,False,False,4943910192758858,4943910197470793,28311552,4.659999847412109,False,57982058496,spread,"[4969, 5352, 5735]"
six_0,1,2,4,"[2, 2, 1, 1]",1,False,False,4943910208496165,4943910210128606,9437184,1.5805439949035645,False,57982058496,spread,[3236]
scale_2_group,1,2,4,"[0, 1, 0, 1]",1,False,False,4943910222008695,4943910222084321,0,0,False,57982058496,spread,[]
scale_6_rank,1,2,4,"[2, 2, 1, 1]",1,False,False,4943910233103001,4943910234740559,9437184,1.587007999420166,False,57982058496,spread,[3236]
six_2,1,2,4,"[2, 1, 2, 1]",1,False,False,4943910246559533,4943910248973475,18874368,2.35916805267334,False,57982058496,spread,"[2853, 3236]"
scale_10_group,1,2,4,"[2, 3, 2, 3]",1,False,False,4943910259221134,4943910262400282,18874368,3.1272640228271484,False,57982058496,spread,"[3911, 4294]"
scale_4_rank,1,2,4,"[1, 1, 1, 1]",1,False,False,4943910273420020,4943910274777541,9437184,1.3026560544967651,False,57982058496,spread,[2324]
scale_6_group,1,2,4,"[1, 2, 1, 2]",1,False,False,4943910285486591,4943910287125375,9437184,1.5882560014724731,False,57982058496,spread,[2853]
concurrency_4_rank,1,2,4,"[4, 4, 3, 3]",4,False,False,4943910298354559,4943910303134161,28311552,4.679967880249023,False,57982058496,spread,"[5352, 5735, 6118]"
two_single_1,1,2,4,"[0, 2, 0, 0]",1,False,False,4943910314990039,4943910315059085,0,0,False,57982058496,spread,[]
concurrency_2_rank,1,2,4,"[4, 4, 3, 3]",2,False,False,4943910326926012,4943910331642406,28311552,4.643487930297852,False,57982058496,spread,"[5352, 5735, 6118]"
scale_62_group,1,2,4,"[15, 16, 15, 16]",1,False,False,4943910343547594,4943910366752948,141557760,23.149887084960938,False,57982058496,spread,"[5377, 5760, 6143, 382, 765, 1148, 1531, 1914, 2297, 2680, 3063, 3446, 3829, 4212, 4595]"
six_3,1,2,4,"[1, 1, 2, 2]",1,False,False,4943910377771662,4943910380953639,18874368,3.133631944656372,False,57982058496,spread,"[2470, 2853]"
two_pair_2_3,1,2,4,"[0, 0, 1, 1]",1,False,False,4943910391200691,4943910392834100,9437184,1.5846400260925293,False,57982058496,spread,[1412]
scale_2_rank,1,2,4,"[1, 1, 0, 0]",1,False,False,4943910403074702,4943910403143276,0,0,False,57982058496,spread,[]
two_pair_1_3,1,2,4,"[0, 1, 0, 1]",1,False,False,4943910414993550,4943910415071491,0,0,False,57982058496,spread,[]
two_pair_0_1,1,2,4,"[1, 1, 0, 0]",1,False,False,4943910426111647,4943910426181246,0,0,False,57982058496,spread,[]
six_1,1,2,4,"[1, 2, 1, 2]",1,False,False,4943910438097168,4943910439751153,9437184,1.5920319557189941,False,57982058496,spread,[2853]
two_single_3,1,2,4,"[0, 0, 0, 2]",1,False,False,4943910450780606,4943910450851622,0,0,False,57982058496,spread,[]
two_pair_0_3,1,2,4,"[1, 0, 0, 1]",1,False,False,4943910462690245,4943910462772873,0,0,False,57982058496,spread,[]
scale_8_rank,1,2,4,"[2, 2, 2, 2]",1,False,False,4943910473858951,4943910477042893,18874368,2.9079039096832275,False,57982058496,spread,"[3382, 3765]"
scale_10_rank,1,2,4,"[3, 3, 2, 2]",1,False,False,4943910487497885,4943910490678379,18874368,3.1301119327545166,False,57982058496,spread,"[4294, 4677]"
two_pair_1_2,1,2,4,"[0, 1, 1, 0]",1,False,False,4943910502507823,4943910503376295,9437184,0.8173440098762512,False,57982058496,spread,[1795]
scale_14_rank,1,2,4,"[4, 4, 3, 3]",1,False,False,4943910513640382,4943910518353920,28311552,4.666528224945068,False,57982058496,spread,"[5352, 5735, 6118]"
scale_50_rank,1,2,4,"[13, 13, 12, 12]",1,False,False,4943910530297032,4943910548909026,113246208,18.554048538208008,False,57982058496,spread,"[2586, 2969, 3352, 3735, 4118, 4501, 4884, 5267, 5650, 6033, 272, 655]"
two_single_2,1,2,4,"[0, 0, 2, 0]",1,False,False,4943910560759689,4943910562409765,18874368,1.5898560285568237,False,57982058496,spread,"[1412, 1795]"
scale_50_group,1,2,4,"[12, 13, 12, 13]",1,False,False,4943910572837203,4943910591366103,113246208,18.475744247436523,False,57982058496,spread,"[2203, 2586, 2969, 3352, 3735, 4118, 4501, 4884, 5267, 5650, 6033, 272]"
scale_4_group,1,2,4,"[1, 1, 1, 1]",1,False,False,4943910603011055,4943910604650283,9437184,1.5871360301971436,False,57982058496,spread,[2324]
scale_8_group,1,2,4,"[2, 2, 2, 2]",1,False,False,4943910614990241,4943910618164343,18874368,3.125983953475952,False,57982058496,spread,"[3382, 3765]"
scale_62_rank,1,2,4,"[16, 16, 15, 15]",1,False,False,4943910628449506,4943910651732911,141557760,23.23017692565918,False,57982058496,spread,"[5760, 6143, 382, 765, 1148, 1531, 1914, 2297, 2680, 3063, 3446, 3829, 4212, 4595, 4978]"
two_pair_0_2,1,2,4,"[1, 0, 1, 0]",1,False,False,4943910663614246,4943910664507647,9437184,0.8253440260887146,False,57982058496,spread,[1795]
two_single_0,1,2,4,"[2, 0, 0, 0]",1,False,False,4943910674817610,4943910674894965,0,0,False,57982058496,spread,[]
six_0,2,2,4,"[2, 2, 1, 1]",1,False,False,4943910686775209,4943910688414010,9437184,1.5857599973678589,False,57982058496,spread,[3447]
scale_14_group,2,2,4,"[3, 4, 3, 4]",1,False,False,4943910700318224,4943910705061261,28311552,4.677663803100586,False,57982058496,spread,"[5180, 5563, 5946]"
six_3,2,2,4,"[1, 1, 2, 2]",1,False,False,4943910716050401,4943910719228404,18874368,3.123584032058716,False,57982058496,spread,"[2681, 3064]"
scale_8_rank,2,2,4,"[2, 2, 2, 2]",1,False,False,4943910729548570,4943910732721979,18874368,3.125216007232666,False,57982058496,spread,"[3593, 3976]"
six_2,2,2,4,"[2, 1, 2, 1]",1,False,False,4943910742996805,4943910745403862,18874368,2.3562560081481934,False,57982058496,spread,"[3064, 3447]"
concurrency_4_rank,2,2,4,"[4, 4, 3, 3]",4,False,False,4943910755718223,4943910760486803,28311552,4.663936138153076,False,57982058496,spread,"[5563, 5946, 185]"
scale_10_group,2,2,4,"[2, 3, 2, 3]",1,False,False,4943910772803887,4943910776327265,18874368,3.2141120433807373,False,57982058496,spread,"[4122, 4505]"
concurrency_4_group,2,2,4,"[3, 4, 3, 4]",4,False,False,4943910787026597,4943910791814694,28311552,4.676896095275879,False,57982058496,spread,"[5180, 5563, 5946]"
two_single_2,2,2,4,"[0, 0, 2, 0]",1,False,False,4943910802812623,4943910804450777,18874368,1.5838719606399536,False,57982058496,spread,"[1623, 2006]"
scale_50_rank,2,2,4,"[13, 13, 12, 12]",1,False,False,4943910814676855,4943910833235162,113246208,18.505727767944336,False,57982058496,spread,"[2797, 3180, 3563, 3946, 4329, 4712, 5095, 5478, 5861, 100, 483, 866]"
scale_8_group,2,2,4,"[2, 2, 2, 2]",1,False,False,4943910845136655,4943910848312197,18874368,3.1130878925323486,False,57982058496,spread,"[3593, 3976]"
scale_10_rank,2,2,4,"[3, 3, 2, 2]",1,False,False,4943910858588404,4943910861763485,18874368,3.125119924545288,False,57982058496,spread,"[4505, 4888]"
two_single_1,2,2,4,"[0, 2, 0, 0]",1,False,False,4943910873648793,4943910873720017,0,0,False,57982058496,spread,[]
scale_4_group,2,2,4,"[1, 1, 1, 1]",1,False,False,4943910886242427,4943910887831593,9437184,1.5357760190963745,False,57982058496,spread,[2535]
scale_50_group,2,2,4,"[12, 13, 12, 13]",1,False,False,4943910898232133,4943910916864627,113246208,18.58051109313965,False,57982058496,spread,"[2414, 2797, 3180, 3563, 3946, 4329, 4712, 5095, 5478, 5861, 100, 483]"
two_pair_0_2,2,2,4,"[1, 0, 1, 0]",1,False,False,4943910927891223,4943910928758510,9437184,0.8176959753036499,False,57982058496,spread,[2006]
scale_2_rank,2,2,4,"[1, 1, 0, 0]",1,False,False,4943910939044881,4943910939117124,0,0,False,57982058496,spread,[]
scale_6_rank,2,2,4,"[2, 2, 1, 1]",1,False,False,4943910951014040,4943910952652077,9437184,1.5867199897766113,False,57982058496,spread,[3447]
two_pair_2_3,2,2,4,"[0, 0, 1, 1]",1,False,False,4943910964608742,4943910966254949,9437184,1.5882240533828735,False,57982058496,spread,[1623]
six_1,2,2,4,"[1, 2, 1, 2]",1,False,False,4943910976551711,4943910978197143,9437184,1.5876799821853638,False,57982058496,spread,[3064]
two_pair_0_1,2,2,4,"[1, 1, 0, 0]",1,False,False,4943910989201625,4943910989271681,0,0,False,57982058496,spread,[]
two_single_0,2,2,4,"[2, 0, 0, 0]",1,False,False,4943911001225833,4943911001312658,0,0,False,57982058496,spread,[]
scale_4_rank,2,2,4,"[1, 1, 1, 1]",1,False,False,4943911013246385,4943911014915552,9437184,1.5997439622879028,False,57982058496,spread,[2535]
concurrency_2_rank,2,2,4,"[4, 4, 3, 3]",2,False,False,4943911025229905,4943911029969797,28311552,4.657631874084473,False,57982058496,spread,"[5563, 5946, 185]"
scale_14_rank,2,2,4,"[4, 4, 3, 3]",1,False,False,4943911041933766,4943911046681868,28311552,4.684063911437988,False,57982058496,spread,"[5563, 5946, 185]"
concurrency_2_group,2,2,4,"[3, 4, 3, 4]",2,False,False,4943911058477490,4943911063216905,28311552,4.661312103271484,False,57982058496,spread,"[5180, 5563, 5946]"
scale_62_rank,2,2,4,"[16, 16, 15, 15]",1,False,False,4943911074259130,4943911097483947,141557760,23.128543853759766,False,57982058496,spread,"[5971, 210, 593, 976, 1359, 1742, 2125, 2508, 2891, 3274, 3657, 4040, 4423, 4806, 5189]"
two_pair_1_2,2,2,4,"[0, 1, 1, 0]",1,False,False,4943911109222543,4943911110173511,9437184,0.8620160222053528,False,57982058496,spread,[2006]
two_pair_0_3,2,2,4,"[1, 0, 0, 1]",1,False,False,4943911120430106,4943911120498083,0,0,False,57982058496,spread,[]
scale_6_group,2,2,4,"[1, 2, 1, 2]",1,False,False,4943911131597164,4943911133235594,9437184,1.5846079587936401,False,57982058496,spread,[3064]
two_single_3,2,2,4,"[0, 0, 0, 2]",1,False,False,4943911144230242,4943911144298618,0,0,False,57982058496,spread,[]
scale_62_group,2,2,4,"[15, 16, 15, 16]",1,False,False,4943911156204201,4943911179368647,141557760,23.098175048828125,False,57982058496,spread,"[5588, 5971, 210, 593, 976, 1359, 1742, 2125, 2508, 2891, 3274, 3657, 4040, 4423, 4806]"
two_pair_1_3,2,2,4,"[0, 1, 0, 1]",1,False,False,4943911190923936,4943911191001434,0,0,False,57982058496,spread,[]
scale_2_group,2,2,4,"[0, 1, 0, 1]",1,False,False,4943911202128836,4943911202196514,0,0,False,57982058496,spread,[]
two_pair_1_2,3,2,4,"[0, 1, 1, 0]",1,False,False,4943911213254749,4943911214120903,9437184,0.8147199749946594,False,57982058496,spread,[2217]
concurrency_4_rank,3,2,4,"[4, 4, 3, 3]",4,False,False,4943911224424136,4943911229184621,28311552,4.657343864440918,False,57982058496,spread,"[5774, 13, 396]"
six_2,3,2,4,"[2, 1, 2, 1]",1,False,False,4943911241104916,4943911243521613,18874368,2.35369610786438,False,57982058496,spread,"[3275, 3658]"
scale_10_rank,3,2,4,"[3, 3, 2, 2]",1,False,False,4943911253806824,4943911256980424,18874368,3.119584083557129,False,57982058496,spread,"[4716, 5099]"
six_1,3,2,4,"[1, 2, 1, 2]",1,False,False,4943911268851371,4943911270505103,9437184,1.58787202835083,False,57982058496,spread,[3275]
scale_8_group,3,2,4,"[2, 2, 2, 2]",1,False,False,4943911281500787,4943911284664181,18874368,3.1138880252838135,False,57982058496,spread,"[3804, 4187]"
scale_50_group,3,2,4,"[12, 13, 12, 13]",1,False,False,4943911294954616,4943911313509659,113246208,18.506080627441406,False,57982058496,spread,"[2625, 3008, 3391, 3774, 4157, 4540, 4923, 5306, 5689, 6072, 311, 694]"
scale_14_group,3,2,4,"[3, 4, 3, 4]",1,False,False,4943911324514494,4943911329994750,28311552,4.505504131317139,False,57982058496,spread,"[5391, 5774, 13]"
scale_2_rank,3,2,4,"[1, 1, 0, 0]",1,False,False,4943911340314291,4943911340393487,0,0,False,57982058496,spread,[]
scale_8_rank,3,2,4,"[2, 2, 2, 2]",1,False,False,4943911352300023,4943911355476794,18874368,3.122688055038452,False,57982058496,spread,"[3804, 4187]"
scale_6_rank,3,2,4,"[2, 2, 1, 1]",1,False,False,4943911365802421,4943911367442672,9437184,1.5854079723358154,False,57982058496,spread,[3658]
two_pair_0_2,3,2,4,"[1, 0, 1, 0]",1,False,False,4943911379516944,4943911380697558,9437184,0.8900480270385742,False,57982058496,spread,[2217]
scale_4_group,3,2,4,"[1, 1, 1, 1]",1,False,False,4943911391138439,4943911392767237,9437184,1.5769920349121094,False,57982058496,spread,[2746]
two_pair_0_3,3,2,4,"[1, 0, 0, 1]",1,False,False,4943911403056365,4943911403126777,0,0,False,57982058496,spread,[]
two_single_3,3,2,4,"[0, 0, 0, 2]",1,False,False,4943911414208427,4943911414277012,0,0,False,57982058496,spread,[]
concurrency_4_group,3,2,4,"[3, 4, 3, 4]",4,False,False,4943911426176065,4943911430957452,28311552,4.6721601486206055,False,57982058496,spread,"[5391, 5774, 13]"
scale_2_group,3,2,4,"[0, 1, 0, 1]",1,False,False,4943911441938280,4943911442008288,0,0,False,57982058496,spread,[]
two_pair_1_3,3,2,4,"[0, 1, 0, 1]",1,False,False,4943911453018896,4943911453085504,0,0,False,57982058496,spread,[]
two_single_1,3,2,4,"[0, 2, 0, 0]",1,False,False,4943911464087164,4943911464157729,0,0,False,57982058496,spread,[]
two_pair_0_1,3,2,4,"[1, 1, 0, 0]",1,False,False,4943911476663306,4943911476756778,0,0,False,57982058496,spread,[]
scale_50_rank,3,2,4,"[13, 13, 12, 12]",1,False,False,4943911488612727,4943911507154999,113246208,18.479135513305664,False,57982058496,spread,"[3008, 3391, 3774, 4157, 4540, 4923, 5306, 5689, 6072, 311, 694, 1077]"
scale_10_group,3,2,4,"[2, 3, 2, 3]",1,False,False,4943911518984269,4943911522184706,18874368,3.1328959465026855,False,57982058496,spread,"[4333, 4716]"
scale_4_rank,3,2,4,"[1, 1, 1, 1]",1,False,False,4943911533184491,4943911534833110,9437184,1.5914560556411743,False,57982058496,spread,[2746]
six_0,3,2,4,"[2, 2, 1, 1]",1,False,False,4943911545130410,4943911546781257,9437184,1.5942720174789429,False,57982058496,spread,[3658]
scale_14_rank,3,2,4,"[4, 4, 3, 3]",1,False,False,4943911558562707,4943911563297308,28311552,4.682623863220215,False,57982058496,spread,"[5774, 13, 396]"
scale_62_rank,3,2,4,"[16, 16, 15, 15]",1,False,False,4943911575171789,4943911598439098,141557760,23.21788787841797,False,57982058496,spread,"[38, 421, 804, 1187, 1570, 1953, 2336, 2719, 3102, 3485, 3868, 4251, 4634, 5017, 5400]"
concurrency_2_rank,3,2,4,"[4, 4, 3, 3]",2,False,False,4943911610260916,4943911615008580,28311552,4.662208080291748,False,57982058496,spread,"[5774, 13, 396]"
two_pair_2_3,3,2,4,"[0, 0, 1, 1]",1,False,False,4943911626870894,4943911628508819,9437184,1.585279941558838,False,57982058496,spread,[1834]
two_single_0,3,2,4,"[2, 0, 0, 0]",1,False,False,4943911638774993,4943911638847142,0,0,False,57982058496,spread,[]
scale_62_group,3,2,4,"[15, 16, 15, 16]",1,False,False,4943911650655252,4943911673891982,141557760,23.186399459838867,False,57982058496,spread,"[5799, 38, 421, 804, 1187, 1570, 1953, 2336, 2719, 3102, 3485, 3868, 4251, 4634, 5017]"
scale_6_group,3,2,4,"[1, 2, 1, 2]",1,False,False,4943911684899498,4943911686857817,9437184,1.676192045211792,False,57982058496,spread,[3275]
six_3,3,2,4,"[1, 1, 2, 2]",1,False,False,4943911697541878,4943911700714809,18874368,3.120512008666992,False,57982058496,spread,"[2892, 3275]"
concurrency_2_group,3,2,4,"[3, 4, 3, 4]",2,False,False,4943911710972221,4943911715715156,28311552,4.662047863006592,False,57982058496,spread,"[5391, 5774, 13]"
two_single_2,3,2,4,"[0, 0, 2, 0]",1,False,False,4943911726732942,4943911728367436,18874368,1.5839999914169312,False,57982058496,spread,"[1834, 2217]"
two_single_1,4,2,4,"[0, 2, 0, 0]",1,False,False,4943911738621419,4943911738691652,0,0,False,57982058496,spread,[]
two_pair_0_2,4,2,4,"[1, 0, 1, 0]",1,False,False,4943911750573541,4943911751438810,9437184,0.8184000253677368,False,57982058496,spread,[2428]
scale_8_group,4,2,4,"[2, 2, 2, 2]",1,False,False,4943911761737232,4943911764910474,18874368,3.1262080669403076,False,57982058496,spread,"[4015, 4398]"
scale_6_group,4,2,4,"[1, 2, 1, 2]",1,False,False,4943911775374032,4943911777016179,9437184,1.5836800336837769,False,57982058496,spread,[3486]
two_single_2,4,2,4,"[0, 0, 2, 0]",1,False,False,4943911788064612,4943911789697331,18874368,1.5835520029067993,False,57982058496,spread,"[2045, 2428]"
scale_62_rank,4,2,4,"[16, 16, 15, 15]",1,False,False,4943911800096460,4943911823285962,141557760,23.139808654785156,False,57982058496,spread,"[249, 632, 1015, 1398, 1781, 2164, 2547, 2930, 3313, 3696, 4079, 4462, 4845, 5228, 5611]"
scale_14_rank,4,2,4,"[4, 4, 3, 3]",1,False,False,4943911835211769,4943911839913102,28311552,4.649663925170898,False,57982058496,spread,"[5985, 224, 607]"
six_3,4,2,4,"[1, 1, 2, 2]",1,False,False,4943911851878589,4943911855061567,18874368,3.127552032470703,False,57982058496,spread,"[3103, 3486]"
two_pair_1_3,4,2,4,"[0, 1, 0, 1]",1,False,False,4943911865409588,4943911865480683,0,0,False,57982058496,spread,[]
six_0,4,2,4,"[2, 2, 1, 1]",1,False,False,4943911876585716,4943911878219728,9437184,1.5854079723358154,False,57982058496,spread,[3869]
two_pair_0_3,4,2,4,"[1, 0, 0, 1]",1,False,False,4943911890120874,4943911890190079,0,0,False,57982058496,spread,[]
concurrency_2_group,4,2,4,"[3, 4, 3, 4]",2,False,False,4943911901316864,4943911906050347,28311552,4.666463851928711,False,57982058496,spread,"[5602, 5985, 224]"
scale_50_group,4,2,4,"[12, 13, 12, 13]",1,False,False,4943911917121472,4943911935713563,113246208,18.53775978088379,False,57982058496,spread,"[2836, 3219, 3602, 3985, 4368, 4751, 5134, 5517, 5900, 139, 522, 905]"
scale_10_group,4,2,4,"[2, 3, 2, 3]",1,False,False,4943911946753580,4943911949940089,18874368,3.1318719387054443,False,57982058496,spread,"[4544, 4927]"
scale_2_group,4,2,4,"[0, 1, 0, 1]",1,False,False,4943911961047951,4943911961119060,0,0,False,57982058496,spread,[]
two_pair_0_1,4,2,4,"[1, 1, 0, 0]",1,False,False,4943911972218543,4943911972287247,0,0,False,57982058496,spread,[]
two_pair_1_2,4,2,4,"[0, 1, 1, 0]",1,False,False,4943911984156739,4943911985026909,9437184,0.8235520124435425,False,57982058496,spread,[2428]
scale_14_group,4,2,4,"[3, 4, 3, 4]",1,False,False,4943911995295850,4943912000323291,28311552,4.743423938751221,False,57982058496,spread,"[5602, 5985, 224]"
scale_6_rank,4,2,4,"[2, 2, 1, 1]",1,False,False,4943912011085060,4943912012724378,9437184,1.584831953048706,False,57982058496,spread,[3869]
six_1,4,2,4,"[1, 2, 1, 2]",1,False,False,4943912024588126,4943912026232544,9437184,1.5792640447616577,False,57982058496,spread,[3486]
concurrency_4_rank,4,2,4,"[4, 4, 3, 3]",4,False,False,4943912037297599,4943912042099755,28311552,4.688864231109619,False,57982058496,spread,"[5985, 224, 607]"
scale_2_rank,4,2,4,"[1, 1, 0, 0]",1,False,False,4943912054038258,4943912054123221,0,0,False,57982058496,spread,[]
scale_62_group,4,2,4,"[15, 16, 15, 16]",1,False,False,4943912066241119,4943912089478055,141557760,23.17420768737793,False,57982058496,spread,"[6010, 249, 632, 1015, 1398, 1781, 2164, 2547, 2930, 3313, 3696, 4079, 4462, 4845, 5228]"
two_pair_2_3,4,2,4,"[0, 0, 1, 1]",1,False,False,4943912101044972,4943912102618672,9437184,1.5185600519180298,False,57982058496,spread,[2045]
six_2,4,2,4,"[2, 1, 2, 1]",1,False,False,4943912113107647,4943912115507790,18874368,2.3530240058898926,False,57982058496,spread,"[3486, 3869]"
scale_4_group,4,2,4,"[1, 1, 1, 1]",1,False,False,4943912125810282,4943912127444416,9437184,1.5856319665908813,False,57982058496,spread,[2957]
two_single_3,4,2,4,"[0, 0, 0, 2]",1,False,False,4943912137802290,4943912137870556,0,0,False,57982058496,spread,[]
concurrency_4_group,4,2,4,"[3, 4, 3, 4]",4,False,False,4943912149866211,4943912154646122,28311552,4.673823833465576,False,57982058496,spread,"[5602, 5985, 224]"
scale_50_rank,4,2,4,"[13, 13, 12, 12]",1,False,False,4943912165798705,4943912184373788,113246208,18.513952255249023,False,57982058496,spread,"[3219, 3602, 3985, 4368, 4751, 5134, 5517, 5900, 139, 522, 905, 1288]"
two_single_0,4,2,4,"[2, 0, 0, 0]",1,False,False,4943912196255586,4943912196325282,0,0,False,57982058496,spread,[]
scale_8_rank,4,2,4,"[2, 2, 2, 2]",1,False,False,4943912208226921,4943912211422035,18874368,3.1289279460906982,False,57982058496,spread,"[4015, 4398]"
scale_10_rank,4,2,4,"[3, 3, 2, 2]",1,False,False,4943912221780437,4943912224946824,18874368,3.1171200275421143,False,57982058496,spread,"[4927, 5310]"
scale_4_rank,4,2,4,"[1, 1, 1, 1]",1,False,False,4943912236857751,4943912238501895,9437184,1.5799360275268555,False,57982058496,spread,[2957]
concurrency_2_rank,4,2,4,"[4, 4, 3, 3]",2,False,False,4943912248873424,4943912253597588,28311552,4.6560959815979,False,57982058496,spread,"[5985, 224, 607]"
two_pair_1_2,5,2,4,"[0, 1, 1, 0]",1,False,False,4943912265474227,4943912266359127,9437184,0.8236799836158752,False,57982058496,spread,[2639]
concurrency_2_group,5,2,4,"[3, 4, 3, 4]",2,False,False,4943912276635913,4943912281368391,28311552,4.6629438400268555,False,57982058496,spread,"[5813, 52, 435]"
scale_6_group,5,2,4,"[1, 2, 1, 2]",1,False,False,4943912292445886,4943912294074318,9437184,1.5800960063934326,False,57982058496,spread,[3697]
two_pair_1_3,5,2,4,"[0, 1, 0, 1]",1,False,False,4943912305178465,4943912305518046,0,0,False,57982058496,spread,[]
concurrency_2_rank,5,2,4,"[4, 4, 3, 3]",2,False,False,4943912316331647,4943912321063024,28311552,4.655424118041992,False,57982058496,spread,"[52, 435, 818]"
scale_10_rank,5,2,4,"[3, 3, 2, 2]",1,False,False,4943912332934411,4943912336110414,18874368,3.1111679077148438,False,57982058496,spread,"[5138, 5521]"
two_pair_0_3,5,2,4,"[1, 0, 0, 1]",1,False,False,4943912348015147,4943912348103061,0,0,False,57982058496,spread,[]
concurrency_4_rank,5,2,4,"[4, 4, 3, 3]",4,False,False,4943912359178655,4943912363942913,28311552,4.669439792633057,False,57982058496,spread,"[52, 435, 818]"
scale_6_rank,5,2,4,"[2, 2, 1, 1]",1,False,False,4943912375832580,4943912377492656,9437184,1.5904959440231323,False,57982058496,spread,[4080]
six_1,5,2,4,"[1, 2, 1, 2]",1,False,False,4943912389399480,4943912391046536,9437184,1.5759999752044678,False,57982058496,spread,[3697]
scale_62_group,5,2,4,"[15, 16, 15, 16]",1,False,False,4943912402158835,4943912425340785,141557760,23.13155174255371,False,57982058496,spread,"[77, 460, 843, 1226, 1609, 1992, 2375, 2758, 3141, 3524, 3907, 4290, 4673, 5056, 5439]"
two_pair_0_1,5,2,4,"[1, 1, 0, 0]",1,False,False,4943912436509124,4943912436569579,0,0,False,57982058496,spread,[]
scale_2_rank,5,2,4,"[1, 1, 0, 0]",1,False,False,4943912448486118,4943912448574064,0,0,False,57982058496,spread,[]
six_2,5,2,4,"[2, 1, 2, 1]",1,False,False,4943912460509915,4943912462939636,18874368,2.361504077911377,False,57982058496,spread,"[3697, 4080]"
two_pair_0_2,5,2,4,"[1, 0, 1, 0]",1,False,False,4943912473297773,4943912474157314,9437184,0.8164160251617432,False,57982058496,spread,[2639]
two_single_2,5,2,4,"[0, 0, 2, 0]",1,False,False,4943912484491179,4943912486118881,18874368,1.5840959548950195,False,57982058496,spread,"[2256, 2639]"
scale_10_group,5,2,4,"[2, 3, 2, 3]",1,False,False,4943912496616581,4943912499738539,18874368,3.079648017883301,False,57982058496,spread,"[4755, 5138]"
concurrency_4_group,5,2,4,"[3, 4, 3, 4]",4,False,False,4943912510872789,4943912515624347,28311552,4.666687965393066,False,57982058496,spread,"[5813, 52, 435]"
scale_8_rank,5,2,4,"[2, 2, 2, 2]",1,False,False,4943912526724737,4943912529870282,18874368,3.1022720336914062,False,57982058496,spread,"[4226, 4609]"
scale_50_rank,5,2,4,"[13, 13, 12, 12]",1,False,False,4943912540234290,4943912558787752,113246208,18.505599975585938,False,57982058496,spread,"[3430, 3813, 4196, 4579, 4962, 5345, 5728, 6111, 350, 733, 1116, 1499]"
two_single_0,5,2,4,"[2, 0, 0, 0]",1,False,False,4943912571090960,4943912571193655,0,0,False,57982058496,spread,[]
scale_8_group,5,2,4,"[2, 2, 2, 2]",1,False,False,4943912583090083,4943912586266182,18874368,3.137471914291382,False,57982058496,spread,"[4226, 4609]"
scale_14_rank,5,2,4,"[4, 4, 3, 3]",1,False,False,4943912596659498,4943912601352977,28311552,4.64902400970459,False,57982058496,spread,"[52, 435, 818]"
scale_4_rank,5,2,4,"[1, 1, 1, 1]",1,False,False,4943912613238863,4943912614888941,9437184,1.3706879615783691,False,57982058496,spread,[3168]
six_0,5,2,4,"[2, 2, 1, 1]",1,False,False,4943912625447757,4943912627066093,9437184,1.5727360248565674,False,57982058496,spread,[4080]
two_single_3,5,2,4,"[0, 0, 0, 2]",1,False,False,4943912638879968,4943912638975583,0,0,False,57982058496,spread,[]
scale_4_group,5,2,4,"[1, 1, 1, 1]",1,False,False,4943912650880119,4943912652514104,9437184,1.56876802444458,False,57982058496,spread,[3168]
two_single_1,5,2,4,"[0, 2, 0, 0]",1,False,False,4943912663092818,4943912663154980,0,0,False,57982058496,spread,[]
scale_62_rank,5,2,4,"[16, 16, 15, 15]",1,False,False,4943912675086461,4943912698278040,141557760,23.118175506591797,False,57982058496,spread,"[460, 843, 1226, 1609, 1992, 2375, 2758, 3141, 3524, 3907, 4290, 4673, 5056, 5439, 5822]"
two_pair_2_3,5,2,4,"[0, 0, 1, 1]",1,False,False,4943912710206897,4943912711804526,9437184,1.5324480533599854,False,57982058496,spread,[2256]
scale_14_group,5,2,4,"[3, 4, 3, 4]",1,False,False,4943912722225804,4943912726927203,28311552,4.65558385848999,False,57982058496,spread,"[5813, 52, 435]"
scale_2_group,5,2,4,"[0, 1, 0, 1]",1,False,False,4943912738072082,4943912738138597,0,0,False,57982058496,spread,[]
six_3,5,2,4,"[1, 1, 2, 2]",1,False,False,4943912749263676,4943912752427077,18874368,3.1156160831451416,False,57982058496,spread,"[3314, 3697]"
scale_50_group,5,2,4,"[12, 13, 12, 13]",1,False,False,4943912762844216,4943912781388308,113246208,18.495647430419922,False,57982058496,spread,"[3047, 3430, 3813, 4196, 4579, 4962, 5345, 5728, 6111, 350, 733, 1116]"
scale_10_group,6,2,4,"[2, 3, 2, 3]",1,False,False,4943912792605818,4943912795772788,18874368,3.119328022003174,False,57982058496,spread,"[4966, 5349]"
scale_6_rank,6,2,4,"[2, 2, 1, 1]",1,False,False,4943912806855371,4943912808478332,9437184,1.5737600326538086,False,57982058496,spread,[4291]
scale_14_rank,6,2,4,"[4, 4, 3, 3]",1,False,False,4943912820490039,4943912825213205,28311552,4.66374397277832,False,57982058496,spread,"[263, 646, 1029]"
scale_8_group,6,2,4,"[2, 2, 2, 2]",1,False,False,4943912837183132,4943912840369589,18874368,3.1262400150299072,False,57982058496,spread,"[4437, 4820]"
concurrency_4_rank,6,2,4,"[4, 4, 3, 3]",4,False,False,4943912850694588,4943912855474622,28311552,4.681503772735596,False,57982058496,spread,"[263, 646, 1029]"
scale_4_group,6,2,4,"[1, 1, 1, 1]",1,False,False,4943912867805597,4943912869478456,9437184,1.5981119871139526,False,57982058496,spread,[3379]
scale_8_rank,6,2,4,"[2, 2, 2, 2]",1,False,False,4943912879829132,4943912882990890,18874368,3.1118719577789307,False,57982058496,spread,"[4437, 4820]"
two_pair_0_2,6,2,4,"[1, 0, 1, 0]",1,False,False,4943912893351528,4943912894207111,9437184,0.8116480112075806,False,57982058496,spread,[2850]
six_2,6,2,4,"[2, 1, 2, 1]",1,False,False,4943912904483792,4943912906883356,18874368,2.351871967315674,False,57982058496,spread,"[3908, 4291]"
scale_14_group,6,2,4,"[3, 4, 3, 4]",1,False,False,4943912917230849,4943912922279740,28311552,4.751584053039551,False,57982058496,spread,"[6024, 263, 646]"
concurrency_4_group,6,2,4,"[3, 4, 3, 4]",4,False,False,4943912933141658,4943912937927993,28311552,4.6815361976623535,False,57982058496,spread,"[6024, 263, 646]"
two_single_2,6,2,4,"[0, 0, 2, 0]",1,False,False,4943912949553773,4943912951216806,18874368,1.594815969467163,False,57982058496,spread,"[2467, 2850]"
scale_2_group,6,2,4,"[0, 1, 0, 1]",1,False,False,4943912961845258,4943912961907744,0,0,False,57982058496,spread,[]
scale_2_rank,6,2,4,"[1, 1, 0, 0]",1,False,False,4943912973108117,4943912973224386,0,0,False,57982058496,spread,[]
scale_4_rank,6,2,4,"[1, 1, 1, 1]",1,False,False,4943912985153511,4943912986863556,9437184,1.615839958190918,False,57982058496,spread,[3379]
concurrency_2_rank,6,2,4,"[4, 4, 3, 3]",2,False,False,4943912997219884,4943913001946189,28311552,4.635839939117432,False,57982058496,spread,"[263, 646, 1029]"
two_pair_2_3,6,2,4,"[0, 0, 1, 1]",1,False,False,4943913013938716,4943913015628549,9437184,1.6093759536743164,False,57982058496,spread,[2467]
six_1,6,2,4,"[1, 2, 1, 2]",1,False,False,4943913026163804,4943913027809070,9437184,1.5843839645385742,False,57982058496,spread,[3908]
scale_10_rank,6,2,4,"[3, 3, 2, 2]",1,False,False,4943913038906593,4943913042086391,18874368,3.121567964553833,False,57982058496,spread,"[5349, 5732]"
two_pair_1_3,6,2,4,"[0, 1, 0, 1]",1,False,False,4943913053999058,4943913054085440,0,0,False,57982058496,spread,[]
concurrency_2_group,6,2,4,"[3, 4, 3, 4]",2,False,False,4943913065339223,4943913070050275,28311552,4.647424221038818,False,57982058496,spread,"[6024, 263, 646]"
scale_50_rank,6,2,4,"[13, 13, 12, 12]",1,False,False,4943913081194531,4943913099785595,113246208,18.54425621032715,False,57982058496,spread,"[3641, 4024, 4407, 4790, 5173, 5556, 5939, 178, 561, 944, 1327, 1710]"
two_single_3,6,2,4,"[0, 0, 0, 2]",1,False,False,4943913111648480,4943913111739622,0,0,False,57982058496,spread,[]
two_single_0,6,2,4,"[2, 0, 0, 0]",1,False,False,4943913123884464,4943913123969030,0,0,False,57982058496,spread,[]
scale_6_group,6,2,4,"[1, 2, 1, 2]",1,False,False,4943913135923563,4943913137588800,9437184,1.6023999452590942,False,57982058496,spread,[3908]
scale_62_group,6,2,4,"[15, 16, 15, 16]",1,False,False,4943913148679064,4943913171827370,141557760,23.09667205810547,False,57982058496,spread,"[288, 671, 1054, 1437, 1820, 2203, 2586, 2969, 3352, 3735, 4118, 4501, 4884, 5267, 5650]"
two_single_1,6,2,4,"[0, 2, 0, 0]",1,False,False,4943913182989740,4943913183069049,0,0,False,57982058496,spread,[]
six_0,6,2,4,"[2, 2, 1, 1]",1,False,False,4943913194903927,4943913196549917,9437184,1.5845439434051514,False,57982058496,spread,[4291]
six_3,6,2,4,"[1, 1, 2, 2]",1,False,False,4943913208396562,4943913211588279,18874368,3.131808042526245,False,57982058496,spread,"[3525, 3908]"
two_pair_0_3,6,2,4,"[1, 0, 0, 1]",1,False,False,4943913222118866,4943913222450428,0,0,False,57982058496,spread,[]
two_pair_1_2,6,2,4,"[0, 1, 1, 0]",1,False,False,4943913233325530,4943913234227756,9437184,0.8596159815788269,False,57982058496,spread,[2850]
two_pair_0_1,6,2,4,"[1, 1, 0, 0]",1,False,False,4943913244692919,4943913244764857,0,0,False,57982058496,spread,[]
scale_50_group,6,2,4,"[12, 13, 12, 13]",1,False,False,4943913256917856,4943913275554892,113246208,18.56163215637207,False,57982058496,spread,"[3258, 3641, 4024, 4407, 4790, 5173, 5556, 5939, 178, 561, 944, 1327]"
scale_62_rank,6,2,4,"[16, 16, 15, 15]",1,False,False,4943913286654461,4943913309919694,141557760,23.205120086669922,False,57982058496,spread,"[671, 1054, 1437, 1820, 2203, 2586, 2969, 3352, 3735, 4118, 4501, 4884, 5267, 5650, 6033]"
scale_62_group,7,2,4,"[15, 16, 15, 16]",1,False,False,4943913321806490,4943913344997559,141557760,23.09833526611328,False,57982058496,spread,"[499, 882, 1265, 1648, 2031, 2414, 2797, 3180, 3563, 3946, 4329, 4712, 5095, 5478, 5861]"
two_pair_2_3,7,2,4,"[0, 0, 1, 1]",1,False,False,4943913356298444,4943913357962786,9437184,1.5840959548950195,False,57982058496,spread,[2678]
two_pair_1_2,7,2,4,"[0, 1, 1, 0]",1,False,False,4943913368409535,4943913369267485,9437184,0.8156800270080566,False,57982058496,spread,[3061]
scale_8_group,7,2,4,"[2, 2, 2, 2]",1,False,False,4943913379558644,4943913382723415,18874368,3.1195199489593506,False,57982058496,spread,"[4648, 5031]"
two_single_3,7,2,4,"[0, 0, 0, 2]",1,False,False,4943913393076085,4943913393146861,0,0,False,57982058496,spread,[]
scale_6_group,7,2,4,"[1, 2, 1, 2]",1,False,False,4943913405254851,4943913406925144,9437184,1.5953919887542725,False,57982058496,spread,[4119]
six_3,7,2,4,"[1, 1, 2, 2]",1,False,False,4943913418045825,4943913421218941,18874368,3.1134719848632812,False,57982058496,spread,"[3736, 4119]"
scale_50_rank,7,2,4,"[13, 13, 12, 12]",1,False,False,4943913431762640,4943913450340509,113246208,18.525503158569336,False,57982058496,spread,"[3852, 4235, 4618, 5001, 5384, 5767, 6, 389, 772, 1155, 1538, 1921]"
scale_14_group,7,2,4,"[3, 4, 3, 4]",1,False,False,4943913462251311,4943913467005280,28311552,4.684576034545898,False,57982058496,spread,"[91, 474, 857]"
scale_4_rank,7,2,4,"[1, 1, 1, 1]",1,False,False,4943913478142070,4943913479767812,9437184,1.5834879875183105,False,57982058496,spread,[3590]
two_single_0,7,2,4,"[2, 0, 0, 0]",1,False,False,4943913490247289,4943913490308384,0,0,False,57982058496,spread,[]
scale_62_rank,7,2,4,"[16, 16, 15, 15]",1,False,False,4943913502282445,4943913525612883,141557760,23.19443130493164,False,57982058496,spread,"[882, 1265, 1648, 2031, 2414, 2797, 3180, 3563, 3946, 4329, 4712, 5095, 5478, 5861, 100]"
scale_2_rank,7,2,4,"[1, 1, 0, 0]",1,False,False,4943913537339221,4943913537476046,0,0,False,57982058496,spread,[]
six_0,7,2,4,"[2, 2, 1, 1]",1,False,False,4943913549562564,4943913551250033,9437184,1.613312005996704,False,57982058496,spread,[4502]
scale_2_group,7,2,4,"[0, 1, 0, 1]",1,False,False,4943913563002391,4943913563095805,0,0,False,57982058496,spread,[]
concurrency_2_rank,7,2,4,"[4, 4, 3, 3]",2,False,False,4943913574356501,4943913579088573,28311552,4.664447784423828,False,57982058496,spread,"[474, 857, 1240]"
scale_4_group,7,2,4,"[1, 1, 1, 1]",1,False,False,4943913590952005,4943913592648910,9437184,1.609536051750183,False,57982058496,spread,[3590]
scale_10_rank,7,2,4,"[3, 3, 2, 2]",1,False,False,4943913602996841,4943913606194450,18874368,3.1358718872070312,False,57982058496,spread,"[5560, 5943]"
scale_6_rank,7,2,4,"[2, 2, 1, 1]",1,False,False,4943913618097305,4943913619771164,9437184,1.5995839834213257,False,57982058496,spread,[4502]
six_1,7,2,4,"[1, 2, 1, 2]",1,False,False,4943913631612033,4943913633280009,9437184,1.5967680215835571,False,57982058496,spread,[4119]
two_single_2,7,2,4,"[0, 0, 2, 0]",1,False,False,4943913644333599,4943913645965424,18874368,1.5900160074234009,False,57982058496,spread,"[2678, 3061]"
two_pair_0_1,7,2,4,"[1, 1, 0, 0]",1,False,False,4943913656418196,4943913656480623,0,0,False,57982058496,spread,[]
scale_8_rank,7,2,4,"[2, 2, 2, 2]",1,False,False,4943913668424383,4943913671626789,18874368,3.1310720443725586,False,57982058496,spread,"[4648, 5031]"
two_pair_0_2,7,2,4,"[1, 0, 1, 0]",1,False,False,4943913681950865,4943913682841190,9437184,0.8286399841308594,False,57982058496,spread,[3061]
two_pair_1_3,7,2,4,"[0, 1, 0, 1]",1,False,False,4943913693174830,4943913693241878,0,0,False,57982058496,spread,[]
two_single_1,7,2,4,"[0, 2, 0, 0]",1,False,False,4943913704381550,4943913704445949,0,0,False,57982058496,spread,[]
concurrency_2_group,7,2,4,"[3, 4, 3, 4]",2,False,False,4943913716451165,4943913721238938,28311552,4.6835198402404785,False,57982058496,spread,"[91, 474, 857]"
concurrency_4_rank,7,2,4,"[4, 4, 3, 3]",4,False,False,4943913732317253,4943913737120169,28311552,4.694079875946045,False,57982058496,spread,"[474, 857, 1240]"
scale_50_group,7,2,4,"[12, 13, 12, 13]",1,False,False,4943913749107852,4943913767756730,113246208,18.561439514160156,False,57982058496,spread,"[3469, 3852, 4235, 4618, 5001, 5384, 5767, 6, 389, 772, 1155, 1538]"
scale_10_group,7,2,4,"[2, 3, 2, 3]",1,False,False,4943913778906291,4943913782088354,18874368,3.1238720417022705,False,57982058496,spread,"[5177, 5560]"
scale_14_rank,7,2,4,"[4, 4, 3, 3]",1,False,False,4943913793206020,4943913797898938,28311552,4.643104076385498,False,57982058496,spread,"[474, 857, 1240]"
concurrency_4_group,7,2,4,"[3, 4, 3, 4]",4,False,False,4943913809840027,4943913814630779,28311552,4.68393611907959,False,57982058496,spread,"[91, 474, 857]"
six_2,7,2,4,"[2, 1, 2, 1]",1,False,False,4943913825753417,4943913828838628,18874368,2.3490240573883057,False,57982058496,spread,"[4119, 4502]"
two_pair_0_3,7,2,4,"[1, 0, 0, 1]",1,False,False,4943913839782276,4943913839883798,0,0,False,57982058496,spread,[]
concurrency_4_rank,8,2,4,"[4, 4, 3, 3]",4,False,False,4943913851046916,4943913855833481,28311552,4.696000099182129,False,57982058496,spread,"[685, 1068, 1451]"
two_pair_1_3,8,2,4,"[0, 1, 0, 1]",1,False,False,4943913867677823,4943913867774321,0,0,False,57982058496,spread,[]
two_single_0,8,2,4,"[2, 0, 0, 0]",1,False,False,4943913878856494,4943913878918699,0,0,False,57982058496,spread,[]
scale_2_group,8,2,4,"[0, 1, 0, 1]",1,False,False,4943913890729776,4943913890818671,0,0,False,57982058496,spread,[]
two_pair_0_2,8,2,4,"[1, 0, 1, 0]",1,False,False,4943913901925922,4943913902789015,9437184,0.8258879780769348,False,57982058496,spread,[3272]
scale_14_rank,8,2,4,"[4, 4, 3, 3]",1,False,False,4943913913138213,4943913917549988,28311552,4.365856170654297,False,57982058496,spread,"[685, 1068, 1451]"
two_pair_0_3,8,2,4,"[1, 0, 0, 1]",1,False,False,4943913929720698,4943913929807253,0,0,False,57982058496,spread,[]
scale_62_group,8,2,4,"[15, 16, 15, 16]",1,False,False,4943913940928373,4943913964111490,141557760,23.135295867919922,False,57982058496,spread,"[710, 1093, 1476, 1859, 2242, 2625, 3008, 3391, 3774, 4157, 4540, 4923, 5306, 5689, 6072]"
two_pair_0_1,8,2,4,"[1, 1, 0, 0]",1,False,False,4943913975226667,4943913975292401,0,0,False,57982058496,spread,[]
scale_62_rank,8,2,4,"[16, 16, 15, 15]",1,False,False,4943913987164392,4943914010361899,141557760,23.131168365478516,False,57982058496,spread,"[1093, 1476, 1859, 2242, 2625, 3008, 3391, 3774, 4157, 4540, 4923, 5306, 5689, 6072, 311]"
scale_6_rank,8,2,4,"[2, 2, 1, 1]",1,False,False,4943914022242635,4943914023913202,9437184,1.580575942993164,False,57982058496,spread,[4713]
two_pair_2_3,8,2,4,"[0, 0, 1, 1]",1,False,False,4943914035799053,4943914037482992,9437184,1.603935956954956,False,57982058496,spread,[2889]
six_0,8,2,4,"[2, 2, 1, 1]",1,False,False,4943914048011456,4943914049631348,9437184,1.5718400478363037,False,57982058496,spread,[4713]
scale_4_rank,8,2,4,"[1, 1, 1, 1]",1,False,False,4943914061828856,4943914063487143,9437184,1.5919040441513062,False,57982058496,spread,[3801]
scale_14_group,8,2,4,"[3, 4, 3, 4]",1,False,False,4943914073886697,4943914078619702,28311552,4.669439792633057,False,57982058496,spread,"[302, 685, 1068]"
scale_2_rank,8,2,4,"[1, 1, 0, 0]",1,False,False,4943914089749055,4943914089820063,0,0,False,57982058496,spread,[]
six_3,8,2,4,"[1, 1, 2, 2]",1,False,False,4943914101764460,4943914104971032,18874368,3.1371519565582275,False,57982058496,spread,"[3947, 4330]"
six_2,8,2,4,"[2, 1, 2, 1]",1,False,False,4943914115442292,4943914117847228,18874368,2.3556160926818848,False,57982058496,spread,"[4330, 4713]"
scale_8_rank,8,2,4,"[2, 2, 2, 2]",1,False,False,4943914128228347,4943914131385008,18874368,3.1083199977874756,False,57982058496,spread,"[4859, 5242]"
scale_4_group,8,2,4,"[1, 1, 1, 1]",1,False,False,4943914141971122,4943914143635669,9437184,1.3827519416809082,False,57982058496,spread,[3801]
concurrency_2_rank,8,2,4,"[4, 4, 3, 3]",2,False,False,4943914154153370,4943914158885163,28311552,4.6530561447143555,False,57982058496,spread,"[685, 1068, 1451]"
scale_8_group,8,2,4,"[2, 2, 2, 2]",1,False,False,4943914170766784,4943914173945127,18874368,3.1117119789123535,False,57982058496,spread,"[4859, 5242]"
scale_50_group,8,2,4,"[12, 13, 12, 13]",1,False,False,4943914184340224,4943914202900137,113246208,18.511455535888672,False,57982058496,spread,"[3680, 4063, 4446, 4829, 5212, 5595, 5978, 217, 600, 983, 1366, 1749]"
scale_50_rank,8,2,4,"[13, 13, 12, 12]",1,False,False,4943914214121998,4943914232643114,113246208,18.474367141723633,False,57982058496,spread,"[4063, 4446, 4829, 5212, 5595, 5978, 217, 600, 983, 1366, 1749, 2132]"
two_pair_1_2,8,2,4,"[0, 1, 1, 0]",1,False,False,4943914244674202,4943914245561443,9437184,0.8227199912071228,False,57982058496,spread,[3272]
concurrency_4_group,8,2,4,"[3, 4, 3, 4]",4,False,False,4943914255882042,4943914260649475,28311552,4.673696041107178,False,57982058496,spread,"[302, 685, 1068]"
concurrency_2_group,8,2,4,"[3, 4, 3, 4]",2,False,False,4943914271758130,4943914276462513,28311552,4.641791820526123,False,57982058496,spread,"[302, 685, 1068]"
scale_6_group,8,2,4,"[1, 2, 1, 2]",1,False,False,4943914287594937,4943914289196947,9437184,1.5536320209503174,False,57982058496,spread,[4330]
two_single_1,8,2,4,"[0, 2, 0, 0]",1,False,False,4943914300373970,4943914300430653,0,0,False,57982058496,spread,[]
scale_10_group,8,2,4,"[2, 3, 2, 3]",1,False,False,4943914312461283,4943914315668736,18874368,3.133984088897705,False,57982058496,spread,"[5388, 5771]"
six_1,8,2,4,"[1, 2, 1, 2]",1,False,False,4943914326773660,4943914328395486,9437184,1.56876802444458,False,57982058496,spread,[4330]
two_single_3,8,2,4,"[0, 0, 0, 2]",1,False,False,4943914339521422,4943914339587895,0,0,False,57982058496,spread,[]
two_single_2,8,2,4,"[0, 0, 2, 0]",1,False,False,4943914351642709,4943914353295241,18874368,1.5904639959335327,False,57982058496,spread,"[2889, 3272]"
scale_10_rank,8,2,4,"[3, 3, 2, 2]",1,False,False,4943914363901602,4943914367045149,18874368,3.0971839427948,False,57982058496,spread,"[5771, 10]"
two_pair_0_3,9,2,4,"[1, 0, 0, 1]",1,False,False,4943914379155117,4943914379251741,0,0,False,57982058496,spread,[]
scale_8_group,9,2,4,"[2, 2, 2, 2]",1,False,False,4943914390400322,4943914393584519,18874368,3.1406400203704834,False,57982058496,spread,"[5070, 5453]"
scale_50_rank,9,2,4,"[13, 13, 12, 12]",1,False,False,4943914404014635,4943914422566965,113246208,18.504928588867188,False,57982058496,spread,"[4274, 4657, 5040, 5423, 5806, 45, 428, 811, 1194, 1577, 1960, 2343]"
two_single_0,9,2,4,"[2, 0, 0, 0]",1,False,False,4943914435887824,4943914435978898,0,0,False,57982058496,spread,[]
scale_2_group,9,2,4,"[0, 1, 0, 1]",1,False,False,4943914448033457,4943914448374018,0,0,False,57982058496,spread,[]
two_pair_0_1,9,2,4,"[1, 1, 0, 0]",1,False,False,4943914459236566,4943914459301230,0,0,False,57982058496,spread,[]
scale_8_rank,9,2,4,"[2, 2, 2, 2]",1,False,False,4943914471165617,4943914474352063,18874368,3.12060809135437,False,57982058496,spread,"[5070, 5453]"
scale_6_group,9,2,4,"[1, 2, 1, 2]",1,False,False,4943914484766613,4943914486397280,9437184,1.5827200412750244,False,57982058496,spread,[4541]
scale_2_rank,9,2,4,"[1, 1, 0, 0]",1,False,False,4943914497499134,4943914497559047,0,0,False,57982058496,spread,[]
scale_10_rank,9,2,4,"[3, 3, 2, 2]",1,False,False,4943914509463713,4943914512655000,18874368,3.1311678886413574,False,57982058496,spread,"[5982, 221]"
scale_6_rank,9,2,4,"[2, 2, 1, 1]",1,False,False,4943914524553445,4943914525942375,9437184,1.3179199695587158,False,57982058496,spread,[4924]
scale_4_group,9,2,4,"[1, 1, 1, 1]",1,False,False,4943914538075140,4943914539697187,9437184,1.577247977256775,False,57982058496,spread,[4012]
scale_4_rank,9,2,4,"[1, 1, 1, 1]",1,False,False,4943914550163230,4943914551764231,9437184,1.5552959442138672,False,57982058496,spread,[4012]
two_single_2,9,2,4,"[0, 0, 2, 0]",1,False,False,4943914562196563,4943914563819356,18874368,1.5826560258865356,False,57982058496,spread,"[3100, 3483]"
two_single_3,9,2,4,"[0, 0, 0, 2]",1,False,False,4943914574286283,4943914574344108,0,0,False,57982058496,spread,[]
scale_62_rank,9,2,4,"[16, 16, 15, 15]",1,False,False,4943914586372699,4943914609554673,141557760,23.118335723876953,False,57982058496,spread,"[1304, 1687, 2070, 2453, 2836, 3219, 3602, 3985, 4368, 4751, 5134, 5517, 5900, 139, 522]"
concurrency_4_rank,9,2,4,"[4, 4, 3, 3]",4,False,False,4943914621509688,4943914626334285,28311552,4.695007801055908,False,57982058496,spread,"[896, 1279, 1662]"
six_0,9,2,4,"[2, 2, 1, 1]",1,False,False,4943914638188085,4943914639867262,9437184,1.598304033279419,False,57982058496,spread,[4924]
concurrency_2_group,9,2,4,"[3, 4, 3, 4]",2,False,False,4943914651830913,4943914656596651,28311552,4.671584129333496,False,57982058496,spread,"[513, 896, 1279]"
concurrency_4_group,9,2,4,"[3, 4, 3, 4]",4,False,False,4943914667726358,4943914672487475,28311552,4.6735358238220215,False,57982058496,spread,"[513, 896, 1279]"
six_3,9,2,4,"[1, 1, 2, 2]",1,False,False,4943914683646294,4943914686848433,18874368,3.139807939529419,False,57982058496,spread,"[4158, 4541]"
scale_62_group,9,2,4,"[15, 16, 15, 16]",1,False,False,4943914697428100,4943914720625124,141557760,23.14134407043457,False,57982058496,spread,"[921, 1304, 1687, 2070, 2453, 2836, 3219, 3602, 3985, 4368, 4751, 5134, 5517, 5900, 139]"
two_pair_1_2,9,2,4,"[0, 1, 1, 0]",1,False,False,4943914732119910,4943914733044946,9437184,0.8398079872131348,False,57982058496,spread,[3483]
two_single_1,9,2,4,"[0, 2, 0, 0]",1,False,False,4943914743396699,4943914743469148,0,0,False,57982058496,spread,[]
concurrency_2_rank,9,2,4,"[4, 4, 3, 3]",2,False,False,4943914755445198,4943914760249477,28311552,4.6908159255981445,False,57982058496,spread,"[896, 1279, 1662]"
two_pair_2_3,9,2,4,"[0, 0, 1, 1]",1,False,False,4943914772079266,4943914773744257,9437184,1.5656960010528564,False,57982058496,spread,[3100]
scale_10_group,9,2,4,"[2, 3, 2, 3]",1,False,False,4943914784268074,4943914787434151,18874368,3.1202878952026367,False,57982058496,spread,"[5599, 5982]"
scale_50_group,9,2,4,"[12, 13, 12, 13]",1,False,False,4943914798533540,4943914817079151,113246208,18.499103546142578,False,57982058496,spread,"[3891, 4274, 4657, 5040, 5423, 5806, 45, 428, 811, 1194, 1577, 1960]"
two_pair_1_3,9,2,4,"[0, 1, 0, 1]",1,False,False,4943914828245280,4943914828309726,0,0,False,57982058496,spread,[]
six_2,9,2,4,"[2, 1, 2, 1]",1,False,False,4943914839568368,4943914841965518,18874368,2.329087972640991,False,57982058496,spread,"[4541, 4924]"
scale_14_group,9,2,4,"[3, 4, 3, 4]",1,False,False,4943914852323050,4943914857025990,28311552,4.658815860748291,False,57982058496,spread,"[513, 896, 1279]"
six_1,9,2,4,"[1, 2, 1, 2]",1,False,False,4943914868163432,4943914869779511,9437184,1.5763200521469116,False,57982058496,spread,[4541]
scale_14_rank,9,2,4,"[4, 4, 3, 3]",1,False,False,4943914880874352,4943914885566847,28311552,4.652383804321289,False,57982058496,spread,"[896, 1279, 1662]"
two_pair_0_2,9,2,4,"[1, 0, 1, 0]",1,False,False,4943914897478802,4943914898385334,9437184,0.829695999622345,False,57982058496,spread,[3483]
concurrency_4_group,10,2,4,"[3, 4, 3, 4]",4,False,False,4943914908787121,4943914913544592,28311552,4.65996789932251,False,57982058496,spread,"[724, 1107, 1490]"
two_pair_1_2,10,2,4,"[0, 1, 1, 0]",1,False,False,4943914924680868,4943914925541540,9437184,0.8184319734573364,False,57982058496,spread,[3694]
scale_4_group,10,2,4,"[1, 1, 1, 1]",1,False,False,4943914935878000,4943914937486236,9437184,1.5645760297775269,False,57982058496,spread,[4223]
two_single_1,10,2,4,"[0, 2, 0, 0]",1,False,False,4943914947895982,4943914947953862,0,0,False,57982058496,spread,[]
concurrency_4_rank,10,2,4,"[4, 4, 3, 3]",4,False,False,4943914960019104,4943914964720598,28311552,4.590432167053223,False,57982058496,spread,"[1107, 1490, 1873]"
scale_62_group,10,2,4,"[15, 16, 15, 16]",1,False,False,4943914977094861,4943915000340009,141557760,23.16886329650879,False,57982058496,spread,"[1132, 1515, 1898, 2281, 2664, 3047, 3430, 3813, 4196, 4579, 4962, 5345, 5728, 6111, 350]"
six_0,10,2,4,"[2, 2, 1, 1]",1,False,False,4943915011656458,4943915013317829,9437184,1.585312008857727,False,57982058496,spread,[5135]
six_3,10,2,4,"[1, 1, 2, 2]",1,False,False,4943915025233570,4943915028468082,18874368,3.1457600593566895,False,57982058496,spread,"[4369, 4752]"
two_single_3,10,2,4,"[0, 0, 0, 2]",1,False,False,4943915038873528,4943915038952467,0,0,False,57982058496,spread,[]
two_single_0,10,2,4,"[2, 0, 0, 0]",1,False,False,4943915050846235,4943915050916931,0,0,False,57982058496,spread,[]
scale_50_group,10,2,4,"[12, 13, 12, 13]",1,False,False,4943915062768149,4943915081414029,113246208,18.52889633178711,False,57982058496,spread,"[4102, 4485, 4868, 5251, 5634, 6017, 256, 639, 1022, 1405, 1788, 2171]"
scale_6_group,10,2,4,"[1, 2, 1, 2]",1,False,False,4943915092596641,4943915094315584,9437184,1.6318720579147339,False,57982058496,spread,[4752]
scale_8_rank,10,2,4,"[2, 2, 2, 2]",1,False,False,4943915105380621,4943915108556403,18874368,3.1296958923339844,False,57982058496,spread,"[5281, 5664]"
scale_8_group,10,2,4,"[2, 2, 2, 2]",1,False,False,4943915118988873,4943915122135988,18874368,3.0989439487457275,False,57982058496,spread,"[5281, 5664]"
six_2,10,2,4,"[2, 1, 2, 1]",1,False,False,4943915132947665,4943915135337437,18874368,2.3499200344085693,False,57982058496,spread,"[4752, 5135]"
scale_2_rank,10,2,4,"[1, 1, 0, 0]",1,False,False,4943915145707933,4943915145768139,0,0,False,57982058496,spread,[]
two_pair_2_3,10,2,4,"[0, 0, 1, 1]",1,False,False,4943915157716959,4943915159393277,9437184,1.5993599891662598,False,57982058496,spread,[3311]
scale_4_rank,10,2,4,"[1, 1, 1, 1]",1,False,False,4943915169767316,4943915171383978,9437184,1.5694719552993774,False,57982058496,spread,[4223]
scale_10_rank,10,2,4,"[3, 3, 2, 2]",1,False,False,4943915181762678,4943915184926103,18874368,3.11955189704895,False,57982058496,spread,"[49, 432]"
six_1,10,2,4,"[1, 2, 1, 2]",1,False,False,4943915196935516,4943915198589428,9437184,1.5885440111160278,False,57982058496,spread,[4752]
two_pair_0_1,10,2,4,"[1, 1, 0, 0]",1,False,False,4943915209741511,4943915209802709,0,0,False,57982058496,spread,[]
scale_14_group,10,2,4,"[3, 4, 3, 4]",1,False,False,4943915221807986,4943915226535862,28311552,4.66537618637085,False,57982058496,spread,"[724, 1107, 1490]"
scale_62_rank,10,2,4,"[16, 16, 15, 15]",1,False,False,4943915237667925,4943915260820708,141557760,23.10812759399414,False,57982058496,spread,"[1515, 1898, 2281, 2664, 3047, 3430, 3813, 4196, 4579, 4962, 5345, 5728, 6111, 350, 733]"
concurrency_2_group,10,2,4,"[3, 4, 3, 4]",2,False,False,4943915273192939,4943915277960021,28311552,4.662176132202148,False,57982058496,spread,"[724, 1107, 1490]"
two_single_2,10,2,4,"[0, 0, 2, 0]",1,False,False,4943915289064471,4943915290708781,18874368,1.5879039764404297,False,57982058496,spread,"[3311, 3694]"
two_pair_0_3,10,2,4,"[1, 0, 0, 1]",1,False,False,4943915301367606,4943915301439502,0,0,False,57982058496,spread,[]
scale_6_rank,10,2,4,"[2, 2, 1, 1]",1,False,False,4943915312600119,4943915314218865,9437184,1.5762239694595337,False,57982058496,spread,[5135]
two_pair_1_3,10,2,4,"[0, 1, 0, 1]",1,False,False,4943915326202556,4943915326292663,0,0,False,57982058496,spread,[]
scale_10_group,10,2,4,"[2, 3, 2, 3]",1,False,False,4943915338066138,4943915341266459,18874368,3.128351926803589,False,57982058496,spread,"[5810, 49]"
scale_50_rank,10,2,4,"[13, 13, 12, 12]",1,False,False,4943915352338730,4943915370910655,113246208,18.470592498779297,False,57982058496,spread,"[4485, 4868, 5251, 5634, 6017, 256, 639, 1022, 1405, 1788, 2171, 2554]"
two_pair_0_2,10,2,4,"[1, 0, 1, 0]",1,False,False,4943915382753801,4943915383701946,9437184,0.8603519797325134,False,57982058496,spread,[3694]
scale_2_group,10,2,4,"[0, 1, 0, 1]",1,False,False,4943915394066649,4943915394133865,0,0,False,57982058496,spread,[]
concurrency_2_rank,10,2,4,"[4, 4, 3, 3]",2,False,False,4943915405282161,4943915410012027,28311552,4.6645121574401855,False,57982058496,spread,"[1107, 1490, 1873]"
scale_14_rank,10,2,4,"[4, 4, 3, 3]",1,False,False,4943915421867920,4943915426601326,28311552,4.667359828948975,False,57982058496,spread,"[1107, 1490, 1873]"
scale_2_rank,11,2,4,"[1, 1, 0, 0]",1,False,False,4943915438469027,4943915438582071,0,0,False,57982058496,spread,[]
scale_2_group,11,2,4,"[0, 1, 0, 1]",1,False,False,4943915450434865,4943915450538551,0,0,False,57982058496,spread,[]
scale_6_rank,11,2,4,"[2, 2, 1, 1]",1,False,False,4943915461775506,4943915463422328,9437184,1.602560043334961,False,57982058496,spread,[5346]
two_single_0,11,2,4,"[2, 0, 0, 0]",1,False,False,4943915475212873,4943915475305884,0,0,False,57982058496,spread,[]
scale_4_group,11,2,4,"[1, 1, 1, 1]",1,False,False,4943915487055064,4943915488698742,9437184,1.581279993057251,False,57982058496,spread,[4434]
scale_10_group,11,2,4,"[2, 3, 2, 3]",1,False,False,4943915498991983,4943915502133002,18874368,3.0969600677490234,False,57982058496,spread,"[6021, 260]"
scale_6_group,11,2,4,"[1, 2, 1, 2]",1,False,False,4943915513247123,4943915514857037,9437184,1.5671679973602295,False,57982058496,spread,[4963]
two_pair_0_2,11,2,4,"[1, 0, 1, 0]",1,False,False,4943915525984215,4943915526838862,9437184,0.8116480112075806,False,57982058496,spread,[3905]
two_single_1,11,2,4,"[0, 2, 0, 0]",1,False,False,4943915537184298,4943915537245274,0,0,False,57982058496,spread,[]
scale_62_group,11,2,4,"[15, 16, 15, 16]",1,False,False,4943915549167312,4943915572353756,141557760,23.106687545776367,False,57982058496,spread,"[1343, 1726, 2109, 2492, 2875, 3258, 3641, 4024, 4407, 4790, 5173, 5556, 5939, 178, 561]"
scale_10_rank,11,2,4,"[3, 3, 2, 2]",1,False,False,4943915583494564,4943915586670531,18874368,3.120543956756592,False,57982058496,spread,"[260, 643]"
two_pair_0_3,11,2,4,"[1, 0, 0, 1]",1,False,False,4943915598518821,4943915598587690,0,0,False,57982058496,spread,[]
two_pair_0_1,11,2,4,"[1, 1, 0, 0]",1,False,False,4943915609753661,4943915609820823,0,0,False,57982058496,spread,[]
six_1,11,2,4,"[1, 2, 1, 2]",1,False,False,4943915621894451,4943915623571997,9437184,1.606943964958191,False,57982058496,spread,[4963]
two_pair_1_3,11,2,4,"[0, 1, 0, 1]",1,False,False,4943915634674390,4943915634746865,0,0,False,57982058496,spread,[]
concurrency_2_rank,11,2,4,"[4, 4, 3, 3]",2,False,False,4943915645966977,4943915650723298,28311552,4.669312000274658,False,57982058496,spread,"[1318, 1701, 2084]"
scale_62_rank,11,2,4,"[16, 16, 15, 15]",1,False,False,4943915662613297,4943915685845099,141557760,23.12348747253418,False,57982058496,spread,"[1726, 2109, 2492, 2875, 3258, 3641, 4024, 4407, 4790, 5173, 5556, 5939, 178, 561, 944]"
scale_14_rank,11,2,4,"[4, 4, 3, 3]",1,False,False,4943915697679603,4943915702415577,28311552,4.635839939117432,False,57982058496,spread,"[1318, 1701, 2084]"
concurrency_2_group,11,2,4,"[3, 4, 3, 4]",2,False,False,4943915714295987,4943915719073262,28311552,4.675968170166016,False,57982058496,spread,"[935, 1318, 1701]"
concurrency_4_rank,11,2,4,"[4, 4, 3, 3]",4,False,False,4943915730226798,4943915735012733,28311552,4.685247898101807,False,57982058496,spread,"[1318, 1701, 2084]"
scale_50_group,11,2,4,"[12, 13, 12, 13]",1,False,False,4943915746815133,4943915765298633,113246208,18.42812728881836,False,57982058496,spread,"[4313, 4696, 5079, 5462, 5845, 84, 467, 850, 1233, 1616, 1999, 2382]"
scale_14_group,11,2,4,"[3, 4, 3, 4]",1,False,False,4943915776534833,4943915781272489,28311552,4.674592018127441,False,57982058496,spread,"[935, 1318, 1701]"
two_pair_1_2,11,2,4,"[0, 1, 1, 0]",1,False,False,4943915792392317,4943915793281804,9437184,0.8285120129585266,False,57982058496,spread,[3905]
six_3,11,2,4,"[1, 1, 2, 2]",1,False,False,4943915803600504,4943915806749155,18874368,3.098720073699951,False,57982058496,spread,"[4580, 4963]"
six_2,11,2,4,"[2, 1, 2, 1]",1,False,False,4943915817245254,4943915819660455,18874368,2.3612160682678223,False,57982058496,spread,"[4963, 5346]"
scale_8_rank,11,2,4,"[2, 2, 2, 2]",1,False,False,4943915830087964,4943915833258264,18874368,3.1202878952026367,False,57982058496,spread,"[5492, 5875]"
scale_50_rank,11,2,4,"[13, 13, 12, 12]",1,False,False,4943915843626354,4943915862195672,113246208,18.512191772460938,False,57982058496,spread,"[4696, 5079, 5462, 5845, 84, 467, 850, 1233, 1616, 1999, 2382, 2765]"
two_single_3,11,2,4,"[0, 0, 0, 2]",1,False,False,4943915874513059,4943915874607556,0,0,False,57982058496,spread,[]
scale_8_group,11,2,4,"[2, 2, 2, 2]",1,False,False,4943915886529161,4943915889689819,18874368,3.0981760025024414,False,57982058496,spread,"[5492, 5875]"
six_0,11,2,4,"[2, 2, 1, 1]",1,False,False,4943915900083437,4943915901705884,9437184,1.5695359706878662,False,57982058496,spread,[5346]
concurrency_4_group,11,2,4,"[3, 4, 3, 4]",4,False,False,4943915913678002,4943915918452669,28311552,4.668960094451904,False,57982058496,spread,"[935, 1318, 1701]"
two_single_2,11,2,4,"[0, 0, 2, 0]",1,False,False,4943915929786609,4943915931444706,18874368,1.5935360193252563,False,57982058496,spread,"[3522, 3905]"
two_pair_2_3,11,2,4,"[0, 0, 1, 1]",1,False,False,4943915941901507,4943915943503019,9437184,1.5562560558319092,False,57982058496,spread,[3522]
scale_4_rank,11,2,4,"[1, 1, 1, 1]",1,False,False,4943915953959185,4943915955577143,9437184,1.5767680406570435,False,57982058496,spread,[4434]
scale_50_rank,12,2,4,"[13, 13, 12, 12]",1,False,False,4943915966013970,4943915984617756,113246208,18.51532745361328,False,57982058496,spread,"[4907, 5290, 5673, 6056, 295, 678, 1061, 1444, 1827, 2210, 2593, 2976]"
scale_62_rank,12,2,4,"[16, 16, 15, 15]",1,False,False,4943915996539101,4943916019768587,141557760,23.133567810058594,False,57982058496,spread,"[1937, 2320, 2703, 3086, 3469, 3852, 4235, 4618, 5001, 5384, 5767, 6, 389, 772, 1155]"
scale_6_group,12,2,4,"[1, 2, 1, 2]",1,False,False,4943916031742046,4943916033441224,9437184,1.609279990196228,False,57982058496,spread,[5174]
scale_14_rank,12,2,4,"[4, 4, 3, 3]",1,False,False,4943916044591761,4943916049318552,28311552,4.674079895019531,False,57982058496,spread,"[1529, 1912, 2295]"
concurrency_4_rank,12,2,4,"[4, 4, 3, 3]",4,False,False,4943916061311803,4943916066119745,28311552,4.684095859527588,False,57982058496,spread,"[1529, 1912, 2295]"
scale_2_group,12,2,4,"[0, 1, 0, 1]",1,False,False,4943916078074031,4943916078163891,0,0,False,57982058496,spread,[]
scale_6_rank,12,2,4,"[2, 2, 1, 1]",1,False,False,4943916089253350,4943916090873590,9437184,1.5811840295791626,False,57982058496,spread,[5557]
scale_14_group,12,2,4,"[3, 4, 3, 4]",1,False,False,4943916102707071,4943916107442735,28311552,4.668447971343994,False,57982058496,spread,"[1146, 1529, 1912]"
two_pair_0_1,12,2,4,"[1, 1, 0, 0]",1,False,False,4943916118531764,4943916118591965,0,0,False,57982058496,spread,[]
concurrency_4_group,12,2,4,"[3, 4, 3, 4]",4,False,False,4943916130440306,4943916135249550,28311552,4.695199966430664,False,57982058496,spread,"[1146, 1529, 1912]"
scale_8_group,12,2,4,"[2, 2, 2, 2]",1,False,False,4943916146323061,4943916149497383,18874368,3.130527973175049,False,57982058496,spread,"[5703, 6086]"
two_single_0,12,2,4,"[2, 0, 0, 0]",1,False,False,4943916160298201,4943916160363513,0,0,False,57982058496,spread,[]
scale_10_rank,12,2,4,"[3, 3, 2, 2]",1,False,False,4943916172399008,4943916175609376,18874368,3.1388800144195557,False,57982058496,spread,"[471, 854]"
scale_62_group,12,2,4,"[15, 16, 15, 16]",1,False,False,4943916187420362,4943916210662113,141557760,23.16828727722168,False,57982058496,spread,"[1554, 1937, 2320, 2703, 3086, 3469, 3852, 4235, 4618, 5001, 5384, 5767, 6, 389, 772]"
scale_8_rank,12,2,4,"[2, 2, 2, 2]",1,False,False,4943916222233132,4943916225415594,18874368,3.130527973175049,False,57982058496,spread,"[5703, 6086]"
scale_10_group,12,2,4,"[2, 3, 2, 3]",1,False,False,4943916235851601,4943916239031547,18874368,3.127295970916748,False,57982058496,spread,"[88, 471]"
six_0,12,2,4,"[2, 2, 1, 1]",1,False,False,4943916250278032,4943916251924563,9437184,1.5903359651565552,False,57982058496,spread,[5557]
scale_4_rank,12,2,4,"[1, 1, 1, 1]",1,False,False,4943916263866264,4943916265527409,9437184,1.5943679809570312,False,57982058496,spread,[4645]
scale_4_group,12,2,4,"[1, 1, 1, 1]",1,False,False,4943916275950359,4943916277576118,9437184,1.580575942993164,False,57982058496,spread,[4645]
concurrency_2_rank,12,2,4,"[4, 4, 3, 3]",2,False,False,4943916288006642,4943916292731555,28311552,3.650847911834717,False,57982058496,spread,"[1529, 1912, 2295]"
concurrency_2_group,12,2,4,"[3, 4, 3, 4]",2,False,False,4943916304620077,4943916309390648,28311552,4.674335956573486,False,57982058496,spread,"[1146, 1529, 1912]"
six_3,12,2,4,"[1, 1, 2, 2]",1,False,False,4943916320510487,4943916323677961,18874368,3.1191680431365967,False,57982058496,spread,"[4791, 5174]"
six_1,12,2,4,"[1, 2, 1, 2]",1,False,False,4943916334134739,4943916335769961,9437184,1.5843520164489746,False,57982058496,spread,[5174]
two_pair_1_3,12,2,4,"[0, 1, 0, 1]",1,False,False,4943916346837613,4943916346909163,0,0,False,57982058496,spread,[]
two_pair_0_3,12,2,4,"[1, 0, 0, 1]",1,False,False,4943916358494013,4943916358585929,0,0,False,57982058496,spread,[]
two_pair_0_2,12,2,4,"[1, 0, 1, 0]",1,False,False,4943916369715228,4943916370570727,9437184,0.8184319734573364,False,57982058496,spread,[4116]
two_pair_1_2,12,2,4,"[0, 1, 1, 0]",1,False,False,4943916380915829,4943916381775119,9437184,0.8176000118255615,False,57982058496,spread,[4116]
two_single_2,12,2,4,"[0, 0, 2, 0]",1,False,False,4943916392128937,4943916393757025,18874368,1.5846400260925293,False,57982058496,spread,"[3733, 4116]"
scale_2_rank,12,2,4,"[1, 1, 0, 0]",1,False,False,4943916404099253,4943916404169068,0,0,False,57982058496,spread,[]
scale_50_group,12,2,4,"[12, 13, 12, 13]",1,False,False,4943916416071673,4943916434660257,113246208,18.519968032836914,False,57982058496,spread,"[4524, 4907, 5290, 5673, 6056, 295, 678, 1061, 1444, 1827, 2210, 2593]"
two_single_1,12,2,4,"[0, 2, 0, 0]",1,False,False,4943916445792791,4943916445859439,0,0,False,57982058496,spread,[]
two_single_3,12,2,4,"[0, 0, 0, 2]",1,False,False,4943916457868056,4943916457957842,0,0,False,57982058496,spread,[]
two_pair_2_3,12,2,4,"[0, 0, 1, 1]",1,False,False,4943916469983184,4943916471608608,9437184,1.5569920539855957,False,57982058496,spread,[3733]
six_2,12,2,4,"[2, 1, 2, 1]",1,False,False,4943916482086393,4943916484497628,18874368,2.3631999492645264,False,57982058496,spread,"[5174, 5557]"
two_single_1,13,2,4,"[0, 2, 0, 0]",1,False,False,4943916494859173,4943916494922201,0,0,False,57982058496,spread,[]
scale_6_rank,13,2,4,"[2, 2, 1, 1]",1,False,False,4943916507786999,4943916509454726,9437184,1.595744013786316,False,57982058496,spread,[5768]
scale_4_group,13,2,4,"[1, 1, 1, 1]",1,False,False,4943916521366805,4943916523016261,9437184,1.5902719497680664,False,57982058496,spread,[4856]
scale_8_group,13,2,4,"[2, 2, 2, 2]",1,False,False,4943916533366761,4943916536532752,18874368,3.1267199516296387,False,57982058496,spread,"[5914, 153]"
scale_14_rank,13,2,4,"[4, 4, 3, 3]",1,False,False,4943916546874554,4943916551568539,28311552,4.645855903625488,False,57982058496,spread,"[1740, 2123, 2506]"
scale_10_rank,13,2,4,"[3, 3, 2, 2]",1,False,False,4943916563519005,4943916566740210,18874368,3.142143964767456,False,57982058496,spread,"[682, 1065]"
scale_62_rank,13,2,4,"[16, 16, 15, 15]",1,False,False,4943916578568346,4943916601847178,141557760,23.172319412231445,False,57982058496,spread,"[2148, 2531, 2914, 3297, 3680, 4063, 4446, 4829, 5212, 5595, 5978, 217, 600, 983, 1366]"
six_0,13,2,4,"[2, 2, 1, 1]",1,False,False,4943916613580726,4943916615246487,9437184,1.5676159858703613,False,57982058496,spread,[5768]
scale_14_group,13,2,4,"[3, 4, 3, 4]",1,False,False,4943916627092155,4943916631859563,28311552,4.678048133850098,False,57982058496,spread,"[1357, 1740, 2123]"
scale_2_rank,13,2,4,"[1, 1, 0, 0]",1,False,False,4943916642863911,4943916642939442,0,0,False,57982058496,spread,[]
scale_2_group,13,2,4,"[0, 1, 0, 1]",1,False,False,4943916654774124,4943916654888048,0,0,False,57982058496,spread,[]
scale_62_group,13,2,4,"[15, 16, 15, 16]",1,False,False,4943916666148852,4943916689371072,141557760,23.157855987548828,False,57982058496,spread,"[1765, 2148, 2531, 2914, 3297, 3680, 4063, 4446, 4829, 5212, 5595, 5978, 217, 600, 983]"
two_pair_1_3,13,2,4,"[0, 1, 0, 1]",1,False,False,4943916700470308,4943916700703837,0,0,False,57982058496,spread,[]
six_1,13,2,4,"[1, 2, 1, 2]",1,False,False,4943916711732277,4943916713382166,9437184,1.5979199409484863,False,57982058496,spread,[5385]
concurrency_2_group,13,2,4,"[3, 4, 3, 4]",2,False,False,4943916724513754,4943916729270961,28311552,4.6757121086120605,False,57982058496,spread,"[1357, 1740, 2123]"
scale_6_group,13,2,4,"[1, 2, 1, 2]",1,False,False,4943916740382519,4943916742019746,9437184,1.5872639417648315,False,57982058496,spread,[5385]
scale_4_rank,13,2,4,"[1, 1, 1, 1]",1,False,False,4943916753269554,4943916754891784,9437184,1.5785280466079712,False,57982058496,spread,[4856]
two_single_3,13,2,4,"[0, 0, 0, 2]",1,False,False,4943916765453617,4943916765531113,0,0,False,57982058496,spread,[]
six_3,13,2,4,"[1, 1, 2, 2]",1,False,False,4943916777549771,4943916780707022,18874368,3.0913920402526855,False,57982058496,spread,"[5002, 5385]"
concurrency_4_rank,13,2,4,"[4, 4, 3, 3]",4,False,False,4943916791079273,4943916795836759,28311552,4.66537618637085,False,57982058496,spread,"[1740, 2123, 2506]"
scale_8_rank,13,2,4,"[2, 2, 2, 2]",1,False,False,4943916808127915,4943916811321441,18874368,3.1290879249572754,False,57982058496,spread,"[5914, 153]"
two_pair_0_2,13,2,4,"[1, 0, 1, 0]",1,False,False,4943916821642930,4943916822492924,9437184,0.81004798412323,False,57982058496,spread,[4327]
scale_50_group,13,2,4,"[12, 13, 12, 13]",1,False,False,4943916832847598,4943916851433317,113246208,18.53753662109375,False,57982058496,spread,"[4735, 5118, 5501, 5884, 123, 506, 889, 1272, 1655, 2038, 2421, 2804]"
two_pair_2_3,13,2,4,"[0, 0, 1, 1]",1,False,False,4943916862550461,4943916864183873,9437184,1.5851199626922607,False,57982058496,spread,[3944]
two_pair_0_3,13,2,4,"[1, 0, 0, 1]",1,False,False,4943916874599284,4943916874658648,0,0,False,57982058496,spread,[]
scale_10_group,13,2,4,"[2, 3, 2, 3]",1,False,False,4943916885831083,4943916889024688,18874368,3.1279680728912354,False,57982058496,spread,"[299, 682]"
two_pair_0_1,13,2,4,"[1, 1, 0, 0]",1,False,False,4943916900102090,4943916900164232,0,0,False,57982058496,spread,[]
concurrency_2_rank,13,2,4,"[4, 4, 3, 3]",2,False,False,4943916912144469,4943916916896106,28311552,4.422719955444336,False,57982058496,spread,"[1740, 2123, 2506]"
concurrency_4_group,13,2,4,"[3, 4, 3, 4]",4,False,False,4943916928788774,4943916933579757,28311552,4.678048133850098,False,57982058496,spread,"[1357, 1740, 2123]"
scale_50_rank,13,2,4,"[13, 13, 12, 12]",1,False,False,4943916944672354,4943916962925999,113246208,18.206432342529297,False,57982058496,spread,"[5118, 5501, 5884, 123, 506, 889, 1272, 1655, 2038, 2421, 2804, 3187]"
two_single_0,13,2,4,"[2, 0, 0, 0]",1,False,False,4943916975144071,4943916975238884,0,0,False,57982058496,spread,[]
two_pair_1_2,13,2,4,"[0, 1, 1, 0]",1,False,False,4943916987050328,4943916987942044,9437184,0.8303999900817871,False,57982058496,spread,[4327]
six_2,13,2,4,"[2, 1, 2, 1]",1,False,False,4943916998374996,4943917000767815,18874368,2.352191925048828,False,57982058496,spread,"[5385, 5768]"
two_single_2,13,2,4,"[0, 0, 2, 0]",1,False,False,4943917011115884,4943917012738827,18874368,1.582144021987915,False,57982058496,spread,"[3944, 4327]"
two_pair_1_2,14,2,4,"[0, 1, 1, 0]",1,False,False,4943917023060245,4943917023948513,9437184,0.828000009059906,False,57982058496,spread,[4538]
six_0,14,2,4,"[2, 2, 1, 1]",1,False,False,4943917034275968,4943917035911845,9437184,1.575711965560913,False,57982058496,spread,[5979]
concurrency_2_rank,14,2,4,"[4, 4, 3, 3]",2,False,False,4943917047767332,4943917052502528,28311552,4.6630401611328125,False,57982058496,spread,"[1951, 2334, 2717]"
two_pair_0_3,14,2,4,"[1, 0, 0, 1]",1,False,False,4943917064870486,4943917064940559,0,0,False,57982058496,spread,[]
two_pair_1_3,14,2,4,"[0, 1, 0, 1]",1,False,False,4943917076125288,4943917076217325,0,0,False,57982058496,spread,[]
two_pair_0_2,14,2,4,"[1, 0, 1, 0]",1,False,False,4943917087297325,4943917088159487,9437184,0.8231040239334106,False,57982058496,spread,[4538]
scale_2_group,14,2,4,"[0, 1, 0, 1]",1,False,False,4943917098523088,4943917098586099,0,0,False,57982058496,spread,[]
two_pair_2_3,14,2,4,"[0, 0, 1, 1]",1,False,False,4943917110322799,4943917111949274,9437184,1.5577919483184814,False,57982058496,spread,[4155]
scale_50_group,14,2,4,"[12, 13, 12, 13]",1,False,False,4943917122301572,4943917140863161,113246208,18.514944076538086,False,57982058496,spread,"[4946, 5329, 5712, 6095, 334, 717, 1100, 1483, 1866, 2249, 2632, 3015]"
two_single_2,14,2,4,"[0, 0, 2, 0]",1,False,False,4943917152008463,4943917153632280,18874368,1.5807360410690308,False,57982058496,spread,"[4155, 4538]"
six_2,14,2,4,"[2, 1, 2, 1]",1,False,False,4943917164168081,4943917166565217,18874368,2.3570239543914795,False,57982058496,spread,"[5596, 5979]"
concurrency_4_group,14,2,4,"[3, 4, 3, 4]",4,False,False,4943917176979476,4943917181764472,28311552,4.677631855010986,False,57982058496,spread,"[1568, 1951, 2334]"
scale_2_rank,14,2,4,"[1, 1, 0, 0]",1,False,False,4943917192856188,4943917192923220,0,0,False,57982058496,spread,[]
scale_14_rank,14,2,4,"[4, 4, 3, 3]",1,False,False,4943917204851347,4943917209597804,28311552,4.680863857269287,False,57982058496,spread,"[1951, 2334, 2717]"
scale_6_group,14,2,4,"[1, 2, 1, 2]",1,False,False,4943917221487383,4943917223444036,9437184,1.6688319444656372,False,57982058496,spread,[5596]
two_single_0,14,2,4,"[2, 0, 0, 0]",1,False,False,4943917234240498,4943917234309958,0,0,False,57982058496,spread,[]
scale_6_rank,14,2,4,"[2, 2, 1, 1]",1,False,False,4943917246402342,4943917248022907,9437184,1.5605759620666504,False,57982058496,spread,[5979]
scale_50_rank,14,2,4,"[13, 13, 12, 12]",1,False,False,4943917260003347,4943917278619056,113246208,18.54524803161621,False,57982058496,spread,"[5329, 5712, 6095, 334, 717, 1100, 1483, 1866, 2249, 2632, 3015, 3398]"
concurrency_4_rank,14,2,4,"[4, 4, 3, 3]",4,False,False,4943917290439932,4943917295219320,28311552,4.669280052185059,False,57982058496,spread,"[1951, 2334, 2717]"
scale_62_group,14,2,4,"[15, 16, 15, 16]",1,False,False,4943917307069378,4943917330319295,141557760,23.179424285888672,False,57982058496,spread,"[1976, 2359, 2742, 3125, 3508, 3891, 4274, 4657, 5040, 5423, 5806, 45, 428, 811, 1194]"
scale_10_group,14,2,4,"[2, 3, 2, 3]",1,False,False,4943917341392681,4943917344590245,18874368,3.1301119327545166,False,57982058496,spread,"[510, 893]"
scale_4_rank,14,2,4,"[1, 1, 1, 1]",1,False,False,4943917355619827,4943917357244773,9437184,1.580896019935608,False,57982058496,spread,[5067]
two_pair_0_1,14,2,4,"[1, 1, 0, 0]",1,False,False,4943917367774196,4943917367834286,0,0,False,57982058496,spread,[]
scale_62_rank,14,2,4,"[16, 16, 15, 15]",1,False,False,4943917379795694,4943917403001200,141557760,23.140575408935547,False,57982058496,spread,"[2359, 2742, 3125, 3508, 3891, 4274, 4657, 5040, 5423, 5806, 45, 428, 811, 1194, 1577]"
two_single_1,14,2,4,"[0, 2, 0, 0]",1,False,False,4943917415271379,4943917415366282,0,0,False,57982058496,spread,[]
concurrency_2_group,14,2,4,"[3, 4, 3, 4]",2,False,False,4943917427456368,4943917432236186,28311552,4.684991836547852,False,57982058496,spread,"[1568, 1951, 2334]"
scale_8_group,14,2,4,"[2, 2, 2, 2]",1,False,False,4943917443315997,4943917446492615,18874368,3.127552032470703,False,57982058496,spread,"[6125, 364]"
six_1,14,2,4,"[1, 2, 1, 2]",1,False,False,4943917456925924,4943917458570407,9437184,1.5904959440231323,False,57982058496,spread,[5596]
two_single_3,14,2,4,"[0, 0, 0, 2]",1,False,False,4943917469657269,4943917469734308,0,0,False,57982058496,spread,[]
scale_8_rank,14,2,4,"[2, 2, 2, 2]",1,False,False,4943917481762605,4943917484930055,18874368,3.096031904220581,False,57982058496,spread,"[6125, 364]"
scale_10_rank,14,2,4,"[3, 3, 2, 2]",1,False,False,4943917495313260,4943917498483521,18874368,3.125152111053467,False,57982058496,spread,"[893, 1276]"
scale_4_group,14,2,4,"[1, 1, 1, 1]",1,False,False,4943917510404106,4943917512077510,9437184,1.596832036972046,False,57982058496,spread,[5067]
six_3,14,2,4,"[1, 1, 2, 2]",1,False,False,4943917522459048,4943917525639120,18874368,2.893728017807007,False,57982058496,spread,"[5213, 5596]"
scale_14_group,14,2,4,"[3, 4, 3, 4]",1,False,False,4943917536285164,4943917541005062,28311552,4.665408134460449,False,57982058496,spread,"[1568, 1951, 2334]"
two_pair_2_3,15,2,4,"[0, 0, 1, 1]",1,False,False,4943917552154348,4943917553807168,9437184,1.6018240451812744,False,57982058496,spread,[4366]
two_pair_0_2,15,2,4,"[1, 0, 1, 0]",1,False,False,4943917564331885,4943917565205279,9437184,0.8222399950027466,False,57982058496,spread,[4749]
six_2,15,2,4,"[2, 1, 2, 1]",1,False,False,4943917575515842,4943917577910733,18874368,2.3503360748291016,False,57982058496,spread,"[5807, 46]"
six_3,15,2,4,"[1, 1, 2, 2]",1,False,False,4943917588217343,4943917591382713,18874368,3.1209919452667236,False,57982058496,spread,"[5424, 5807]"
two_single_0,15,2,4,"[2, 0, 0, 0]",1,False,False,4943917601824953,4943917601918691,0,0,False,57982058496,spread,[]
scale_10_group,15,2,4,"[2, 3, 2, 3]",1,False,False,4943917613911652,4943917617092770,18874368,3.1353600025177,False,57982058496,spread,"[721, 1104]"
scale_10_rank,15,2,4,"[3, 3, 2, 2]",1,False,False,4943917628213485,4943917631397233,18874368,3.1307199001312256,False,57982058496,spread,"[1104, 1487]"
scale_6_rank,15,2,4,"[2, 2, 1, 1]",1,False,False,4943917643218125,4943917644879371,9437184,1.5953600406646729,False,57982058496,spread,[46]
concurrency_2_group,15,2,4,"[3, 4, 3, 4]",2,False,False,4943917656817167,4943917661574827,28311552,4.687039852142334,False,57982058496,spread,"[1779, 2162, 2545]"
scale_2_rank,15,2,4,"[1, 1, 0, 0]",1,False,False,4943917672683756,4943917672751595,0,0,False,57982058496,spread,[]
two_pair_1_2,15,2,4,"[0, 1, 1, 0]",1,False,False,4943917684668335,4943917685598739,9437184,0.8447039723396301,False,57982058496,spread,[4749]
six_1,15,2,4,"[1, 2, 1, 2]",1,False,False,4943917696001069,4943917697649565,9437184,1.5901119709014893,False,57982058496,spread,[5807]
two_single_2,15,2,4,"[0, 0, 2, 0]",1,False,False,4943917708875195,4943917710541291,18874368,1.5932159423828125,False,57982058496,spread,"[4366, 4749]"
two_pair_0_3,15,2,4,"[1, 0, 0, 1]",1,False,False,4943917721054541,4943917721117114,0,0,False,57982058496,spread,[]
scale_4_rank,15,2,4,"[1, 1, 1, 1]",1,False,False,4943917732252787,4943917733871719,9437184,1.581663966178894,False,57982058496,spread,[5278]
scale_8_group,15,2,4,"[2, 2, 2, 2]",1,False,False,4943917744290236,4943917747467413,18874368,3.135711908340454,False,57982058496,spread,"[192, 575]"
scale_2_group,15,2,4,"[0, 1, 0, 1]",1,False,False,4943917757820952,4943917757881399,0,0,False,57982058496,spread,[]
two_pair_1_3,15,2,4,"[0, 1, 0, 1]",1,False,False,4943917768956421,4943917769017438,0,0,False,57982058496,spread,[]
scale_8_rank,15,2,4,"[2, 2, 2, 2]",1,False,False,4943917780079766,4943917783246540,18874368,3.1021440029144287,False,57982058496,spread,"[192, 575]"
scale_62_group,15,2,4,"[15, 16, 15, 16]",1,False,False,4943917793608266,4943917816815876,141557760,23.156736373901367,False,57982058496,spread,"[2187, 2570, 2953, 3336, 3719, 4102, 4485, 4868, 5251, 5634, 6017, 256, 639, 1022, 1405]"
concurrency_4_group,15,2,4,"[3, 4, 3, 4]",4,False,False,4943917827862489,4943917832987809,28311552,4.773824214935303,False,57982058496,spread,"[1779, 2162, 2545]"
two_single_3,15,2,4,"[0, 0, 0, 2]",1,False,False,4943917843754266,4943917843818565,0,0,False,57982058496,spread,[]
scale_6_group,15,2,4,"[1, 2, 1, 2]",1,False,False,4943917855755391,4943917857443561,9437184,1.597823977470398,False,57982058496,spread,[5807]
concurrency_4_rank,15,2,4,"[4, 4, 3, 3]",4,False,False,4943917868501976,4943917873298721,28311552,4.684895992279053,False,57982058496,spread,"[2162, 2545, 2928]"
scale_14_group,15,2,4,"[3, 4, 3, 4]",1,False,False,4943917885158802,4943917889914958,28311552,4.6809282302856445,False,57982058496,spread,"[1779, 2162, 2545]"
six_0,15,2,4,"[2, 2, 1, 1]",1,False,False,4943917900962706,4943917902587656,9437184,1.5806399583816528,False,57982058496,spread,[46]
scale_4_group,15,2,4,"[1, 1, 1, 1]",1,False,False,4943917914442829,4943917916078109,9437184,1.574720025062561,False,57982058496,spread,[5278]
scale_50_rank,15,2,4,"[13, 13, 12, 12]",1,False,False,4943917926369952,4943917944923920,113246208,18.51024055480957,False,57982058496,spread,"[5540, 5923, 162, 545, 928, 1311, 1694, 2077, 2460, 2843, 3226, 3609]"
scale_50_group,15,2,4,"[12, 13, 12, 13]",1,False,False,4943917956865803,4943917975490871,113246208,18.55516815185547,False,57982058496,spread,"[5157, 5540, 5923, 162, 545, 928, 1311, 1694, 2077, 2460, 2843, 3226]"
scale_62_rank,15,2,4,"[16, 16, 15, 15]",1,False,False,4943917986566957,4943918009782744,141557760,23.168447494506836,False,57982058496,spread,"[2570, 2953, 3336, 3719, 4102, 4485, 4868, 5251, 5634, 6017, 256, 639, 1022, 1405, 1788]"
two_pair_0_1,15,2,4,"[1, 1, 0, 0]",1,False,False,4943918021805797,4943918021929598,0,0,False,57982058496,spread,[]
concurrency_2_rank,15,2,4,"[4, 4, 3, 3]",2,False,False,4943918033875536,4943918038682385,28311552,4.69593620300293,False,57982058496,spread,"[2162, 2545, 2928]"
two_single_1,15,2,4,"[0, 2, 0, 0]",1,False,False,4943918050527732,4943918050611335,0,0,False,57982058496,spread,[]
scale_14_rank,15,2,4,"[4, 4, 3, 3]",1,False,False,4943918062562573,4943918067325073,28311552,4.688831806182861,False,57982058496,spread,"[2162, 2545, 2928]"
scale_2_rank,16,2,4,"[1, 1, 0, 0]",1,False,False,4943918079184758,4943918079269003,0,0,False,57982058496,spread,[]
concurrency_2_rank,16,2,4,"[4, 4, 3, 3]",2,False,False,4943918091122285,4943918095867023,28311552,4.686880111694336,False,57982058496,spread,"[2373, 2756, 3139]"
concurrency_4_rank,16,2,4,"[4, 4, 3, 3]",4,False,False,4943918107750250,4943918112543257,28311552,4.689599990844727,False,57982058496,spread,"[2373, 2756, 3139]"
scale_14_rank,16,2,4,"[4, 4, 3, 3]",1,False,False,4943918124490463,4943918129240025,28311552,4.673855781555176,False,57982058496,spread,"[2373, 2756, 3139]"
six_3,16,2,4,"[1, 1, 2, 2]",1,False,False,4943918141137968,4943918144330708,18874368,2.906399965286255,False,57982058496,spread,"[5635, 6018]"
two_single_3,16,2,4,"[0, 0, 0, 2]",1,False,False,4943918154798125,4943918154864149,0,0,False,57982058496,spread,[]
two_single_2,16,2,4,"[0, 0, 2, 0]",1,False,False,4943918166766864,4943918168389864,18874368,1.5858240127563477,False,57982058496,spread,"[4577, 4960]"
two_pair_0_1,16,2,4,"[1, 1, 0, 0]",1,False,False,4943918178704426,4943918178764590,0,0,False,57982058496,spread,[]
scale_50_group,16,2,4,"[12, 13, 12, 13]",1,False,False,4943918190704339,4943918209191614,113246208,18.442975997924805,False,57982058496,spread,"[5368, 5751, 6134, 373, 756, 1139, 1522, 1905, 2288, 2671, 3054, 3437]"
scale_4_group,16,2,4,"[1, 1, 1, 1]",1,False,False,4943918220419184,4943918222063224,9437184,1.5692479610443115,False,57982058496,spread,[5489]
six_2,16,2,4,"[2, 1, 2, 1]",1,False,False,4943918232384278,4943918234803964,18874368,2.3622078895568848,False,57982058496,spread,"[6018, 257]"
scale_10_group,16,2,4,"[2, 3, 2, 3]",1,False,False,4943918245230281,4943918248408840,18874368,3.1267518997192383,False,57982058496,spread,"[932, 1315]"
six_1,16,2,4,"[1, 2, 1, 2]",1,False,False,4943918259525182,4943918261177288,9437184,1.587712049484253,False,57982058496,spread,[6018]
scale_2_group,16,2,4,"[0, 1, 0, 1]",1,False,False,4943918272893397,4943918272972528,0,0,False,57982058496,spread,[]
scale_6_rank,16,2,4,"[2, 2, 1, 1]",1,False,False,4943918284069638,4943918285693013,9437184,1.5780479907989502,False,57982058496,spread,[257]
two_pair_0_2,16,2,4,"[1, 0, 1, 0]",1,False,False,4943918297838475,4943918298748646,9437184,0.8307200074195862,False,57982058496,spread,[4960]
scale_62_rank,16,2,4,"[16, 16, 15, 15]",1,False,False,4943918309072640,4943918332217630,141557760,23.084863662719727,False,57982058496,spread,"[2781, 3164, 3547, 3930, 4313, 4696, 5079, 5462, 5845, 84, 467, 850, 1233, 1616, 1999]"
scale_62_group,16,2,4,"[15, 16, 15, 16]",1,False,False,4943918344119158,4943918367363098,141557760,23.171039581298828,False,57982058496,spread,"[2398, 2781, 3164, 3547, 3930, 4313, 4696, 5079, 5462, 5845, 84, 467, 850, 1233, 1616]"
scale_50_rank,16,2,4,"[13, 13, 12, 12]",1,False,False,4943918378580524,4943918397150603,113246208,18.50511932373047,False,57982058496,spread,"[5751, 6134, 373, 756, 1139, 1522, 1905, 2288, 2671, 3054, 3437, 3820]"
scale_4_rank,16,2,4,"[1, 1, 1, 1]",1,False,False,4943918409054425,4943918410716237,9437184,1.5957119464874268,False,57982058496,spread,[5489]
two_pair_1_3,16,2,4,"[0, 1, 0, 1]",1,False,False,4943918421067170,4943918421128133,0,0,False,57982058496,spread,[]
scale_8_group,16,2,4,"[2, 2, 2, 2]",1,False,False,4943918432257424,4943918435469712,18874368,3.1413118839263916,False,57982058496,spread,"[403, 786]"
scale_14_group,16,2,4,"[3, 4, 3, 4]",1,False,False,4943918445865652,4943918450888942,28311552,4.753759860992432,False,57982058496,spread,"[1990, 2373, 2756]"
two_pair_1_2,16,2,4,"[0, 1, 1, 0]",1,False,False,4943918461734878,4943918462600242,9437184,0.8166720271110535,False,57982058496,spread,[4960]
two_pair_2_3,16,2,4,"[0, 0, 1, 1]",1,False,False,4943918472944698,4943918474604159,9437184,1.5894720554351807,False,57982058496,spread,[4577]
two_single_1,16,2,4,"[0, 2, 0, 0]",1,False,False,4943918485112296,4943918485180146,0,0,False,57982058496,spread,[]
scale_8_rank,16,2,4,"[2, 2, 2, 2]",1,False,False,4943918497216118,4943918500421837,18874368,3.1357760429382324,False,57982058496,spread,"[403, 786]"
scale_6_group,16,2,4,"[1, 2, 1, 2]",1,False,False,4943918510758742,4943918512398969,9437184,1.592576026916504,False,57982058496,spread,[6018]
concurrency_2_group,16,2,4,"[3, 4, 3, 4]",2,False,False,4943918523541452,4943918528288525,28311552,4.672224044799805,False,57982058496,spread,"[1990, 2373, 2756]"
scale_10_rank,16,2,4,"[3, 3, 2, 2]",1,False,False,4943918539417690,4943918542585739,18874368,3.125056028366089,False,57982058496,spread,"[1315, 1698]"
concurrency_4_group,16,2,4,"[3, 4, 3, 4]",4,False,False,4943918554432598,4943918559259394,28311552,4.688799858093262,False,57982058496,spread,"[1990, 2373, 2756]"
two_pair_0_3,16,2,4,"[1, 0, 0, 1]",1,False,False,4943918570358983,4943918570431603,0,0,False,57982058496,spread,[]
two_single_0,16,2,4,"[2, 0, 0, 0]",1,False,False,4943918581593742,4943918581659062,0,0,False,57982058496,spread,[]
six_0,16,2,4,"[2, 2, 1, 1]",1,False,False,4943918593658056,4943918595310721,9437184,1.5893440246582031,False,57982058496,spread,[257]
six_3,17,2,4,"[1, 1, 2, 2]",1,False,False,4943918607143123,4943918610336516,18874368,3.1316161155700684,False,57982058496,spread,"[5846, 85]"
scale_50_group,17,2,4,"[12, 13, 12, 13]",1,False,False,4943918620788564,4943918639352340,113246208,18.514400482177734,False,57982058496,spread,"[5579, 5962, 201, 584, 967, 1350, 1733, 2116, 2499, 2882, 3265, 3648]"
scale_4_group,17,2,4,"[1, 1, 1, 1]",1,False,False,4943918650451669,4943918652092704,9437184,1.5906239748001099,False,57982058496,spread,[5700]
scale_50_rank,17,2,4,"[13, 13, 12, 12]",1,False,False,4943918662448901,4943918681027178,113246208,18.532672882080078,False,57982058496,spread,"[5962, 201, 584, 967, 1350, 1733, 2116, 2499, 2882, 3265, 3648, 4031]"
six_0,17,2,4,"[2, 2, 1, 1]",1,False,False,4943918692867296,4943918694505057,9437184,1.5877439975738525,False,57982058496,spread,[468]
scale_6_group,17,2,4,"[1, 2, 1, 2]",1,False,False,4943918706403869,4943918708067041,9437184,1.5926079750061035,False,57982058496,spread,[85]
concurrency_2_group,17,2,4,"[3, 4, 3, 4]",2,False,False,4943918719116469,4943918723857473,28311552,4.668767929077148,False,57982058496,spread,"[2201, 2584, 2967]"
two_single_2,17,2,4,"[0, 0, 2, 0]",1,False,False,4943918734977604,4943918736633495,18874368,1.5985280275344849,False,57982058496,spread,"[4788, 5171]"
scale_62_group,17,2,4,"[15, 16, 15, 16]",1,False,False,4943918747029264,4943918770521131,141557760,23.217504501342773,False,57982058496,spread,"[2609, 2992, 3375, 3758, 4141, 4524, 4907, 5290, 5673, 6056, 295, 678, 1061, 1444, 1827]"
scale_62_rank,17,2,4,"[16, 16, 15, 15]",1,False,False,4943918781378979,4943918804291284,141557760,22.857791900634766,False,57982058496,spread,"[2992, 3375, 3758, 4141, 4524, 4907, 5290, 5673, 6056, 295, 678, 1061, 1444, 1827, 2210]"
concurrency_4_rank,17,2,4,"[4, 4, 3, 3]",4,False,False,4943918816613003,4943918821431752,28311552,4.687071800231934,False,57982058496,spread,"[2584, 2967, 3350]"
scale_2_group,17,2,4,"[0, 1, 0, 1]",1,False,False,4943918833387310,4943918833482369,0,0,False,57982058496,spread,[]
scale_8_group,17,2,4,"[2, 2, 2, 2]",1,False,False,4943918844572513,4943918847742269,18874368,3.1297919750213623,False,57982058496,spread,"[614, 997]"
scale_14_rank,17,2,4,"[4, 4, 3, 3]",1,False,False,4943918858194728,4943918862917621,28311552,4.6696319580078125,False,57982058496,spread,"[2584, 2967, 3350]"
two_pair_1_3,17,2,4,"[0, 1, 0, 1]",1,False,False,4943918875566368,4943918875657621,0,0,False,57982058496,spread,[]
scale_2_rank,17,2,4,"[1, 1, 0, 0]",1,False,False,4943918886906807,4943918886967110,0,0,False,57982058496,spread,[]
two_pair_1_2,17,2,4,"[0, 1, 1, 0]",1,False,False,4943918898908742,4943918899806415,9437184,0.835968017578125,False,57982058496,spread,[5171]
two_pair_2_3,17,2,4,"[0, 0, 1, 1]",1,False,False,4943918910198547,4943918911843213,9437184,1.5939199924468994,False,57982058496,spread,[4788]
two_single_3,17,2,4,"[0, 0, 0, 2]",1,False,False,4943918922253082,4943918922324703,0,0,False,57982058496,spread,[]
two_single_0,17,2,4,"[2, 0, 0, 0]",1,False,False,4943918934358377,4943918934446890,0,0,False,57982058496,spread,[]
scale_8_rank,17,2,4,"[2, 2, 2, 2]",1,False,False,4943918946421997,4943918949612466,18874368,3.128416061401367,False,57982058496,spread,"[614, 997]"
two_pair_0_2,17,2,4,"[1, 0, 1, 0]",1,False,False,4943918959990706,4943918960851651,9437184,0.8147839903831482,False,57982058496,spread,[5171]
two_pair_0_3,17,2,4,"[1, 0, 0, 1]",1,False,False,4943918971202609,4943918971294450,0,0,False,57982058496,spread,[]
concurrency_2_rank,17,2,4,"[4, 4, 3, 3]",2,False,False,4943918982445938,4943918987196024,28311552,4.63756799697876,False,57982058496,spread,"[2584, 2967, 3350]"
two_single_1,17,2,4,"[0, 2, 0, 0]",1,False,False,4943918999056548,4943918999143362,0,0,False,57982058496,spread,[]
scale_10_rank,17,2,4,"[3, 3, 2, 2]",1,False,False,4943919010972583,4943919014229006,18874368,3.1594879627227783,False,57982058496,spread,"[1526, 1909]"
concurrency_4_group,17,2,4,"[3, 4, 3, 4]",4,False,False,4943919026087222,4943919030918111,28311552,4.6935038566589355,False,57982058496,spread,"[2201, 2584, 2967]"
scale_14_group,17,2,4,"[3, 4, 3, 4]",1,False,False,4943919042120346,4943919046839083,28311552,4.6631999015808105,False,57982058496,spread,"[2201, 2584, 2967]"
scale_10_group,17,2,4,"[2, 3, 2, 3]",1,False,False,4943919057971121,4943919061452413,18874368,3.198335886001587,False,57982058496,spread,"[1143, 1526]"
six_2,17,2,4,"[2, 1, 2, 1]",1,False,False,4943919072277732,4943919074690123,18874368,2.337599992752075,False,57982058496,spread,"[85, 468]"
two_pair_0_1,17,2,4,"[1, 1, 0, 0]",1,False,False,4943919085080082,4943919085146119,0,0,False,57982058496,spread,[]
scale_4_rank,17,2,4,"[1, 1, 1, 1]",1,False,False,4943919097059423,4943919098732551,9437184,1.593951940536499,False,57982058496,spread,[5700]
six_1,17,2,4,"[1, 2, 1, 2]",1,False,False,4943919109099408,4943919110740594,9437184,1.5849920511245728,False,57982058496,spread,[85]
scale_6_rank,17,2,4,"[2, 2, 1, 1]",1,False,False,4943919121812441,4943919123446909,9437184,1.5836479663848877,False,57982058496,spread,[468]
scale_50_group,18,2,4,"[12, 13, 12, 13]",1,False,False,4943919135311111,4943919153898954,113246208,18.501312255859375,False,57982058496,spread,"[5790, 29, 412, 795, 1178, 1561, 1944, 2327, 2710, 3093, 3476, 3859]"
concurrency_4_group,18,2,4,"[3, 4, 3, 4]",4,False,False,4943919165023532,4943919169837218,28311552,4.676511764526367,False,57982058496,spread,"[2412, 2795, 3178]"
scale_62_group,18,2,4,"[15, 16, 15, 16]",1,False,False,4943919181177352,4943919204354395,141557760,23.11907196044922,False,57982058496,spread,"[2820, 3203, 3586, 3969, 4352, 4735, 5118, 5501, 5884, 123, 506, 889, 1272, 1655, 2038]"
scale_2_rank,18,2,4,"[1, 1, 0, 0]",1,False,False,4943919215473756,4943919215543250,0,0,False,57982058496,spread,[]
two_single_1,18,2,4,"[0, 2, 0, 0]",1,False,False,4943919227516654,4943919227588586,0,0,False,57982058496,spread,[]
scale_8_rank,18,2,4,"[2, 2, 2, 2]",1,False,False,4943919239615806,4943919242831233,18874368,3.139103889465332,False,57982058496,spread,"[825, 1208]"
two_pair_1_3,18,2,4,"[0, 1, 0, 1]",1,False,False,4943919253187386,4943919253267855,0,0,False,57982058496,spread,[]
scale_10_group,18,2,4,"[2, 3, 2, 3]",1,False,False,4943919264359871,4943919267534378,18874368,3.1261119842529297,False,57982058496,spread,"[1354, 1737]"
scale_14_group,18,2,4,"[3, 4, 3, 4]",1,False,False,4943919278630151,4943919283338930,28311552,4.658720016479492,False,57982058496,spread,"[2412, 2795, 3178]"
two_single_0,18,2,4,"[2, 0, 0, 0]",1,False,False,4943919294483931,4943919294553084,0,0,False,57982058496,spread,[]
two_pair_0_1,18,2,4,"[1, 1, 0, 0]",1,False,False,4943919306414563,4943919306506224,0,0,False,57982058496,spread,[]
two_pair_0_3,18,2,4,"[1, 0, 0, 1]",1,False,False,4943919318281937,4943919318383152,0,0,False,57982058496,spread,[]
six_3,18,2,4,"[1, 1, 2, 2]",1,False,False,4943919329530765,4943919332729063,18874368,3.128448009490967,False,57982058496,spread,"[6057, 296]"
scale_6_group,18,2,4,"[1, 2, 1, 2]",1,False,False,4943919343052435,4943919344682493,9437184,1.5845119953155518,False,57982058496,spread,[296]
two_pair_1_2,18,2,4,"[0, 1, 1, 0]",1,False,False,4943919355768461,4943919356638330,9437184,0.8202239871025085,False,57982058496,spread,[5382]
scale_62_rank,18,2,4,"[16, 16, 15, 15]",1,False,False,4943919366908878,4943919390064248,141557760,22.86956787109375,False,57982058496,spread,"[3203, 3586, 3969, 4352, 4735, 5118, 5501, 5884, 123, 506, 889, 1272, 1655, 2038, 2421]"
concurrency_2_rank,18,2,4,"[4, 4, 3, 3]",2,False,False,4943919401885128,4943919406572239,28311552,4.592512130737305,False,57982058496,spread,"[2795, 3178, 3561]"
scale_4_group,18,2,4,"[1, 1, 1, 1]",1,False,False,4943919418454839,4943919420094823,9437184,1.5773439407348633,False,57982058496,spread,[5911]
scale_50_rank,18,2,4,"[13, 13, 12, 12]",1,False,False,4943919430439123,4943919448985492,113246208,18.50262451171875,False,57982058496,spread,"[29, 412, 795, 1178, 1561, 1944, 2327, 2710, 3093, 3476, 3859, 4242]"
two_single_2,18,2,4,"[0, 0, 2, 0]",1,False,False,4943919461334276,4943919463006202,18874368,1.5974080562591553,False,57982058496,spread,"[4999, 5382]"
six_2,18,2,4,"[2, 1, 2, 1]",1,False,False,4943919473454337,4943919475860747,18874368,2.3559679985046387,False,57982058496,spread,"[296, 679]"
scale_14_rank,18,2,4,"[4, 4, 3, 3]",1,False,False,4943919486284565,4943919490989877,28311552,4.654911994934082,False,57982058496,spread,"[2795, 3178, 3561]"
concurrency_2_group,18,2,4,"[3, 4, 3, 4]",2,False,False,4943919502788115,4943919507538495,28311552,4.649472236633301,False,57982058496,spread,"[2412, 2795, 3178]"
scale_6_rank,18,2,4,"[2, 2, 1, 1]",1,False,False,4943919518623516,4943919520268469,9437184,1.5916160345077515,False,57982058496,spread,[679]
six_1,18,2,4,"[1, 2, 1, 2]",1,False,False,4943919532152954,4943919533831741,9437184,1.5954240560531616,False,57982058496,spread,[296]
scale_8_group,18,2,4,"[2, 2, 2, 2]",1,False,False,4943919545049075,4943919548224755,18874368,3.126847982406616,False,57982058496,spread,"[825, 1208]"
two_single_3,18,2,4,"[0, 0, 0, 2]",1,False,False,4943919558593292,4943919558658381,0,0,False,57982058496,spread,[]
six_0,18,2,4,"[2, 2, 1, 1]",1,False,False,4943919570503257,4943919572130602,9437184,1.5826239585876465,False,57982058496,spread,[679]
scale_2_group,18,2,4,"[0, 1, 0, 1]",1,False,False,4943919584009106,4943919584101620,0,0,False,57982058496,spread,[]
two_pair_0_2,18,2,4,"[1, 0, 1, 0]",1,False,False,4943919595325395,4943919596223842,9437184,0.8290879726409912,False,57982058496,spread,[5382]
scale_10_rank,18,2,4,"[3, 3, 2, 2]",1,False,False,4943919606516091,4943919609686181,18874368,3.1162240505218506,False,57982058496,spread,"[1737, 2120]"
scale_4_rank,18,2,4,"[1, 1, 1, 1]",1,False,False,4943919621578394,4943919623269696,9437184,1.605023980140686,False,57982058496,spread,[5911]
concurrency_4_rank,18,2,4,"[4, 4, 3, 3]",4,False,False,4943919633593768,4943919638391801,28311552,4.68064022064209,False,57982058496,spread,"[2795, 3178, 3561]"
two_pair_2_3,18,2,4,"[0, 0, 1, 1]",1,False,False,4943919650184825,4943919651881230,9437184,1.608512043952942,False,57982058496,spread,[4999]
two_pair_0_3,19,2,4,"[1, 0, 0, 1]",1,False,False,4943919662378885,4943919662465609,0,0,False,57982058496,spread,[]
scale_62_group,19,2,4,"[15, 16, 15, 16]",1,False,False,4943919673671524,4943919697333033,141557760,23.224096298217773,False,57982058496,spread,"[3031, 3414, 3797, 4180, 4563, 4946, 5329, 5712, 6095, 334, 717, 1100, 1483, 1866, 2249]"
six_3,19,2,4,"[1, 1, 2, 2]",1,False,False,4943919708141920,4943919711359148,18874368,3.1450560092926025,False,57982058496,spread,"[124, 507]"
two_pair_0_2,19,2,4,"[1, 0, 1, 0]",1,False,False,4943919721851962,4943919722743348,9437184,0.8279680013656616,False,57982058496,spread,[5593]
scale_2_rank,19,2,4,"[1, 1, 0, 0]",1,False,False,4943919733097993,4943919733167130,0,0,False,57982058496,spread,[]
scale_62_rank,19,2,4,"[16, 16, 15, 15]",1,False,False,4943919745123566,4943919768329457,141557760,23.127775192260742,False,57982058496,spread,"[3414, 3797, 4180, 4563, 4946, 5329, 5712, 6095, 334, 717, 1100, 1483, 1866, 2249, 2632]"
scale_4_rank,19,2,4,"[1, 1, 1, 1]",1,False,False,4943919780630189,4943919782301324,9437184,1.6009279489517212,False,57982058496,spread,[6122]
scale_14_rank,19,2,4,"[4, 4, 3, 3]",1,False,False,4943919792765042,4943919797468476,28311552,4.6479997634887695,False,57982058496,spread,"[3006, 3389, 3772]"
concurrency_2_rank,19,2,4,"[4, 4, 3, 3]",2,False,False,4943919809355627,4943919814080608,28311552,4.6287360191345215,False,57982058496,spread,"[3006, 3389, 3772]"
two_pair_0_1,19,2,4,"[1, 1, 0, 0]",1,False,False,4943919825982393,4943919826064942,0,0,False,57982058496,spread,[]
scale_10_rank,19,2,4,"[3, 3, 2, 2]",1,False,False,4943919837955821,4943919841162225,18874368,3.1315200328826904,False,57982058496,spread,"[1948, 2331]"
concurrency_4_group,19,2,4,"[3, 4, 3, 4]",4,False,False,4943919853056207,4943919857855516,28311552,4.674623966217041,False,57982058496,spread,"[2623, 3006, 3389]"
scale_4_group,19,2,4,"[1, 1, 1, 1]",1,False,False,4943919868949376,4943919870592016,9437184,1.5836479663848877,False,57982058496,spread,[6122]
scale_10_group,19,2,4,"[2, 3, 2, 3]",1,False,False,4943919880893468,4943919884053672,18874368,3.1117119789123535,False,57982058496,spread,"[1565, 1948]"
scale_14_group,19,2,4,"[3, 4, 3, 4]",1,False,False,4943919895168634,4943919899879456,28311552,4.654496192932129,False,57982058496,spread,"[2623, 3006, 3389]"
scale_8_group,19,2,4,"[2, 2, 2, 2]",1,False,False,4943919910993844,4943919914164030,18874368,3.119584083557129,False,57982058496,spread,"[1036, 1419]"
concurrency_4_rank,19,2,4,"[4, 4, 3, 3]",4,False,False,4943919924522730,4943919929297838,28311552,4.685311794281006,False,57982058496,spread,"[3006, 3389, 3772]"
scale_2_group,19,2,4,"[0, 1, 0, 1]",1,False,False,4943919941145511,4943919941253272,0,0,False,57982058496,spread,[]
two_pair_1_2,19,2,4,"[0, 1, 1, 0]",1,False,False,4943919952471848,4943919953352146,9437184,0.8280320167541504,False,57982058496,spread,[5593]
scale_50_group,19,2,4,"[12, 13, 12, 13]",1,False,False,4943919963674157,4943919982311233,113246208,18.53971290588379,False,57982058496,spread,"[6001, 240, 623, 1006, 1389, 1772, 2155, 2538, 2921, 3304, 3687, 4070]"
scale_6_group,19,2,4,"[1, 2, 1, 2]",1,False,False,4943919993358219,4943919994864952,9437184,1.4173760414123535,False,57982058496,spread,[507]
six_0,19,2,4,"[2, 2, 1, 1]",1,False,False,4943920006337779,4943920007974151,9437184,1.5871360301971436,False,57982058496,spread,[890]
two_pair_2_3,19,2,4,"[0, 0, 1, 1]",1,False,False,4943920019864768,4943920021568549,9437184,1.6128000020980835,False,57982058496,spread,[5210]
scale_6_rank,19,2,4,"[2, 2, 1, 1]",1,False,False,4943920032053652,4943920033704970,9437184,1.5869120359420776,False,57982058496,spread,[890]
scale_50_rank,19,2,4,"[13, 13, 12, 12]",1,False,False,4943920045588792,4943920064185948,113246208,18.523296356201172,False,57982058496,spread,"[240, 623, 1006, 1389, 1772, 2155, 2538, 2921, 3304, 3687, 4070, 4453]"
concurrency_2_group,19,2,4,"[3, 4, 3, 4]",2,False,False,4943920076266213,4943920081021466,28311552,4.667168140411377,False,57982058496,spread,"[2623, 3006, 3389]"
two_pair_1_3,19,2,4,"[0, 1, 0, 1]",1,False,False,4943920092028794,4943920092107364,0,0,False,57982058496,spread,[]
six_1,19,2,4,"[1, 2, 1, 2]",1,False,False,4943920103150467,4943920104797171,9437184,1.5871679782867432,False,57982058496,spread,[507]
two_single_3,19,2,4,"[0, 0, 0, 2]",1,False,False,4943920115885447,4943920115964349,0,0,False,57982058496,spread,[]
six_2,19,2,4,"[2, 1, 2, 1]",1,False,False,4943920127962607,4943920130379352,18874368,2.342751979827881,False,57982058496,spread,"[507, 890]"
two_single_1,19,2,4,"[0, 2, 0, 0]",1,False,False,4943920140721358,4943920140800143,0,0,False,57982058496,spread,[]
two_single_0,19,2,4,"[2, 0, 0, 0]",1,False,False,4943920152747662,4943920152837745,0,0,False,57982058496,spread,[]
scale_8_rank,19,2,4,"[2, 2, 2, 2]",1,False,False,4943920164836162,4943920168037263,18874368,3.1337599754333496,False,57982058496,spread,"[1036, 1419]"
two_single_2,19,2,4,"[0, 0, 2, 0]",1,False,False,4943920178379597,4943920180025767,18874368,1.5899200439453125,False,57982058496,spread,"[5210, 5593]"
scale_14_rank,20,2,4,"[4, 4, 3, 3]",1,False,False,4943920190297506,4943920195013058,28311552,4.640160083770752,False,57982058496,spread,"[3217, 3600, 3983]"
scale_2_rank,20,2,4,"[1, 1, 0, 0]",1,False,False,4943920206886416,4943920206969821,0,0,False,57982058496,spread,[]
two_pair_0_3,20,2,4,"[1, 0, 0, 1]",1,False,False,4943920218878846,4943920218967720,0,0,False,57982058496,spread,[]
scale_4_group,20,2,4,"[1, 1, 1, 1]",1,False,False,4943920230051012,4943920231694825,9437184,1.5918079614639282,False,57982058496,spread,[189]
six_3,20,2,4,"[1, 1, 2, 2]",1,False,False,4943920242086961,4943920245261370,18874368,3.115744113922119,False,57982058496,spread,"[335, 718]"
two_pair_0_2,20,2,4,"[1, 0, 1, 0]",1,False,False,4943920255631363,4943920256505437,9437184,0.819487988948822,False,57982058496,spread,[5804]
scale_62_rank,20,2,4,"[16, 16, 15, 15]",1,False,False,4943920266863925,4943920290046479,141557760,23.083904266357422,False,57982058496,spread,"[3625, 4008, 4391, 4774, 5157, 5540, 5923, 162, 545, 928, 1311, 1694, 2077, 2460, 2843]"
two_pair_1_3,20,2,4,"[0, 1, 0, 1]",1,False,False,4943920301936958,4943920302063834,0,0,False,57982058496,spread,[]
concurrency_4_rank,20,2,4,"[4, 4, 3, 3]",4,False,False,4943920313095024,4943920317862798,28311552,4.666624069213867,False,57982058496,spread,"[3217, 3600, 3983]"
scale_4_rank,20,2,4,"[1, 1, 1, 1]",1,False,False,4943920329821071,4943920331364305,9437184,1.4805439710617065,False,57982058496,spread,[189]
scale_2_group,20,2,4,"[0, 1, 0, 1]",1,False,False,4943920341787211,4943920341864998,0,0,False,57982058496,spread,[]
scale_6_rank,20,2,4,"[2, 2, 1, 1]",1,False,False,4943920352970710,4943920354604439,9437184,1.5824960470199585,False,57982058496,spread,[1101]
scale_10_group,20,2,4,"[2, 3, 2, 3]",1,False,False,4943920366983467,4943920370179254,18874368,3.1258559226989746,False,57982058496,spread,"[1776, 2159]"
scale_50_group,20,2,4,"[12, 13, 12, 13]",1,False,False,4943920381264016,4943920399826393,113246208,18.50374412536621,False,57982058496,spread,"[68, 451, 834, 1217, 1600, 1983, 2366, 2749, 3132, 3515, 3898, 4281]"
two_pair_2_3,20,2,4,"[0, 0, 1, 1]",1,False,False,4943920410867304,4943920412504857,9437184,1.584831953048706,False,57982058496,spread,[5421]
scale_14_group,20,2,4,"[3, 4, 3, 4]",1,False,False,4943920422756976,4943920427465501,28311552,4.656544208526611,False,57982058496,spread,"[2834, 3217, 3600]"
scale_8_group,20,2,4,"[2, 2, 2, 2]",1,False,False,4943920438533094,4943920441701502,18874368,3.116895914077759,False,57982058496,spread,"[1247, 1630]"
two_single_0,20,2,4,"[2, 0, 0, 0]",1,False,False,4943920452027907,4943920452111030,0,0,False,57982058496,spread,[]
scale_8_rank,20,2,4,"[2, 2, 2, 2]",1,False,False,4943920464059286,4943920467234774,18874368,3.1248960494995117,False,57982058496,spread,"[1247, 1630]"
two_pair_1_2,20,2,4,"[0, 1, 1, 0]",1,False,False,4943920477541288,4943920478412011,9437184,0.8182719945907593,False,57982058496,spread,[5804]
scale_62_group,20,2,4,"[15, 16, 15, 16]",1,False,False,4943920488710517,4943920511871654,141557760,23.106687545776367,False,57982058496,spread,"[3242, 3625, 4008, 4391, 4774, 5157, 5540, 5923, 162, 545, 928, 1311, 1694, 2077, 2460]"
scale_50_rank,20,2,4,"[13, 13, 12, 12]",1,False,False,4943920522972868,4943920541546973,113246208,18.51523208618164,False,57982058496,spread,"[451, 834, 1217, 1600, 1983, 2366, 2749, 3132, 3515, 3898, 4281, 4664]"
two_single_2,20,2,4,"[0, 0, 2, 0]",1,False,False,4943920553358873,4943920555005521,18874368,1.5922880172729492,False,57982058496,spread,"[5421, 5804]"
concurrency_4_group,20,2,4,"[3, 4, 3, 4]",4,False,False,4943920565422582,4943920570194802,28311552,4.676000118255615,False,57982058496,spread,"[2834, 3217, 3600]"
concurrency_2_group,20,2,4,"[3, 4, 3, 4]",2,False,False,4943920581322714,4943920586377799,28311552,4.729983806610107,False,57982058496,spread,"[2834, 3217, 3600]"
two_pair_0_1,20,2,4,"[1, 1, 0, 0]",1,False,False,4943920597113962,4943920597189329,0,0,False,57982058496,spread,[]
six_2,20,2,4,"[2, 1, 2, 1]",1,False,False,4943920609020581,4943920611430809,18874368,2.358112096786499,False,57982058496,spread,"[718, 1101]"
scale_10_rank,20,2,4,"[3, 3, 2, 2]",1,False,False,4943920621786140,4943920624951448,18874368,3.1043519973754883,False,57982058496,spread,"[2159, 2542]"
six_1,20,2,4,"[1, 2, 1, 2]",1,False,False,4943920636823487,4943920638446777,9437184,1.5676159858703613,False,57982058496,spread,[718]
scale_6_group,20,2,4,"[1, 2, 1, 2]",1,False,False,4943920649521944,4943920651158418,9437184,1.5809600353240967,False,57982058496,spread,[718]
two_single_3,20,2,4,"[0, 0, 0, 2]",1,False,False,4943920662657408,4943920662728996,0,0,False,57982058496,spread,[]
two_single_1,20,2,4,"[0, 2, 0, 0]",1,False,False,4943920674704090,4943920674770361,0,0,False,57982058496,spread,[]
six_0,20,2,4,"[2, 2, 1, 1]",1,False,False,4943920686607464,4943920688227934,9437184,1.5703680515289307,False,57982058496,spread,[1101]
concurrency_2_rank,20,2,4,"[4, 4, 3, 3]",2,False,False,4943920700132792,4943920704884107,28311552,4.665311813354492,False,57982058496,spread,"[3217, 3600, 3983]"
two_pair_1_2,21,2,4,"[0, 1, 1, 0]",1,False,False,4943920716820711,4943920717696143,9437184,0.8179519772529602,False,57982058496,spread,[6015]
two_single_2,21,2,4,"[0, 0, 2, 0]",1,False,False,4943920727988729,4943920729625630,18874368,1.5885759592056274,False,57982058496,spread,"[5632, 6015]"
scale_8_group,21,2,4,"[2, 2, 2, 2]",1,False,False,4943920740160403,4943920743290921,18874368,3.0801279544830322,False,57982058496,spread,"[1458, 1841]"
two_pair_2_3,21,2,4,"[0, 0, 1, 1]",1,False,False,4943920753734755,4943920755356557,9437184,1.5735679864883423,False,57982058496,spread,[5632]
scale_62_rank,21,2,4,"[16, 16, 15, 15]",1,False,False,4943920765925123,4943920789101474,141557760,23.12883186340332,False,57982058496,spread,"[3836, 4219, 4602, 4985, 5368, 5751, 6134, 373, 756, 1139, 1522, 1905, 2288, 2671, 3054]"
two_pair_0_1,21,2,4,"[1, 1, 0, 0]",1,False,False,4943920800991205,4943920801097680,0,0,False,57982058496,spread,[]
two_pair_1_3,21,2,4,"[0, 1, 0, 1]",1,False,False,4943920812960490,4943920813049316,0,0,False,57982058496,spread,[]
two_pair_0_2,21,2,4,"[1, 0, 1, 0]",1,False,False,4943920824291433,4943920825164986,9437184,0.8307200074195862,False,57982058496,spread,[6015]
scale_6_rank,21,2,4,"[2, 2, 1, 1]",1,False,False,4943920835490790,4943920837117734,9437184,1.5814720392227173,False,57982058496,spread,[1312]
concurrency_4_group,21,2,4,"[3, 4, 3, 4]",4,False,False,4943920849016054,4943920853812504,28311552,4.675903797149658,False,57982058496,spread,"[3045, 3428, 3811]"
six_0,21,2,4,"[2, 2, 1, 1]",1,False,False,4943920864908145,4943920866534552,9437184,1.571328043937683,False,57982058496,spread,[1312]
six_1,21,2,4,"[1, 2, 1, 2]",1,False,False,4943920878373197,4943920880060471,9437184,1.6041920185089111,False,57982058496,spread,[929]
scale_8_rank,21,2,4,"[2, 2, 2, 2]",1,False,False,4943920891105029,4943920894298470,18874368,3.106208086013794,False,57982058496,spread,"[1458, 1841]"
scale_14_group,21,2,4,"[3, 4, 3, 4]",1,False,False,4943920904994832,4943920909779382,28311552,4.692448139190674,False,57982058496,spread,"[3045, 3428, 3811]"
two_single_1,21,2,4,"[0, 2, 0, 0]",1,False,False,4943920920824824,4943920920893243,0,0,False,57982058496,spread,[]
scale_2_group,21,2,4,"[0, 1, 0, 1]",1,False,False,4943920932892600,4943920932980922,0,0,False,57982058496,spread,[]
scale_4_group,21,2,4,"[1, 1, 1, 1]",1,False,False,4943920944107369,4943920945719883,9437184,1.5678399801254272,False,57982058496,spread,[400]
concurrency_2_rank,21,2,4,"[4, 4, 3, 3]",2,False,False,4943920956194346,4943920960901621,28311552,4.630847930908203,False,57982058496,spread,"[3428, 3811, 4194]"
six_2,21,2,4,"[2, 1, 2, 1]",1,False,False,4943920973062393,4943920975529245,18874368,2.3789761066436768,False,57982058496,spread,"[929, 1312]"
scale_10_group,21,2,4,"[2, 3, 2, 3]",1,False,False,4943920985847943,4943920989044532,18874368,3.1275839805603027,False,57982058496,spread,"[1987, 2370]"
two_single_0,21,2,4,"[2, 0, 0, 0]",1,False,False,4943921000150415,4943921000233794,0,0,False,57982058496,spread,[]
scale_50_group,21,2,4,"[12, 13, 12, 13]",1,False,False,4943921012143422,4943921030713815,113246208,18.495487213134766,False,57982058496,spread,"[279, 662, 1045, 1428, 1811, 2194, 2577, 2960, 3343, 3726, 4109, 4492]"
two_pair_0_3,21,2,4,"[1, 0, 0, 1]",1,False,False,4943921041854423,4943921041935567,0,0,False,57982058496,spread,[]
scale_14_rank,21,2,4,"[4, 4, 3, 3]",1,False,False,4943921053104551,4943921057819258,28311552,4.646207809448242,False,57982058496,spread,"[3428, 3811, 4194]"
two_single_3,21,2,4,"[0, 0, 0, 2]",1,False,False,4943921069769238,4943921069857251,0,0,False,57982058496,spread,[]
scale_10_rank,21,2,4,"[3, 3, 2, 2]",1,False,False,4943921081909598,4943921085067631,18874368,3.097088098526001,False,57982058496,spread,"[2370, 2753]"
scale_6_group,21,2,4,"[1, 2, 1, 2]",1,False,False,4943921097055397,4943921098712084,9437184,1.5878080129623413,False,57982058496,spread,[929]
scale_2_rank,21,2,4,"[1, 1, 0, 0]",1,False,False,4943921109803208,4943921109874945,0,0,False,57982058496,spread,[]
six_3,21,2,4,"[1, 1, 2, 2]",1,False,False,4943921121730631,4943921124905555,18874368,3.116544008255005,False,57982058496,spread,"[546, 929]"
scale_4_rank,21,2,4,"[1, 1, 1, 1]",1,False,False,4943921135237126,4943921136854669,9437184,1.5654720067977905,False,57982058496,spread,[400]
scale_50_rank,21,2,4,"[13, 13, 12, 12]",1,False,False,4943921147201608,4943921165719908,113246208,18.461952209472656,False,57982058496,spread,"[662, 1045, 1428, 1811, 2194, 2577, 2960, 3343, 3726, 4109, 4492, 4875]"
concurrency_4_rank,21,2,4,"[4, 4, 3, 3]",4,False,False,4943921177552868,4943921182345094,28311552,4.674047946929932,False,57982058496,spread,"[3428, 3811, 4194]"
concurrency_2_group,21,2,4,"[3, 4, 3, 4]",2,False,False,4943921194234153,4943921198980008,28311552,4.658912181854248,False,57982058496,spread,"[3045, 3428, 3811]"
scale_62_group,21,2,4,"[15, 16, 15, 16]",1,False,False,4943921210046522,4943921233506834,141557760,23.16783905029297,False,57982058496,spread,"[3453, 3836, 4219, 4602, 4985, 5368, 5751, 6134, 373, 756, 1139, 1522, 1905, 2288, 2671]"
two_single_2,22,2,4,"[0, 0, 2, 0]",1,False,False,4943921244954507,4943921246595310,18874368,1.5869439840316772,False,57982058496,spread,"[5843, 82]"
two_single_0,22,2,4,"[2, 0, 0, 0]",1,False,False,4943921257039100,4943921257109292,0,0,False,57982058496,spread,[]
six_0,22,2,4,"[2, 2, 1, 1]",1,False,False,4943921269581317,4943921271228680,9437184,1.5892800092697144,False,57982058496,spread,[1523]
scale_4_rank,22,2,4,"[1, 1, 1, 1]",1,False,False,4943921282967098,4943921284592590,9437184,1.571071982383728,False,57982058496,spread,[611]
two_single_3,22,2,4,"[0, 0, 0, 2]",1,False,False,4943921294920723,4943921294990397,0,0,False,57982058496,spread,[]
scale_8_rank,22,2,4,"[2, 2, 2, 2]",1,False,False,4943921306828106,4943921309983208,18874368,3.1077120304107666,False,57982058496,spread,"[1669, 2052]"
scale_4_group,22,2,4,"[1, 1, 1, 1]",1,False,False,4943921320363387,4943921321977433,9437184,1.5648319721221924,False,57982058496,spread,[611]
scale_6_rank,22,2,4,"[2, 2, 1, 1]",1,False,False,4943921332366776,4943921333980376,9437184,1.5641599893569946,False,57982058496,spread,[1523]
two_single_1,22,2,4,"[0, 2, 0, 0]",1,False,False,4943921345878612,4943921345966923,0,0,False,57982058496,spread,[]
six_3,22,2,4,"[1, 1, 2, 2]",1,False,False,4943921357950293,4943921361146766,18874368,3.1100800037384033,False,57982058496,spread,"[757, 1140]"
concurrency_2_rank,22,2,4,"[4, 4, 3, 3]",2,False,False,4943921371661282,4943921376382148,28311552,4.623904228210449,False,57982058496,spread,"[3639, 4022, 4405]"
scale_6_group,22,2,4,"[1, 2, 1, 2]",1,False,False,4943921388286660,4943921389931603,9437184,1.5856000185012817,False,57982058496,spread,[1140]
scale_50_rank,22,2,4,"[13, 13, 12, 12]",1,False,False,4943921401034068,4943921419544962,113246208,18.460224151611328,False,57982058496,spread,"[873, 1256, 1639, 2022, 2405, 2788, 3171, 3554, 3937, 4320, 4703, 5086]"
concurrency_4_rank,22,2,4,"[4, 4, 3, 3]",4,False,False,4943921431411703,4943921436195587,28311552,4.654016017913818,False,57982058496,spread,"[3639, 4022, 4405]"
scale_50_group,22,2,4,"[12, 13, 12, 13]",1,False,False,4943921448069440,4943921466625952,113246208,18.495616912841797,False,57982058496,spread,"[490, 873, 1256, 1639, 2022, 2405, 2788, 3171, 3554, 3937, 4320, 4703]"
scale_2_rank,22,2,4,"[1, 1, 0, 0]",1,False,False,4943921477689394,4943921477756370,0,0,False,57982058496,spread,[]
scale_10_rank,22,2,4,"[3, 3, 2, 2]",1,False,False,4943921489607938,4943921492791812,18874368,3.1231040954589844,False,57982058496,spread,"[2581, 2964]"
two_pair_1_3,22,2,4,"[0, 1, 0, 1]",1,False,False,4943921504720509,4943921504805597,0,0,False,57982058496,spread,[]
six_1,22,2,4,"[1, 2, 1, 2]",1,False,False,4943921515860766,4943921517823761,9437184,1.6709439754486084,False,57982058496,spread,[1140]
two_pair_1_2,22,2,4,"[0, 1, 1, 0]",1,False,False,4943921528590492,4943921529466622,9437184,0.8214719891548157,False,57982058496,spread,[82]
six_2,22,2,4,"[2, 1, 2, 1]",1,False,False,4943921539689644,4943921542102434,18874368,2.3564798831939697,False,57982058496,spread,"[1140, 1523]"
two_pair_2_3,22,2,4,"[0, 0, 1, 1]",1,False,False,4943921552401070,4943921554043720,9437184,1.586400032043457,False,57982058496,spread,[5843]
scale_14_rank,22,2,4,"[4, 4, 3, 3]",1,False,False,4943921564423317,4943921569129992,28311552,4.650144100189209,False,57982058496,spread,"[3639, 4022, 4405]"
two_pair_0_1,22,2,4,"[1, 1, 0, 0]",1,False,False,4943921581021919,4943921581117001,0,0,False,57982058496,spread,[]
scale_10_group,22,2,4,"[2, 3, 2, 3]",1,False,False,4943921593013229,4943921596214781,18874368,3.135103940963745,False,57982058496,spread,"[2198, 2581]"
scale_62_group,22,2,4,"[15, 16, 15, 16]",1,False,False,4943921607256271,4943921630394699,141557760,23.077695846557617,False,57982058496,spread,"[3664, 4047, 4430, 4813, 5196, 5579, 5962, 201, 584, 967, 1350, 1733, 2116, 2499, 2882]"
scale_2_group,22,2,4,"[0, 1, 0, 1]",1,False,False,4943921641533273,4943921641614610,0,0,False,57982058496,spread,[]
scale_8_group,22,2,4,"[2, 2, 2, 2]",1,False,False,4943921652719187,4943921655889522,18874368,3.115679979324341,False,57982058496,spread,"[1669, 2052]"
two_pair_0_2,22,2,4,"[1, 0, 1, 0]",1,False,False,4943921666312899,4943921667189283,9437184,0.8209919929504395,False,57982058496,spread,[82]
concurrency_4_group,22,2,4,"[3, 4, 3, 4]",4,False,False,4943921677551456,4943921682340967,28311552,4.67526388168335,False,57982058496,spread,"[3256, 3639, 4022]"
scale_62_rank,22,2,4,"[16, 16, 15, 15]",1,False,False,4943921693449505,4943921716606803,141557760,23.101951599121094,False,57982058496,spread,"[4047, 4430, 4813, 5196, 5579, 5962, 201, 584, 967, 1350, 1733, 2116, 2499, 2882, 3265]"
two_pair_0_3,22,2,4,"[1, 0, 0, 1]",1,False,False,4943921728572500,4943921728676631,0,0,False,57982058496,spread,[]
scale_14_group,22,2,4,"[3, 4, 3, 4]",1,False,False,4943921739853156,4943921744594019,28311552,4.67574405670166,False,57982058496,spread,"[3256, 3639, 4022]"
concurrency_2_group,22,2,4,"[3, 4, 3, 4]",2,False,False,4943921755673778,4943921760426099,28311552,4.669504165649414,False,57982058496,spread,"[3256, 3639, 4022]"
six_0,23,2,4,"[2, 2, 1, 1]",1,False,False,4943921771518275,4943921773145398,9437184,1.5720000267028809,False,57982058496,spread,[1734]
scale_8_rank,23,2,4,"[2, 2, 2, 2]",1,False,False,4943921785036367,4943921788237486,18874368,3.1393918991088867,False,57982058496,spread,"[1880, 2263]"
two_pair_0_2,23,2,4,"[1, 0, 1, 0]",1,False,False,4943921798587319,4943921799471952,9437184,0.8311359882354736,False,57982058496,spread,[293]
two_pair_1_2,23,2,4,"[0, 1, 1, 0]",1,False,False,4943921809820394,4943921811003625,9437184,0.8931840062141418,False,57982058496,spread,[293]
scale_14_rank,23,2,4,"[4, 4, 3, 3]",1,False,False,4943921821535111,4943921825962107,28311552,4.3718719482421875,False,57982058496,spread,"[3850, 4233, 4616]"
scale_10_group,23,2,4,"[2, 3, 2, 3]",1,False,False,4943921838147617,4943921841339352,18874368,3.128159999847412,False,57982058496,spread,"[2409, 2792]"
scale_6_rank,23,2,4,"[2, 2, 1, 1]",1,False,False,4943921852610233,4943921854248831,9437184,1.5797760486602783,False,57982058496,spread,[1734]
two_single_1,23,2,4,"[0, 2, 0, 0]",1,False,False,4943921866276770,4943921866382379,0,0,False,57982058496,spread,[]
two_pair_0_3,23,2,4,"[1, 0, 0, 1]",1,False,False,4943921878227684,4943921878329585,0,0,False,57982058496,spread,[]
scale_62_rank,23,2,4,"[16, 16, 15, 15]",1,False,False,4943921889502308,4943921912691290,141557760,23.123903274536133,False,57982058496,spread,"[4258, 4641, 5024, 5407, 5790, 29, 412, 795, 1178, 1561, 1944, 2327, 2710, 3093, 3476]"
concurrency_4_rank,23,2,4,"[4, 4, 3, 3]",4,False,False,4943921924477363,4943921929308090,28311552,4.704063892364502,False,57982058496,spread,"[3850, 4233, 4616]"
two_pair_0_1,23,2,4,"[1, 1, 0, 0]",1,False,False,4943921941137618,4943921941221233,0,0,False,57982058496,spread,[]
concurrency_2_rank,23,2,4,"[4, 4, 3, 3]",2,False,False,4943921953136628,4943921957887157,28311552,4.666016101837158,False,57982058496,spread,"[3850, 4233, 4616]"
concurrency_4_group,23,2,4,"[3, 4, 3, 4]",4,False,False,4943921969711495,4943921974480683,28311552,4.658463954925537,False,57982058496,spread,"[3467, 3850, 4233]"
six_2,23,2,4,"[2, 1, 2, 1]",1,False,False,4943921985740712,4943921988188538,18874368,2.3704960346221924,False,57982058496,spread,"[1351, 1734]"
two_single_2,23,2,4,"[0, 0, 2, 0]",1,False,False,4943921998563185,4943922000249282,18874368,1.6142719984054565,False,57982058496,spread,"[6054, 293]"
scale_14_group,23,2,4,"[3, 4, 3, 4]",1,False,False,4943922010552897,4943922015251118,28311552,4.635968208312988,False,57982058496,spread,"[3467, 3850, 4233]"
scale_8_group,23,2,4,"[2, 2, 2, 2]",1,False,False,4943922026357113,4943922029549203,18874368,3.0026559829711914,False,57982058496,spread,"[1880, 2263]"
six_1,23,2,4,"[1, 2, 1, 2]",1,False,False,4943922039917382,4943922041575174,9437184,1.5932799577713013,False,57982058496,spread,[1351]
scale_2_rank,23,2,4,"[1, 1, 0, 0]",1,False,False,4943922052683811,4943922052761065,0,0,False,57982058496,spread,[]
scale_50_group,23,2,4,"[12, 13, 12, 13]",1,False,False,4943922064813539,4943922083242264,113246208,18.357824325561523,False,57982058496,spread,"[701, 1084, 1467, 1850, 2233, 2616, 2999, 3382, 3765, 4148, 4531, 4914]"
scale_4_group,23,2,4,"[1, 1, 1, 1]",1,False,False,4943922094475263,4943922096114933,9437184,1.5858559608459473,False,57982058496,spread,[822]
two_single_3,23,2,4,"[0, 0, 0, 2]",1,False,False,4943922106471491,4943922106543618,0,0,False,57982058496,spread,[]
scale_6_group,23,2,4,"[1, 2, 1, 2]",1,False,False,4943922118517529,4943922120877016,9437184,1.5856640338897705,False,57982058496,spread,[1351]
scale_50_rank,23,2,4,"[13, 13, 12, 12]",1,False,False,4943922131649279,4943922150188325,113246208,18.45404815673828,False,57982058496,spread,"[1084, 1467, 1850, 2233, 2616, 2999, 3382, 3765, 4148, 4531, 4914, 5297]"
scale_2_group,23,2,4,"[0, 1, 0, 1]",1,False,False,4943922162271280,4943922162365068,0,0,False,57982058496,spread,[]
two_single_0,23,2,4,"[2, 0, 0, 0]",1,False,False,4943922173518866,4943922173592031,0,0,False,57982058496,spread,[]
two_pair_2_3,23,2,4,"[0, 0, 1, 1]",1,False,False,4943922185681116,4943922187306958,9437184,1.5655039548873901,False,57982058496,spread,[6054]
two_pair_1_3,23,2,4,"[0, 1, 0, 1]",1,False,False,4943922197809086,4943922197878682,0,0,False,57982058496,spread,[]
scale_4_rank,23,2,4,"[1, 1, 1, 1]",1,False,False,4943922209023293,4943922210656625,9437184,1.5867520570755005,False,57982058496,spread,[822]
concurrency_2_group,23,2,4,"[3, 4, 3, 4]",2,False,False,4943922221036570,4943922225763679,28311552,4.647552013397217,False,57982058496,spread,"[3467, 3850, 4233]"
scale_62_group,23,2,4,"[15, 16, 15, 16]",1,False,False,4943922236885745,4943922259875002,141557760,22.93561553955078,False,57982058496,spread,"[3875, 4258, 4641, 5024, 5407, 5790, 29, 412, 795, 1178, 1561, 1944, 2327, 2710, 3093]"
six_3,23,2,4,"[1, 1, 2, 2]",1,False,False,4943922271093626,4943922274264347,18874368,3.1210880279541016,False,57982058496,spread,"[968, 1351]"
scale_10_rank,23,2,4,"[3, 3, 2, 2]",1,False,False,4943922284748854,4943922287900714,18874368,3.1064960956573486,False,57982058496,spread,"[2792, 3175]"
two_pair_0_1,24,2,4,"[1, 1, 0, 0]",1,False,False,4943922299920133,4943922300028249,0,0,False,57982058496,spread,[]
scale_8_rank,24,2,4,"[2, 2, 2, 2]",1,False,False,4943922311927680,4943922315180067,18874368,3.1543679237365723,False,57982058496,spread,"[2091, 2474]"
scale_62_rank,24,2,4,"[16, 16, 15, 15]",1,False,False,4943922325573346,4943922348772097,141557760,23.13167953491211,False,57982058496,spread,"[4469, 4852, 5235, 5618, 6001, 240, 623, 1006, 1389, 1772, 2155, 2538, 2921, 3304, 3687]"
six_3,24,2,4,"[1, 1, 2, 2]",1,False,False,4943922360657047,4943922363849290,18874368,3.1311678886413574,False,57982058496,spread,"[1179, 1562]"
scale_2_rank,24,2,4,"[1, 1, 0, 0]",1,False,False,4943922374296718,4943922374369480,0,0,False,57982058496,spread,[]
scale_62_group,24,2,4,"[15, 16, 15, 16]",1,False,False,4943922386271874,4943922409455141,141557760,23.112831115722656,False,57982058496,spread,"[4086, 4469, 4852, 5235, 5618, 6001, 240, 623, 1006, 1389, 1772, 2155, 2538, 2921, 3304]"
scale_50_rank,24,2,4,"[13, 13, 12, 12]",1,False,False,4943922420587056,4943922439545947,113246208,18.538143157958984,False,57982058496,spread,"[1295, 1678, 2061, 2444, 2827, 3210, 3593, 3976, 4359, 4742, 5125, 5508]"
scale_14_rank,24,2,4,"[4, 4, 3, 3]",1,False,False,4943922451122208,4943922455847727,28311552,4.66867208480835,False,57982058496,spread,"[4061, 4444, 4827]"
two_single_3,24,2,4,"[0, 0, 0, 2]",1,False,False,4943922467966825,4943922468047777,0,0,False,57982058496,spread,[]
scale_6_group,24,2,4,"[1, 2, 1, 2]",1,False,False,4943922480199974,4943922481883079,9437184,1.597599983215332,False,57982058496,spread,[1562]
scale_8_group,24,2,4,"[2, 2, 2, 2]",1,False,False,4943922492941107,4943922496113927,18874368,3.1095359325408936,False,57982058496,spread,"[2091, 2474]"
two_pair_1_2,24,2,4,"[0, 1, 1, 0]",1,False,False,4943922506459346,4943922507342141,9437184,0.8214079737663269,False,57982058496,spread,[504]
two_pair_0_3,24,2,4,"[1, 0, 0, 1]",1,False,False,4943922517615267,4943922517695394,0,0,False,57982058496,spread,[]
scale_10_rank,24,2,4,"[3, 3, 2, 2]",1,False,False,4943922528800980,4943922531975304,18874368,3.1143999099731445,False,57982058496,spread,"[3003, 3386]"
scale_6_rank,24,2,4,"[2, 2, 1, 1]",1,False,False,4943922543797552,4943922545439705,9437184,1.5747519731521606,False,57982058496,spread,[1945]
scale_4_rank,24,2,4,"[1, 1, 1, 1]",1,False,False,4943922557212343,4943922558869998,9437184,1.5927679538726807,False,57982058496,spread,[1033]
concurrency_2_group,24,2,4,"[3, 4, 3, 4]",2,False,False,4943922569246841,4943922573994641,28311552,4.658304214477539,False,57982058496,spread,"[3678, 4061, 4444]"
concurrency_4_group,24,2,4,"[3, 4, 3, 4]",4,False,False,4943922585090650,4943922589874691,28311552,4.676032066345215,False,57982058496,spread,"[3678, 4061, 4444]"
two_single_1,24,2,4,"[0, 2, 0, 0]",1,False,False,4943922600970059,4943922601046777,0,0,False,57982058496,spread,[]
scale_50_group,24,2,4,"[12, 13, 12, 13]",1,False,False,4943922612983626,4943922631608644,113246208,18.527999877929688,False,57982058496,spread,"[912, 1295, 1678, 2061, 2444, 2827, 3210, 3593, 3976, 4359, 4742, 5125]"
six_0,24,2,4,"[2, 2, 1, 1]",1,False,False,4943922642768305,4943922644439220,9437184,1.5943039655685425,False,57982058496,spread,[1945]
two_pair_0_2,24,2,4,"[1, 0, 1, 0]",1,False,False,4943922656333782,4943922657245546,9437184,0.8341760039329529,False,57982058496,spread,[504]
scale_14_group,24,2,4,"[3, 4, 3, 4]",1,False,False,4943922667571696,4943922672300574,28311552,4.662879943847656,False,57982058496,spread,"[3678, 4061, 4444]"
concurrency_2_rank,24,2,4,"[4, 4, 3, 3]",2,False,False,4943922683382496,4943922688120220,28311552,4.659296035766602,False,57982058496,spread,"[4061, 4444, 4827]"
six_1,24,2,4,"[1, 2, 1, 2]",1,False,False,4943922700006531,4943922701675203,9437184,1.5944000482559204,False,57982058496,spread,[1562]
scale_10_group,24,2,4,"[2, 3, 2, 3]",1,False,False,4943922712774522,4943922715957352,18874368,3.1199679374694824,False,57982058496,spread,"[2620, 3003]"
six_2,24,2,4,"[2, 1, 2, 1]",1,False,False,4943922727682509,4943922730142418,18874368,2.3567678928375244,False,57982058496,spread,"[1562, 1945]"
two_single_2,24,2,4,"[0, 0, 2, 0]",1,False,False,4943922740834301,4943922742559855,18874368,1.6322239637374878,False,57982058496,spread,"[121, 504]"
concurrency_4_rank,24,2,4,"[4, 4, 3, 3]",4,False,False,4943922754774040,4943922759354261,28311552,4.453792095184326,False,57982058496,spread,"[4061, 4444, 4827]"
two_single_0,24,2,4,"[2, 0, 0, 0]",1,False,False,4943922771874999,4943922771960279,0,0,False,57982058496,spread,[]
two_pair_2_3,24,2,4,"[0, 0, 1, 1]",1,False,False,4943922783979561,4943922785612830,9437184,1.5708800554275513,False,57982058496,spread,[121]
two_pair_1_3,24,2,4,"[0, 1, 0, 1]",1,False,False,4943922796091415,4943922796153155,0,0,False,57982058496,spread,[]
scale_4_group,24,2,4,"[1, 1, 1, 1]",1,False,False,4943922807232364,4943922808861778,9437184,1.5826560258865356,False,57982058496,spread,[1033]
scale_2_group,24,2,4,"[0, 1, 0, 1]",1,False,False,4943922819209853,4943922819277633,0,0,False,57982058496,spread,[]
two_single_3,25,2,4,"[0, 0, 0, 2]",1,False,False,4943922830646304,4943922830709999,0,0,False,57982058496,spread,[]
scale_6_group,25,2,4,"[1, 2, 1, 2]",1,False,False,4943922842632792,4943922844264842,9437184,1.5854079723358154,False,57982058496,spread,[1773]
scale_4_group,25,2,4,"[1, 1, 1, 1]",1,False,False,4943922855307119,4943922856927951,9437184,1.5768640041351318,False,57982058496,spread,[1244]
two_single_0,25,2,4,"[2, 0, 0, 0]",1,False,False,4943922867282321,4943922867356956,0,0,False,57982058496,spread,[]
scale_4_rank,25,2,4,"[1, 1, 1, 1]",1,False,False,4943922879212844,4943922880878761,9437184,1.597856044769287,False,57982058496,spread,[1244]
scale_62_rank,25,2,4,"[16, 16, 15, 15]",1,False,False,4943922891252008,4943922914374495,141557760,23.07663917541504,False,57982058496,spread,"[4680, 5063, 5446, 5829, 68, 451, 834, 1217, 1600, 1983, 2366, 2749, 3132, 3515, 3898]"
two_pair_0_3,25,2,4,"[1, 0, 0, 1]",1,False,False,4943922926345245,4943922926428219,0,0,False,57982058496,spread,[]
scale_14_group,25,2,4,"[3, 4, 3, 4]",1,False,False,4943922937632732,4943922942364390,28311552,4.6645121574401855,False,57982058496,spread,"[3889, 4272, 4655]"
scale_8_rank,25,2,4,"[2, 2, 2, 2]",1,False,False,4943922953452993,4943922956611403,18874368,3.112096071243286,False,57982058496,spread,"[2302, 2685]"
scale_2_group,25,2,4,"[0, 1, 0, 1]",1,False,False,4943922966894062,4943922966963299,0,0,False,57982058496,spread,[]
two_pair_1_2,25,2,4,"[0, 1, 1, 0]",1,False,False,4943922978016134,4943922978874907,9437184,0.8154240250587463,False,57982058496,spread,[715]
six_3,25,2,4,"[1, 1, 2, 2]",1,False,False,4943922989145893,4943922992298263,18874368,3.111583948135376,False,57982058496,spread,"[1390, 1773]"
six_1,25,2,4,"[1, 2, 1, 2]",1,False,False,4943923002598449,4943923004219363,9437184,1.5748800039291382,False,57982058496,spread,[1773]
scale_2_rank,25,2,4,"[1, 1, 0, 0]",1,False,False,4943923015377555,4943923015451076,0,0,False,57982058496,spread,[]
scale_10_rank,25,2,4,"[3, 3, 2, 2]",1,False,False,4943923027288379,4943923030530161,18874368,3.1482880115509033,False,57982058496,spread,"[3214, 3597]"
scale_50_rank,25,2,4,"[13, 13, 12, 12]",1,False,False,4943923042438667,4943923061085875,113246208,18.352191925048828,False,57982058496,spread,"[1506, 1889, 2272, 2655, 3038, 3421, 3804, 4187, 4570, 4953, 5336, 5719]"
two_pair_2_3,25,2,4,"[0, 0, 1, 1]",1,False,False,4943923073320217,4943923074971016,9437184,1.5828800201416016,False,57982058496,spread,[332]
scale_6_rank,25,2,4,"[2, 2, 1, 1]",1,False,False,4943923085317159,4943923086940681,9437184,1.5795520544052124,False,57982058496,spread,[2156]
six_0,25,2,4,"[2, 2, 1, 1]",1,False,False,4943923098846292,4943923100461702,9437184,1.5548479557037354,False,57982058496,spread,[2156]
concurrency_2_rank,25,2,4,"[4, 4, 3, 3]",2,False,False,4943923112392231,4943923117138157,28311552,4.6528000831604,False,57982058496,spread,"[4272, 4655, 5038]"
two_pair_0_1,25,2,4,"[1, 1, 0, 0]",1,False,False,4943923129028262,4943923129113401,0,0,False,57982058496,spread,[]
scale_14_rank,25,2,4,"[4, 4, 3, 3]",1,False,False,4943923141034310,4943923145733014,28311552,4.6353278160095215,False,57982058496,spread,"[4272, 4655, 5038]"
scale_10_group,25,2,4,"[2, 3, 2, 3]",1,False,False,4943923157649041,4943923160836507,18874368,3.1201601028442383,False,57982058496,spread,"[2831, 3214]"
concurrency_2_group,25,2,4,"[3, 4, 3, 4]",2,False,False,4943923171921427,4943923176660013,28311552,4.6645121574401855,False,57982058496,spread,"[3889, 4272, 4655]"
two_single_2,25,2,4,"[0, 0, 2, 0]",1,False,False,4943923187755814,4943923189381812,18874368,1.579327940940857,False,57982058496,spread,"[332, 715]"
scale_8_group,25,2,4,"[2, 2, 2, 2]",1,False,False,4943923199830592,4943923202985113,18874368,3.108959913253784,False,57982058496,spread,"[2302, 2685]"
scale_62_group,25,2,4,"[15, 16, 15, 16]",1,False,False,4943923213400933,4943923236552027,141557760,23.105152130126953,False,57982058496,spread,"[4297, 4680, 5063, 5446, 5829, 68, 451, 834, 1217, 1600, 1983, 2366, 2749, 3132, 3515]"
two_single_1,25,2,4,"[0, 2, 0, 0]",1,False,False,4943923247659666,4943923247727710,0,0,False,57982058496,spread,[]
two_pair_1_3,25,2,4,"[0, 1, 0, 1]",1,False,False,4943923259799889,4943923259869352,0,0,False,57982058496,spread,[]
six_2,25,2,4,"[2, 1, 2, 1]",1,False,False,4943923271014741,4943923273408392,18874368,2.3527679443359375,False,57982058496,spread,"[1773, 2156]"
concurrency_4_group,25,2,4,"[3, 4, 3, 4]",4,False,False,4943923283815149,4943923288570950,28311552,4.662208080291748,False,57982058496,spread,"[3889, 4272, 4655]"
two_pair_0_2,25,2,4,"[1, 0, 1, 0]",1,False,False,4943923299671825,4943923300534392,9437184,0.8139200210571289,False,57982058496,spread,[715]
scale_50_group,25,2,4,"[12, 13, 12, 13]",1,False,False,4943923310921907,4943923329446664,113246208,18.471712112426758,False,57982058496,spread,"[1123, 1506, 1889, 2272, 2655, 3038, 3421, 3804, 4187, 4570, 4953, 5336]"
concurrency_4_rank,25,2,4,"[4, 4, 3, 3]",4,False,False,4943923340972757,4943923345711254,28311552,4.639999866485596,False,57982058496,spread,"[4272, 4655, 5038]"
two_single_3,26,2,4,"[0, 0, 0, 2]",1,False,False,4943923357731146,4943923357860095,0,0,False,57982058496,spread,[]
two_pair_2_3,26,2,4,"[0, 0, 1, 1]",1,False,False,4943923369787047,4943923371408028,9437184,1.5623040199279785,False,57982058496,spread,[543]
concurrency_2_rank,26,2,4,"[4, 4, 3, 3]",2,False,False,4943923381864577,4943923386576687,28311552,4.64793586730957,False,57982058496,spread,"[4483, 4866, 5249]"
six_0,26,2,4,"[2, 2, 1, 1]",1,False,False,4943923398522612,4943923400167972,9437184,1.5839999914169312,False,57982058496,spread,[2367]
two_pair_1_3,26,2,4,"[0, 1, 0, 1]",1,False,False,4943923412135238,4943923412220376,0,0,False,57982058496,spread,[]
scale_50_rank,26,2,4,"[13, 13, 12, 12]",1,False,False,4943923423282789,4943923441792351,113246208,18.470815658569336,False,57982058496,spread,"[1717, 2100, 2483, 2866, 3249, 3632, 4015, 4398, 4781, 5164, 5547, 5930]"
two_single_0,26,2,4,"[2, 0, 0, 0]",1,False,False,4943923453754657,4943923453848252,0,0,False,57982058496,spread,[]
two_single_1,26,2,4,"[0, 2, 0, 0]",1,False,False,4943923465836360,4943923465927479,0,0,False,57982058496,spread,[]
scale_4_group,26,2,4,"[1, 1, 1, 1]",1,False,False,4943923477878596,4943923479553641,9437184,1.599552035331726,False,57982058496,spread,[1455]
concurrency_4_group,26,2,4,"[3, 4, 3, 4]",4,False,False,4943923489885726,4943923494658746,28311552,4.674528121948242,False,57982058496,spread,"[4100, 4483, 4866]"
scale_62_rank,26,2,4,"[16, 16, 15, 15]",1,False,False,4943923505786874,4943923528918404,141557760,23.0614070892334,False,57982058496,spread,"[4891, 5274, 5657, 6040, 279, 662, 1045, 1428, 1811, 2194, 2577, 2960, 3343, 3726, 4109]"
scale_4_rank,26,2,4,"[1, 1, 1, 1]",1,False,False,4943923540870912,4943923542530676,9437184,1.5921920537948608,False,57982058496,spread,[1455]
scale_14_group,26,2,4,"[3, 4, 3, 4]",1,False,False,4943923552891387,4943923557621835,28311552,4.672192096710205,False,57982058496,spread,"[4100, 4483, 4866]"
six_2,26,2,4,"[2, 1, 2, 1]",1,False,False,4943923568685781,4943923571132165,18874368,2.3696320056915283,False,57982058496,spread,"[1984, 2367]"
two_pair_0_3,26,2,4,"[1, 0, 0, 1]",1,False,False,4943923581471585,4943923581549652,0,0,False,57982058496,spread,[]
scale_62_group,26,2,4,"[15, 16, 15, 16]",1,False,False,4943923592649980,4943923615858293,141557760,23.15395164489746,False,57982058496,spread,"[4508, 4891, 5274, 5657, 6040, 279, 662, 1045, 1428, 1811, 2194, 2577, 2960, 3343, 3726]"
scale_6_rank,26,2,4,"[2, 2, 1, 1]",1,False,False,4943923627336199,4943923628979640,9437184,1.5674879550933838,False,57982058496,spread,[2367]
scale_8_group,26,2,4,"[2, 2, 2, 2]",1,False,False,4943923640913167,4943923643870579,18874368,2.876159906387329,False,57982058496,spread,"[2513, 2896]"
scale_2_rank,26,2,4,"[1, 1, 0, 0]",1,False,False,4943923654640229,4943923654956310,0,0,False,57982058496,spread,[]
two_pair_0_1,26,2,4,"[1, 1, 0, 0]",1,False,False,4943923666721110,4943923666794384,0,0,False,57982058496,spread,[]
scale_8_rank,26,2,4,"[2, 2, 2, 2]",1,False,False,4943923678613189,4943923681805826,18874368,3.118272066116333,False,57982058496,spread,"[2513, 2896]"
two_pair_0_2,26,2,4,"[1, 0, 1, 0]",1,False,False,4943923692197083,4943923693081373,9437184,0.8289920091629028,False,57982058496,spread,[926]
scale_10_group,26,2,4,"[2, 3, 2, 3]",1,False,False,4943923703413023,4943923706603479,18874368,3.1374080181121826,False,57982058496,spread,"[3042, 3425]"
scale_10_rank,26,2,4,"[3, 3, 2, 2]",1,False,False,4943923717748523,4943923720935905,18874368,3.1343679428100586,False,57982058496,spread,"[3425, 3808]"
scale_50_group,26,2,4,"[12, 13, 12, 13]",1,False,False,4943923732846882,4943923751475661,113246208,18.54844856262207,False,57982058496,spread,"[1334, 1717, 2100, 2483, 2866, 3249, 3632, 4015, 4398, 4781, 5164, 5547]"
concurrency_4_rank,26,2,4,"[4, 4, 3, 3]",4,False,False,4943923762555860,4943923767362200,28311552,4.693727970123291,False,57982058496,spread,"[4483, 4866, 5249]"
six_3,26,2,4,"[1, 1, 2, 2]",1,False,False,4943923779184979,4943923782390565,18874368,3.1325759887695312,False,57982058496,spread,"[1601, 1984]"
six_1,26,2,4,"[1, 2, 1, 2]",1,False,False,4943923792868296,4943923794543792,9437184,1.619264006614685,False,57982058496,spread,[1984]
two_pair_1_2,26,2,4,"[0, 1, 1, 0]",1,False,False,4943923805602511,4943923806470504,9437184,0.8142719864845276,False,57982058496,spread,[926]
scale_14_rank,26,2,4,"[4, 4, 3, 3]",1,False,False,4943923816784569,4943923821477516,28311552,4.6511359214782715,False,57982058496,spread,"[4483, 4866, 5249]"
scale_6_group,26,2,4,"[1, 2, 1, 2]",1,False,False,4943923833424005,4943923835079824,9437184,1.5859520435333252,False,57982058496,spread,[1984]
scale_2_group,26,2,4,"[0, 1, 0, 1]",1,False,False,4943923846166218,4943923846232175,0,0,False,57982058496,spread,[]
two_single_2,26,2,4,"[0, 0, 2, 0]",1,False,False,4943923857305102,4943923858932685,18874368,1.5839680433273315,False,57982058496,spread,"[543, 926]"
concurrency_2_group,26,2,4,"[3, 4, 3, 4]",2,False,False,4943923869558182,4943923874285407,28311552,4.655456066131592,False,57982058496,spread,"[4100, 4483, 4866]"
two_pair_0_2,27,2,4,"[1, 0, 1, 0]",1,False,False,4943923885387575,4943923886251763,9437184,0.8156160116195679,False,57982058496,spread,[1137]
scale_50_rank,27,2,4,"[13, 13, 12, 12]",1,False,False,4943923896588434,4943923915130674,113246208,18.499679565429688,False,57982058496,spread,"[1928, 2311, 2694, 3077, 3460, 3843, 4226, 4609, 4992, 5375, 5758, 6141]"
scale_50_group,27,2,4,"[12, 13, 12, 13]",1,False,False,4943923927422597,4943923945990765,113246208,18.500064849853516,False,57982058496,spread,"[1545, 1928, 2311, 2694, 3077, 3460, 3843, 4226, 4609, 4992, 5375, 5758]"
six_2,27,2,4,"[2, 1, 2, 1]",1,False,False,4943923957080796,4943923959478111,18874368,2.3496639728546143,False,57982058496,spread,"[2195, 2578]"
scale_6_group,27,2,4,"[1, 2, 1, 2]",1,False,False,4943923970059570,4943923972006727,9437184,1.6615359783172607,False,57982058496,spread,[2195]
scale_6_rank,27,2,4,"[2, 2, 1, 1]",1,False,False,4943923982783149,4943923984399305,9437184,1.5717120170593262,False,57982058496,spread,[2578]
two_single_3,27,2,4,"[0, 0, 0, 2]",1,False,False,4943923996272326,4943923996354105,0,0,False,57982058496,spread,[]
two_single_1,27,2,4,"[0, 2, 0, 0]",1,False,False,4943924008363310,4943924008444922,0,0,False,57982058496,spread,[]
two_pair_2_3,27,2,4,"[0, 0, 1, 1]",1,False,False,4943924020484735,4943924022174973,9437184,1.6017279624938965,False,57982058496,spread,[754]
scale_8_group,27,2,4,"[2, 2, 2, 2]",1,False,False,4943924032756852,4943924035935263,18874368,3.1236159801483154,False,57982058496,spread,"[2724, 3107]"
scale_4_group,27,2,4,"[1, 1, 1, 1]",1,False,False,4943924046346520,4943924047984825,9437184,1.5833920240402222,False,57982058496,spread,[1666]
scale_14_group,27,2,4,"[3, 4, 3, 4]",1,False,False,4943924058395979,4943924063091920,28311552,4.646463871002197,False,57982058496,spread,"[4311, 4694, 5077]"
two_pair_0_3,27,2,4,"[1, 0, 0, 1]",1,False,False,4943924074310441,4943924074390220,0,0,False,57982058496,spread,[]
scale_8_rank,27,2,4,"[2, 2, 2, 2]",1,False,False,4943924085542584,4943924088708114,18874368,3.1158719062805176,False,57982058496,spread,"[2724, 3107]"
six_3,27,2,4,"[1, 1, 2, 2]",1,False,False,4943924099041089,4943924102191415,18874368,3.1081600189208984,False,57982058496,spread,"[1812, 2195]"
scale_62_group,27,2,4,"[15, 16, 15, 16]",1,False,False,4943924112696469,4943924135822296,141557760,23.074687957763672,False,57982058496,spread,"[4719, 5102, 5485, 5868, 107, 490, 873, 1256, 1639, 2022, 2405, 2788, 3171, 3554, 3937]"
six_0,27,2,4,"[2, 2, 1, 1]",1,False,False,4943924146993852,4943924148640266,9437184,1.5896960496902466,False,57982058496,spread,[2578]
concurrency_2_group,27,2,4,"[3, 4, 3, 4]",2,False,False,4943924160569326,4943924165285006,28311552,4.635072231292725,False,57982058496,spread,"[4311, 4694, 5077]"
six_1,27,2,4,"[1, 2, 1, 2]",1,False,False,4943924176445359,4943924178070685,9437184,1.5771839618682861,False,57982058496,spread,[2195]
scale_2_group,27,2,4,"[0, 1, 0, 1]",1,False,False,4943924189172620,4943924189246706,0,0,False,57982058496,spread,[]
two_pair_1_3,27,2,4,"[0, 1, 0, 1]",1,False,False,4943924200349909,4943924200414344,0,0,False,57982058496,spread,[]
two_single_0,27,2,4,"[2, 0, 0, 0]",1,False,False,4943924211510430,4943924211571131,0,0,False,57982058496,spread,[]
scale_62_rank,27,2,4,"[16, 16, 15, 15]",1,False,False,4943924223473901,4943924246692974,141557760,23.15724754333496,False,57982058496,spread,"[5102, 5485, 5868, 107, 490, 873, 1256, 1639, 2022, 2405, 2788, 3171, 3554, 3937, 4320]"
scale_10_group,27,2,4,"[2, 3, 2, 3]",1,False,False,4943924258500086,4943924261636705,18874368,3.0688960552215576,False,57982058496,spread,"[3253, 3636]"
scale_4_rank,27,2,4,"[1, 1, 1, 1]",1,False,False,4943924272791810,4943924274424662,9437184,1.3583999872207642,False,57982058496,spread,[1666]
two_single_2,27,2,4,"[0, 0, 2, 0]",1,False,False,4943924285091781,4943924286720505,18874368,1.582527995109558,False,57982058496,spread,"[754, 1137]"
two_pair_1_2,27,2,4,"[0, 1, 1, 0]",1,False,False,4943924297134688,4943924297991055,9437184,0.8131200075149536,False,57982058496,spread,[1137]
scale_14_rank,27,2,4,"[4, 4, 3, 3]",1,False,False,4943924308330377,4943924313023899,28311552,4.648159980773926,False,57982058496,spread,"[4694, 5077, 5460]"
concurrency_2_rank,27,2,4,"[4, 4, 3, 3]",2,False,False,4943924325000972,4943924329764182,28311552,4.6656317710876465,False,57982058496,spread,"[4694, 5077, 5460]"
two_pair_0_1,27,2,4,"[1, 1, 0, 0]",1,False,False,4943924341701628,4943924341790771,0,0,False,57982058496,spread,[]
scale_2_rank,27,2,4,"[1, 1, 0, 0]",1,False,False,4943924353690527,4943924353775929,0,0,False,57982058496,spread,[]
concurrency_4_rank,27,2,4,"[4, 4, 3, 3]",4,False,False,4943924365683814,4943924370466780,28311552,4.683072090148926,False,57982058496,spread,"[4694, 5077, 5460]"
scale_10_rank,27,2,4,"[3, 3, 2, 2]",1,False,False,4943924382299395,4943924385484426,18874368,3.1261119842529297,False,57982058496,spread,"[3636, 4019]"
concurrency_4_group,27,2,4,"[3, 4, 3, 4]",4,False,False,4943924397408945,4943924402173973,28311552,4.670144081115723,False,57982058496,spread,"[4311, 4694, 5077]"
two_pair_0_3,28,2,4,"[1, 0, 0, 1]",1,False,False,4943924413338917,4943924413404338,0,0,False,57982058496,spread,[]
concurrency_4_group,28,2,4,"[3, 4, 3, 4]",4,False,False,4943924424501239,4943924429247482,28311552,4.666240215301514,False,57982058496,spread,"[4522, 4905, 5288]"
scale_50_group,28,2,4,"[12, 13, 12, 13]",1,False,False,4943924440384400,4943924458924335,113246208,18.493663787841797,False,57982058496,spread,"[1756, 2139, 2522, 2905, 3288, 3671, 4054, 4437, 4820, 5203, 5586, 5969]"
scale_50_rank,28,2,4,"[13, 13, 12, 12]",1,False,False,4943924470121273,4943924488670590,113246208,18.501056671142578,False,57982058496,spread,"[2139, 2522, 2905, 3288, 3671, 4054, 4437, 4820, 5203, 5586, 5969, 208]"
scale_10_rank,28,2,4,"[3, 3, 2, 2]",1,False,False,4943924500600024,4943924503763449,18874368,3.1011199951171875,False,57982058496,spread,"[3847, 4230]"
scale_2_group,28,2,4,"[0, 1, 0, 1]",1,False,False,4943924515905451,4943924515974262,0,0,False,57982058496,spread,[]
scale_62_rank,28,2,4,"[16, 16, 15, 15]",1,False,False,4943924527121711,4943924550238734,141557760,23.076032638549805,False,57982058496,spread,"[5313, 5696, 6079, 318, 701, 1084, 1467, 1850, 2233, 2616, 2999, 3382, 3765, 4148, 4531]"
scale_10_group,28,2,4,"[2, 3, 2, 3]",1,False,False,4943924562625380,4943924565798462,18874368,3.108799934387207,False,57982058496,spread,"[3464, 3847]"
scale_14_group,28,2,4,"[3, 4, 3, 4]",1,False,False,4943924576935887,4943924581944829,28311552,4.732960224151611,False,57982058496,spread,"[4522, 4905, 5288]"
scale_4_rank,28,2,4,"[1, 1, 1, 1]",1,False,False,4943924592786209,4943924594402098,9437184,1.5708800554275513,False,57982058496,spread,[1877]
scale_6_group,28,2,4,"[1, 2, 1, 2]",1,False,False,4943924604798699,4943924606415026,9437184,1.574079990386963,False,57982058496,spread,[2406]
scale_8_rank,28,2,4,"[2, 2, 2, 2]",1,False,False,4943924617570252,4943924620731414,18874368,3.1176960468292236,False,57982058496,spread,"[2935, 3318]"
two_single_2,28,2,4,"[0, 0, 2, 0]",1,False,False,4943924631047478,4943924632678071,18874368,1.5848640203475952,False,57982058496,spread,"[965, 1348]"
scale_6_rank,28,2,4,"[2, 2, 1, 1]",1,False,False,4943924642926381,4943924644560524,9437184,1.584704041481018,False,57982058496,spread,[2789]
concurrency_4_rank,28,2,4,"[4, 4, 3, 3]",4,False,False,4943924656466664,4943924661228039,28311552,4.6602559089660645,False,57982058496,spread,"[4905, 5288, 5671]"
scale_2_rank,28,2,4,"[1, 1, 0, 0]",1,False,False,4943924673220795,4943924673312733,0,0,False,57982058496,spread,[]
scale_62_group,28,2,4,"[15, 16, 15, 16]",1,False,False,4943924685224847,4943924708395606,141557760,23.089887619018555,False,57982058496,spread,"[4930, 5313, 5696, 6079, 318, 701, 1084, 1467, 1850, 2233, 2616, 2999, 3382, 3765, 4148]"
two_pair_2_3,28,2,4,"[0, 0, 1, 1]",1,False,False,4943924719535729,4943924721183208,9437184,1.593951940536499,False,57982058496,spread,[965]
scale_14_rank,28,2,4,"[4, 4, 3, 3]",1,False,False,4943924731490428,4943924736197331,28311552,4.659743785858154,False,57982058496,spread,"[4905, 5288, 5671]"
concurrency_2_group,28,2,4,"[3, 4, 3, 4]",2,False,False,4943924748187354,4943924752962417,28311552,4.667967796325684,False,57982058496,spread,"[4522, 4905, 5288]"
scale_8_group,28,2,4,"[2, 2, 2, 2]",1,False,False,4943924764069277,4943924767241826,18874368,3.1156160831451416,False,57982058496,spread,"[2935, 3318]"
concurrency_2_rank,28,2,4,"[4, 4, 3, 3]",2,False,False,4943924777667554,4943924782393894,28311552,4.662399768829346,False,57982058496,spread,"[4905, 5288, 5671]"
two_single_3,28,2,4,"[0, 0, 0, 2]",1,False,False,4943924794322870,4943924794407391,0,0,False,57982058496,spread,[]
two_single_0,28,2,4,"[2, 0, 0, 0]",1,False,False,4943924806257743,4943924806318633,0,0,False,57982058496,spread,[]
two_pair_0_1,28,2,4,"[1, 1, 0, 0]",1,False,False,4943924818253509,4943924818340577,0,0,False,57982058496,spread,[]
two_single_1,28,2,4,"[0, 2, 0, 0]",1,False,False,4943924830259500,4943924830344374,0,0,False,57982058496,spread,[]
two_pair_1_2,28,2,4,"[0, 1, 1, 0]",1,False,False,4943924842279879,4943924843181860,9437184,0.8327999711036682,False,57982058496,spread,[1348]
two_pair_1_3,28,2,4,"[0, 1, 0, 1]",1,False,False,4943924853465977,4943924853534626,0,0,False,57982058496,spread,[]
six_0,28,2,4,"[2, 2, 1, 1]",1,False,False,4943924864620702,4943924866002670,9437184,1.3196799755096436,False,57982058496,spread,[2789]
scale_4_group,28,2,4,"[1, 1, 1, 1]",1,False,False,4943924878113167,4943924879765106,9437184,1.5863679647445679,False,57982058496,spread,[1877]
two_pair_0_2,28,2,4,"[1, 0, 1, 0]",1,False,False,4943924890161275,4943924891329914,9437184,0.890720009803772,False,57982058496,spread,[1348]
six_3,28,2,4,"[1, 1, 2, 2]",1,False,False,4943924901767444,4943924904911021,18874368,3.092479944229126,False,57982058496,spread,"[2023, 2406]"
six_2,28,2,4,"[2, 1, 2, 1]",1,False,False,4943924915280318,4943924917681644,18874368,2.3532159328460693,False,57982058496,spread,"[2406, 2789]"
six_1,28,2,4,"[1, 2, 1, 2]",1,False,False,4943924928015788,4943924929635780,9437184,1.5739840269088745,False,57982058496,spread,[2406]
two_pair_0_2,29,2,4,"[1, 0, 1, 0]",1,False,False,4943924940785201,4943924941653255,9437184,0.8193920254707336,False,57982058496,spread,[1559]
scale_6_rank,29,2,4,"[2, 2, 1, 1]",1,False,False,4943924952000709,4943924953620135,9437184,1.5707199573516846,False,57982058496,spread,[3000]
scale_4_rank,29,2,4,"[1, 1, 1, 1]",1,False,False,4943924965538516,4943924967168956,9437184,1.5574400424957275,False,57982058496,spread,[2088]
concurrency_4_group,29,2,4,"[3, 4, 3, 4]",4,False,False,4943924977540007,4943924982330651,28311552,4.676224231719971,False,57982058496,spread,"[4733, 5116, 5499]"
concurrency_2_rank,29,2,4,"[4, 4, 3, 3]",2,False,False,4943924993442902,4943924998191144,28311552,4.6636481285095215,False,57982058496,spread,"[5116, 5499, 5882]"
scale_62_rank,29,2,4,"[16, 16, 15, 15]",1,False,False,4943925010113727,4943925033266038,141557760,23.0645751953125,False,57982058496,spread,"[5524, 5907, 146, 529, 912, 1295, 1678, 2061, 2444, 2827, 3210, 3593, 3976, 4359, 4742]"
two_pair_0_1,29,2,4,"[1, 1, 0, 0]",1,False,False,4943925045218741,4943925045327491,0,0,False,57982058496,spread,[]
scale_14_rank,29,2,4,"[4, 4, 3, 3]",1,False,False,4943925057320947,4943925062092990,28311552,4.706912040710449,False,57982058496,spread,"[5116, 5499, 5882]"
two_pair_2_3,29,2,4,"[0, 0, 1, 1]",1,False,False,4943925073956279,4943925075614924,9437184,1.5847680568695068,False,57982058496,spread,[1176]
scale_50_group,29,2,4,"[12, 13, 12, 13]",1,False,False,4943925085959443,4943925104599841,113246208,18.57276725769043,False,57982058496,spread,"[1967, 2350, 2733, 3116, 3499, 3882, 4265, 4648, 5031, 5414, 5797, 36]"
two_single_3,29,2,4,"[0, 0, 0, 2]",1,False,False,4943925116106426,4943925116197954,0,0,False,57982058496,spread,[]
six_0,29,2,4,"[2, 2, 1, 1]",1,False,False,4943925128079171,4943925129699991,9437184,1.5588159561157227,False,57982058496,spread,[3000]
scale_4_group,29,2,4,"[1, 1, 1, 1]",1,False,False,4943925141684554,4943925143354805,9437184,1.5970239639282227,False,57982058496,spread,[2088]
six_2,29,2,4,"[2, 1, 2, 1]",1,False,False,4943925153714416,4943925156122209,18874368,2.357919931411743,False,57982058496,spread,"[2617, 3000]"
scale_8_group,29,2,4,"[2, 2, 2, 2]",1,False,False,4943925166721048,4943925169901377,18874368,3.128159999847412,False,57982058496,spread,"[3146, 3529]"
scale_6_group,29,2,4,"[1, 2, 1, 2]",1,False,False,4943925180287841,4943925181915241,9437184,1.5786559581756592,False,57982058496,spread,[2617]
scale_8_rank,29,2,4,"[2, 2, 2, 2]",1,False,False,4943925193021311,4943925196188174,18874368,2.882848024368286,False,57982058496,spread,"[3146, 3529]"
two_single_1,29,2,4,"[0, 2, 0, 0]",1,False,False,4943925206655828,4943925206722063,0,0,False,57982058496,spread,[]
scale_10_rank,29,2,4,"[3, 3, 2, 2]",1,False,False,4943925218622603,4943925221767594,18874368,3.101439952850342,False,57982058496,spread,"[4058, 4441]"
two_pair_1_3,29,2,4,"[0, 1, 0, 1]",1,False,False,4943925233815839,4943925233898309,0,0,False,57982058496,spread,[]
two_single_2,29,2,4,"[0, 0, 2, 0]",1,False,False,4943925245041639,4943925246669562,18874368,1.5880639553070068,False,57982058496,spread,"[1176, 1559]"
scale_14_group,29,2,4,"[3, 4, 3, 4]",1,False,False,4943925257181882,4943925261863458,28311552,4.635104179382324,False,57982058496,spread,"[4733, 5116, 5499]"
scale_50_rank,29,2,4,"[13, 13, 12, 12]",1,False,False,4943925272999156,4943925291564440,113246208,18.521728515625,False,57982058496,spread,"[2350, 2733, 3116, 3499, 3882, 4265, 4648, 5031, 5414, 5797, 36, 419]"
six_3,29,2,4,"[1, 1, 2, 2]",1,False,False,4943925303600435,4943925306790333,18874368,3.129472017288208,False,57982058496,spread,"[2234, 2617]"
scale_2_rank,29,2,4,"[1, 1, 0, 0]",1,False,False,4943925317179356,4943925317244455,0,0,False,57982058496,spread,[]
two_pair_1_2,29,2,4,"[0, 1, 1, 0]",1,False,False,4943925329307140,4943925330201146,9437184,0.8237119913101196,False,57982058496,spread,[1559]
scale_2_group,29,2,4,"[0, 1, 0, 1]",1,False,False,4943925340556270,4943925340622941,0,0,False,57982058496,spread,[]
six_1,29,2,4,"[1, 2, 1, 2]",1,False,False,4943925351694915,4943925353323189,9437184,1.5854400396347046,False,57982058496,spread,[2617]
scale_10_group,29,2,4,"[2, 3, 2, 3]",1,False,False,4943925364417551,4943925367581817,18874368,3.1198720932006836,False,57982058496,spread,"[3675, 4058]"
concurrency_4_rank,29,2,4,"[4, 4, 3, 3]",4,False,False,4943925378778559,4943925383542723,28311552,4.666463851928711,False,57982058496,spread,"[5116, 5499, 5882]"
two_pair_0_3,29,2,4,"[1, 0, 0, 1]",1,False,False,4943925395567316,4943925395655964,0,0,False,57982058496,spread,[]
scale_62_group,29,2,4,"[15, 16, 15, 16]",1,False,False,4943925406738564,4943925429918644,141557760,23.132991790771484,False,57982058496,spread,"[5141, 5524, 5907, 146, 529, 912, 1295, 1678, 2061, 2444, 2827, 3210, 3593, 3976, 4359]"
two_single_0,29,2,4,"[2, 0, 0, 0]",1,False,False,4943925441024529,4943925441091122,0,0,False,57982058496,spread,[]
concurrency_2_group,29,2,4,"[3, 4, 3, 4]",2,False,False,4943925453135662,4943925457882587,28311552,4.680863857269287,False,57982058496,spread,"[4733, 5116, 5499]"
remote_2,-5,2,4,"[1, 1, 0, 0]",1,True,False,4943940398367588,4943940399319383,0,0,False,57982058496,spread,[]
remote_3,-5,2,4,"[1, 0, 1, 0]",1,True,False,4943940410899176,4943940411937764,9437184,0.9327679872512817,False,57982058496,spread,[529]
remote_0,-5,2,4,"[2, 2, 1, 1]",1,True,False,4943940422809232,4943940424466482,9437184,1.5684479475021362,False,57982058496,spread,[1970]
remote_1,-5,2,4,"[1, 2, 1, 2]",1,True,False,4943940436527977,4943940438201161,9437184,1.5976639986038208,False,57982058496,spread,[1587]
remote_2,-4,2,4,"[1, 1, 0, 0]",1,True,False,4943940449472037,4943940449549056,0,0,False,57982058496,spread,[]
remote_1,-4,2,4,"[1, 2, 1, 2]",1,True,False,4943940461663846,4943940463343806,9437184,1.6036479473114014,False,57982058496,spread,[1798]
remote_3,-4,2,4,"[1, 0, 1, 0]",1,True,False,4943940474545113,4943940475422813,9437184,0.8238720297813416,False,57982058496,spread,[740]
remote_0,-4,2,4,"[2, 2, 1, 1]",1,True,False,4943940485977252,4943940487594272,9437184,1.560096025466919,False,57982058496,spread,[2181]
remote_1,-3,2,4,"[1, 2, 1, 2]",1,True,False,4943940499735193,4943940501369919,9437184,1.574463963508606,False,57982058496,spread,[2009]
remote_3,-3,2,4,"[1, 0, 1, 0]",1,True,False,4943940512676575,4943940513546084,9437184,0.8183680176734924,False,57982058496,spread,[951]
remote_2,-3,2,4,"[1, 1, 0, 0]",1,True,False,4943940524049613,4943940524132169,0,0,False,57982058496,spread,[]
remote_0,-3,2,4,"[2, 2, 1, 1]",1,True,False,4943940536383997,4943940538049627,9437184,1.5985920429229736,False,57982058496,spread,[2392]
remote_3,-2,2,4,"[1, 0, 1, 0]",1,True,False,4943940550416601,4943940551301023,9437184,0.8240320086479187,False,57982058496,spread,[1162]
remote_1,-2,2,4,"[1, 2, 1, 2]",1,True,False,4943940561847214,4943940563457589,9437184,1.5568640232086182,False,57982058496,spread,[2220]
remote_2,-2,2,4,"[1, 1, 0, 0]",1,True,False,4943940574798055,4943940574868050,0,0,False,57982058496,spread,[]
remote_0,-2,2,4,"[2, 2, 1, 1]",1,True,False,4943940586855030,4943940588508970,9437184,1.5913920402526855,False,57982058496,spread,[2603]
remote_3,-1,2,4,"[1, 0, 1, 0]",1,True,False,4943940600562288,4943940601452231,9437184,0.8245120048522949,False,57982058496,spread,[1373]
remote_2,-1,2,4,"[1, 1, 0, 0]",1,True,False,4943940611964793,4943940612036956,0,0,False,57982058496,spread,[]
remote_1,-1,2,4,"[1, 2, 1, 2]",1,True,False,4943940624225877,4943940625885689,9437184,1.5938559770584106,False,57982058496,spread,[2431]
remote_0,-1,2,4,"[2, 2, 1, 1]",1,True,False,4943940637114716,4943940638748408,9437184,1.586400032043457,False,57982058496,spread,[2814]
remote_2,0,2,4,"[1, 1, 0, 0]",1,True,False,4943940650706541,4943940650780324,0,0,False,57982058496,spread,[]
remote_1,0,2,4,"[1, 2, 1, 2]",1,True,False,4943940662655893,4943940664573751,9437184,1.670591950416565,False,57982058496,spread,[2642]
remote_3,0,2,4,"[1, 0, 1, 0]",1,True,False,4943940675482089,4943940676352899,9437184,0.8208960294723511,False,57982058496,spread,[1584]
remote_0,0,2,4,"[2, 2, 1, 1]",1,True,False,4943940686674783,4943940688301708,9437184,1.5812159776687622,False,57982058496,spread,[3025]
remote_2,1,2,4,"[1, 1, 0, 0]",1,True,False,4943940700505930,4943940700597960,0,0,False,57982058496,spread,[]
remote_0,1,2,4,"[2, 2, 1, 1]",1,True,False,4943940712582216,4943940714099609,9437184,1.4656000137329102,False,57982058496,spread,[3236]
remote_1,1,2,4,"[1, 2, 1, 2]",1,True,False,4943940726204922,4943940727864699,9437184,1.595903992652893,False,57982058496,spread,[2853]
remote_3,1,2,4,"[1, 0, 1, 0]",1,True,False,4943940738918711,4943940739780068,9437184,0.819487988948822,False,57982058496,spread,[1795]
remote_3,2,2,4,"[1, 0, 1, 0]",1,True,False,4943940750238113,4943940751098815,9437184,0.8184000253677368,False,57982058496,spread,[2006]
remote_2,2,2,4,"[1, 1, 0, 0]",1,True,False,4943940761439143,4943940761501750,0,0,False,57982058496,spread,[]
remote_1,2,2,4,"[1, 2, 1, 2]",1,True,False,4943940773441525,4943940775097482,9437184,1.5895359516143799,False,57982058496,spread,[3064]
remote_0,2,2,4,"[2, 2, 1, 1]",1,True,False,4943940786226273,4943940787876811,9437184,1.5944000482559204,False,57982058496,spread,[3447]
remote_3,3,2,4,"[1, 0, 1, 0]",1,True,False,4943940799785903,4943940800680987,9437184,0.8270400166511536,False,57982058496,spread,[2217]
remote_1,3,2,4,"[1, 2, 1, 2]",1,True,False,4943940810994826,4943940812613261,9437184,1.5679359436035156,False,57982058496,spread,[3275]
remote_0,3,2,4,"[2, 2, 1, 1]",1,True,False,4943940823782467,4943940825419753,9437184,1.5738240480422974,False,57982058496,spread,[3658]
remote_2,3,2,4,"[1, 1, 0, 0]",1,True,False,4943940837366311,4943940837437964,0,0,False,57982058496,spread,[]
remote_0,4,2,4,"[2, 2, 1, 1]",1,True,False,4943940849866834,4943940851548779,9437184,1.6003520488739014,False,57982058496,spread,[3869]
remote_2,4,2,4,"[1, 1, 0, 0]",1,True,False,4943940863384689,4943940863461063,0,0,False,57982058496,spread,[]
remote_3,4,2,4,"[1, 0, 1, 0]",1,True,False,4943940875357785,4943940876263065,9437184,0.8326719999313354,False,57982058496,spread,[2428]
remote_1,4,2,4,"[1, 2, 1, 2]",1,True,False,4943940886575659,4943940887978999,9437184,1.3584320545196533,False,57982058496,spread,[3486]
remote_0,5,2,4,"[2, 2, 1, 1]",1,True,False,4943940899423372,4943940901067661,9437184,1.5843520164489746,False,57982058496,spread,[4080]
remote_3,5,2,4,"[1, 0, 1, 0]",1,True,False,4943940913019512,4943940913901694,9437184,0.8230400085449219,False,57982058496,spread,[2639]
remote_1,5,2,4,"[1, 2, 1, 2]",1,True,False,4943940924236645,4943940925914303,9437184,1.6025919914245605,False,57982058496,spread,[3697]
remote_2,5,2,4,"[1, 1, 0, 0]",1,True,False,4943940936992870,4943940937096998,0,0,False,57982058496,spread,[]
remote_2,6,2,4,"[1, 1, 0, 0]",1,True,False,4943940948957567,4943940949076855,0,0,False,57982058496,spread,[]
remote_3,6,2,4,"[1, 0, 1, 0]",1,True,False,4943940960848896,4943940961793959,9437184,0.8611840009689331,False,57982058496,spread,[2850]
remote_1,6,2,4,"[1, 2, 1, 2]",1,True,False,4943940972036581,4943940973747903,9437184,1.6180479526519775,False,57982058496,spread,[3908]
remote_0,6,2,4,"[2, 2, 1, 1]",1,True,False,4943940984806304,4943940986479418,9437184,1.5957759618759155,False,57982058496,spread,[4291]
remote_3,7,2,4,"[1, 0, 1, 0]",1,True,False,4943940998527752,4943940999741202,9437184,0.9099519848823547,False,57982058496,spread,[3061]
remote_0,7,2,4,"[2, 2, 1, 1]",1,True,False,4943941010248926,4943941011874692,9437184,1.5712319612503052,False,57982058496,spread,[4502]
remote_1,7,2,4,"[1, 2, 1, 2]",1,True,False,4943941023918538,4943941025615692,9437184,1.6110719442367554,False,57982058496,spread,[4119]
remote_2,7,2,4,"[1, 1, 0, 0]",1,True,False,4943941036733210,4943941036811526,0,0,False,57982058496,spread,[]
remote_1,8,2,4,"[1, 2, 1, 2]",1,True,False,4943941048837215,4943941050435082,9437184,1.5149760246276855,False,57982058496,spread,[4330]
remote_3,8,2,4,"[1, 0, 1, 0]",1,True,False,4943941061603914,4943941062463624,9437184,0.8175680041313171,False,57982058496,spread,[3272]
remote_2,8,2,4,"[1, 1, 0, 0]",1,True,False,4943941072802904,4943941072862016,0,0,False,57982058496,spread,[]
remote_0,8,2,4,"[2, 2, 1, 1]",1,True,False,4943941084870520,4943941086541429,9437184,1.5950080156326294,False,57982058496,spread,[4713]
remote_0,9,2,4,"[2, 2, 1, 1]",1,True,False,4943941098425689,4943941100079665,9437184,1.5882879495620728,False,57982058496,spread,[4924]
remote_3,9,2,4,"[1, 0, 1, 0]",1,True,False,4943941111959883,4943941112878693,9437184,0.8339840173721313,False,57982058496,spread,[3483]
remote_2,9,2,4,"[1, 1, 0, 0]",1,True,False,4943941123220643,4943941123287878,0,0,False,57982058496,spread,[]
remote_1,9,2,4,"[1, 2, 1, 2]",1,True,False,4943941135119743,4943941136794732,9437184,1.6019519567489624,False,57982058496,spread,[4541]
remote_2,10,2,4,"[1, 1, 0, 0]",1,True,False,4943941147886658,4943941147954627,0,0,False,57982058496,spread,[]
remote_3,10,2,4,"[1, 0, 1, 0]",1,True,False,4943941160504262,4943941161708950,9437184,0.9073920249938965,False,57982058496,spread,[3694]
remote_0,10,2,4,"[2, 2, 1, 1]",1,True,False,4943941172210129,4943941173818631,9437184,1.5539519786834717,False,57982058496,spread,[5135]
remote_1,10,2,4,"[1, 2, 1, 2]",1,True,False,4943941185804511,4943941187492202,9437184,1.6055359840393066,False,57982058496,spread,[4752]
remote_0,11,2,4,"[2, 2, 1, 1]",1,True,False,4943941198577107,4943941200246476,9437184,1.5951679944992065,False,57982058496,spread,[5346]
remote_3,11,2,4,"[1, 0, 1, 0]",1,True,False,4943941212134603,4943941213042631,9437184,0.832319974899292,False,57982058496,spread,[3905]
remote_1,11,2,4,"[1, 2, 1, 2]",1,True,False,4943941223414399,4943941224997076,9437184,1.5307519435882568,False,57982058496,spread,[4963]
remote_2,11,2,4,"[1, 1, 0, 0]",1,True,False,4943941236205301,4943941236287666,0,0,False,57982058496,spread,[]
remote_0,12,2,4,"[2, 2, 1, 1]",1,True,False,4943941248260085,4943941249925480,9437184,1.599776029586792,False,57982058496,spread,[5557]
remote_2,12,2,4,"[1, 1, 0, 0]",1,True,False,4943941261886138,4943941261980040,0,0,False,57982058496,spread,[]
remote_3,12,2,4,"[1, 0, 1, 0]",1,True,False,4943941273972321,4943941274867205,9437184,0.8306559920310974,False,57982058496,spread,[4116]
remote_1,12,2,4,"[1, 2, 1, 2]",1,True,False,4943941285199053,4943941286827277,9437184,1.5827840566635132,False,57982058496,spread,[5174]
remote_0,13,2,4,"[2, 2, 1, 1]",1,True,False,4943941297964824,4943941299592366,9437184,1.5812159776687622,False,57982058496,spread,[5768]
remote_2,13,2,4,"[1, 1, 0, 0]",1,True,False,4943941312156712,4943941312246417,0,0,False,57982058496,spread,[]
remote_1,13,2,4,"[1, 2, 1, 2]",1,True,False,4943941324215993,4943941326178842,9437184,1.6707839965820312,False,57982058496,spread,[5385]
remote_3,13,2,4,"[1, 0, 1, 0]",1,True,False,4943941337029077,4943941337912957,9437184,0.8251839876174927,False,57982058496,spread,[4327]
remote_3,14,2,4,"[1, 0, 1, 0]",1,True,False,4943941348246196,4943941349121677,9437184,0.8227840065956116,False,57982058496,spread,[4538]
remote_0,14,2,4,"[2, 2, 1, 1]",1,True,False,4943941359400493,4943941361030913,9437184,1.5793919563293457,False,57982058496,spread,[5979]
remote_1,14,2,4,"[1, 2, 1, 2]",1,True,False,4943941372953084,4943941374324875,9437184,1.3024640083312988,False,57982058496,spread,[5596]
remote_2,14,2,4,"[1, 1, 0, 0]",1,True,False,4943941385873698,4943941385959991,0,0,False,57982058496,spread,[]
remote_1,15,2,4,"[1, 2, 1, 2]",1,True,False,4943941397913689,4943941399557572,9437184,1.58787202835083,False,57982058496,spread,[5807]
remote_2,15,2,4,"[1, 1, 0, 0]",1,True,False,4943941410674133,4943941410744803,0,0,False,57982058496,spread,[]
remote_3,15,2,4,"[1, 0, 1, 0]",1,True,False,4943941422606985,4943941423497985,9437184,0.8262079954147339,False,57982058496,spread,[4749]
remote_0,15,2,4,"[2, 2, 1, 1]",1,True,False,4943941433812258,4943941435454912,9437184,1.5894399881362915,False,57982058496,spread,[46]
remote_2,16,2,4,"[1, 1, 0, 0]",1,True,False,4943941447353357,4943941447431909,0,0,False,57982058496,spread,[]
remote_0,16,2,4,"[2, 2, 1, 1]",1,True,False,4943941459814430,4943941461474498,9437184,1.5954879522323608,False,57982058496,spread,[257]
remote_3,16,2,4,"[1, 0, 1, 0]",1,True,False,4943941473446417,4943941474328738,9437184,0.8216320276260376,False,57982058496,spread,[4960]
remote_1,16,2,4,"[1, 2, 1, 2]",1,True,False,4943941484666400,4943941486603619,9437184,1.6677440404891968,False,57982058496,spread,[6018]
remote_2,17,2,4,"[1, 1, 0, 0]",1,True,False,4943941497450553,4943941497523627,0,0,False,57982058496,spread,[]
remote_3,17,2,4,"[1, 0, 1, 0]",1,True,False,4943941509513903,4943941510381924,9437184,0.8192639946937561,False,57982058496,spread,[5171]
remote_1,17,2,4,"[1, 2, 1, 2]",1,True,False,4943941520708303,4943941522318960,9437184,1.5671360492706299,False,57982058496,spread,[85]
remote_0,17,2,4,"[2, 2, 1, 1]",1,True,False,4943941533456615,4943941535106480,9437184,1.5951039791107178,False,57982058496,spread,[468]
remote_1,18,2,4,"[1, 2, 1, 2]",1,True,False,4943941546916230,4943941548562982,9437184,1.584928035736084,False,57982058496,spread,[296]
remote_2,18,2,4,"[1, 1, 0, 0]",1,True,False,4943941559664767,4943941559742942,0,0,False,57982058496,spread,[]
remote_3,18,2,4,"[1, 0, 1, 0]",1,True,False,4943941571736997,4943941572854989,9437184,0.8298239707946777,False,57982058496,spread,[5382]
remote_0,18,2,4,"[2, 2, 1, 1]",1,True,False,4943941583110763,4943941584718040,9437184,1.5608320236206055,False,57982058496,spread,[679]
remote_0,19,2,4,"[2, 2, 1, 1]",1,True,False,4943941596660724,4943941598311135,9437184,1.588927984237671,False,57982058496,spread,[890]
remote_2,19,2,4,"[1, 1, 0, 0]",1,True,False,4943941610232879,4943941610333926,0,0,False,57982058496,spread,[]
remote_1,19,2,4,"[1, 2, 1, 2]",1,True,False,4943941622839532,4943941624514120,9437184,1.6021759510040283,False,57982058496,spread,[507]
remote_3,19,2,4,"[1, 0, 1, 0]",1,True,False,4943941635612670,4943941636518750,9437184,0.836575984954834,False,57982058496,spread,[5593]
remote_3,20,2,4,"[1, 0, 1, 0]",1,True,False,4943941646870026,4943941648076506,9437184,0.9143999814987183,False,57982058496,spread,[5804]
remote_1,20,2,4,"[1, 2, 1, 2]",1,True,False,4943941658605247,4943941660265657,9437184,1.5957119464874268,False,57982058496,spread,[718]
remote_2,20,2,4,"[1, 1, 0, 0]",1,True,False,4943941671346711,4943941671430979,0,0,False,57982058496,spread,[]
remote_0,20,2,4,"[2, 2, 1, 1]",1,True,False,4943941683414436,4943941685104516,9437184,1.6136319637298584,False,57982058496,spread,[1101]
remote_2,21,2,4,"[1, 1, 0, 0]",1,True,False,4943941697019107,4943941697130639,0,0,False,57982058496,spread,[]
remote_1,21,2,4,"[1, 2, 1, 2]",1,True,False,4943941709115031,4943941710525610,9437184,1.3202879428863525,False,57982058496,spread,[929]
remote_0,21,2,4,"[2, 2, 1, 1]",1,True,False,4943941722175988,4943941723844038,9437184,1.6049920320510864,False,57982058496,spread,[1312]
remote_3,21,2,4,"[1, 0, 1, 0]",1,True,False,4943941735794355,4943941736756827,9437184,0.8574720025062561,False,57982058496,spread,[6015]
remote_0,22,2,4,"[2, 2, 1, 1]",1,True,False,4943941747089923,4943941748781227,9437184,1.6121599674224854,False,57982058496,spread,[1523]
remote_2,22,2,4,"[1, 1, 0, 0]",1,True,False,4943941760726143,4943941760821329,0,0,False,57982058496,spread,[]
remote_1,22,2,4,"[1, 2, 1, 2]",1,True,False,4943941773386885,4943941775046487,9437184,1.5989760160446167,False,57982058496,spread,[1140]
remote_3,22,2,4,"[1, 0, 1, 0]",1,True,False,4943941786209920,4943941787104988,9437184,0.838208019733429,False,57982058496,spread,[82]
remote_1,23,2,4,"[1, 2, 1, 2]",1,True,False,4943941797487108,4943941799154506,9437184,1.5943039655685425,False,57982058496,spread,[1351]
remote_3,23,2,4,"[1, 0, 1, 0]",1,True,False,4943941819494379,4943941832941950,9437184,0.8436800241470337,False,57982058496,spread,[293]
remote_0,23,2,4,"[2, 2, 1, 1]",1,True,False,4943941866019402,4943941868967907,9437184,0.8551679849624634,False,57982058496,spread,[1734]
remote_2,23,2,4,"[1, 1, 0, 0]",1,True,False,4943941893506960,4943941893881051,0,0,False,57982058496,spread,[]
remote_0,24,2,4,"[2, 2, 1, 1]",1,True,False,4943941905444793,4943941907150569,9437184,1.6402239799499512,False,57982058496,spread,[1945]
remote_1,24,2,4,"[1, 2, 1, 2]",1,True,False,4943941918853374,4943941920511444,9437184,1.5903040170669556,False,57982058496,spread,[1562]
remote_3,24,2,4,"[1, 0, 1, 0]",1,True,False,4943941931602149,4943941932511461,9437184,0.8471680283546448,False,57982058496,spread,[504]
remote_2,24,2,4,"[1, 1, 0, 0]",1,True,False,4943941942814107,4943941942902089,0,0,False,57982058496,spread,[]
remote_2,25,2,4,"[1, 1, 0, 0]",1,True,False,4943941954792330,4943941954881519,0,0,False,57982058496,spread,[]
remote_3,25,2,4,"[1, 0, 1, 0]",1,True,False,4943941966762792,4943941967662389,9437184,0.8432959914207458,False,57982058496,spread,[715]
remote_0,25,2,4,"[2, 2, 1, 1]",1,True,False,4943941977989290,4943941979616518,9437184,1.5616960525512695,False,57982058496,spread,[2156]
remote_1,25,2,4,"[1, 2, 1, 2]",1,True,False,4943941991526091,4943941993166193,9437184,1.5823359489440918,False,57982058496,spread,[1773]
remote_3,26,2,4,"[1, 0, 1, 0]",1,True,False,4943942004702966,4943942005598613,9437184,0.8266239762306213,False,57982058496,spread,[926]
remote_0,26,2,4,"[2, 2, 1, 1]",1,True,False,4943942016013960,4943942017647635,9437184,1.5728319883346558,False,57982058496,spread,[2367]
remote_1,26,2,4,"[1, 2, 1, 2]",1,True,False,4943942029666582,4943942031356042,9437184,1.6048959493637085,False,57982058496,spread,[1984]
remote_2,26,2,4,"[1, 1, 0, 0]",1,True,False,4943942042445869,4943942042531294,0,0,False,57982058496,spread,[]
remote_0,27,2,4,"[2, 2, 1, 1]",1,True,False,4943942054420540,4943942056096138,9437184,1.3855040073394775,False,57982058496,spread,[2578]
remote_3,27,2,4,"[1, 0, 1, 0]",1,True,False,4943942067998746,4943942068893443,9437184,0.8257279992103577,False,57982058496,spread,[1137]
remote_2,27,2,4,"[1, 1, 0, 0]",1,True,False,4943942079217121,4943942079293899,0,0,False,57982058496,spread,[]
remote_1,27,2,4,"[1, 2, 1, 2]",1,True,False,4943942091160335,4943942092800138,9437184,1.5831680297851562,False,57982058496,spread,[2195]
remote_0,28,2,4,"[2, 2, 1, 1]",1,True,False,4943942103943759,4943942105569219,9437184,1.5691839456558228,False,57982058496,spread,[2789]
remote_2,28,2,4,"[1, 1, 0, 0]",1,True,False,4943942117564325,4943942117646847,0,0,False,57982058496,spread,[]
remote_3,28,2,4,"[1, 0, 1, 0]",1,True,False,4943942129542441,4943942130417538,9437184,0.8235520124435425,False,57982058496,spread,[1348]
remote_1,28,2,4,"[1, 2, 1, 2]",1,True,False,4943942140740449,4943942142332875,9437184,1.5355839729309082,False,57982058496,spread,[2406]
remote_3,29,2,4,"[1, 0, 1, 0]",1,True,False,4943942153542177,4943942154431747,9437184,0.8287680149078369,False,57982058496,spread,[1559]
remote_2,29,2,4,"[1, 1, 0, 0]",1,True,False,4943942165270814,4943942165352433,0,0,False,57982058496,spread,[]
remote_1,29,2,4,"[1, 2, 1, 2]",1,True,False,4943942177264028,4943942178802664,9437184,1.4894720315933228,False,57982058496,spread,[2617]
remote_0,29,2,4,"[2, 2, 1, 1]",1,True,False,4943942190086357,4943942191712567,9437184,1.568160057067871,False,57982058496,spread,[3000]
overlap_1,-5,2,4,"[1, 2, 1, 2]",1,False,True,4943963694146859,4943963911375478,9437184,3.017728090286255,True,57982058496,spread,[1587]
overlap_0,-5,2,4,"[2, 2, 1, 1]",1,False,True,4943963924290009,4943963927392486,9437184,2.7783360481262207,True,57982058496,spread,[1970]
overlap_2,-5,2,4,"[2, 1, 2, 1]",1,False,True,4943963939963778,4943963943927634,18874368,3.74566388130188,True,57982058496,spread,"[1587, 1970]"
overlap_0,-4,2,4,"[2, 2, 1, 1]",1,False,True,4943963954523876,4943963957365842,9437184,2.680255889892578,True,57982058496,spread,[2181]
overlap_1,-4,2,4,"[1, 2, 1, 2]",1,False,True,4943963969826031,4943963972981568,9437184,2.7950079441070557,True,57982058496,spread,[1798]
overlap_2,-4,2,4,"[2, 1, 2, 1]",1,False,True,4943963984514800,4943963988455082,18874368,3.79036808013916,True,57982058496,spread,"[1798, 2181]"
overlap_2,-3,2,4,"[2, 1, 2, 1]",1,False,True,4943963999179191,4943964003126969,18874368,3.806720018386841,True,57982058496,spread,"[2009, 2392]"
overlap_1,-3,2,4,"[1, 2, 1, 2]",1,False,True,4943964013702705,4943964016555276,9437184,2.6702721118927,True,57982058496,spread,[2009]
overlap_0,-3,2,4,"[2, 2, 1, 1]",1,False,True,4943964028358234,4943964031174834,9437184,2.626784086227417,True,57982058496,spread,[2392]
overlap_2,-2,2,4,"[2, 1, 2, 1]",1,False,True,4943964043844419,4943964047808822,18874368,3.7742080688476562,True,57982058496,spread,"[2220, 2603]"
overlap_0,-2,2,4,"[2, 2, 1, 1]",1,False,True,4943964059217475,4943964062179138,9437184,2.738976001739502,True,57982058496,spread,[2603]
overlap_1,-2,2,4,"[1, 2, 1, 2]",1,False,True,4943964074530835,4943964077364732,9437184,2.6507198810577393,True,57982058496,spread,[2220]
overlap_1,-1,2,4,"[1, 2, 1, 2]",1,False,True,4943964089018183,4943964091943585,9437184,2.7651519775390625,True,57982058496,spread,[2431]
overlap_2,-1,2,4,"[2, 1, 2, 1]",1,False,True,4943964103486661,4943964107406206,18874368,3.774143934249878,True,57982058496,spread,"[2431, 2814]"
overlap_0,-1,2,4,"[2, 2, 1, 1]",1,False,True,4943964117957751,4943964120796212,9437184,2.6536641120910645,True,57982058496,spread,[2814]
overlap_0,0,2,4,"[2, 2, 1, 1]",1,False,True,4943964133445095,4943964136362313,9437184,2.7556159496307373,True,57982058496,spread,[3025]
overlap_2,0,2,4,"[2, 1, 2, 1]",1,False,True,4943964148569951,4943964152516935,18874368,3.773024082183838,True,57982058496,spread,"[2642, 3025]"
overlap_1,0,2,4,"[1, 2, 1, 2]",1,False,True,4943964162883982,4943964165706456,9437184,2.6697919368743896,True,57982058496,spread,[2642]
overlap_2,1,2,4,"[2, 1, 2, 1]",1,False,True,4943964177486377,4943964181423397,18874368,3.8117759227752686,True,57982058496,spread,"[2853, 3236]"
overlap_1,1,2,4,"[1, 2, 1, 2]",1,False,True,4943964191680170,4943964194529774,9437184,2.667072057723999,True,57982058496,spread,[2853]
overlap_0,1,2,4,"[2, 2, 1, 1]",1,False,True,4943964206016261,4943964208942968,9437184,2.7625598907470703,True,57982058496,spread,[3236]
overlap_0,2,2,4,"[2, 2, 1, 1]",1,False,True,4943964221028439,4943964223986888,9437184,2.7321600914001465,True,57982058496,spread,[3447]
overlap_2,2,2,4,"[2, 1, 2, 1]",1,False,True,4943964236036517,4943964239948368,18874368,3.7596800327301025,True,57982058496,spread,"[3064, 3447]"
overlap_1,2,2,4,"[1, 2, 1, 2]",1,False,True,4943964250248657,4943964253163166,9437184,2.758687973022461,True,57982058496,spread,[3064]
overlap_1,3,2,4,"[1, 2, 1, 2]",1,False,True,4943964264510392,4943964267392480,9437184,2.738368034362793,True,57982058496,spread,[3275]
overlap_2,3,2,4,"[2, 1, 2, 1]",1,False,True,4943964278723580,4943964282599372,18874368,3.7540159225463867,True,57982058496,spread,"[3275, 3658]"
overlap_0,3,2,4,"[2, 2, 1, 1]",1,False,True,4943964293147946,4943964295942547,9437184,2.65283203125,True,57982058496,spread,[3658]
overlap_0,4,2,4,"[2, 2, 1, 1]",1,False,True,4943964308145385,4943964311001241,9437184,2.6852478981018066,True,57982058496,spread,[3869]
overlap_1,4,2,4,"[1, 2, 1, 2]",1,False,True,4943964323164303,4943964326064739,9437184,2.7274560928344727,True,57982058496,spread,[3486]
overlap_2,4,2,4,"[2, 1, 2, 1]",1,False,True,4943964337720299,4943964341681775,18874368,3.820863962173462,True,57982058496,spread,"[3486, 3869]"
overlap_1,5,2,4,"[1, 2, 1, 2]",1,False,True,4943964351997533,4943964354860898,9437184,2.6971840858459473,True,57982058496,spread,[3697]
overlap_2,5,2,4,"[2, 1, 2, 1]",1,False,True,4943964366248821,4943964370198408,18874368,3.560960054397583,True,57982058496,spread,"[3697, 4080]"
overlap_0,5,2,4,"[2, 2, 1, 1]",1,False,True,4943964380555936,4943964383364747,9437184,2.6610240936279297,True,57982058496,spread,[4080]
overlap_2,6,2,4,"[2, 1, 2, 1]",1,False,True,4943964395643009,4943964399568927,18874368,3.789247989654541,True,57982058496,spread,"[3908, 4291]"
overlap_0,6,2,4,"[2, 2, 1, 1]",1,False,True,4943964409994727,4943964412800826,9437184,2.6395199298858643,True,57982058496,spread,[4291]
overlap_1,6,2,4,"[1, 2, 1, 2]",1,False,True,4943964425108360,4943964427977246,9437184,2.7079999446868896,True,57982058496,spread,[3908]
overlap_0,7,2,4,"[2, 2, 1, 1]",1,False,True,4943964439386419,4943964442279135,9437184,2.7524800300598145,True,57982058496,spread,[4502]
overlap_2,7,2,4,"[2, 1, 2, 1]",1,False,True,4943964454384506,4943964458281829,18874368,3.774399995803833,True,57982058496,spread,"[4119, 4502]"
overlap_1,7,2,4,"[1, 2, 1, 2]",1,False,True,4943964468659384,4943964471522122,9437184,2.723328113555908,True,57982058496,spread,[4119]
overlap_0,8,2,4,"[2, 2, 1, 1]",1,False,True,4943964482919512,4943964485829410,9437184,2.758591890335083,True,57982058496,spread,[4713]
overlap_2,8,2,4,"[2, 1, 2, 1]",1,False,True,4943964498177151,4943964502088382,18874368,3.787264108657837,True,57982058496,spread,"[4330, 4713]"
overlap_1,8,2,4,"[1, 2, 1, 2]",1,False,True,4943964512443069,4943964515275008,9437184,2.6777920722961426,True,57982058496,spread,[4330]
overlap_0,9,2,4,"[2, 2, 1, 1]",1,False,True,4943964526706809,4943964529798380,9437184,2.7368640899658203,True,57982058496,spread,[4924]
overlap_2,9,2,4,"[2, 1, 2, 1]",1,False,True,4943964541794921,4943964545702238,18874368,3.7753279209136963,True,57982058496,spread,"[4541, 4924]"
overlap_1,9,2,4,"[1, 2, 1, 2]",1,False,True,4943964556057630,4943964558929959,9437184,2.7335360050201416,True,57982058496,spread,[4541]
overlap_2,10,2,4,"[2, 1, 2, 1]",1,False,True,4943964570309230,4943964574212950,18874368,3.777888059616089,True,57982058496,spread,"[4752, 5135]"
overlap_0,10,2,4,"[2, 2, 1, 1]",1,False,True,4943964584582427,4943964587378953,9437184,2.6558079719543457,True,57982058496,spread,[5135]
overlap_1,10,2,4,"[1, 2, 1, 2]",1,False,True,4943964599651922,4943964602539755,9437184,2.7388479709625244,True,57982058496,spread,[4752]
overlap_0,11,2,4,"[2, 2, 1, 1]",1,False,True,4943964613917895,4943964616753730,9437184,2.7032320499420166,True,57982058496,spread,[5346]
overlap_1,11,2,4,"[1, 2, 1, 2]",1,False,True,4943964628942823,4943964631782258,9437184,2.6999359130859375,True,57982058496,spread,[4963]
overlap_2,11,2,4,"[2, 1, 2, 1]",1,False,True,4943964643226582,4943964647224744,18874368,3.8491199016571045,True,57982058496,spread,"[4963, 5346]"
overlap_0,12,2,4,"[2, 2, 1, 1]",1,False,True,4943964657577363,4943964660457416,9437184,2.720639944076538,True,57982058496,spread,[5557]
overlap_1,12,2,4,"[1, 2, 1, 2]",1,False,True,4943964672632964,4943964675593450,9437184,2.8085761070251465,True,57982058496,spread,[5174]
overlap_2,12,2,4,"[2, 1, 2, 1]",1,False,True,4943964686912987,4943964690946522,18874368,3.628767967224121,True,57982058496,spread,"[5174, 5557]"
overlap_2,13,2,4,"[2, 1, 2, 1]",1,False,True,4943964701344899,4943964705283314,18874368,3.7868800163269043,True,57982058496,spread,"[5385, 5768]"
overlap_0,13,2,4,"[2, 2, 1, 1]",1,False,True,4943964715674590,4943964718483114,9437184,2.6495039463043213,True,57982058496,spread,[5768]
overlap_1,13,2,4,"[1, 2, 1, 2]",1,False,True,4943964730679597,4943964733519687,9437184,2.6560959815979004,True,57982058496,spread,[5385]
overlap_0,14,2,4,"[2, 2, 1, 1]",1,False,True,4943964744992577,4943964747825233,9437184,2.65830397605896,True,57982058496,spread,[5979]
overlap_1,14,2,4,"[1, 2, 1, 2]",1,False,True,4943964760037294,4943964762875189,9437184,2.6645760536193848,True,57982058496,spread,[5596]
overlap_2,14,2,4,"[2, 1, 2, 1]",1,False,True,4943964774302747,4943964778241102,18874368,3.7974400520324707,True,57982058496,spread,"[5596, 5979]"
overlap_2,15,2,4,"[2, 1, 2, 1]",1,False,True,4943964788600779,4943964792530278,18874368,3.7979838848114014,True,57982058496,spread,"[5807, 46]"
overlap_0,15,2,4,"[2, 2, 1, 1]",1,False,True,4943964802849309,4943964805711592,9437184,2.717695951461792,True,57982058496,spread,[46]
overlap_1,15,2,4,"[1, 2, 1, 2]",1,False,True,4943964817927183,4943964820779348,9437184,2.693120002746582,True,57982058496,spread,[5807]
overlap_2,16,2,4,"[2, 1, 2, 1]",1,False,True,4943964832232156,4943964836134266,18874368,3.7701759338378906,True,57982058496,spread,"[6018, 257]"
overlap_1,16,2,4,"[1, 2, 1, 2]",1,False,True,4943964846508632,4943964849599118,9437184,2.735071897506714,True,57982058496,spread,[6018]
overlap_0,16,2,4,"[2, 2, 1, 1]",1,False,True,4943964860750297,4943964863577711,9437184,2.686016082763672,True,57982058496,spread,[257]
overlap_2,17,2,4,"[2, 1, 2, 1]",1,False,True,4943964875840667,4943964879725649,18874368,3.7583041191101074,True,57982058496,spread,"[85, 468]"
overlap_0,17,2,4,"[2, 2, 1, 1]",1,False,True,4943964890203938,4943964893014465,9437184,2.662559986114502,True,57982058496,spread,[468]
overlap_1,17,2,4,"[1, 2, 1, 2]",1,False,True,4943964905392295,4943964908157109,9437184,2.6105918884277344,True,57982058496,spread,[85]
overlap_2,18,2,4,"[2, 1, 2, 1]",1,False,True,4943964919705251,4943964923584598,18874368,3.7558720111846924,True,57982058496,spread,"[296, 679]"
overlap_1,18,2,4,"[1, 2, 1, 2]",1,False,True,4943964933958731,4943964936815671,9437184,2.686527967453003,True,57982058496,spread,[296]
overlap_0,18,2,4,"[2, 2, 1, 1]",1,False,True,4943964948169462,4943964951047458,9437184,2.732192039489746,True,57982058496,spread,[679]
overlap_2,19,2,4,"[2, 1, 2, 1]",1,False,True,4943964963321257,4943964967265525,18874368,3.8197760581970215,True,57982058496,spread,"[507, 890]"
overlap_0,19,2,4,"[2, 2, 1, 1]",1,False,True,4943964977573407,4943964980453557,9437184,2.723072052001953,True,57982058496,spread,[890]
overlap_1,19,2,4,"[1, 2, 1, 2]",1,False,True,4943964992600995,4943964995496451,9437184,2.7441599369049072,True,57982058496,spread,[507]
overlap_2,20,2,4,"[2, 1, 2, 1]",1,False,True,4943965006846691,4943965010819444,18874368,3.5927040576934814,True,57982058496,spread,"[718, 1101]"
overlap_1,20,2,4,"[1, 2, 1, 2]",1,False,True,4943965021223129,4943965024150783,9437184,2.7401599884033203,True,57982058496,spread,[718]
overlap_0,20,2,4,"[2, 2, 1, 1]",1,False,True,4943965035519808,4943965038395503,9437184,2.6962239742279053,True,57982058496,spread,[1101]
overlap_1,21,2,4,"[1, 2, 1, 2]",1,False,True,4943965050589665,4943965053442225,9437184,2.7087039947509766,True,57982058496,spread,[929]
overlap_0,21,2,4,"[2, 2, 1, 1]",1,False,True,4943965064850853,4943965067674847,9437184,2.690432071685791,True,57982058496,spread,[1312]
overlap_2,21,2,4,"[2, 1, 2, 1]",1,False,True,4943965079829321,4943965083759419,18874368,3.7593600749969482,True,57982058496,spread,"[929, 1312]"
overlap_2,22,2,4,"[2, 1, 2, 1]",1,False,True,4943965094213526,4943965098120540,18874368,3.773439884185791,True,57982058496,spread,"[1140, 1523]"
overlap_1,22,2,4,"[1, 2, 1, 2]",1,False,True,4943965108491681,4943965111210464,9437184,2.5830399990081787,True,57982058496,spread,[1140]
overlap_0,22,2,4,"[2, 2, 1, 1]",1,False,True,4943965122747114,4943965125374512,9437184,2.4768319129943848,True,57982058496,spread,[1523]
overlap_0,23,2,4,"[2, 2, 1, 1]",1,False,True,4943965137832260,4943965140627198,9437184,2.6473278999328613,True,57982058496,spread,[1734]
overlap_1,23,2,4,"[1, 2, 1, 2]",1,False,True,4943965152890917,4943965155735045,9437184,2.6648640632629395,True,57982058496,spread,[1351]
overlap_2,23,2,4,"[2, 1, 2, 1]",1,False,True,4943965167144130,4943965171096145,18874368,3.611583948135376,True,57982058496,spread,"[1351, 1734]"
overlap_0,24,2,4,"[2, 2, 1, 1]",1,False,True,4943965181600357,4943965184455420,9437184,2.6775999069213867,True,57982058496,spread,[1945]
overlap_1,24,2,4,"[1, 2, 1, 2]",1,False,True,4943965196928297,4943965199778896,9437184,2.6841280460357666,True,57982058496,spread,[1562]
overlap_2,24,2,4,"[2, 1, 2, 1]",1,False,True,4943965211196661,4943965215097280,18874368,3.7771201133728027,True,57982058496,spread,"[1562, 1945]"
overlap_0,25,2,4,"[2, 2, 1, 1]",1,False,True,4943965225509231,4943965228432194,9437184,2.7843520641326904,True,57982058496,spread,[2156]
overlap_2,25,2,4,"[2, 1, 2, 1]",1,False,True,4943965240528313,4943965244443256,18874368,3.789344072341919,True,57982058496,spread,"[1773, 2156]"
overlap_1,25,2,4,"[1, 2, 1, 2]",1,False,True,4943965254747802,4943965257590591,9437184,2.7004799842834473,True,57982058496,spread,[1773]
overlap_2,26,2,4,"[2, 1, 2, 1]",1,False,True,4943965269218390,4943965273132953,18874368,3.78108811378479,True,57982058496,spread,"[1984, 2367]"
overlap_1,26,2,4,"[1, 2, 1, 2]",1,False,True,4943965283504536,4943965286207318,9437184,2.524224042892456,True,57982058496,spread,[1984]
overlap_0,26,2,4,"[2, 2, 1, 1]",1,False,True,4943965297960248,4943965300844999,9437184,2.7333760261535645,True,57982058496,spread,[2367]
overlap_2,27,2,4,"[2, 1, 2, 1]",1,False,True,4943965313017839,4943965316968363,18874368,3.79420804977417,True,57982058496,spread,"[2195, 2578]"
overlap_0,27,2,4,"[2, 2, 1, 1]",1,False,True,4943965327468932,4943965330311691,9437184,2.6387200355529785,True,57982058496,spread,[2578]
overlap_1,27,2,4,"[1, 2, 1, 2]",1,False,True,4943965342465642,4943965345296503,9437184,2.6769280433654785,True,57982058496,spread,[2195]
overlap_2,28,2,4,"[2, 1, 2, 1]",1,False,True,4943965356759118,4943965360700488,18874368,3.7517120838165283,True,57982058496,spread,"[2406, 2789]"
overlap_0,28,2,4,"[2, 2, 1, 1]",1,False,True,4943965371062029,4943965373957021,9437184,2.6822080612182617,True,57982058496,spread,[2789]
overlap_1,28,2,4,"[1, 2, 1, 2]",1,False,True,4943965386183853,4943965389217914,9437184,2.751807928085327,True,57982058496,spread,[2406]
overlap_0,29,2,4,"[2, 2, 1, 1]",1,False,True,4943965400480732,4943965403205911,9437184,2.576927900314331,True,57982058496,spread,[3000]
overlap_1,29,2,4,"[1, 2, 1, 2]",1,False,True,4943965415745603,4943965418503898,9437184,2.5995519161224365,True,57982058496,spread,[2617]
overlap_2,29,2,4,"[2, 1, 2, 1]",1,False,True,4943965429996861,4943965433897394,18874368,3.775808095932007,True,57982058496,spread,"[2617, 3000]"
six_1,-5,3,5,"[1, 2, 1, 2]",1,False,False,4943906904783631,4943906907856893,18874368,2.730623960494995,False,57982058496,spread,"[1970, 2353]"
two_pair_0_1,-5,3,5,"[1, 1, 0, 0]",1,False,False,4943906959217632,4943906959326517,0,0,False,57982058496,spread,[]
two_pair_0_2,-5,3,5,"[1, 0, 1, 0]",1,False,False,4943906971432154,4943906971573292,0,0,False,57982058496,spread,[]
concurrency_4_rank,-5,3,5,"[4, 4, 3, 3]",4,False,False,4943906982919466,4943906987779270,28311552,4.699711799621582,False,57982058496,spread,"[5235, 5618, 6001]"
two_single_1,-5,3,5,"[0, 2, 0, 0]",1,False,False,4943906999845399,4943906999972170,0,0,False,57982058496,spread,[]
scale_2_group,-5,3,5,"[0, 1, 0, 1]",1,False,False,4943907012025044,4943907012953751,9437184,0.8503680229187012,False,57982058496,spread,[529]
scale_14_group,-5,3,5,"[3, 4, 3, 4]",1,False,False,4943907023473461,4943907028981924,37748736,5.447167873382568,False,57982058496,spread,"[4852, 5235, 5618, 6001]"
scale_10_rank,-5,3,5,"[3, 3, 2, 2]",1,False,False,4943907039474870,4943907042645213,18874368,3.1181440353393555,False,57982058496,spread,"[3794, 4177]"
scale_62_rank,-5,3,5,"[16, 16, 15, 15]",1,False,False,4943907054590299,4943907077799935,141557760,23.155967712402344,False,57982058496,spread,"[4095, 4478, 4861, 5244, 5627, 6010, 249, 632, 1015, 1398, 1781, 2164, 2547, 2930, 3313]"
scale_50_group,-5,3,5,"[12, 13, 12, 13]",1,False,False,4943907090640501,4943907109965289,122683392,19.27187156677246,False,57982058496,spread,"[5533, 5916, 155, 538, 921, 1304, 1687, 2070, 2453, 2836, 3219, 3602, 3985]"
scale_6_group,-5,3,5,"[1, 2, 1, 2]",1,False,False,4943907120672665,4943907123068600,18874368,2.3485119342803955,False,57982058496,spread,"[1970, 2353]"
two_single_0,-5,3,5,"[2, 0, 0, 0]",1,False,False,4943907133483526,4943907133547410,0,0,False,57982058496,spread,[]
scale_6_rank,-5,3,5,"[2, 2, 1, 1]",1,False,False,4943907145566813,4943907147163969,9437184,1.5533440113067627,False,57982058496,spread,[2353]
six_3,-5,3,5,"[1, 1, 2, 2]",1,False,False,4943907159125148,4943907162319432,18874368,3.1288959980010986,False,57982058496,spread,"[1970, 2353]"
scale_10_group,-5,3,5,"[2, 3, 2, 3]",1,False,False,4943907172805711,4943907176759378,28311552,3.897792100906372,False,57982058496,spread,"[3411, 3794, 4177]"
scale_4_rank,-5,3,5,"[1, 1, 1, 1]",1,False,False,4943907187220345,4943907188862027,9437184,1.5901119709014893,False,57982058496,spread,[1441]
concurrency_4_group,-5,3,5,"[3, 4, 3, 4]",4,False,False,4943907199275867,4943907204810545,37748736,5.423840045928955,False,57982058496,spread,"[4852, 5235, 5618, 6001]"
two_pair_2_3,-5,3,5,"[0, 0, 1, 1]",1,False,False,4943907215294678,4943907216932701,9437184,1.5860799551010132,False,57982058496,spread,[529]
concurrency_2_rank,-5,3,5,"[4, 4, 3, 3]",2,False,False,4943907227505464,4943907232246544,28311552,4.666560173034668,False,57982058496,spread,"[5235, 5618, 6001]"
scale_50_rank,-5,3,5,"[13, 13, 12, 12]",1,False,False,4943907244272834,4943907262875751,113246208,18.508031845092773,False,57982058496,spread,"[5916, 155, 538, 921, 1304, 1687, 2070, 2453, 2836, 3219, 3602, 3985]"
concurrency_2_group,-5,3,5,"[3, 4, 3, 4]",2,False,False,4943907275090172,4943907280619950,37748736,5.443647861480713,False,57982058496,spread,"[4852, 5235, 5618, 6001]"
scale_14_rank,-5,3,5,"[4, 4, 3, 3]",1,False,False,4943907291032759,4943907295751515,28311552,4.661503791809082,False,57982058496,spread,"[5235, 5618, 6001]"
two_single_3,-5,3,5,"[0, 0, 0, 2]",1,False,False,4943907307794665,4943907309460610,18874368,1.5992000102996826,False,57982058496,spread,"[146, 529]"
two_pair_1_2,-5,3,5,"[0, 1, 1, 0]",1,False,False,4943907319902829,4943907319986418,0,0,False,57982058496,spread,[]
scale_2_rank,-5,3,5,"[1, 1, 0, 0]",1,False,False,4943907331699983,4943907331780941,0,0,False,57982058496,spread,[]
scale_4_group,-5,3,5,"[1, 1, 1, 1]",1,False,False,4943907343834598,4943907345525228,9437184,1.6134719848632812,False,57982058496,spread,[1441]
scale_8_rank,-5,3,5,"[2, 2, 2, 2]",1,False,False,4943907356018110,4943907359250660,18874368,3.1702721118927,False,57982058496,spread,"[2882, 3265]"
scale_8_group,-5,3,5,"[2, 2, 2, 2]",1,False,False,4943907369748429,4943907372954221,18874368,3.1468799114227295,False,57982058496,spread,"[2882, 3265]"
two_pair_0_3,-5,3,5,"[1, 0, 0, 1]",1,False,False,4943907383374003,4943907384255172,9437184,0.8240960240364075,False,57982058496,spread,[529]
two_single_2,-5,3,5,"[0, 0, 2, 0]",1,False,False,4943907394631133,4943907394714393,0,0,False,57982058496,spread,[]
six_0,-5,3,5,"[2, 2, 1, 1]",1,False,False,4943907406876217,4943907408531279,9437184,1.59990394115448,False,57982058496,spread,[2353]
two_pair_1_3,-5,3,5,"[0, 1, 0, 1]",1,False,False,4943907420567001,4943907421479786,9437184,0.8375999927520752,False,57982058496,spread,[529]
scale_62_group,-5,3,5,"[15, 16, 15, 16]",1,False,False,4943907432048447,4943907456082962,150994944,23.973663330078125,False,57982058496,spread,"[3712, 4095, 4478, 4861, 5244, 5627, 6010, 249, 632, 1015, 1398, 1781, 2164, 2547, 2930, 3313]"
six_2,-5,3,5,"[2, 1, 2, 1]",1,False,False,4943907480614338,4943907482214916,9437184,1.5401279926300049,False,57982058496,spread,[2353]
two_pair_1_2,-4,3,5,"[0, 1, 1, 0]",1,False,False,4943907493898837,4943907493975890,0,0,False,57982058496,spread,[]
scale_14_group,-4,3,5,"[3, 4, 3, 4]",1,False,False,4943907505438526,4943907510947809,37748736,5.460671901702881,False,57982058496,spread,"[5063, 5446, 5829, 68]"
two_pair_1_3,-4,3,5,"[0, 1, 0, 1]",1,False,False,4943907521511388,4943907522382110,9437184,0.8194239735603333,False,57982058496,spread,[740]
two_pair_0_2,-4,3,5,"[1, 0, 1, 0]",1,False,False,4943907532938507,4943907533083472,0,0,False,57982058496,spread,[]
scale_50_group,-4,3,5,"[12, 13, 12, 13]",1,False,False,4943907544335071,4943907563689736,122683392,19.295488357543945,False,57982058496,spread,"[5744, 6127, 366, 749, 1132, 1515, 1898, 2281, 2664, 3047, 3430, 3813, 4196]"
two_pair_0_1,-4,3,5,"[1, 1, 0, 0]",1,False,False,4943907574453928,4943907574521921,0,0,False,57982058496,spread,[]
six_0,-4,3,5,"[2, 2, 1, 1]",1,False,False,4943907586606180,4943907588240767,9437184,1.5936959981918335,False,57982058496,spread,[2564]
scale_4_rank,-4,3,5,"[1, 1, 1, 1]",1,False,False,4943907600313976,4943907601975846,9437184,1.5974400043487549,False,57982058496,spread,[1652]
scale_8_rank,-4,3,5,"[2, 2, 2, 2]",1,False,False,4943907612522703,4943907615692809,18874368,3.1256000995635986,False,57982058496,spread,"[3093, 3476]"
concurrency_2_group,-4,3,5,"[3, 4, 3, 4]",2,False,False,4943907626212863,4943907631730157,37748736,5.450431823730469,False,57982058496,spread,"[5063, 5446, 5829, 68]"
two_single_0,-4,3,5,"[2, 0, 0, 0]",1,False,False,4943907642318929,4943907642390269,0,0,False,57982058496,spread,[]
two_pair_2_3,-4,3,5,"[0, 0, 1, 1]",1,False,False,4943907654492536,4943907656146910,9437184,1.5924479961395264,False,57982058496,spread,[740]
scale_14_rank,-4,3,5,"[4, 4, 3, 3]",1,False,False,4943907666617072,4943907671316247,28311552,4.650752067565918,False,57982058496,spread,"[5446, 5829, 68]"
scale_2_rank,-4,3,5,"[1, 1, 0, 0]",1,False,False,4943907683574557,4943907683655908,0,0,False,57982058496,spread,[]
two_single_1,-4,3,5,"[0, 2, 0, 0]",1,False,False,4943907695758961,4943907695837619,0,0,False,57982058496,spread,[]
scale_6_group,-4,3,5,"[1, 2, 1, 2]",1,False,False,4943907707928621,4943907710035424,18874368,2.040191888809204,False,57982058496,spread,"[2181, 2564]"
two_single_3,-4,3,5,"[0, 0, 0, 2]",1,False,False,4943907721196188,4943907722857570,18874368,1.5988160371780396,False,57982058496,spread,"[357, 740]"
six_2,-4,3,5,"[2, 1, 2, 1]",1,False,False,4943907733425448,4943907735066392,9437184,1.5822720527648926,False,57982058496,spread,[2564]
scale_10_rank,-4,3,5,"[3, 3, 2, 2]",1,False,False,4943907746374192,4943907749545384,18874368,3.1163198947906494,False,57982058496,spread,"[4005, 4388]"
scale_62_rank,-4,3,5,"[16, 16, 15, 15]",1,False,False,4943907761619393,4943907784906144,141557760,23.217504501342773,False,57982058496,spread,"[4306, 4689, 5072, 5455, 5838, 77, 460, 843, 1226, 1609, 1992, 2375, 2758, 3141, 3524]"
six_1,-4,3,5,"[1, 2, 1, 2]",1,False,False,4943907797584910,4943907800029631,18874368,2.374943971633911,False,57982058496,spread,"[2181, 2564]"
scale_6_rank,-4,3,5,"[2, 2, 1, 1]",1,False,False,4943907810531900,4943907812177202,9437184,1.587712049484253,False,57982058496,spread,[2564]
scale_4_group,-4,3,5,"[1, 1, 1, 1]",1,False,False,4943907824255254,4943907825902514,9437184,1.5899840593338013,False,57982058496,spread,[1652]
concurrency_4_group,-4,3,5,"[3, 4, 3, 4]",4,False,False,4943907836406502,4943907841953155,37748736,5.1623358726501465,False,57982058496,spread,"[5063, 5446, 5829, 68]"
concurrency_2_rank,-4,3,5,"[4, 4, 3, 3]",2,False,False,4943907852806232,4943907857515495,28311552,4.637472152709961,False,57982058496,spread,"[5446, 5829, 68]"
concurrency_4_rank,-4,3,5,"[4, 4, 3, 3]",4,False,False,4943907869563744,4943907874308311,28311552,4.652160167694092,False,57982058496,spread,"[5446, 5829, 68]"
two_single_2,-4,3,5,"[0, 0, 2, 0]",1,False,False,4943907886310629,4943907886391735,0,0,False,57982058496,spread,[]
scale_50_rank,-4,3,5,"[13, 13, 12, 12]",1,False,False,4943907898391536,4943907916964159,113246208,18.51638412475586,False,57982058496,spread,"[6127, 366, 749, 1132, 1515, 1898, 2281, 2664, 3047, 3430, 3813, 4196]"
six_3,-4,3,5,"[1, 1, 2, 2]",1,False,False,4943907929801707,4943907932983909,18874368,3.123296022415161,False,57982058496,spread,"[2181, 2564]"
scale_2_group,-4,3,5,"[0, 1, 0, 1]",1,False,False,4943907943590462,4943907944448853,9437184,0.8138560056686401,False,57982058496,spread,[740]
two_pair_0_3,-4,3,5,"[1, 0, 0, 1]",1,False,False,4943907954925210,4943907955785191,9437184,0.8130239844322205,False,57982058496,spread,[740]
scale_8_group,-4,3,5,"[2, 2, 2, 2]",1,False,False,4943907966287370,4943907969425305,18874368,3.0883519649505615,False,57982058496,spread,"[3093, 3476]"
scale_10_group,-4,3,5,"[2, 3, 2, 3]",1,False,False,4943907979991064,4943907983932589,28311552,3.8917438983917236,False,57982058496,spread,"[3622, 4005, 4388]"
scale_62_group,-4,3,5,"[15, 16, 15, 16]",1,False,False,4943907994382774,4943908018340812,150994944,23.906272888183594,False,57982058496,spread,"[3923, 4306, 4689, 5072, 5455, 5838, 77, 460, 843, 1226, 1609, 1992, 2375, 2758, 3141, 3524]"
scale_2_group,-3,3,5,"[0, 1, 0, 1]",1,False,False,4943908029308415,4943908030202460,9437184,0.8282880187034607,False,57982058496,spread,[951]
six_3,-3,3,5,"[1, 1, 2, 2]",1,False,False,4943908040739638,4943908043906908,18874368,3.1084799766540527,False,57982058496,spread,"[2392, 2775]"
scale_10_rank,-3,3,5,"[3, 3, 2, 2]",1,False,False,4943908054434973,4943908057605801,18874368,3.120896100997925,False,57982058496,spread,"[4216, 4599]"
two_pair_1_3,-3,3,5,"[0, 1, 0, 1]",1,False,False,4943908069722533,4943908070595886,9437184,0.8164479732513428,False,57982058496,spread,[951]
scale_62_rank,-3,3,5,"[16, 16, 15, 15]",1,False,False,4943908081032255,4943908104208330,141557760,23.120256423950195,False,57982058496,spread,"[4517, 4900, 5283, 5666, 6049, 288, 671, 1054, 1437, 1820, 2203, 2586, 2969, 3352, 3735]"
concurrency_4_group,-3,3,5,"[3, 4, 3, 4]",4,False,False,4943908116672542,4943908122236170,37748736,5.4437761306762695,False,57982058496,spread,"[5274, 5657, 6040, 279]"
concurrency_4_rank,-3,3,5,"[4, 4, 3, 3]",4,False,False,4943908132719091,4943908137525460,28311552,4.683712005615234,False,57982058496,spread,"[5657, 6040, 279]"
scale_2_rank,-3,3,5,"[1, 1, 0, 0]",1,False,False,4943908149610806,4943908149700461,0,0,False,57982058496,spread,[]
scale_6_rank,-3,3,5,"[2, 2, 1, 1]",1,False,False,4943908161796138,4943908163441456,9437184,1.5909440517425537,False,57982058496,spread,[2775]
scale_50_group,-3,3,5,"[12, 13, 12, 13]",1,False,False,4943908175494477,4943908194862382,122683392,19.30620765686035,False,57982058496,spread,"[5955, 194, 577, 960, 1343, 1726, 2109, 2492, 2875, 3258, 3641, 4024, 4407]"
scale_4_group,-3,3,5,"[1, 1, 1, 1]",1,False,False,4943908205762344,4943908207402019,9437184,1.5855040550231934,False,57982058496,spread,[1863]
scale_10_group,-3,3,5,"[2, 3, 2, 3]",1,False,False,4943908217920664,4943908221860773,28311552,3.8867199420928955,False,57982058496,spread,"[3833, 4216, 4599]"
concurrency_2_group,-3,3,5,"[3, 4, 3, 4]",2,False,False,4943908232653434,4943908238147906,37748736,5.420224189758301,False,57982058496,spread,"[5274, 5657, 6040, 279]"
concurrency_2_rank,-3,3,5,"[4, 4, 3, 3]",2,False,False,4943908248678737,4943908253413221,28311552,4.662144184112549,False,57982058496,spread,"[5657, 6040, 279]"
two_pair_0_2,-3,3,5,"[1, 0, 1, 0]",1,False,False,4943908265535387,4943908265620005,0,0,False,57982058496,spread,[]
two_pair_1_2,-3,3,5,"[0, 1, 1, 0]",1,False,False,4943908276857913,4943908276932361,0,0,False,57982058496,spread,[]
scale_62_group,-3,3,5,"[15, 16, 15, 16]",1,False,False,4943908288254762,4943908312174524,150994944,23.865663528442383,False,57982058496,spread,"[4134, 4517, 4900, 5283, 5666, 6049, 288, 671, 1054, 1437, 1820, 2203, 2586, 2969, 3352, 3735]"
two_pair_0_1,-3,3,5,"[1, 1, 0, 0]",1,False,False,4943908323043489,4943908323119638,0,0,False,57982058496,spread,[]
scale_14_rank,-3,3,5,"[4, 4, 3, 3]",1,False,False,4943908335168424,4943908339860527,28311552,4.64028787612915,False,57982058496,spread,"[5657, 6040, 279]"
two_single_2,-3,3,5,"[0, 0, 2, 0]",1,False,False,4943908351952920,4943908352036268,0,0,False,57982058496,spread,[]
scale_50_rank,-3,3,5,"[13, 13, 12, 12]",1,False,False,4943908364305513,4943908382991816,113246208,18.611295700073242,False,57982058496,spread,"[194, 577, 960, 1343, 1726, 2109, 2492, 2875, 3258, 3641, 4024, 4407]"
scale_6_group,-3,3,5,"[1, 2, 1, 2]",1,False,False,4943908395751623,4943908398189238,18874368,2.3704640865325928,False,57982058496,spread,"[2392, 2775]"
two_pair_2_3,-3,3,5,"[0, 0, 1, 1]",1,False,False,4943908408644851,4943908410278448,9437184,1.581663966178894,False,57982058496,spread,[951]
two_pair_0_3,-3,3,5,"[1, 0, 0, 1]",1,False,False,4943908420846296,4943908421725951,9437184,0.8205440044403076,False,57982058496,spread,[951]
two_single_3,-3,3,5,"[0, 0, 0, 2]",1,False,False,4943908432232083,4943908433866554,18874368,1.5831040143966675,False,57982058496,spread,"[568, 951]"
scale_8_group,-3,3,5,"[2, 2, 2, 2]",1,False,False,4943908444396120,4943908447605643,18874368,2.887648105621338,False,57982058496,spread,"[3304, 3687]"
scale_4_rank,-3,3,5,"[1, 1, 1, 1]",1,False,False,4943908458359711,4943908460007902,9437184,1.5896960496902466,False,57982058496,spread,[1863]
six_0,-3,3,5,"[2, 2, 1, 1]",1,False,False,4943908470489811,4943908472126175,9437184,1.5857599973678589,False,57982058496,spread,[2775]
scale_14_group,-3,3,5,"[3, 4, 3, 4]",1,False,False,4943908484166856,4943908489647583,37748736,5.431072235107422,False,57982058496,spread,"[5274, 5657, 6040, 279]"
six_2,-3,3,5,"[2, 1, 2, 1]",1,False,False,4943908500144119,4943908501777564,9437184,1.580448031425476,False,57982058496,spread,[2775]
two_single_0,-3,3,5,"[2, 0, 0, 0]",1,False,False,4943908513056277,4943908513129889,0,0,False,57982058496,spread,[]
two_single_1,-3,3,5,"[0, 2, 0, 0]",1,False,False,4943908525207775,4943908525294079,0,0,False,57982058496,spread,[]
scale_8_rank,-3,3,5,"[2, 2, 2, 2]",1,False,False,4943908537538106,4943908540739559,18874368,3.1370880603790283,False,57982058496,spread,"[3304, 3687]"
six_1,-3,3,5,"[1, 2, 1, 2]",1,False,False,4943908551242405,4943908553660768,18874368,2.363039970397949,False,57982058496,spread,"[2392, 2775]"
two_single_2,-2,3,5,"[0, 0, 2, 0]",1,False,False,4943908564183599,4943908564255761,0,0,False,57982058496,spread,[]
scale_8_rank,-2,3,5,"[2, 2, 2, 2]",1,False,False,4943908576370163,4943908579548844,18874368,3.130079984664917,False,57982058496,spread,"[3515, 3898]"
scale_6_group,-2,3,5,"[1, 2, 1, 2]",1,False,False,4943908590090298,4943908592493913,18874368,2.3542399406433105,False,57982058496,spread,"[2603, 2986]"
two_pair_0_3,-2,3,5,"[1, 0, 0, 1]",1,False,False,4943908602933972,4943908603802575,9437184,0.81523197889328,False,57982058496,spread,[1162]
scale_14_rank,-2,3,5,"[4, 4, 3, 3]",1,False,False,4943908614269384,4943908618981485,28311552,4.6603522300720215,False,57982058496,spread,"[5868, 107, 490]"
two_single_0,-2,3,5,"[2, 0, 0, 0]",1,False,False,4943908630980220,4943908631059802,0,0,False,57982058496,spread,[]
six_3,-2,3,5,"[1, 1, 2, 2]",1,False,False,4943908642984377,4943908646126135,18874368,3.0906879901885986,False,57982058496,spread,"[2603, 2986]"
scale_4_group,-2,3,5,"[1, 1, 1, 1]",1,False,False,4943908656858764,4943908658497703,9437184,1.5848959684371948,False,57982058496,spread,[2074]
scale_10_rank,-2,3,5,"[3, 3, 2, 2]",1,False,False,4943908669023655,4943908672200400,18874368,3.127903938293457,False,57982058496,spread,"[4427, 4810]"
concurrency_4_rank,-2,3,5,"[4, 4, 3, 3]",4,False,False,4943908684289284,4943908689085842,28311552,4.689375877380371,False,57982058496,spread,"[5868, 107, 490]"
two_pair_1_3,-2,3,5,"[0, 1, 0, 1]",1,False,False,4943908701078228,4943908701953010,9437184,0.8166080117225647,False,57982058496,spread,[1162]
two_single_3,-2,3,5,"[0, 0, 0, 2]",1,False,False,4943908712414229,4943908714049027,18874368,1.5864959955215454,False,57982058496,spread,"[779, 1162]"
concurrency_4_group,-2,3,5,"[3, 4, 3, 4]",4,False,False,4943908724607801,4943908730141001,37748736,5.428351879119873,False,57982058496,spread,"[5485, 5868, 107, 490]"
six_2,-2,3,5,"[2, 1, 2, 1]",1,False,False,4943908740665937,4943908742294408,9437184,1.578879952430725,False,57982058496,spread,[2986]
two_pair_2_3,-2,3,5,"[0, 0, 1, 1]",1,False,False,4943908753593043,4943908755228874,9437184,1.5239039659500122,False,57982058496,spread,[1162]
scale_2_rank,-2,3,5,"[1, 1, 0, 0]",1,False,False,4943908765894275,4943908765965650,0,0,False,57982058496,spread,[]
scale_50_group,-2,3,5,"[12, 13, 12, 13]",1,False,False,4943908778186432,4943908797547430,122683392,19.29408073425293,False,57982058496,spread,"[22, 405, 788, 1171, 1554, 1937, 2320, 2703, 3086, 3469, 3852, 4235, 4618]"
scale_50_rank,-2,3,5,"[13, 13, 12, 12]",1,False,False,4943908808310763,4943908826886757,113246208,18.517375946044922,False,57982058496,spread,"[405, 788, 1171, 1554, 1937, 2320, 2703, 3086, 3469, 3852, 4235, 4618]"
concurrency_2_rank,-2,3,5,"[4, 4, 3, 3]",2,False,False,4943908839505253,4943908844255974,28311552,4.671008110046387,False,57982058496,spread,"[5868, 107, 490]"
scale_62_group,-2,3,5,"[15, 16, 15, 16]",1,False,False,4943908856363738,4943908880379248,150994944,23.95644760131836,False,57982058496,spread,"[4345, 4728, 5111, 5494, 5877, 116, 499, 882, 1265, 1648, 2031, 2414, 2797, 3180, 3563, 3946]"
scale_4_rank,-2,3,5,"[1, 1, 1, 1]",1,False,False,4943908891152427,4943908892794796,9437184,1.5882240533828735,False,57982058496,spread,[2074]
scale_8_group,-2,3,5,"[2, 2, 2, 2]",1,False,False,4943908903236950,4943908906408372,18874368,3.1198079586029053,False,57982058496,spread,"[3515, 3898]"
six_0,-2,3,5,"[2, 2, 1, 1]",1,False,False,4943908916924867,4943908918552473,9437184,1.5752639770507812,False,57982058496,spread,[2986]
scale_62_rank,-2,3,5,"[16, 16, 15, 15]",1,False,False,4943908930476969,4943908953699757,141557760,23.17241668701172,False,57982058496,spread,"[4728, 5111, 5494, 5877, 116, 499, 882, 1265, 1648, 2031, 2414, 2797, 3180, 3563, 3946]"
two_pair_0_2,-2,3,5,"[1, 0, 1, 0]",1,False,False,4943908966065512,4943908966138156,0,0,False,57982058496,spread,[]
scale_2_group,-2,3,5,"[0, 1, 0, 1]",1,False,False,4943908977448456,4943908978321187,9437184,0.8248639702796936,False,57982058496,spread,[1162]
scale_6_rank,-2,3,5,"[2, 2, 1, 1]",1,False,False,4943908988797918,4943908990430489,9437184,1.5839359760284424,False,57982058496,spread,[2986]
six_1,-2,3,5,"[1, 2, 1, 2]",1,False,False,4943909002529455,4943909004929564,18874368,2.3519039154052734,False,57982058496,spread,"[2603, 2986]"
scale_10_group,-2,3,5,"[2, 3, 2, 3]",1,False,False,4943909015361427,4943909019317636,28311552,3.9028160572052,False,57982058496,spread,"[4044, 4427, 4810]"
two_single_1,-2,3,5,"[0, 2, 0, 0]",1,False,False,4943909029801424,4943909029883903,0,0,False,57982058496,spread,[]
two_pair_0_1,-2,3,5,"[1, 1, 0, 0]",1,False,False,4943909042053731,4943909042142212,0,0,False,57982058496,spread,[]
two_pair_1_2,-2,3,5,"[0, 1, 1, 0]",1,False,False,4943909054241158,4943909054523888,0,0,False,57982058496,spread,[]
scale_14_group,-2,3,5,"[3, 4, 3, 4]",1,False,False,4943909065623630,4943909071123484,37748736,5.446784019470215,False,57982058496,spread,"[5485, 5868, 107, 490]"
concurrency_2_group,-2,3,5,"[3, 4, 3, 4]",2,False,False,4943909081739550,4943909087258877,37748736,5.439519882202148,False,57982058496,spread,"[5485, 5868, 107, 490]"
scale_50_group,-1,3,5,"[12, 13, 12, 13]",1,False,False,4943909097814446,4943909117168481,122683392,19.302751541137695,False,57982058496,spread,"[233, 616, 999, 1382, 1765, 2148, 2531, 2914, 3297, 3680, 4063, 4446, 4829]"
six_1,-1,3,5,"[1, 2, 1, 2]",1,False,False,4943909128144223,4943909130560887,18874368,2.3608639240264893,False,57982058496,spread,"[2814, 3197]"
scale_10_group,-1,3,5,"[2, 3, 2, 3]",1,False,False,4943909141044280,4943909144998945,28311552,3.898848056793213,False,57982058496,spread,"[4255, 4638, 5021]"
scale_50_rank,-1,3,5,"[13, 13, 12, 12]",1,False,False,4943909155437989,4943909174017421,113246208,18.52070426940918,False,57982058496,spread,"[616, 999, 1382, 1765, 2148, 2531, 2914, 3297, 3680, 4063, 4446, 4829]"
two_pair_0_3,-1,3,5,"[1, 0, 0, 1]",1,False,False,4943909186276396,4943909187148081,9437184,0.8194559812545776,False,57982058496,spread,[1373]
scale_62_group,-1,3,5,"[15, 16, 15, 16]",1,False,False,4943909197627815,4943909221606419,150994944,23.928415298461914,False,57982058496,spread,"[4556, 4939, 5322, 5705, 6088, 327, 710, 1093, 1476, 1859, 2242, 2625, 3008, 3391, 3774, 4157]"
two_pair_2_3,-1,3,5,"[0, 0, 1, 1]",1,False,False,4943909232404056,4943909233280964,9437184,0.8214399814605713,False,57982058496,spread,[1373]
scale_4_rank,-1,3,5,"[1, 1, 1, 1]",1,False,False,4943909245072307,4943909246737582,9437184,1.594655990600586,False,57982058496,spread,[2285]
two_pair_1_3,-1,3,5,"[0, 1, 0, 1]",1,False,False,4943909257223267,4943909258108024,9437184,0.8244159817695618,False,57982058496,spread,[1373]
two_pair_0_2,-1,3,5,"[1, 0, 1, 0]",1,False,False,4943909268592167,4943909268678409,0,0,False,57982058496,spread,[]
scale_6_rank,-1,3,5,"[2, 2, 1, 1]",1,False,False,4943909280039562,4943909281720951,9437184,1.6064640283584595,False,57982058496,spread,[3197]
two_pair_0_1,-1,3,5,"[1, 1, 0, 0]",1,False,False,4943909293816229,4943909293910002,0,0,False,57982058496,spread,[]
six_0,-1,3,5,"[2, 2, 1, 1]",1,False,False,4943909305996481,4943909307642965,9437184,1.5826239585876465,False,57982058496,spread,[3197]
six_3,-1,3,5,"[1, 1, 2, 2]",1,False,False,4943909319733609,4943909322929701,18874368,3.133568048477173,False,57982058496,spread,"[2814, 3197]"
scale_8_group,-1,3,5,"[2, 2, 2, 2]",1,False,False,4943909333615490,4943909336805914,18874368,3.131135940551758,False,57982058496,spread,"[3726, 4109]"
two_single_2,-1,3,5,"[0, 0, 2, 0]",1,False,False,4943909347278973,4943909347357598,0,0,False,57982058496,spread,[]
scale_8_rank,-1,3,5,"[2, 2, 2, 2]",1,False,False,4943909359500008,4943909362675942,18874368,3.053760051727295,False,57982058496,spread,"[3726, 4109]"
scale_62_rank,-1,3,5,"[16, 16, 15, 15]",1,False,False,4943909373325427,4943909396517053,141557760,23.13852882385254,False,57982058496,spread,"[4939, 5322, 5705, 6088, 327, 710, 1093, 1476, 1859, 2242, 2625, 3008, 3391, 3774, 4157]"
two_single_3,-1,3,5,"[0, 0, 0, 2]",1,False,False,4943909409435249,4943909411094077,18874368,1.59552001953125,False,57982058496,spread,"[990, 1373]"
scale_14_group,-1,3,5,"[3, 4, 3, 4]",1,False,False,4943909421804381,4943909427329184,37748736,5.451935768127441,False,57982058496,spread,"[5696, 6079, 318, 701]"
scale_4_group,-1,3,5,"[1, 1, 1, 1]",1,False,False,4943909437885504,4943909439533013,9437184,1.589568018913269,False,57982058496,spread,[2285]
two_pair_1_2,-1,3,5,"[0, 1, 1, 0]",1,False,False,4943909450015245,4943909450092977,0,0,False,57982058496,spread,[]
concurrency_2_group,-1,3,5,"[3, 4, 3, 4]",2,False,False,4943909461480818,4943909467001193,37748736,5.442368030548096,False,57982058496,spread,"[5696, 6079, 318, 701]"
scale_10_rank,-1,3,5,"[3, 3, 2, 2]",1,False,False,4943909477441740,4943909480624227,18874368,3.1288321018218994,False,57982058496,spread,"[4638, 5021]"
concurrency_4_rank,-1,3,5,"[4, 4, 3, 3]",4,False,False,4943909492660490,4943909497450073,28311552,4.684671878814697,False,57982058496,spread,"[6079, 318, 701]"
two_single_1,-1,3,5,"[0, 2, 0, 0]",1,False,False,4943909509499301,4943909509582885,0,0,False,57982058496,spread,[]
six_2,-1,3,5,"[2, 1, 2, 1]",1,False,False,4943909521667728,4943909523312695,9437184,1.5876480340957642,False,57982058496,spread,[3197]
two_single_0,-1,3,5,"[2, 0, 0, 0]",1,False,False,4943909534591250,4943909534662456,0,0,False,57982058496,spread,[]
concurrency_4_group,-1,3,5,"[3, 4, 3, 4]",4,False,False,4943909546578485,4943909552109935,37748736,5.43068790435791,False,57982058496,spread,"[5696, 6079, 318, 701]"
scale_6_group,-1,3,5,"[1, 2, 1, 2]",1,False,False,4943909562563695,4943909564972662,18874368,2.3584001064300537,False,57982058496,spread,"[2814, 3197]"
scale_2_rank,-1,3,5,"[1, 1, 0, 0]",1,False,False,4943909575468328,4943909575538843,0,0,False,57982058496,spread,[]
scale_14_rank,-1,3,5,"[4, 4, 3, 3]",1,False,False,4943909587938432,4943909592681166,28311552,4.683296203613281,False,57982058496,spread,"[6079, 318, 701]"
concurrency_2_rank,-1,3,5,"[4, 4, 3, 3]",2,False,False,4943909604801915,4943909609549692,28311552,4.664991855621338,False,57982058496,spread,"[6079, 318, 701]"
scale_2_group,-1,3,5,"[0, 1, 0, 1]",1,False,False,4943909621617526,4943909623011082,9437184,0.8216639757156372,False,57982058496,spread,[1373]
two_single_3,0,3,5,"[0, 0, 0, 2]",1,False,False,4943909633625250,4943909635266267,18874368,1.5874559879302979,False,57982058496,spread,"[1201, 1584]"
scale_4_rank,0,3,5,"[1, 1, 1, 1]",1,False,False,4943909645730835,4943909647344745,9437184,1.5619839429855347,False,57982058496,spread,[2496]
two_pair_1_2,0,3,5,"[0, 1, 1, 0]",1,False,False,4943909657851384,4943909658108986,0,0,False,57982058496,spread,[]
scale_6_rank,0,3,5,"[2, 2, 1, 1]",1,False,False,4943909669046653,4943909670685438,9437184,1.591264009475708,False,57982058496,spread,[3408]
scale_62_rank,0,3,5,"[16, 16, 15, 15]",1,False,False,4943909682546129,4943909705721236,141557760,23.11587142944336,False,57982058496,spread,"[5150, 5533, 5916, 155, 538, 921, 1304, 1687, 2070, 2453, 2836, 3219, 3602, 3985, 4368]"
concurrency_4_group,0,3,5,"[3, 4, 3, 4]",4,False,False,4943909718108973,4943909723702529,37748736,5.455520153045654,False,57982058496,spread,"[5907, 146, 529, 912]"
scale_62_group,0,3,5,"[15, 16, 15, 16]",1,False,False,4943909734149424,4943909758146760,150994944,23.93903923034668,False,57982058496,spread,"[4767, 5150, 5533, 5916, 155, 538, 921, 1304, 1687, 2070, 2453, 2836, 3219, 3602, 3985, 4368]"
scale_2_group,0,3,5,"[0, 1, 0, 1]",1,False,False,4943909768481503,4943909769372090,9437184,0.8296319842338562,False,57982058496,spread,[1584]
scale_10_group,0,3,5,"[2, 3, 2, 3]",1,False,False,4943909779681546,4943909783626675,28311552,3.8936638832092285,False,57982058496,spread,"[4466, 4849, 5232]"
six_3,0,3,5,"[1, 1, 2, 2]",1,False,False,4943909793938592,4943909797106716,18874368,3.116960048675537,False,57982058496,spread,"[3025, 3408]"
two_pair_0_3,0,3,5,"[1, 0, 0, 1]",1,False,False,4943909807579394,4943909808448707,9437184,0.8159679770469666,False,57982058496,spread,[1584]
two_pair_1_3,0,3,5,"[0, 1, 0, 1]",1,False,False,4943909818773504,4943909819638513,9437184,0.812063992023468,False,57982058496,spread,[1584]
two_pair_2_3,0,3,5,"[0, 0, 1, 1]",1,False,False,4943909829938933,4943909831567639,9437184,1.574112057685852,False,57982058496,spread,[1584]
scale_14_group,0,3,5,"[3, 4, 3, 4]",1,False,False,4943909841992161,4943909847477970,37748736,5.435135841369629,False,57982058496,spread,"[5907, 146, 529, 912]"
scale_10_rank,0,3,5,"[3, 3, 2, 2]",1,False,False,4943909857796453,4943909860675140,18874368,2.8196799755096436,False,57982058496,spread,"[4849, 5232]"
scale_50_group,0,3,5,"[12, 13, 12, 13]",1,False,False,4943909872875345,4943909892244902,122683392,19.30227279663086,False,57982058496,spread,"[444, 827, 1210, 1593, 1976, 2359, 2742, 3125, 3508, 3891, 4274, 4657, 5040]"
scale_2_rank,0,3,5,"[1, 1, 0, 0]",1,False,False,4943909902615377,4943909902692614,0,0,False,57982058496,spread,[]
two_single_1,0,3,5,"[0, 2, 0, 0]",1,False,False,4943909914565218,4943909914632385,0,0,False,57982058496,spread,[]
two_pair_0_2,0,3,5,"[1, 0, 1, 0]",1,False,False,4943909926534852,4943909926603194,0,0,False,57982058496,spread,[]
six_2,0,3,5,"[2, 1, 2, 1]",1,False,False,4943909937698661,4943909939338986,9437184,1.5901440382003784,False,57982058496,spread,[3408]
six_0,0,3,5,"[2, 2, 1, 1]",1,False,False,4943909950530928,4943909952170579,9437184,1.5886080265045166,False,57982058496,spread,[3408]
scale_14_rank,0,3,5,"[4, 4, 3, 3]",1,False,False,4943909964105131,4943909968843637,28311552,4.6190080642700195,False,57982058496,spread,"[146, 529, 912]"
concurrency_4_rank,0,3,5,"[4, 4, 3, 3]",4,False,False,4943909980772623,4943909985536942,28311552,4.6578240394592285,False,57982058496,spread,"[146, 529, 912]"
scale_8_rank,0,3,5,"[2, 2, 2, 2]",1,False,False,4943909997566492,4943910000750231,18874368,3.1236159801483154,False,57982058496,spread,"[3937, 4320]"
concurrency_2_rank,0,3,5,"[4, 4, 3, 3]",2,False,False,4943910011338460,4943910016072127,28311552,4.658880233764648,False,57982058496,spread,"[146, 529, 912]"
scale_50_rank,0,3,5,"[13, 13, 12, 12]",1,False,False,4943910028052003,4943910046666469,113246208,18.534751892089844,False,57982058496,spread,"[827, 1210, 1593, 1976, 2359, 2742, 3125, 3508, 3891, 4274, 4657, 5040]"
concurrency_2_group,0,3,5,"[3, 4, 3, 4]",2,False,False,4943910058493251,4943910064011938,37748736,5.439680099487305,False,57982058496,spread,"[5907, 146, 529, 912]"
two_pair_0_1,0,3,5,"[1, 1, 0, 0]",1,False,False,4943910074265947,4943910074336960,0,0,False,57982058496,spread,[]
two_single_0,0,3,5,"[2, 0, 0, 0]",1,False,False,4943910086289150,4943910086369216,0,0,False,57982058496,spread,[]
two_single_2,0,3,5,"[0, 0, 2, 0]",1,False,False,4943910098231758,4943910098312906,0,0,False,57982058496,spread,[]
scale_6_group,0,3,5,"[1, 2, 1, 2]",1,False,False,4943910110237759,4943910112640907,18874368,2.3458878993988037,False,57982058496,spread,"[3025, 3408]"
six_1,0,3,5,"[1, 2, 1, 2]",1,False,False,4943910122908886,4943910125312806,18874368,2.3545920848846436,False,57982058496,spread,"[3025, 3408]"
scale_8_group,0,3,5,"[2, 2, 2, 2]",1,False,False,4943910135560971,4943910138734463,18874368,3.1243839263916016,False,57982058496,spread,"[3937, 4320]"
scale_4_group,0,3,5,"[1, 1, 1, 1]",1,False,False,4943910149050319,4943910150699938,9437184,1.5913280248641968,False,57982058496,spread,[2496]
concurrency_4_group,1,3,5,"[3, 4, 3, 4]",4,False,False,4943910161057720,4943910166607268,37748736,5.436287879943848,False,57982058496,spread,"[6118, 357, 740, 1123]"
concurrency_2_group,1,3,5,"[3, 4, 3, 4]",2,False,False,4943910176893100,4943910182390371,37748736,5.428768157958984,False,57982058496,spread,"[6118, 357, 740, 1123]"
scale_14_group,1,3,5,"[3, 4, 3, 4]",1,False,False,4943910192758858,4943910198232445,37748736,5.428095817565918,False,57982058496,spread,"[6118, 357, 740, 1123]"
six_0,1,3,5,"[2, 2, 1, 1]",1,False,False,4943910208496165,4943910210124042,9437184,1.5759040117263794,False,57982058496,spread,[3619]
scale_2_group,1,3,5,"[0, 1, 0, 1]",1,False,False,4943910222008695,4943910222872970,9437184,0.8153280019760132,False,57982058496,spread,[1795]
scale_6_rank,1,3,5,"[2, 2, 1, 1]",1,False,False,4943910233103001,4943910234738395,9437184,1.5826560258865356,False,57982058496,spread,[3619]
six_2,1,3,5,"[2, 1, 2, 1]",1,False,False,4943910246559533,4943910248201881,9437184,1.5870720148086548,False,57982058496,spread,[3619]
scale_10_group,1,3,5,"[2, 3, 2, 3]",1,False,False,4943910259221134,4943910263165820,28311552,3.89683198928833,False,57982058496,spread,"[4677, 5060, 5443]"
scale_4_rank,1,3,5,"[1, 1, 1, 1]",1,False,False,4943910273420020,4943910275059853,9437184,1.389631986618042,False,57982058496,spread,[2707]
scale_6_group,1,3,5,"[1, 2, 1, 2]",1,False,False,4943910285486591,4943910287894988,18874368,2.3584001064300537,False,57982058496,spread,"[3236, 3619]"
concurrency_4_rank,1,3,5,"[4, 4, 3, 3]",4,False,False,4943910298354559,4943910303137839,28311552,4.683872222900391,False,57982058496,spread,"[357, 740, 1123]"
two_single_1,1,3,5,"[0, 2, 0, 0]",1,False,False,4943910314990039,4943910315073120,0,0,False,57982058496,spread,[]
concurrency_2_rank,1,3,5,"[4, 4, 3, 3]",2,False,False,4943910326926012,4943910331656519,28311552,4.662303924560547,False,57982058496,spread,"[357, 740, 1123]"
scale_62_group,1,3,5,"[15, 16, 15, 16]",1,False,False,4943910343547594,4943910367535885,150994944,23.92995262145996,False,57982058496,spread,"[4978, 5361, 5744, 6127, 366, 749, 1132, 1515, 1898, 2281, 2664, 3047, 3430, 3813, 4196, 4579]"
six_3,1,3,5,"[1, 1, 2, 2]",1,False,False,4943910377771662,4943910380951090,18874368,3.130336046218872,False,57982058496,spread,"[3236, 3619]"
two_pair_2_3,1,3,5,"[0, 0, 1, 1]",1,False,False,4943910391200691,4943910392831883,9437184,1.5827840566635132,False,57982058496,spread,[1795]
scale_2_rank,1,3,5,"[1, 1, 0, 0]",1,False,False,4943910403074702,4943910403139891,0,0,False,57982058496,spread,[]
two_pair_1_3,1,3,5,"[0, 1, 0, 1]",1,False,False,4943910414993550,4943910415864450,9437184,0.8168320059776306,False,57982058496,spread,[1795]
two_pair_0_1,1,3,5,"[1, 1, 0, 0]",1,False,False,4943910426111647,4943910426181194,0,0,False,57982058496,spread,[]
six_1,1,3,5,"[1, 2, 1, 2]",1,False,False,4943910438097168,4943910440514568,18874368,2.3601279258728027,False,57982058496,spread,"[3236, 3619]"
two_single_3,1,3,5,"[0, 0, 0, 2]",1,False,False,4943910450780606,4943910452418041,18874368,1.58896005153656,False,57982058496,spread,"[1412, 1795]"
two_pair_0_3,1,3,5,"[1, 0, 0, 1]",1,False,False,4943910462690245,4943910463550613,9437184,0.8145599961280823,False,57982058496,spread,[1795]
scale_8_rank,1,3,5,"[2, 2, 2, 2]",1,False,False,4943910473858951,4943910476732937,18874368,2.8210558891296387,False,57982058496,spread,"[4148, 4531]"
scale_10_rank,1,3,5,"[3, 3, 2, 2]",1,False,False,4943910487497885,4943910490675128,18874368,3.1249918937683105,False,57982058496,spread,"[5060, 5443]"
two_pair_1_2,1,3,5,"[0, 1, 1, 0]",1,False,False,4943910502507823,4943910502581239,0,0,False,57982058496,spread,[]
scale_14_rank,1,3,5,"[4, 4, 3, 3]",1,False,False,4943910513640382,4943910518354893,28311552,4.668799877166748,False,57982058496,spread,"[357, 740, 1123]"
scale_50_rank,1,3,5,"[13, 13, 12, 12]",1,False,False,4943910530297032,4943910548908038,113246208,18.552736282348633,False,57982058496,spread,"[1038, 1421, 1804, 2187, 2570, 2953, 3336, 3719, 4102, 4485, 4868, 5251]"
two_single_2,1,3,5,"[0, 0, 2, 0]",1,False,False,4943910560759689,4943910560842761,0,0,False,57982058496,spread,[]
scale_50_group,1,3,5,"[12, 13, 12, 13]",1,False,False,4943910572837203,4943910592185959,122683392,19.26348876953125,False,57982058496,spread,"[655, 1038, 1421, 1804, 2187, 2570, 2953, 3336, 3719, 4102, 4485, 4868, 5251]"
scale_4_group,1,3,5,"[1, 1, 1, 1]",1,False,False,4943910603011055,4943910604651400,9437184,1.5886399745941162,False,57982058496,spread,[2707]
scale_8_group,1,3,5,"[2, 2, 2, 2]",1,False,False,4943910614990241,4943910618162614,18874368,3.1245439052581787,False,57982058496,spread,"[4148, 4531]"
scale_62_rank,1,3,5,"[16, 16, 15, 15]",1,False,False,4943910628449506,4943910651733166,141557760,23.226816177368164,False,57982058496,spread,"[5361, 5744, 6127, 366, 749, 1132, 1515, 1898, 2281, 2664, 3047, 3430, 3813, 4196, 4579]"
two_pair_0_2,1,3,5,"[1, 0, 1, 0]",1,False,False,4943910663614246,4943910663705621,0,0,False,57982058496,spread,[]
two_single_0,1,3,5,"[2, 0, 0, 0]",1,False,False,4943910674817610,4943910674888682,0,0,False,57982058496,spread,[]
six_0,2,3,5,"[2, 2, 1, 1]",1,False,False,4943910686775209,4943910688417269,9437184,1.5935360193252563,False,57982058496,spread,[3830]
scale_14_group,2,3,5,"[3, 4, 3, 4]",1,False,False,4943910700318224,4943910705827588,37748736,5.450175762176514,False,57982058496,spread,"[185, 568, 951, 1334]"
six_3,2,3,5,"[1, 1, 2, 2]",1,False,False,4943910716050401,4943910719224695,18874368,3.1221120357513428,False,57982058496,spread,"[3447, 3830]"
scale_8_rank,2,3,5,"[2, 2, 2, 2]",1,False,False,4943910729548570,4943910732721040,18874368,3.124799966812134,False,57982058496,spread,"[4359, 4742]"
six_2,2,3,5,"[2, 1, 2, 1]",1,False,False,4943910742996805,4943910744631695,9437184,1.5850239992141724,False,57982058496,spread,[3830]
concurrency_4_rank,2,3,5,"[4, 4, 3, 3]",4,False,False,4943910755718223,4943910760471544,28311552,4.657408237457275,False,57982058496,spread,"[568, 951, 1334]"
scale_10_group,2,3,5,"[2, 3, 2, 3]",1,False,False,4943910772803887,4943910776783649,28311552,3.9072320461273193,False,57982058496,spread,"[4888, 5271, 5654]"
concurrency_4_group,2,3,5,"[3, 4, 3, 4]",4,False,False,4943910787026597,4943910792569482,37748736,5.4318718910217285,False,57982058496,spread,"[185, 568, 951, 1334]"
two_single_2,2,3,5,"[0, 0, 2, 0]",1,False,False,4943910802812623,4943910802883004,0,0,False,57982058496,spread,[]
scale_50_rank,2,3,5,"[13, 13, 12, 12]",1,False,False,4943910814676855,4943910833239300,113246208,18.51296043395996,False,57982058496,spread,"[1249, 1632, 2015, 2398, 2781, 3164, 3547, 3930, 4313, 4696, 5079, 5462]"
scale_8_group,2,3,5,"[2, 2, 2, 2]",1,False,False,4943910845136655,4943910848301846,18874368,3.1111679077148438,False,57982058496,spread,"[4359, 4742]"
scale_10_rank,2,3,5,"[3, 3, 2, 2]",1,False,False,4943910858588404,4943910861760033,18874368,3.12227201461792,False,57982058496,spread,"[5271, 5654]"
two_single_1,2,3,5,"[0, 2, 0, 0]",1,False,False,4943910873648793,4943910873980304,0,0,False,57982058496,spread,[]
scale_4_group,2,3,5,"[1, 1, 1, 1]",1,False,False,4943910886242427,4943910887877811,9437184,1.5776640176773071,False,57982058496,spread,[2918]
scale_50_group,2,3,5,"[12, 13, 12, 13]",1,False,False,4943910898232133,4943910917641363,122683392,19.35807991027832,False,57982058496,spread,"[866, 1249, 1632, 2015, 2398, 2781, 3164, 3547, 3930, 4313, 4696, 5079, 5462]"
two_pair_0_2,2,3,5,"[1, 0, 1, 0]",1,False,False,4943910927891223,4943910927961771,0,0,False,57982058496,spread,[]
scale_2_rank,2,3,5,"[1, 1, 0, 0]",1,False,False,4943910939044881,4943910939114173,0,0,False,57982058496,spread,[]
scale_6_rank,2,3,5,"[2, 2, 1, 1]",1,False,False,4943910951014040,4943910952653629,9437184,1.5905920267105103,False,57982058496,spread,[3830]
two_pair_2_3,2,3,5,"[0, 0, 1, 1]",1,False,False,4943910964608742,4943910966253920,9437184,1.5892159938812256,False,57982058496,spread,[2006]
six_1,2,3,5,"[1, 2, 1, 2]",1,False,False,4943910976551711,4943910978952631,18874368,2.352895975112915,False,57982058496,spread,"[3447, 3830]"
two_pair_0_1,2,3,5,"[1, 1, 0, 0]",1,False,False,4943910989201625,4943910989267716,0,0,False,57982058496,spread,[]
two_single_0,2,3,5,"[2, 0, 0, 0]",1,False,False,4943911001225833,4943911001310395,0,0,False,57982058496,spread,[]
scale_4_rank,2,3,5,"[1, 1, 1, 1]",1,False,False,4943911013246385,4943911014914370,9437184,1.5977920293807983,False,57982058496,spread,[2918]
concurrency_2_rank,2,3,5,"[4, 4, 3, 3]",2,False,False,4943911025229905,4943911029976241,28311552,4.659999847412109,False,57982058496,spread,"[568, 951, 1334]"
scale_14_rank,2,3,5,"[4, 4, 3, 3]",1,False,False,4943911041933766,4943911046681128,28311552,4.685919761657715,False,57982058496,spread,"[568, 951, 1334]"
concurrency_2_group,2,3,5,"[3, 4, 3, 4]",2,False,False,4943911058477490,4943911063977530,37748736,5.429887771606445,False,57982058496,spread,"[185, 568, 951, 1334]"
scale_62_rank,2,3,5,"[16, 16, 15, 15]",1,False,False,4943911074259130,4943911097436746,141557760,23.12758445739746,False,57982058496,spread,"[5572, 5955, 194, 577, 960, 1343, 1726, 2109, 2492, 2875, 3258, 3641, 4024, 4407, 4790]"
two_pair_1_2,2,3,5,"[0, 1, 1, 0]",1,False,False,4943911109222543,4943911109293579,0,0,False,57982058496,spread,[]
two_pair_0_3,2,3,5,"[1, 0, 0, 1]",1,False,False,4943911120430106,4943911121290068,9437184,0.8146560192108154,False,57982058496,spread,[2006]
scale_6_group,2,3,5,"[1, 2, 1, 2]",1,False,False,4943911131597164,4943911134000989,18874368,2.352191925048828,False,57982058496,spread,"[3447, 3830]"
two_single_3,2,3,5,"[0, 0, 0, 2]",1,False,False,4943911144230242,4943911145861902,18874368,1.5837119817733765,False,57982058496,spread,"[1623, 2006]"
scale_62_group,2,3,5,"[15, 16, 15, 16]",1,False,False,4943911156204201,4943911180121649,150994944,23.86284828186035,False,57982058496,spread,"[5189, 5572, 5955, 194, 577, 960, 1343, 1726, 2109, 2492, 2875, 3258, 3641, 4024, 4407, 4790]"
two_pair_1_3,2,3,5,"[0, 1, 0, 1]",1,False,False,4943911190923936,4943911191791378,9437184,0.8156800270080566,False,57982058496,spread,[2006]
scale_2_group,2,3,5,"[0, 1, 0, 1]",1,False,False,4943911202128836,4943911202988238,9437184,0.8133119940757751,False,57982058496,spread,[2006]
two_pair_1_2,3,3,5,"[0, 1, 1, 0]",1,False,False,4943911213254749,4943911213323211,0,0,False,57982058496,spread,[]
concurrency_4_rank,3,3,5,"[4, 4, 3, 3]",4,False,False,4943911224424136,4943911229175515,28311552,4.6544318199157715,False,57982058496,spread,"[779, 1162, 1545]"
six_2,3,3,5,"[2, 1, 2, 1]",1,False,False,4943911241104916,4943911242749674,9437184,1.5832639932632446,False,57982058496,spread,[4041]
scale_10_rank,3,3,5,"[3, 3, 2, 2]",1,False,False,4943911253806824,4943911256980974,18874368,3.11955189704895,False,57982058496,spread,"[5482, 5865]"
six_1,3,3,5,"[1, 2, 1, 2]",1,False,False,4943911268851371,4943911271258226,18874368,2.3495359420776367,False,57982058496,spread,"[3658, 4041]"
scale_8_group,3,3,5,"[2, 2, 2, 2]",1,False,False,4943911281500787,4943911284662036,18874368,3.1111679077148438,False,57982058496,spread,"[4570, 4953]"
scale_50_group,3,3,5,"[12, 13, 12, 13]",1,False,False,4943911294954616,4943911314277937,122683392,19.27449607849121,False,57982058496,spread,"[1077, 1460, 1843, 2226, 2609, 2992, 3375, 3758, 4141, 4524, 4907, 5290, 5673]"
scale_14_group,3,3,5,"[3, 4, 3, 4]",1,False,False,4943911324514494,4943911329837100,37748736,5.2691521644592285,False,57982058496,spread,"[396, 779, 1162, 1545]"
scale_2_rank,3,3,5,"[1, 1, 0, 0]",1,False,False,4943911340314291,4943911340392527,0,0,False,57982058496,spread,[]
scale_8_rank,3,3,5,"[2, 2, 2, 2]",1,False,False,4943911352300023,4943911355474616,18874368,3.123199939727783,False,57982058496,spread,"[4570, 4953]"
scale_6_rank,3,3,5,"[2, 2, 1, 1]",1,False,False,4943911365802421,4943911367441409,9437184,1.5864319801330566,False,57982058496,spread,[4041]
two_pair_0_2,3,3,5,"[1, 0, 1, 0]",1,False,False,4943911379516944,4943911379601267,0,0,False,57982058496,spread,[]
scale_4_group,3,3,5,"[1, 1, 1, 1]",1,False,False,4943911391138439,4943911392770328,9437184,1.5817919969558716,False,57982058496,spread,[3129]
two_pair_0_3,3,3,5,"[1, 0, 0, 1]",1,False,False,4943911403056365,4943911403913306,9437184,0.8098239898681641,False,57982058496,spread,[2217]
two_single_3,3,3,5,"[0, 0, 0, 2]",1,False,False,4943911414208427,4943911415837264,18874368,1.579200029373169,False,57982058496,spread,"[1834, 2217]"
concurrency_4_group,3,3,5,"[3, 4, 3, 4]",4,False,False,4943911426176065,4943911431705049,37748736,5.419936180114746,False,57982058496,spread,"[396, 779, 1162, 1545]"
scale_2_group,3,3,5,"[0, 1, 0, 1]",1,False,False,4943911441938280,4943911442795558,9437184,0.8101119995117188,False,57982058496,spread,[2217]
two_pair_1_3,3,3,5,"[0, 1, 0, 1]",1,False,False,4943911453018896,4943911453880357,9437184,0.8112959861755371,False,57982058496,spread,[2217]
two_single_1,3,3,5,"[0, 2, 0, 0]",1,False,False,4943911464087164,4943911464156693,0,0,False,57982058496,spread,[]
two_pair_0_1,3,3,5,"[1, 1, 0, 0]",1,False,False,4943911476663306,4943911477058578,0,0,False,57982058496,spread,[]
scale_50_rank,3,3,5,"[13, 13, 12, 12]",1,False,False,4943911488612727,4943911507186247,113246208,18.51532745361328,False,57982058496,spread,"[1460, 1843, 2226, 2609, 2992, 3375, 3758, 4141, 4524, 4907, 5290, 5673]"
scale_10_group,3,3,5,"[2, 3, 2, 3]",1,False,False,4943911518984269,4943911522948185,28311552,3.901632070541382,False,57982058496,spread,"[5099, 5482, 5865]"
scale_4_rank,3,3,5,"[1, 1, 1, 1]",1,False,False,4943911533184491,4943911534831490,9437184,1.5921599864959717,False,57982058496,spread,[3129]
six_0,3,3,5,"[2, 2, 1, 1]",1,False,False,4943911545130410,4943911546783598,9437184,1.5987199544906616,False,57982058496,spread,[4041]
scale_14_rank,3,3,5,"[4, 4, 3, 3]",1,False,False,4943911558562707,4943911563297508,28311552,4.683263778686523,False,57982058496,spread,"[779, 1162, 1545]"
scale_62_rank,3,3,5,"[16, 16, 15, 15]",1,False,False,4943911575171789,4943911598437923,141557760,23.213119506835938,False,57982058496,spread,"[5783, 22, 405, 788, 1171, 1554, 1937, 2320, 2703, 3086, 3469, 3852, 4235, 4618, 5001]"
concurrency_2_rank,3,3,5,"[4, 4, 3, 3]",2,False,False,4943911610260916,4943911615011441,28311552,4.662623882293701,False,57982058496,spread,"[779, 1162, 1545]"
two_pair_2_3,3,3,5,"[0, 0, 1, 1]",1,False,False,4943911626870894,4943911628507640,9437184,1.584831953048706,False,57982058496,spread,[2217]
two_single_0,3,3,5,"[2, 0, 0, 0]",1,False,False,4943911638774993,4943911638846278,0,0,False,57982058496,spread,[]
scale_62_group,3,3,5,"[15, 16, 15, 16]",1,False,False,4943911650655252,4943911674664421,150994944,23.959775924682617,False,57982058496,spread,"[5400, 5783, 22, 405, 788, 1171, 1554, 1937, 2320, 2703, 3086, 3469, 3852, 4235, 4618, 5001]"
scale_6_group,3,3,5,"[1, 2, 1, 2]",1,False,False,4943911684899498,4943911687317673,18874368,2.3646080493927,False,57982058496,spread,"[3658, 4041]"
six_3,3,3,5,"[1, 1, 2, 2]",1,False,False,4943911697541878,4943911700711249,18874368,3.119488000869751,False,57982058496,spread,"[3658, 4041]"
concurrency_2_group,3,3,5,"[3, 4, 3, 4]",2,False,False,4943911710972221,4943911716471436,37748736,5.429984092712402,False,57982058496,spread,"[396, 779, 1162, 1545]"
two_single_2,3,3,5,"[0, 0, 2, 0]",1,False,False,4943911726732942,4943911726801895,0,0,False,57982058496,spread,[]
two_single_1,4,3,5,"[0, 2, 0, 0]",1,False,False,4943911738621419,4943911738687848,0,0,False,57982058496,spread,[]
two_pair_0_2,4,3,5,"[1, 0, 1, 0]",1,False,False,4943911750573541,4943911750641888,0,0,False,57982058496,spread,[]
scale_8_group,4,3,5,"[2, 2, 2, 2]",1,False,False,4943911761737232,4943911764909510,18874368,3.128000020980835,False,57982058496,spread,"[4781, 5164]"
scale_6_group,4,3,5,"[1, 2, 1, 2]",1,False,False,4943911775374032,4943911777779017,18874368,2.3550078868865967,False,57982058496,spread,"[3869, 4252]"
two_single_2,4,3,5,"[0, 0, 2, 0]",1,False,False,4943911788064612,4943911788165944,0,0,False,57982058496,spread,[]
scale_62_rank,4,3,5,"[16, 16, 15, 15]",1,False,False,4943911800096460,4943911823307751,141557760,23.152063369750977,False,57982058496,spread,"[5994, 233, 616, 999, 1382, 1765, 2148, 2531, 2914, 3297, 3680, 4063, 4446, 4829, 5212]"
scale_14_rank,4,3,5,"[4, 4, 3, 3]",1,False,False,4943911835211769,4943911839922896,28311552,4.655648231506348,False,57982058496,spread,"[990, 1373, 1756]"
six_3,4,3,5,"[1, 1, 2, 2]",1,False,False,4943911851878589,4943911855060757,18874368,3.1263680458068848,False,57982058496,spread,"[3869, 4252]"
two_pair_1_3,4,3,5,"[0, 1, 0, 1]",1,False,False,4943911865409588,4943911866274294,9437184,0.8148159980773926,False,57982058496,spread,[2428]
six_0,4,3,5,"[2, 2, 1, 1]",1,False,False,4943911876585716,4943911878216795,9437184,1.580288052558899,False,57982058496,spread,[4252]
two_pair_0_3,4,3,5,"[1, 0, 0, 1]",1,False,False,4943911890120874,4943911890994013,9437184,0.8167039752006531,False,57982058496,spread,[2428]
concurrency_2_group,4,3,5,"[3, 4, 3, 4]",2,False,False,4943911901316864,4943911906837996,37748736,5.451871871948242,False,57982058496,spread,"[607, 990, 1373, 1756]"
scale_50_group,4,3,5,"[12, 13, 12, 13]",1,False,False,4943911917121472,4943911936478782,122683392,19.306720733642578,False,57982058496,spread,"[1288, 1671, 2054, 2437, 2820, 3203, 3586, 3969, 4352, 4735, 5118, 5501, 5884]"
scale_10_group,4,3,5,"[2, 3, 2, 3]",1,False,False,4943911946753580,4943911950710529,28311552,3.901855945587158,False,57982058496,spread,"[5310, 5693, 6076]"
scale_2_group,4,3,5,"[0, 1, 0, 1]",1,False,False,4943911961047951,4943911961912809,9437184,0.8142079710960388,False,57982058496,spread,[2428]
two_pair_0_1,4,3,5,"[1, 1, 0, 0]",1,False,False,4943911972218543,4943911972287648,0,0,False,57982058496,spread,[]
two_pair_1_2,4,3,5,"[0, 1, 1, 0]",1,False,False,4943911984156739,4943911984240146,0,0,False,57982058496,spread,[]
scale_14_group,4,3,5,"[3, 4, 3, 4]",1,False,False,4943911995295850,4943912000780331,37748736,5.436543941497803,False,57982058496,spread,"[607, 990, 1373, 1756]"
scale_6_rank,4,3,5,"[2, 2, 1, 1]",1,False,False,4943912011085060,4943912012721555,9437184,1.5836800336837769,False,57982058496,spread,[4252]
six_1,4,3,5,"[1, 2, 1, 2]",1,False,False,4943912024588126,4943912027016106,18874368,2.352479934692383,False,57982058496,spread,"[3869, 4252]"
concurrency_4_rank,4,3,5,"[4, 4, 3, 3]",4,False,False,4943912037297599,4943912042097616,28311552,4.689407825469971,False,57982058496,spread,"[990, 1373, 1756]"
scale_2_rank,4,3,5,"[1, 1, 0, 0]",1,False,False,4943912054038258,4943912054121377,0,0,False,57982058496,spread,[]
scale_62_group,4,3,5,"[15, 16, 15, 16]",1,False,False,4943912066241119,4943912090274338,150994944,23.94451141357422,False,57982058496,spread,"[5611, 5994, 233, 616, 999, 1382, 1765, 2148, 2531, 2914, 3297, 3680, 4063, 4446, 4829, 5212]"
two_pair_2_3,4,3,5,"[0, 0, 1, 1]",1,False,False,4943912101044972,4943912102684839,9437184,1.5605759620666504,False,57982058496,spread,[2428]
six_2,4,3,5,"[2, 1, 2, 1]",1,False,False,4943912113107647,4943912114748382,9437184,1.5872960090637207,False,57982058496,spread,[4252]
scale_4_group,4,3,5,"[1, 1, 1, 1]",1,False,False,4943912125810282,4943912127444201,9437184,1.5848640203475952,False,57982058496,spread,[3340]
two_single_3,4,3,5,"[0, 0, 0, 2]",1,False,False,4943912137802290,4943912139435162,18874368,1.584704041481018,False,57982058496,spread,"[2045, 2428]"
concurrency_4_group,4,3,5,"[3, 4, 3, 4]",4,False,False,4943912149866211,4943912155406279,37748736,5.425983905792236,False,57982058496,spread,"[607, 990, 1373, 1756]"
scale_50_rank,4,3,5,"[13, 13, 12, 12]",1,False,False,4943912165798705,4943912184368037,113246208,18.510879516601562,False,57982058496,spread,"[1671, 2054, 2437, 2820, 3203, 3586, 3969, 4352, 4735, 5118, 5501, 5884]"
two_single_0,4,3,5,"[2, 0, 0, 0]",1,False,False,4943912196255586,4943912196338344,0,0,False,57982058496,spread,[]
scale_8_rank,4,3,5,"[2, 2, 2, 2]",1,False,False,4943912208226921,4943912211419835,18874368,3.131903886795044,False,57982058496,spread,"[4781, 5164]"
scale_10_rank,4,3,5,"[3, 3, 2, 2]",1,False,False,4943912221780437,4943912224949772,18874368,3.1198079586029053,False,57982058496,spread,"[5693, 6076]"
scale_4_rank,4,3,5,"[1, 1, 1, 1]",1,False,False,4943912236857751,4943912238494779,9437184,1.5770879983901978,False,57982058496,spread,[3340]
concurrency_2_rank,4,3,5,"[4, 4, 3, 3]",2,False,False,4943912248873424,4943912253600658,28311552,4.659008026123047,False,57982058496,spread,"[990, 1373, 1756]"
two_pair_1_2,5,3,5,"[0, 1, 1, 0]",1,False,False,4943912265474227,4943912265556906,0,0,False,57982058496,spread,[]
concurrency_2_group,5,3,5,"[3, 4, 3, 4]",2,False,False,4943912276635913,4943912282142541,37748736,5.438975811004639,False,57982058496,spread,"[818, 1201, 1584, 1967]"
scale_6_group,5,3,5,"[1, 2, 1, 2]",1,False,False,4943912292445886,4943912294848568,18874368,2.3532159328460693,False,57982058496,spread,"[4080, 4463]"
two_pair_1_3,5,3,5,"[0, 1, 0, 1]",1,False,False,4943912305178465,4943912306044594,9437184,0.8154240250587463,False,57982058496,spread,[2639]
concurrency_2_rank,5,3,5,"[4, 4, 3, 3]",2,False,False,4943912316331647,4943912321020319,28311552,4.614880084991455,False,57982058496,spread,"[1201, 1584, 1967]"
scale_10_rank,5,3,5,"[3, 3, 2, 2]",1,False,False,4943912332934411,4943912336093392,18874368,3.1053121089935303,False,57982058496,spread,"[5904, 143]"
two_pair_0_3,5,3,5,"[1, 0, 0, 1]",1,False,False,4943912348015147,4943912348876642,9437184,0.814624011516571,False,57982058496,spread,[2639]
concurrency_4_rank,5,3,5,"[4, 4, 3, 3]",4,False,False,4943912359178655,4943912363934883,28311552,4.660768032073975,False,57982058496,spread,"[1201, 1584, 1967]"
scale_6_rank,5,3,5,"[2, 2, 1, 1]",1,False,False,4943912375832580,4943912377489350,9437184,1.5871679782867432,False,57982058496,spread,[4463]
six_1,5,3,5,"[1, 2, 1, 2]",1,False,False,4943912389399480,4943912391830484,18874368,2.3468799591064453,False,57982058496,spread,"[4080, 4463]"
scale_62_group,5,3,5,"[15, 16, 15, 16]",1,False,False,4943912402158835,4943912426120340,150994944,23.90822410583496,False,57982058496,spread,"[5822, 61, 444, 827, 1210, 1593, 1976, 2359, 2742, 3125, 3508, 3891, 4274, 4657, 5040, 5423]"
two_pair_0_1,5,3,5,"[1, 1, 0, 0]",1,False,False,4943912436509124,4943912436583187,0,0,False,57982058496,spread,[]
scale_2_rank,5,3,5,"[1, 1, 0, 0]",1,False,False,4943912448486118,4943912448552081,0,0,False,57982058496,spread,[]
six_2,5,3,5,"[2, 1, 2, 1]",1,False,False,4943912460509915,4943912462167698,9437184,1.5941760540008545,False,57982058496,spread,[4463]
two_pair_0_2,5,3,5,"[1, 0, 1, 0]",1,False,False,4943912473297773,4943912473371645,0,0,False,57982058496,spread,[]
two_single_2,5,3,5,"[0, 0, 2, 0]",1,False,False,4943912484491179,4943912484562818,0,0,False,57982058496,spread,[]
scale_10_group,5,3,5,"[2, 3, 2, 3]",1,False,False,4943912496616581,4943912500544376,28311552,3.869407892227173,False,57982058496,spread,"[5521, 5904, 143]"
concurrency_4_group,5,3,5,"[3, 4, 3, 4]",4,False,False,4943912510872789,4943912516405191,37748736,5.423391819000244,False,57982058496,spread,"[818, 1201, 1584, 1967]"
scale_8_rank,5,3,5,"[2, 2, 2, 2]",1,False,False,4943912526724737,4943912529882636,18874368,3.109312057495117,False,57982058496,spread,"[4992, 5375]"
scale_50_rank,5,3,5,"[13, 13, 12, 12]",1,False,False,4943912540234290,4943912558800064,113246208,18.515039443969727,False,57982058496,spread,"[1882, 2265, 2648, 3031, 3414, 3797, 4180, 4563, 4946, 5329, 5712, 6095]"
two_single_0,5,3,5,"[2, 0, 0, 0]",1,False,False,4943912571090960,4943912571171207,0,0,False,57982058496,spread,[]
scale_8_group,5,3,5,"[2, 2, 2, 2]",1,False,False,4943912583090083,4943912586264927,18874368,3.1279680728912354,False,57982058496,spread,"[4992, 5375]"
scale_14_rank,5,3,5,"[4, 4, 3, 3]",1,False,False,4943912596659498,4943912601362597,28311552,4.652671813964844,False,57982058496,spread,"[1201, 1584, 1967]"
scale_4_rank,5,3,5,"[1, 1, 1, 1]",1,False,False,4943912613238863,4943912614595624,9437184,1.2951680421829224,False,57982058496,spread,[3551]
six_0,5,3,5,"[2, 2, 1, 1]",1,False,False,4943912625447757,4943912627072343,9437184,1.5759999752044678,False,57982058496,spread,[4463]
two_single_3,5,3,5,"[0, 0, 0, 2]",1,False,False,4943912638879968,4943912640517950,18874368,1.5872000455856323,False,57982058496,spread,"[2256, 2639]"
scale_4_group,5,3,5,"[1, 1, 1, 1]",1,False,False,4943912650880119,4943912652487255,9437184,1.5554560422897339,False,57982058496,spread,[3551]
two_single_1,5,3,5,"[0, 2, 0, 0]",1,False,False,4943912663092818,4943912663160741,0,0,False,57982058496,spread,[]
scale_62_rank,5,3,5,"[16, 16, 15, 15]",1,False,False,4943912675086461,4943912698285678,141557760,23.114784240722656,False,57982058496,spread,"[61, 444, 827, 1210, 1593, 1976, 2359, 2742, 3125, 3508, 3891, 4274, 4657, 5040, 5423]"
two_pair_2_3,5,3,5,"[0, 0, 1, 1]",1,False,False,4943912710206897,4943912711864696,9437184,1.5722240209579468,False,57982058496,spread,[2639]
scale_14_group,5,3,5,"[3, 4, 3, 4]",1,False,False,4943912722225804,4943912727704536,37748736,5.429247856140137,False,57982058496,spread,"[818, 1201, 1584, 1967]"
scale_2_group,5,3,5,"[0, 1, 0, 1]",1,False,False,4943912738072082,4943912738939109,9437184,0.8177919983863831,False,57982058496,spread,[2639]
six_3,5,3,5,"[1, 1, 2, 2]",1,False,False,4943912749263676,4943912752430726,18874368,3.1175038814544678,False,57982058496,spread,"[4080, 4463]"
scale_50_group,5,3,5,"[12, 13, 12, 13]",1,False,False,4943912762844216,4943912782168732,122683392,19.276735305786133,False,57982058496,spread,"[1499, 1882, 2265, 2648, 3031, 3414, 3797, 4180, 4563, 4946, 5329, 5712, 6095]"
scale_10_group,6,3,5,"[2, 3, 2, 3]",1,False,False,4943912792605818,4943912796546532,28311552,3.893120050430298,False,57982058496,spread,"[5732, 6115, 354]"
scale_6_rank,6,3,5,"[2, 2, 1, 1]",1,False,False,4943912806855371,4943912808483422,9437184,1.5783679485321045,False,57982058496,spread,[4674]
scale_14_rank,6,3,5,"[4, 4, 3, 3]",1,False,False,4943912820490039,4943912825210530,28311552,4.662367820739746,False,57982058496,spread,"[1412, 1795, 2178]"
scale_8_group,6,3,5,"[2, 2, 2, 2]",1,False,False,4943912837183132,4943912840368163,18874368,3.123807907104492,False,57982058496,spread,"[5203, 5586]"
concurrency_4_rank,6,3,5,"[4, 4, 3, 3]",4,False,False,4943912850694588,4943912855478245,28311552,4.686367988586426,False,57982058496,spread,"[1412, 1795, 2178]"
scale_4_group,6,3,5,"[1, 1, 1, 1]",1,False,False,4943912867805597,4943912869478420,9437184,1.6007360219955444,False,57982058496,spread,[3762]
scale_8_rank,6,3,5,"[2, 2, 2, 2]",1,False,False,4943912879829132,4943912882999440,18874368,3.116863965988159,False,57982058496,spread,"[5203, 5586]"
two_pair_0_2,6,3,5,"[1, 0, 1, 0]",1,False,False,4943912893351528,4943912893424995,0,0,False,57982058496,spread,[]
six_2,6,3,5,"[2, 1, 2, 1]",1,False,False,4943912904483792,4943912906125354,9437184,1.5887680053710938,False,57982058496,spread,[4674]
scale_14_group,6,3,5,"[3, 4, 3, 4]",1,False,False,4943912917230849,4943912922733918,37748736,5.441472053527832,False,57982058496,spread,"[1029, 1412, 1795, 2178]"
concurrency_4_group,6,3,5,"[3, 4, 3, 4]",4,False,False,4943912933141658,4943912938693266,37748736,5.4396162033081055,False,57982058496,spread,"[1029, 1412, 1795, 2178]"
two_single_2,6,3,5,"[0, 0, 2, 0]",1,False,False,4943912949553773,4943912949627321,0,0,False,57982058496,spread,[]
scale_2_group,6,3,5,"[0, 1, 0, 1]",1,False,False,4943912961845258,4943912962729025,9437184,0.823360025882721,False,57982058496,spread,[2850]
scale_2_rank,6,3,5,"[1, 1, 0, 0]",1,False,False,4943912973108117,4943912973187123,0,0,False,57982058496,spread,[]
scale_4_rank,6,3,5,"[1, 1, 1, 1]",1,False,False,4943912985153511,4943912986863025,9437184,1.619104027748108,False,57982058496,spread,[3762]
concurrency_2_rank,6,3,5,"[4, 4, 3, 3]",2,False,False,4943912997219884,4943913001990269,28311552,4.6432318687438965,False,57982058496,spread,"[1412, 1795, 2178]"
two_pair_2_3,6,3,5,"[0, 0, 1, 1]",1,False,False,4943913013938716,4943913015627964,9437184,1.6083840131759644,False,57982058496,spread,[2850]
six_1,6,3,5,"[1, 2, 1, 2]",1,False,False,4943913026163804,4943913028589578,18874368,2.3608319759368896,False,57982058496,spread,"[4291, 4674]"
scale_10_rank,6,3,5,"[3, 3, 2, 2]",1,False,False,4943913038906593,4943913042092795,18874368,3.124255895614624,False,57982058496,spread,"[6115, 354]"
two_pair_1_3,6,3,5,"[0, 1, 0, 1]",1,False,False,4943913053999058,4943913054879186,9437184,0.8218240141868591,False,57982058496,spread,[2850]
concurrency_2_group,6,3,5,"[3, 4, 3, 4]",2,False,False,4943913065339223,4943913070840074,37748736,5.414400100708008,False,57982058496,spread,"[1029, 1412, 1795, 2178]"
scale_50_rank,6,3,5,"[13, 13, 12, 12]",1,False,False,4943913081194531,4943913099796596,113246208,18.549280166625977,False,57982058496,spread,"[2093, 2476, 2859, 3242, 3625, 4008, 4391, 4774, 5157, 5540, 5923, 162]"
two_single_3,6,3,5,"[0, 0, 0, 2]",1,False,False,4943913111648480,4943913113310615,18874368,1.5985599756240845,False,57982058496,spread,"[2467, 2850]"
two_single_0,6,3,5,"[2, 0, 0, 0]",1,False,False,4943913123884464,4943913123954559,0,0,False,57982058496,spread,[]
scale_6_group,6,3,5,"[1, 2, 1, 2]",1,False,False,4943913135923563,4943913138346974,18874368,2.365823984146118,False,57982058496,spread,"[4291, 4674]"
scale_62_group,6,3,5,"[15, 16, 15, 16]",1,False,False,4943913148679064,4943913172643761,150994944,23.891551971435547,False,57982058496,spread,"[6033, 272, 655, 1038, 1421, 1804, 2187, 2570, 2953, 3336, 3719, 4102, 4485, 4868, 5251, 5634]"
two_single_1,6,3,5,"[0, 2, 0, 0]",1,False,False,4943913182989740,4943913183069765,0,0,False,57982058496,spread,[]
six_0,6,3,5,"[2, 2, 1, 1]",1,False,False,4943913194903927,4943913196539452,9437184,1.5842560529708862,False,57982058496,spread,[4674]
six_3,6,3,5,"[1, 1, 2, 2]",1,False,False,4943913208396562,4943913211587266,18874368,3.1335361003875732,False,57982058496,spread,"[4291, 4674]"
two_pair_0_3,6,3,5,"[1, 0, 0, 1]",1,False,False,4943913222118866,4943913222968892,9437184,0.8099520206451416,False,57982058496,spread,[2850]
two_pair_1_2,6,3,5,"[0, 1, 1, 0]",1,False,False,4943913233325530,4943913233387192,0,0,False,57982058496,spread,[]
two_pair_0_1,6,3,5,"[1, 1, 0, 0]",1,False,False,4943913244692919,4943913244777397,0,0,False,57982058496,spread,[]
scale_50_group,6,3,5,"[12, 13, 12, 13]",1,False,False,4943913256917856,4943913276325760,122683392,19.336448669433594,False,57982058496,spread,"[1710, 2093, 2476, 2859, 3242, 3625, 4008, 4391, 4774, 5157, 5540, 5923, 162]"
scale_62_rank,6,3,5,"[16, 16, 15, 15]",1,False,False,4943913286654461,4943913309956219,141557760,23.204639434814453,False,57982058496,spread,"[272, 655, 1038, 1421, 1804, 2187, 2570, 2953, 3336, 3719, 4102, 4485, 4868, 5251, 5634]"
scale_62_group,7,3,5,"[15, 16, 15, 16]",1,False,False,4943913321806490,4943913345829984,150994944,23.91289520263672,False,57982058496,spread,"[100, 483, 866, 1249, 1632, 2015, 2398, 2781, 3164, 3547, 3930, 4313, 4696, 5079, 5462, 5845]"
two_pair_2_3,7,3,5,"[0, 0, 1, 1]",1,False,False,4943913356298444,4943913357944510,9437184,1.583456039428711,False,57982058496,spread,[3061]
two_pair_1_2,7,3,5,"[0, 1, 1, 0]",1,False,False,4943913368409535,4943913368471281,0,0,False,57982058496,spread,[]
scale_8_group,7,3,5,"[2, 2, 2, 2]",1,False,False,4943913379558644,4943913382726346,18874368,3.127135992050171,False,57982058496,spread,"[5414, 5797]"
two_single_3,7,3,5,"[0, 0, 0, 2]",1,False,False,4943913393076085,4943913394724660,18874368,1.5947200059890747,False,57982058496,spread,"[2678, 3061]"
scale_6_group,7,3,5,"[1, 2, 1, 2]",1,False,False,4943913405254851,4943913407654801,18874368,2.3545279502868652,False,57982058496,spread,"[4502, 4885]"
six_3,7,3,5,"[1, 1, 2, 2]",1,False,False,4943913418045825,4943913421236386,18874368,3.118783950805664,False,57982058496,spread,"[4502, 4885]"
scale_50_rank,7,3,5,"[13, 13, 12, 12]",1,False,False,4943913431762640,4943913450344883,113246208,18.53264045715332,False,57982058496,spread,"[2304, 2687, 3070, 3453, 3836, 4219, 4602, 4985, 5368, 5751, 6134, 373]"
scale_14_group,7,3,5,"[3, 4, 3, 4]",1,False,False,4943913462251311,4943913467771303,37748736,5.456704139709473,False,57982058496,spread,"[1240, 1623, 2006, 2389]"
scale_4_rank,7,3,5,"[1, 1, 1, 1]",1,False,False,4943913478142070,4943913479766791,9437184,1.5833920240402222,False,57982058496,spread,[3973]
two_single_0,7,3,5,"[2, 0, 0, 0]",1,False,False,4943913490247289,4943913490314094,0,0,False,57982058496,spread,[]
scale_62_rank,7,3,5,"[16, 16, 15, 15]",1,False,False,4943913502282445,4943913525564406,141557760,23.191871643066406,False,57982058496,spread,"[483, 866, 1249, 1632, 2015, 2398, 2781, 3164, 3547, 3930, 4313, 4696, 5079, 5462, 5845]"
scale_2_rank,7,3,5,"[1, 1, 0, 0]",1,False,False,4943913537339221,4943913537441714,0,0,False,57982058496,spread,[]
six_0,7,3,5,"[2, 2, 1, 1]",1,False,False,4943913549562564,4943913551217037,9437184,1.573632001876831,False,57982058496,spread,[4885]
scale_2_group,7,3,5,"[0, 1, 0, 1]",1,False,False,4943913563002391,4943913563900722,9437184,0.8273280262947083,False,57982058496,spread,[3061]
concurrency_2_rank,7,3,5,"[4, 4, 3, 3]",2,False,False,4943913574356501,4943913579081480,28311552,4.653535842895508,False,57982058496,spread,"[1623, 2006, 2389]"
scale_4_group,7,3,5,"[1, 1, 1, 1]",1,False,False,4943913590952005,4943913592649456,9437184,1.609279990196228,False,57982058496,spread,[3973]
scale_10_rank,7,3,5,"[3, 3, 2, 2]",1,False,False,4943913602996841,4943913606215445,18874368,3.138047933578491,False,57982058496,spread,"[182, 565]"
scale_6_rank,7,3,5,"[2, 2, 1, 1]",1,False,False,4943913618097305,4943913619769866,9437184,1.598207950592041,False,57982058496,spread,[4885]
six_1,7,3,5,"[1, 2, 1, 2]",1,False,False,4943913631612033,4943913634046816,18874368,2.3695359230041504,False,57982058496,spread,"[4502, 4885]"
two_single_2,7,3,5,"[0, 0, 2, 0]",1,False,False,4943913644333599,4943913644398389,0,0,False,57982058496,spread,[]
two_pair_0_1,7,3,5,"[1, 1, 0, 0]",1,False,False,4943913656418196,4943913656508576,0,0,False,57982058496,spread,[]
scale_8_rank,7,3,5,"[2, 2, 2, 2]",1,False,False,4943913668424383,4943913671625812,18874368,3.135551929473877,False,57982058496,spread,"[5414, 5797]"
two_pair_0_2,7,3,5,"[1, 0, 1, 0]",1,False,False,4943913681950865,4943913682060175,0,0,False,57982058496,spread,[]
two_pair_1_3,7,3,5,"[0, 1, 0, 1]",1,False,False,4943913693174830,4943913694069897,9437184,0.8320959806442261,False,57982058496,spread,[3061]
two_single_1,7,3,5,"[0, 2, 0, 0]",1,False,False,4943913704381550,4943913704460467,0,0,False,57982058496,spread,[]
concurrency_2_group,7,3,5,"[3, 4, 3, 4]",2,False,False,4943913716451165,4943913722011284,37748736,5.46124792098999,False,57982058496,spread,"[1240, 1623, 2006, 2389]"
concurrency_4_rank,7,3,5,"[4, 4, 3, 3]",4,False,False,4943913732317253,4943913737125741,28311552,4.699295997619629,False,57982058496,spread,"[1623, 2006, 2389]"
scale_50_group,7,3,5,"[12, 13, 12, 13]",1,False,False,4943913749107852,4943913768522908,122683392,19.334335327148438,False,57982058496,spread,"[1921, 2304, 2687, 3070, 3453, 3836, 4219, 4602, 4985, 5368, 5751, 6134, 373]"
scale_10_group,7,3,5,"[2, 3, 2, 3]",1,False,False,4943913778906291,4943913782864852,28311552,3.898591995239258,False,57982058496,spread,"[5943, 182, 565]"
scale_14_rank,7,3,5,"[4, 4, 3, 3]",1,False,False,4943913793206020,4943913797915130,28311552,4.652768135070801,False,57982058496,spread,"[1623, 2006, 2389]"
concurrency_4_group,7,3,5,"[3, 4, 3, 4]",4,False,False,4943913809840027,4943913815395758,37748736,5.438975811004639,False,57982058496,spread,"[1240, 1623, 2006, 2389]"
six_2,7,3,5,"[2, 1, 2, 1]",1,False,False,4943913825753417,4943913827390463,9437184,1.5848640203475952,False,57982058496,spread,[4885]
two_pair_0_3,7,3,5,"[1, 0, 0, 1]",1,False,False,4943913839782276,4943913840655384,9437184,0.81632000207901,False,57982058496,spread,[3061]
concurrency_4_rank,8,3,5,"[4, 4, 3, 3]",4,False,False,4943913851046916,4943913855794089,28311552,4.64035177230835,False,57982058496,spread,"[1834, 2217, 2600]"
two_pair_1_3,8,3,5,"[0, 1, 0, 1]",1,False,False,4943913867677823,4943913868560959,9437184,0.821183979511261,False,57982058496,spread,[3272]
two_single_0,8,3,5,"[2, 0, 0, 0]",1,False,False,4943913878856494,4943913878929866,0,0,False,57982058496,spread,[]
scale_2_group,8,3,5,"[0, 1, 0, 1]",1,False,False,4943913890729776,4943913891607186,9437184,0.8223360180854797,False,57982058496,spread,[3272]
two_pair_0_2,8,3,5,"[1, 0, 1, 0]",1,False,False,4943913901925922,4943913901995042,0,0,False,57982058496,spread,[]
scale_14_rank,8,3,5,"[4, 4, 3, 3]",1,False,False,4943913913138213,4943913917847433,28311552,4.459231853485107,False,57982058496,spread,"[1834, 2217, 2600]"
two_pair_0_3,8,3,5,"[1, 0, 0, 1]",1,False,False,4943913929720698,4943913930598169,9437184,0.8200640082359314,False,57982058496,spread,[3272]
scale_62_group,8,3,5,"[15, 16, 15, 16]",1,False,False,4943913940928373,4943913964897005,150994944,23.908767700195312,False,57982058496,spread,"[311, 694, 1077, 1460, 1843, 2226, 2609, 2992, 3375, 3758, 4141, 4524, 4907, 5290, 5673, 6056]"
two_pair_0_1,8,3,5,"[1, 1, 0, 0]",1,False,False,4943913975226667,4943913975300104,0,0,False,57982058496,spread,[]
scale_62_rank,8,3,5,"[16, 16, 15, 15]",1,False,False,4943913987164392,4943914010355421,141557760,23.135168075561523,False,57982058496,spread,"[694, 1077, 1460, 1843, 2226, 2609, 2992, 3375, 3758, 4141, 4524, 4907, 5290, 5673, 6056]"
scale_6_rank,8,3,5,"[2, 2, 1, 1]",1,False,False,4943914022242635,4943914023888436,9437184,1.576032042503357,False,57982058496,spread,[5096]
two_pair_2_3,8,3,5,"[0, 0, 1, 1]",1,False,False,4943914035799053,4943914037481092,9437184,1.6042879819869995,False,57982058496,spread,[3272]
six_0,8,3,5,"[2, 2, 1, 1]",1,False,False,4943914048011456,4943914049640964,9437184,1.5762879848480225,False,57982058496,spread,[5096]
scale_4_rank,8,3,5,"[1, 1, 1, 1]",1,False,False,4943914061828856,4943914063488234,9437184,1.5965440273284912,False,57982058496,spread,[4184]
scale_14_group,8,3,5,"[3, 4, 3, 4]",1,False,False,4943914073886697,4943914079393947,37748736,5.446752071380615,False,57982058496,spread,"[1451, 1834, 2217, 2600]"
scale_2_rank,8,3,5,"[1, 1, 0, 0]",1,False,False,4943914089749055,4943914089829660,0,0,False,57982058496,spread,[]
six_3,8,3,5,"[1, 1, 2, 2]",1,False,False,4943914101764460,4943914104972229,18874368,3.1399359703063965,False,57982058496,spread,"[4713, 5096]"
six_2,8,3,5,"[2, 1, 2, 1]",1,False,False,4943914115442292,4943914117108738,9437184,1.5952320098876953,False,57982058496,spread,[5096]
scale_8_rank,8,3,5,"[2, 2, 2, 2]",1,False,False,4943914128228347,4943914131398858,18874368,3.114464044570923,False,57982058496,spread,"[5625, 6008]"
scale_4_group,8,3,5,"[1, 1, 1, 1]",1,False,False,4943914141971122,4943914143351203,9437184,1.314687967300415,False,57982058496,spread,[4184]
concurrency_2_rank,8,3,5,"[4, 4, 3, 3]",2,False,False,4943914154153370,4943914158889853,28311552,4.657951831817627,False,57982058496,spread,"[1834, 2217, 2600]"
scale_8_group,8,3,5,"[2, 2, 2, 2]",1,False,False,4943914170766784,4943914173929822,18874368,3.1077120304107666,False,57982058496,spread,"[5625, 6008]"
scale_50_group,8,3,5,"[12, 13, 12, 13]",1,False,False,4943914184340224,4943914203686159,122683392,19.290239334106445,False,57982058496,spread,"[2132, 2515, 2898, 3281, 3664, 4047, 4430, 4813, 5196, 5579, 5962, 201, 584]"
scale_50_rank,8,3,5,"[13, 13, 12, 12]",1,False,False,4943914214121998,4943914232684235,113246208,18.48419189453125,False,57982058496,spread,"[2515, 2898, 3281, 3664, 4047, 4430, 4813, 5196, 5579, 5962, 201, 584]"
two_pair_1_2,8,3,5,"[0, 1, 1, 0]",1,False,False,4943914244674202,4943914244758800,0,0,False,57982058496,spread,[]
concurrency_4_group,8,3,5,"[3, 4, 3, 4]",4,False,False,4943914255882042,4943914261428239,37748736,5.434304237365723,False,57982058496,spread,"[1451, 1834, 2217, 2600]"
concurrency_2_group,8,3,5,"[3, 4, 3, 4]",2,False,False,4943914271758130,4943914277244324,37748736,5.417664051055908,False,57982058496,spread,"[1451, 1834, 2217, 2600]"
scale_6_group,8,3,5,"[1, 2, 1, 2]",1,False,False,4943914287594937,4943914289991173,18874368,2.3360960483551025,False,57982058496,spread,"[4713, 5096]"
two_single_1,8,3,5,"[0, 2, 0, 0]",1,False,False,4943914300373970,4943914300444410,0,0,False,57982058496,spread,[]
scale_10_group,8,3,5,"[2, 3, 2, 3]",1,False,False,4943914312461283,4943914316435182,28311552,3.9046080112457275,False,57982058496,spread,"[10, 393, 776]"
six_1,8,3,5,"[1, 2, 1, 2]",1,False,False,4943914326773660,4943914329184188,18874368,2.346816062927246,False,57982058496,spread,"[4713, 5096]"
two_single_3,8,3,5,"[0, 0, 0, 2]",1,False,False,4943914339521422,4943914341159024,18874368,1.5871039628982544,False,57982058496,spread,"[2889, 3272]"
two_single_2,8,3,5,"[0, 0, 2, 0]",1,False,False,4943914351642709,4943914351708155,0,0,False,57982058496,spread,[]
scale_10_rank,8,3,5,"[3, 3, 2, 2]",1,False,False,4943914363901602,4943914367064183,18874368,3.105664014816284,False,57982058496,spread,"[393, 776]"
two_pair_0_3,9,3,5,"[1, 0, 0, 1]",1,False,False,4943914379155117,4943914380039141,9437184,0.8214719891548157,False,57982058496,spread,[3483]
scale_8_group,9,3,5,"[2, 2, 2, 2]",1,False,False,4943914390400322,4943914393585585,18874368,3.1328001022338867,False,57982058496,spread,"[5836, 75]"
scale_50_rank,9,3,5,"[13, 13, 12, 12]",1,False,False,4943914404014635,4943914422574283,113246208,18.50966453552246,False,57982058496,spread,"[2726, 3109, 3492, 3875, 4258, 4641, 5024, 5407, 5790, 29, 412, 795]"
two_single_0,9,3,5,"[2, 0, 0, 0]",1,False,False,4943914435887824,4943914435972943,0,0,False,57982058496,spread,[]
scale_2_group,9,3,5,"[0, 1, 0, 1]",1,False,False,4943914448033457,4943914448921307,9437184,0.8295040130615234,False,57982058496,spread,[3483]
two_pair_0_1,9,3,5,"[1, 1, 0, 0]",1,False,False,4943914459236566,4943914459320918,0,0,False,57982058496,spread,[]
scale_8_rank,9,3,5,"[2, 2, 2, 2]",1,False,False,4943914471165617,4943914474288204,18874368,3.068959951400757,False,57982058496,spread,"[5836, 75]"
scale_6_group,9,3,5,"[1, 2, 1, 2]",1,False,False,4943914484766613,4943914487171907,18874368,2.3546879291534424,False,57982058496,spread,"[4924, 5307]"
scale_2_rank,9,3,5,"[1, 1, 0, 0]",1,False,False,4943914497499134,4943914497574560,0,0,False,57982058496,spread,[]
scale_10_rank,9,3,5,"[3, 3, 2, 2]",1,False,False,4943914509463713,4943914512654197,18874368,3.1339519023895264,False,57982058496,spread,"[604, 987]"
scale_6_rank,9,3,5,"[2, 2, 1, 1]",1,False,False,4943914524553445,4943914526215864,9437184,1.4022719860076904,False,57982058496,spread,[5307]
scale_4_group,9,3,5,"[1, 1, 1, 1]",1,False,False,4943914538075140,4943914539720203,9437184,1.5845119953155518,False,57982058496,spread,[4395]
scale_4_rank,9,3,5,"[1, 1, 1, 1]",1,False,False,4943914550163230,4943914551789544,9437184,1.563647985458374,False,57982058496,spread,[4395]
two_single_2,9,3,5,"[0, 0, 2, 0]",1,False,False,4943914562196563,4943914562272212,0,0,False,57982058496,spread,[]
two_single_3,9,3,5,"[0, 0, 0, 2]",1,False,False,4943914574286283,4943914575939592,18874368,1.5909440517425537,False,57982058496,spread,"[3100, 3483]"
scale_62_rank,9,3,5,"[16, 16, 15, 15]",1,False,False,4943914586372699,4943914609542658,141557760,23.11747169494629,False,57982058496,spread,"[905, 1288, 1671, 2054, 2437, 2820, 3203, 3586, 3969, 4352, 4735, 5118, 5501, 5884, 123]"
concurrency_4_rank,9,3,5,"[4, 4, 3, 3]",4,False,False,4943914621509688,4943914626330198,28311552,4.696479797363281,False,57982058496,spread,"[2045, 2428, 2811]"
six_0,9,3,5,"[2, 2, 1, 1]",1,False,False,4943914638188085,4943914639863077,9437184,1.595744013786316,False,57982058496,spread,[5307]
concurrency_2_group,9,3,5,"[3, 4, 3, 4]",2,False,False,4943914651830913,4943914657356964,37748736,5.440192222595215,False,57982058496,spread,"[1662, 2045, 2428, 2811]"
concurrency_4_group,9,3,5,"[3, 4, 3, 4]",4,False,False,4943914667726358,4943914673265936,37748736,5.430751800537109,False,57982058496,spread,"[1662, 2045, 2428, 2811]"
six_3,9,3,5,"[1, 1, 2, 2]",1,False,False,4943914683646294,4943914686849863,18874368,3.141184091567993,False,57982058496,spread,"[4924, 5307]"
scale_62_group,9,3,5,"[15, 16, 15, 16]",1,False,False,4943914697428100,4943914721411082,150994944,23.921791076660156,False,57982058496,spread,"[522, 905, 1288, 1671, 2054, 2437, 2820, 3203, 3586, 3969, 4352, 4735, 5118, 5501, 5884, 123]"
two_pair_1_2,9,3,5,"[0, 1, 1, 0]",1,False,False,4943914732119910,4943914732215562,0,0,False,57982058496,spread,[]
two_single_1,9,3,5,"[0, 2, 0, 0]",1,False,False,4943914743396699,4943914743463052,0,0,False,57982058496,spread,[]
concurrency_2_rank,9,3,5,"[4, 4, 3, 3]",2,False,False,4943914755445198,4943914760241465,28311552,4.6900482177734375,False,57982058496,spread,"[2045, 2428, 2811]"
two_pair_2_3,9,3,5,"[0, 0, 1, 1]",1,False,False,4943914772079266,4943914773677931,9437184,1.5319360494613647,False,57982058496,spread,[3483]
scale_10_group,9,3,5,"[2, 3, 2, 3]",1,False,False,4943914784268074,4943914788211224,28311552,3.89136004447937,False,57982058496,spread,"[221, 604, 987]"
scale_50_group,9,3,5,"[12, 13, 12, 13]",1,False,False,4943914798533540,4943914817868342,122683392,19.277631759643555,False,57982058496,spread,"[2343, 2726, 3109, 3492, 3875, 4258, 4641, 5024, 5407, 5790, 29, 412, 795]"
two_pair_1_3,9,3,5,"[0, 1, 0, 1]",1,False,False,4943914828245280,4943914829150803,9437184,0.8299199938774109,False,57982058496,spread,[3483]
six_2,9,3,5,"[2, 1, 2, 1]",1,False,False,4943914839568368,4943914841163642,9437184,1.5483520030975342,False,57982058496,spread,[5307]
scale_14_group,9,3,5,"[3, 4, 3, 4]",1,False,False,4943914852323050,4943914857798998,37748736,5.432544231414795,False,57982058496,spread,"[1662, 2045, 2428, 2811]"
six_1,9,3,5,"[1, 2, 1, 2]",1,False,False,4943914868163432,4943914870553941,18874368,2.351167917251587,False,57982058496,spread,"[4924, 5307]"
scale_14_rank,9,3,5,"[4, 4, 3, 3]",1,False,False,4943914880874352,4943914885568749,28311552,4.655456066131592,False,57982058496,spread,"[2045, 2428, 2811]"
two_pair_0_2,9,3,5,"[1, 0, 1, 0]",1,False,False,4943914897478802,4943914897582836,0,0,False,57982058496,spread,[]
concurrency_4_group,10,3,5,"[3, 4, 3, 4]",4,False,False,4943914908787121,4943914914339238,37748736,5.427743911743164,False,57982058496,spread,"[1873, 2256, 2639, 3022]"
two_pair_1_2,10,3,5,"[0, 1, 1, 0]",1,False,False,4943914924680868,4943914924746779,0,0,False,57982058496,spread,[]
scale_4_group,10,3,5,"[1, 1, 1, 1]",1,False,False,4943914935878000,4943914937496423,9437184,1.5767040252685547,False,57982058496,spread,[4606]
two_single_1,10,3,5,"[0, 2, 0, 0]",1,False,False,4943914947895982,4943914947952616,0,0,False,57982058496,spread,[]
concurrency_4_rank,10,3,5,"[4, 4, 3, 3]",4,False,False,4943914960019104,4943914964811024,28311552,4.586400032043457,False,57982058496,spread,"[2256, 2639, 3022]"
scale_62_group,10,3,5,"[15, 16, 15, 16]",1,False,False,4943914977094861,4943915001115704,150994944,23.9451847076416,False,57982058496,spread,"[733, 1116, 1499, 1882, 2265, 2648, 3031, 3414, 3797, 4180, 4563, 4946, 5329, 5712, 6095, 334]"
six_0,10,3,5,"[2, 2, 1, 1]",1,False,False,4943915011656458,4943915013308630,9437184,1.5887360572814941,False,57982058496,spread,[5518]
six_3,10,3,5,"[1, 1, 2, 2]",1,False,False,4943915025233570,4943915028467416,18874368,3.1451199054718018,False,57982058496,spread,"[5135, 5518]"
two_single_3,10,3,5,"[0, 0, 0, 2]",1,False,False,4943915038873528,4943915040526993,18874368,1.5951679944992065,False,57982058496,spread,"[3311, 3694]"
two_single_0,10,3,5,"[2, 0, 0, 0]",1,False,False,4943915050846235,4943915050915150,0,0,False,57982058496,spread,[]
scale_50_group,10,3,5,"[12, 13, 12, 13]",1,False,False,4943915062768149,4943915082107252,122683392,19.29327964782715,False,57982058496,spread,"[2554, 2937, 3320, 3703, 4086, 4469, 4852, 5235, 5618, 6001, 240, 623, 1006]"
scale_6_group,10,3,5,"[1, 2, 1, 2]",1,False,False,4943915092596641,4943915095032828,18874368,2.3811519145965576,False,57982058496,spread,"[5135, 5518]"
scale_8_rank,10,3,5,"[2, 2, 2, 2]",1,False,False,4943915105380621,4943915108555882,18874368,3.127455949783325,False,57982058496,spread,"[6047, 286]"
scale_8_group,10,3,5,"[2, 2, 2, 2]",1,False,False,4943915118988873,4943915122191229,18874368,3.107072114944458,False,57982058496,spread,"[6047, 286]"
six_2,10,3,5,"[2, 1, 2, 1]",1,False,False,4943915132947665,4943915134663033,9437184,1.6255040168762207,False,57982058496,spread,[5518]
scale_2_rank,10,3,5,"[1, 1, 0, 0]",1,False,False,4943915145707933,4943915145782388,0,0,False,57982058496,spread,[]
two_pair_2_3,10,3,5,"[0, 0, 1, 1]",1,False,False,4943915157716959,4943915159392790,9437184,1.6004159450531006,False,57982058496,spread,[3694]
scale_4_rank,10,3,5,"[1, 1, 1, 1]",1,False,False,4943915169767316,4943915171395545,9437184,1.5745279788970947,False,57982058496,spread,[4606]
scale_10_rank,10,3,5,"[3, 3, 2, 2]",1,False,False,4943915181762678,4943915184929187,18874368,3.117408037185669,False,57982058496,spread,"[815, 1198]"
six_1,10,3,5,"[1, 2, 1, 2]",1,False,False,4943915196935516,4943915199361467,18874368,2.3638720512390137,False,57982058496,spread,"[5135, 5518]"
two_pair_0_1,10,3,5,"[1, 1, 0, 0]",1,False,False,4943915209741511,4943915209812463,0,0,False,57982058496,spread,[]
scale_14_group,10,3,5,"[3, 4, 3, 4]",1,False,False,4943915221807986,4943915227294563,37748736,5.4303998947143555,False,57982058496,spread,"[1873, 2256, 2639, 3022]"
scale_62_rank,10,3,5,"[16, 16, 15, 15]",1,False,False,4943915237667925,4943915260846633,141557760,23.119903564453125,False,57982058496,spread,"[1116, 1499, 1882, 2265, 2648, 3031, 3414, 3797, 4180, 4563, 4946, 5329, 5712, 6095, 334]"
concurrency_2_group,10,3,5,"[3, 4, 3, 4]",2,False,False,4943915273192939,4943915278726632,37748736,5.438176155090332,False,57982058496,spread,"[1873, 2256, 2639, 3022]"
two_single_2,10,3,5,"[0, 0, 2, 0]",1,False,False,4943915289064471,4943915289135472,0,0,False,57982058496,spread,[]
two_pair_0_3,10,3,5,"[1, 0, 0, 1]",1,False,False,4943915301367606,4943915302256046,9437184,0.8221120238304138,False,57982058496,spread,[3694]
scale_6_rank,10,3,5,"[2, 2, 1, 1]",1,False,False,4943915312600119,4943915314221708,9437184,1.5773439407348633,False,57982058496,spread,[5518]
two_pair_1_3,10,3,5,"[0, 1, 0, 1]",1,False,False,4943915326202556,4943915327080672,9437184,0.8178560137748718,False,57982058496,spread,[3694]
scale_10_group,10,3,5,"[2, 3, 2, 3]",1,False,False,4943915338066138,4943915341998584,28311552,3.8863680362701416,False,57982058496,spread,"[432, 815, 1198]"
scale_50_rank,10,3,5,"[13, 13, 12, 12]",1,False,False,4943915352338730,4943915370890975,113246208,18.483936309814453,False,57982058496,spread,"[2937, 3320, 3703, 4086, 4469, 4852, 5235, 5618, 6001, 240, 623, 1006]"
two_pair_0_2,10,3,5,"[1, 0, 1, 0]",1,False,False,4943915382753801,4943915382829385,0,0,False,57982058496,spread,[]
scale_2_group,10,3,5,"[0, 1, 0, 1]",1,False,False,4943915394066649,4943915394939063,9437184,0.8243839740753174,False,57982058496,spread,[3694]
concurrency_2_rank,10,3,5,"[4, 4, 3, 3]",2,False,False,4943915405282161,4943915410011482,28311552,4.664159774780273,False,57982058496,spread,"[2256, 2639, 3022]"
scale_14_rank,10,3,5,"[4, 4, 3, 3]",1,False,False,4943915421867920,4943915426602168,28311552,4.66867208480835,False,57982058496,spread,"[2256, 2639, 3022]"
scale_2_rank,11,3,5,"[1, 1, 0, 0]",1,False,False,4943915438469027,4943915438593061,0,0,False,57982058496,spread,[]
scale_2_group,11,3,5,"[0, 1, 0, 1]",1,False,False,4943915450434865,4943915451347203,9437184,0.8386880159378052,False,57982058496,spread,[3905]
scale_6_rank,11,3,5,"[2, 2, 1, 1]",1,False,False,4943915461775506,4943915463422051,9437184,1.5914239883422852,False,57982058496,spread,[5729]
two_single_0,11,3,5,"[2, 0, 0, 0]",1,False,False,4943915475212873,4943915475292717,0,0,False,57982058496,spread,[]
scale_4_group,11,3,5,"[1, 1, 1, 1]",1,False,False,4943915487055064,4943915488690066,9437184,1.5786880254745483,False,57982058496,spread,[4817]
scale_10_group,11,3,5,"[2, 3, 2, 3]",1,False,False,4943915498991983,4943915502925420,28311552,3.87939190864563,False,57982058496,spread,"[643, 1026, 1409]"
scale_6_group,11,3,5,"[1, 2, 1, 2]",1,False,False,4943915513247123,4943915515640109,18874368,2.343679904937744,False,57982058496,spread,"[5346, 5729]"
two_pair_0_2,11,3,5,"[1, 0, 1, 0]",1,False,False,4943915525984215,4943915526071950,0,0,False,57982058496,spread,[]
two_single_1,11,3,5,"[0, 2, 0, 0]",1,False,False,4943915537184298,4943915537254836,0,0,False,57982058496,spread,[]
scale_62_group,11,3,5,"[15, 16, 15, 16]",1,False,False,4943915549167312,4943915573111864,150994944,23.888160705566406,False,57982058496,spread,"[944, 1327, 1710, 2093, 2476, 2859, 3242, 3625, 4008, 4391, 4774, 5157, 5540, 5923, 162, 545]"
scale_10_rank,11,3,5,"[3, 3, 2, 2]",1,False,False,4943915583494564,4943915586674713,18874368,3.1244800090789795,False,57982058496,spread,"[1026, 1409]"
two_pair_0_3,11,3,5,"[1, 0, 0, 1]",1,False,False,4943915598518821,4943915599389758,9437184,0.8164799809455872,False,57982058496,spread,[3905]
two_pair_0_1,11,3,5,"[1, 1, 0, 0]",1,False,False,4943915609753661,4943915609841410,0,0,False,57982058496,spread,[]
six_1,11,3,5,"[1, 2, 1, 2]",1,False,False,4943915621894451,4943915624321256,18874368,2.3765439987182617,False,57982058496,spread,"[5346, 5729]"
two_pair_1_3,11,3,5,"[0, 1, 0, 1]",1,False,False,4943915634674390,4943915635555053,9437184,0.8276479840278625,False,57982058496,spread,[3905]
concurrency_2_rank,11,3,5,"[4, 4, 3, 3]",2,False,False,4943915645966977,4943915650709617,28311552,4.667871952056885,False,57982058496,spread,"[2467, 2850, 3233]"
scale_62_rank,11,3,5,"[16, 16, 15, 15]",1,False,False,4943915662613297,4943915685794814,141557760,23.124448776245117,False,57982058496,spread,"[1327, 1710, 2093, 2476, 2859, 3242, 3625, 4008, 4391, 4774, 5157, 5540, 5923, 162, 545]"
scale_14_rank,11,3,5,"[4, 4, 3, 3]",1,False,False,4943915697679603,4943915702346345,28311552,4.601056098937988,False,57982058496,spread,"[2467, 2850, 3233]"
concurrency_2_group,11,3,5,"[3, 4, 3, 4]",2,False,False,4943915714295987,4943915719829967,37748736,5.447648048400879,False,57982058496,spread,"[2084, 2467, 2850, 3233]"
concurrency_4_rank,11,3,5,"[4, 4, 3, 3]",4,False,False,4943915730226798,4943915735020951,28311552,4.688831806182861,False,57982058496,spread,"[2467, 2850, 3233]"
scale_50_group,11,3,5,"[12, 13, 12, 13]",1,False,False,4943915746815133,4943915766151982,122683392,19.248735427856445,False,57982058496,spread,"[2765, 3148, 3531, 3914, 4297, 4680, 5063, 5446, 5829, 68, 451, 834, 1217]"
scale_14_group,11,3,5,"[3, 4, 3, 4]",1,False,False,4943915776534833,4943915782036541,37748736,5.443871974945068,False,57982058496,spread,"[2084, 2467, 2850, 3233]"
two_pair_1_2,11,3,5,"[0, 1, 1, 0]",1,False,False,4943915792392317,4943915792490966,0,0,False,57982058496,spread,[]
six_3,11,3,5,"[1, 1, 2, 2]",1,False,False,4943915803600504,4943915806780744,18874368,3.113408088684082,False,57982058496,spread,"[5346, 5729]"
six_2,11,3,5,"[2, 1, 2, 1]",1,False,False,4943915817245254,4943915818897902,9437184,1.5943360328674316,False,57982058496,spread,[5729]
scale_8_rank,11,3,5,"[2, 2, 2, 2]",1,False,False,4943915830087964,4943915833261004,18874368,3.1255359649658203,False,57982058496,spread,"[114, 497]"
scale_50_rank,11,3,5,"[13, 13, 12, 12]",1,False,False,4943915843626354,4943915862197459,113246208,18.51862335205078,False,57982058496,spread,"[3148, 3531, 3914, 4297, 4680, 5063, 5446, 5829, 68, 451, 834, 1217]"
two_single_3,11,3,5,"[0, 0, 0, 2]",1,False,False,4943915874513059,4943915876161369,18874368,1.6002880334854126,False,57982058496,spread,"[3522, 3905]"
scale_8_group,11,3,5,"[2, 2, 2, 2]",1,False,False,4943915886529161,4943915889656683,18874368,3.0840001106262207,False,57982058496,spread,"[114, 497]"
six_0,11,3,5,"[2, 2, 1, 1]",1,False,False,4943915900083437,4943915901688940,9437184,1.5622719526290894,False,57982058496,spread,[5729]
concurrency_4_group,11,3,5,"[3, 4, 3, 4]",4,False,False,4943915913678002,4943915919233481,37748736,5.426303863525391,False,57982058496,spread,"[2084, 2467, 2850, 3233]"
two_single_2,11,3,5,"[0, 0, 2, 0]",1,False,False,4943915929786609,4943915929847782,0,0,False,57982058496,spread,[]
two_pair_2_3,11,3,5,"[0, 0, 1, 1]",1,False,False,4943915941901507,4943915943524470,9437184,1.5651520490646362,False,57982058496,spread,[3905]
scale_4_rank,11,3,5,"[1, 1, 1, 1]",1,False,False,4943915953959185,4943915955579582,9437184,1.5802240371704102,False,57982058496,spread,[4817]
scale_50_rank,12,3,5,"[13, 13, 12, 12]",1,False,False,4943915966013970,4943915984574254,113246208,18.513216018676758,False,57982058496,spread,"[3359, 3742, 4125, 4508, 4891, 5274, 5657, 6040, 279, 662, 1045, 1428]"
scale_62_rank,12,3,5,"[16, 16, 15, 15]",1,False,False,4943915996539101,4943916019716795,141557760,23.110048294067383,False,57982058496,spread,"[1538, 1921, 2304, 2687, 3070, 3453, 3836, 4219, 4602, 4985, 5368, 5751, 6134, 373, 756]"
scale_6_group,12,3,5,"[1, 2, 1, 2]",1,False,False,4943916031742046,4943916034221876,18874368,2.3820478916168213,False,57982058496,spread,"[5557, 5940]"
scale_14_rank,12,3,5,"[4, 4, 3, 3]",1,False,False,4943916044591761,4943916049320832,28311552,4.677440166473389,False,57982058496,spread,"[2678, 3061, 3444]"
concurrency_4_rank,12,3,5,"[4, 4, 3, 3]",4,False,False,4943916061311803,4943916066113550,28311552,4.684031963348389,False,57982058496,spread,"[2678, 3061, 3444]"
scale_2_group,12,3,5,"[0, 1, 0, 1]",1,False,False,4943916078074031,4943916078961090,9437184,0.8225280046463013,False,57982058496,spread,[4116]
scale_6_rank,12,3,5,"[2, 2, 1, 1]",1,False,False,4943916089253350,4943916090865805,9437184,1.5690879821777344,False,57982058496,spread,[5940]
scale_14_group,12,3,5,"[3, 4, 3, 4]",1,False,False,4943916102707071,4943916108183506,37748736,5.430848121643066,False,57982058496,spread,"[2295, 2678, 3061, 3444]"
two_pair_0_1,12,3,5,"[1, 1, 0, 0]",1,False,False,4943916118531764,4943916118587842,0,0,False,57982058496,spread,[]
concurrency_4_group,12,3,5,"[3, 4, 3, 4]",4,False,False,4943916130440306,4943916136013691,37748736,5.450496196746826,False,57982058496,spread,"[2295, 2678, 3061, 3444]"
scale_8_group,12,3,5,"[2, 2, 2, 2]",1,False,False,4943916146323061,4943916149496007,18874368,3.1302080154418945,False,57982058496,spread,"[325, 708]"
two_single_0,12,3,5,"[2, 0, 0, 0]",1,False,False,4943916160298201,4943916160361877,0,0,False,57982058496,spread,[]
scale_10_rank,12,3,5,"[3, 3, 2, 2]",1,False,False,4943916172399008,4943916175607362,18874368,3.1363840103149414,False,57982058496,spread,"[1237, 1620]"
scale_62_group,12,3,5,"[15, 16, 15, 16]",1,False,False,4943916187420362,4943916211427720,150994944,23.93996810913086,False,57982058496,spread,"[1155, 1538, 1921, 2304, 2687, 3070, 3453, 3836, 4219, 4602, 4985, 5368, 5751, 6134, 373, 756]"
scale_8_rank,12,3,5,"[2, 2, 2, 2]",1,False,False,4943916222233132,4943916225414131,18874368,3.1320641040802,False,57982058496,spread,"[325, 708]"
scale_10_group,12,3,5,"[2, 3, 2, 3]",1,False,False,4943916235851601,4943916239796519,28311552,3.896512031555176,False,57982058496,spread,"[854, 1237, 1620]"
six_0,12,3,5,"[2, 2, 1, 1]",1,False,False,4943916250278032,4943916251924854,9437184,1.591264009475708,False,57982058496,spread,[5940]
scale_4_rank,12,3,5,"[1, 1, 1, 1]",1,False,False,4943916263866264,4943916265526767,9437184,1.5952320098876953,False,57982058496,spread,[5028]
scale_4_group,12,3,5,"[1, 1, 1, 1]",1,False,False,4943916275950359,4943916277573207,9437184,1.5807679891586304,False,57982058496,spread,[5028]
concurrency_2_rank,12,3,5,"[4, 4, 3, 3]",2,False,False,4943916288006642,4943916291642458,28311552,3.5745279788970947,False,57982058496,spread,"[2678, 3061, 3444]"
concurrency_2_group,12,3,5,"[3, 4, 3, 4]",2,False,False,4943916304620077,4943916310156000,37748736,5.4435200691223145,False,57982058496,spread,"[2295, 2678, 3061, 3444]"
six_3,12,3,5,"[1, 1, 2, 2]",1,False,False,4943916320510487,4943916323675198,18874368,3.1160318851470947,False,57982058496,spread,"[5557, 5940]"
six_1,12,3,5,"[1, 2, 1, 2]",1,False,False,4943916334134739,4943916336534272,18874368,2.3533120155334473,False,57982058496,spread,"[5557, 5940]"
two_pair_1_3,12,3,5,"[0, 1, 0, 1]",1,False,False,4943916346837613,4943916347990108,9437184,0.898144006729126,False,57982058496,spread,[4116]
two_pair_0_3,12,3,5,"[1, 0, 0, 1]",1,False,False,4943916358494013,4943916359347434,9437184,0.810591995716095,False,57982058496,spread,[4116]
two_pair_0_2,12,3,5,"[1, 0, 1, 0]",1,False,False,4943916369715228,4943916369772225,0,0,False,57982058496,spread,[]
two_pair_1_2,12,3,5,"[0, 1, 1, 0]",1,False,False,4943916380915829,4943916380974948,0,0,False,57982058496,spread,[]
two_single_2,12,3,5,"[0, 0, 2, 0]",1,False,False,4943916392128937,4943916392190722,0,0,False,57982058496,spread,[]
scale_2_rank,12,3,5,"[1, 1, 0, 0]",1,False,False,4943916404099253,4943916404199977,0,0,False,57982058496,spread,[]
scale_50_group,12,3,5,"[12, 13, 12, 13]",1,False,False,4943916416071673,4943916435434420,122683392,19.303136825561523,False,57982058496,spread,"[2976, 3359, 3742, 4125, 4508, 4891, 5274, 5657, 6040, 279, 662, 1045, 1428]"
two_single_1,12,3,5,"[0, 2, 0, 0]",1,False,False,4943916445792791,4943916445859724,0,0,False,57982058496,spread,[]
two_single_3,12,3,5,"[0, 0, 0, 2]",1,False,False,4943916457868056,4943916459543142,18874368,1.6138880252838135,False,57982058496,spread,"[3733, 4116]"
two_pair_2_3,12,3,5,"[0, 0, 1, 1]",1,False,False,4943916469983184,4943916471573099,9437184,1.5437439680099487,False,57982058496,spread,[4116]
six_2,12,3,5,"[2, 1, 2, 1]",1,False,False,4943916482086393,4943916483724624,9437184,1.5925120115280151,False,57982058496,spread,[5940]
two_single_1,13,3,5,"[0, 2, 0, 0]",1,False,False,4943916494859173,4943916494919817,0,0,False,57982058496,spread,[]
scale_6_rank,13,3,5,"[2, 2, 1, 1]",1,False,False,4943916507786999,4943916509457412,9437184,1.599552035331726,False,57982058496,spread,[7]
scale_4_group,13,3,5,"[1, 1, 1, 1]",1,False,False,4943916521366805,4943916523014211,9437184,1.5898560285568237,False,57982058496,spread,[5239]
scale_8_group,13,3,5,"[2, 2, 2, 2]",1,False,False,4943916533366761,4943916536534561,18874368,3.1254398822784424,False,57982058496,spread,"[536, 919]"
scale_14_rank,13,3,5,"[4, 4, 3, 3]",1,False,False,4943916546874554,4943916551588246,28311552,4.652927875518799,False,57982058496,spread,"[2889, 3272, 3655]"
scale_10_rank,13,3,5,"[3, 3, 2, 2]",1,False,False,4943916563519005,4943916566738903,18874368,3.14083194732666,False,57982058496,spread,"[1448, 1831]"
scale_62_rank,13,3,5,"[16, 16, 15, 15]",1,False,False,4943916578568346,4943916601804522,141557760,23.1746883392334,False,57982058496,spread,"[1749, 2132, 2515, 2898, 3281, 3664, 4047, 4430, 4813, 5196, 5579, 5962, 201, 584, 967]"
six_0,13,3,5,"[2, 2, 1, 1]",1,False,False,4943916613580726,4943916615186116,9437184,1.5364160537719727,False,57982058496,spread,[7]
scale_14_group,13,3,5,"[3, 4, 3, 4]",1,False,False,4943916627092155,4943916632576802,37748736,5.438591957092285,False,57982058496,spread,"[2506, 2889, 3272, 3655]"
scale_2_rank,13,3,5,"[1, 1, 0, 0]",1,False,False,4943916642863911,4943916642934902,0,0,False,57982058496,spread,[]
scale_2_group,13,3,5,"[0, 1, 0, 1]",1,False,False,4943916654774124,4943916655715442,9437184,0.8403519988059998,False,57982058496,spread,[4327]
scale_62_group,13,3,5,"[15, 16, 15, 16]",1,False,False,4943916666148852,4943916690148770,150994944,23.926176071166992,False,57982058496,spread,"[1366, 1749, 2132, 2515, 2898, 3281, 3664, 4047, 4430, 4813, 5196, 5579, 5962, 201, 584, 967]"
two_pair_1_3,13,3,5,"[0, 1, 0, 1]",1,False,False,4943916700470308,4943916701379276,9437184,0.8369280099868774,False,57982058496,spread,[4327]
six_1,13,3,5,"[1, 2, 1, 2]",1,False,False,4943916711732277,4943916714136485,18874368,2.3568320274353027,False,57982058496,spread,"[5768, 7]"
concurrency_2_group,13,3,5,"[3, 4, 3, 4]",2,False,False,4943916724513754,4943916730031520,37748736,5.444223880767822,False,57982058496,spread,"[2506, 2889, 3272, 3655]"
scale_6_group,13,3,5,"[1, 2, 1, 2]",1,False,False,4943916740382519,4943916742792589,18874368,2.360640048980713,False,57982058496,spread,"[5768, 7]"
scale_4_rank,13,3,5,"[1, 1, 1, 1]",1,False,False,4943916753269554,4943916754890382,9437184,1.5803200006484985,False,57982058496,spread,[5239]
two_single_3,13,3,5,"[0, 0, 0, 2]",1,False,False,4943916765453617,4943916767091916,18874368,1.5857919454574585,False,57982058496,spread,"[3944, 4327]"
six_3,13,3,5,"[1, 1, 2, 2]",1,False,False,4943916777549771,4943916780668113,18874368,3.075455904006958,False,57982058496,spread,"[5768, 7]"
concurrency_4_rank,13,3,5,"[4, 4, 3, 3]",4,False,False,4943916791079273,4943916795830986,28311552,4.662271976470947,False,57982058496,spread,"[2889, 3272, 3655]"
scale_8_rank,13,3,5,"[2, 2, 2, 2]",1,False,False,4943916808127915,4943916811319054,18874368,3.125119924545288,False,57982058496,spread,"[536, 919]"
two_pair_0_2,13,3,5,"[1, 0, 1, 0]",1,False,False,4943916821642930,4943916821701847,0,0,False,57982058496,spread,[]
scale_50_group,13,3,5,"[12, 13, 12, 13]",1,False,False,4943916832847598,4943916852207193,122683392,19.317312240600586,False,57982058496,spread,"[3187, 3570, 3953, 4336, 4719, 5102, 5485, 5868, 107, 490, 873, 1256, 1639]"
two_pair_2_3,13,3,5,"[0, 0, 1, 1]",1,False,False,4943916862550461,4943916864184844,9437184,1.5862079858779907,False,57982058496,spread,[4327]
two_pair_0_3,13,3,5,"[1, 0, 0, 1]",1,False,False,4943916874599284,4943916875447529,9437184,0.8089280128479004,False,57982058496,spread,[4327]
scale_10_group,13,3,5,"[2, 3, 2, 3]",1,False,False,4943916885831083,4943916889757719,28311552,3.887968063354492,False,57982058496,spread,"[1065, 1448, 1831]"
two_pair_0_1,13,3,5,"[1, 1, 0, 0]",1,False,False,4943916900102090,4943916900161306,0,0,False,57982058496,spread,[]
concurrency_2_rank,13,3,5,"[4, 4, 3, 3]",2,False,False,4943916912144469,4943916916586822,28311552,4.351712226867676,False,57982058496,spread,"[2889, 3272, 3655]"
concurrency_4_group,13,3,5,"[3, 4, 3, 4]",4,False,False,4943916928788774,4943916934336851,37748736,5.430816173553467,False,57982058496,spread,"[2506, 2889, 3272, 3655]"
scale_50_rank,13,3,5,"[13, 13, 12, 12]",1,False,False,4943916944672354,4943916963230398,113246208,18.295679092407227,False,57982058496,spread,"[3570, 3953, 4336, 4719, 5102, 5485, 5868, 107, 490, 873, 1256, 1639]"
two_single_0,13,3,5,"[2, 0, 0, 0]",1,False,False,4943916975144071,4943916975235284,0,0,False,57982058496,spread,[]
two_pair_1_2,13,3,5,"[0, 1, 1, 0]",1,False,False,4943916987050328,4943916987133956,0,0,False,57982058496,spread,[]
six_2,13,3,5,"[2, 1, 2, 1]",1,False,False,4943916998374996,4943917000013566,9437184,1.5976959466934204,False,57982058496,spread,[7]
two_single_2,13,3,5,"[0, 0, 2, 0]",1,False,False,4943917011115884,4943917011176194,0,0,False,57982058496,spread,[]
two_pair_1_2,14,3,5,"[0, 1, 1, 0]",1,False,False,4943917023060245,4943917023181691,0,0,False,57982058496,spread,[]
six_0,14,3,5,"[2, 2, 1, 1]",1,False,False,4943917034275968,4943917035924246,9437184,1.5929280519485474,False,57982058496,spread,[218]
concurrency_2_rank,14,3,5,"[4, 4, 3, 3]",2,False,False,4943917047767332,4943917052506659,28311552,4.666431903839111,False,57982058496,spread,"[3100, 3483, 3866]"
two_pair_0_3,14,3,5,"[1, 0, 0, 1]",1,False,False,4943917064870486,4943917065740734,9437184,0.8198720216751099,False,57982058496,spread,[4538]
two_pair_1_3,14,3,5,"[0, 1, 0, 1]",1,False,False,4943917076125288,4943917076982057,9437184,0.8159999847412109,False,57982058496,spread,[4538]
two_pair_0_2,14,3,5,"[1, 0, 1, 0]",1,False,False,4943917087297325,4943917087356926,0,0,False,57982058496,spread,[]
scale_2_group,14,3,5,"[0, 1, 0, 1]",1,False,False,4943917098523088,4943917099382369,9437184,0.8166720271110535,False,57982058496,spread,[4538]
two_pair_2_3,14,3,5,"[0, 0, 1, 1]",1,False,False,4943917110322799,4943917111914365,9437184,1.5463680028915405,False,57982058496,spread,[4538]
scale_50_group,14,3,5,"[12, 13, 12, 13]",1,False,False,4943917122301572,4943917141624235,122683392,19.282943725585938,False,57982058496,spread,"[3398, 3781, 4164, 4547, 4930, 5313, 5696, 6079, 318, 701, 1084, 1467, 1850]"
two_single_2,14,3,5,"[0, 0, 2, 0]",1,False,False,4943917152008463,4943917152069861,0,0,False,57982058496,spread,[]
six_2,14,3,5,"[2, 1, 2, 1]",1,False,False,4943917164168081,4943917165828624,9437184,1.5928000211715698,False,57982058496,spread,[218]
concurrency_4_group,14,3,5,"[3, 4, 3, 4]",4,False,False,4943917176979476,4943917182518722,37748736,5.432447910308838,False,57982058496,spread,"[2717, 3100, 3483, 3866]"
scale_2_rank,14,3,5,"[1, 1, 0, 0]",1,False,False,4943917192856188,4943917192923641,0,0,False,57982058496,spread,[]
scale_14_rank,14,3,5,"[4, 4, 3, 3]",1,False,False,4943917204851347,4943917209598292,28311552,4.684160232543945,False,57982058496,spread,"[3100, 3483, 3866]"
scale_6_group,14,3,5,"[1, 2, 1, 2]",1,False,False,4943917221487383,4943917223906097,18874368,2.3605120182037354,False,57982058496,spread,"[5979, 218]"
two_single_0,14,3,5,"[2, 0, 0, 0]",1,False,False,4943917234240498,4943917234301866,0,0,False,57982058496,spread,[]
scale_6_rank,14,3,5,"[2, 2, 1, 1]",1,False,False,4943917246402342,4943917247994250,9437184,1.5538560152053833,False,57982058496,spread,[218]
scale_50_rank,14,3,5,"[13, 13, 12, 12]",1,False,False,4943917260003347,4943917278619596,113246208,18.545888900756836,False,57982058496,spread,"[3781, 4164, 4547, 4930, 5313, 5696, 6079, 318, 701, 1084, 1467, 1850]"
concurrency_4_rank,14,3,5,"[4, 4, 3, 3]",4,False,False,4943917290439932,4943917295211024,28311552,4.669663906097412,False,57982058496,spread,"[3100, 3483, 3866]"
scale_62_group,14,3,5,"[15, 16, 15, 16]",1,False,False,4943917307069378,4943917331067551,150994944,23.933759689331055,False,57982058496,spread,"[1577, 1960, 2343, 2726, 3109, 3492, 3875, 4258, 4641, 5024, 5407, 5790, 29, 412, 795, 1178]"
scale_10_group,14,3,5,"[2, 3, 2, 3]",1,False,False,4943917341392681,4943917345337409,28311552,3.8963520526885986,False,57982058496,spread,"[1276, 1659, 2042]"
scale_4_rank,14,3,5,"[1, 1, 1, 1]",1,False,False,4943917355619827,4943917357242625,9437184,1.5794240236282349,False,57982058496,spread,[5450]
two_pair_0_1,14,3,5,"[1, 1, 0, 0]",1,False,False,4943917367774196,4943917367832650,0,0,False,57982058496,spread,[]
scale_62_rank,14,3,5,"[16, 16, 15, 15]",1,False,False,4943917379795694,4943917402998157,141557760,23.141408920288086,False,57982058496,spread,"[1960, 2343, 2726, 3109, 3492, 3875, 4258, 4641, 5024, 5407, 5790, 29, 412, 795, 1178]"
two_single_1,14,3,5,"[0, 2, 0, 0]",1,False,False,4943917415271379,4943917415365245,0,0,False,57982058496,spread,[]
concurrency_2_group,14,3,5,"[3, 4, 3, 4]",2,False,False,4943917427456368,4943917433008797,37748736,5.451615810394287,False,57982058496,spread,"[2717, 3100, 3483, 3866]"
scale_8_group,14,3,5,"[2, 2, 2, 2]",1,False,False,4943917443315997,4943917446494846,18874368,3.127903938293457,False,57982058496,spread,"[747, 1130]"
six_1,14,3,5,"[1, 2, 1, 2]",1,False,False,4943917456925924,4943917459334503,18874368,2.358975887298584,False,57982058496,spread,"[5979, 218]"
two_single_3,14,3,5,"[0, 0, 0, 2]",1,False,False,4943917469657269,4943917471305059,18874368,1.5938559770584106,False,57982058496,spread,"[4155, 4538]"
scale_8_rank,14,3,5,"[2, 2, 2, 2]",1,False,False,4943917481762605,4943917484891483,18874368,3.079551935195923,False,57982058496,spread,"[747, 1130]"
scale_10_rank,14,3,5,"[3, 3, 2, 2]",1,False,False,4943917495313260,4943917498481757,18874368,3.125920057296753,False,57982058496,spread,"[1659, 2042]"
scale_4_group,14,3,5,"[1, 1, 1, 1]",1,False,False,4943917510404106,4943917512076546,9437184,1.5999360084533691,False,57982058496,spread,[5450]
six_3,14,3,5,"[1, 1, 2, 2]",1,False,False,4943917522459048,4943917525322049,18874368,2.8105599880218506,False,57982058496,spread,"[5979, 218]"
scale_14_group,14,3,5,"[3, 4, 3, 4]",1,False,False,4943917536285164,4943917541766925,37748736,5.434591770172119,False,57982058496,spread,"[2717, 3100, 3483, 3866]"
two_pair_2_3,15,3,5,"[0, 0, 1, 1]",1,False,False,4943917552154348,4943917553803665,9437184,1.6003199815750122,False,57982058496,spread,[4749]
two_pair_0_2,15,3,5,"[1, 0, 1, 0]",1,False,False,4943917564331885,4943917564647751,0,0,False,57982058496,spread,[]
six_2,15,3,5,"[2, 1, 2, 1]",1,False,False,4943917575515842,4943917577187363,9437184,1.6251840591430664,False,57982058496,spread,[429]
six_3,15,3,5,"[1, 1, 2, 2]",1,False,False,4943917588217343,4943917591384460,18874368,3.1252479553222656,False,57982058496,spread,"[46, 429]"
two_single_0,15,3,5,"[2, 0, 0, 0]",1,False,False,4943917601824953,4943917601898202,0,0,False,57982058496,spread,[]
scale_10_group,15,3,5,"[2, 3, 2, 3]",1,False,False,4943917613911652,4943917617865509,28311552,3.907680034637451,False,57982058496,spread,"[1487, 1870, 2253]"
scale_10_rank,15,3,5,"[3, 3, 2, 2]",1,False,False,4943917628213485,4943917631397029,18874368,3.1317760944366455,False,57982058496,spread,"[1870, 2253]"
scale_6_rank,15,3,5,"[2, 2, 1, 1]",1,False,False,4943917643218125,4943917644878919,9437184,1.5962239503860474,False,57982058496,spread,[429]
concurrency_2_group,15,3,5,"[3, 4, 3, 4]",2,False,False,4943917656817167,4943917662347234,37748736,5.462111949920654,False,57982058496,spread,"[2928, 3311, 3694, 4077]"
scale_2_rank,15,3,5,"[1, 1, 0, 0]",1,False,False,4943917672683756,4943917672750065,0,0,False,57982058496,spread,[]
two_pair_1_2,15,3,5,"[0, 1, 1, 0]",1,False,False,4943917684668335,4943917684764456,0,0,False,57982058496,spread,[]
six_1,15,3,5,"[1, 2, 1, 2]",1,False,False,4943917696001069,4943917698412810,18874368,2.3699839115142822,False,57982058496,spread,"[46, 429]"
two_single_2,15,3,5,"[0, 0, 2, 0]",1,False,False,4943917708875195,4943917708936209,0,0,False,57982058496,spread,[]
two_pair_0_3,15,3,5,"[1, 0, 0, 1]",1,False,False,4943917721054541,4943917721906974,9437184,0.815455973148346,False,57982058496,spread,[4749]
scale_4_rank,15,3,5,"[1, 1, 1, 1]",1,False,False,4943917732252787,4943917733869694,9437184,1.5778239965438843,False,57982058496,spread,[5661]
scale_8_group,15,3,5,"[2, 2, 2, 2]",1,False,False,4943917744290236,4943917747465597,18874368,3.1325440406799316,False,57982058496,spread,"[958, 1341]"
scale_2_group,15,3,5,"[0, 1, 0, 1]",1,False,False,4943917757820952,4943917758671050,9437184,0.8098559975624084,False,57982058496,spread,[4749]
two_pair_1_3,15,3,5,"[0, 1, 0, 1]",1,False,False,4943917768956421,4943917769810998,9437184,0.8107839822769165,False,57982058496,spread,[4749]
scale_8_rank,15,3,5,"[2, 2, 2, 2]",1,False,False,4943917780079766,4943917783220771,18874368,3.0924479961395264,False,57982058496,spread,"[958, 1341]"
scale_62_group,15,3,5,"[15, 16, 15, 16]",1,False,False,4943917793608266,4943917817581953,150994944,23.928096771240234,False,57982058496,spread,"[1788, 2171, 2554, 2937, 3320, 3703, 4086, 4469, 4852, 5235, 5618, 6001, 240, 623, 1006, 1389]"
concurrency_4_group,15,3,5,"[3, 4, 3, 4]",4,False,False,4943917827862489,4943917833439892,37748736,5.456160068511963,False,57982058496,spread,"[2928, 3311, 3694, 4077]"
two_single_3,15,3,5,"[0, 0, 0, 2]",1,False,False,4943917843754266,4943917845378862,18874368,1.583456039428711,False,57982058496,spread,"[4366, 4749]"
scale_6_group,15,3,5,"[1, 2, 1, 2]",1,False,False,4943917855755391,4943917858177423,18874368,2.361407995223999,False,57982058496,spread,"[46, 429]"
concurrency_4_rank,15,3,5,"[4, 4, 3, 3]",4,False,False,4943917868501976,4943917873295261,28311552,4.676127910614014,False,57982058496,spread,"[3311, 3694, 4077]"
scale_14_group,15,3,5,"[3, 4, 3, 4]",1,False,False,4943917885158802,4943917890649726,37748736,5.441215991973877,False,57982058496,spread,"[2928, 3311, 3694, 4077]"
six_0,15,3,5,"[2, 2, 1, 1]",1,False,False,4943917900962706,4943917902584419,9437184,1.5764800310134888,False,57982058496,spread,[429]
scale_4_group,15,3,5,"[1, 1, 1, 1]",1,False,False,4943917914442829,4943917916049399,9437184,1.5642240047454834,False,57982058496,spread,[5661]
scale_50_rank,15,3,5,"[13, 13, 12, 12]",1,False,False,4943917926369952,4943917944919807,113246208,18.506879806518555,False,57982058496,spread,"[3992, 4375, 4758, 5141, 5524, 5907, 146, 529, 912, 1295, 1678, 2061]"
scale_50_group,15,3,5,"[12, 13, 12, 13]",1,False,False,4943917956865803,4943917976261440,122683392,19.324480056762695,False,57982058496,spread,"[3609, 3992, 4375, 4758, 5141, 5524, 5907, 146, 529, 912, 1295, 1678, 2061]"
scale_62_rank,15,3,5,"[16, 16, 15, 15]",1,False,False,4943917986566957,4943918009782618,141557760,23.168703079223633,False,57982058496,spread,"[2171, 2554, 2937, 3320, 3703, 4086, 4469, 4852, 5235, 5618, 6001, 240, 623, 1006, 1389]"
two_pair_0_1,15,3,5,"[1, 1, 0, 0]",1,False,False,4943918021805797,4943918021930506,0,0,False,57982058496,spread,[]
concurrency_2_rank,15,3,5,"[4, 4, 3, 3]",2,False,False,4943918033875536,4943918038680893,28311552,4.696896076202393,False,57982058496,spread,"[3311, 3694, 4077]"
two_single_1,15,3,5,"[0, 2, 0, 0]",1,False,False,4943918050527732,4943918050606783,0,0,False,57982058496,spread,[]
scale_14_rank,15,3,5,"[4, 4, 3, 3]",1,False,False,4943918062562573,4943918067323595,28311552,4.690368175506592,False,57982058496,spread,"[3311, 3694, 4077]"
scale_2_rank,16,3,5,"[1, 1, 0, 0]",1,False,False,4943918079184758,4943918079268206,0,0,False,57982058496,spread,[]
concurrency_2_rank,16,3,5,"[4, 4, 3, 3]",2,False,False,4943918091122285,4943918095865988,28311552,4.686336040496826,False,57982058496,spread,"[3522, 3905, 4288]"
concurrency_4_rank,16,3,5,"[4, 4, 3, 3]",4,False,False,4943918107750250,4943918112543329,28311552,4.691199779510498,False,57982058496,spread,"[3522, 3905, 4288]"
scale_14_rank,16,3,5,"[4, 4, 3, 3]",1,False,False,4943918124490463,4943918129238309,28311552,4.672704219818115,False,57982058496,spread,"[3522, 3905, 4288]"
six_3,16,3,5,"[1, 1, 2, 2]",1,False,False,4943918141137968,4943918144031287,18874368,2.8283519744873047,False,57982058496,spread,"[257, 640]"
two_single_3,16,3,5,"[0, 0, 0, 2]",1,False,False,4943918154798125,4943918156418995,18874368,1.581760048866272,False,57982058496,spread,"[4577, 4960]"
two_single_2,16,3,5,"[0, 0, 2, 0]",1,False,False,4943918166766864,4943918166824444,0,0,False,57982058496,spread,[]
two_pair_0_1,16,3,5,"[1, 1, 0, 0]",1,False,False,4943918178704426,4943918179007039,0,0,False,57982058496,spread,[]
scale_50_group,16,3,5,"[12, 13, 12, 13]",1,False,False,4943918190704339,4943918210027872,122683392,19.26076889038086,False,57982058496,spread,"[3820, 4203, 4586, 4969, 5352, 5735, 6118, 357, 740, 1123, 1506, 1889, 2272]"
scale_4_group,16,3,5,"[1, 1, 1, 1]",1,False,False,4943918220419184,4943918222039800,9437184,1.568127989768982,False,57982058496,spread,[5872]
six_2,16,3,5,"[2, 1, 2, 1]",1,False,False,4943918232384278,4943918234033189,9437184,1.5951679944992065,False,57982058496,spread,[640]
scale_10_group,16,3,5,"[2, 3, 2, 3]",1,False,False,4943918245230281,4943918249180388,28311552,3.8999359607696533,False,57982058496,spread,"[1698, 2081, 2464]"
six_1,16,3,5,"[1, 2, 1, 2]",1,False,False,4943918259525182,4943918261941483,18874368,2.3604800701141357,False,57982058496,spread,"[257, 640]"
scale_2_group,16,3,5,"[0, 1, 0, 1]",1,False,False,4943918272893397,4943918273762201,9437184,0.8172159790992737,False,57982058496,spread,[4960]
scale_6_rank,16,3,5,"[2, 2, 1, 1]",1,False,False,4943918284069638,4943918285685254,9437184,1.5682239532470703,False,57982058496,spread,[640]
two_pair_0_2,16,3,5,"[1, 0, 1, 0]",1,False,False,4943918297838475,4943918297944398,0,0,False,57982058496,spread,[]
scale_62_rank,16,3,5,"[16, 16, 15, 15]",1,False,False,4943918309072640,4943918332266777,141557760,23.11302375793457,False,57982058496,spread,"[2382, 2765, 3148, 3531, 3914, 4297, 4680, 5063, 5446, 5829, 68, 451, 834, 1217, 1600]"
scale_62_group,16,3,5,"[15, 16, 15, 16]",1,False,False,4943918344119158,4943918368126713,150994944,23.941055297851562,False,57982058496,spread,"[1999, 2382, 2765, 3148, 3531, 3914, 4297, 4680, 5063, 5446, 5829, 68, 451, 834, 1217, 1600]"
scale_50_rank,16,3,5,"[13, 13, 12, 12]",1,False,False,4943918378580524,4943918397136564,113246208,18.503551483154297,False,57982058496,spread,"[4203, 4586, 4969, 5352, 5735, 6118, 357, 740, 1123, 1506, 1889, 2272]"
scale_4_rank,16,3,5,"[1, 1, 1, 1]",1,False,False,4943918409054425,4943918410715210,9437184,1.5944960117340088,False,57982058496,spread,[5872]
two_pair_1_3,16,3,5,"[0, 1, 0, 1]",1,False,False,4943918421067170,4943918421924576,9437184,0.8165760040283203,False,57982058496,spread,[4960]
scale_8_group,16,3,5,"[2, 2, 2, 2]",1,False,False,4943918432257424,4943918435467924,18874368,3.1424639225006104,False,57982058496,spread,"[1169, 1552]"
scale_14_group,16,3,5,"[3, 4, 3, 4]",1,False,False,4943918445865652,4943918451361970,37748736,5.4431681632995605,False,57982058496,spread,"[3139, 3522, 3905, 4288]"
two_pair_1_2,16,3,5,"[0, 1, 1, 0]",1,False,False,4943918461734878,4943918461802893,0,0,False,57982058496,spread,[]
two_pair_2_3,16,3,5,"[0, 0, 1, 1]",1,False,False,4943918472944698,4943918474606637,9437184,1.589184045791626,False,57982058496,spread,[4960]
two_single_1,16,3,5,"[0, 2, 0, 0]",1,False,False,4943918485112296,4943918485179609,0,0,False,57982058496,spread,[]
scale_8_rank,16,3,5,"[2, 2, 2, 2]",1,False,False,4943918497216118,4943918500419968,18874368,3.129568099975586,False,57982058496,spread,"[1169, 1552]"
scale_6_group,16,3,5,"[1, 2, 1, 2]",1,False,False,4943918510758742,4943918513174387,18874368,2.3661439418792725,False,57982058496,spread,"[257, 640]"
concurrency_2_group,16,3,5,"[3, 4, 3, 4]",2,False,False,4943918523541452,4943918529054937,37748736,5.443615913391113,False,57982058496,spread,"[3139, 3522, 3905, 4288]"
scale_10_rank,16,3,5,"[3, 3, 2, 2]",1,False,False,4943918539417690,4943918542585714,18874368,3.1223039627075195,False,57982058496,spread,"[2081, 2464]"
concurrency_4_group,16,3,5,"[3, 4, 3, 4]",4,False,False,4943918554432598,4943918559988722,37748736,5.433472156524658,False,57982058496,spread,"[3139, 3522, 3905, 4288]"
two_pair_0_3,16,3,5,"[1, 0, 0, 1]",1,False,False,4943918570358983,4943918571227007,9437184,0.8165119886398315,False,57982058496,spread,[4960]
two_single_0,16,3,5,"[2, 0, 0, 0]",1,False,False,4943918581593742,4943918581657979,0,0,False,57982058496,spread,[]
six_0,16,3,5,"[2, 2, 1, 1]",1,False,False,4943918593658056,4943918595308335,9437184,1.5847359895706177,False,57982058496,spread,[640]
six_3,17,3,5,"[1, 1, 2, 2]",1,False,False,4943918607143123,4943918610335563,18874368,3.1328320503234863,False,57982058496,spread,"[468, 851]"
scale_50_group,17,3,5,"[12, 13, 12, 13]",1,False,False,4943918620788564,4943918640126467,122683392,19.29132843017578,False,57982058496,spread,"[4031, 4414, 4797, 5180, 5563, 5946, 185, 568, 951, 1334, 1717, 2100, 2483]"
scale_4_group,17,3,5,"[1, 1, 1, 1]",1,False,False,4943918650451669,4943918652090373,9437184,1.5905920267105103,False,57982058496,spread,[6083]
scale_50_rank,17,3,5,"[13, 13, 12, 12]",1,False,False,4943918662448901,4943918681026581,113246208,18.531808853149414,False,57982058496,spread,"[4414, 4797, 5180, 5563, 5946, 185, 568, 951, 1334, 1717, 2100, 2483]"
six_0,17,3,5,"[2, 2, 1, 1]",1,False,False,4943918692867296,4943918694505107,9437184,1.5875200033187866,False,57982058496,spread,[851]
scale_6_group,17,3,5,"[1, 2, 1, 2]",1,False,False,4943918706403869,4943918708831913,18874368,2.3633921146392822,False,57982058496,spread,"[468, 851]"
concurrency_2_group,17,3,5,"[3, 4, 3, 4]",2,False,False,4943918719116469,4943918724628994,37748736,5.446368217468262,False,57982058496,spread,"[3350, 3733, 4116, 4499]"
two_single_2,17,3,5,"[0, 0, 2, 0]",1,False,False,4943918734977604,4943918735046937,0,0,False,57982058496,spread,[]
scale_62_group,17,3,5,"[15, 16, 15, 16]",1,False,False,4943918747029264,4943918771004433,150994944,23.919328689575195,False,57982058496,spread,"[2210, 2593, 2976, 3359, 3742, 4125, 4508, 4891, 5274, 5657, 6040, 279, 662, 1045, 1428, 1811]"
scale_62_rank,17,3,5,"[16, 16, 15, 15]",1,False,False,4943918781378979,4943918804581514,141557760,22.947200775146484,False,57982058496,spread,"[2593, 2976, 3359, 3742, 4125, 4508, 4891, 5274, 5657, 6040, 279, 662, 1045, 1428, 1811]"
concurrency_4_rank,17,3,5,"[4, 4, 3, 3]",4,False,False,4943918816613003,4943918821427193,28311552,4.685472011566162,False,57982058496,spread,"[3733, 4116, 4499]"
scale_2_group,17,3,5,"[0, 1, 0, 1]",1,False,False,4943918833387310,4943918834284221,9437184,0.8284159898757935,False,57982058496,spread,[5171]
scale_8_group,17,3,5,"[2, 2, 2, 2]",1,False,False,4943918844572513,4943918847739886,18874368,3.1178879737854004,False,57982058496,spread,"[1380, 1763]"
scale_14_rank,17,3,5,"[4, 4, 3, 3]",1,False,False,4943918858194728,4943918862917308,28311552,4.670432090759277,False,57982058496,spread,"[3733, 4116, 4499]"
two_pair_1_3,17,3,5,"[0, 1, 0, 1]",1,False,False,4943918875566368,4943918876452884,9437184,0.8227519989013672,False,57982058496,spread,[5171]
scale_2_rank,17,3,5,"[1, 1, 0, 0]",1,False,False,4943918886906807,4943918886969859,0,0,False,57982058496,spread,[]
two_pair_1_2,17,3,5,"[0, 1, 1, 0]",1,False,False,4943918898908742,4943918899007056,0,0,False,57982058496,spread,[]
two_pair_2_3,17,3,5,"[0, 0, 1, 1]",1,False,False,4943918910198547,4943918911845509,9437184,1.6008000373840332,False,57982058496,spread,[5171]
two_single_3,17,3,5,"[0, 0, 0, 2]",1,False,False,4943918922253082,4943918923899778,18874368,1.595263957977295,False,57982058496,spread,"[4788, 5171]"
two_single_0,17,3,5,"[2, 0, 0, 0]",1,False,False,4943918934358377,4943918934423289,0,0,False,57982058496,spread,[]
scale_8_rank,17,3,5,"[2, 2, 2, 2]",1,False,False,4943918946421997,4943918949610114,18874368,3.124351978302002,False,57982058496,spread,"[1380, 1763]"
two_pair_0_2,17,3,5,"[1, 0, 1, 0]",1,False,False,4943918959990706,4943918960058861,0,0,False,57982058496,spread,[]
two_pair_0_3,17,3,5,"[1, 0, 0, 1]",1,False,False,4943918971202609,4943918972080231,9437184,0.8261759877204895,False,57982058496,spread,[5171]
concurrency_2_rank,17,3,5,"[4, 4, 3, 3]",2,False,False,4943918982445938,4943918987142031,28311552,4.617248058319092,False,57982058496,spread,"[3733, 4116, 4499]"
two_single_1,17,3,5,"[0, 2, 0, 0]",1,False,False,4943918999056548,4943918999179117,0,0,False,57982058496,spread,[]
scale_10_rank,17,3,5,"[3, 3, 2, 2]",1,False,False,4943919010972583,4943919014227557,18874368,3.1595840454101562,False,57982058496,spread,"[2292, 2675]"
concurrency_4_group,17,3,5,"[3, 4, 3, 4]",4,False,False,4943919026087222,4943919031689245,37748736,5.4547200202941895,False,57982058496,spread,"[3350, 3733, 4116, 4499]"
scale_14_group,17,3,5,"[3, 4, 3, 4]",1,False,False,4943919042120346,4943919047609077,37748736,5.433343887329102,False,57982058496,spread,"[3350, 3733, 4116, 4499]"
scale_10_group,17,3,5,"[2, 3, 2, 3]",1,False,False,4943919057971121,4943919061907048,28311552,3.8848960399627686,False,57982058496,spread,"[1909, 2292, 2675]"
six_2,17,3,5,"[2, 1, 2, 1]",1,False,False,4943919072277732,4943919073895544,9437184,1.5602240562438965,False,57982058496,spread,[851]
two_pair_0_1,17,3,5,"[1, 1, 0, 0]",1,False,False,4943919085080082,4943919085179301,0,0,False,57982058496,spread,[]
scale_4_rank,17,3,5,"[1, 1, 1, 1]",1,False,False,4943919097059423,4943919098734161,9437184,1.5945600271224976,False,57982058496,spread,[6083]
six_1,17,3,5,"[1, 2, 1, 2]",1,False,False,4943919109099408,4943919111503752,18874368,2.3547840118408203,False,57982058496,spread,"[468, 851]"
scale_6_rank,17,3,5,"[2, 2, 1, 1]",1,False,False,4943919121812441,4943919123446294,9437184,1.583359956741333,False,57982058496,spread,[851]
scale_50_group,18,3,5,"[12, 13, 12, 13]",1,False,False,4943919135311111,4943919154637381,122683392,19.26652717590332,False,57982058496,spread,"[4242, 4625, 5008, 5391, 5774, 13, 396, 779, 1162, 1545, 1928, 2311, 2694]"
concurrency_4_group,18,3,5,"[3, 4, 3, 4]",4,False,False,4943919165023532,4943919170562124,37748736,5.427040100097656,False,57982058496,spread,"[3561, 3944, 4327, 4710]"
scale_62_group,18,3,5,"[15, 16, 15, 16]",1,False,False,4943919181177352,4943919205117643,150994944,23.891904830932617,False,57982058496,spread,"[2421, 2804, 3187, 3570, 3953, 4336, 4719, 5102, 5485, 5868, 107, 490, 873, 1256, 1639, 2022]"
scale_2_rank,18,3,5,"[1, 1, 0, 0]",1,False,False,4943919215473756,4943919215541010,0,0,False,57982058496,spread,[]
two_single_1,18,3,5,"[0, 2, 0, 0]",1,False,False,4943919227516654,4943919227622128,0,0,False,57982058496,spread,[]
scale_8_rank,18,3,5,"[2, 2, 2, 2]",1,False,False,4943919239615806,4943919242826270,18874368,3.1394240856170654,False,57982058496,spread,"[1591, 1974]"
two_pair_1_3,18,3,5,"[0, 1, 0, 1]",1,False,False,4943919253187386,4943919254054376,9437184,0.8200640082359314,False,57982058496,spread,[5382]
scale_10_group,18,3,5,"[2, 3, 2, 3]",1,False,False,4943919264359871,4943919268285902,28311552,3.881279945373535,False,57982058496,spread,"[2120, 2503, 2886]"
scale_14_group,18,3,5,"[3, 4, 3, 4]",1,False,False,4943919278630151,4943919284098616,37748736,5.423520088195801,False,57982058496,spread,"[3561, 3944, 4327, 4710]"
two_single_0,18,3,5,"[2, 0, 0, 0]",1,False,False,4943919294483931,4943919294551863,0,0,False,57982058496,spread,[]
two_pair_0_1,18,3,5,"[1, 1, 0, 0]",1,False,False,4943919306414563,4943919306499824,0,0,False,57982058496,spread,[]
two_pair_0_3,18,3,5,"[1, 0, 0, 1]",1,False,False,4943919318281937,4943919319189619,9437184,0.8341760039329529,False,57982058496,spread,[5382]
six_3,18,3,5,"[1, 1, 2, 2]",1,False,False,4943919329530765,4943919332719879,18874368,3.1183040142059326,False,57982058496,spread,"[679, 1062]"
scale_6_group,18,3,5,"[1, 2, 1, 2]",1,False,False,4943919343052435,4943919345452485,18874368,2.3533759117126465,False,57982058496,spread,"[679, 1062]"
two_pair_1_2,18,3,5,"[0, 1, 1, 0]",1,False,False,4943919355768461,4943919355839957,0,0,False,57982058496,spread,[]
scale_62_rank,18,3,5,"[16, 16, 15, 15]",1,False,False,4943919366908878,4943919389791247,141557760,22.7956485748291,False,57982058496,spread,"[2804, 3187, 3570, 3953, 4336, 4719, 5102, 5485, 5868, 107, 490, 873, 1256, 1639, 2022]"
concurrency_2_rank,18,3,5,"[4, 4, 3, 3]",2,False,False,4943919401885128,4943919406636074,28311552,4.631680011749268,False,57982058496,spread,"[3944, 4327, 4710]"
scale_4_group,18,3,5,"[1, 1, 1, 1]",1,False,False,4943919418454839,4943919420084366,9437184,1.5768640041351318,False,57982058496,spread,[150]
scale_50_rank,18,3,5,"[13, 13, 12, 12]",1,False,False,4943919430439123,4943919448983253,113246208,18.49875259399414,False,57982058496,spread,"[4625, 5008, 5391, 5774, 13, 396, 779, 1162, 1545, 1928, 2311, 2694]"
two_single_2,18,3,5,"[0, 0, 2, 0]",1,False,False,4943919461334276,4943919461435645,0,0,False,57982058496,spread,[]
six_2,18,3,5,"[2, 1, 2, 1]",1,False,False,4943919473454337,4943919475131822,9437184,1.6027840375900269,False,57982058496,spread,[1062]
scale_14_rank,18,3,5,"[4, 4, 3, 3]",1,False,False,4943919486284565,4943919490993616,28311552,4.6611199378967285,False,57982058496,spread,"[3944, 4327, 4710]"
concurrency_2_group,18,3,5,"[3, 4, 3, 4]",2,False,False,4943919502788115,4943919508320741,37748736,5.424191951751709,False,57982058496,spread,"[3561, 3944, 4327, 4710]"
scale_6_rank,18,3,5,"[2, 2, 1, 1]",1,False,False,4943919518623516,4943919520268394,9437184,1.5926400423049927,False,57982058496,spread,[1062]
six_1,18,3,5,"[1, 2, 1, 2]",1,False,False,4943919532152954,4943919534603429,18874368,2.372351884841919,False,57982058496,spread,"[679, 1062]"
scale_8_group,18,3,5,"[2, 2, 2, 2]",1,False,False,4943919545049075,4943919548224919,18874368,3.1249279975891113,False,57982058496,spread,"[1591, 1974]"
two_single_3,18,3,5,"[0, 0, 0, 2]",1,False,False,4943919558593292,4943919560218127,18874368,1.578752040863037,False,57982058496,spread,"[4999, 5382]"
six_0,18,3,5,"[2, 2, 1, 1]",1,False,False,4943919570503257,4943919572127828,9437184,1.576416015625,False,57982058496,spread,[1062]
scale_2_group,18,3,5,"[0, 1, 0, 1]",1,False,False,4943919584009106,4943919584916891,9437184,0.8296319842338562,False,57982058496,spread,[5382]
two_pair_0_2,18,3,5,"[1, 0, 1, 0]",1,False,False,4943919595325395,4943919595402022,0,0,False,57982058496,spread,[]
scale_10_rank,18,3,5,"[3, 3, 2, 2]",1,False,False,4943919606516091,4943919609691510,18874368,3.1261439323425293,False,57982058496,spread,"[2503, 2886]"
scale_4_rank,18,3,5,"[1, 1, 1, 1]",1,False,False,4943919621578394,4943919623269018,9437184,1.603775978088379,False,57982058496,spread,[150]
concurrency_4_rank,18,3,5,"[4, 4, 3, 3]",4,False,False,4943919633593768,4943919638387633,28311552,4.684160232543945,False,57982058496,spread,"[3944, 4327, 4710]"
two_pair_2_3,18,3,5,"[0, 0, 1, 1]",1,False,False,4943919650184825,4943919651882384,9437184,1.6077120304107666,False,57982058496,spread,[5382]
two_pair_0_3,19,3,5,"[1, 0, 0, 1]",1,False,False,4943919662378885,4943919663269240,9437184,0.8316799998283386,False,57982058496,spread,[5593]
scale_62_group,19,3,5,"[15, 16, 15, 16]",1,False,False,4943919673671524,4943919697622599,150994944,23.884096145629883,False,57982058496,spread,"[2632, 3015, 3398, 3781, 4164, 4547, 4930, 5313, 5696, 6079, 318, 701, 1084, 1467, 1850, 2233]"
six_3,19,3,5,"[1, 1, 2, 2]",1,False,False,4943919708141920,4943919711359064,18874368,3.1470720767974854,False,57982058496,spread,"[890, 1273]"
two_pair_0_2,19,3,5,"[1, 0, 1, 0]",1,False,False,4943919721851962,4943919721932860,0,0,False,57982058496,spread,[]
scale_2_rank,19,3,5,"[1, 1, 0, 0]",1,False,False,4943919733097993,4943919733166151,0,0,False,57982058496,spread,[]
scale_62_rank,19,3,5,"[16, 16, 15, 15]",1,False,False,4943919745123566,4943919768327890,141557760,23.128671646118164,False,57982058496,spread,"[3015, 3398, 3781, 4164, 4547, 4930, 5313, 5696, 6079, 318, 701, 1084, 1467, 1850, 2233]"
scale_4_rank,19,3,5,"[1, 1, 1, 1]",1,False,False,4943919780630189,4943919782302517,9437184,1.602112054824829,False,57982058496,spread,[361]
scale_14_rank,19,3,5,"[4, 4, 3, 3]",1,False,False,4943919792765042,4943919797465237,28311552,4.652383804321289,False,57982058496,spread,"[4155, 4538, 4921]"
concurrency_2_rank,19,3,5,"[4, 4, 3, 3]",2,False,False,4943919809355627,4943919814053579,28311552,4.62553596496582,False,57982058496,spread,"[4155, 4538, 4921]"
two_pair_0_1,19,3,5,"[1, 1, 0, 0]",1,False,False,4943919825982393,4943919826062918,0,0,False,57982058496,spread,[]
scale_10_rank,19,3,5,"[3, 3, 2, 2]",1,False,False,4943919837955821,4943919841163486,18874368,3.1355841159820557,False,57982058496,spread,"[2714, 3097]"
concurrency_4_group,19,3,5,"[3, 4, 3, 4]",4,False,False,4943919853056207,4943919858601824,37748736,5.422944068908691,False,57982058496,spread,"[3772, 4155, 4538, 4921]"
scale_4_group,19,3,5,"[1, 1, 1, 1]",1,False,False,4943919868949376,4943919870595419,9437184,1.5867840051651,False,57982058496,spread,[361]
scale_10_group,19,3,5,"[2, 3, 2, 3]",1,False,False,4943919880893468,4943919884829085,28311552,3.8839359283447266,False,57982058496,spread,"[2331, 2714, 3097]"
scale_14_group,19,3,5,"[3, 4, 3, 4]",1,False,False,4943919895168634,4943919900655564,37748736,5.4290242195129395,False,57982058496,spread,"[3772, 4155, 4538, 4921]"
scale_8_group,19,3,5,"[2, 2, 2, 2]",1,False,False,4943919910993844,4943919914168985,18874368,3.1223039627075195,False,57982058496,spread,"[1802, 2185]"
concurrency_4_rank,19,3,5,"[4, 4, 3, 3]",4,False,False,4943919924522730,4943919929299890,28311552,4.685919761657715,False,57982058496,spread,"[4155, 4538, 4921]"
scale_2_group,19,3,5,"[0, 1, 0, 1]",1,False,False,4943919941145511,4943919942026446,9437184,0.8232960104942322,False,57982058496,spread,[5593]
two_pair_1_2,19,3,5,"[0, 1, 1, 0]",1,False,False,4943919952471848,4943919952544724,0,0,False,57982058496,spread,[]
scale_50_group,19,3,5,"[12, 13, 12, 13]",1,False,False,4943919963674157,4943919983036041,122683392,19.311904907226562,False,57982058496,spread,"[4453, 4836, 5219, 5602, 5985, 224, 607, 990, 1373, 1756, 2139, 2522, 2905]"
scale_6_group,19,3,5,"[1, 2, 1, 2]",1,False,False,4943919993358219,4943919995859643,18874368,2.229343891143799,False,57982058496,spread,"[890, 1273]"
six_0,19,3,5,"[2, 2, 1, 1]",1,False,False,4943920006337779,4943920007976044,9437184,1.5875840187072754,False,57982058496,spread,[1273]
two_pair_2_3,19,3,5,"[0, 0, 1, 1]",1,False,False,4943920019864768,4943920021566392,9437184,1.608415961265564,False,57982058496,spread,[5593]
scale_6_rank,19,3,5,"[2, 2, 1, 1]",1,False,False,4943920032053652,4943920033712806,9437184,1.5885759592056274,False,57982058496,spread,[1273]
scale_50_rank,19,3,5,"[13, 13, 12, 12]",1,False,False,4943920045588792,4943920064188686,113246208,18.52579116821289,False,57982058496,spread,"[4836, 5219, 5602, 5985, 224, 607, 990, 1373, 1756, 2139, 2522, 2905]"
concurrency_2_group,19,3,5,"[3, 4, 3, 4]",2,False,False,4943920076266213,4943920081783835,37748736,5.436639785766602,False,57982058496,spread,"[3772, 4155, 4538, 4921]"
two_pair_1_3,19,3,5,"[0, 1, 0, 1]",1,False,False,4943920092028794,4943920092897414,9437184,0.8161919713020325,False,57982058496,spread,[5593]
six_1,19,3,5,"[1, 2, 1, 2]",1,False,False,4943920103150467,4943920105560261,18874368,2.3587520122528076,False,57982058496,spread,"[890, 1273]"
two_single_3,19,3,5,"[0, 0, 0, 2]",1,False,False,4943920115885447,4943920117520585,18874368,1.5854400396347046,False,57982058496,spread,"[5210, 5593]"
six_2,19,3,5,"[2, 1, 2, 1]",1,False,False,4943920127962607,4943920129591068,9437184,1.5699199438095093,False,57982058496,spread,[1273]
two_single_1,19,3,5,"[0, 2, 0, 0]",1,False,False,4943920140721358,4943920140790753,0,0,False,57982058496,spread,[]
two_single_0,19,3,5,"[2, 0, 0, 0]",1,False,False,4943920152747662,4943920152817246,0,0,False,57982058496,spread,[]
scale_8_rank,19,3,5,"[2, 2, 2, 2]",1,False,False,4943920164836162,4943920168040411,18874368,3.1390719413757324,False,57982058496,spread,"[1802, 2185]"
two_single_2,19,3,5,"[0, 0, 2, 0]",1,False,False,4943920178379597,4943920178457547,0,0,False,57982058496,spread,[]
scale_14_rank,20,3,5,"[4, 4, 3, 3]",1,False,False,4943920190297506,4943920194979935,28311552,4.6266560554504395,False,57982058496,spread,"[4366, 4749, 5132]"
scale_2_rank,20,3,5,"[1, 1, 0, 0]",1,False,False,4943920206886416,4943920206964290,0,0,False,57982058496,spread,[]
two_pair_0_3,20,3,5,"[1, 0, 0, 1]",1,False,False,4943920218878846,4943920219765911,9437184,0.824832022190094,False,57982058496,spread,[5804]
scale_4_group,20,3,5,"[1, 1, 1, 1]",1,False,False,4943920230051012,4943920231691726,9437184,1.5875200033187866,False,57982058496,spread,[572]
six_3,20,3,5,"[1, 1, 2, 2]",1,False,False,4943920242086961,4943920245257511,18874368,3.1145598888397217,False,57982058496,spread,"[1101, 1484]"
two_pair_0_2,20,3,5,"[1, 0, 1, 0]",1,False,False,4943920255631363,4943920255704437,0,0,False,57982058496,spread,[]
scale_62_rank,20,3,5,"[16, 16, 15, 15]",1,False,False,4943920266863925,4943920289997594,141557760,23.083871841430664,False,57982058496,spread,"[3226, 3609, 3992, 4375, 4758, 5141, 5524, 5907, 146, 529, 912, 1295, 1678, 2061, 2444]"
two_pair_1_3,20,3,5,"[0, 1, 0, 1]",1,False,False,4943920301936958,4943920302818158,9437184,0.8202239871025085,False,57982058496,spread,[5804]
concurrency_4_rank,20,3,5,"[4, 4, 3, 3]",4,False,False,4943920313095024,4943920317815517,28311552,4.619647979736328,False,57982058496,spread,"[4366, 4749, 5132]"
scale_4_rank,20,3,5,"[1, 1, 1, 1]",1,False,False,4943920329821071,4943920331467448,9437184,1.478816032409668,False,57982058496,spread,[572]
scale_2_group,20,3,5,"[0, 1, 0, 1]",1,False,False,4943920341787211,4943920342654031,9437184,0.8160640001296997,False,57982058496,spread,[5804]
scale_6_rank,20,3,5,"[2, 2, 1, 1]",1,False,False,4943920352970710,4943920354601958,9437184,1.579200029373169,False,57982058496,spread,[1484]
scale_10_group,20,3,5,"[2, 3, 2, 3]",1,False,False,4943920366983467,4943920370936754,28311552,3.8945279121398926,False,57982058496,spread,"[2542, 2925, 3308]"
scale_50_group,20,3,5,"[12, 13, 12, 13]",1,False,False,4943920381264016,4943920400589050,122683392,19.270111083984375,False,57982058496,spread,"[4664, 5047, 5430, 5813, 52, 435, 818, 1201, 1584, 1967, 2350, 2733, 3116]"
two_pair_2_3,20,3,5,"[0, 0, 1, 1]",1,False,False,4943920410867304,4943920412501717,9437184,1.5799360275268555,False,57982058496,spread,[5804]
scale_14_group,20,3,5,"[3, 4, 3, 4]",1,False,False,4943920422756976,4943920428228041,37748736,5.4236159324646,False,57982058496,spread,"[3983, 4366, 4749, 5132]"
scale_8_group,20,3,5,"[2, 2, 2, 2]",1,False,False,4943920438533094,4943920441700603,18874368,3.1173760890960693,False,57982058496,spread,"[2013, 2396]"
two_single_0,20,3,5,"[2, 0, 0, 0]",1,False,False,4943920452027907,4943920452103102,0,0,False,57982058496,spread,[]
scale_8_rank,20,3,5,"[2, 2, 2, 2]",1,False,False,4943920464059286,4943920467233478,18874368,3.123552083969116,False,57982058496,spread,"[2013, 2396]"
two_pair_1_2,20,3,5,"[0, 1, 1, 0]",1,False,False,4943920477541288,4943920477613729,0,0,False,57982058496,spread,[]
scale_62_group,20,3,5,"[15, 16, 15, 16]",1,False,False,4943920488710517,4943920512633081,150994944,23.87615966796875,False,57982058496,spread,"[2843, 3226, 3609, 3992, 4375, 4758, 5141, 5524, 5907, 146, 529, 912, 1295, 1678, 2061, 2444]"
scale_50_rank,20,3,5,"[13, 13, 12, 12]",1,False,False,4943920522972868,4943920541543395,113246208,18.51545524597168,False,57982058496,spread,"[5047, 5430, 5813, 52, 435, 818, 1201, 1584, 1967, 2350, 2733, 3116]"
two_single_2,20,3,5,"[0, 0, 2, 0]",1,False,False,4943920553358873,4943920553444293,0,0,False,57982058496,spread,[]
concurrency_4_group,20,3,5,"[3, 4, 3, 4]",4,False,False,4943920565422582,4943920570970532,37748736,5.439712047576904,False,57982058496,spread,"[3983, 4366, 4749, 5132]"
concurrency_2_group,20,3,5,"[3, 4, 3, 4]",2,False,False,4943920581322714,4943920586827011,37748736,5.429120063781738,False,57982058496,spread,"[3983, 4366, 4749, 5132]"
two_pair_0_1,20,3,5,"[1, 1, 0, 0]",1,False,False,4943920597113962,4943920597415444,0,0,False,57982058496,spread,[]
six_2,20,3,5,"[2, 1, 2, 1]",1,False,False,4943920609020581,4943920610701641,9437184,1.6300159692764282,False,57982058496,spread,[1484]
scale_10_rank,20,3,5,"[3, 3, 2, 2]",1,False,False,4943920621786140,4943920624932781,18874368,3.098560094833374,False,57982058496,spread,"[2925, 3308]"
six_1,20,3,5,"[1, 2, 1, 2]",1,False,False,4943920636823487,4943920639233111,18874368,2.3444159030914307,False,57982058496,spread,"[1101, 1484]"
scale_6_group,20,3,5,"[1, 2, 1, 2]",1,False,False,4943920649521944,4943920651913366,18874368,2.348383903503418,False,57982058496,spread,"[1101, 1484]"
two_single_3,20,3,5,"[0, 0, 0, 2]",1,False,False,4943920662657408,4943920664275170,18874368,1.5779520273208618,False,57982058496,spread,"[5421, 5804]"
two_single_1,20,3,5,"[0, 2, 0, 0]",1,False,False,4943920674704090,4943920674763048,0,0,False,57982058496,spread,[]
six_0,20,3,5,"[2, 2, 1, 1]",1,False,False,4943920686607464,4943920688239684,9437184,1.5716160535812378,False,57982058496,spread,[1484]
concurrency_2_rank,20,3,5,"[4, 4, 3, 3]",2,False,False,4943920700132792,4943920704883773,28311552,4.665088176727295,False,57982058496,spread,"[4366, 4749, 5132]"
two_pair_1_2,21,3,5,"[0, 1, 1, 0]",1,False,False,4943920716820711,4943920716913648,0,0,False,57982058496,spread,[]
two_single_2,21,3,5,"[0, 0, 2, 0]",1,False,False,4943920727988729,4943920728052287,0,0,False,57982058496,spread,[]
scale_8_group,21,3,5,"[2, 2, 2, 2]",1,False,False,4943920740160403,4943920743326648,18874368,3.0987839698791504,False,57982058496,spread,"[2224, 2607]"
two_pair_2_3,21,3,5,"[0, 0, 1, 1]",1,False,False,4943920753734755,4943920755358842,9437184,1.5791679620742798,False,57982058496,spread,[6015]
scale_62_rank,21,3,5,"[16, 16, 15, 15]",1,False,False,4943920765925123,4943920789099818,141557760,23.13052749633789,False,57982058496,spread,"[3437, 3820, 4203, 4586, 4969, 5352, 5735, 6118, 357, 740, 1123, 1506, 1889, 2272, 2655]"
two_pair_0_1,21,3,5,"[1, 1, 0, 0]",1,False,False,4943920800991205,4943920801098300,0,0,False,57982058496,spread,[]
two_pair_1_3,21,3,5,"[0, 1, 0, 1]",1,False,False,4943920812960490,4943920813857956,9437184,0.8367679715156555,False,57982058496,spread,[6015]
two_pair_0_2,21,3,5,"[1, 0, 1, 0]",1,False,False,4943920824291433,4943920824353089,0,0,False,57982058496,spread,[]
scale_6_rank,21,3,5,"[2, 2, 1, 1]",1,False,False,4943920835490790,4943920837114070,9437184,1.5826879739761353,False,57982058496,spread,[1695]
concurrency_4_group,21,3,5,"[3, 4, 3, 4]",4,False,False,4943920849016054,4943920854568314,37748736,5.425824165344238,False,57982058496,spread,"[4194, 4577, 4960, 5343]"
six_0,21,3,5,"[2, 2, 1, 1]",1,False,False,4943920864908145,4943920866524116,9437184,1.5664000511169434,False,57982058496,spread,[1695]
six_1,21,3,5,"[1, 2, 1, 2]",1,False,False,4943920878373197,4943920880770392,18874368,2.352288007736206,False,57982058496,spread,"[1312, 1695]"
scale_8_rank,21,3,5,"[2, 2, 2, 2]",1,False,False,4943920891105029,4943920894250932,18874368,3.1001598834991455,False,57982058496,spread,"[2224, 2607]"
scale_14_group,21,3,5,"[3, 4, 3, 4]",1,False,False,4943920904994832,4943920910486062,37748736,5.42303991317749,False,57982058496,spread,"[4194, 4577, 4960, 5343]"
two_single_1,21,3,5,"[0, 2, 0, 0]",1,False,False,4943920920824824,4943920920884650,0,0,False,57982058496,spread,[]
scale_2_group,21,3,5,"[0, 1, 0, 1]",1,False,False,4943920932892600,4943920933740219,9437184,0.81113600730896,False,57982058496,spread,[6015]
scale_4_group,21,3,5,"[1, 1, 1, 1]",1,False,False,4943920944107369,4943920945704543,9437184,1.5571520328521729,False,57982058496,spread,[783]
concurrency_2_rank,21,3,5,"[4, 4, 3, 3]",2,False,False,4943920956194346,4943920960883357,28311552,4.62556791305542,False,57982058496,spread,"[4577, 4960, 5343]"
six_2,21,3,5,"[2, 1, 2, 1]",1,False,False,4943920973062393,4943920974760374,9437184,1.6093120574951172,False,57982058496,spread,[1695]
scale_10_group,21,3,5,"[2, 3, 2, 3]",1,False,False,4943920985847943,4943920989797632,28311552,3.8949759006500244,False,57982058496,spread,"[2753, 3136, 3519]"
two_single_0,21,3,5,"[2, 0, 0, 0]",1,False,False,4943921000150415,4943921000226190,0,0,False,57982058496,spread,[]
scale_50_group,21,3,5,"[12, 13, 12, 13]",1,False,False,4943921012143422,4943921031472070,122683392,19.257408142089844,False,57982058496,spread,"[4875, 5258, 5641, 6024, 263, 646, 1029, 1412, 1795, 2178, 2561, 2944, 3327]"
two_pair_0_3,21,3,5,"[1, 0, 0, 1]",1,False,False,4943921041854423,4943921042730759,9437184,0.822655975818634,False,57982058496,spread,[6015]
scale_14_rank,21,3,5,"[4, 4, 3, 3]",1,False,False,4943921053104551,4943921057792944,28311552,4.631392002105713,False,57982058496,spread,"[4577, 4960, 5343]"
two_single_3,21,3,5,"[0, 0, 0, 2]",1,False,False,4943921069769238,4943921071426961,18874368,1.5950720310211182,False,57982058496,spread,"[5632, 6015]"
scale_10_rank,21,3,5,"[3, 3, 2, 2]",1,False,False,4943921081909598,4943921085034599,18874368,3.079200029373169,False,57982058496,spread,"[3136, 3519]"
scale_6_group,21,3,5,"[1, 2, 1, 2]",1,False,False,4943921097055397,4943921099475300,18874368,2.357664108276367,False,57982058496,spread,"[1312, 1695]"
scale_2_rank,21,3,5,"[1, 1, 0, 0]",1,False,False,4943921109803208,4943921109861997,0,0,False,57982058496,spread,[]
six_3,21,3,5,"[1, 1, 2, 2]",1,False,False,4943921121730631,4943921124902559,18874368,3.11296010017395,False,57982058496,spread,"[1312, 1695]"
scale_4_rank,21,3,5,"[1, 1, 1, 1]",1,False,False,4943921135237126,4943921136839329,9437184,1.5589439868927002,False,57982058496,spread,[783]
scale_50_rank,21,3,5,"[13, 13, 12, 12]",1,False,False,4943921147201608,4943921165700671,113246208,18.45452880859375,False,57982058496,spread,"[5258, 5641, 6024, 263, 646, 1029, 1412, 1795, 2178, 2561, 2944, 3327]"
concurrency_4_rank,21,3,5,"[4, 4, 3, 3]",4,False,False,4943921177552868,4943921182341312,28311552,4.672863960266113,False,57982058496,spread,"[4577, 4960, 5343]"
concurrency_2_group,21,3,5,"[3, 4, 3, 4]",2,False,False,4943921194234153,4943921199740686,37748736,5.4266557693481445,False,57982058496,spread,"[4194, 4577, 4960, 5343]"
scale_62_group,21,3,5,"[15, 16, 15, 16]",1,False,False,4943921210046522,4943921234233550,150994944,23.94211196899414,False,57982058496,spread,"[3054, 3437, 3820, 4203, 4586, 4969, 5352, 5735, 6118, 357, 740, 1123, 1506, 1889, 2272, 2655]"
two_single_2,22,3,5,"[0, 0, 2, 0]",1,False,False,4943921244954507,4943921245020522,0,0,False,57982058496,spread,[]
two_single_0,22,3,5,"[2, 0, 0, 0]",1,False,False,4943921257039100,4943921257126580,0,0,False,57982058496,spread,[]
six_0,22,3,5,"[2, 2, 1, 1]",1,False,False,4943921269581317,4943921271227480,9437184,1.5902400016784668,False,57982058496,spread,[1906]
scale_4_rank,22,3,5,"[1, 1, 1, 1]",1,False,False,4943921282967098,4943921284599580,9437184,1.5754879713058472,False,57982058496,spread,[994]
two_single_3,22,3,5,"[0, 0, 0, 2]",1,False,False,4943921294920723,4943921296536977,18874368,1.5775680541992188,False,57982058496,spread,"[5843, 82]"
scale_8_rank,22,3,5,"[2, 2, 2, 2]",1,False,False,4943921306828106,4943921309969938,18874368,3.0996479988098145,False,57982058496,spread,"[2435, 2818]"
scale_4_group,22,3,5,"[1, 1, 1, 1]",1,False,False,4943921320363387,4943921321961492,9437184,1.5561599731445312,False,57982058496,spread,[994]
scale_6_rank,22,3,5,"[2, 2, 1, 1]",1,False,False,4943921332366776,4943921333963047,9437184,1.5565119981765747,False,57982058496,spread,[1906]
two_single_1,22,3,5,"[0, 2, 0, 0]",1,False,False,4943921345878612,4943921345936657,0,0,False,57982058496,spread,[]
six_3,22,3,5,"[1, 1, 2, 2]",1,False,False,4943921357950293,4943921361114862,18874368,3.0930240154266357,False,57982058496,spread,"[1523, 1906]"
concurrency_2_rank,22,3,5,"[4, 4, 3, 3]",2,False,False,4943921371661282,4943921376350836,28311552,4.613920211791992,False,57982058496,spread,"[4788, 5171, 5554]"
scale_6_group,22,3,5,"[1, 2, 1, 2]",1,False,False,4943921388286660,4943921390703793,18874368,2.356640100479126,False,57982058496,spread,"[1523, 1906]"
scale_50_rank,22,3,5,"[13, 13, 12, 12]",1,False,False,4943921401034068,4943921419531613,113246208,18.452863693237305,False,57982058496,spread,"[5469, 5852, 91, 474, 857, 1240, 1623, 2006, 2389, 2772, 3155, 3538]"
concurrency_4_rank,22,3,5,"[4, 4, 3, 3]",4,False,False,4943921431411703,4943921436163078,28311552,4.636159896850586,False,57982058496,spread,"[4788, 5171, 5554]"
scale_50_group,22,3,5,"[12, 13, 12, 13]",1,False,False,4943921448069440,4943921467395256,122683392,19.266687393188477,False,57982058496,spread,"[5086, 5469, 5852, 91, 474, 857, 1240, 1623, 2006, 2389, 2772, 3155, 3538]"
scale_2_rank,22,3,5,"[1, 1, 0, 0]",1,False,False,4943921477689394,4943921477755607,0,0,False,57982058496,spread,[]
scale_10_rank,22,3,5,"[3, 3, 2, 2]",1,False,False,4943921489607938,4943921492790476,18874368,3.1237120628356934,False,57982058496,spread,"[3347, 3730]"
two_pair_1_3,22,3,5,"[0, 1, 0, 1]",1,False,False,4943921504720509,4943921505598746,9437184,0.8187519907951355,False,57982058496,spread,[82]
six_1,22,3,5,"[1, 2, 1, 2]",1,False,False,4943921515860766,4943921518263291,18874368,2.3479039669036865,False,57982058496,spread,"[1523, 1906]"
two_pair_1_2,22,3,5,"[0, 1, 1, 0]",1,False,False,4943921528590492,4943921528660087,0,0,False,57982058496,spread,[]
six_2,22,3,5,"[2, 1, 2, 1]",1,False,False,4943921539689644,4943921541329412,9437184,1.591264009475708,False,57982058496,spread,[1906]
two_pair_2_3,22,3,5,"[0, 0, 1, 1]",1,False,False,4943921552401070,4943921554041050,9437184,1.5879679918289185,False,57982058496,spread,[82]
scale_14_rank,22,3,5,"[4, 4, 3, 3]",1,False,False,4943921564423317,4943921569124000,28311552,4.648064136505127,False,57982058496,spread,"[4788, 5171, 5554]"
two_pair_0_1,22,3,5,"[1, 1, 0, 0]",1,False,False,4943921581021919,4943921581118829,0,0,False,57982058496,spread,[]
scale_10_group,22,3,5,"[2, 3, 2, 3]",1,False,False,4943921593013229,4943921596977524,28311552,3.9017601013183594,False,57982058496,spread,"[2964, 3347, 3730]"
scale_62_group,22,3,5,"[15, 16, 15, 16]",1,False,False,4943921607256271,4943921631140832,150994944,23.842687606811523,False,57982058496,spread,"[3265, 3648, 4031, 4414, 4797, 5180, 5563, 5946, 185, 568, 951, 1334, 1717, 2100, 2483, 2866]"
scale_2_group,22,3,5,"[0, 1, 0, 1]",1,False,False,4943921641533273,4943921642401228,9437184,0.8197439908981323,False,57982058496,spread,[82]
scale_8_group,22,3,5,"[2, 2, 2, 2]",1,False,False,4943921652719187,4943921655872675,18874368,3.102976083755493,False,57982058496,spread,"[2435, 2818]"
two_pair_0_2,22,3,5,"[1, 0, 1, 0]",1,False,False,4943921666312899,4943921666378628,0,0,False,57982058496,spread,[]
concurrency_4_group,22,3,5,"[3, 4, 3, 4]",4,False,False,4943921677551456,4943921683078963,37748736,5.426080226898193,False,57982058496,spread,"[4405, 4788, 5171, 5554]"
scale_62_rank,22,3,5,"[16, 16, 15, 15]",1,False,False,4943921693449505,4943921716594582,141557760,23.098047256469727,False,57982058496,spread,"[3648, 4031, 4414, 4797, 5180, 5563, 5946, 185, 568, 951, 1334, 1717, 2100, 2483, 2866]"
two_pair_0_3,22,3,5,"[1, 0, 0, 1]",1,False,False,4943921728572500,4943921729492556,9437184,0.8432959914207458,False,57982058496,spread,[82]
scale_14_group,22,3,5,"[3, 4, 3, 4]",1,False,False,4943921739853156,4943921745332880,37748736,5.431615829467773,False,57982058496,spread,"[4405, 4788, 5171, 5554]"
concurrency_2_group,22,3,5,"[3, 4, 3, 4]",2,False,False,4943921755673778,4943921761174855,37748736,5.434847831726074,False,57982058496,spread,"[4405, 4788, 5171, 5554]"
six_0,23,3,5,"[2, 2, 1, 1]",1,False,False,4943921771518275,4943921773131894,9437184,1.5663360357284546,False,57982058496,spread,[2117]
scale_8_rank,23,3,5,"[2, 2, 2, 2]",1,False,False,4943921785036367,4943921788237996,18874368,3.13971209526062,False,57982058496,spread,"[2646, 3029]"
two_pair_0_2,23,3,5,"[1, 0, 1, 0]",1,False,False,4943921798587319,4943921798652888,0,0,False,57982058496,spread,[]
two_pair_1_2,23,3,5,"[0, 1, 1, 0]",1,False,False,4943921809820394,4943921809883082,0,0,False,57982058496,spread,[]
scale_14_rank,23,3,5,"[4, 4, 3, 3]",1,False,False,4943921821535111,4943921826256213,28311552,4.462944030761719,False,57982058496,spread,"[4999, 5382, 5765]"
scale_10_group,23,3,5,"[2, 3, 2, 3]",1,False,False,4943921838147617,4943921842090597,28311552,3.8952319622039795,False,57982058496,spread,"[3175, 3558, 3941]"
scale_6_rank,23,3,5,"[2, 2, 1, 1]",1,False,False,4943921852610233,4943921854241297,9437184,1.5783040523529053,False,57982058496,spread,[2117]
two_single_1,23,3,5,"[0, 2, 0, 0]",1,False,False,4943921866276770,4943921866345302,0,0,False,57982058496,spread,[]
two_pair_0_3,23,3,5,"[1, 0, 0, 1]",1,False,False,4943921878227684,4943921879143439,9437184,0.8395839929580688,False,57982058496,spread,[293]
scale_62_rank,23,3,5,"[16, 16, 15, 15]",1,False,False,4943921889502308,4943921912668474,141557760,23.111040115356445,False,57982058496,spread,"[3859, 4242, 4625, 5008, 5391, 5774, 13, 396, 779, 1162, 1545, 1928, 2311, 2694, 3077]"
concurrency_4_rank,23,3,5,"[4, 4, 3, 3]",4,False,False,4943921924477363,4943921929307222,28311552,4.709695816040039,False,57982058496,spread,"[4999, 5382, 5765]"
two_pair_0_1,23,3,5,"[1, 1, 0, 0]",1,False,False,4943921941137618,4943921941220846,0,0,False,57982058496,spread,[]
concurrency_2_rank,23,3,5,"[4, 4, 3, 3]",2,False,False,4943921953136628,4943921957886337,28311552,4.667520046234131,False,57982058496,spread,"[4999, 5382, 5765]"
concurrency_4_group,23,3,5,"[3, 4, 3, 4]",4,False,False,4943921969711495,4943921975270828,37748736,5.415584087371826,False,57982058496,spread,"[4616, 4999, 5382, 5765]"
six_2,23,3,5,"[2, 1, 2, 1]",1,False,False,4943921985740712,4943921987418423,9437184,1.6043200492858887,False,57982058496,spread,[2117]
two_single_2,23,3,5,"[0, 0, 2, 0]",1,False,False,4943921998563185,4943921998648784,0,0,False,57982058496,spread,[]
scale_14_group,23,3,5,"[3, 4, 3, 4]",1,False,False,4943922010552897,4943922016041722,37748736,5.419424057006836,False,57982058496,spread,"[4616, 4999, 5382, 5765]"
scale_8_group,23,3,5,"[2, 2, 2, 2]",1,False,False,4943922026357113,4943922029418819,18874368,3.00217604637146,False,57982058496,spread,"[2646, 3029]"
six_1,23,3,5,"[1, 2, 1, 2]",1,False,False,4943922039917382,4943922042322257,18874368,2.3557119369506836,False,57982058496,spread,"[1734, 2117]"
scale_2_rank,23,3,5,"[1, 1, 0, 0]",1,False,False,4943922052683811,4943922052749540,0,0,False,57982058496,spread,[]
scale_50_group,23,3,5,"[12, 13, 12, 13]",1,False,False,4943922064813539,4943922084143981,122683392,19.19308853149414,False,57982058496,spread,"[5297, 5680, 6063, 302, 685, 1068, 1451, 1834, 2217, 2600, 2983, 3366, 3749]"
scale_4_group,23,3,5,"[1, 1, 1, 1]",1,False,False,4943922094475263,4943922096112041,9437184,1.5867520570755005,False,57982058496,spread,[1205]
two_single_3,23,3,5,"[0, 0, 0, 2]",1,False,False,4943922106471491,4943922108104513,18874368,1.581663966178894,False,57982058496,spread,"[6054, 293]"
scale_6_group,23,3,5,"[1, 2, 1, 2]",1,False,False,4943922118517529,4943922120918839,18874368,2.3460159301757812,False,57982058496,spread,"[1734, 2117]"
scale_50_rank,23,3,5,"[13, 13, 12, 12]",1,False,False,4943922131649279,4943922150119886,113246208,18.418336868286133,False,57982058496,spread,"[5680, 6063, 302, 685, 1068, 1451, 1834, 2217, 2600, 2983, 3366, 3749]"
scale_2_group,23,3,5,"[0, 1, 0, 1]",1,False,False,4943922162271280,4943922163159331,9437184,0.8221120238304138,False,57982058496,spread,[293]
two_single_0,23,3,5,"[2, 0, 0, 0]",1,False,False,4943922173518866,4943922173585807,0,0,False,57982058496,spread,[]
two_pair_2_3,23,3,5,"[0, 0, 1, 1]",1,False,False,4943922185681116,4943922187284115,9437184,1.5553920269012451,False,57982058496,spread,[293]
two_pair_1_3,23,3,5,"[0, 1, 0, 1]",1,False,False,4943922197809086,4943922198719598,9437184,0.8352320194244385,False,57982058496,spread,[293]
scale_4_rank,23,3,5,"[1, 1, 1, 1]",1,False,False,4943922209023293,4943922210654999,9437184,1.5813440084457397,False,57982058496,spread,[1205]
concurrency_2_group,23,3,5,"[3, 4, 3, 4]",2,False,False,4943922221036570,4943922226517046,37748736,5.413695812225342,False,57982058496,spread,"[4616, 4999, 5382, 5765]"
scale_62_group,23,3,5,"[15, 16, 15, 16]",1,False,False,4943922236885745,4943922260786186,150994944,23.772512435913086,False,57982058496,spread,"[3476, 3859, 4242, 4625, 5008, 5391, 5774, 13, 396, 779, 1162, 1545, 1928, 2311, 2694, 3077]"
six_3,23,3,5,"[1, 1, 2, 2]",1,False,False,4943922271093626,4943922274262541,18874368,3.1205759048461914,False,57982058496,spread,"[1734, 2117]"
scale_10_rank,23,3,5,"[3, 3, 2, 2]",1,False,False,4943922284748854,4943922287895551,18874368,3.1021759510040283,False,57982058496,spread,"[3558, 3941]"
two_pair_0_1,24,3,5,"[1, 1, 0, 0]",1,False,False,4943922299920133,4943922300031083,0,0,False,57982058496,spread,[]
scale_8_rank,24,3,5,"[2, 2, 2, 2]",1,False,False,4943922311927680,4943922315174087,18874368,3.1433279514312744,False,57982058496,spread,"[2857, 3240]"
scale_62_rank,24,3,5,"[16, 16, 15, 15]",1,False,False,4943922325573346,4943922348757892,141557760,23.12918472290039,False,57982058496,spread,"[4070, 4453, 4836, 5219, 5602, 5985, 224, 607, 990, 1373, 1756, 2139, 2522, 2905, 3288]"
six_3,24,3,5,"[1, 1, 2, 2]",1,False,False,4943922360657047,4943922363849868,18874368,3.1300480365753174,False,57982058496,spread,"[1945, 2328]"
scale_2_rank,24,3,5,"[1, 1, 0, 0]",1,False,False,4943922374296718,4943922374358223,0,0,False,57982058496,spread,[]
scale_62_group,24,3,5,"[15, 16, 15, 16]",1,False,False,4943922386271874,4943922410214867,150994944,23.876768112182617,False,57982058496,spread,"[3687, 4070, 4453, 4836, 5219, 5602, 5985, 224, 607, 990, 1373, 1756, 2139, 2522, 2905, 3288]"
scale_50_rank,24,3,5,"[13, 13, 12, 12]",1,False,False,4943922420587056,4943922439472233,113246208,18.547840118408203,False,57982058496,spread,"[5891, 130, 513, 896, 1279, 1662, 2045, 2428, 2811, 3194, 3577, 3960]"
scale_14_rank,24,3,5,"[4, 4, 3, 3]",1,False,False,4943922451122208,4943922455846655,28311552,4.670591831207275,False,57982058496,spread,"[5210, 5593, 5976]"
two_single_3,24,3,5,"[0, 0, 0, 2]",1,False,False,4943922467966825,4943922469634365,18874368,1.5985920429229736,False,57982058496,spread,"[121, 504]"
scale_6_group,24,3,5,"[1, 2, 1, 2]",1,False,False,4943922480199974,4943922482605793,18874368,2.3558719158172607,False,57982058496,spread,"[1945, 2328]"
scale_8_group,24,3,5,"[2, 2, 2, 2]",1,False,False,4943922492941107,4943922496091761,18874368,3.1000959873199463,False,57982058496,spread,"[2857, 3240]"
two_pair_1_2,24,3,5,"[0, 1, 1, 0]",1,False,False,4943922506459346,4943922506527239,0,0,False,57982058496,spread,[]
two_pair_0_3,24,3,5,"[1, 0, 0, 1]",1,False,False,4943922517615267,4943922518478863,9437184,0.8197439908981323,False,57982058496,spread,[504]
scale_10_rank,24,3,5,"[3, 3, 2, 2]",1,False,False,4943922528800980,4943922531960381,18874368,3.106719970703125,False,57982058496,spread,"[3769, 4152]"
scale_6_rank,24,3,5,"[2, 2, 1, 1]",1,False,False,4943922543797552,4943922545457137,9437184,1.5795199871063232,False,57982058496,spread,[2328]
scale_4_rank,24,3,5,"[1, 1, 1, 1]",1,False,False,4943922557212343,4943922558868972,9437184,1.5928000211715698,False,57982058496,spread,[1416]
concurrency_2_group,24,3,5,"[3, 4, 3, 4]",2,False,False,4943922569246841,4943922574740288,37748736,5.426527976989746,False,57982058496,spread,"[4827, 5210, 5593, 5976]"
concurrency_4_group,24,3,5,"[3, 4, 3, 4]",4,False,False,4943922585090650,4943922590625096,37748736,5.425375938415527,False,57982058496,spread,"[4827, 5210, 5593, 5976]"
two_single_1,24,3,5,"[0, 2, 0, 0]",1,False,False,4943922600970059,4943922601032458,0,0,False,57982058496,spread,[]
scale_50_group,24,3,5,"[12, 13, 12, 13]",1,False,False,4943922612983626,4943922632376789,122683392,19.296863555908203,False,57982058496,spread,"[5508, 5891, 130, 513, 896, 1279, 1662, 2045, 2428, 2811, 3194, 3577, 3960]"
six_0,24,3,5,"[2, 2, 1, 1]",1,False,False,4943922642768305,4943922644441244,9437184,1.5931199789047241,False,57982058496,spread,[2328]
two_pair_0_2,24,3,5,"[1, 0, 1, 0]",1,False,False,4943922656333782,4943922656440075,0,0,False,57982058496,spread,[]
scale_14_group,24,3,5,"[3, 4, 3, 4]",1,False,False,4943922667571696,4943922673057362,37748736,5.436960220336914,False,57982058496,spread,"[4827, 5210, 5593, 5976]"
concurrency_2_rank,24,3,5,"[4, 4, 3, 3]",2,False,False,4943922683382496,4943922688121050,28311552,4.663487911224365,False,57982058496,spread,"[5210, 5593, 5976]"
six_1,24,3,5,"[1, 2, 1, 2]",1,False,False,4943922700006531,4943922702436884,18874368,2.3620800971984863,False,57982058496,spread,"[1945, 2328]"
scale_10_group,24,3,5,"[2, 3, 2, 3]",1,False,False,4943922712774522,4943922716699131,28311552,3.881376028060913,False,57982058496,spread,"[3386, 3769, 4152]"
six_2,24,3,5,"[2, 1, 2, 1]",1,False,False,4943922727682509,4943922729348473,9437184,1.5876480340957642,False,57982058496,spread,[2328]
two_single_2,24,3,5,"[0, 0, 2, 0]",1,False,False,4943922740834301,4943922740901803,0,0,False,57982058496,spread,[]
concurrency_4_rank,24,3,5,"[4, 4, 3, 3]",4,False,False,4943922754774040,4943922759589247,28311552,4.547071933746338,False,57982058496,spread,"[5210, 5593, 5976]"
two_single_0,24,3,5,"[2, 0, 0, 0]",1,False,False,4943922771874999,4943922771984402,0,0,False,57982058496,spread,[]
two_pair_2_3,24,3,5,"[0, 0, 1, 1]",1,False,False,4943922783979561,4943922785632503,9437184,1.5804799795150757,False,57982058496,spread,[504]
two_pair_1_3,24,3,5,"[0, 1, 0, 1]",1,False,False,4943922796091415,4943922796950844,9437184,0.8144959807395935,False,57982058496,spread,[504]
scale_4_group,24,3,5,"[1, 1, 1, 1]",1,False,False,4943922807232364,4943922808860698,9437184,1.580575942993164,False,57982058496,spread,[1416]
scale_2_group,24,3,5,"[0, 1, 0, 1]",1,False,False,4943922819209853,4943922820233303,9437184,0.8862400054931641,False,57982058496,spread,[504]
two_single_3,25,3,5,"[0, 0, 0, 2]",1,False,False,4943922830646304,4943922832338375,18874368,1.6160000562667847,False,57982058496,spread,"[332, 715]"
scale_6_group,25,3,5,"[1, 2, 1, 2]",1,False,False,4943922842632792,4943922845022255,18874368,2.3471360206604004,False,57982058496,spread,"[2156, 2539]"
scale_4_group,25,3,5,"[1, 1, 1, 1]",1,False,False,4943922855307119,4943922856925591,9437184,1.5726720094680786,False,57982058496,spread,[1627]
two_single_0,25,3,5,"[2, 0, 0, 0]",1,False,False,4943922867282321,4943922867356840,0,0,False,57982058496,spread,[]
scale_4_rank,25,3,5,"[1, 1, 1, 1]",1,False,False,4943922879212844,4943922880877284,9437184,1.5977599620819092,False,57982058496,spread,[1627]
scale_62_rank,25,3,5,"[16, 16, 15, 15]",1,False,False,4943922891252008,4943922914373802,141557760,23.07663917541504,False,57982058496,spread,"[4281, 4664, 5047, 5430, 5813, 52, 435, 818, 1201, 1584, 1967, 2350, 2733, 3116, 3499]"
two_pair_0_3,25,3,5,"[1, 0, 0, 1]",1,False,False,4943922926345245,4943922927208444,9437184,0.8162239789962769,False,57982058496,spread,[715]
scale_14_group,25,3,5,"[3, 4, 3, 4]",1,False,False,4943922937632732,4943922943102039,37748736,5.426208019256592,False,57982058496,spread,"[5038, 5421, 5804, 43]"
scale_8_rank,25,3,5,"[2, 2, 2, 2]",1,False,False,4943922953452993,4943922956608080,18874368,3.1092159748077393,False,57982058496,spread,"[3068, 3451]"
scale_2_group,25,3,5,"[0, 1, 0, 1]",1,False,False,4943922966894062,4943922967754062,9437184,0.8125759959220886,False,57982058496,spread,[715]
two_pair_1_2,25,3,5,"[0, 1, 1, 0]",1,False,False,4943922978016134,4943922978077442,0,0,False,57982058496,spread,[]
six_3,25,3,5,"[1, 1, 2, 2]",1,False,False,4943922989145893,4943922992296165,18874368,3.1110401153564453,False,57982058496,spread,"[2156, 2539]"
six_1,25,3,5,"[1, 2, 1, 2]",1,False,False,4943923002598449,4943923004993126,18874368,2.3473598957061768,False,57982058496,spread,"[2156, 2539]"
scale_2_rank,25,3,5,"[1, 1, 0, 0]",1,False,False,4943923015377555,4943923015452976,0,0,False,57982058496,spread,[]
scale_10_rank,25,3,5,"[3, 3, 2, 2]",1,False,False,4943923027288379,4943923030565681,18874368,3.149247884750366,False,57982058496,spread,"[3980, 4363]"
scale_50_rank,25,3,5,"[13, 13, 12, 12]",1,False,False,4943923042438667,4943923060856765,113246208,18.32054328918457,False,57982058496,spread,"[6102, 341, 724, 1107, 1490, 1873, 2256, 2639, 3022, 3405, 3788, 4171]"
two_pair_2_3,25,3,5,"[0, 0, 1, 1]",1,False,False,4943923073320217,4943923074962224,9437184,1.5810879468917847,False,57982058496,spread,[715]
scale_6_rank,25,3,5,"[2, 2, 1, 1]",1,False,False,4943923085317159,4943923086938296,9437184,1.578752040863037,False,57982058496,spread,[2539]
six_0,25,3,5,"[2, 2, 1, 1]",1,False,False,4943923098846292,4943923100433054,9437184,1.5451840162277222,False,57982058496,spread,[2539]
concurrency_2_rank,25,3,5,"[4, 4, 3, 3]",2,False,False,4943923112392231,4943923117135458,28311552,4.651199817657471,False,57982058496,spread,"[5421, 5804, 43]"
two_pair_0_1,25,3,5,"[1, 1, 0, 0]",1,False,False,4943923129028262,4943923129095907,0,0,False,57982058496,spread,[]
scale_14_rank,25,3,5,"[4, 4, 3, 3]",1,False,False,4943923141034310,4943923145709032,28311552,4.628992080688477,False,57982058496,spread,"[5421, 5804, 43]"
scale_10_group,25,3,5,"[2, 3, 2, 3]",1,False,False,4943923157649041,4943923161608991,28311552,3.8904318809509277,False,57982058496,spread,"[3597, 3980, 4363]"
concurrency_2_group,25,3,5,"[3, 4, 3, 4]",2,False,False,4943923171921427,4943923177415129,37748736,5.432799816131592,False,57982058496,spread,"[5038, 5421, 5804, 43]"
two_single_2,25,3,5,"[0, 0, 2, 0]",1,False,False,4943923187755814,4943923187825490,0,0,False,57982058496,spread,[]
scale_8_group,25,3,5,"[2, 2, 2, 2]",1,False,False,4943923199830592,4943923202987883,18874368,3.1149439811706543,False,57982058496,spread,"[3068, 3451]"
scale_62_group,25,3,5,"[15, 16, 15, 16]",1,False,False,4943923213400933,4943923237319654,150994944,23.875167846679688,False,57982058496,spread,"[3898, 4281, 4664, 5047, 5430, 5813, 52, 435, 818, 1201, 1584, 1967, 2350, 2733, 3116, 3499]"
two_single_1,25,3,5,"[0, 2, 0, 0]",1,False,False,4943923247659666,4943923247728404,0,0,False,57982058496,spread,[]
two_pair_1_3,25,3,5,"[0, 1, 0, 1]",1,False,False,4943923259799889,4943923260709157,9437184,0.8332800269126892,False,57982058496,spread,[715]
six_2,25,3,5,"[2, 1, 2, 1]",1,False,False,4943923271014741,4943923272644395,9437184,1.5794880390167236,False,57982058496,spread,[2539]
concurrency_4_group,25,3,5,"[3, 4, 3, 4]",4,False,False,4943923283815149,4943923289329602,37748736,5.410560131072998,False,57982058496,spread,"[5038, 5421, 5804, 43]"
two_pair_0_2,25,3,5,"[1, 0, 1, 0]",1,False,False,4943923299671825,4943923299735564,0,0,False,57982058496,spread,[]
scale_50_group,25,3,5,"[12, 13, 12, 13]",1,False,False,4943923310921907,4943923330205418,122683392,19.23686408996582,False,57982058496,spread,"[5719, 6102, 341, 724, 1107, 1490, 1873, 2256, 2639, 3022, 3405, 3788, 4171]"
concurrency_4_rank,25,3,5,"[4, 4, 3, 3]",4,False,False,4943923340972757,4943923345727065,28311552,4.644800186157227,False,57982058496,spread,"[5421, 5804, 43]"
two_single_3,26,3,5,"[0, 0, 0, 2]",1,False,False,4943923357731146,4943923359389383,18874368,1.590559959411621,False,57982058496,spread,"[543, 926]"
two_pair_2_3,26,3,5,"[0, 0, 1, 1]",1,False,False,4943923369787047,4943923371344419,9437184,1.5104639530181885,False,57982058496,spread,[926]
concurrency_2_rank,26,3,5,"[4, 4, 3, 3]",2,False,False,4943923381864577,4943923386573784,28311552,4.644896030426025,False,57982058496,spread,"[5632, 6015, 254]"
six_0,26,3,5,"[2, 2, 1, 1]",1,False,False,4943923398522612,4943923400167879,9437184,1.5842880010604858,False,57982058496,spread,[2750]
two_pair_1_3,26,3,5,"[0, 1, 0, 1]",1,False,False,4943923412135238,4943923413007760,9437184,0.8141120076179504,False,57982058496,spread,[926]
scale_50_rank,26,3,5,"[13, 13, 12, 12]",1,False,False,4943923423282789,4943923441790720,113246208,18.465696334838867,False,57982058496,spread,"[169, 552, 935, 1318, 1701, 2084, 2467, 2850, 3233, 3616, 3999, 4382]"
two_single_0,26,3,5,"[2, 0, 0, 0]",1,False,False,4943923453754657,4943923453841616,0,0,False,57982058496,spread,[]
two_single_1,26,3,5,"[0, 2, 0, 0]",1,False,False,4943923465836360,4943923465926587,0,0,False,57982058496,spread,[]
scale_4_group,26,3,5,"[1, 1, 1, 1]",1,False,False,4943923477878596,4943923479552712,9437184,1.6024320125579834,False,57982058496,spread,[1838]
concurrency_4_group,26,3,5,"[3, 4, 3, 4]",4,False,False,4943923489885726,4943923495417261,37748736,5.42793607711792,False,57982058496,spread,"[5249, 5632, 6015, 254]"
scale_62_rank,26,3,5,"[16, 16, 15, 15]",1,False,False,4943923505786874,4943923528899063,141557760,23.05740737915039,False,57982058496,spread,"[4492, 4875, 5258, 5641, 6024, 263, 646, 1029, 1412, 1795, 2178, 2561, 2944, 3327, 3710]"
scale_4_rank,26,3,5,"[1, 1, 1, 1]",1,False,False,4943923540870912,4943923542529542,9437184,1.5911999940872192,False,57982058496,spread,[1838]
scale_14_group,26,3,5,"[3, 4, 3, 4]",1,False,False,4943923552891387,4943923558385353,37748736,5.442592144012451,False,57982058496,spread,"[5249, 5632, 6015, 254]"
six_2,26,3,5,"[2, 1, 2, 1]",1,False,False,4943923568685781,4943923570358193,9437184,1.6010559797286987,False,57982058496,spread,[2750]
two_pair_0_3,26,3,5,"[1, 0, 0, 1]",1,False,False,4943923581471585,4943923582346156,9437184,0.8211519718170166,False,57982058496,spread,[926]
scale_62_group,26,3,5,"[15, 16, 15, 16]",1,False,False,4943923592649980,4943923616616946,150994944,23.919584274291992,False,57982058496,spread,"[4109, 4492, 4875, 5258, 5641, 6024, 263, 646, 1029, 1412, 1795, 2178, 2561, 2944, 3327, 3710]"
scale_6_rank,26,3,5,"[2, 2, 1, 1]",1,False,False,4943923627336199,4943923628947344,9437184,1.5594559907913208,False,57982058496,spread,[2750]
scale_8_group,26,3,5,"[2, 2, 2, 2]",1,False,False,4943923640913167,4943923644141185,18874368,2.954240083694458,False,57982058496,spread,"[3279, 3662]"
scale_2_rank,26,3,5,"[1, 1, 0, 0]",1,False,False,4943923654640229,4943923654724670,0,0,False,57982058496,spread,[]
two_pair_0_1,26,3,5,"[1, 1, 0, 0]",1,False,False,4943923666721110,4943923666804769,0,0,False,57982058496,spread,[]
scale_8_rank,26,3,5,"[2, 2, 2, 2]",1,False,False,4943923678613189,4943923681739188,18874368,3.078432083129883,False,57982058496,spread,"[3279, 3662]"
two_pair_0_2,26,3,5,"[1, 0, 1, 0]",1,False,False,4943923692197083,4943923692261066,0,0,False,57982058496,spread,[]
scale_10_group,26,3,5,"[2, 3, 2, 3]",1,False,False,4943923703413023,4943923707373845,28311552,3.911936044692993,False,57982058496,spread,"[3808, 4191, 4574]"
scale_10_rank,26,3,5,"[3, 3, 2, 2]",1,False,False,4943923717748523,4943923720935260,18874368,3.13321590423584,False,57982058496,spread,"[4191, 4574]"
scale_50_group,26,3,5,"[12, 13, 12, 13]",1,False,False,4943923732846882,4943923752238764,122683392,19.315488815307617,False,57982058496,spread,"[5930, 169, 552, 935, 1318, 1701, 2084, 2467, 2850, 3233, 3616, 3999, 4382]"
concurrency_4_rank,26,3,5,"[4, 4, 3, 3]",4,False,False,4943923762555860,4943923767359274,28311552,4.696256160736084,False,57982058496,spread,"[5632, 6015, 254]"
six_3,26,3,5,"[1, 1, 2, 2]",1,False,False,4943923779184979,4943923782393244,18874368,3.1373438835144043,False,57982058496,spread,"[2367, 2750]"
six_1,26,3,5,"[1, 2, 1, 2]",1,False,False,4943923792868296,4943923795300436,18874368,2.386336088180542,False,57982058496,spread,"[2367, 2750]"
two_pair_1_2,26,3,5,"[0, 1, 1, 0]",1,False,False,4943923805602511,4943923805664540,0,0,False,57982058496,spread,[]
scale_14_rank,26,3,5,"[4, 4, 3, 3]",1,False,False,4943923816784569,4943923821475004,28311552,4.651199817657471,False,57982058496,spread,"[5632, 6015, 254]"
scale_6_group,26,3,5,"[1, 2, 1, 2]",1,False,False,4943923833424005,4943923835810239,18874368,2.343967914581299,False,57982058496,spread,"[2367, 2750]"
scale_2_group,26,3,5,"[0, 1, 0, 1]",1,False,False,4943923846166218,4943923847024049,9437184,0.814624011516571,False,57982058496,spread,[926]
two_single_2,26,3,5,"[0, 0, 2, 0]",1,False,False,4943923857305102,4943923857367064,0,0,False,57982058496,spread,[]
concurrency_2_group,26,3,5,"[3, 4, 3, 4]",2,False,False,4943923869558182,4943923875044791,37748736,5.4258880615234375,False,57982058496,spread,"[5249, 5632, 6015, 254]"
two_pair_0_2,27,3,5,"[1, 0, 1, 0]",1,False,False,4943923885387575,4943923885454432,0,0,False,57982058496,spread,[]
scale_50_rank,27,3,5,"[13, 13, 12, 12]",1,False,False,4943923896588434,4943923915129962,113246208,18.50111961364746,False,57982058496,spread,"[380, 763, 1146, 1529, 1912, 2295, 2678, 3061, 3444, 3827, 4210, 4593]"
scale_50_group,27,3,5,"[12, 13, 12, 13]",1,False,False,4943923927422597,4943923946762646,122683392,19.26643180847168,False,57982058496,spread,"[6141, 380, 763, 1146, 1529, 1912, 2295, 2678, 3061, 3444, 3827, 4210, 4593]"
six_2,27,3,5,"[2, 1, 2, 1]",1,False,False,4943923957080796,4943923958721221,9437184,1.5848000049591064,False,57982058496,spread,[2961]
scale_6_group,27,3,5,"[1, 2, 1, 2]",1,False,False,4943923970059570,4943923972456881,18874368,2.350816011428833,False,57982058496,spread,"[2578, 2961]"
scale_6_rank,27,3,5,"[2, 2, 1, 1]",1,False,False,4943923982783149,4943923984394131,9437184,1.5662720203399658,False,57982058496,spread,[2961]
two_single_3,27,3,5,"[0, 0, 0, 2]",1,False,False,4943923996272326,4943923997913319,18874368,1.5834239721298218,False,57982058496,spread,"[754, 1137]"
two_single_1,27,3,5,"[0, 2, 0, 0]",1,False,False,4943924008363310,4943924008433073,0,0,False,57982058496,spread,[]
two_pair_2_3,27,3,5,"[0, 0, 1, 1]",1,False,False,4943924020484735,4943924022174906,9437184,1.6006720066070557,False,57982058496,spread,[1137]
scale_8_group,27,3,5,"[2, 2, 2, 2]",1,False,False,4943924032756852,4943924035934159,18874368,3.124000072479248,False,57982058496,spread,"[3490, 3873]"
scale_4_group,27,3,5,"[1, 1, 1, 1]",1,False,False,4943924046346520,4943924047985447,9437184,1.5834239721298218,False,57982058496,spread,[2049]
scale_14_group,27,3,5,"[3, 4, 3, 4]",1,False,False,4943924058395979,4943924063864440,37748736,5.419968128204346,False,57982058496,spread,"[5460, 5843, 82, 465]"
two_pair_0_3,27,3,5,"[1, 0, 0, 1]",1,False,False,4943924074310441,4943924075176947,9437184,0.8155199885368347,False,57982058496,spread,[1137]
scale_8_rank,27,3,5,"[2, 2, 2, 2]",1,False,False,4943924085542584,4943924088705254,18874368,3.1101438999176025,False,57982058496,spread,"[3490, 3873]"
six_3,27,3,5,"[1, 1, 2, 2]",1,False,False,4943924099041089,4943924102188559,18874368,3.103519916534424,False,57982058496,spread,"[2578, 2961]"
scale_62_group,27,3,5,"[15, 16, 15, 16]",1,False,False,4943924112696469,4943924136581847,150994944,23.83897590637207,False,57982058496,spread,"[4320, 4703, 5086, 5469, 5852, 91, 474, 857, 1240, 1623, 2006, 2389, 2772, 3155, 3538, 3921]"
six_0,27,3,5,"[2, 2, 1, 1]",1,False,False,4943924146993852,4943924148638743,9437184,1.589184045791626,False,57982058496,spread,[2961]
concurrency_2_group,27,3,5,"[3, 4, 3, 4]",2,False,False,4943924160569326,4943924166064733,37748736,5.4082560539245605,False,57982058496,spread,"[5460, 5843, 82, 465]"
six_1,27,3,5,"[1, 2, 1, 2]",1,False,False,4943924176445359,4943924178834361,18874368,2.347424030303955,False,57982058496,spread,"[2578, 2961]"
scale_2_group,27,3,5,"[0, 1, 0, 1]",1,False,False,4943924189172620,4943924190035609,9437184,0.8135679960250854,False,57982058496,spread,[1137]
two_pair_1_3,27,3,5,"[0, 1, 0, 1]",1,False,False,4943924200349909,4943924201198090,9437184,0.8071680068969727,False,57982058496,spread,[1137]
two_single_0,27,3,5,"[2, 0, 0, 0]",1,False,False,4943924211510430,4943924211570575,0,0,False,57982058496,spread,[]
scale_62_rank,27,3,5,"[16, 16, 15, 15]",1,False,False,4943924223473901,4943924246722452,141557760,23.15443229675293,False,57982058496,spread,"[4703, 5086, 5469, 5852, 91, 474, 857, 1240, 1623, 2006, 2389, 2772, 3155, 3538, 3921]"
scale_10_group,27,3,5,"[2, 3, 2, 3]",1,False,False,4943924258500086,4943924262466799,28311552,3.8750081062316895,False,57982058496,spread,"[4019, 4402, 4785]"
scale_4_rank,27,3,5,"[1, 1, 1, 1]",1,False,False,4943924272791810,4943924274114917,9437184,1.27401602268219,False,57982058496,spread,[2049]
two_single_2,27,3,5,"[0, 0, 2, 0]",1,False,False,4943924285091781,4943924285151191,0,0,False,57982058496,spread,[]
two_pair_1_2,27,3,5,"[0, 1, 1, 0]",1,False,False,4943924297134688,4943924297222936,0,0,False,57982058496,spread,[]
scale_14_rank,27,3,5,"[4, 4, 3, 3]",1,False,False,4943924308330377,4943924313024960,28311552,4.656832218170166,False,57982058496,spread,"[5843, 82, 465]"
concurrency_2_rank,27,3,5,"[4, 4, 3, 3]",2,False,False,4943924325000972,4943924329765587,28311552,4.6657280921936035,False,57982058496,spread,"[5843, 82, 465]"
two_pair_0_1,27,3,5,"[1, 1, 0, 0]",1,False,False,4943924341701628,4943924341791907,0,0,False,57982058496,spread,[]
scale_2_rank,27,3,5,"[1, 1, 0, 0]",1,False,False,4943924353690527,4943924353778344,0,0,False,57982058496,spread,[]
concurrency_4_rank,27,3,5,"[4, 4, 3, 3]",4,False,False,4943924365683814,4943924370474334,28311552,4.68287992477417,False,57982058496,spread,"[5843, 82, 465]"
scale_10_rank,27,3,5,"[3, 3, 2, 2]",1,False,False,4943924382299395,4943924385483651,18874368,3.1262080669403076,False,57982058496,spread,"[4402, 4785]"
concurrency_4_group,27,3,5,"[3, 4, 3, 4]",4,False,False,4943924397408945,4943924402932834,37748736,5.425312042236328,False,57982058496,spread,"[5460, 5843, 82, 465]"
two_pair_0_3,28,3,5,"[1, 0, 0, 1]",1,False,False,4943924413338917,4943924414185539,9437184,0.8074560165405273,False,57982058496,spread,[1348]
concurrency_4_group,28,3,5,"[3, 4, 3, 4]",4,False,False,4943924424501239,4943924430006852,37748736,5.416255950927734,False,57982058496,spread,"[5671, 6054, 293, 676]"
scale_50_group,28,3,5,"[12, 13, 12, 13]",1,False,False,4943924440384400,4943924459692322,122683392,19.262271881103516,False,57982058496,spread,"[208, 591, 974, 1357, 1740, 2123, 2506, 2889, 3272, 3655, 4038, 4421, 4804]"
scale_50_rank,28,3,5,"[13, 13, 12, 12]",1,False,False,4943924470121273,4943924488671039,113246208,18.50182342529297,False,57982058496,spread,"[591, 974, 1357, 1740, 2123, 2506, 2889, 3272, 3655, 4038, 4421, 4804]"
scale_10_rank,28,3,5,"[3, 3, 2, 2]",1,False,False,4943924500600024,4943924503741225,18874368,3.0945920944213867,False,57982058496,spread,"[4613, 4996]"
scale_2_group,28,3,5,"[0, 1, 0, 1]",1,False,False,4943924515905451,4943924516796559,9437184,0.8242239952087402,False,57982058496,spread,[1348]
scale_62_rank,28,3,5,"[16, 16, 15, 15]",1,False,False,4943924527121711,4943924550237410,141557760,23.074079513549805,False,57982058496,spread,"[4914, 5297, 5680, 6063, 302, 685, 1068, 1451, 1834, 2217, 2600, 2983, 3366, 3749, 4132]"
scale_10_group,28,3,5,"[2, 3, 2, 3]",1,False,False,4943924562625380,4943924566577147,28311552,3.8766720294952393,False,57982058496,spread,"[4230, 4613, 4996]"
scale_14_group,28,3,5,"[3, 4, 3, 4]",1,False,False,4943924576935887,4943924582399441,37748736,5.419328212738037,False,57982058496,spread,"[5671, 6054, 293, 676]"
scale_4_rank,28,3,5,"[1, 1, 1, 1]",1,False,False,4943924592786209,4943924594388617,9437184,1.5591039657592773,False,57982058496,spread,[2260]
scale_6_group,28,3,5,"[1, 2, 1, 2]",1,False,False,4943924604798699,4943924607185834,18874368,2.3434879779815674,False,57982058496,spread,"[2789, 3172]"
scale_8_rank,28,3,5,"[2, 2, 2, 2]",1,False,False,4943924617570252,4943924620729344,18874368,3.1154561042785645,False,57982058496,spread,"[3701, 4084]"
two_single_2,28,3,5,"[0, 0, 2, 0]",1,False,False,4943924631047478,4943924631109377,0,0,False,57982058496,spread,[]
scale_6_rank,28,3,5,"[2, 2, 1, 1]",1,False,False,4943924642926381,4943924644561735,9437184,1.5870720148086548,False,57982058496,spread,[3172]
concurrency_4_rank,28,3,5,"[4, 4, 3, 3]",4,False,False,4943924656466664,4943924661242909,28311552,4.664000034332275,False,57982058496,spread,"[6054, 293, 676]"
scale_2_rank,28,3,5,"[1, 1, 0, 0]",1,False,False,4943924673220795,4943924673291492,0,0,False,57982058496,spread,[]
scale_62_group,28,3,5,"[15, 16, 15, 16]",1,False,False,4943924685224847,4943924709148527,150994944,23.85683250427246,False,57982058496,spread,"[4531, 4914, 5297, 5680, 6063, 302, 685, 1068, 1451, 1834, 2217, 2600, 2983, 3366, 3749, 4132]"
two_pair_2_3,28,3,5,"[0, 0, 1, 1]",1,False,False,4943924719535729,4943924721182384,9437184,1.593440055847168,False,57982058496,spread,[1348]
scale_14_rank,28,3,5,"[4, 4, 3, 3]",1,False,False,4943924731490428,4943924736199116,28311552,4.658720016479492,False,57982058496,spread,"[6054, 293, 676]"
concurrency_2_group,28,3,5,"[3, 4, 3, 4]",2,False,False,4943924748187354,4943924753725030,37748736,5.4390082359313965,False,57982058496,spread,"[5671, 6054, 293, 676]"
scale_8_group,28,3,5,"[2, 2, 2, 2]",1,False,False,4943924764069277,4943924767238263,18874368,3.115231990814209,False,57982058496,spread,"[3701, 4084]"
concurrency_2_rank,28,3,5,"[4, 4, 3, 3]",2,False,False,4943924777667554,4943924782393105,28311552,4.6630401611328125,False,57982058496,spread,"[6054, 293, 676]"
two_single_3,28,3,5,"[0, 0, 0, 2]",1,False,False,4943924794322870,4943924795964978,18874368,1.5833920240402222,False,57982058496,spread,"[965, 1348]"
two_single_0,28,3,5,"[2, 0, 0, 0]",1,False,False,4943924806257743,4943924806317348,0,0,False,57982058496,spread,[]
two_pair_0_1,28,3,5,"[1, 1, 0, 0]",1,False,False,4943924818253509,4943924818339524,0,0,False,57982058496,spread,[]
two_single_1,28,3,5,"[0, 2, 0, 0]",1,False,False,4943924830259500,4943924830342982,0,0,False,57982058496,spread,[]
two_pair_1_2,28,3,5,"[0, 1, 1, 0]",1,False,False,4943924842279879,4943924842343060,0,0,False,57982058496,spread,[]
two_pair_1_3,28,3,5,"[0, 1, 0, 1]",1,False,False,4943924853465977,4943924854332790,9437184,0.8237119913101196,False,57982058496,spread,[1348]
six_0,28,3,5,"[2, 2, 1, 1]",1,False,False,4943924864620702,4943924866278882,9437184,1.3975679874420166,False,57982058496,spread,[3172]
scale_4_group,28,3,5,"[1, 1, 1, 1]",1,False,False,4943924878113167,4943924879761730,9437184,1.584671974182129,False,57982058496,spread,[2260]
two_pair_0_2,28,3,5,"[1, 0, 1, 0]",1,False,False,4943924890161275,4943924890224724,0,0,False,57982058496,spread,[]
six_3,28,3,5,"[1, 1, 2, 2]",1,False,False,4943924901767444,4943924904936192,18874368,3.1021440029144287,False,57982058496,spread,"[2789, 3172]"
six_2,28,3,5,"[2, 1, 2, 1]",1,False,False,4943924915280318,4943924916918174,9437184,1.5857280492782593,False,57982058496,spread,[3172]
six_1,28,3,5,"[1, 2, 1, 2]",1,False,False,4943924928015788,4943924930407998,18874368,2.3469760417938232,False,57982058496,spread,"[2789, 3172]"
two_pair_0_2,29,3,5,"[1, 0, 1, 0]",1,False,False,4943924940785201,4943924940855056,0,0,False,57982058496,spread,[]
scale_6_rank,29,3,5,"[2, 2, 1, 1]",1,False,False,4943924952000709,4943924953623933,9437184,1.5774400234222412,False,57982058496,spread,[3383]
scale_4_rank,29,3,5,"[1, 1, 1, 1]",1,False,False,4943924965538516,4943924967135183,9437184,1.545151948928833,False,57982058496,spread,[2471]
concurrency_4_group,29,3,5,"[3, 4, 3, 4]",4,False,False,4943924977540007,4943924983087489,37748736,5.425119876861572,False,57982058496,spread,"[5882, 121, 504, 887]"
concurrency_2_rank,29,3,5,"[4, 4, 3, 3]",2,False,False,4943924993442902,4943924998191175,28311552,4.662367820739746,False,57982058496,spread,"[121, 504, 887]"
scale_62_rank,29,3,5,"[16, 16, 15, 15]",1,False,False,4943925010113727,4943925033240444,141557760,23.06096076965332,False,57982058496,spread,"[5125, 5508, 5891, 130, 513, 896, 1279, 1662, 2045, 2428, 2811, 3194, 3577, 3960, 4343]"
two_pair_0_1,29,3,5,"[1, 1, 0, 0]",1,False,False,4943925045218741,4943925045319146,0,0,False,57982058496,spread,[]
scale_14_rank,29,3,5,"[4, 4, 3, 3]",1,False,False,4943925057320947,4943925062094696,28311552,4.7072319984436035,False,57982058496,spread,"[121, 504, 887]"
two_pair_2_3,29,3,5,"[0, 0, 1, 1]",1,False,False,4943925073956279,4943925075594172,9437184,1.5824960470199585,False,57982058496,spread,[1559]
scale_50_group,29,3,5,"[12, 13, 12, 13]",1,False,False,4943925085959443,4943925105353502,122683392,19.348127365112305,False,57982058496,spread,"[419, 802, 1185, 1568, 1951, 2334, 2717, 3100, 3483, 3866, 4249, 4632, 5015]"
two_single_3,29,3,5,"[0, 0, 0, 2]",1,False,False,4943925116106426,4943925117741059,18874368,1.588479995727539,False,57982058496,spread,"[1176, 1559]"
six_0,29,3,5,"[2, 2, 1, 1]",1,False,False,4943925128079171,4943925129666151,9437184,1.543552041053772,False,57982058496,spread,[3383]
scale_4_group,29,3,5,"[1, 1, 1, 1]",1,False,False,4943925141684554,4943925143354132,9437184,1.5979520082473755,False,57982058496,spread,[2471]
six_2,29,3,5,"[2, 1, 2, 1]",1,False,False,4943925153714416,4943925155347279,9437184,1.585312008857727,False,57982058496,spread,[3383]
scale_8_group,29,3,5,"[2, 2, 2, 2]",1,False,False,4943925166721048,4943925169909797,18874368,3.1319680213928223,False,57982058496,spread,"[3912, 4295]"
scale_6_group,29,3,5,"[1, 2, 1, 2]",1,False,False,4943925180287841,4943925182688815,18874368,2.353343963623047,False,57982058496,spread,"[3000, 3383]"
scale_8_rank,29,3,5,"[2, 2, 2, 2]",1,False,False,4943925193021311,4943925195866426,18874368,2.796351909637451,False,57982058496,spread,"[3912, 4295]"
two_single_1,29,3,5,"[0, 2, 0, 0]",1,False,False,4943925206655828,4943925206717777,0,0,False,57982058496,spread,[]
scale_10_rank,29,3,5,"[3, 3, 2, 2]",1,False,False,4943925218622603,4943925221787826,18874368,3.1075520515441895,False,57982058496,spread,"[4824, 5207]"
two_pair_1_3,29,3,5,"[0, 1, 0, 1]",1,False,False,4943925233815839,4943925234666839,9437184,0.8103039860725403,False,57982058496,spread,[1559]
two_single_2,29,3,5,"[0, 0, 2, 0]",1,False,False,4943925245041639,4943925245103128,0,0,False,57982058496,spread,[]
scale_14_group,29,3,5,"[3, 4, 3, 4]",1,False,False,4943925257181882,4943925262657761,37748736,5.415135860443115,False,57982058496,spread,"[5882, 121, 504, 887]"
scale_50_rank,29,3,5,"[13, 13, 12, 12]",1,False,False,4943925272999156,4943925291563010,113246208,18.520000457763672,False,57982058496,spread,"[802, 1185, 1568, 1951, 2334, 2717, 3100, 3483, 3866, 4249, 4632, 5015]"
six_3,29,3,5,"[1, 1, 2, 2]",1,False,False,4943925303600435,4943925306790844,18874368,3.1306240558624268,False,57982058496,spread,"[3000, 3383]"
scale_2_rank,29,3,5,"[1, 1, 0, 0]",1,False,False,4943925317179356,4943925317242702,0,0,False,57982058496,spread,[]
two_pair_1_2,29,3,5,"[0, 1, 1, 0]",1,False,False,4943925329307140,4943925329404048,0,0,False,57982058496,spread,[]
scale_2_group,29,3,5,"[0, 1, 0, 1]",1,False,False,4943925340556270,4943925341412279,9437184,0.8185279965400696,False,57982058496,spread,[1559]
six_1,29,3,5,"[1, 2, 1, 2]",1,False,False,4943925351694915,4943925354091463,18874368,2.354207992553711,False,57982058496,spread,"[3000, 3383]"
scale_10_group,29,3,5,"[2, 3, 2, 3]",1,False,False,4943925364417551,4943925368357737,28311552,3.89520001411438,False,57982058496,spread,"[4441, 4824, 5207]"
concurrency_4_rank,29,3,5,"[4, 4, 3, 3]",4,False,False,4943925378778559,4943925383528197,28311552,4.6594557762146,False,57982058496,spread,"[121, 504, 887]"
two_pair_0_3,29,3,5,"[1, 0, 0, 1]",1,False,False,4943925395567316,4943925396445404,9437184,0.8177279829978943,False,57982058496,spread,[1559]
scale_62_group,29,3,5,"[15, 16, 15, 16]",1,False,False,4943925406738564,4943925430678119,150994944,23.897632598876953,False,57982058496,spread,"[4742, 5125, 5508, 5891, 130, 513, 896, 1279, 1662, 2045, 2428, 2811, 3194, 3577, 3960, 4343]"
two_single_0,29,3,5,"[2, 0, 0, 0]",1,False,False,4943925441024529,4943925441090205,0,0,False,57982058496,spread,[]
concurrency_2_group,29,3,5,"[3, 4, 3, 4]",2,False,False,4943925453135662,4943925458646051,37748736,5.447743892669678,False,57982058496,spread,"[5882, 121, 504, 887]"
remote_2,-5,3,5,"[1, 1, 0, 0]",1,True,False,4943940398367588,4943940398614043,0,0,False,57982058496,spread,[]
remote_3,-5,3,5,"[1, 0, 1, 0]",1,True,False,4943940410899176,4943940411009756,0,0,False,57982058496,spread,[]
remote_0,-5,3,5,"[2, 2, 1, 1]",1,True,False,4943940422809232,4943940424518531,9437184,1.6220159530639648,False,57982058496,spread,[2353]
remote_1,-5,3,5,"[1, 2, 1, 2]",1,True,False,4943940436527977,4943940438974603,18874368,2.3712000846862793,False,57982058496,spread,"[1970, 2353]"
remote_2,-4,3,5,"[1, 1, 0, 0]",1,True,False,4943940449472037,4943940449549177,0,0,False,57982058496,spread,[]
remote_1,-4,3,5,"[1, 2, 1, 2]",1,True,False,4943940461663846,4943940464109874,18874368,2.3737919330596924,False,57982058496,spread,"[2181, 2564]"
remote_3,-4,3,5,"[1, 0, 1, 0]",1,True,False,4943940474545113,4943940474616534,0,0,False,57982058496,spread,[]
remote_0,-4,3,5,"[2, 2, 1, 1]",1,True,False,4943940485977252,4943940487619926,9437184,1.569983959197998,False,57982058496,spread,[2564]
remote_1,-3,3,5,"[1, 2, 1, 2]",1,True,False,4943940499735193,4943940502154580,18874368,2.3527040481567383,False,57982058496,spread,"[2392, 2775]"
remote_3,-3,3,5,"[1, 0, 1, 0]",1,True,False,4943940512676575,4943940512750348,0,0,False,57982058496,spread,[]
remote_2,-3,3,5,"[1, 1, 0, 0]",1,True,False,4943940524049613,4943940524157654,0,0,False,57982058496,spread,[]
remote_0,-3,3,5,"[2, 2, 1, 1]",1,True,False,4943940536383997,4943940538051753,9437184,1.602720022201538,False,57982058496,spread,[2775]
remote_3,-2,3,5,"[1, 0, 1, 0]",1,True,False,4943940550416601,4943940550677467,0,0,False,57982058496,spread,[]
remote_1,-2,3,5,"[1, 2, 1, 2]",1,True,False,4943940561847214,4943940564258629,18874368,2.3679039478302,False,57982058496,spread,"[2603, 2986]"
remote_2,-2,3,5,"[1, 1, 0, 0]",1,True,False,4943940574798055,4943940574864490,0,0,False,57982058496,spread,[]
remote_0,-2,3,5,"[2, 2, 1, 1]",1,True,False,4943940586855030,4943940588510820,9437184,1.5948799848556519,False,57982058496,spread,[2986]
remote_3,-1,3,5,"[1, 0, 1, 0]",1,True,False,4943940600562288,4943940600649485,0,0,False,57982058496,spread,[]
remote_2,-1,3,5,"[1, 1, 0, 0]",1,True,False,4943940611964793,4943940612058767,0,0,False,57982058496,spread,[]
remote_1,-1,3,5,"[1, 2, 1, 2]",1,True,False,4943940624225877,4943940626660682,18874368,2.3751039505004883,False,57982058496,spread,"[2814, 3197]"
remote_0,-1,3,5,"[2, 2, 1, 1]",1,True,False,4943940637114716,4943940638747205,9437184,1.5875200033187866,False,57982058496,spread,[3197]
remote_2,0,3,5,"[1, 1, 0, 0]",1,True,False,4943940650706541,4943940650778896,0,0,False,57982058496,spread,[]
remote_1,0,3,5,"[1, 2, 1, 2]",1,True,False,4943940662655893,4943940665070904,18874368,2.3678719997406006,False,57982058496,spread,"[3025, 3408]"
remote_3,0,3,5,"[1, 0, 1, 0]",1,True,False,4943940675482089,4943940675543974,0,0,False,57982058496,spread,[]
remote_0,0,3,5,"[2, 2, 1, 1]",1,True,False,4943940686674783,4943940688305262,9437184,1.5884480476379395,False,57982058496,spread,[3408]
remote_2,1,3,5,"[1, 1, 0, 0]",1,True,False,4943940700505930,4943940700596272,0,0,False,57982058496,spread,[]
remote_0,1,3,5,"[2, 2, 1, 1]",1,True,False,4943940712582216,4943940714233541,9437184,1.5115840435028076,False,57982058496,spread,[3619]
remote_1,1,3,5,"[1, 2, 1, 2]",1,True,False,4943940726204922,4943940728625534,18874368,2.3624958992004395,False,57982058496,spread,"[3236, 3619]"
remote_3,1,3,5,"[1, 0, 1, 0]",1,True,False,4943940738918711,4943940738982399,0,0,False,57982058496,spread,[]
remote_3,2,3,5,"[1, 0, 1, 0]",1,True,False,4943940750238113,4943940750297914,0,0,False,57982058496,spread,[]
remote_2,2,3,5,"[1, 1, 0, 0]",1,True,False,4943940761439143,4943940761500519,0,0,False,57982058496,spread,[]
remote_1,2,3,5,"[1, 2, 1, 2]",1,True,False,4943940773441525,4943940775869771,18874368,2.366015911102295,False,57982058496,spread,"[3447, 3830]"
remote_0,2,3,5,"[2, 2, 1, 1]",1,True,False,4943940786226273,4943940787876607,9437184,1.5940799713134766,False,57982058496,spread,[3830]
remote_3,3,3,5,"[1, 0, 1, 0]",1,True,False,4943940799785903,4943940799876391,0,0,False,57982058496,spread,[]
remote_1,3,3,5,"[1, 2, 1, 2]",1,True,False,4943940810994826,4943940813402257,18874368,2.353951930999756,False,57982058496,spread,"[3658, 4041]"
remote_0,3,3,5,"[2, 2, 1, 1]",1,True,False,4943940823782467,4943940825415500,9437184,1.5800319910049438,False,57982058496,spread,[4041]
remote_2,3,3,5,"[1, 1, 0, 0]",1,True,False,4943940837366311,4943940837453483,0,0,False,57982058496,spread,[]
remote_0,4,3,5,"[2, 2, 1, 1]",1,True,False,4943940849866834,4943940851534002,9437184,1.5903680324554443,False,57982058496,spread,[4252]
remote_2,4,3,5,"[1, 1, 0, 0]",1,True,False,4943940863384689,4943940863470081,0,0,False,57982058496,spread,[]
remote_3,4,3,5,"[1, 0, 1, 0]",1,True,False,4943940875357785,4943940875451728,0,0,False,57982058496,spread,[]
remote_1,4,3,5,"[1, 2, 1, 2]",1,True,False,4943940886575659,4943940888973763,18874368,2.1868479251861572,False,57982058496,spread,"[3869, 4252]"
remote_0,5,3,5,"[2, 2, 1, 1]",1,True,False,4943940899423372,4943940901064321,9437184,1.5860799551010132,False,57982058496,spread,[4463]
remote_3,5,3,5,"[1, 0, 1, 0]",1,True,False,4943940913019512,4943940913100094,0,0,False,57982058496,spread,[]
remote_1,5,3,5,"[1, 2, 1, 2]",1,True,False,4943940924236645,4943940926644127,18874368,2.359999895095825,False,57982058496,spread,"[4080, 4463]"
remote_2,5,3,5,"[1, 1, 0, 0]",1,True,False,4943940936992870,4943940937067052,0,0,False,57982058496,spread,[]
remote_2,6,3,5,"[1, 1, 0, 0]",1,True,False,4943940948957567,4943940949062613,0,0,False,57982058496,spread,[]
remote_3,6,3,5,"[1, 0, 1, 0]",1,True,False,4943940960848896,4943940960945459,0,0,False,57982058496,spread,[]
remote_1,6,3,5,"[1, 2, 1, 2]",1,True,False,4943940972036581,4943940974488239,18874368,2.384608030319214,False,57982058496,spread,"[4291, 4674]"
remote_0,6,3,5,"[2, 2, 1, 1]",1,True,False,4943940984806304,4943940986468848,9437184,1.5954240560531616,False,57982058496,spread,[4674]
remote_3,7,3,5,"[1, 0, 1, 0]",1,True,False,4943940998527752,4943940998606975,0,0,False,57982058496,spread,[]
remote_0,7,3,5,"[2, 2, 1, 1]",1,True,False,4943941010248926,4943941011889987,9437184,1.5837440490722656,False,57982058496,spread,[4885]
remote_1,7,3,5,"[1, 2, 1, 2]",1,True,False,4943941023918538,4943941026382041,18874368,2.3838400840759277,False,57982058496,spread,"[4502, 4885]"
remote_2,7,3,5,"[1, 1, 0, 0]",1,True,False,4943941036733210,4943941036837885,0,0,False,57982058496,spread,[]
remote_1,8,3,5,"[1, 2, 1, 2]",1,True,False,4943941048837215,4943941051299833,18874368,2.3300158977508545,False,57982058496,spread,"[4713, 5096]"
remote_3,8,3,5,"[1, 0, 1, 0]",1,True,False,4943941061603914,4943941061684936,0,0,False,57982058496,spread,[]
remote_2,8,3,5,"[1, 1, 0, 0]",1,True,False,4943941072802904,4943941072871128,0,0,False,57982058496,spread,[]
remote_0,8,3,5,"[2, 2, 1, 1]",1,True,False,4943941084870520,4943941086544394,9437184,1.6032320261001587,False,57982058496,spread,[5096]
remote_0,9,3,5,"[2, 2, 1, 1]",1,True,False,4943941098425689,4943941100075052,9437184,1.5876799821853638,False,57982058496,spread,[5307]
remote_3,9,3,5,"[1, 0, 1, 0]",1,True,False,4943941111959883,4943941112065882,0,0,False,57982058496,spread,[]
remote_2,9,3,5,"[1, 1, 0, 0]",1,True,False,4943941123220643,4943941123304799,0,0,False,57982058496,spread,[]
remote_1,9,3,5,"[1, 2, 1, 2]",1,True,False,4943941135119743,4943941137564068,18874368,2.3766400814056396,False,57982058496,spread,"[4924, 5307]"
remote_2,10,3,5,"[1, 1, 0, 0]",1,True,False,4943941147886658,4943941147961684,0,0,False,57982058496,spread,[]
remote_3,10,3,5,"[1, 0, 1, 0]",1,True,False,4943941160504262,4943941160598319,0,0,False,57982058496,spread,[]
remote_0,10,3,5,"[2, 2, 1, 1]",1,True,False,4943941172210129,4943941173856223,9437184,1.568287968635559,False,57982058496,spread,[5518]
remote_1,10,3,5,"[1, 2, 1, 2]",1,True,False,4943941185804511,4943941188258418,18874368,2.3760321140289307,False,57982058496,spread,"[5135, 5518]"
remote_0,11,3,5,"[2, 2, 1, 1]",1,True,False,4943941198577107,4943941200242593,9437184,1.5979520082473755,False,57982058496,spread,[5729]
remote_3,11,3,5,"[1, 0, 1, 0]",1,True,False,4943941212134603,4943941212494233,0,0,False,57982058496,spread,[]
remote_1,11,3,5,"[1, 2, 1, 2]",1,True,False,4943941223414399,4943941225823614,18874368,2.3577919006347656,False,57982058496,spread,"[5346, 5729]"
remote_2,11,3,5,"[1, 1, 0, 0]",1,True,False,4943941236205301,4943941236270741,0,0,False,57982058496,spread,[]
remote_0,12,3,5,"[2, 2, 1, 1]",1,True,False,4943941248260085,4943941249924696,9437184,1.5988160371780396,False,57982058496,spread,[5940]
remote_2,12,3,5,"[1, 1, 0, 0]",1,True,False,4943941261886138,4943941261977050,0,0,False,57982058496,spread,[]
remote_3,12,3,5,"[1, 0, 1, 0]",1,True,False,4943941273972321,4943941274056508,0,0,False,57982058496,spread,[]
remote_1,12,3,5,"[1, 2, 1, 2]",1,True,False,4943941285199053,4943941287602422,18874368,2.3672640323638916,False,57982058496,spread,"[5557, 5940]"
remote_0,13,3,5,"[2, 2, 1, 1]",1,True,False,4943941297964824,4943941299595395,9437184,1.587488055229187,False,57982058496,spread,[7]
remote_2,13,3,5,"[1, 1, 0, 0]",1,True,False,4943941312156712,4943941312244741,0,0,False,57982058496,spread,[]
remote_1,13,3,5,"[1, 2, 1, 2]",1,True,False,4943941324215993,4943941326651599,18874368,2.3772799968719482,False,57982058496,spread,"[5768, 7]"
remote_3,13,3,5,"[1, 0, 1, 0]",1,True,False,4943941337029077,4943941337100784,0,0,False,57982058496,spread,[]
remote_3,14,3,5,"[1, 0, 1, 0]",1,True,False,4943941348246196,4943941348316890,0,0,False,57982058496,spread,[]
remote_0,14,3,5,"[2, 2, 1, 1]",1,True,False,4943941359400493,4943941361034396,9437184,1.586624026298523,False,57982058496,spread,[218]
remote_1,14,3,5,"[1, 2, 1, 2]",1,True,False,4943941372953084,4943941375390170,18874368,2.1564159393310547,False,57982058496,spread,"[5979, 218]"
remote_2,14,3,5,"[1, 1, 0, 0]",1,True,False,4943941385873698,4943941385948145,0,0,False,57982058496,spread,[]
remote_1,15,3,5,"[1, 2, 1, 2]",1,True,False,4943941397913689,4943941400335333,18874368,2.360192060470581,False,57982058496,spread,"[46, 429]"
remote_2,15,3,5,"[1, 1, 0, 0]",1,True,False,4943941410674133,4943941410744239,0,0,False,57982058496,spread,[]
remote_3,15,3,5,"[1, 0, 1, 0]",1,True,False,4943941422606985,4943941422675461,0,0,False,57982058496,spread,[]
remote_0,15,3,5,"[2, 2, 1, 1]",1,True,False,4943941433812258,4943941435452352,9437184,1.5903680324554443,False,57982058496,spread,[429]
remote_2,16,3,5,"[1, 1, 0, 0]",1,True,False,4943941447353357,4943941447439901,0,0,False,57982058496,spread,[]
remote_0,16,3,5,"[2, 2, 1, 1]",1,True,False,4943941459814430,4943941461475015,9437184,1.59990394115448,False,57982058496,spread,[640]
remote_3,16,3,5,"[1, 0, 1, 0]",1,True,False,4943941473446417,4943941473526043,0,0,False,57982058496,spread,[]
remote_1,16,3,5,"[1, 2, 1, 2]",1,True,False,4943941484666400,4943941487076835,18874368,2.363935947418213,False,57982058496,spread,"[257, 640]"
remote_2,17,3,5,"[1, 1, 0, 0]",1,True,False,4943941497450553,4943941497518973,0,0,False,57982058496,spread,[]
remote_3,17,3,5,"[1, 0, 1, 0]",1,True,False,4943941509513903,4943941509595437,0,0,False,57982058496,spread,[]
remote_1,17,3,5,"[1, 2, 1, 2]",1,True,False,4943941520708303,4943941523103513,18874368,2.3490240573883057,False,57982058496,spread,"[468, 851]"
remote_0,17,3,5,"[2, 2, 1, 1]",1,True,False,4943941533456615,4943941535106919,9437184,1.5958720445632935,False,57982058496,spread,[851]
remote_1,18,3,5,"[1, 2, 1, 2]",1,True,False,4943941546916230,4943941549339639,18874368,2.358272075653076,False,57982058496,spread,"[679, 1062]"
remote_2,18,3,5,"[1, 1, 0, 0]",1,True,False,4943941559664767,4943941559742041,0,0,False,57982058496,spread,[]
remote_3,18,3,5,"[1, 0, 1, 0]",1,True,False,4943941571736997,4943941571821006,0,0,False,57982058496,spread,[]
remote_0,18,3,5,"[2, 2, 1, 1]",1,True,False,4943941583110763,4943941584738894,9437184,1.573472023010254,False,57982058496,spread,[1062]
remote_0,19,3,5,"[2, 2, 1, 1]",1,True,False,4943941596660724,4943941598309519,9437184,1.5914239883422852,False,57982058496,spread,[1273]
remote_2,19,3,5,"[1, 1, 0, 0]",1,True,False,4943941610232879,4943941610333502,0,0,False,57982058496,spread,[]
remote_1,19,3,5,"[1, 2, 1, 2]",1,True,False,4943941622839532,4943941625275300,18874368,2.3729920387268066,False,57982058496,spread,"[890, 1273]"
remote_3,19,3,5,"[1, 0, 1, 0]",1,True,False,4943941635612670,4943941635703809,0,0,False,57982058496,spread,[]
remote_3,20,3,5,"[1, 0, 1, 0]",1,True,False,4943941646870026,4943941646958729,0,0,False,57982058496,spread,[]
remote_1,20,3,5,"[1, 2, 1, 2]",1,True,False,4943941658605247,4943941661043017,18874368,2.374336004257202,False,57982058496,spread,"[1101, 1484]"
remote_2,20,3,5,"[1, 1, 0, 0]",1,True,False,4943941671346711,4943941671433585,0,0,False,57982058496,spread,[]
remote_0,20,3,5,"[2, 2, 1, 1]",1,True,False,4943941683414436,4943941685104305,9437184,1.6123839616775513,False,57982058496,spread,[1484]
remote_2,21,3,5,"[1, 1, 0, 0]",1,True,False,4943941697019107,4943941697126292,0,0,False,57982058496,spread,[]
remote_1,21,3,5,"[1, 2, 1, 2]",1,True,False,4943941709115031,4943941711597314,18874368,2.1712639331817627,False,57982058496,spread,"[1312, 1695]"
remote_0,21,3,5,"[2, 2, 1, 1]",1,True,False,4943941722175988,4943941723841446,9437184,1.59990394115448,False,57982058496,spread,[1695]
remote_3,21,3,5,"[1, 0, 1, 0]",1,True,False,4943941735794355,4943941735923650,0,0,False,57982058496,spread,[]
remote_0,22,3,5,"[2, 2, 1, 1]",1,True,False,4943941747089923,4943941748782436,9437184,1.617408037185669,False,57982058496,spread,[1906]
remote_2,22,3,5,"[1, 1, 0, 0]",1,True,False,4943941760726143,4943941760825932,0,0,False,57982058496,spread,[]
remote_1,22,3,5,"[1, 2, 1, 2]",1,True,False,4943941773386885,4943941775829176,18874368,2.3700480461120605,False,57982058496,spread,"[1523, 1906]"
remote_3,22,3,5,"[1, 0, 1, 0]",1,True,False,4943941786209920,4943941786296998,0,0,False,57982058496,spread,[]
remote_1,23,3,5,"[1, 2, 1, 2]",1,True,False,4943941797487108,4943941799938873,18874368,2.3783040046691895,False,57982058496,spread,"[1734, 2117]"
remote_3,23,3,5,"[1, 0, 1, 0]",1,True,False,4943941819494379,4943941840130807,0,0,False,57982058496,spread,[]
remote_0,23,3,5,"[2, 2, 1, 1]",1,True,False,4943941866019402,4943941876954863,9437184,0.8626239895820618,False,57982058496,spread,[2117]
remote_2,23,3,5,"[1, 1, 0, 0]",1,True,False,4943941893506960,4943941893626576,0,0,False,57982058496,spread,[]
remote_0,24,3,5,"[2, 2, 1, 1]",1,True,False,4943941905444793,4943941907135130,9437184,1.5996160507202148,False,57982058496,spread,[2328]
remote_1,24,3,5,"[1, 2, 1, 2]",1,True,False,4943941918853374,4943941921289037,18874368,2.3638079166412354,False,57982058496,spread,"[1945, 2328]"
remote_3,24,3,5,"[1, 0, 1, 0]",1,True,False,4943941931602149,4943941931694975,0,0,False,57982058496,spread,[]
remote_2,24,3,5,"[1, 1, 0, 0]",1,True,False,4943941942814107,4943941942899884,0,0,False,57982058496,spread,[]
remote_2,25,3,5,"[1, 1, 0, 0]",1,True,False,4943941954792330,4943941955158216,0,0,False,57982058496,spread,[]
remote_3,25,3,5,"[1, 0, 1, 0]",1,True,False,4943941966762792,4943941966877089,0,0,False,57982058496,spread,[]
remote_0,25,3,5,"[2, 2, 1, 1]",1,True,False,4943941977989290,4943941979651613,9437184,1.6117119789123535,False,57982058496,spread,[2539]
remote_1,25,3,5,"[1, 2, 1, 2]",1,True,False,4943941991526091,4943941993946760,18874368,2.3550400733947754,False,57982058496,spread,"[2156, 2539]"
remote_3,26,3,5,"[1, 0, 1, 0]",1,True,False,4943942004702966,4943942004788443,0,0,False,57982058496,spread,[]
remote_0,26,3,5,"[2, 2, 1, 1]",1,True,False,4943942016013960,4943942017660044,9437184,1.5815999507904053,False,57982058496,spread,[2750]
remote_1,26,3,5,"[1, 2, 1, 2]",1,True,False,4943942029666582,4943942032127136,18874368,2.3742079734802246,False,57982058496,spread,"[2367, 2750]"
remote_2,26,3,5,"[1, 1, 0, 0]",1,True,False,4943942042445869,4943942042520325,0,0,False,57982058496,spread,[]
remote_0,27,3,5,"[2, 2, 1, 1]",1,True,False,4943942054420540,4943942055802153,9437184,1.3093440532684326,False,57982058496,spread,[2961]
remote_3,27,3,5,"[1, 0, 1, 0]",1,True,False,4943942067998746,4943942068094903,0,0,False,57982058496,spread,[]
remote_2,27,3,5,"[1, 1, 0, 0]",1,True,False,4943942079217121,4943942079275179,0,0,False,57982058496,spread,[]
remote_1,27,3,5,"[1, 2, 1, 2]",1,True,False,4943942091160335,4943942093585611,18874368,2.358815908432007,False,57982058496,spread,"[2578, 2961]"
remote_0,28,3,5,"[2, 2, 1, 1]",1,True,False,4943942103943759,4943942105592874,9437184,1.5808639526367188,False,57982058496,spread,[3172]
remote_2,28,3,5,"[1, 1, 0, 0]",1,True,False,4943942117564325,4943942117660413,0,0,False,57982058496,spread,[]
remote_3,28,3,5,"[1, 0, 1, 0]",1,True,False,4943942129542441,4943942129640600,0,0,False,57982058496,spread,[]
remote_1,28,3,5,"[1, 2, 1, 2]",1,True,False,4943942140740449,4943942143155986,18874368,2.3395841121673584,False,57982058496,spread,"[2789, 3172]"
remote_3,29,3,5,"[1, 0, 1, 0]",1,True,False,4943942153542177,4943942153632133,0,0,False,57982058496,spread,[]
remote_2,29,3,5,"[1, 1, 0, 0]",1,True,False,4943942165270814,4943942165485912,0,0,False,57982058496,spread,[]
remote_1,29,3,5,"[1, 2, 1, 2]",1,True,False,4943942177264028,4943942179678827,18874368,2.3187520503997803,False,57982058496,spread,"[3000, 3383]"
remote_0,29,3,5,"[2, 2, 1, 1]",1,True,False,4943942190086357,4943942191737931,9437184,1.5810240507125854,False,57982058496,spread,[3383]
overlap_1,-5,3,5,"[1, 2, 1, 2]",1,False,True,4943963694146859,4943963912970053,18874368,4.846879959106445,True,57982058496,spread,"[1970, 2353]"
overlap_0,-5,3,5,"[2, 2, 1, 1]",1,False,True,4943963924290009,4943963927356936,9437184,2.7813758850097656,True,57982058496,spread,[2353]
overlap_2,-5,3,5,"[2, 1, 2, 1]",1,False,True,4943963939963778,4943963942819097,9437184,2.637727975845337,True,57982058496,spread,[2353]
overlap_0,-4,3,5,"[2, 2, 1, 1]",1,False,True,4943963954523876,4943963957381935,9437184,2.6656320095062256,True,57982058496,spread,[2564]
overlap_1,-4,3,5,"[1, 2, 1, 2]",1,False,True,4943963969826031,4943963973959788,18874368,3.800287961959839,True,57982058496,spread,"[2181, 2564]"
overlap_2,-4,3,5,"[2, 1, 2, 1]",1,False,True,4943963984514800,4943963987338690,9437184,2.6691200733184814,True,57982058496,spread,[2564]
overlap_2,-3,3,5,"[2, 1, 2, 1]",1,False,True,4943963999179191,4943964002026638,9437184,2.676448106765747,True,57982058496,spread,[2775]
overlap_1,-3,3,5,"[1, 2, 1, 2]",1,False,True,4943964013702705,4943964017662441,18874368,3.6345279216766357,True,57982058496,spread,"[2392, 2775]"
overlap_0,-3,3,5,"[2, 2, 1, 1]",1,False,True,4943964028358234,4943964031219293,9437184,2.691744089126587,True,57982058496,spread,[2775]
overlap_2,-2,3,5,"[2, 1, 2, 1]",1,False,True,4943964043844419,4943964046766290,9437184,2.719712018966675,True,57982058496,spread,[2986]
overlap_0,-2,3,5,"[2, 2, 1, 1]",1,False,True,4943964059217475,4943964062029387,9437184,2.6458559036254883,True,57982058496,spread,[2986]
overlap_1,-2,3,5,"[1, 2, 1, 2]",1,False,True,4943964074530835,4943964078441613,18874368,3.770911931991577,True,57982058496,spread,"[2603, 2986]"
overlap_1,-1,3,5,"[1, 2, 1, 2]",1,False,True,4943964089018183,4943964092920599,18874368,3.7699201107025146,True,57982058496,spread,"[2814, 3197]"
overlap_2,-1,3,5,"[2, 1, 2, 1]",1,False,True,4943964103486661,4943964106381503,9437184,2.743743896484375,True,57982058496,spread,[3197]
overlap_0,-1,3,5,"[2, 2, 1, 1]",1,False,True,4943964117957751,4943964120796168,9437184,2.6245760917663574,True,57982058496,spread,[3197]
overlap_0,0,3,5,"[2, 2, 1, 1]",1,False,True,4943964133445095,4943964136388938,9437184,2.7391040325164795,True,57982058496,spread,[3408]
overlap_2,0,3,5,"[2, 1, 2, 1]",1,False,True,4943964148569951,4943964151489210,9437184,2.7080960273742676,True,57982058496,spread,[3408]
overlap_1,0,3,5,"[1, 2, 1, 2]",1,False,True,4943964162883982,4943964166822716,18874368,3.751487970352173,True,57982058496,spread,"[3025, 3408]"
overlap_2,1,3,5,"[2, 1, 2, 1]",1,False,True,4943964177486377,4943964180479447,9437184,2.75929594039917,True,57982058496,spread,[3619]
overlap_1,1,3,5,"[1, 2, 1, 2]",1,False,True,4943964191680170,4943964195618266,18874368,3.7780799865722656,True,57982058496,spread,"[3236, 3619]"
overlap_0,1,3,5,"[2, 2, 1, 1]",1,False,True,4943964206016261,4943964208968618,9437184,2.7464640140533447,True,57982058496,spread,[3619]
overlap_0,2,3,5,"[2, 2, 1, 1]",1,False,True,4943964221028439,4943964223854086,9437184,2.6573119163513184,True,57982058496,spread,[3830]
overlap_2,2,3,5,"[2, 1, 2, 1]",1,False,True,4943964236036517,4943964238875547,9437184,2.6802239418029785,True,57982058496,spread,[3830]
overlap_1,2,3,5,"[1, 2, 1, 2]",1,False,True,4943964250248657,4943964254157195,18874368,3.7926719188690186,True,57982058496,spread,"[3447, 3830]"
overlap_1,3,3,5,"[1, 2, 1, 2]",1,False,True,4943964264510392,4943964268407088,18874368,3.7822399139404297,True,57982058496,spread,"[3658, 4041]"
overlap_2,3,3,5,"[2, 1, 2, 1]",1,False,True,4943964278723580,4943964281405576,9437184,2.5522239208221436,True,57982058496,spread,[4041]
overlap_0,3,3,5,"[2, 2, 1, 1]",1,False,True,4943964293147946,4943964295964026,9437184,2.683487892150879,True,57982058496,spread,[4041]
overlap_0,4,3,5,"[2, 2, 1, 1]",1,False,True,4943964308145385,4943964311003302,9437184,2.678272008895874,True,57982058496,spread,[4252]
overlap_1,4,3,5,"[1, 2, 1, 2]",1,False,True,4943964323164303,4943964327114787,18874368,3.7601280212402344,True,57982058496,spread,"[3869, 4252]"
overlap_2,4,3,5,"[2, 1, 2, 1]",1,False,True,4943964337720299,4943964340581654,9437184,2.6345279216766357,True,57982058496,spread,[4252]
overlap_1,5,3,5,"[1, 2, 1, 2]",1,False,True,4943964351997533,4943964355899017,18874368,3.7604799270629883,True,57982058496,spread,"[4080, 4463]"
overlap_2,5,3,5,"[2, 1, 2, 1]",1,False,True,4943964366248821,4943964368873971,9437184,2.483423948287964,True,57982058496,spread,[4463]
overlap_0,5,3,5,"[2, 2, 1, 1]",1,False,True,4943964380555936,4943964383356569,9437184,2.608448028564453,True,57982058496,spread,[4463]
overlap_2,6,3,5,"[2, 1, 2, 1]",1,False,True,4943964395643009,4943964398520349,9437184,2.697119951248169,True,57982058496,spread,[4674]
overlap_0,6,3,5,"[2, 2, 1, 1]",1,False,True,4943964409994727,4943964412835865,9437184,2.672096014022827,True,57982058496,spread,[4674]
overlap_1,6,3,5,"[1, 2, 1, 2]",1,False,True,4943964425108360,4943964429011889,18874368,3.756256103515625,True,57982058496,spread,"[4291, 4674]"
overlap_0,7,3,5,"[2, 2, 1, 1]",1,False,True,4943964439386419,4943964442234272,9437184,2.693984031677246,True,57982058496,spread,[4885]
overlap_2,7,3,5,"[2, 1, 2, 1]",1,False,True,4943964454384506,4943964457222681,9437184,2.6985280513763428,True,57982058496,spread,[4885]
overlap_1,7,3,5,"[1, 2, 1, 2]",1,False,True,4943964468659384,4943964472553839,18874368,3.7809600830078125,True,57982058496,spread,"[4502, 4885]"
overlap_0,8,3,5,"[2, 2, 1, 1]",1,False,True,4943964482919512,4943964485834340,9437184,2.7484800815582275,True,57982058496,spread,[5096]
overlap_2,8,3,5,"[2, 1, 2, 1]",1,False,True,4943964498177151,4943964500999802,9437184,2.602463960647583,True,57982058496,spread,[5096]
overlap_1,8,3,5,"[1, 2, 1, 2]",1,False,True,4943964512443069,4943964516375345,18874368,3.8060801029205322,True,57982058496,spread,"[4713, 5096]"
overlap_0,9,3,5,"[2, 2, 1, 1]",1,False,True,4943964526706809,4943964529370183,9437184,2.5174078941345215,True,57982058496,spread,[5307]
overlap_2,9,3,5,"[2, 1, 2, 1]",1,False,True,4943964541794921,4943964544627210,9437184,2.65830397605896,True,57982058496,spread,[5307]
overlap_1,9,3,5,"[1, 2, 1, 2]",1,False,True,4943964556057630,4943964559942837,18874368,3.767551898956299,True,57982058496,spread,"[4924, 5307]"
overlap_2,10,3,5,"[2, 1, 2, 1]",1,False,True,4943964570309230,4943964573081156,9437184,2.642335891723633,True,57982058496,spread,[5518]
overlap_0,10,3,5,"[2, 2, 1, 1]",1,False,True,4943964584582427,4943964587353222,9437184,2.6343679428100586,True,57982058496,spread,[5518]
overlap_1,10,3,5,"[1, 2, 1, 2]",1,False,True,4943964599651922,4943964603542676,18874368,3.7522239685058594,True,57982058496,spread,"[5135, 5518]"
overlap_0,11,3,5,"[2, 2, 1, 1]",1,False,True,4943964613917895,4943964616728880,9437184,2.65120005607605,True,57982058496,spread,[5729]
overlap_1,11,3,5,"[1, 2, 1, 2]",1,False,True,4943964628942823,4943964632877737,18874368,3.7825920581817627,True,57982058496,spread,"[5346, 5729]"
overlap_2,11,3,5,"[2, 1, 2, 1]",1,False,True,4943964643226582,4943964646401826,9437184,2.7607040405273438,True,57982058496,spread,[5729]
overlap_0,12,3,5,"[2, 2, 1, 1]",1,False,True,4943964657577363,4943964660454151,9437184,2.695039987564087,True,57982058496,spread,[5940]
overlap_1,12,3,5,"[1, 2, 1, 2]",1,False,True,4943964672632964,4943964676567737,18874368,3.775360107421875,True,57982058496,spread,"[5557, 5940]"
overlap_2,12,3,5,"[2, 1, 2, 1]",1,False,True,4943964686912987,4943964689845495,9437184,2.731679916381836,True,57982058496,spread,[5940]
overlap_2,13,3,5,"[2, 1, 2, 1]",1,False,True,4943964701344899,4943964704250755,9437184,2.712064027786255,True,57982058496,spread,[7]
overlap_0,13,3,5,"[2, 2, 1, 1]",1,False,True,4943964715674590,4943964718461014,9437184,2.6282880306243896,True,57982058496,spread,[7]
overlap_1,13,3,5,"[1, 2, 1, 2]",1,False,True,4943964730679597,4943964734591398,18874368,3.7512319087982178,True,57982058496,spread,"[5768, 7]"
overlap_0,14,3,5,"[2, 2, 1, 1]",1,False,True,4943964744992577,4943964747872439,9437184,2.6741440296173096,True,57982058496,spread,[218]
overlap_1,14,3,5,"[1, 2, 1, 2]",1,False,True,4943964760037294,4943964763976499,18874368,3.751840114593506,True,57982058496,spread,"[5979, 218]"
overlap_2,14,3,5,"[2, 1, 2, 1]",1,False,True,4943964774302747,4943964777162484,9437184,2.6688320636749268,True,57982058496,spread,[218]
overlap_2,15,3,5,"[2, 1, 2, 1]",1,False,True,4943964788600779,4943964791470189,9437184,2.716223955154419,True,57982058496,spread,[429]
overlap_0,15,3,5,"[2, 2, 1, 1]",1,False,True,4943964802849309,4943964805953605,9437184,2.75711989402771,True,57982058496,spread,[429]
overlap_1,15,3,5,"[1, 2, 1, 2]",1,False,True,4943964817927183,4943964821832520,18874368,3.742464065551758,True,57982058496,spread,"[46, 429]"
overlap_2,16,3,5,"[2, 1, 2, 1]",1,False,True,4943964832232156,4943964835147129,9437184,2.770240068435669,True,57982058496,spread,[640]
overlap_1,16,3,5,"[1, 2, 1, 2]",1,False,True,4943964846508632,4943964850445288,18874368,3.816800117492676,True,57982058496,spread,"[257, 640]"
overlap_0,16,3,5,"[2, 2, 1, 1]",1,False,True,4943964860750297,4943964863504325,9437184,2.6152639389038086,True,57982058496,spread,[640]
overlap_2,17,3,5,"[2, 1, 2, 1]",1,False,True,4943964875840667,4943964878708150,9437184,2.7133119106292725,True,57982058496,spread,[851]
overlap_0,17,3,5,"[2, 2, 1, 1]",1,False,True,4943964890203938,4943964892981281,9437184,2.6286399364471436,True,57982058496,spread,[851]
overlap_1,17,3,5,"[1, 2, 1, 2]",1,False,True,4943964905392295,4943964909300298,18874368,3.7670400142669678,True,57982058496,spread,"[468, 851]"
overlap_2,18,3,5,"[2, 1, 2, 1]",1,False,True,4943964919705251,4943964922553754,9437184,2.7057600021362305,True,57982058496,spread,[1062]
overlap_1,18,3,5,"[1, 2, 1, 2]",1,False,True,4943964933958731,4943964937860224,18874368,3.775808095932007,True,57982058496,spread,"[679, 1062]"
overlap_0,18,3,5,"[2, 2, 1, 1]",1,False,True,4943964948169462,4943964951013656,9437184,2.6766719818115234,True,57982058496,spread,[1062]
overlap_2,19,3,5,"[2, 1, 2, 1]",1,False,True,4943964963321257,4943964966474278,9437184,2.800096035003662,True,57982058496,spread,[1273]
overlap_0,19,3,5,"[2, 2, 1, 1]",1,False,True,4943964977573407,4943964980454175,9437184,2.7207679748535156,True,57982058496,spread,[1273]
overlap_1,19,3,5,"[1, 2, 1, 2]",1,False,True,4943964992600995,4943964996503352,18874368,3.7598400115966797,True,57982058496,spread,"[890, 1273]"
overlap_2,20,3,5,"[2, 1, 2, 1]",1,False,True,4943965006846691,4943965009569233,9437184,2.56825590133667,True,57982058496,spread,[1484]
overlap_1,20,3,5,"[1, 2, 1, 2]",1,False,True,4943965021223129,4943965025155730,18874368,3.757280111312866,True,57982058496,spread,"[1101, 1484]"
overlap_0,20,3,5,"[2, 2, 1, 1]",1,False,True,4943965035519808,4943965038396701,9437184,2.6487040519714355,True,57982058496,spread,[1484]
overlap_1,21,3,5,"[1, 2, 1, 2]",1,False,True,4943965050589665,4943965054506077,18874368,3.751552104949951,True,57982058496,spread,"[1312, 1695]"
overlap_0,21,3,5,"[2, 2, 1, 1]",1,False,True,4943965064850853,4943965067671836,9437184,2.660543918609619,True,57982058496,spread,[1695]
overlap_2,21,3,5,"[2, 1, 2, 1]",1,False,True,4943965079829321,4943965082772330,9437184,2.7581119537353516,True,57982058496,spread,[1695]
overlap_2,22,3,5,"[2, 1, 2, 1]",1,False,True,4943965094213526,4943965097124346,9437184,2.742111921310425,True,57982058496,spread,[1906]
overlap_1,22,3,5,"[1, 2, 1, 2]",1,False,True,4943965108491681,4943965112405856,18874368,3.7597761154174805,True,57982058496,spread,"[1523, 1906]"
overlap_0,22,3,5,"[2, 2, 1, 1]",1,False,True,4943965122747114,4943965125801231,9437184,2.6643199920654297,True,57982058496,spread,[1906]
overlap_0,23,3,5,"[2, 2, 1, 1]",1,False,True,4943965137832260,4943965140627218,9437184,2.6289920806884766,True,57982058496,spread,[2117]
overlap_1,23,3,5,"[1, 2, 1, 2]",1,False,True,4943965152890917,4943965156803061,18874368,3.744191884994507,True,57982058496,spread,"[1734, 2117]"
overlap_2,23,3,5,"[2, 1, 2, 1]",1,False,True,4943965167144130,4943965169838189,9437184,2.5384960174560547,True,57982058496,spread,[2117]
overlap_0,24,3,5,"[2, 2, 1, 1]",1,False,True,4943965181600357,4943965184472412,9437184,2.693567991256714,True,57982058496,spread,[2328]
overlap_1,24,3,5,"[1, 2, 1, 2]",1,False,True,4943965196928297,4943965200849440,18874368,3.7825279235839844,True,57982058496,spread,"[1945, 2328]"
overlap_2,24,3,5,"[2, 1, 2, 1]",1,False,True,4943965211196661,4943965213948535,9437184,2.578687906265259,True,57982058496,spread,[2328]
overlap_0,25,3,5,"[2, 2, 1, 1]",1,False,True,4943965225509231,4943965228375286,9437184,2.691711902618408,True,57982058496,spread,[2539]
overlap_2,25,3,5,"[2, 1, 2, 1]",1,False,True,4943965240528313,4943965243404360,9437184,2.6895039081573486,True,57982058496,spread,[2539]
overlap_1,25,3,5,"[1, 2, 1, 2]",1,False,True,4943965254747802,4943965258657897,18874368,3.757024049758911,True,57982058496,spread,"[2156, 2539]"
overlap_2,26,3,5,"[2, 1, 2, 1]",1,False,True,4943965269218390,4943965272089547,9437184,2.6982719898223877,True,57982058496,spread,[2750]
overlap_1,26,3,5,"[1, 2, 1, 2]",1,False,True,4943965283504536,4943965287474756,18874368,3.572096109390259,True,57982058496,spread,"[2367, 2750]"
overlap_0,26,3,5,"[2, 2, 1, 1]",1,False,True,4943965297960248,4943965300831192,9437184,2.697376012802124,True,57982058496,spread,[2750]
overlap_2,27,3,5,"[2, 1, 2, 1]",1,False,True,4943965313017839,4943965315781147,9437184,2.6105918884277344,True,57982058496,spread,[2961]
overlap_0,27,3,5,"[2, 2, 1, 1]",1,False,True,4943965327468932,4943965330262482,9437184,2.6449921131134033,True,57982058496,spread,[2961]
overlap_1,27,3,5,"[1, 2, 1, 2]",1,False,True,4943965342465642,4943965346373840,18874368,3.776319980621338,True,57982058496,spread,"[2578, 2961]"
overlap_2,28,3,5,"[2, 1, 2, 1]",1,False,True,4943965356759118,4943965359560935,9437184,2.6470720767974854,True,57982058496,spread,[3172]
overlap_0,28,3,5,"[2, 2, 1, 1]",1,False,True,4943965371062029,4943965373896303,9437184,2.6871039867401123,True,57982058496,spread,[3172]
overlap_1,28,3,5,"[1, 2, 1, 2]",1,False,True,4943965386183853,4943965390112465,18874368,3.7925760746002197,True,57982058496,spread,"[2789, 3172]"
overlap_0,29,3,5,"[2, 2, 1, 1]",1,False,True,4943965400480732,4943965403225346,9437184,2.603071928024292,True,57982058496,spread,[3383]
overlap_1,29,3,5,"[1, 2, 1, 2]",1,False,True,4943965415745603,4943965419640390,18874368,3.7600319385528564,True,57982058496,spread,"[3000, 3383]"
overlap_2,29,3,5,"[2, 1, 2, 1]",1,False,True,4943965429996861,4943965432877688,9437184,2.738976001739502,True,57982058496,spread,[3383]
