cell,repeat,rank,gpu,counts,streams,remote,overlap,start_ns,ready_ns,bytes,service_ms,nccl_initialized
scale_4_rank,-5,0,0,"[1, 1, 1, 1]",1,False,False,4940516899328466,4940516901182787,9437184,1.6756160259246826,False
concurrency_4_group,-5,0,0,"[3, 4, 3, 4]",4,False,False,4940516957512371,4940516962373852,28311552,4.697440147399902,False
scale_6_group,-5,0,0,"[1, 2, 1, 2]",1,False,False,4940516974079998,4940516975756903,9437184,1.6010240316390991,False
two_single_2,-5,0,0,"[0, 0, 2, 0]",1,False,False,4940516986989667,4940516987062349,0,0,False
two_pair_0_1,-5,0,0,"[1, 1, 0, 0]",1,False,False,4940516999077790,4940517000733337,9437184,1.5845439434051514,False
two_single_1,-5,0,0,"[0, 2, 0, 0]",1,False,False,4940517011193809,4940517011265595,0,0,False
six_1,-5,0,0,"[1, 2, 1, 2]",1,False,False,4940517023326258,4940517025006216,9437184,1.600383996963501,False
scale_62_rank,-5,0,0,"[16, 16, 15, 15]",1,False,False,4940517036291076,4940517060964618,150994944,24.622976303100586,False
concurrency_2_rank,-5,0,0,"[4, 4, 3, 3]",2,False,False,4940517072573842,4940517078835510,37748736,6.189631938934326,False
two_pair_0_3,-5,0,0,"[1, 0, 0, 1]",1,False,False,4940517089414276,4940517090291592,9437184,0.8208000063896179,False
concurrency_2_group,-5,0,0,"[3, 4, 3, 4]",2,False,False,4940517100787673,4940517105488654,28311552,4.629504203796387,False
scale_10_group,-5,0,0,"[2, 3, 2, 3]",1,False,False,4940517116750010,4940517119908246,18874368,3.1099839210510254,False
two_single_0,-5,0,0,"[2, 0, 0, 0]",1,False,False,4940517131389803,4940517133045905,18874368,1.5893440246582031,False
scale_8_rank,-5,0,0,"[2, 2, 2, 2]",1,False,False,4940517143447742,4940517146609777,18874368,3.110879898071289,False
six_3,-5,0,0,"[1, 1, 2, 2]",1,False,False,4940517157116359,4940517158741762,9437184,1.5773760080337524,False
scale_2_group,-5,0,0,"[0, 1, 0, 1]",1,False,False,4940517170742425,4940517170816493,0,0,False
scale_6_rank,-5,0,0,"[2, 2, 1, 1]",1,False,False,4940517182160233,4940517185348284,18874368,3.1010239124298096,False
concurrency_4_rank,-5,0,0,"[4, 4, 3, 3]",4,False,False,4940517195957122,4940517202276527,37748736,6.184031963348389,False
scale_4_group,-5,0,0,"[1, 1, 1, 1]",1,False,False,4940517212819971,4940517214474676,9437184,1.5911040306091309,False
two_pair_2_3,-5,0,0,"[0, 0, 1, 1]",1,False,False,4940517224999000,4940517225079073,0,0,False
six_0,-5,0,0,"[2, 2, 1, 1]",1,False,False,4940517237193286,4940517240360866,18874368,3.109503984451294,False
scale_10_rank,-5,0,0,"[3, 3, 2, 2]",1,False,False,4940517250730598,4940517255442615,28311552,4.663328170776367,False
remote_1,-5,0,0,"[1, 2, 1, 2]",1,True,False,4940517265956853,4940517267589808,9437184,1.5729279518127441,False
scale_14_rank,-5,0,0,"[4, 4, 3, 3]",1,False,False,4940517278832705,4940517285085107,37748736,6.194464206695557,False
remote_0,-5,0,0,"[2, 2, 1, 1]",1,True,False,4940517295574764,4940517298754263,18874368,3.1264638900756836,False
scale_2_rank,-5,0,0,"[1, 1, 0, 0]",1,False,False,4940517309232283,4940517310874844,9437184,1.5824960470199585,False
two_single_3,-5,0,0,"[0, 0, 0, 2]",1,False,False,4940517321284939,4940517321366092,0,0,False
two_pair_1_2,-5,0,0,"[0, 1, 1, 0]",1,False,False,4940517333380585,4940517333476653,0,0,False
scale_14_group,-5,0,0,"[3, 4, 3, 4]",1,False,False,4940517344706244,4940517349441544,28311552,4.669312000274658,False
scale_50_group,-5,0,0,"[12, 13, 12, 13]",1,False,False,4940517360700927,4940517379257348,113246208,18.493087768554688,False
scale_50_rank,-5,0,0,"[13, 13, 12, 12]",1,False,False,4940517391105482,4940517411188882,122683392,20.018367767333984,False
remote_2,-5,0,0,"[1, 1, 0, 0]",1,True,False,4940517422296419,4940517423935261,9437184,1.5767680406570435,False
remote_3,-5,0,0,"[1, 0, 1, 0]",1,True,False,4940517434465266,4940517435340048,9437184,0.8179839849472046,False
two_pair_0_2,-5,0,0,"[1, 0, 1, 0]",1,False,False,4940517445820464,4940517446687744,9437184,0.8158079981803894,False
scale_8_group,-5,0,0,"[2, 2, 2, 2]",1,False,False,4940517457060893,4940517460231107,18874368,3.1200640201568604,False
two_pair_1_3,-5,0,0,"[0, 1, 0, 1]",1,False,False,4940517470718816,4940517470788764,0,0,False
scale_62_group,-5,0,0,"[15, 16, 15, 16]",1,False,False,4940517482044145,4940517505166001,141557760,23.069503784179688,False
six_2,-5,0,0,"[2, 1, 2, 1]",1,False,False,4940517519990809,4940517522434210,18874368,2.3665599822998047,False
two_pair_1_2,-4,0,0,"[0, 1, 1, 0]",1,False,False,4940517532947418,4940517533045663,0,0,False
two_single_1,-4,0,0,"[0, 2, 0, 0]",1,False,False,4940517544375836,4940517544464675,0,0,False
six_0,-4,0,0,"[2, 2, 1, 1]",1,False,False,4940517556577900,4940517559734557,18874368,3.0946879386901855,False
two_pair_0_2,-4,0,0,"[1, 0, 1, 0]",1,False,False,4940517570250435,4940517571115452,9437184,0.8142079710960388,False
remote_2,-4,0,0,"[1, 1, 0, 0]",1,True,False,4940517581565431,4940517583182871,9437184,1.5641599893569946,False
two_pair_0_1,-4,0,0,"[1, 1, 0, 0]",1,False,False,4940517593658395,4940517595287356,9437184,1.580415964126587,False
scale_6_group,-4,0,0,"[1, 2, 1, 2]",1,False,False,4940517605656797,4940517607295448,9437184,1.5832959413528442,False
concurrency_2_rank,-4,0,0,"[4, 4, 3, 3]",2,False,False,4940517618466911,4940517624726623,37748736,6.185215950012207,False
scale_8_rank,-4,0,0,"[2, 2, 2, 2]",1,False,False,4940517635196240,4940517638359884,18874368,3.1128640174865723,False
two_pair_1_3,-4,0,0,"[0, 1, 0, 1]",1,False,False,4940517648871359,4940517648946474,0,0,False
scale_10_rank,-4,0,0,"[3, 3, 2, 2]",1,False,False,4940517660180419,4940517664885265,28311552,4.644800186157227,False
scale_2_rank,-4,0,0,"[1, 1, 0, 0]",1,False,False,4940517675285537,4940517676931333,9437184,1.5915520191192627,False
two_single_0,-4,0,0,"[2, 0, 0, 0]",1,False,False,4940517687411339,4940517689053947,18874368,1.591968059539795,False
two_pair_2_3,-4,0,0,"[0, 0, 1, 1]",1,False,False,4940517699563444,4940517699628210,0,0,False
scale_50_group,-4,0,0,"[12, 13, 12, 13]",1,False,False,4940517711759690,4940517730332076,113246208,18.48431968688965,False
scale_4_rank,-4,0,0,"[1, 1, 1, 1]",1,False,False,4940517742226509,4940517743869195,9437184,1.5791679620742798,False
scale_14_rank,-4,0,0,"[4, 4, 3, 3]",1,False,False,4940517754345549,4940517760589689,37748736,6.188447952270508,False
scale_62_rank,-4,0,0,"[16, 16, 15, 15]",1,False,False,4940517771095359,4940517795779613,150994944,24.32703971862793,False
two_single_3,-4,0,0,"[0, 0, 0, 2]",1,False,False,4940517807130506,4940517807201200,0,0,False
concurrency_4_group,-4,0,0,"[3, 4, 3, 4]",4,False,False,4940517819264169,4940517824057632,28311552,4.680191993713379,False
scale_14_group,-4,0,0,"[3, 4, 3, 4]",1,False,False,4940517835700755,4940517840414859,28311552,4.653984069824219,False
six_3,-4,0,0,"[1, 1, 2, 2]",1,False,False,4940517851639927,4940517853260596,9437184,1.574463963508606,False
six_1,-4,0,0,"[1, 2, 1, 2]",1,False,False,4940517865433918,4940517867065931,9437184,1.572160005569458,False
remote_0,-4,0,0,"[2, 2, 1, 1]",1,True,False,4940517878312121,4940517881481233,18874368,3.1234560012817383,False
scale_6_rank,-4,0,0,"[2, 2, 1, 1]",1,False,False,4940517891965923,4940517895133452,18874368,3.1133439540863037,False
scale_4_group,-4,0,0,"[1, 1, 1, 1]",1,False,False,4940517905502606,4940517906787223,9437184,1.2309759855270386,False
scale_2_group,-4,0,0,"[0, 1, 0, 1]",1,False,False,4940517917829433,4940517917891364,0,0,False
two_pair_0_3,-4,0,0,"[1, 0, 0, 1]",1,False,False,4940517929197046,4940517930072585,9437184,0.815455973148346,False
remote_3,-4,0,0,"[1, 0, 1, 0]",1,True,False,4940517940503091,4940517941354383,9437184,0.8087999820709229,False
two_single_2,-4,0,0,"[0, 0, 2, 0]",1,False,False,4940517951820647,4940517951886440,0,0,False
concurrency_4_rank,-4,0,0,"[4, 4, 3, 3]",4,False,False,4940517964066200,4940517970368158,37748736,6.17087984085083,False
scale_50_rank,-4,0,0,"[13, 13, 12, 12]",1,False,False,4940517980938781,4940518000983943,122683392,19.996063232421875,False
concurrency_2_group,-4,0,0,"[3, 4, 3, 4]",2,False,False,4940518012096815,4940518016824122,28311552,4.6532158851623535,False
six_2,-4,0,0,"[2, 1, 2, 1]",1,False,False,4940518028222453,4940518030633208,18874368,2.3480958938598633,False
scale_8_group,-4,0,0,"[2, 2, 2, 2]",1,False,False,4940518041040908,4940518044195771,18874368,3.1063039302825928,False
scale_10_group,-4,0,0,"[2, 3, 2, 3]",1,False,False,4940518054658852,4940518057839495,18874368,3.1224958896636963,False
scale_62_group,-4,0,0,"[15, 16, 15, 16]",1,False,False,4940518069062905,4940518092194261,141557760,23.07855987548828,False
remote_1,-4,0,0,"[1, 2, 1, 2]",1,True,False,4940518104168757,4940518105781612,9437184,1.5667840242385864,False
scale_10_group,-3,0,0,"[2, 3, 2, 3]",1,False,False,4940518117120881,4940518120296380,18874368,3.110719919204712,False
scale_2_rank,-3,0,0,"[1, 1, 0, 0]",1,False,False,4940518131558964,4940518133188743,9437184,1.5711679458618164,False
scale_50_rank,-3,0,0,"[13, 13, 12, 12]",1,False,False,4940518143653394,4940518163753220,122683392,20.03932762145996,False
two_pair_1_3,-3,0,0,"[0, 1, 0, 1]",1,False,False,4940518174758983,4940518174828103,0,0,False
scale_10_rank,-3,0,0,"[3, 3, 2, 2]",1,False,False,4940518186246844,4940518190969089,28311552,4.659552097320557,False
scale_2_group,-3,0,0,"[0, 1, 0, 1]",1,False,False,4940518201487227,4940518201559368,0,0,False
six_3,-3,0,0,"[1, 1, 2, 2]",1,False,False,4940518212904075,4940518214529761,9437184,1.5637760162353516,False
two_pair_0_2,-3,0,0,"[1, 0, 1, 0]",1,False,False,4940518226468840,4940518227357564,9437184,0.8257920145988464,False
scale_62_group,-3,0,0,"[15, 16, 15, 16]",1,False,False,4940518237827436,4940518260879153,141557760,22.99225616455078,False
six_0,-3,0,0,"[2, 2, 1, 1]",1,False,False,4940518272998431,4940518276168836,18874368,3.1197760105133057,False
scale_14_group,-3,0,0,"[3, 4, 3, 4]",1,False,False,4940518286581158,4940518291269102,28311552,4.645055770874023,False
scale_50_group,-3,0,0,"[12, 13, 12, 13]",1,False,False,4940518302502349,4940518321019209,113246208,18.46886444091797,False
scale_4_group,-3,0,0,"[1, 1, 1, 1]",1,False,False,4940518332933536,4940518334565023,9437184,1.571071982383728,False
remote_1,-3,0,0,"[1, 2, 1, 2]",1,True,False,4940518345059037,4940518346685857,9437184,1.5822720527648926,False
concurrency_4_group,-3,0,0,"[3, 4, 3, 4]",4,False,False,4940518357932691,4940518362687570,28311552,4.6694722175598145,False
remote_3,-3,0,0,"[1, 0, 1, 0]",1,True,False,4940518374039202,4940518374893422,9437184,0.8102399706840515,False
two_pair_1_2,-3,0,0,"[0, 1, 1, 0]",1,False,False,4940518385329387,4940518385389808,0,0,False
six_2,-3,0,0,"[2, 1, 2, 1]",1,False,False,4940518396684201,4940518399082210,18874368,2.334656000137329,False
scale_6_rank,-3,0,0,"[2, 2, 1, 1]",1,False,False,4940518409537326,4940518412691792,18874368,3.110527992248535,False
two_pair_0_1,-3,0,0,"[1, 1, 0, 0]",1,False,False,4940518423108862,4940518424759256,9437184,1.5882879495620728,False
remote_2,-3,0,0,"[1, 1, 0, 0]",1,True,False,4940518435145346,4940518436774616,9437184,1.5812159776687622,False
scale_62_rank,-3,0,0,"[16, 16, 15, 15]",1,False,False,4940518447115386,4940518471786738,150994944,24.612895965576172,False
two_single_2,-3,0,0,"[0, 0, 2, 0]",1,False,False,4940518482944942,4940518483019292,0,0,False
concurrency_2_rank,-3,0,0,"[4, 4, 3, 3]",2,False,False,4940518494951599,4940518501237271,37748736,6.214911937713623,False
scale_6_group,-3,0,0,"[1, 2, 1, 2]",1,False,False,4940518511801227,4940518513435928,9437184,1.580575942993164,False
concurrency_4_rank,-3,0,0,"[4, 4, 3, 3]",4,False,False,4940518524678991,4940518530991694,37748736,6.206655979156494,False
two_pair_2_3,-3,0,0,"[0, 0, 1, 1]",1,False,False,4940518541440105,4940518541508814,0,0,False
two_pair_0_3,-3,0,0,"[1, 0, 0, 1]",1,False,False,4940518553651414,4940518554524831,9437184,0.8162559866905212,False
two_single_3,-3,0,0,"[0, 0, 0, 2]",1,False,False,4940518565066600,4940518565167383,0,0,False
concurrency_2_group,-3,0,0,"[3, 4, 3, 4]",2,False,False,4940518577243145,4940518581978804,28311552,4.65008020401001,False
scale_4_rank,-3,0,0,"[1, 1, 1, 1]",1,False,False,4940518593255571,4940518594880847,9437184,1.5782079696655273,False
scale_8_group,-3,0,0,"[2, 2, 2, 2]",1,False,False,4940518605296089,4940518608456610,18874368,3.114720106124878,False
scale_14_rank,-3,0,0,"[4, 4, 3, 3]",1,False,False,4940518618816968,4940518625054297,37748736,6.191199779510498,False
two_single_0,-3,0,0,"[2, 0, 0, 0]",1,False,False,4940518635521677,4940518637146411,18874368,1.5795199871063232,False
two_single_1,-3,0,0,"[0, 2, 0, 0]",1,False,False,4940518647648377,4940518647729099,0,0,False
remote_0,-3,0,0,"[2, 2, 1, 1]",1,True,False,4940518659822456,4940518663011012,18874368,3.1110401153564453,False
scale_8_rank,-3,0,0,"[2, 2, 2, 2]",1,False,False,4940518673461389,4940518676623995,18874368,3.109503984451294,False
six_1,-3,0,0,"[1, 2, 1, 2]",1,False,False,4940518687103701,4940518688722767,9437184,1.5693440437316895,False
concurrency_4_group,-2,0,0,"[3, 4, 3, 4]",4,False,False,4940518699973267,4940518704743131,28311552,4.670303821563721,False
scale_2_group,-2,0,0,"[0, 1, 0, 1]",1,False,False,4940518715956971,4940518716067342,0,0,False
six_2,-2,0,0,"[2, 1, 2, 1]",1,False,False,4940518727290422,4940518729721548,18874368,2.3749120235443115,False
remote_1,-2,0,0,"[1, 2, 1, 2]",1,True,False,4940518740186960,4940518741825867,9437184,1.5805439949035645,False
concurrency_2_rank,-2,0,0,"[4, 4, 3, 3]",2,False,False,4940518753025822,4940518759311615,37748736,6.207871913909912,False
scale_62_group,-2,0,0,"[15, 16, 15, 16]",1,False,False,4940518769865086,4940518793027265,141557760,23.103967666625977,False
two_pair_0_3,-2,0,0,"[1, 0, 0, 1]",1,False,False,4940518804954798,4940518805812340,9437184,0.8120319843292236,False
two_single_0,-2,0,0,"[2, 0, 0, 0]",1,False,False,4940518816222293,4940518817846284,18874368,1.579967975616455,False
scale_62_rank,-2,0,0,"[16, 16, 15, 15]",1,False,False,4940518828272328,4940518852972445,150994944,24.642303466796875,False
scale_4_group,-2,0,0,"[1, 1, 1, 1]",1,False,False,4940518864222264,4940518865849814,9437184,1.574336051940918,False
scale_6_group,-2,0,0,"[1, 2, 1, 2]",1,False,False,4940518876338125,4940518877958956,9437184,1.5715199708938599,False
six_3,-2,0,0,"[1, 1, 2, 2]",1,False,False,4940518889140330,4940518890755871,9437184,1.5698879957199097,False
two_pair_2_3,-2,0,0,"[0, 0, 1, 1]",1,False,False,4940518902699826,4940518902788074,0,0,False
remote_0,-2,0,0,"[2, 2, 1, 1]",1,True,False,4940518914672916,4940518917819828,18874368,3.10099196434021,False
two_single_3,-2,0,0,"[0, 0, 0, 2]",1,False,False,4940518928238643,4940518928309452,0,0,False
scale_14_rank,-2,0,0,"[4, 4, 3, 3]",1,False,False,4940518940421598,4940518946657792,37748736,6.1724162101745605,False
scale_2_rank,-2,0,0,"[1, 1, 0, 0]",1,False,False,4940518957158131,4940518958791517,9437184,1.5794880390167236,False
six_1,-2,0,0,"[1, 2, 1, 2]",1,False,False,4940518969232683,4940518970853329,9437184,1.5432000160217285,False
remote_2,-2,0,0,"[1, 1, 0, 0]",1,True,False,4940518982130484,4940518983771587,9437184,1.5817919969558716,False
scale_6_rank,-2,0,0,"[2, 2, 1, 1]",1,False,False,4940518994261089,4940518997410283,18874368,3.098047971725464,False
scale_8_rank,-2,0,0,"[2, 2, 2, 2]",1,False,False,4940519007846097,4940519011017969,18874368,3.121119976043701,False
two_pair_0_1,-2,0,0,"[1, 1, 0, 0]",1,False,False,4940519021539240,4940519023175929,9437184,1.5839359760284424,False
two_single_1,-2,0,0,"[0, 2, 0, 0]",1,False,False,4940519033560409,4940519033632310,0,0,False
scale_10_rank,-2,0,0,"[3, 3, 2, 2]",1,False,False,4940519045694581,4940519050417713,28311552,4.642176151275635,False
scale_4_rank,-2,0,0,"[1, 1, 1, 1]",1,False,False,4940519060852538,4940519062496601,9437184,1.5888639688491821,False
scale_8_group,-2,0,0,"[2, 2, 2, 2]",1,False,False,4940519072964012,4940519076139540,18874368,3.1224958896636963,False
six_0,-2,0,0,"[2, 2, 1, 1]",1,False,False,4940519086598489,4940519089758307,18874368,3.109312057495117,False
concurrency_4_rank,-2,0,0,"[4, 4, 3, 3]",4,False,False,4940519100142692,4940519106464639,37748736,6.204832077026367,False
scale_50_group,-2,0,0,"[12, 13, 12, 13]",1,False,False,4940519116941025,4940519135471623,113246208,18.47542381286621,False
scale_50_rank,-2,0,0,"[13, 13, 12, 12]",1,False,False,4940519147303027,4940519167369223,122683392,20.008703231811523,False
two_pair_0_2,-2,0,0,"[1, 0, 1, 0]",1,False,False,4940519178371944,4940519179266249,9437184,0.8314239978790283,False
remote_3,-2,0,0,"[1, 0, 1, 0]",1,True,False,4940519189717498,4940519190590208,9437184,0.8192319869995117,False
scale_10_group,-2,0,0,"[2, 3, 2, 3]",1,False,False,4940519201000504,4940519204165876,18874368,3.1088318824768066,False
two_single_2,-2,0,0,"[0, 0, 2, 0]",1,False,False,4940519215442759,4940519215510905,0,0,False
two_pair_1_3,-2,0,0,"[0, 1, 0, 1]",1,False,False,4940519227555847,4940519227658528,0,0,False
two_pair_1_2,-2,0,0,"[0, 1, 1, 0]",1,False,False,4940519238997060,4940519239093700,0,0,False
scale_14_group,-2,0,0,"[3, 4, 3, 4]",1,False,False,4940519250290682,4940519255024271,28311552,4.667935848236084,False
concurrency_2_group,-2,0,0,"[3, 4, 3, 4]",2,False,False,4940519266333478,4940519271067408,28311552,4.66153621673584,False
scale_50_group,-1,0,0,"[12, 13, 12, 13]",1,False,False,4940519282305972,4940519300826849,113246208,18.467679977416992,False
two_single_0,-1,0,0,"[2, 0, 0, 0]",1,False,False,4940519312680746,4940519314316205,18874368,1.5888320207595825,False
six_3,-1,0,0,"[1, 1, 2, 2]",1,False,False,4940519324824186,4940519326426274,9437184,1.5553280115127563,False
remote_1,-1,0,0,"[1, 2, 1, 2]",1,True,False,4940519338620178,4940519340264477,9437184,1.583616018295288,False
six_1,-1,0,0,"[1, 2, 1, 2]",1,False,False,4940519351633075,4940519353278562,9437184,1.583135962486267,False
six_2,-1,0,0,"[2, 1, 2, 1]",1,False,False,4940519364663736,4940519367066158,18874368,2.349855899810791,False
two_pair_0_1,-1,0,0,"[1, 1, 0, 0]",1,False,False,4940519377531245,4940519379153948,9437184,1.5776640176773071,False
two_pair_0_3,-1,0,0,"[1, 0, 0, 1]",1,False,False,4940519389604666,4940519390456342,9437184,0.8100799918174744,False
scale_4_rank,-1,0,0,"[1, 1, 1, 1]",1,False,False,4940519401013431,4940519402627286,9437184,1.5641599893569946,False
six_0,-1,0,0,"[2, 2, 1, 1]",1,False,False,4940519413091629,4940519416241575,18874368,3.105760097503662,False
scale_6_rank,-1,0,0,"[2, 2, 1, 1]",1,False,False,4940519426640183,4940519429791344,18874368,3.104383945465088,False
scale_6_group,-1,0,0,"[1, 2, 1, 2]",1,False,False,4940519440236542,4940519441871342,9437184,1.583008050918579,False
two_pair_1_3,-1,0,0,"[0, 1, 0, 1]",1,False,False,4940519453094853,4940519453158994,0,0,False
two_pair_0_2,-1,0,0,"[1, 0, 1, 0]",1,False,False,4940519464480183,4940519465347457,9437184,0.8130239844322205,False
scale_8_group,-1,0,0,"[2, 2, 2, 2]",1,False,False,4940519475780217,4940519478927580,18874368,3.106015920639038,False
two_pair_2_3,-1,0,0,"[0, 0, 1, 1]",1,False,False,4940519489405054,4940519489466734,0,0,False
concurrency_4_group,-1,0,0,"[3, 4, 3, 4]",4,False,False,4940519501585333,4940519506354913,28311552,4.661759853363037,False
two_single_2,-1,0,0,"[0, 0, 2, 0]",1,False,False,4940519517648395,4940519517711278,0,0,False
scale_50_rank,-1,0,0,"[13, 13, 12, 12]",1,False,False,4940519529839013,4940519549923658,122683392,20.044544219970703,False
scale_8_rank,-1,0,0,"[2, 2, 2, 2]",1,False,False,4940519560999968,4940519564165828,18874368,3.1191039085388184,False
remote_3,-1,0,0,"[1, 0, 1, 0]",1,True,False,4940519574661288,4940519575515569,9437184,0.8109440207481384,False
two_single_3,-1,0,0,"[0, 0, 0, 2]",1,False,False,4940519585943701,4940519586009229,0,0,False
remote_2,-1,0,0,"[1, 1, 0, 0]",1,True,False,4940519598062509,4940519599728547,9437184,1.5923839807510376,False
scale_4_group,-1,0,0,"[1, 1, 1, 1]",1,False,False,4940519610224955,4940519611861868,9437184,1.580448031425476,False
two_pair_1_2,-1,0,0,"[0, 1, 1, 0]",1,False,False,4940519622296195,4940519622368910,0,0,False
scale_62_group,-1,0,0,"[15, 16, 15, 16]",1,False,False,4940519633546180,4940519656692849,141557760,23.085567474365234,False
scale_10_group,-1,0,0,"[2, 3, 2, 3]",1,False,False,4940519668641232,4940519671844766,18874368,3.129823923110962,False
scale_10_rank,-1,0,0,"[3, 3, 2, 2]",1,False,False,4940519683073129,4940519687789513,28311552,4.657951831817627,False
scale_2_rank,-1,0,0,"[1, 1, 0, 0]",1,False,False,4940519698212914,4940519699847294,9437184,1.5809600353240967,False
remote_0,-1,0,0,"[2, 2, 1, 1]",1,True,False,4940519710239745,4940519713402829,18874368,3.114016056060791,False
concurrency_4_rank,-1,0,0,"[4, 4, 3, 3]",4,False,False,4940519723768288,4940519730055490,37748736,6.182496070861816,False
scale_14_group,-1,0,0,"[3, 4, 3, 4]",1,False,False,4940519740456506,4940519745157241,28311552,4.6503682136535645,False
two_single_1,-1,0,0,"[0, 2, 0, 0]",1,False,False,4940519756425005,4940519756491121,0,0,False
concurrency_2_group,-1,0,0,"[3, 4, 3, 4]",2,False,False,4940519768413661,4940519773130868,28311552,4.649983882904053,False
scale_62_rank,-1,0,0,"[16, 16, 15, 15]",1,False,False,4940519784298479,4940519808992866,150994944,24.648544311523438,False
scale_14_rank,-1,0,0,"[4, 4, 3, 3]",1,False,False,4940519820143056,4940519826373280,37748736,6.1827521324157715,False
concurrency_2_rank,-1,0,0,"[4, 4, 3, 3]",2,False,False,4940519836773153,4940519843015390,37748736,6.176640033721924,False
scale_2_group,-1,0,0,"[0, 1, 0, 1]",1,False,False,4940519853380099,4940519853455265,0,0,False
two_single_2,0,0,0,"[0, 0, 2, 0]",1,False,False,4940519864857191,4940519864962048,0,0,False
six_1,0,0,0,"[1, 2, 1, 2]",1,False,False,4940519877032588,4940519878696998,9437184,1.6016000509262085,False
scale_14_rank,0,0,0,"[4, 4, 3, 3]",1,False,False,4940519889743939,4940519895982473,37748736,6.183263778686523,False
six_0,0,0,0,"[2, 2, 1, 1]",1,False,False,4940519906246373,4940519909402082,18874368,3.0992000102996826,False
concurrency_2_rank,0,0,0,"[4, 4, 3, 3]",2,False,False,4940519919677059,4940519925925990,37748736,5.996319770812988,False
concurrency_4_rank,0,0,0,"[4, 4, 3, 3]",4,False,False,4940519936203899,4940519942495750,37748736,6.174431800842285,False
two_pair_0_3,0,0,0,"[1, 0, 0, 1]",1,False,False,4940519952843579,4940519953700369,9437184,0.8106240034103394,False
scale_6_group,0,0,0,"[1, 2, 1, 2]",1,False,False,4940519963973307,4940519965604162,9437184,1.5782719850540161,False
scale_2_group,0,0,0,"[0, 1, 0, 1]",1,False,False,4940519976651649,4940519976718362,0,0,False
scale_62_rank,0,0,0,"[16, 16, 15, 15]",1,False,False,4940519987760923,4940520012449475,150994944,24.64156723022461,False
scale_50_group,0,0,0,"[12, 13, 12, 13]",1,False,False,4940520022804212,4940520041330943,113246208,18.472864151000977,False
scale_8_rank,0,0,0,"[2, 2, 2, 2]",1,False,False,4940520052626396,4940520055752048,18874368,3.0779519081115723,False
concurrency_2_group,0,0,0,"[3, 4, 3, 4]",2,False,False,4940520066115225,4940520070846941,28311552,4.6648640632629395,False
two_single_3,0,0,0,"[0, 0, 0, 2]",1,False,False,4940520081932628,4940520081998075,0,0,False
remote_2,0,0,0,"[1, 1, 0, 0]",1,True,False,4940520094077071,4940520095714075,9437184,1.5785919427871704,False
two_pair_1_2,0,0,0,"[0, 1, 1, 0]",1,False,False,4940520106091118,4940520106157409,0,0,False
remote_1,0,0,0,"[1, 2, 1, 2]",1,True,False,4940520117268071,4940520118890049,9437184,1.577888011932373,False
two_pair_2_3,0,0,0,"[0, 0, 1, 1]",1,False,False,4940520129968848,4940520130030475,0,0,False
six_2,0,0,0,"[2, 1, 2, 1]",1,False,False,4940520142057844,4940520144465709,18874368,2.3357760906219482,False
scale_4_group,0,0,0,"[1, 1, 1, 1]",1,False,False,4940520154708438,4940520156370541,9437184,1.5883519649505615,False
six_3,0,0,0,"[1, 1, 2, 2]",1,False,False,4940520166698808,4940520168339171,9437184,1.5828160047531128,False
scale_4_rank,0,0,0,"[1, 1, 1, 1]",1,False,False,4940520180293681,4940520181973439,9437184,1.5933120250701904,False
scale_6_rank,0,0,0,"[2, 2, 1, 1]",1,False,False,4940520192306484,4940520195469831,18874368,3.1105918884277344,False
concurrency_4_group,0,0,0,"[3, 4, 3, 4]",4,False,False,4940520205901507,4940520210683489,28311552,4.680352210998535,False
two_pair_0_1,0,0,0,"[1, 1, 0, 0]",1,False,False,4940520221814300,4940520223436869,9437184,1.5728960037231445,False
scale_2_rank,0,0,0,"[1, 1, 0, 0]",1,False,False,4940520233814418,4940520235435593,9437184,1.575103998184204,False
scale_50_rank,0,0,0,"[13, 13, 12, 12]",1,False,False,4940520245751493,4940520265792014,122683392,19.994943618774414,False
scale_10_rank,0,0,0,"[3, 3, 2, 2]",1,False,False,4940520276165659,4940520280877159,28311552,4.665760040283203,False
two_single_1,0,0,0,"[0, 2, 0, 0]",1,False,False,4940520291194950,4940520291260538,0,0,False
remote_3,0,0,0,"[1, 0, 1, 0]",1,True,False,4940520303095671,4940520303955519,9437184,0.8147199749946594,False
scale_62_group,0,0,0,"[15, 16, 15, 16]",1,False,False,4940520314303541,4940520337433983,141557760,23.075679779052734,False
scale_14_group,0,0,0,"[3, 4, 3, 4]",1,False,False,4940520348543181,4940520353253762,28311552,4.654848098754883,False
scale_8_group,0,0,0,"[2, 2, 2, 2]",1,False,False,4940520364380794,4940520367539572,18874368,3.1127359867095947,False
remote_0,0,0,0,"[2, 2, 1, 1]",1,True,False,4940520377914539,4940520381073183,18874368,3.113503932952881,False
scale_10_group,0,0,0,"[2, 3, 2, 3]",1,False,False,4940520391444656,4940520394613765,18874368,3.1219520568847656,False
two_pair_1_3,0,0,0,"[0, 1, 0, 1]",1,False,False,4940520405703447,4940520405776131,0,0,False
two_single_0,0,0,0,"[2, 0, 0, 0]",1,False,False,4940520416847308,4940520418491539,18874368,1.5898239612579346,False
two_pair_0_2,0,0,0,"[1, 0, 1, 0]",1,False,False,4940520428678168,4940520429537494,9437184,0.8127040266990662,False
six_1,1,0,0,"[1, 2, 1, 2]",1,False,False,4940520439987418,4940520441642404,9437184,1.586624026298523,False
concurrency_4_rank,1,0,0,"[4, 4, 3, 3]",4,False,False,4940520452694776,4940520458973079,37748736,6.170271873474121,False
scale_6_group,1,0,0,"[1, 2, 1, 2]",1,False,False,4940520469315404,4940520470943369,9437184,1.5784640312194824,False
scale_10_rank,1,0,0,"[3, 3, 2, 2]",1,False,False,4940520482121243,4940520486815685,28311552,4.64851188659668,False
concurrency_2_rank,1,0,0,"[4, 4, 3, 3]",2,False,False,4940520497220588,4940520503480367,37748736,6.193408012390137,False
six_0,1,0,0,"[2, 2, 1, 1]",1,False,False,4940520513882513,4940520517035428,18874368,3.1084160804748535,False
scale_2_group,1,0,0,"[0, 1, 0, 1]",1,False,False,4940520527384132,4940520527467642,0,0,False
two_pair_0_2,1,0,0,"[1, 0, 1, 0]",1,False,False,4940520538513112,4940520539371178,9437184,0.8137279748916626,False
two_single_2,1,0,0,"[0, 0, 2, 0]",1,False,False,4940520549711009,4940520549775744,0,0,False
two_single_0,1,0,0,"[2, 0, 0, 0]",1,False,False,4940520561758706,4940520563396807,18874368,1.5855040550231934,False
two_pair_1_3,1,0,0,"[0, 1, 0, 1]",1,False,False,4940520573712682,4940520574789254,0,0,False
two_single_1,1,0,0,"[0, 2, 0, 0]",1,False,False,4940520585078204,4940520585144229,0,0,False
six_2,1,0,0,"[2, 1, 2, 1]",1,False,False,4940520597142933,4940520599525323,18874368,2.3292479515075684,False
scale_10_group,1,0,0,"[2, 3, 2, 3]",1,False,False,4940520609842002,4940520613005568,18874368,3.1142399311065674,False
remote_2,1,0,0,"[1, 1, 0, 0]",1,True,False,4940520624061595,4940520625670472,9437184,1.564352035522461,False
scale_8_rank,1,0,0,"[2, 2, 2, 2]",1,False,False,4940520635994678,4940520639140564,18874368,3.0942718982696533,False
remote_0,1,0,0,"[2, 2, 1, 1]",1,True,False,4940520649513933,4940520652665040,18874368,3.105407953262329,False
two_single_3,1,0,0,"[0, 0, 0, 2]",1,False,False,4940520662943718,4940520663020294,0,0,False
scale_2_rank,1,0,0,"[1, 1, 0, 0]",1,False,False,4940520674841717,4940520676467890,9437184,1.5627199411392212,False
scale_50_group,1,0,0,"[12, 13, 12, 13]",1,False,False,4940520686734723,4940520705256640,113246208,18.467103958129883,False
concurrency_2_group,1,0,0,"[3, 4, 3, 4]",2,False,False,4940520716412782,4940520721134776,28311552,4.651296138763428,False
six_3,1,0,0,"[1, 1, 2, 2]",1,False,False,4940520732288972,4940520733912122,9437184,1.5748159885406494,False
remote_1,1,0,0,"[1, 2, 1, 2]",1,True,False,4940520745969093,4940520747624281,9437184,1.5841280221939087,False
two_pair_2_3,1,0,0,"[0, 0, 1, 1]",1,False,False,4940520758692933,4940520758767052,0,0,False
scale_62_rank,1,0,0,"[16, 16, 15, 15]",1,False,False,4940520770586830,4940520795251389,150994944,24.620128631591797,False
two_pair_0_1,1,0,0,"[1, 1, 0, 0]",1,False,False,4940520805544180,4940520807165091,9437184,1.5713920593261719,False
remote_3,1,0,0,"[1, 0, 1, 0]",1,True,False,4940520817479159,4940520818332863,9437184,0.8111039996147156,False
scale_14_group,1,0,0,"[3, 4, 3, 4]",1,False,False,4940520828685746,4940520833392063,28311552,4.65993595123291,False
concurrency_4_group,1,0,0,"[3, 4, 3, 4]",4,False,False,4940520844455329,4940520849218260,28311552,4.670400142669678,False
scale_50_rank,1,0,0,"[13, 13, 12, 12]",1,False,False,4940520860283600,4940520879346952,122683392,19.0150089263916,False
scale_4_rank,1,0,0,"[1, 1, 1, 1]",1,False,False,4940520890682748,4940520892301214,9437184,1.5718079805374146,False
two_pair_1_2,1,0,0,"[0, 1, 1, 0]",1,False,False,4940520902597303,4940520902659956,0,0,False
scale_8_group,1,0,0,"[2, 2, 2, 2]",1,False,False,4940520913763732,4940520916913436,18874368,3.1105599403381348,False
two_pair_0_3,1,0,0,"[1, 0, 0, 1]",1,False,False,4940520927199015,4940520928053152,9437184,0.8097919821739197,False
scale_14_rank,1,0,0,"[4, 4, 3, 3]",1,False,False,4940520938324528,4940520944548717,37748736,6.179103851318359,False
scale_6_rank,1,0,0,"[2, 2, 1, 1]",1,False,False,4940520954823028,4940520957970330,18874368,3.1036479473114014,False
scale_62_group,1,0,0,"[15, 16, 15, 16]",1,False,False,4940520968365195,4940520991504575,141557760,23.08095932006836,False
scale_4_group,1,0,0,"[1, 1, 1, 1]",1,False,False,4940521002551432,4940521004164737,9437184,1.568160057067871,False
scale_8_rank,2,0,0,"[2, 2, 2, 2]",1,False,False,4940521014533299,4940521017693514,18874368,3.1158080101013184,False
scale_10_group,2,0,0,"[2, 3, 2, 3]",1,False,False,4940521028023194,4940521031185811,18874368,3.1141440868377686,False
two_pair_1_2,2,0,0,"[0, 1, 1, 0]",1,False,False,4940521042268536,4940521042344816,0,0,False
remote_0,2,0,0,"[2, 2, 1, 1]",1,True,False,4940521053404979,4940521056558018,18874368,3.1098239421844482,False
six_0,2,0,0,"[2, 2, 1, 1]",1,False,False,4940521066881634,4940521070027673,18874368,3.1018240451812744,False
scale_8_group,2,0,0,"[2, 2, 2, 2]",1,False,False,4940521080350278,4940521083496073,18874368,3.1030399799346924,False
scale_4_group,2,0,0,"[1, 1, 1, 1]",1,False,False,4940521093883663,4940521095502470,9437184,1.56985604763031,False
concurrency_2_rank,2,0,0,"[4, 4, 3, 3]",2,False,False,4940521105855169,4940521112102026,37748736,6.178112030029297,False
two_single_2,2,0,0,"[0, 0, 2, 0]",1,False,False,4940521122360478,4940521122426946,0,0,False
six_1,2,0,0,"[1, 2, 1, 2]",1,False,False,4940521134297641,4940521135901542,9437184,1.5568959712982178,False
remote_1,2,0,0,"[1, 2, 1, 2]",1,True,False,4940521146977146,4940521148601285,9437184,1.5773439407348633,False
two_pair_0_2,2,0,0,"[1, 0, 1, 0]",1,False,False,4940521159662030,4940521160513530,9437184,0.81004798412323,False
six_2,2,0,0,"[2, 1, 2, 1]",1,False,False,4940521170805282,4940521173200253,18874368,2.3475840091705322,False
scale_4_rank,2,0,0,"[1, 1, 1, 1]",1,False,False,4940521183519136,4940521185143785,9437184,1.5784319639205933,False
scale_6_group,2,0,0,"[1, 2, 1, 2]",1,False,False,4940521195496295,4940521197118983,9437184,1.5754879713058472,False
scale_50_group,2,0,0,"[12, 13, 12, 13]",1,False,False,4940521208173562,4940521226700968,113246208,18.478368759155273,False
two_single_0,2,0,0,"[2, 0, 0, 0]",1,False,False,4940521237808741,4940521239430517,18874368,1.5787839889526367,False
scale_50_rank,2,0,0,"[13, 13, 12, 12]",1,False,False,4940521249726692,4940521269753002,122683392,19.97987174987793,False
scale_2_group,2,0,0,"[0, 1, 0, 1]",1,False,False,4940521280197597,4940521280260343,0,0,False
remote_3,2,0,0,"[1, 0, 1, 0]",1,True,False,4940521291412294,4940521292261699,9437184,0.8093760013580322,False
two_single_1,2,0,0,"[0, 2, 0, 0]",1,False,False,4940521302548824,4940521302879300,0,0,False
scale_2_rank,2,0,0,"[1, 1, 0, 0]",1,False,False,4940521314435289,4940521316046037,9437184,1.5667840242385864,False
two_pair_1_3,2,0,0,"[0, 1, 0, 1]",1,False,False,4940521326301513,4940521326364102,0,0,False
two_pair_0_1,2,0,0,"[1, 1, 0, 0]",1,False,False,4940521337497882,4940521339115531,9437184,1.5663679838180542,False
concurrency_4_group,2,0,0,"[3, 4, 3, 4]",4,False,False,4940521349377075,4940521354147595,28311552,4.667007923126221,False
scale_6_rank,2,0,0,"[2, 2, 1, 1]",1,False,False,4940521365237385,4940521368397150,18874368,3.113663911819458,False
remote_2,2,0,0,"[1, 1, 0, 0]",1,True,False,4940521378703182,4940521380339436,9437184,1.5863360166549683,False
concurrency_4_rank,2,0,0,"[4, 4, 3, 3]",4,False,False,4940521390605626,4940521396907410,37748736,6.198783874511719,False
scale_14_rank,2,0,0,"[4, 4, 3, 3]",1,False,False,4940521407188640,4940521413104114,37748736,5.867648124694824,False
scale_62_rank,2,0,0,"[16, 16, 15, 15]",1,False,False,4940521423913889,4940521448633089,150994944,24.672256469726562,False
six_3,2,0,0,"[1, 1, 2, 2]",1,False,False,4940521458932247,4940521460567016,9437184,1.5850880146026611,False
scale_10_rank,2,0,0,"[3, 3, 2, 2]",1,False,False,4940521472598898,4940521477314654,28311552,4.659359931945801,False
two_pair_2_3,2,0,0,"[0, 0, 1, 1]",1,False,False,4940521487762564,4940521487828724,0,0,False
scale_14_group,2,0,0,"[3, 4, 3, 4]",1,False,False,4940521499905522,4940521504610333,28311552,4.649824142456055,False
two_single_3,2,0,0,"[0, 0, 0, 2]",1,False,False,4940521515677412,4940521515743198,0,0,False
concurrency_2_group,2,0,0,"[3, 4, 3, 4]",2,False,False,4940521527768274,4940521532486831,28311552,4.639488220214844,False
two_pair_0_3,2,0,0,"[1, 0, 0, 1]",1,False,False,4940521543644151,4940521544497794,9437184,0.8084800243377686,False
scale_62_group,2,0,0,"[15, 16, 15, 16]",1,False,False,4940521554848422,4940521577984527,141557760,23.087871551513672,False
scale_10_rank,3,0,0,"[3, 3, 2, 2]",1,False,False,4940521589666939,4940521594369370,28311552,4.6473917961120605,False
two_pair_0_3,3,0,0,"[1, 0, 0, 1]",1,False,False,4940521604625975,4940521605480067,9437184,0.8101440072059631,False
scale_2_rank,3,0,0,"[1, 1, 0, 0]",1,False,False,4940521615811970,4940521617430915,9437184,1.575551986694336,False
six_3,3,0,0,"[1, 1, 2, 2]",1,False,False,4940521627817921,4940521629432489,9437184,1.5727360248565674,False
scale_50_group,3,0,0,"[12, 13, 12, 13]",1,False,False,4940521641444533,4940521659939890,113246208,18.4484806060791,False
two_single_2,3,0,0,"[0, 0, 2, 0]",1,False,False,4940521671110973,4940521671179197,0,0,False
concurrency_2_group,3,0,0,"[3, 4, 3, 4]",2,False,False,4940521683086277,4940521687832491,28311552,4.658912181854248,False
scale_4_group,3,0,0,"[1, 1, 1, 1]",1,False,False,4940521698913824,4940521700566821,9437184,1.5886399745941162,False
six_0,3,0,0,"[2, 2, 1, 1]",1,False,False,4940521710892840,4940521714048256,18874368,3.1074559688568115,False
two_pair_0_2,3,0,0,"[1, 0, 1, 0]",1,False,False,4940521724344114,4940521725200556,9437184,0.8112959861755371,False
remote_1,3,0,0,"[1, 2, 1, 2]",1,True,False,4940521735480103,4940521737105438,9437184,1.5790400505065918,False
remote_0,3,0,0,"[2, 2, 1, 1]",1,True,False,4940521748234051,4940521751381725,18874368,3.106719970703125,False
scale_14_rank,3,0,0,"[4, 4, 3, 3]",1,False,False,4940521761720753,4940521767939803,37748736,6.172255992889404,False
concurrency_2_rank,3,0,0,"[4, 4, 3, 3]",2,False,False,4940521778284312,4940521784534150,37748736,6.180448055267334,False
scale_4_rank,3,0,0,"[1, 1, 1, 1]",1,False,False,4940521794791769,4940521796407251,9437184,1.5694400072097778,False
two_pair_2_3,3,0,0,"[0, 0, 1, 1]",1,False,False,4940521806712366,4940521806777238,0,0,False
six_2,3,0,0,"[2, 1, 2, 1]",1,False,False,4940521818685254,4940521821077103,18874368,2.348128080368042,False
two_single_3,3,0,0,"[0, 0, 0, 2]",1,False,False,4940521831367630,4940521831432544,0,0,False
two_single_0,3,0,0,"[2, 0, 0, 0]",1,False,False,4940521843474349,4940521845113269,18874368,1.58297598361969,False
remote_3,3,0,0,"[1, 0, 1, 0]",1,True,False,4940521855371740,4940521856226069,9437184,0.8080959916114807,False
scale_50_rank,3,0,0,"[13, 13, 12, 12]",1,False,False,4940521866532864,4940521886604500,122683392,20.027999877929688,False
scale_10_group,3,0,0,"[2, 3, 2, 3]",1,False,False,4940521896927508,4940521900101344,18874368,3.1254398822784424,False
remote_2,3,0,0,"[1, 1, 0, 0]",1,True,False,4940521911218074,4940521912828417,9437184,1.5628479719161987,False
two_pair_1_3,3,0,0,"[0, 1, 0, 1]",1,False,False,4940521923095476,4940521923158576,0,0,False
scale_6_rank,3,0,0,"[2, 2, 1, 1]",1,False,False,4940521934264755,4940521937415371,18874368,3.109247922897339,False
six_1,3,0,0,"[1, 2, 1, 2]",1,False,False,4940521947730368,4940521949354400,9437184,1.5759680271148682,False
scale_8_rank,3,0,0,"[2, 2, 2, 2]",1,False,False,4940521960493968,4940521963643446,18874368,3.109407901763916,False
scale_62_group,3,0,0,"[15, 16, 15, 16]",1,False,False,4940521974039287,4940521997166555,141557760,23.085695266723633,False
scale_62_rank,3,0,0,"[16, 16, 15, 15]",1,False,False,4940522008287811,4940522032964396,150994944,24.634719848632812,False
two_pair_0_1,3,0,0,"[1, 1, 0, 0]",1,False,False,4940522043276047,4940522044889115,9437184,1.5696959495544434,False
concurrency_4_group,3,0,0,"[3, 4, 3, 4]",4,False,False,4940522055231564,4940522059977969,28311552,4.6602559089660645,False
two_single_1,3,0,0,"[0, 2, 0, 0]",1,False,False,4940522071063162,4940522071119870,0,0,False
scale_2_group,3,0,0,"[0, 1, 0, 1]",1,False,False,4940522083060986,4940522083143253,0,0,False
scale_6_group,3,0,0,"[1, 2, 1, 2]",1,False,False,4940522094305824,4940522095922259,9437184,1.576032042503357,False
two_pair_1_2,3,0,0,"[0, 1, 1, 0]",1,False,False,4940522106994238,4940522107049986,0,0,False
scale_8_group,3,0,0,"[2, 2, 2, 2]",1,False,False,4940522118251538,4940522121394449,18874368,3.1042239665985107,False
concurrency_4_rank,3,0,0,"[4, 4, 3, 3]",4,False,False,4940522131859175,4940522138142782,37748736,6.189792156219482,False
scale_14_group,3,0,0,"[3, 4, 3, 4]",1,False,False,4940522148504010,4940522153185595,28311552,4.628223896026611,False
scale_62_rank,4,0,0,"[16, 16, 15, 15]",1,False,False,4940522164373249,4940522189000694,150994944,24.570688247680664,False
scale_6_group,4,0,0,"[1, 2, 1, 2]",1,False,False,4940522199481556,4940522201131441,9437184,1.5940799713134766,False
scale_62_group,4,0,0,"[15, 16, 15, 16]",1,False,False,4940522212414686,4940522235574447,141557760,23.092256546020508,False
scale_8_rank,4,0,0,"[2, 2, 2, 2]",1,False,False,4940522246649498,4940522249803910,18874368,3.113823890686035,False
two_single_2,4,0,0,"[0, 0, 2, 0]",1,False,False,4940522260267777,4940522260475703,0,0,False
scale_2_rank,4,0,0,"[1, 1, 0, 0]",1,False,False,4940522272352295,4940522274004394,9437184,1.5731199979782104,False
remote_0,4,0,0,"[2, 2, 1, 1]",1,True,False,4940522284417325,4940522287574103,18874368,3.1082239151000977,False
two_pair_0_1,4,0,0,"[1, 1, 0, 0]",1,False,False,4940522298029571,4940522299643506,9437184,1.5667519569396973,False
six_2,4,0,0,"[2, 1, 2, 1]",1,False,False,4940522310076678,4940522312463051,18874368,2.3415040969848633,False
two_pair_0_2,4,0,0,"[1, 0, 1, 0]",1,False,False,4940522322789090,4940522323645315,9437184,0.8088639974594116,False
scale_2_group,4,0,0,"[0, 1, 0, 1]",1,False,False,4940522333987100,4940522334050167,0,0,False
concurrency_2_rank,4,0,0,"[4, 4, 3, 3]",2,False,False,4940522345185424,4940522351433178,37748736,6.181600093841553,False
scale_50_rank,4,0,0,"[13, 13, 12, 12]",1,False,False,4940522361854153,4940522381898592,122683392,19.997663497924805,False
concurrency_2_group,4,0,0,"[3, 4, 3, 4]",2,False,False,4940522392298229,4940522397019458,28311552,4.651008129119873,False
six_1,4,0,0,"[1, 2, 1, 2]",1,False,False,4940522408181859,4940522409810104,9437184,1.5778239965438843,False
remote_3,4,0,0,"[1, 0, 1, 0]",1,True,False,4940522420965992,4940522421817008,9437184,0.8085119724273682,False
scale_6_rank,4,0,0,"[2, 2, 1, 1]",1,False,False,4940522432205664,4940522435352384,18874368,3.1032960414886475,False
scale_10_group,4,0,0,"[2, 3, 2, 3]",1,False,False,4940522445682185,4940522448848854,18874368,3.1143040657043457,False
two_single_0,4,0,0,"[2, 0, 0, 0]",1,False,False,4940522460141765,4940522461788923,18874368,1.5856959819793701,False
concurrency_4_group,4,0,0,"[3, 4, 3, 4]",4,False,False,4940522472285392,4940522477066545,28311552,4.666048049926758,False
scale_4_rank,4,0,0,"[1, 1, 1, 1]",1,False,False,4940522488172441,4940522489790182,9437184,1.5680320262908936,False
six_0,4,0,0,"[2, 2, 1, 1]",1,False,False,4940522500173642,4940522503320360,18874368,3.1028800010681152,False
remote_2,4,0,0,"[1, 1, 0, 0]",1,True,False,4940522513723080,4940522515337049,9437184,1.5712000131607056,False
scale_4_group,4,0,0,"[1, 1, 1, 1]",1,False,False,4940522525693976,4940522527304216,9437184,1.5722240209579468,False
two_single_1,4,0,0,"[0, 2, 0, 0]",1,False,False,4940522537735585,4940522537794444,0,0,False
two_pair_2_3,4,0,0,"[0, 0, 1, 1]",1,False,False,4940522549672585,4940522549753121,0,0,False
remote_1,4,0,0,"[1, 2, 1, 2]",1,True,False,4940522561772364,4940522563408976,9437184,1.5834239721298218,False
two_pair_1_2,4,0,0,"[0, 1, 1, 0]",1,False,False,4940522574496929,4940522574558302,0,0,False
scale_10_rank,4,0,0,"[3, 3, 2, 2]",1,False,False,4940522585696012,4940522590377382,28311552,4.639679908752441,False
two_pair_0_3,4,0,0,"[1, 0, 0, 1]",1,False,False,4940522600828086,4940522601677161,9437184,0.8089920282363892,False
six_3,4,0,0,"[1, 1, 2, 2]",1,False,False,4940522612061977,4940522613681243,9437184,1.5725120306015015,False
two_pair_1_3,4,0,0,"[0, 1, 0, 1]",1,False,False,4940522625733907,4940522625819295,0,0,False
two_single_3,4,0,0,"[0, 0, 0, 2]",1,False,False,4940522636930270,4940522636990935,0,0,False
scale_8_group,4,0,0,"[2, 2, 2, 2]",1,False,False,4940522649056012,4940522652250677,18874368,3.1312320232391357,False
scale_50_group,4,0,0,"[12, 13, 12, 13]",1,False,False,4940522662614242,4940522681179721,113246208,18.48543930053711,False
scale_14_group,4,0,0,"[3, 4, 3, 4]",1,False,False,4940522692335649,4940522697057879,28311552,4.659872055053711,False
concurrency_4_rank,4,0,0,"[4, 4, 3, 3]",4,False,False,4940522708162434,4940522714459382,37748736,6.195263862609863,False
scale_14_rank,4,0,0,"[4, 4, 3, 3]",1,False,False,4940522724846986,4940522731079373,37748736,6.184063911437988,False
scale_8_rank,5,0,0,"[2, 2, 2, 2]",1,False,False,4940522741536258,4940522744692204,18874368,3.1127359867095947,False
scale_10_rank,5,0,0,"[3, 3, 2, 2]",1,False,False,4940522755093933,4940522759792593,28311552,4.646399974822998,False
scale_2_rank,5,0,0,"[1, 1, 0, 0]",1,False,False,4940522770239641,4940522771856687,9437184,1.5701440572738647,False
two_pair_0_2,5,0,0,"[1, 0, 1, 0]",1,False,False,4940522782202854,4940522783058591,9437184,0.8094080090522766,False
scale_10_group,5,0,0,"[2, 3, 2, 3]",1,False,False,4940522793403630,4940522796567126,18874368,3.115295886993408,False
remote_3,5,0,0,"[1, 0, 1, 0]",1,True,False,4940522807684944,4940522808549982,9437184,0.815455973148346,False
scale_6_rank,5,0,0,"[2, 2, 1, 1]",1,False,False,4940522818892669,4940522822057729,18874368,3.1154239177703857,False
scale_4_rank,5,0,0,"[1, 1, 1, 1]",1,False,False,4940522832481156,4940522834103528,9437184,1.5790719985961914,False
scale_14_rank,5,0,0,"[4, 4, 3, 3]",1,False,False,4940522844461225,4940522850697050,37748736,6.18390417098999,False
six_2,5,0,0,"[2, 1, 2, 1]",1,False,False,4940522861124612,4940522863539321,18874368,2.357503890991211,False
concurrency_2_rank,5,0,0,"[4, 4, 3, 3]",2,False,False,4940522873913193,4940522880184444,37748736,6.199711799621582,False
scale_62_group,5,0,0,"[15, 16, 15, 16]",1,False,False,4940522890528098,4940522913706992,141557760,23.121952056884766,False
concurrency_4_group,5,0,0,"[3, 4, 3, 4]",4,False,False,4940522924848779,4940522929638212,28311552,4.687488079071045,False
scale_2_group,5,0,0,"[0, 1, 0, 1]",1,False,False,4940522940769070,4940522940847726,0,0,False
scale_4_group,5,0,0,"[1, 1, 1, 1]",1,False,False,4940522951955013,4940522953581999,9437184,1.582368016242981,False
two_pair_2_3,5,0,0,"[0, 0, 1, 1]",1,False,False,4940522963886746,4940522963944204,0,0,False
six_1,5,0,0,"[1, 2, 1, 2]",1,False,False,4940522975812457,4940522977476506,9437184,1.5888639688491821,False
scale_8_group,5,0,0,"[2, 2, 2, 2]",1,False,False,4940522988535820,4940522991700873,18874368,3.098752021789551,False
two_pair_1_3,5,0,0,"[0, 1, 0, 1]",1,False,False,4940523002072558,4940523002143954,0,0,False
two_pair_0_1,5,0,0,"[1, 1, 0, 0]",1,False,False,4940523013220551,4940523014849256,9437184,1.579584002494812,False
scale_14_group,5,0,0,"[3, 4, 3, 4]",1,False,False,4940523025276998,4940523029974296,28311552,4.651072025299072,False
two_single_3,5,0,0,"[0, 0, 0, 2]",1,False,False,4940523041115393,4940523041175505,0,0,False
two_single_0,5,0,0,"[2, 0, 0, 0]",1,False,False,4940523053235070,4940523054906073,18874368,1.6147840023040771,False
scale_6_group,5,0,0,"[1, 2, 1, 2]",1,False,False,4940523065246427,4940523066865496,9437184,1.5799360275268555,False
concurrency_4_rank,5,0,0,"[4, 4, 3, 3]",4,False,False,4940523077966212,4940523084253169,37748736,6.188320159912109,False
two_single_1,5,0,0,"[0, 2, 0, 0]",1,False,False,4940523094595634,4940523094657433,0,0,False
six_0,5,0,0,"[2, 2, 1, 1]",1,False,False,4940523106481450,4940523109665773,18874368,3.1082561016082764,False
six_3,5,0,0,"[1, 1, 2, 2]",1,False,False,4940523120371962,4940523121985432,9437184,1.5310720205307007,False
remote_1,5,0,0,"[1, 2, 1, 2]",1,True,False,4940523133977388,4940523135630053,9437184,1.5924479961395264,False
two_pair_1_2,5,0,0,"[0, 1, 1, 0]",1,False,False,4940523146610458,4940523146672854,0,0,False
two_single_2,5,0,0,"[0, 0, 2, 0]",1,False,False,4940523157806433,4940523157872685,0,0,False
remote_0,5,0,0,"[2, 2, 1, 1]",1,True,False,4940523169879961,4940523173034737,18874368,3.091520071029663,False
scale_62_rank,5,0,0,"[16, 16, 15, 15]",1,False,False,4940523183358783,4940523208025163,150994944,24.61257553100586,False
concurrency_2_group,5,0,0,"[3, 4, 3, 4]",2,False,False,4940523218776386,4940523223446202,28311552,4.590784072875977,False
scale_50_group,5,0,0,"[12, 13, 12, 13]",1,False,False,4940523234730638,4940523253287681,113246208,18.48111915588379,False
two_pair_0_3,5,0,0,"[1, 0, 0, 1]",1,False,False,4940523264469423,4940523265345421,9437184,0.8195840120315552,False
scale_50_rank,5,0,0,"[13, 13, 12, 12]",1,False,False,4940523275715245,4940523295789350,122683392,20.028064727783203,False
remote_2,5,0,0,"[1, 1, 0, 0]",1,True,False,4940523306243163,4940523307873528,9437184,1.580672025680542,False
scale_62_group,6,0,0,"[15, 16, 15, 16]",1,False,False,4940523318293934,4940523341462428,141557760,23.11311912536621,False
two_pair_2_3,6,0,0,"[0, 0, 1, 1]",1,False,False,4940523352662832,4940523352736965,0,0,False
two_single_3,6,0,0,"[0, 0, 0, 2]",1,False,False,4940523364829422,4940523364921485,0,0,False
two_single_0,6,0,0,"[2, 0, 0, 0]",1,False,False,4940523377053046,4940523378712805,18874368,1.5986560583114624,False
six_0,6,0,0,"[2, 2, 1, 1]",1,False,False,4940523389137933,4940523392308345,18874368,3.1190719604492188,False
scale_6_group,6,0,0,"[1, 2, 1, 2]",1,False,False,4940523402611800,4940523404243806,9437184,1.5809279680252075,False
scale_2_group,6,0,0,"[0, 1, 0, 1]",1,False,False,4940523415600776,4940523415694210,0,0,False
remote_1,6,0,0,"[1, 2, 1, 2]",1,True,False,4940523426764091,4940523428397104,9437184,1.5842560529708862,False
scale_62_rank,6,0,0,"[16, 16, 15, 15]",1,False,False,4940523439679098,4940523464371661,150994944,24.621728897094727,False
two_pair_1_2,6,0,0,"[0, 1, 1, 0]",1,False,False,4940523474751166,4940523474827321,0,0,False
concurrency_4_rank,6,0,0,"[4, 4, 3, 3]",4,False,False,4940523485956329,4940523492269764,37748736,6.189023971557617,False
scale_50_group,6,0,0,"[12, 13, 12, 13]",1,False,False,4940523502618569,4940523521217986,113246208,18.505664825439453,False
scale_2_rank,6,0,0,"[1, 1, 0, 0]",1,False,False,4940523532447322,4940523534077262,9437184,1.5672639608383179,False
remote_0,6,0,0,"[2, 2, 1, 1]",1,True,False,4940523544437543,4940523547598846,18874368,3.1202878952026367,False
remote_3,6,0,0,"[1, 0, 1, 0]",1,True,False,4940523557910029,4940523558778576,9437184,0.8167359828948975,False
scale_50_rank,6,0,0,"[13, 13, 12, 12]",1,False,False,4940523569119039,4940523589193828,122683392,20.031295776367188,False
two_single_1,6,0,0,"[0, 2, 0, 0]",1,False,False,4940523599593660,4940523599670943,0,0,False
scale_4_rank,6,0,0,"[1, 1, 1, 1]",1,False,False,4940523611640576,4940523613263105,9437184,1.5527039766311646,False
scale_4_group,6,0,0,"[1, 1, 1, 1]",1,False,False,4940523623625543,4940523625263684,9437184,1.5869760513305664,False
concurrency_2_rank,6,0,0,"[4, 4, 3, 3]",2,False,False,4940523635636202,4940523641902168,37748736,6.198016166687012,False
scale_8_group,6,0,0,"[2, 2, 2, 2]",1,False,False,4940523652272245,4940523655464755,18874368,3.1256000995635986,False
concurrency_4_group,6,0,0,"[3, 4, 3, 4]",4,False,False,4940523666012976,4940523670811775,28311552,4.677855968475342,False
scale_10_group,6,0,0,"[2, 3, 2, 3]",1,False,False,4940523681989701,4940523685175337,18874368,3.1268160343170166,False
scale_6_rank,6,0,0,"[2, 2, 1, 1]",1,False,False,4940523696350689,4940523699528304,18874368,3.122688055038452,False
six_1,6,0,0,"[1, 2, 1, 2]",1,False,False,4940523709989663,4940523711622635,9437184,1.5803840160369873,False
concurrency_2_group,6,0,0,"[3, 4, 3, 4]",2,False,False,4940523722737916,4940523727462895,28311552,4.651487827301025,False
two_pair_0_1,6,0,0,"[1, 1, 0, 0]",1,False,False,4940523738594701,4940523740208231,9437184,1.570464015007019,False
scale_8_rank,6,0,0,"[2, 2, 2, 2]",1,False,False,4940523750526934,4940523753688083,18874368,3.1029438972473145,False
scale_14_rank,6,0,0,"[4, 4, 3, 3]",1,False,False,4940523764036111,4940523770258512,37748736,6.172128200531006,False
two_pair_0_2,6,0,0,"[1, 0, 1, 0]",1,False,False,4940523780691242,4940523781550181,9437184,0.811456024646759,False
two_pair_1_3,6,0,0,"[0, 1, 0, 1]",1,False,False,4940523791880210,4940523791950371,0,0,False
two_single_2,6,0,0,"[0, 0, 2, 0]",1,False,False,4940523803105683,4940523803176663,0,0,False
six_3,6,0,0,"[1, 1, 2, 2]",1,False,False,4940523815003597,4940523816618395,9437184,1.5675519704818726,False
scale_14_group,6,0,0,"[3, 4, 3, 4]",1,False,False,4940523828603539,4940523833319605,28311552,4.660736083984375,False
remote_2,6,0,0,"[1, 1, 0, 0]",1,True,False,4940523844415580,4940523846032747,9437184,1.5664960145950317,False
six_2,6,0,0,"[2, 1, 2, 1]",1,False,False,4940523856387312,4940523858775027,18874368,2.3362560272216797,False
two_pair_0_3,6,0,0,"[1, 0, 0, 1]",1,False,False,4940523869116262,4940523869986662,9437184,0.8134719729423523,False
scale_10_rank,6,0,0,"[3, 3, 2, 2]",1,False,False,4940523880292618,4940523884989225,28311552,4.648352146148682,False
concurrency_4_rank,7,0,0,"[4, 4, 3, 3]",4,False,False,4940523895372971,4940523901650574,37748736,6.169824123382568,False
scale_10_rank,7,0,0,"[3, 3, 2, 2]",1,False,False,4940523912045071,4940523916763782,28311552,4.6539201736450195,False
two_single_0,7,0,0,"[2, 0, 0, 0]",1,False,False,4940523927152277,4940523928776339,18874368,1.5806080102920532,False
remote_0,7,0,0,"[2, 2, 1, 1]",1,True,False,4940523939017178,4940523942170283,18874368,3.1070079803466797,False
scale_2_group,7,0,0,"[0, 1, 0, 1]",1,False,False,4940523952483576,4940523952551639,0,0,False
two_pair_0_2,7,0,0,"[1, 0, 1, 0]",1,False,False,4940523963703285,4940523964561439,9437184,0.8124480247497559,False
two_pair_1_3,7,0,0,"[0, 1, 0, 1]",1,False,False,4940523974876441,4940523974951960,0,0,False
scale_4_group,7,0,0,"[1, 1, 1, 1]",1,False,False,4940523986180256,4940523987823396,9437184,1.5850880146026611,False
six_2,7,0,0,"[2, 1, 2, 1]",1,False,False,4940523998285859,4940524000695156,18874368,2.3483200073242188,False
remote_3,7,0,0,"[1, 0, 1, 0]",1,True,False,4940524011021637,4940524011895134,9437184,0.8182399868965149,False
concurrency_2_group,7,0,0,"[3, 4, 3, 4]",2,False,False,4940524022257982,4940524026995556,28311552,4.655104160308838,False
scale_6_rank,7,0,0,"[2, 2, 1, 1]",1,False,False,4940524038193570,4940524041369170,18874368,3.1232640743255615,False
scale_4_rank,7,0,0,"[1, 1, 1, 1]",1,False,False,4940524051742165,4940524053361475,9437184,1.5674240589141846,False
six_1,7,0,0,"[1, 2, 1, 2]",1,False,False,4940524063752862,4940524065365390,9437184,1.5689599514007568,False
two_single_1,7,0,0,"[0, 2, 0, 0]",1,False,False,4940524076490269,4940524076551769,0,0,False
six_0,7,0,0,"[2, 2, 1, 1]",1,False,False,4940524088662478,4940524091816716,18874368,3.086656093597412,False
scale_8_rank,7,0,0,"[2, 2, 2, 2]",1,False,False,4940524102206216,4940524105361482,18874368,3.112799882888794,False
two_pair_0_1,7,0,0,"[1, 1, 0, 0]",1,False,False,4940524115783937,4940524117390007,9437184,1.563904047012329,False
concurrency_2_rank,7,0,0,"[4, 4, 3, 3]",2,False,False,4940524127872094,4940524134126325,37748736,6.196832180023193,False
scale_62_rank,7,0,0,"[16, 16, 15, 15]",1,False,False,4940524144487686,4940524169146098,150994944,24.613216400146484,False
remote_2,7,0,0,"[1, 1, 0, 0]",1,True,False,4940524179598187,4940524181250476,9437184,1.5959680080413818,False
two_pair_2_3,7,0,0,"[0, 0, 1, 1]",1,False,False,4940524191688624,4940524191764428,0,0,False
two_single_3,7,0,0,"[0, 0, 0, 2]",1,False,False,4940524203854529,4940524203916146,0,0,False
scale_50_group,7,0,0,"[12, 13, 12, 13]",1,False,False,4940524215979345,4940524234549978,113246208,18.507999420166016,False
scale_6_group,7,0,0,"[1, 2, 1, 2]",1,False,False,4940524245759386,4940524247391465,9437184,1.5872960090637207,False
scale_8_group,7,0,0,"[2, 2, 2, 2]",1,False,False,4940524258505504,4940524261673713,18874368,3.118016004562378,False
scale_50_rank,7,0,0,"[13, 13, 12, 12]",1,False,False,4940524272108949,4940524292148358,122683392,19.994176864624023,False
scale_62_group,7,0,0,"[15, 16, 15, 16]",1,False,False,4940524302519498,4940524325627731,141557760,23.06537628173828,False
remote_1,7,0,0,"[1, 2, 1, 2]",1,True,False,4940524336891973,4940524338555508,9437184,1.5950080156326294,False
scale_14_rank,7,0,0,"[4, 4, 3, 3]",1,False,False,4940524349723724,4940524355948625,37748736,6.183455944061279,False
six_3,7,0,0,"[1, 1, 2, 2]",1,False,False,4940524366334836,4940524367949814,9437184,1.5754239559173584,False
scale_14_group,7,0,0,"[3, 4, 3, 4]",1,False,False,4940524380046774,4940524384771474,28311552,4.656223773956299,False
concurrency_4_group,7,0,0,"[3, 4, 3, 4]",4,False,False,4940524395865598,4940524400630378,28311552,4.681056022644043,False
scale_10_group,7,0,0,"[2, 3, 2, 3]",1,False,False,4940524411780062,4940524414930342,18874368,3.111135959625244,False
two_pair_1_2,7,0,0,"[0, 1, 1, 0]",1,False,False,4940524426144585,4940524426210536,0,0,False
scale_2_rank,7,0,0,"[1, 1, 0, 0]",1,False,False,4940524437346030,4940524438960288,9437184,1.5779199600219727,False
two_pair_0_3,7,0,0,"[1, 0, 0, 1]",1,False,False,4940524449349028,4940524450207572,9437184,0.8129280209541321,False
two_single_2,7,0,0,"[0, 0, 2, 0]",1,False,False,4940524460578871,4940524460642126,0,0,False
scale_62_rank,8,0,0,"[16, 16, 15, 15]",1,False,False,4940524472781448,4940524497494489,150994944,24.65011215209961,False
scale_2_rank,8,0,0,"[1, 1, 0, 0]",1,False,False,4940524507832765,4940524509456987,9437184,1.5800960063934326,False
two_pair_0_2,8,0,0,"[1, 0, 1, 0]",1,False,False,4940524519960562,4940524520817625,9437184,0.8167679905891418,False
two_pair_2_3,8,0,0,"[0, 0, 1, 1]",1,False,False,4940524531128780,4940524531188948,0,0,False
two_single_0,8,0,0,"[2, 0, 0, 0]",1,False,False,4940524543070448,4940524544692354,18874368,1.5827840566635132,False
two_single_1,8,0,0,"[0, 2, 0, 0]",1,False,False,4940524554954990,4940524555010873,0,0,False
scale_14_rank,8,0,0,"[4, 4, 3, 3]",1,False,False,4940524566976065,4940524573216267,37748736,6.20198392868042,False
scale_62_group,8,0,0,"[15, 16, 15, 16]",1,False,False,4940524583659396,4940524606785206,141557760,23.08278465270996,False
two_single_2,8,0,0,"[0, 0, 2, 0]",1,False,False,4940524618040525,4940524618109732,0,0,False
concurrency_2_group,8,0,0,"[3, 4, 3, 4]",2,False,False,4940524630160922,4940524634958900,28311552,4.679776191711426,False
two_pair_1_2,8,0,0,"[0, 1, 1, 0]",1,False,False,4940524646073750,4940524646159238,0,0,False
scale_10_rank,8,0,0,"[3, 3, 2, 2]",1,False,False,4940524657264864,4940524661969114,28311552,4.645503997802734,False
scale_6_rank,8,0,0,"[2, 2, 1, 1]",1,False,False,4940524672304133,4940524675486921,18874368,3.1262400150299072,False
scale_50_group,8,0,0,"[12, 13, 12, 13]",1,False,False,4940524685901271,4940524704485101,113246208,18.51238441467285,False
six_3,8,0,0,"[1, 1, 2, 2]",1,False,False,4940524715718132,4940524717382573,9437184,1.5954240560531616,False
remote_1,8,0,0,"[1, 2, 1, 2]",1,True,False,4940524729183369,4940524730868321,9437184,1.6004799604415894,False
two_single_3,8,0,0,"[0, 0, 0, 2]",1,False,False,4940524741828394,4940524741948472,0,0,False
six_2,8,0,0,"[2, 1, 2, 1]",1,False,False,4940524753782625,4940524756224863,18874368,2.360960006713867,False
remote_3,8,0,0,"[1, 0, 1, 0]",1,True,False,4940524766414531,4940524767317064,9437184,0.8284479975700378,False
two_pair_1_3,8,0,0,"[0, 1, 0, 1]",1,False,False,4940524777522584,4940524777597259,0,0,False
six_1,8,0,0,"[1, 2, 1, 2]",1,False,False,4940524788607502,4940524790234437,9437184,1.562399983406067,False
scale_4_rank,8,0,0,"[1, 1, 1, 1]",1,False,False,4940524801358937,4940524803008786,9437184,1.5697920322418213,False
concurrency_2_rank,8,0,0,"[4, 4, 3, 3]",2,False,False,4940524813273340,4940524819551959,37748736,6.19382381439209,False
remote_0,8,0,0,"[2, 2, 1, 1]",1,True,False,4940524829903044,4940524833125037,18874368,3.1033599376678467,False
scale_2_group,8,0,0,"[0, 1, 0, 1]",1,False,False,4940524843606002,4940524843777469,0,0,False
remote_2,8,0,0,"[1, 1, 0, 0]",1,True,False,4940524854821090,4940524856488371,9437184,1.5718400478363037,False
scale_8_group,8,0,0,"[2, 2, 2, 2]",1,False,False,4940524866864766,4940524869961803,18874368,3.013887882232666,False
concurrency_4_group,8,0,0,"[3, 4, 3, 4]",4,False,False,4940524880496750,4940524885293113,28311552,4.669792175292969,False
concurrency_4_rank,8,0,0,"[4, 4, 3, 3]",4,False,False,4940524896399733,4940524902729635,37748736,6.200352191925049,False
two_pair_0_1,8,0,0,"[1, 1, 0, 0]",1,False,False,4940524913123277,4940524914656255,9437184,1.459712028503418,False
two_pair_0_3,8,0,0,"[1, 0, 0, 1]",1,False,False,4940524925152504,4940524926029067,9437184,0.8186879754066467,False
scale_4_group,8,0,0,"[1, 1, 1, 1]",1,False,False,4940524936280900,4940524937910490,9437184,1.57423996925354,False
scale_6_group,8,0,0,"[1, 2, 1, 2]",1,False,False,4940524948220107,4940524949855278,9437184,1.5820159912109375,False
scale_8_rank,8,0,0,"[2, 2, 2, 2]",1,False,False,4940524961033611,4940524964192774,18874368,3.101439952850342,False
scale_10_group,8,0,0,"[2, 3, 2, 3]",1,False,False,4940524974575895,4940524977769987,18874368,3.1320641040802,False
six_0,8,0,0,"[2, 2, 1, 1]",1,False,False,4940524988904333,4940524992074525,18874368,3.1071360111236572,False
scale_50_rank,8,0,0,"[13, 13, 12, 12]",1,False,False,4940525002366685,4940525022427977,122683392,20.007648468017578,False
scale_14_group,8,0,0,"[3, 4, 3, 4]",1,False,False,4940525032828695,4940525037537278,28311552,4.654848098754883,False
scale_14_group,9,0,0,"[3, 4, 3, 4]",1,False,False,4940525048689431,4940525053380385,28311552,4.635776042938232,False
six_1,9,0,0,"[1, 2, 1, 2]",1,False,False,4940525064540877,4940525066200622,9437184,1.5879679918289185,False
scale_50_rank,9,0,0,"[13, 13, 12, 12]",1,False,False,4940525077292494,4940525097361471,122683392,20.01571273803711,False
two_single_2,9,0,0,"[0, 0, 2, 0]",1,False,False,4940525107730590,4940525107802227,0,0,False
remote_1,9,0,0,"[1, 2, 1, 2]",1,True,False,4940525119881630,4940525121532916,9437184,1.5879039764404297,False
scale_2_rank,9,0,0,"[1, 1, 0, 0]",1,False,False,4940525132702100,4940525134322472,9437184,1.5661439895629883,False
scale_14_rank,9,0,0,"[4, 4, 3, 3]",1,False,False,4940525144743506,4940525150974210,37748736,6.183743953704834,False
two_single_3,9,0,0,"[0, 0, 0, 2]",1,False,False,4940525161387406,4940525161459147,0,0,False
concurrency_2_rank,9,0,0,"[4, 4, 3, 3]",2,False,False,4940525173406525,4940525179647307,37748736,6.172832012176514,False
two_pair_0_3,9,0,0,"[1, 0, 0, 1]",1,False,False,4940525190052131,4940525190901696,9437184,0.8101440072059631,False
scale_6_rank,9,0,0,"[2, 2, 1, 1]",1,False,False,4940525201266399,4940525204413453,18874368,3.1085760593414307,False
scale_2_group,9,0,0,"[0, 1, 0, 1]",1,False,False,4940525214697479,4940525214768188,0,0,False
six_0,9,0,0,"[2, 2, 1, 1]",1,False,False,4940525225891254,4940525229050236,18874368,3.1178879737854004,False
concurrency_4_rank,9,0,0,"[4, 4, 3, 3]",4,False,False,4940525239453543,4940525245745126,37748736,6.195104122161865,False
scale_62_rank,9,0,0,"[16, 16, 15, 15]",1,False,False,4940525256116952,4940525280790193,150994944,24.630495071411133,False
two_single_1,9,0,0,"[0, 2, 0, 0]",1,False,False,4940525291165097,4940525291224936,0,0,False
two_pair_0_1,9,0,0,"[1, 1, 0, 0]",1,False,False,4940525303131006,4940525304735046,9437184,1.555359959602356,False
two_pair_1_3,9,0,0,"[0, 1, 0, 1]",1,False,False,4940525315036627,4940525315099049,0,0,False
scale_10_group,9,0,0,"[2, 3, 2, 3]",1,False,False,4940525326322166,4940525329479784,18874368,3.118367910385132,False
scale_8_rank,9,0,0,"[2, 2, 2, 2]",1,False,False,4940525340650595,4940525343799970,18874368,3.105504035949707,False
two_pair_0_2,9,0,0,"[1, 0, 1, 0]",1,False,False,4940525354163129,4940525355018531,9437184,0.8105599880218506,False
scale_4_rank,9,0,0,"[1, 1, 1, 1]",1,False,False,4940525365322980,4940525366903815,9437184,1.532480001449585,False
remote_0,9,0,0,"[2, 2, 1, 1]",1,True,False,4940525377321403,4940525380469324,18874368,3.104448080062866,False
six_2,9,0,0,"[2, 1, 2, 1]",1,False,False,4940525390794964,4940525393180897,18874368,2.3438079357147217,False
six_3,9,0,0,"[1, 1, 2, 2]",1,False,False,4940525403547415,4940525405165358,9437184,1.5771839618682861,False
two_pair_1_2,9,0,0,"[0, 1, 1, 0]",1,False,False,4940525417149712,4940525417213563,0,0,False
scale_8_group,9,0,0,"[2, 2, 2, 2]",1,False,False,4940525428329300,4940525431475136,18874368,3.1085760593414307,False
two_single_0,9,0,0,"[2, 0, 0, 0]",1,False,False,4940525441889050,4940525443505862,18874368,1.5771839618682861,False
scale_4_group,9,0,0,"[1, 1, 1, 1]",1,False,False,4940525453947098,4940525455581268,9437184,1.5815680027008057,False
remote_2,9,0,0,"[1, 1, 0, 0]",1,True,False,4940525466028709,4940525467658828,9437184,1.5826879739761353,False
remote_3,9,0,0,"[1, 0, 1, 0]",1,True,False,4940525478125498,4940525478980322,9437184,0.8117759823799133,False
scale_50_group,9,0,0,"[12, 13, 12, 13]",1,False,False,4940525489511465,4940525508339769,113246208,18.554784774780273,False
scale_62_group,9,0,0,"[15, 16, 15, 16]",1,False,False,4940525519237988,4940525542368254,141557760,23.08153533935547,False
scale_6_group,9,0,0,"[1, 2, 1, 2]",1,False,False,4940525553549297,4940525555182215,9437184,1.5839999914169312,False
concurrency_4_group,9,0,0,"[3, 4, 3, 4]",4,False,False,4940525566339231,4940525571398855,28311552,4.774784088134766,False
concurrency_2_group,9,0,0,"[3, 4, 3, 4]",2,False,False,4940525582265580,4940525587024065,28311552,4.661248207092285,False
scale_10_rank,9,0,0,"[3, 3, 2, 2]",1,False,False,4940525598187288,4940525602872623,28311552,4.632800102233887,False
two_pair_2_3,9,0,0,"[0, 0, 1, 1]",1,False,False,4940525613278385,4940525613350173,0,0,False
scale_8_group,10,0,0,"[2, 2, 2, 2]",1,False,False,4940525625535698,4940525628717128,18874368,3.119040012359619,False
two_pair_1_3,10,0,0,"[0, 1, 0, 1]",1,False,False,4940525639044868,4940525639119013,0,0,False
six_2,10,0,0,"[2, 1, 2, 1]",1,False,False,4940525650242242,4940525652648229,18874368,2.348543882369995,False
concurrency_2_group,10,0,0,"[3, 4, 3, 4]",2,False,False,4940525662981815,4940525667711996,28311552,4.6526079177856445,False
scale_2_rank,10,0,0,"[1, 1, 0, 0]",1,False,False,4940525678836372,4940525680456670,9437184,1.5673279762268066,False
remote_0,10,0,0,"[2, 2, 1, 1]",1,True,False,4940525690760250,4940525693929810,18874368,3.119231939315796,False
two_pair_2_3,10,0,0,"[0, 0, 1, 1]",1,False,False,4940525704318646,4940525704387508,0,0,False
two_pair_0_2,10,0,0,"[1, 0, 1, 0]",1,False,False,4940525716849896,4940525717733136,9437184,0.8206719756126404,False
concurrency_4_group,10,0,0,"[3, 4, 3, 4]",4,False,False,4940525728099947,4940525732868689,28311552,4.658976078033447,False
six_1,10,0,0,"[1, 2, 1, 2]",1,False,False,4940525744047968,4940525745705949,9437184,1.5921599864959717,False
two_single_2,10,0,0,"[0, 0, 2, 0]",1,False,False,4940525756811769,4940525756880901,0,0,False
scale_14_group,10,0,0,"[3, 4, 3, 4]",1,False,False,4940525768979572,4940525773721778,28311552,4.673696041107178,False
concurrency_2_rank,10,0,0,"[4, 4, 3, 3]",2,False,False,4940525784843987,4940525791095623,37748736,6.182528018951416,False
remote_3,10,0,0,"[1, 0, 1, 0]",1,True,False,4940525801517173,4940525802389003,9437184,0.8192319869995117,False
six_3,10,0,0,"[1, 1, 2, 2]",1,False,False,4940525812764074,4940525814387720,9437184,1.5690879821777344,False
scale_4_group,10,0,0,"[1, 1, 1, 1]",1,False,False,4940525826437839,4940525828074232,9437184,1.5573439598083496,False
two_single_1,10,0,0,"[0, 2, 0, 0]",1,False,False,4940525838431031,4940525838509941,0,0,False
scale_4_rank,10,0,0,"[1, 1, 1, 1]",1,False,False,4940525850390844,4940525852010830,9437184,1.540544033050537,False
two_pair_0_1,10,0,0,"[1, 1, 0, 0]",1,False,False,4940525862381677,4940525864008213,9437184,1.5586880445480347,False
remote_2,10,0,0,"[1, 1, 0, 0]",1,True,False,4940525874351868,4940525875968135,9437184,1.5597120523452759,False
scale_62_group,10,0,0,"[15, 16, 15, 16]",1,False,False,4940525886384395,4940525909549576,141557760,23.098432540893555,False
scale_10_group,10,0,0,"[2, 3, 2, 3]",1,False,False,4940525920773553,4940525923961739,18874368,3.1248960494995117,False
two_single_0,10,0,0,"[2, 0, 0, 0]",1,False,False,4940525935025161,4940525936655605,18874368,1.5816320180892944,False
scale_14_rank,10,0,0,"[4, 4, 3, 3]",1,False,False,4940525946953364,4940525953191897,37748736,6.175680160522461,False
scale_6_group,10,0,0,"[1, 2, 1, 2]",1,False,False,4940525963630598,4940525965281302,9437184,1.5879360437393188,False
scale_8_rank,10,0,0,"[2, 2, 2, 2]",1,False,False,4940525976445711,4940525979636557,18874368,3.1271679401397705,False
scale_10_rank,10,0,0,"[3, 3, 2, 2]",1,False,False,4940525989998468,4940525994706104,28311552,4.647808074951172,False
six_0,10,0,0,"[2, 2, 1, 1]",1,False,False,4940526005038044,4940526008193832,18874368,3.0938239097595215,False
scale_50_group,10,0,0,"[12, 13, 12, 13]",1,False,False,4940526018520751,4940526037121753,113246208,18.541887283325195,False
two_single_3,10,0,0,"[0, 0, 0, 2]",1,False,False,4940526048266400,4940526048346060,0,0,False
scale_2_group,10,0,0,"[0, 1, 0, 1]",1,False,False,4940526060385347,4940526060473729,0,0,False
scale_62_rank,10,0,0,"[16, 16, 15, 15]",1,False,False,4940526071585517,4940526096267780,150994944,24.6278076171875,False
scale_50_rank,10,0,0,"[13, 13, 12, 12]",1,False,False,4940526106583378,4940526126707197,122683392,20.064607620239258,False
scale_6_rank,10,0,0,"[2, 2, 1, 1]",1,False,False,4940526137124201,4940526140320237,18874368,3.130847930908203,False
concurrency_4_rank,10,0,0,"[4, 4, 3, 3]",4,False,False,4940526150648557,4940526156947013,37748736,6.17244815826416,False
two_pair_1_2,10,0,0,"[0, 1, 1, 0]",1,False,False,4940526167288272,4940526167374291,0,0,False
two_pair_0_3,10,0,0,"[1, 0, 0, 1]",1,False,False,4940526178528396,4940526179410780,9437184,0.8278080224990845,False
remote_1,10,0,0,"[1, 2, 1, 2]",1,True,False,4940526189807528,4940526191457314,9437184,1.587615966796875,False
scale_2_rank,11,0,0,"[1, 1, 0, 0]",1,False,False,4940526202555026,4940526204230562,9437184,1.595744013786316,False
remote_3,11,0,0,"[1, 0, 1, 0]",1,True,False,4940526214546429,4940526215464863,9437184,0.8441920280456543,False
two_pair_1_2,11,0,0,"[0, 1, 1, 0]",1,False,False,4940526225804466,4940526225894518,0,0,False
six_2,11,0,0,"[2, 1, 2, 1]",1,False,False,4940526237033665,4940526239433757,18874368,2.3533120155334473,False
concurrency_2_rank,11,0,0,"[4, 4, 3, 3]",2,False,False,4940526249793284,4940526256045247,37748736,6.1735358238220215,False
two_pair_0_2,11,0,0,"[1, 0, 1, 0]",1,False,False,4940526266355633,4940526267259786,9437184,0.8399360179901123,False
scale_14_group,11,0,0,"[3, 4, 3, 4]",1,False,False,4940526277575070,4940526282303259,28311552,4.668288230895996,False
scale_2_group,11,0,0,"[0, 1, 0, 1]",1,False,False,4940526293459511,4940526293529298,0,0,False
scale_14_rank,11,0,0,"[4, 4, 3, 3]",1,False,False,4940526304673631,4940526310907241,37748736,6.191808223724365,False
six_3,11,0,0,"[1, 1, 2, 2]",1,False,False,4940526321246184,4940526322864790,9437184,1.5782079696655273,False
scale_4_rank,11,0,0,"[1, 1, 1, 1]",1,False,False,4940526334784287,4940526336400616,9437184,1.5686719417572021,False
six_0,11,0,0,"[2, 2, 1, 1]",1,False,False,4940526346744685,4940526349897636,18874368,3.104127883911133,False
scale_6_group,11,0,0,"[1, 2, 1, 2]",1,False,False,4940526360285415,4940526361917824,9437184,1.581055998802185,False
scale_50_rank,11,0,0,"[13, 13, 12, 12]",1,False,False,4940526373007341,4940526393058188,122683392,19.991071701049805,False
scale_6_rank,11,0,0,"[2, 2, 1, 1]",1,False,False,4940526403599101,4940526406766710,18874368,3.105855941772461,False
scale_62_rank,11,0,0,"[16, 16, 15, 15]",1,False,False,4940526417202867,4940526441914544,150994944,24.651264190673828,False
scale_10_group,11,0,0,"[2, 3, 2, 3]",1,False,False,4940526452368759,4940526455572266,18874368,3.132159948348999,False
two_pair_0_1,11,0,0,"[1, 1, 0, 0]",1,False,False,4940526466669608,4940526468304493,9437184,1.582527995109558,False
concurrency_4_rank,11,0,0,"[4, 4, 3, 3]",4,False,False,4940526478602389,4940526484891589,37748736,6.17955207824707,False
two_single_2,11,0,0,"[0, 0, 2, 0]",1,False,False,4940526495184898,4940526495259514,0,0,False
remote_0,11,0,0,"[2, 2, 1, 1]",1,True,False,4940526507109161,4940526510269280,18874368,3.1066880226135254,False
remote_2,11,0,0,"[1, 1, 0, 0]",1,True,False,4940526520654603,4940526522275664,9437184,1.563264012336731,False
scale_10_rank,11,0,0,"[3, 3, 2, 2]",1,False,False,4940526532577212,4940526537265044,28311552,4.636672019958496,False
two_pair_0_3,11,0,0,"[1, 0, 0, 1]",1,False,False,4940526547607389,4940526548477204,9437184,0.8164799809455872,False
scale_62_group,11,0,0,"[15, 16, 15, 16]",1,False,False,4940526558767679,4940526581935596,141557760,23.105600357055664,False
concurrency_2_group,11,0,0,"[3, 4, 3, 4]",2,False,False,4940526593063479,4940526597774659,28311552,4.632319927215576,False
scale_50_group,11,0,0,"[12, 13, 12, 13]",1,False,False,4940526608904103,4940526627436061,113246208,18.474143981933594,False
six_1,11,0,0,"[1, 2, 1, 2]",1,False,False,4940526638553754,4940526640220032,9437184,1.597599983215332,False
remote_1,11,0,0,"[1, 2, 1, 2]",1,True,False,4940526651239397,4940526652715910,9437184,1.4124799966812134,False
two_single_1,11,0,0,"[0, 2, 0, 0]",1,False,False,4940526664003965,4940526664112409,0,0,False
concurrency_4_group,11,0,0,"[3, 4, 3, 4]",4,False,False,4940526676170413,4940526680954192,28311552,4.657279968261719,False
scale_8_group,11,0,0,"[2, 2, 2, 2]",1,False,False,4940526692021845,4940526695214430,18874368,3.119904041290283,False
scale_8_rank,11,0,0,"[2, 2, 2, 2]",1,False,False,4940526705537298,4940526708713598,18874368,3.11081600189209,False
scale_4_group,11,0,0,"[1, 1, 1, 1]",1,False,False,4940526719051180,4940526720693475,9437184,1.5855679512023926,False
two_single_0,11,0,0,"[2, 0, 0, 0]",1,False,False,4940526730978278,4940526732624024,18874368,1.5881600379943848,False
two_pair_2_3,11,0,0,"[0, 0, 1, 1]",1,False,False,4940526742821112,4940526742903081,0,0,False
two_single_3,11,0,0,"[0, 0, 0, 2]",1,False,False,4940526754710209,4940526754792990,0,0,False
two_pair_1_3,11,0,0,"[0, 1, 0, 1]",1,False,False,4940526766620772,4940526766716968,0,0,False
concurrency_4_rank,12,0,0,"[4, 4, 3, 3]",4,False,False,4940526777767654,4940526784094999,37748736,6.210944175720215,False
scale_2_rank,12,0,0,"[1, 1, 0, 0]",1,False,False,4940526794408038,4940526796054492,9437184,1.587007999420166,False
scale_2_group,12,0,0,"[0, 1, 0, 1]",1,False,False,4940526806335837,4940526806415047,0,0,False
two_pair_1_2,12,0,0,"[0, 1, 1, 0]",1,False,False,4940526817477265,4940526817561781,0,0,False
six_0,12,0,0,"[2, 2, 1, 1]",1,False,False,4940526828687937,4940526831864243,18874368,3.1127359867095947,False
scale_50_rank,12,0,0,"[13, 13, 12, 12]",1,False,False,4940526842219348,4940526862298021,122683392,20.0166072845459,False
scale_62_group,12,0,0,"[15, 16, 15, 16]",1,False,False,4940526872694799,4940526895893653,141557760,23.12451171875,False
two_pair_2_3,12,0,0,"[0, 0, 1, 1]",1,False,False,4940526907320902,4940526907415513,0,0,False
six_3,12,0,0,"[1, 1, 2, 2]",1,False,False,4940526919254694,4940526920918585,9437184,1.604032039642334,False
scale_10_rank,12,0,0,"[3, 3, 2, 2]",1,False,False,4940526932795307,4940526937526772,28311552,4.662528038024902,False
remote_1,12,0,0,"[1, 2, 1, 2]",1,True,False,4940526947890628,4940526949538654,9437184,1.588320016860962,False
scale_14_rank,12,0,0,"[4, 4, 3, 3]",1,False,False,4940526960663520,4940526966915546,37748736,6.188255786895752,False
scale_8_group,12,0,0,"[2, 2, 2, 2]",1,False,False,4940526977323715,4940526980499559,18874368,3.1120638847351074,False
scale_14_group,12,0,0,"[3, 4, 3, 4]",1,False,False,4940526990884199,4940526995609024,28311552,4.660192012786865,False
two_single_2,12,0,0,"[0, 0, 2, 0]",1,False,False,4940527006722910,4940527006813104,0,0,False
remote_2,12,0,0,"[1, 1, 0, 0]",1,True,False,4940527018627617,4940527020267791,9437184,1.581984043121338,False
two_single_1,12,0,0,"[0, 2, 0, 0]",1,False,False,4940527030592296,4940527030664507,0,0,False
scale_4_group,12,0,0,"[1, 1, 1, 1]",1,False,False,4940527042512598,4940527044142330,9437184,1.5730559825897217,False
six_1,12,0,0,"[1, 2, 1, 2]",1,False,False,4940527054481793,4940527056124071,9437184,1.5861120223999023,False
concurrency_2_rank,12,0,0,"[4, 4, 3, 3]",2,False,False,4940527067217028,4940527073470058,37748736,6.17091178894043,False
scale_8_rank,12,0,0,"[2, 2, 2, 2]",1,False,False,4940527083877040,4940527087035565,18874368,3.1071999073028564,False
two_pair_1_3,12,0,0,"[0, 1, 0, 1]",1,False,False,4940527097505062,4940527097574691,0,0,False
two_pair_0_3,12,0,0,"[1, 0, 0, 1]",1,False,False,4940527108681945,4940527109542290,9437184,0.8147199749946594,False
scale_6_rank,12,0,0,"[2, 2, 1, 1]",1,False,False,4940527119880150,4940527123035150,18874368,3.109951972961426,False
remote_3,12,0,0,"[1, 0, 1, 0]",1,True,False,4940527133497718,4940527134357338,9437184,0.813759982585907,False
six_2,12,0,0,"[2, 1, 2, 1]",1,False,False,4940527144696766,4940527147097316,18874368,2.350912094116211,False
two_single_0,12,0,0,"[2, 0, 0, 0]",1,False,False,4940527157479227,4940527159113478,18874368,1.5824960470199585,False
scale_50_group,12,0,0,"[12, 13, 12, 13]",1,False,False,4940527169599266,4940527188084011,113246208,18.422847747802734,False
scale_4_rank,12,0,0,"[1, 1, 1, 1]",1,False,False,4940527199322157,4940527200962939,9437184,1.5852160453796387,False
two_pair_0_2,12,0,0,"[1, 0, 1, 0]",1,False,False,4940527211300036,4940527212174838,9437184,0.8183040022850037,False
two_single_3,12,0,0,"[0, 0, 0, 2]",1,False,False,4940527222507489,4940527222588213,0,0,False
scale_10_group,12,0,0,"[2, 3, 2, 3]",1,False,False,4940527234416237,4940527237606096,18874368,3.123840093612671,False
two_pair_0_1,12,0,0,"[1, 1, 0, 0]",1,False,False,4940527248696198,4940527250315100,9437184,1.5649919509887695,False
scale_6_group,12,0,0,"[1, 2, 1, 2]",1,False,False,4940527260725623,4940527262363852,9437184,1.582368016242981,False
concurrency_2_group,12,0,0,"[3, 4, 3, 4]",2,False,False,4940527273525249,4940527278271435,28311552,4.653503894805908,False
remote_0,12,0,0,"[2, 2, 1, 1]",1,True,False,4940527289437414,4940527292599747,18874368,3.100800037384033,False
concurrency_4_group,12,0,0,"[3, 4, 3, 4]",4,False,False,4940527302882177,4940527307645415,28311552,4.6617279052734375,False
scale_62_rank,12,0,0,"[16, 16, 15, 15]",1,False,False,4940527318709769,4940527343369983,150994944,24.604768753051758,False
scale_50_rank,13,0,0,"[13, 13, 12, 12]",1,False,False,4940527353867998,4940527373987731,122683392,20.048864364624023,False
two_single_2,13,0,0,"[0, 0, 2, 0]",1,False,False,4940527384442326,4940527384517020,0,0,False
scale_14_group,13,0,0,"[3, 4, 3, 4]",1,False,False,4940527396511561,4940527401252316,28311552,4.669504165649414,False
scale_10_rank,13,0,0,"[3, 3, 2, 2]",1,False,False,4940527412337746,4940527417042262,28311552,4.645088195800781,False
scale_2_rank,13,0,0,"[1, 1, 0, 0]",1,False,False,4940527427396399,4940527429018802,9437184,1.5677440166473389,False
remote_3,13,0,0,"[1, 0, 1, 0]",1,True,False,4940527439271032,4940527440138082,9437184,0.8162559866905212,False
concurrency_4_rank,13,0,0,"[4, 4, 3, 3]",4,False,False,4940527450445776,4940527456732523,37748736,6.165440082550049,False
concurrency_2_group,13,0,0,"[3, 4, 3, 4]",2,False,False,4940527467047728,4940527471783934,28311552,4.658720016479492,False
scale_4_rank,13,0,0,"[1, 1, 1, 1]",1,False,False,4940527482836463,4940527484469206,9437184,1.5765440464019775,False
scale_8_rank,13,0,0,"[2, 2, 2, 2]",1,False,False,4940527494732632,4940527497889246,18874368,3.1057920455932617,False
two_pair_1_2,13,0,0,"[0, 1, 1, 0]",1,False,False,4940527508244528,4940527508319388,0,0,False
scale_8_group,13,0,0,"[2, 2, 2, 2]",1,False,False,4940527519369865,4940527522524567,18874368,3.1068480014801025,False
six_1,13,0,0,"[1, 2, 1, 2]",1,False,False,4940527532841616,4940527534475467,9437184,1.5808000564575195,False
two_pair_0_2,13,0,0,"[1, 0, 1, 0]",1,False,False,4940527545587928,4940527546463403,9437184,0.8176000118255615,False
concurrency_2_rank,13,0,0,"[4, 4, 3, 3]",2,False,False,4940527556714603,4940527562973853,37748736,6.188320159912109,False
scale_6_rank,13,0,0,"[2, 2, 1, 1]",1,False,False,4940527573208031,4940527576365835,18874368,3.10809588432312,False
concurrency_4_group,13,0,0,"[3, 4, 3, 4]",4,False,False,4940527586612078,4940527591380175,28311552,4.673503875732422,False
two_single_1,13,0,0,"[0, 2, 0, 0]",1,False,False,4940527602476964,4940527602548949,0,0,False
scale_6_group,13,0,0,"[1, 2, 1, 2]",1,False,False,4940527614334501,4940527615971136,9437184,1.5827200412750244,False
remote_0,13,0,0,"[2, 2, 1, 1]",1,True,False,4940527627001646,4940527630162806,18874368,3.110624074935913,False
scale_14_rank,13,0,0,"[4, 4, 3, 3]",1,False,False,4940527640492312,4940527646729610,37748736,6.186944007873535,False
scale_62_group,13,0,0,"[15, 16, 15, 16]",1,False,False,4940527657109146,4940527680262977,141557760,23.09212875366211,False
scale_2_group,13,0,0,"[0, 1, 0, 1]",1,False,False,4940527691459092,4940527691533822,0,0,False
two_single_0,13,0,0,"[2, 0, 0, 0]",1,False,False,4940527702587586,4940527704221731,18874368,1.5874559879302979,False
scale_4_group,13,0,0,"[1, 1, 1, 1]",1,False,False,4940527714438381,4940527716061847,9437184,1.5740159749984741,False
six_2,13,0,0,"[2, 1, 2, 1]",1,False,False,4940527726364293,4940527728752110,18874368,2.3328640460968018,False
scale_50_group,13,0,0,"[12, 13, 12, 13]",1,False,False,4940527739039129,4940527757595210,113246208,18.490304946899414,False
scale_62_rank,13,0,0,"[16, 16, 15, 15]",1,False,False,4940527768721483,4940527793407093,150994944,24.630687713623047,False
scale_10_group,13,0,0,"[2, 3, 2, 3]",1,False,False,4940527803831312,4940527807005797,18874368,3.1153600215911865,False
remote_1,13,0,0,"[1, 2, 1, 2]",1,True,False,4940527818179245,4940527819823773,9437184,1.5858240127563477,False
two_pair_1_3,13,0,0,"[0, 1, 0, 1]",1,False,False,4940527830870669,4940527830944873,0,0,False
two_pair_0_3,13,0,0,"[1, 0, 0, 1]",1,False,False,4940527841973935,4940527842842183,9437184,0.8181120157241821,False
remote_2,13,0,0,"[1, 1, 0, 0]",1,True,False,4940527853064655,4940527854680338,9437184,1.5652799606323242,False
two_single_3,13,0,0,"[0, 0, 0, 2]",1,False,False,4940527865084671,4940527865156869,0,0,False
six_0,13,0,0,"[2, 2, 1, 1]",1,False,False,4940527877105621,4940527880283396,18874368,3.1175999641418457,False
two_pair_0_1,13,0,0,"[1, 1, 0, 0]",1,False,False,4940527890621948,4940527892260961,9437184,1.5807360410690308,False
two_pair_2_3,13,0,0,"[0, 0, 1, 1]",1,False,False,4940527902499810,4940527902571231,0,0,False
six_3,13,0,0,"[1, 1, 2, 2]",1,False,False,4940527914373721,4940527915993826,9437184,1.5615040063858032,False
scale_2_rank,14,0,0,"[1, 1, 0, 0]",1,False,False,4940527927891144,4940527929522874,9437184,1.5654079914093018,False
scale_62_group,14,0,0,"[15, 16, 15, 16]",1,False,False,4940527939919257,4940527963086629,141557760,23.10095977783203,False
concurrency_2_group,14,0,0,"[3, 4, 3, 4]",2,False,False,4940527974257177,4940527979006059,28311552,4.6572160720825195,False
concurrency_4_group,14,0,0,"[3, 4, 3, 4]",4,False,False,4940527990179153,4940527994950202,28311552,4.667359828948975,False
six_3,14,0,0,"[1, 1, 2, 2]",1,False,False,4940528006053112,4940528007689591,9437184,1.577247977256775,False
concurrency_2_rank,14,0,0,"[4, 4, 3, 3]",2,False,False,4940528019698847,4940528025961006,37748736,6.1721601486206055,False
remote_0,14,0,0,"[2, 2, 1, 1]",1,True,False,4940528036297959,4940528039335621,18874368,2.9702401161193848,False
two_pair_0_1,14,0,0,"[1, 1, 0, 0]",1,False,False,4940528049938995,4940528051551893,9437184,1.5447039604187012,False
scale_50_rank,14,0,0,"[13, 13, 12, 12]",1,False,False,4940528061911520,4940528082031133,122683392,20.05683135986328,False
scale_4_group,14,0,0,"[1, 1, 1, 1]",1,False,False,4940528092416451,4940528094063532,9437184,1.5817279815673828,False
six_2,14,0,0,"[2, 1, 2, 1]",1,False,False,4940528104494308,4940528106892043,18874368,2.343071937561035,False
scale_62_rank,14,0,0,"[16, 16, 15, 15]",1,False,False,4940528117287517,4940528141960501,150994944,24.61564826965332,False
six_1,14,0,0,"[1, 2, 1, 2]",1,False,False,4940528152849535,4940528154456015,9437184,1.5355520248413086,False
remote_3,14,0,0,"[1, 0, 1, 0]",1,True,False,4940528165651970,4940528166558311,9437184,0.8320320248603821,False
scale_6_rank,14,0,0,"[2, 2, 1, 1]",1,False,False,4940528176879594,4940528180088522,18874368,3.1309120655059814,False
two_pair_0_2,14,0,0,"[1, 0, 1, 0]",1,False,False,4940528190445923,4940528191335089,9437184,0.8270400166511536,False
scale_50_group,14,0,0,"[12, 13, 12, 13]",1,False,False,4940528201690336,4940528220252441,113246208,18.485408782958984,False
scale_8_group,14,0,0,"[2, 2, 2, 2]",1,False,False,4940528231432337,4940528234652409,18874368,3.144223928451538,False
scale_14_group,14,0,0,"[3, 4, 3, 4]",1,False,False,4940528245097707,4940528249801582,28311552,4.651423931121826,False
scale_4_rank,14,0,0,"[1, 1, 1, 1]",1,False,False,4940528260924730,4940528262562829,9437184,1.585312008857727,False
two_pair_1_3,14,0,0,"[0, 1, 0, 1]",1,False,False,4940528272983700,4940528273058002,0,0,False
scale_14_rank,14,0,0,"[4, 4, 3, 3]",1,False,False,4940528284169769,4940528290411288,37748736,6.190080165863037,False
two_pair_1_2,14,0,0,"[0, 1, 1, 0]",1,False,False,4940528300845100,4940528300922997,0,0,False
two_pair_2_3,14,0,0,"[0, 0, 1, 1]",1,False,False,4940528311997685,4940528312092405,0,0,False
two_single_1,14,0,0,"[0, 2, 0, 0]",1,False,False,4940528324183307,4940528324277846,0,0,False
scale_8_rank,14,0,0,"[2, 2, 2, 2]",1,False,False,4940528336345335,4940528339520319,18874368,3.0986878871917725,False
scale_6_group,14,0,0,"[1, 2, 1, 2]",1,False,False,4940528349916690,4940528351576912,9437184,1.5934079885482788,False
two_pair_0_3,14,0,0,"[1, 0, 0, 1]",1,False,False,4940528362715366,4940528363599949,9437184,0.8248639702796936,False
scale_10_rank,14,0,0,"[3, 3, 2, 2]",1,False,False,4940528374235369,4940528378962620,28311552,4.6651201248168945,False
concurrency_4_rank,14,0,0,"[4, 4, 3, 3]",4,False,False,4940528389369654,4940528395676508,37748736,6.1933441162109375,False
two_single_3,14,0,0,"[0, 0, 0, 2]",1,False,False,4940528406155393,4940528406229869,0,0,False
remote_1,14,0,0,"[1, 2, 1, 2]",1,True,False,4940528418224384,4940528419832144,9437184,1.5561280250549316,False
six_0,14,0,0,"[2, 2, 1, 1]",1,False,False,4940528430965768,4940528434136134,18874368,3.114527940750122,False
scale_10_group,14,0,0,"[2, 3, 2, 3]",1,False,False,4940528444545017,4940528447724692,18874368,3.1203200817108154,False
two_single_2,14,0,0,"[0, 0, 2, 0]",1,False,False,4940528458868326,4940528458944049,0,0,False
two_single_0,14,0,0,"[2, 0, 0, 0]",1,False,False,4940528470762016,4940528472397969,18874368,1.587488055229187,False
scale_2_group,14,0,0,"[0, 1, 0, 1]",1,False,False,4940528482804413,4940528482872756,0,0,False
remote_2,14,0,0,"[1, 1, 0, 0]",1,True,False,4940528494029997,4940528495651624,9437184,1.5759999752044678,False
six_3,15,0,0,"[1, 1, 2, 2]",1,False,False,4940528506097841,4940528507717064,9437184,1.5618239641189575,False
six_0,15,0,0,"[2, 2, 1, 1]",1,False,False,4940528519849986,4940528523038040,18874368,3.120192050933838,False
scale_62_group,15,0,0,"[15, 16, 15, 16]",1,False,False,4940528533434482,4940528556890914,141557760,23.1711368560791,False
scale_6_group,15,0,0,"[1, 2, 1, 2]",1,False,False,4940528567764469,4940528569406986,9437184,1.5841280221939087,False
scale_10_rank,15,0,0,"[3, 3, 2, 2]",1,False,False,4940528580549410,4940528585242668,28311552,4.634496212005615,False
scale_10_group,15,0,0,"[2, 3, 2, 3]",1,False,False,4940528595631901,4940528598799137,18874368,3.116895914077759,False
scale_2_group,15,0,0,"[0, 1, 0, 1]",1,False,False,4940528609961025,4940528610035631,0,0,False
two_single_1,15,0,0,"[0, 2, 0, 0]",1,False,False,4940528621117137,4940528621191111,0,0,False
six_2,15,0,0,"[2, 1, 2, 1]",1,False,False,4940528633228305,4940528635612813,18874368,2.3261120319366455,False
scale_4_group,15,0,0,"[1, 1, 1, 1]",1,False,False,4940528645970662,4940528647586510,9437184,1.5625280141830444,False
scale_14_rank,15,0,0,"[4, 4, 3, 3]",1,False,False,4940528657958454,4940528664202099,37748736,6.191967964172363,False
scale_62_rank,15,0,0,"[16, 16, 15, 15]",1,False,False,4940528674470261,4940528699142767,150994944,24.621856689453125,False
concurrency_2_rank,15,0,0,"[4, 4, 3, 3]",2,False,False,4940528709509087,4940528715761389,37748736,6.176735877990723,False
remote_2,15,0,0,"[1, 1, 0, 0]",1,True,False,4940528726138879,4940528727762978,9437184,1.5691200494766235,False
two_pair_1_3,15,0,0,"[0, 1, 0, 1]",1,False,False,4940528738175838,4940528738245609,0,0,False
remote_1,15,0,0,"[1, 2, 1, 2]",1,True,False,4940528749361646,4940528751009884,9437184,1.5911040306091309,False
concurrency_2_group,15,0,0,"[3, 4, 3, 4]",2,False,False,4940528762223051,4940528766949952,28311552,4.652192115783691,False
remote_0,15,0,0,"[2, 2, 1, 1]",1,True,False,4940528778109792,4940528781278787,18874368,3.1059200763702393,False
scale_2_rank,15,0,0,"[1, 1, 0, 0]",1,False,False,4940528791709591,4940528793330469,9437184,1.5707839727401733,False
two_pair_1_2,15,0,0,"[0, 1, 1, 0]",1,False,False,4940528803767386,4940528803833403,0,0,False
concurrency_4_group,15,0,0,"[3, 4, 3, 4]",4,False,False,4940528814892180,4940528819657335,28311552,4.667871952056885,False
two_single_3,15,0,0,"[0, 0, 0, 2]",1,False,False,4940528830773267,4940528830848100,0,0,False
concurrency_4_rank,15,0,0,"[4, 4, 3, 3]",4,False,False,4940528842712407,4940528849007313,37748736,6.1902079582214355,False
two_single_0,15,0,0,"[2, 0, 0, 0]",1,False,False,4940528859432748,4940528861093001,18874368,1.6015039682388306,False
scale_8_rank,15,0,0,"[2, 2, 2, 2]",1,False,False,4940528871577226,4940528874728632,18874368,3.092288017272949,False
scale_8_group,15,0,0,"[2, 2, 2, 2]",1,False,False,4940528885144833,4940528888319278,18874368,3.1240320205688477,False
two_pair_0_2,15,0,0,"[1, 0, 1, 0]",1,False,False,4940528898655890,4940528899528064,9437184,0.8188160061836243,False
scale_50_rank,15,0,0,"[13, 13, 12, 12]",1,False,False,4940528909830050,4940528929910727,122683392,20.02288055419922,False
scale_50_group,15,0,0,"[12, 13, 12, 13]",1,False,False,4940528940361144,4940528958916345,113246208,18.49612808227539,False
two_pair_0_3,15,0,0,"[1, 0, 0, 1]",1,False,False,4940528970165009,4940528971069782,9437184,0.8370879888534546,False
two_pair_0_1,15,0,0,"[1, 1, 0, 0]",1,False,False,4940528981441393,4940528983133576,9437184,1.6065280437469482,False
two_single_2,15,0,0,"[0, 0, 2, 0]",1,False,False,4940528993633621,4940528993711457,0,0,False
scale_14_group,15,0,0,"[3, 4, 3, 4]",1,False,False,4940529005669727,4940529010418453,28311552,4.677472114562988,False
two_pair_2_3,15,0,0,"[0, 0, 1, 1]",1,False,False,4940529021557815,4940529021641648,0,0,False
scale_4_rank,15,0,0,"[1, 1, 1, 1]",1,False,False,4940529033722417,4940529035370929,9437184,1.5736639499664307,False
six_1,15,0,0,"[1, 2, 1, 2]",1,False,False,4940529045748582,4940529047411227,9437184,1.5953600406646729,False
scale_6_rank,15,0,0,"[2, 2, 1, 1]",1,False,False,4940529058506542,4940529061690810,18874368,3.12227201461792,False
remote_3,15,0,0,"[1, 0, 1, 0]",1,True,False,4940529072047222,4940529072926883,9437184,0.8202880024909973,False
two_single_1,16,0,0,"[0, 2, 0, 0]",1,False,False,4940529083290758,4940529083359773,0,0,False
six_0,16,0,0,"[2, 2, 1, 1]",1,False,False,4940529095192284,4940529098353179,18874368,3.112096071243286,False
two_pair_1_2,16,0,0,"[0, 1, 1, 0]",1,False,False,4940529108696048,4940529108762526,0,0,False
remote_2,16,0,0,"[1, 1, 0, 0]",1,True,False,4940529119857827,4940529121494417,9437184,1.5845119953155518,False
two_pair_2_3,16,0,0,"[0, 0, 1, 1]",1,False,False,4940529131905757,4940529131975529,0,0,False
concurrency_4_group,16,0,0,"[3, 4, 3, 4]",4,False,False,4940529144056178,4940529148861532,28311552,4.682784080505371,False
scale_10_rank,16,0,0,"[3, 3, 2, 2]",1,False,False,4940529159995800,4940529164696501,28311552,4.637279987335205,False
scale_6_group,16,0,0,"[1, 2, 1, 2]",1,False,False,4940529175030429,4940529176656549,9437184,1.5738240480422974,False
scale_14_rank,16,0,0,"[4, 4, 3, 3]",1,False,False,4940529187754135,4940529193981788,37748736,6.180992126464844,False
scale_62_rank,16,0,0,"[16, 16, 15, 15]",1,False,False,4940529204348330,4940529229054123,150994944,24.649887084960938,False
scale_10_group,16,0,0,"[2, 3, 2, 3]",1,False,False,4940529239477071,4940529242650519,18874368,3.1179521083831787,False
scale_50_rank,16,0,0,"[13, 13, 12, 12]",1,False,False,4940529253813107,4940529273859486,122683392,19.998336791992188,False
concurrency_2_group,16,0,0,"[3, 4, 3, 4]",2,False,False,4940529284286347,4940529289030160,28311552,4.667007923126221,False
two_single_0,16,0,0,"[2, 0, 0, 0]",1,False,False,4940529300177620,4940529301820022,18874368,1.589951992034912,False
scale_14_group,16,0,0,"[3, 4, 3, 4]",1,False,False,4940529312332676,4940529317019014,28311552,4.630015850067139,False
two_pair_1_3,16,0,0,"[0, 1, 0, 1]",1,False,False,4940529328310200,4940529328394077,0,0,False
six_3,16,0,0,"[1, 1, 2, 2]",1,False,False,4940529339506229,4940529341124217,9437184,1.5727039575576782,False
two_pair_0_1,16,0,0,"[1, 1, 0, 0]",1,False,False,4940529353082795,4940529354704232,9437184,1.569983959197998,False
two_pair_0_2,16,0,0,"[1, 0, 1, 0]",1,False,False,4940529365131438,4940529365994682,9437184,0.8156800270080566,False
scale_2_rank,16,0,0,"[1, 1, 0, 0]",1,False,False,4940529376301084,4940529377933708,9437184,1.5810240507125854,False
scale_2_group,16,0,0,"[0, 1, 0, 1]",1,False,False,4940529388310116,4940529388384229,0,0,False
scale_50_group,16,0,0,"[12, 13, 12, 13]",1,False,False,4940529399533120,4940529418071741,113246208,18.48636817932129,False
scale_4_group,16,0,0,"[1, 1, 1, 1]",1,False,False,4940529429189560,4940529430809348,9437184,1.5712640285491943,False
two_single_3,16,0,0,"[0, 0, 0, 2]",1,False,False,4940529441196131,4940529441264879,0,0,False
two_single_2,16,0,0,"[0, 0, 2, 0]",1,False,False,4940529453197582,4940529453289809,0,0,False
six_2,16,0,0,"[2, 1, 2, 1]",1,False,False,4940529465167998,4940529467615435,18874368,2.368096113204956,False
scale_62_group,16,0,0,"[15, 16, 15, 16]",1,False,False,4940529477897579,4940529500987299,141557760,23.025184631347656,False
remote_1,16,0,0,"[1, 2, 1, 2]",1,True,False,4940529512294790,4940529513956689,9437184,1.5906879901885986,False
scale_6_rank,16,0,0,"[2, 2, 1, 1]",1,False,False,4940529525084323,4940529528258997,18874368,3.1220479011535645,False
remote_0,16,0,0,"[2, 2, 1, 1]",1,True,False,4940529538612580,4940529541796905,18874368,3.131808042526245,False
scale_8_group,16,0,0,"[2, 2, 2, 2]",1,False,False,4940529552191929,4940529555371975,18874368,3.1186559200286865,False
two_pair_0_3,16,0,0,"[1, 0, 0, 1]",1,False,False,4940529565781721,4940529566650671,9437184,0.8162239789962769,False
scale_8_rank,16,0,0,"[2, 2, 2, 2]",1,False,False,4940529576959982,4940529580127995,18874368,3.1176960468292236,False
concurrency_2_rank,16,0,0,"[4, 4, 3, 3]",2,False,False,4940529590489938,4940529596732111,37748736,6.165984153747559,False
six_1,16,0,0,"[1, 2, 1, 2]",1,False,False,4940529607084021,4940529608749434,9437184,1.59660804271698,False
scale_4_rank,16,0,0,"[1, 1, 1, 1]",1,False,False,4940529619856206,4940529621507752,9437184,1.5932159423828125,False
concurrency_4_rank,16,0,0,"[4, 4, 3, 3]",4,False,False,4940529631898477,4940529638203146,37748736,6.187104225158691,False
remote_3,16,0,0,"[1, 0, 1, 0]",1,True,False,4940529648587043,4940529649471298,9437184,0.8238720297813416,False
six_3,17,0,0,"[1, 1, 2, 2]",1,False,False,4940529659808386,4940529661445843,9437184,1.5805120468139648,False
concurrency_4_group,17,0,0,"[3, 4, 3, 4]",4,False,False,4940529673469761,4940529678277055,28311552,4.673600196838379,False
two_single_3,17,0,0,"[0, 0, 0, 2]",1,False,False,4940529689409773,4940529689497697,0,0,False
two_pair_1_3,17,0,0,"[0, 1, 0, 1]",1,False,False,4940529701589987,4940529701684782,0,0,False
scale_2_rank,17,0,0,"[1, 1, 0, 0]",1,False,False,4940529712809086,4940529714433298,9437184,1.576159954071045,False
scale_10_rank,17,0,0,"[3, 3, 2, 2]",1,False,False,4940529724791586,4940529729488825,28311552,4.646848201751709,False
two_pair_0_1,17,0,0,"[1, 1, 0, 0]",1,False,False,4940529739895704,4940529741511226,9437184,1.5696320533752441,False
concurrency_2_rank,17,0,0,"[4, 4, 3, 3]",2,False,False,4940529751920697,4940529758175355,37748736,6.181983947753906,False
scale_8_group,17,0,0,"[2, 2, 2, 2]",1,False,False,4940529768534941,4940529771687755,18874368,3.1059839725494385,False
six_2,17,0,0,"[2, 1, 2, 1]",1,False,False,4940529782109346,4940529784499044,18874368,2.341439962387085,False
scale_14_rank,17,0,0,"[4, 4, 3, 3]",1,False,False,4940529794844451,4940529801084966,37748736,6.185984134674072,False
scale_50_rank,17,0,0,"[13, 13, 12, 12]",1,False,False,4940529811445302,4940529831512565,122683392,20.01590347290039,False
remote_1,17,0,0,"[1, 2, 1, 2]",1,True,False,4940529841929504,4940529843566401,9437184,1.583616018295288,False
two_pair_0_3,17,0,0,"[1, 0, 0, 1]",1,False,False,4940529854701546,4940529855563768,9437184,0.8138239979743958,False
concurrency_2_group,17,0,0,"[3, 4, 3, 4]",2,False,False,4940529865933510,4940529870653906,28311552,4.649216175079346,False
concurrency_4_rank,17,0,0,"[4, 4, 3, 3]",4,False,False,4940529881804411,4940529888089583,37748736,6.178944110870361,False
two_single_2,17,0,0,"[0, 0, 2, 0]",1,False,False,4940529898455840,4940529898527709,0,0,False
two_pair_2_3,17,0,0,"[0, 0, 1, 1]",1,False,False,4940529910333091,4940529910421018,0,0,False
two_pair_0_2,17,0,0,"[1, 0, 1, 0]",1,False,False,4940529922453919,4940529923350715,9437184,0.83024001121521,False
remote_3,17,0,0,"[1, 0, 1, 0]",1,True,False,4940529933688921,4940529934556237,9437184,0.8148800134658813,False
two_single_0,17,0,0,"[2, 0, 0, 0]",1,False,False,4940529944878489,4940529946510860,18874368,1.5831999778747559,False
scale_62_group,17,0,0,"[15, 16, 15, 16]",1,False,False,4940529956861460,4940529979993418,141557760,23.075199127197266,False
remote_0,17,0,0,"[2, 2, 1, 1]",1,True,False,4940529991144900,4940529994299633,18874368,3.096895933151245,False
scale_8_rank,17,0,0,"[2, 2, 2, 2]",1,False,False,4940530004734947,4940530007905189,18874368,3.1155519485473633,False
scale_50_group,17,0,0,"[12, 13, 12, 13]",1,False,False,4940530018303079,4940530036848405,113246208,18.486656188964844,False
scale_2_group,17,0,0,"[0, 1, 0, 1]",1,False,False,4940530048058001,4940530048149671,0,0,False
remote_2,17,0,0,"[1, 1, 0, 0]",1,True,False,4940530059230753,4940530060892219,9437184,1.5790719985961914,False
six_1,17,0,0,"[1, 2, 1, 2]",1,False,False,4940530071184456,4940530072850339,9437184,1.5960960388183594,False
scale_6_group,17,0,0,"[1, 2, 1, 2]",1,False,False,4940530083970958,4940530085624447,9437184,1.5886399745941162,False
six_0,17,0,0,"[2, 2, 1, 1]",1,False,False,4940530096725085,4940530099887951,18874368,3.102463960647583,False
scale_62_rank,17,0,0,"[16, 16, 15, 15]",1,False,False,4940530110305581,4940530135014174,150994944,24.64543914794922,False
scale_6_rank,17,0,0,"[2, 2, 1, 1]",1,False,False,4940530145489866,4940530148718993,18874368,3.1481919288635254,False
scale_4_rank,17,0,0,"[1, 1, 1, 1]",1,False,False,4940530159102973,4940530160746400,9437184,1.581760048866272,False
two_single_1,17,0,0,"[0, 2, 0, 0]",1,False,False,4940530171134337,4940530171196598,0,0,False
scale_4_group,17,0,0,"[1, 1, 1, 1]",1,False,False,4940530183049179,4940530184674618,9437184,1.5834879875183105,False
scale_10_group,17,0,0,"[2, 3, 2, 3]",1,False,False,4940530195039933,4940530198206007,18874368,3.1157119274139404,False
two_pair_1_2,17,0,0,"[0, 1, 1, 0]",1,False,False,4940530209286725,4940530209358216,0,0,False
scale_14_group,17,0,0,"[3, 4, 3, 4]",1,False,False,4940530220461206,4940530225163157,28311552,4.652063846588135,False
two_single_2,18,0,0,"[0, 0, 2, 0]",1,False,False,4940530236335989,4940530236417457,0,0,False
two_pair_0_2,18,0,0,"[1, 0, 1, 0]",1,False,False,4940530248398018,4940530249276434,9437184,0.8311039805412292,False
scale_50_rank,18,0,0,"[13, 13, 12, 12]",1,False,False,4940530259588852,4940530279647846,122683392,20.009471893310547,False
scale_8_group,18,0,0,"[2, 2, 2, 2]",1,False,False,4940530290124539,4940530293295207,18874368,3.1204800605773926,False
concurrency_4_group,18,0,0,"[3, 4, 3, 4]",4,False,False,4940530303666055,4940530308450599,28311552,4.682816028594971,False
six_0,18,0,0,"[2, 2, 1, 1]",1,False,False,4940530319553848,4940530322713765,18874368,3.105760097503662,False
concurrency_2_rank,18,0,0,"[4, 4, 3, 3]",2,False,False,4940530333083397,4940530339329004,37748736,6.173888206481934,False
scale_4_rank,18,0,0,"[1, 1, 1, 1]",1,False,False,4940530349717262,4940530351344635,9437184,1.5694719552993774,False
six_1,18,0,0,"[1, 2, 1, 2]",1,False,False,4940530361735625,4940530363368481,9437184,1.5818560123443604,False
scale_10_rank,18,0,0,"[3, 3, 2, 2]",1,False,False,4940530374466069,4940530379167951,28311552,4.651968002319336,False
six_3,18,0,0,"[1, 1, 2, 2]",1,False,False,4940530389551383,4940530391170759,9437184,1.5710400342941284,False
scale_62_group,18,0,0,"[15, 16, 15, 16]",1,False,False,4940530403178422,4940530426321739,141557760,23.08403205871582,False
scale_2_rank,18,0,0,"[1, 1, 0, 0]",1,False,False,4940530437464837,4940530439098482,9437184,1.582368016242981,False
scale_6_group,18,0,0,"[1, 2, 1, 2]",1,False,False,4940530449466308,4940530451111585,9437184,1.5856959819793701,False
remote_1,18,0,0,"[1, 2, 1, 2]",1,True,False,4940530462313600,4940530463950618,9437184,1.5825599431991577,False
remote_2,18,0,0,"[1, 1, 0, 0]",1,True,False,4940530475101823,4940530476728498,9437184,1.5742720365524292,False
two_single_1,18,0,0,"[0, 2, 0, 0]",1,False,False,4940530487059207,4940530487145461,0,0,False
scale_4_group,18,0,0,"[1, 1, 1, 1]",1,False,False,4940530499048703,4940530500686501,9437184,1.580448031425476,False
scale_8_rank,18,0,0,"[2, 2, 2, 2]",1,False,False,4940530511056419,4940530514235924,18874368,3.1251840591430664,False
scale_50_group,18,0,0,"[12, 13, 12, 13]",1,False,False,4940530524633770,4940530543183322,113246208,18.485408782958984,False
remote_3,18,0,0,"[1, 0, 1, 0]",1,True,False,4940530554359138,4940530555239137,9437184,0.8252800107002258,False
scale_10_group,18,0,0,"[2, 3, 2, 3]",1,False,False,4940530565557283,4940530568733854,18874368,3.121407985687256,False
scale_14_group,18,0,0,"[3, 4, 3, 4]",1,False,False,4940530579785490,4940530584496670,28311552,4.655551910400391,False
two_pair_2_3,18,0,0,"[0, 0, 1, 1]",1,False,False,4940530595576801,4940530595646054,0,0,False
concurrency_2_group,18,0,0,"[3, 4, 3, 4]",2,False,False,4940530607578956,4940530612289044,28311552,4.637760162353516,False
two_pair_0_3,18,0,0,"[1, 0, 0, 1]",1,False,False,4940530623382264,4940530624245036,9437184,0.8137919902801514,False
scale_62_rank,18,0,0,"[16, 16, 15, 15]",1,False,False,4940530634564981,4940530659235345,150994944,24.608192443847656,False
scale_6_rank,18,0,0,"[2, 2, 1, 1]",1,False,False,4940530669662330,4940530672845479,18874368,3.1252479553222656,False
remote_0,18,0,0,"[2, 2, 1, 1]",1,True,False,4940530683166166,4940530686341121,18874368,3.122080087661743,False
six_2,18,0,0,"[2, 1, 2, 1]",1,False,False,4940530696723474,4940530699129941,18874368,2.345151901245117,False
two_single_0,18,0,0,"[2, 0, 0, 0]",1,False,False,4940530709519392,4940530711155043,18874368,1.5859520435333252,False
concurrency_4_rank,18,0,0,"[4, 4, 3, 3]",4,False,False,4940530721546175,4940530727854827,37748736,6.2012481689453125,False
scale_2_group,18,0,0,"[0, 1, 0, 1]",1,False,False,4940530738290026,4940530738360603,0,0,False
scale_14_rank,18,0,0,"[4, 4, 3, 3]",1,False,False,4940530749457645,4940530755693020,37748736,6.174015998840332,False
two_pair_0_1,18,0,0,"[1, 1, 0, 0]",1,False,False,4940530766047632,4940530767673199,9437184,1.5735039710998535,False
two_pair_1_2,18,0,0,"[0, 1, 1, 0]",1,False,False,4940530778044708,4940530778118691,0,0,False
two_single_3,18,0,0,"[0, 0, 0, 2]",1,False,False,4940530789212578,4940530789281051,0,0,False
two_pair_1_3,18,0,0,"[0, 1, 0, 1]",1,False,False,4940530801247552,4940530801318388,0,0,False
scale_10_rank,19,0,0,"[3, 3, 2, 2]",1,False,False,4940530812439715,4940530817140888,28311552,4.652192115783691,False
two_pair_0_1,19,0,0,"[1, 1, 0, 0]",1,False,False,4940530827530926,4940530829169150,9437184,1.5808320045471191,False
two_pair_0_2,19,0,0,"[1, 0, 1, 0]",1,False,False,4940530839547390,4940530840421900,9437184,0.8234239816665649,False
scale_50_rank,19,0,0,"[13, 13, 12, 12]",1,False,False,4940530850705343,4940530870816643,122683392,20.039072036743164,False
two_pair_2_3,19,0,0,"[0, 0, 1, 1]",1,False,False,4940530881161082,4940530881254347,0,0,False
concurrency_4_rank,19,0,0,"[4, 4, 3, 3]",4,False,False,4940530893118550,4940530899439256,37748736,6.196703910827637,False
scale_50_group,19,0,0,"[12, 13, 12, 13]",1,False,False,4940530909835879,4940530928447240,113246208,18.533632278442383,False
remote_0,19,0,0,"[2, 2, 1, 1]",1,True,False,4940530939625440,4940530942816902,18874368,3.1263680458068848,False
scale_4_rank,19,0,0,"[1, 1, 1, 1]",1,False,False,4940530953161864,4940530954803516,9437184,1.581279993057251,False
six_3,19,0,0,"[1, 1, 2, 2]",1,False,False,4940530965182911,4940530966805488,9437184,1.5605759620666504,False
concurrency_4_group,19,0,0,"[3, 4, 3, 4]",4,False,False,4940530978664738,4940530983447844,28311552,4.672639846801758,False
six_0,19,0,0,"[2, 2, 1, 1]",1,False,False,4940530994495292,4940530997677356,18874368,3.1262080669403076,False
two_single_2,19,0,0,"[0, 0, 2, 0]",1,False,False,4940531008030792,4940531008128077,0,0,False
scale_6_rank,19,0,0,"[2, 2, 1, 1]",1,False,False,4940531020048229,4940531023235820,18874368,3.1231679916381836,False
scale_8_rank,19,0,0,"[2, 2, 2, 2]",1,False,False,4940531033633882,4940531036805501,18874368,3.122623920440674,False
scale_62_group,19,0,0,"[15, 16, 15, 16]",1,False,False,4940531047174455,4940531070357911,141557760,23.114336013793945,False
scale_62_rank,19,0,0,"[16, 16, 15, 15]",1,False,False,4940531081542867,4940531106260244,150994944,24.492767333984375,False
scale_2_group,19,0,0,"[0, 1, 0, 1]",1,False,False,4940531116629960,4940531116710649,0,0,False
scale_4_group,19,0,0,"[1, 1, 1, 1]",1,False,False,4940531127892513,4940531129515619,9437184,1.5753920078277588,False
two_pair_1_3,19,0,0,"[0, 1, 0, 1]",1,False,False,4940531139891063,4940531139963463,0,0,False
scale_2_rank,19,0,0,"[1, 1, 0, 0]",1,False,False,4940531151065256,4940531152698200,9437184,1.5776000022888184,False
six_2,19,0,0,"[2, 1, 2, 1]",1,False,False,4940531163012194,4940531165420216,18874368,2.347935914993286,False
two_single_0,19,0,0,"[2, 0, 0, 0]",1,False,False,4940531175765937,4940531177429390,18874368,1.6031359434127808,False
scale_6_group,19,0,0,"[1, 2, 1, 2]",1,False,False,4940531187796732,4940531189422673,9437184,1.5606399774551392,False
two_single_3,19,0,0,"[0, 0, 0, 2]",1,False,False,4940531200661584,4940531200737289,0,0,False
six_1,19,0,0,"[1, 2, 1, 2]",1,False,False,4940531212754266,4940531214370804,9437184,1.5674560070037842,False
concurrency_2_group,19,0,0,"[3, 4, 3, 4]",2,False,False,4940531225563754,4940531230286352,28311552,4.652224063873291,False
remote_2,19,0,0,"[1, 1, 0, 0]",1,True,False,4940531241438371,4940531243058812,9437184,1.5752639770507812,False
scale_8_group,19,0,0,"[2, 2, 2, 2]",1,False,False,4940531253490777,4940531256647335,18874368,3.110527992248535,False
scale_14_rank,19,0,0,"[4, 4, 3, 3]",1,False,False,4940531266984543,4940531273219466,37748736,6.183231830596924,False
scale_10_group,19,0,0,"[2, 3, 2, 3]",1,False,False,4940531283653491,4940531286822343,18874368,3.1171839237213135,False
two_single_1,19,0,0,"[0, 2, 0, 0]",1,False,False,4940531297997945,4940531298065661,0,0,False
scale_14_group,19,0,0,"[3, 4, 3, 4]",1,False,False,4940531309947513,4940531314648377,28311552,4.652031898498535,False
remote_1,19,0,0,"[1, 2, 1, 2]",1,True,False,4940531325799319,4940531327436374,9437184,1.583135962486267,False
concurrency_2_rank,19,0,0,"[4, 4, 3, 3]",2,False,False,4940531338489069,4940531344729281,37748736,6.172255992889404,False
two_pair_1_2,19,0,0,"[0, 1, 1, 0]",1,False,False,4940531355045292,4940531355123003,0,0,False
two_pair_0_3,19,0,0,"[1, 0, 0, 1]",1,False,False,4940531366299820,4940531367160577,9437184,0.8140479922294617,False
remote_3,19,0,0,"[1, 0, 1, 0]",1,True,False,4940531377508230,4940531378367405,9437184,0.8126400113105774,False
concurrency_2_rank,20,0,0,"[4, 4, 3, 3]",2,False,False,4940531388716172,4940531394958926,37748736,6.1742401123046875,False
six_2,20,0,0,"[2, 1, 2, 1]",1,False,False,4940531405352737,4940531407746019,18874368,2.3395841121673584,False
scale_6_group,20,0,0,"[1, 2, 1, 2]",1,False,False,4940531418124203,4940531419754220,9437184,1.5794559717178345,False
scale_8_rank,20,0,0,"[2, 2, 2, 2]",1,False,False,4940531430829606,4940531433992105,18874368,3.112607955932617,False
remote_1,20,0,0,"[1, 2, 1, 2]",1,True,False,4940531444357980,4940531446001322,9437184,1.5834879875183105,False
two_single_3,20,0,0,"[0, 0, 0, 2]",1,False,False,4940531457089528,4940531457166546,0,0,False
concurrency_4_group,20,0,0,"[3, 4, 3, 4]",4,False,False,4940531469201501,4940531473999181,28311552,4.683199882507324,False
scale_4_group,20,0,0,"[1, 1, 1, 1]",1,False,False,4940531485104232,4940531486731806,9437184,1.5723199844360352,False
scale_14_rank,20,0,0,"[4, 4, 3, 3]",1,False,False,4940531497112944,4940531503023451,37748736,5.866367816925049,False
two_single_1,20,0,0,"[0, 2, 0, 0]",1,False,False,4940531513927473,4940531513991158,0,0,False
two_pair_2_3,20,0,0,"[0, 0, 1, 1]",1,False,False,4940531526087748,4940531526169449,0,0,False
six_3,20,0,0,"[1, 1, 2, 2]",1,False,False,4940531538134223,4940531539775889,9437184,1.5797760486602783,False
two_pair_1_2,20,0,0,"[0, 1, 1, 0]",1,False,False,4940531551697597,4940531551780259,0,0,False
two_single_0,20,0,0,"[2, 0, 0, 0]",1,False,False,4940531562839833,4940531564464619,18874368,1.5844800472259521,False
two_pair_0_1,20,0,0,"[1, 1, 0, 0]",1,False,False,4940531574726906,4940531576342716,9437184,1.5692479610443115,False
remote_2,20,0,0,"[1, 1, 0, 0]",1,True,False,4940531586667040,4940531588279299,9437184,1.5678399801254272,False
remote_3,20,0,0,"[1, 0, 1, 0]",1,True,False,4940531598570074,4940531599419368,9437184,0.808351993560791,False
scale_10_group,20,0,0,"[2, 3, 2, 3]",1,False,False,4940531609710734,4940531612864396,18874368,3.1071360111236572,False
remote_0,20,0,0,"[2, 2, 1, 1]",1,True,False,4940531624009549,4940531627156029,18874368,3.1033918857574463,False
six_1,20,0,0,"[1, 2, 1, 2]",1,False,False,4940531637539523,4940531639144863,9437184,1.5648000240325928,False
scale_6_rank,20,0,0,"[2, 2, 1, 1]",1,False,False,4940531650287930,4940531653436915,18874368,3.1078081130981445,False
two_pair_0_3,20,0,0,"[1, 0, 0, 1]",1,False,False,4940531663857276,4940531664706683,9437184,0.8069120049476624,False
six_0,20,0,0,"[2, 2, 1, 1]",1,False,False,4940531675050083,4940531678225790,18874368,3.1213760375976562,False
scale_2_rank,20,0,0,"[1, 1, 0, 0]",1,False,False,4940531688695292,4940531690327325,9437184,1.5713599920272827,False
scale_62_rank,20,0,0,"[16, 16, 15, 15]",1,False,False,4940531700742921,4940531725409005,150994944,24.612895965576172,False
concurrency_4_rank,20,0,0,"[4, 4, 3, 3]",4,False,False,4940531735798346,4940531742122616,37748736,6.207808017730713,False
scale_50_group,20,0,0,"[12, 13, 12, 13]",1,False,False,4940531752501497,4940531771091217,113246208,18.5100154876709,False
two_pair_0_2,20,0,0,"[1, 0, 1, 0]",1,False,False,4940531782259539,4940531783156637,9437184,0.834879994392395,False
scale_2_group,20,0,0,"[0, 1, 0, 1]",1,False,False,4940531793431810,4940531793507062,0,0,False
two_single_2,20,0,0,"[0, 0, 2, 0]",1,False,False,4940531804614966,4940531804688224,0,0,False
scale_10_rank,20,0,0,"[3, 3, 2, 2]",1,False,False,4940531816705768,4940531821409390,28311552,4.622879981994629,False
scale_50_rank,20,0,0,"[13, 13, 12, 12]",1,False,False,4940531831850643,4940531851897683,122683392,19.98566436767578,False
scale_8_group,20,0,0,"[2, 2, 2, 2]",1,False,False,4940531862268452,4940531865468009,18874368,3.126847982406616,False
concurrency_2_group,20,0,0,"[3, 4, 3, 4]",2,False,False,4940531875901696,4940531880670961,28311552,4.6735358238220215,False
scale_14_group,20,0,0,"[3, 4, 3, 4]",1,False,False,4940531891756733,4940531896479188,28311552,4.658143997192383,False
scale_62_group,20,0,0,"[15, 16, 15, 16]",1,False,False,4940531907579242,4940531930772223,141557760,23.134784698486328,False
two_pair_1_3,20,0,0,"[0, 1, 0, 1]",1,False,False,4940531941928800,4940531942024401,0,0,False
scale_4_rank,20,0,0,"[1, 1, 1, 1]",1,False,False,4940531953119740,4940531954756956,9437184,1.5676159858703613,False
scale_8_rank,21,0,0,"[2, 2, 2, 2]",1,False,False,4940531965143887,4940531968321257,18874368,3.111583948135376,False
remote_0,21,0,0,"[2, 2, 1, 1]",1,True,False,4940531978681362,4940531981837398,18874368,3.112096071243286,False
remote_1,21,0,0,"[1, 2, 1, 2]",1,True,False,4940531992209926,4940531993837071,9437184,1.5807679891586304,False
six_3,21,0,0,"[1, 1, 2, 2]",1,False,False,4940532005031239,4940532006680709,9437184,1.5839680433273315,False
two_single_3,21,0,0,"[0, 0, 0, 2]",1,False,False,4940532018533551,4940532018611060,0,0,False
scale_62_rank,21,0,0,"[16, 16, 15, 15]",1,False,False,4940532030472389,4940532055258177,150994944,24.685823440551758,False
remote_3,21,0,0,"[1, 0, 1, 0]",1,True,False,4940532065727685,4940532066624622,9437184,0.8292160034179688,False
scale_14_group,21,0,0,"[3, 4, 3, 4]",1,False,False,4940532076958042,4940532081683452,28311552,4.667712211608887,False
concurrency_4_group,21,0,0,"[3, 4, 3, 4]",4,False,False,4940532092796748,4940532097576116,28311552,4.678016185760498,False
scale_50_rank,21,0,0,"[13, 13, 12, 12]",1,False,False,4940532108693905,4940532128781136,122683392,20.03215980529785,False
concurrency_2_group,21,0,0,"[3, 4, 3, 4]",2,False,False,4940532139131112,4940532143871610,28311552,4.654975891113281,False
two_single_1,21,0,0,"[0, 2, 0, 0]",1,False,False,4940532155074386,4940532155146525,0,0,False
scale_6_rank,21,0,0,"[2, 2, 1, 1]",1,False,False,4940532167008982,4940532170170554,18874368,3.1115520000457764,False
scale_2_group,21,0,0,"[0, 1, 0, 1]",1,False,False,4940532180521454,4940532180589159,0,0,False
scale_6_group,21,0,0,"[1, 2, 1, 2]",1,False,False,4940532191815871,4940532193465468,9437184,1.593951940536499,False
two_pair_0_2,21,0,0,"[1, 0, 1, 0]",1,False,False,4940532204587703,4940532205483786,9437184,0.8330559730529785,False
scale_8_group,21,0,0,"[2, 2, 2, 2]",1,False,False,4940532215801328,4940532218972129,18874368,3.120352029800415,False
scale_10_group,21,0,0,"[2, 3, 2, 3]",1,False,False,4940532229384333,4940532232574333,18874368,3.1248319149017334,False
six_1,21,0,0,"[1, 2, 1, 2]",1,False,False,4940532243725789,4940532245377701,9437184,1.587231993675232,False
six_2,21,0,0,"[2, 1, 2, 1]",1,False,False,4940532256492564,4940532258892443,18874368,2.33404803276062,False
concurrency_2_rank,21,0,0,"[4, 4, 3, 3]",2,False,False,4940532269280855,4940532275533553,37748736,6.179776191711426,False
remote_2,21,0,0,"[1, 1, 0, 0]",1,True,False,4940532286057861,4940532287682010,9437184,1.5747519731521606,False
two_single_0,21,0,0,"[2, 0, 0, 0]",1,False,False,4940532298115457,4940532299744308,18874368,1.5831040143966675,False
two_pair_2_3,21,0,0,"[0, 0, 1, 1]",1,False,False,4940532310235959,4940532310309407,0,0,False
scale_50_group,21,0,0,"[12, 13, 12, 13]",1,False,False,4940532322306538,4940532340865269,113246208,18.484256744384766,False
two_pair_1_3,21,0,0,"[0, 1, 0, 1]",1,False,False,4940532352015444,4940532352125044,0,0,False
two_pair_1_2,21,0,0,"[0, 1, 1, 0]",1,False,False,4940532363191762,4940532363256699,0,0,False
scale_62_group,21,0,0,"[15, 16, 15, 16]",1,False,False,4940532374367671,4940532397530046,141557760,23.106239318847656,False
scale_4_rank,21,0,0,"[1, 1, 1, 1]",1,False,False,4940532408853002,4940532410513326,9437184,1.5746879577636719,False
two_pair_0_1,21,0,0,"[1, 1, 0, 0]",1,False,False,4940532420919662,4940532422557744,9437184,1.5616320371627808,False
two_single_2,21,0,0,"[0, 0, 2, 0]",1,False,False,4940532432984656,4940532433065557,0,0,False
scale_10_rank,21,0,0,"[3, 3, 2, 2]",1,False,False,4940532445145695,4940532449891719,28311552,4.662112236022949,False
two_pair_0_3,21,0,0,"[1, 0, 0, 1]",1,False,False,4940532460286753,4940532461146217,9437184,0.8136640191078186,False
scale_14_rank,21,0,0,"[4, 4, 3, 3]",1,False,False,4940532471545402,4940532477756855,37748736,6.161248207092285,False
concurrency_4_rank,21,0,0,"[4, 4, 3, 3]",4,False,False,4940532488235449,4940532494540460,37748736,6.173439979553223,False
scale_2_rank,21,0,0,"[1, 1, 0, 0]",1,False,False,4940532504859439,4940532506510191,9437184,1.3315520286560059,False
scale_4_group,21,0,0,"[1, 1, 1, 1]",1,False,False,4940532517069481,4940532518691340,9437184,1.5565439462661743,False
six_0,21,0,0,"[2, 2, 1, 1]",1,False,False,4940532529179258,4940532532333083,18874368,3.1049280166625977,False
concurrency_4_rank,22,0,0,"[4, 4, 3, 3]",4,False,False,4940532542691691,4940532548965653,37748736,6.157055854797363,False
two_single_0,22,0,0,"[2, 0, 0, 0]",1,False,False,4940532559276913,4940532560908614,18874368,1.58188796043396,False
scale_62_group,22,0,0,"[15, 16, 15, 16]",1,False,False,4940532571193165,4940532594328296,141557760,23.071903228759766,False
two_pair_2_3,22,0,0,"[0, 0, 1, 1]",1,False,False,4940532605549544,4940532605625683,0,0,False
two_single_3,22,0,0,"[0, 0, 0, 2]",1,False,False,4940532617647040,4940532617732446,0,0,False
scale_6_rank,22,0,0,"[2, 2, 1, 1]",1,False,False,4940532629791791,4940532632987649,18874368,3.131295919418335,False
two_pair_1_2,22,0,0,"[0, 1, 1, 0]",1,False,False,4940532643311212,4940532643406714,0,0,False
six_1,22,0,0,"[1, 2, 1, 2]",1,False,False,4940532654447402,4940532656088147,9437184,1.5865919589996338,False
remote_0,22,0,0,"[2, 2, 1, 1]",1,True,False,4940532667204151,4940532670362856,18874368,3.1073598861694336,False
two_pair_0_3,22,0,0,"[1, 0, 0, 1]",1,False,False,4940532680776345,4940532681659262,9437184,0.8250240087509155,False
scale_10_group,22,0,0,"[2, 3, 2, 3]",1,False,False,4940532691942227,4940532695128736,18874368,3.130527973175049,False
scale_14_group,22,0,0,"[3, 4, 3, 4]",1,False,False,4940532706269422,4940532710991862,28311552,4.657887935638428,False
scale_2_group,22,0,0,"[0, 1, 0, 1]",1,False,False,4940532722117053,4940532722191397,0,0,False
scale_4_group,22,0,0,"[1, 1, 1, 1]",1,False,False,4940532733299943,4940532734915400,9437184,1.5686719417572021,False
scale_6_group,22,0,0,"[1, 2, 1, 2]",1,False,False,4940532745219266,4940532746861165,9437184,1.5847680568695068,False
six_0,22,0,0,"[2, 2, 1, 1]",1,False,False,4940532757927884,4940532761083814,18874368,3.0985920429229736,False
scale_14_rank,22,0,0,"[4, 4, 3, 3]",1,False,False,4940532771439395,4940532777662239,37748736,6.180992126464844,False
two_pair_0_1,22,0,0,"[1, 1, 0, 0]",1,False,False,4940532788083969,4940532789713317,9437184,1.5826560258865356,False
scale_10_rank,22,0,0,"[3, 3, 2, 2]",1,False,False,4940532800118320,4940532804810748,28311552,4.651487827301025,False
concurrency_4_group,22,0,0,"[3, 4, 3, 4]",4,False,False,4940532815089230,4940532819860328,28311552,4.6709442138671875,False
remote_1,22,0,0,"[1, 2, 1, 2]",1,True,False,4940532830917442,4940532832561644,9437184,1.5840320587158203,False
scale_62_rank,22,0,0,"[16, 16, 15, 15]",1,False,False,4940532843634723,4940532868290577,150994944,24.594911575317383,False
scale_8_group,22,0,0,"[2, 2, 2, 2]",1,False,False,4940532878641435,4940532881789709,18874368,3.099071979522705,False
scale_50_rank,22,0,0,"[13, 13, 12, 12]",1,False,False,4940532892296598,4940532912341523,122683392,19.991008758544922,False
two_single_1,22,0,0,"[0, 2, 0, 0]",1,False,False,4940532922755063,4940532922840703,0,0,False
two_pair_1_3,22,0,0,"[0, 1, 0, 1]",1,False,False,4940532934707235,4940532934772695,0,0,False
six_2,22,0,0,"[2, 1, 2, 1]",1,False,False,4940532945919147,4940532948303063,18874368,2.3333120346069336,False
remote_2,22,0,0,"[1, 1, 0, 0]",1,True,False,4940532958704686,4940532960326924,9437184,1.569599986076355,False
two_single_2,22,0,0,"[0, 0, 2, 0]",1,False,False,4940532970674109,4940532970749987,0,0,False
concurrency_2_rank,22,0,0,"[4, 4, 3, 3]",2,False,False,4940532982586218,4940532988830285,37748736,6.178112030029297,False
scale_4_rank,22,0,0,"[1, 1, 1, 1]",1,False,False,4940532999108287,4940533000723819,9437184,1.5607359409332275,False
scale_50_group,22,0,0,"[12, 13, 12, 13]",1,False,False,4940533011088169,4940533029652699,113246208,18.504608154296875,False
remote_3,22,0,0,"[1, 0, 1, 0]",1,True,False,4940533040818270,4940533041693840,9437184,0.8197439908981323,False
scale_8_rank,22,0,0,"[2, 2, 2, 2]",1,False,False,4940533052007861,4940533055162727,18874368,3.1023359298706055,False
scale_2_rank,22,0,0,"[1, 1, 0, 0]",1,False,False,4940533065549005,4940533067165307,9437184,1.5687040090560913,False
two_pair_0_2,22,0,0,"[1, 0, 1, 0]",1,False,False,4940533077529819,4940533078386978,9437184,0.8117759823799133,False
concurrency_2_group,22,0,0,"[3, 4, 3, 4]",2,False,False,4940533088728800,4940533093452262,28311552,4.6495680809021,False
six_3,22,0,0,"[1, 1, 2, 2]",1,False,False,4940533104614030,4940533106235897,9437184,1.56387197971344,False
two_single_0,23,0,0,"[2, 0, 0, 0]",1,False,False,4940533118288884,4940533119933206,18874368,1.5856000185012817,False
two_single_3,23,0,0,"[0, 0, 0, 2]",1,False,False,4940533130287936,4940533130372273,0,0,False
two_pair_1_3,23,0,0,"[0, 1, 0, 1]",1,False,False,4940533142383252,4940533142469962,0,0,False
scale_62_rank,23,0,0,"[16, 16, 15, 15]",1,False,False,4940533153639625,4940533178335409,150994944,24.629215240478516,False
scale_4_rank,23,0,0,"[1, 1, 1, 1]",1,False,False,4940533188714013,4940533190352415,9437184,1.5726399421691895,False
two_pair_2_3,23,0,0,"[0, 0, 1, 1]",1,False,False,4940533200804945,4940533200895328,0,0,False
scale_62_group,23,0,0,"[15, 16, 15, 16]",1,False,False,4940533212874738,4940533236085217,141557760,23.119647979736328,False
scale_4_group,23,0,0,"[1, 1, 1, 1]",1,False,False,4940533247206703,4940533248865161,9437184,1.5882240533828735,False
remote_0,23,0,0,"[2, 2, 1, 1]",1,True,False,4940533259221590,4940533262389627,18874368,3.1172800064086914,False
six_0,23,0,0,"[2, 2, 1, 1]",1,False,False,4940533272758079,4940533275911018,18874368,3.105407953262329,False
two_single_1,23,0,0,"[0, 2, 0, 0]",1,False,False,4940533286277558,4940533286348584,0,0,False
scale_10_group,23,0,0,"[2, 3, 2, 3]",1,False,False,4940533298306687,4940533301490282,18874368,3.12060809135437,False
remote_1,23,0,0,"[1, 2, 1, 2]",1,True,False,4940533312538679,4940533314183765,9437184,1.5849599838256836,False
remote_2,23,0,0,"[1, 1, 0, 0]",1,True,False,4940533325358830,4940533326989052,9437184,1.5745600461959839,False
two_pair_0_3,23,0,0,"[1, 0, 0, 1]",1,False,False,4940533337404669,4940533338265313,9437184,0.8111680150032043,False
scale_14_group,23,0,0,"[3, 4, 3, 4]",1,False,False,4940533348640732,4940533353343761,28311552,4.644896030426025,False
six_2,23,0,0,"[2, 1, 2, 1]",1,False,False,4940533364537913,4940533366929549,18874368,2.338207960128784,False
scale_50_group,23,0,0,"[12, 13, 12, 13]",1,False,False,4940533377360116,4940533395871606,113246208,18.456480026245117,False
scale_8_group,23,0,0,"[2, 2, 2, 2]",1,False,False,4940533407081672,4940533410270758,18874368,3.126528024673462,False
scale_6_group,23,0,0,"[1, 2, 1, 2]",1,False,False,4940533420694286,4940533422340927,9437184,1.5856000185012817,False
scale_14_rank,23,0,0,"[4, 4, 3, 3]",1,False,False,4940533433426529,4940533439649032,37748736,6.175903797149658,False
scale_2_rank,23,0,0,"[1, 1, 0, 0]",1,False,False,4940533450089464,4940533451718281,9437184,1.5760639905929565,False
two_pair_0_1,23,0,0,"[1, 1, 0, 0]",1,False,False,4940533462136511,4940533463760707,9437184,1.5631680488586426,False
scale_8_rank,23,0,0,"[2, 2, 2, 2]",1,False,False,4940533474160747,4940533477316864,18874368,3.1045761108398438,False
two_pair_0_2,23,0,0,"[1, 0, 1, 0]",1,False,False,4940533487758919,4940533488632383,9437184,0.8173440098762512,False
scale_50_rank,23,0,0,"[13, 13, 12, 12]",1,False,False,4940533498989844,4940533519086362,122683392,20.040128707885742,False
scale_10_rank,23,0,0,"[3, 3, 2, 2]",1,False,False,4940533529498877,4940533534206496,28311552,4.641727924346924,False
concurrency_2_rank,23,0,0,"[4, 4, 3, 3]",2,False,False,4940533544620746,4940533550870082,37748736,6.164480209350586,False
concurrency_4_group,23,0,0,"[3, 4, 3, 4]",4,False,False,4940533561319782,4940533566087793,28311552,4.665279865264893,False
six_3,23,0,0,"[1, 1, 2, 2]",1,False,False,4940533577259324,4940533578885825,9437184,1.5760639905929565,False
six_1,23,0,0,"[1, 2, 1, 2]",1,False,False,4940533590843983,4940533592481706,9437184,1.5816960334777832,False
remote_3,23,0,0,"[1, 0, 1, 0]",1,True,False,4940533603621224,4940533604489464,9437184,0.8155519962310791,False
scale_2_group,23,0,0,"[0, 1, 0, 1]",1,False,False,4940533614849237,4940533614919839,0,0,False
two_single_2,23,0,0,"[0, 0, 2, 0]",1,False,False,4940533626060474,4940533626131518,0,0,False
concurrency_2_group,23,0,0,"[3, 4, 3, 4]",2,False,False,4940533638090061,4940533642831162,28311552,4.653535842895508,False
scale_6_rank,23,0,0,"[2, 2, 1, 1]",1,False,False,4940533653968811,4940533657123276,18874368,3.0933759212493896,False
two_pair_1_2,23,0,0,"[0, 1, 1, 0]",1,False,False,4940533667588750,4940533667661884,0,0,False
concurrency_4_rank,23,0,0,"[4, 4, 3, 3]",4,False,False,4940533678850641,4940533685128761,37748736,6.167903900146484,False
concurrency_2_rank,24,0,0,"[4, 4, 3, 3]",2,False,False,4940533695565177,4940533701814820,37748736,6.17849588394165,False
two_single_3,24,0,0,"[0, 0, 0, 2]",1,False,False,4940533712215003,4940533712293468,0,0,False
remote_3,24,0,0,"[1, 0, 1, 0]",1,True,False,4940533724384309,4940533725270656,9437184,0.8244159817695618,False
scale_10_group,24,0,0,"[2, 3, 2, 3]",1,False,False,4940533735642968,4940533738814734,18874368,3.116352081298828,False
scale_14_group,24,0,0,"[3, 4, 3, 4]",1,False,False,4940533750005109,4940533754726565,28311552,4.657375812530518,False
scale_50_rank,24,0,0,"[13, 13, 12, 12]",1,False,False,4940533765848651,4940533785901450,122683392,19.99363136291504,False
two_pair_0_3,24,0,0,"[1, 0, 0, 1]",1,False,False,4940533796371220,4940533797234251,9437184,0.8149440288543701,False
two_single_2,24,0,0,"[0, 0, 2, 0]",1,False,False,4940533807565695,4940533807643944,0,0,False
scale_14_rank,24,0,0,"[4, 4, 3, 3]",1,False,False,4940533819703530,4940533825968961,37748736,6.203904151916504,False
remote_2,24,0,0,"[1, 1, 0, 0]",1,True,False,4940533836442541,4940533838074106,9437184,1.5811519622802734,False
six_3,24,0,0,"[1, 1, 2, 2]",1,False,False,4940533848502560,4940533850121703,9437184,1.57423996925354,False
concurrency_4_group,24,0,0,"[3, 4, 3, 4]",4,False,False,4940533862087625,4940533866883960,28311552,4.683743953704834,False
scale_6_rank,24,0,0,"[2, 2, 1, 1]",1,False,False,4940533878112755,4940533881270671,18874368,3.100895881652832,False
two_pair_1_2,24,0,0,"[0, 1, 1, 0]",1,False,False,4940533891654639,4940533891721361,0,0,False
two_single_1,24,0,0,"[0, 2, 0, 0]",1,False,False,4940533902880693,4940533902987227,0,0,False
scale_8_rank,24,0,0,"[2, 2, 2, 2]",1,False,False,4940533914797188,4940533917965981,18874368,3.106623888015747,False
concurrency_2_group,24,0,0,"[3, 4, 3, 4]",2,False,False,4940533928378088,4940533933110524,28311552,4.65334415435791,False
scale_4_group,24,0,0,"[1, 1, 1, 1]",1,False,False,4940533944270075,4940533945888888,9437184,1.5603519678115845,False
remote_0,24,0,0,"[2, 2, 1, 1]",1,True,False,4940533956251071,4940533959400152,18874368,3.0942399501800537,False
six_2,24,0,0,"[2, 1, 2, 1]",1,False,False,4940533969754970,4940533972143383,18874368,2.3264000415802,False
scale_4_rank,24,0,0,"[1, 1, 1, 1]",1,False,False,4940533982503388,4940533984129377,9437184,1.5621119737625122,False
two_pair_0_1,24,0,0,"[1, 1, 0, 0]",1,False,False,4940533994483006,4940533996101974,9437184,1.5672639608383179,False
six_0,24,0,0,"[2, 2, 1, 1]",1,False,False,4940534006473355,4940534009677033,18874368,3.1227200031280518,False
scale_8_group,24,0,0,"[2, 2, 2, 2]",1,False,False,4940534020208081,4940534023383600,18874368,3.1132800579071045,False
scale_6_group,24,0,0,"[1, 2, 1, 2]",1,False,False,4940534033824004,4940534035462589,9437184,1.5831040143966675,False
scale_2_rank,24,0,0,"[1, 1, 0, 0]",1,False,False,4940534046535793,4940534048162189,9437184,1.573855996131897,False
six_1,24,0,0,"[1, 2, 1, 2]",1,False,False,4940534058595736,4940534060251604,9437184,1.5895359516143799,False
scale_50_group,24,0,0,"[12, 13, 12, 13]",1,False,False,4940534071315142,4940534089864858,113246208,18.494752883911133,False
remote_1,24,0,0,"[1, 2, 1, 2]",1,True,False,4940534101067386,4940534102756799,9437184,1.6080000400543213,False
two_pair_1_3,24,0,0,"[0, 1, 0, 1]",1,False,False,4940534113805685,4940534113887267,0,0,False
scale_10_rank,24,0,0,"[3, 3, 2, 2]",1,False,False,4940534124971413,4940534129663518,28311552,4.6444478034973145,False
two_single_0,24,0,0,"[2, 0, 0, 0]",1,False,False,4940534140055331,4940534141710997,18874368,1.5975040197372437,False
scale_62_group,24,0,0,"[15, 16, 15, 16]",1,False,False,4940534152131866,4940534175330745,141557760,23.122304916381836,False
concurrency_4_rank,24,0,0,"[4, 4, 3, 3]",4,False,False,4940534186575668,4940534192929122,37748736,6.1872639656066895,False
two_pair_0_2,24,0,0,"[1, 0, 1, 0]",1,False,False,4940534203426904,4940534204349941,9437184,0.8447999954223633,False
scale_2_group,24,0,0,"[0, 1, 0, 1]",1,False,False,4940534214647728,4940534214728038,0,0,False
scale_62_rank,24,0,0,"[16, 16, 15, 15]",1,False,False,4940534225839603,4940534250520956,150994944,24.62428855895996,False
two_pair_2_3,24,0,0,"[0, 0, 1, 1]",1,False,False,4940534260890302,4940534261000444,0,0,False
remote_0,25,0,0,"[2, 2, 1, 1]",1,True,False,4940534272903898,4940534276154568,18874368,3.1650240421295166,False
scale_62_group,25,0,0,"[15, 16, 15, 16]",1,False,False,4940534286461850,4940534309627066,141557760,23.098175048828125,False
remote_1,25,0,0,"[1, 2, 1, 2]",1,True,False,4940534320851819,4940534322507314,9437184,1.5920319557189941,False
scale_8_group,25,0,0,"[2, 2, 2, 2]",1,False,False,4940534333603728,4940534336774695,18874368,3.1155519485473633,False
six_0,25,0,0,"[2, 2, 1, 1]",1,False,False,4940534347132734,4940534350316051,18874368,3.1207680702209473,False
scale_4_rank,25,0,0,"[1, 1, 1, 1]",1,False,False,4940534360684755,4940534362309662,9437184,1.5718400478363037,False
scale_2_group,25,0,0,"[0, 1, 0, 1]",1,False,False,4940534372654919,4940534372735645,0,0,False
scale_10_rank,25,0,0,"[3, 3, 2, 2]",1,False,False,4940534383851168,4940534388568102,28311552,4.658880233764648,False
scale_62_rank,25,0,0,"[16, 16, 15, 15]",1,False,False,4940534398867747,4940534423572638,150994944,24.6375675201416,False
concurrency_4_rank,25,0,0,"[4, 4, 3, 3]",4,False,False,4940534433985073,4940534440322658,37748736,6.211999893188477,False
concurrency_4_group,25,0,0,"[3, 4, 3, 4]",4,False,False,4940534450679175,4940534455470764,28311552,4.682240009307861,False
two_pair_1_2,25,0,0,"[0, 1, 1, 0]",1,False,False,4940534466591714,4940534466698676,0,0,False
six_2,25,0,0,"[2, 1, 2, 1]",1,False,False,4940534477724136,4940534480184640,18874368,2.3759360313415527,False
scale_6_group,25,0,0,"[1, 2, 1, 2]",1,False,False,4940534490492885,4940534492157760,9437184,1.595039963722229,False
remote_3,25,0,0,"[1, 0, 1, 0]",1,True,False,4940534503216477,4940534504128149,9437184,0.8377599716186523,False
two_single_0,25,0,0,"[2, 0, 0, 0]",1,False,False,4940534514406675,4940534516074840,18874368,1.608415961265564,False
two_single_3,25,0,0,"[0, 0, 0, 2]",1,False,False,4940534526346311,4940534526419000,0,0,False
scale_8_rank,25,0,0,"[2, 2, 2, 2]",1,False,False,4940534538305031,4940534541460756,18874368,3.1041600704193115,False
concurrency_2_group,25,0,0,"[3, 4, 3, 4]",2,False,False,4940534551843217,4940534556578462,28311552,4.652383804321289,False
concurrency_2_rank,25,0,0,"[4, 4, 3, 3]",2,False,False,4940534567632877,4940534573879085,37748736,6.166079998016357,False
scale_10_group,25,0,0,"[2, 3, 2, 3]",1,False,False,4940534584233467,4940534587408959,18874368,3.119296073913574,False
remote_2,25,0,0,"[1, 1, 0, 0]",1,True,False,4940534598483875,4940534600113067,9437184,1.5607359409332275,False
scale_14_group,25,0,0,"[3, 4, 3, 4]",1,False,False,4940534610397958,4940534615153580,28311552,4.682079792022705,False
scale_14_rank,25,0,0,"[4, 4, 3, 3]",1,False,False,4940534626266098,4940534632517012,37748736,6.185408115386963,False
two_pair_2_3,25,0,0,"[0, 0, 1, 1]",1,False,False,4940534642789912,4940534642876316,0,0,False
scale_6_rank,25,0,0,"[2, 2, 1, 1]",1,False,False,4940534654723494,4940534657913774,18874368,3.1173439025878906,False
two_pair_0_1,25,0,0,"[1, 1, 0, 0]",1,False,False,4940534668211325,4940534669858091,9437184,1.571936011314392,False
six_3,25,0,0,"[1, 1, 2, 2]",1,False,False,4940534680231413,4940534681857702,9437184,1.5827200412750244,False
scale_50_group,25,0,0,"[12, 13, 12, 13]",1,False,False,4940534693861965,4940534712452171,113246208,18.503807067871094,False
scale_50_rank,25,0,0,"[13, 13, 12, 12]",1,False,False,4940534723638846,4940534743723568,122683392,20.02467155456543,False
two_pair_0_2,25,0,0,"[1, 0, 1, 0]",1,False,False,4940534754171399,4940534755052047,9437184,0.8216320276260376,False
six_1,25,0,0,"[1, 2, 1, 2]",1,False,False,4940534765317581,4940534766957819,9437184,1.583135962486267,False
two_pair_0_3,25,0,0,"[1, 0, 0, 1]",1,False,False,4940534778082921,4940534778938875,9437184,0.8110399842262268,False
two_single_1,25,0,0,"[0, 2, 0, 0]",1,False,False,4940534789225760,4940534789284351,0,0,False
two_pair_1_3,25,0,0,"[0, 1, 0, 1]",1,False,False,4940534801281168,4940534801399281,0,0,False
two_single_2,25,0,0,"[0, 0, 2, 0]",1,False,False,4940534812437361,4940534812523078,0,0,False
scale_2_rank,25,0,0,"[1, 1, 0, 0]",1,False,False,4940534824539208,4940534826183660,9437184,1.5859839916229248,False
scale_4_group,25,0,0,"[1, 1, 1, 1]",1,False,False,4940534836583727,4940534838203034,9437184,1.569375991821289,False
scale_14_rank,26,0,0,"[4, 4, 3, 3]",1,False,False,4940534848592494,4940534854823693,37748736,6.17955207824707,False
remote_3,26,0,0,"[1, 0, 1, 0]",1,True,False,4940534865199556,4940534866094399,9437184,0.8307200074195862,False
scale_4_rank,26,0,0,"[1, 1, 1, 1]",1,False,False,4940534876394669,4940534878039699,9437184,1.559008002281189,False
six_3,26,0,0,"[1, 1, 2, 2]",1,False,False,4940534888362801,4940534889990182,9437184,1.5641920566558838,False
six_1,26,0,0,"[1, 2, 1, 2]",1,False,False,4940534901927900,4940534903579760,9437184,1.586624026298523,False
remote_0,26,0,0,"[2, 2, 1, 1]",1,True,False,4940534914640843,4940534917819095,18874368,3.1290879249572754,False
two_pair_0_2,26,0,0,"[1, 0, 1, 0]",1,False,False,4940534928167900,4940534929022187,9437184,0.8119999766349792,False
six_0,26,0,0,"[2, 2, 1, 1]",1,False,False,4940534939324977,4940534942476047,18874368,3.1113600730895996,False
scale_8_group,26,0,0,"[2, 2, 2, 2]",1,False,False,4940534952812193,4940534955971956,18874368,3.110208034515381,False
two_single_0,26,0,0,"[2, 0, 0, 0]",1,False,False,4940534966353201,4940534967991102,18874368,1.5853760242462158,False
six_2,26,0,0,"[2, 1, 2, 1]",1,False,False,4940534978296517,4940534980691641,18874368,2.3475520610809326,False
two_pair_2_3,26,0,0,"[0, 0, 1, 1]",1,False,False,4940534991050906,4940534991117513,0,0,False
concurrency_4_rank,26,0,0,"[4, 4, 3, 3]",4,False,False,4940535003063634,4940535009357029,37748736,6.183648109436035,False
scale_50_rank,26,0,0,"[13, 13, 12, 12]",1,False,False,4940535019661372,4940535039732249,122683392,20.021408081054688,False
scale_10_group,26,0,0,"[2, 3, 2, 3]",1,False,False,4940535050111937,4940535053290423,18874368,3.123039960861206,False
scale_6_rank,26,0,0,"[2, 2, 1, 1]",1,False,False,4940535064435161,4940535067595798,18874368,3.1086719036102295,False
scale_10_rank,26,0,0,"[3, 3, 2, 2]",1,False,False,4940535077943893,4940535082644414,28311552,4.655680179595947,False
scale_6_group,26,0,0,"[1, 2, 1, 2]",1,False,False,4940535092981697,4940535094615526,9437184,1.5826239585876465,False
two_pair_0_3,26,0,0,"[1, 0, 0, 1]",1,False,False,4940535105736030,4940535106614101,9437184,0.8181120157241821,False
two_pair_1_2,26,0,0,"[0, 1, 1, 0]",1,False,False,4940535116963857,4940535117032641,0,0,False
concurrency_4_group,26,0,0,"[3, 4, 3, 4]",4,False,False,4940535128057214,4940535132837306,28311552,4.663167953491211,False
two_single_3,26,0,0,"[0, 0, 0, 2]",1,False,False,4940535143943629,4940535144017801,0,0,False
scale_62_rank,26,0,0,"[16, 16, 15, 15]",1,False,False,4940535155972313,4940535180701626,150994944,24.65555191040039,False
remote_1,26,0,0,"[1, 2, 1, 2]",1,True,False,4940535190986286,4940535192631578,9437184,1.5894720554351807,False
two_single_2,26,0,0,"[0, 0, 2, 0]",1,False,False,4940535203785574,4940535203858790,0,0,False
scale_4_group,26,0,0,"[1, 1, 1, 1]",1,False,False,4940535215827686,4940535217473708,9437184,1.5874559879302979,False
two_single_1,26,0,0,"[0, 2, 0, 0]",1,False,False,4940535227860652,4940535227928612,0,0,False
scale_14_group,26,0,0,"[3, 4, 3, 4]",1,False,False,4940535239895412,4940535244617344,28311552,4.657567977905273,False
scale_2_group,26,0,0,"[0, 1, 0, 1]",1,False,False,4940535255658928,4940535255726619,0,0,False
two_pair_1_3,26,0,0,"[0, 1, 0, 1]",1,False,False,4940535266780111,4940535266849334,0,0,False
scale_8_rank,26,0,0,"[2, 2, 2, 2]",1,False,False,4940535277943567,4940535281096546,18874368,3.1099839210510254,False
two_pair_0_1,26,0,0,"[1, 1, 0, 0]",1,False,False,4940535291373769,4940535292992724,9437184,1.5705920457839966,False
remote_2,26,0,0,"[1, 1, 0, 0]",1,True,False,4940535303263045,4940535304890803,9437184,1.5735360383987427,False
concurrency_2_rank,26,0,0,"[4, 4, 3, 3]",2,False,False,4940535315119037,4940535321364972,37748736,6.179135799407959,False
scale_50_group,26,0,0,"[12, 13, 12, 13]",1,False,False,4940535331684482,4940535350220588,113246208,18.476287841796875,False
scale_62_group,26,0,0,"[15, 16, 15, 16]",1,False,False,4940535361408816,4940535384607060,141557760,23.140287399291992,False
scale_2_rank,26,0,0,"[1, 1, 0, 0]",1,False,False,4940535395660168,4940535397289677,9437184,1.5771839618682861,False
concurrency_2_group,26,0,0,"[3, 4, 3, 4]",2,False,False,4940535407579804,4940535412304012,28311552,4.651584148406982,False
scale_2_rank,27,0,0,"[1, 1, 0, 0]",1,False,False,4940535423475609,4940535425095501,9437184,1.5730559825897217,False
concurrency_4_rank,27,0,0,"[4, 4, 3, 3]",4,False,False,4940535435352583,4940535441649478,37748736,6.1939520835876465,False
six_3,27,0,0,"[1, 1, 2, 2]",1,False,False,4940535451932279,4940535453565584,9437184,1.571679949760437,False
two_pair_1_3,27,0,0,"[0, 1, 0, 1]",1,False,False,4940535465528644,4940535465629267,0,0,False
scale_8_rank,27,0,0,"[2, 2, 2, 2]",1,False,False,4940535476720252,4940535479869551,18874368,3.1010239124298096,False
two_single_3,27,0,0,"[0, 0, 0, 2]",1,False,False,4940535490271392,4940535490343497,0,0,False
scale_14_rank,27,0,0,"[4, 4, 3, 3]",1,False,False,4940535502280009,4940535508553025,37748736,6.202943801879883,False
two_pair_0_2,27,0,0,"[1, 0, 1, 0]",1,False,False,4940535518955917,4940535519823466,9437184,0.8159040212631226,False
six_1,27,0,0,"[1, 2, 1, 2]",1,False,False,4940535530255555,4940535531848898,9437184,1.5424319505691528,False
two_pair_1_2,27,0,0,"[0, 1, 1, 0]",1,False,False,4940535542980263,4940535543047065,0,0,False
scale_6_group,27,0,0,"[1, 2, 1, 2]",1,False,False,4940535554207635,4940535555835952,9437184,1.5807360410690308,False
remote_3,27,0,0,"[1, 0, 1, 0]",1,True,False,4940535566995312,4940535567874599,9437184,0.8199679851531982,False
two_single_2,27,0,0,"[0, 0, 2, 0]",1,False,False,4940535578283440,4940535578355422,0,0,False
scale_14_group,27,0,0,"[3, 4, 3, 4]",1,False,False,4940535590281773,4940535595008354,28311552,4.662399768829346,False
scale_62_rank,27,0,0,"[16, 16, 15, 15]",1,False,False,4940535606191715,4940535630885348,150994944,24.628223419189453,False
six_2,27,0,0,"[2, 1, 2, 1]",1,False,False,4940535641274463,4940535643675515,18874368,2.3395519256591797,False
concurrency_2_group,27,0,0,"[3, 4, 3, 4]",2,False,False,4940535653996861,4940535658724498,28311552,4.6532158851623535,False
scale_50_rank,27,0,0,"[13, 13, 12, 12]",1,False,False,4940535669852558,4940535689957140,122683392,20.02662467956543,False
two_pair_0_3,27,0,0,"[1, 0, 0, 1]",1,False,False,4940535700396546,4940535701310865,9437184,0.8444799780845642,False
scale_10_group,27,0,0,"[2, 3, 2, 3]",1,False,False,4940535711692282,4940535714946083,18874368,3.1493120193481445,False
scale_4_group,27,0,0,"[1, 1, 1, 1]",1,False,False,4940535726084873,4940535727738418,9437184,1.5638400316238403,False
scale_10_rank,27,0,0,"[3, 3, 2, 2]",1,False,False,4940535738153917,4940535742882729,28311552,4.641183853149414,False
scale_2_group,27,0,0,"[0, 1, 0, 1]",1,False,False,4940535753223706,4940535753365958,0,0,False
scale_4_rank,27,0,0,"[1, 1, 1, 1]",1,False,False,4940535764489136,4940535766140520,9437184,1.562399983406067,False
remote_2,27,0,0,"[1, 1, 0, 0]",1,True,False,4940535776513118,4940535778169966,9437184,1.5826879739761353,False
remote_0,27,0,0,"[2, 2, 1, 1]",1,True,False,4940535788520068,4940535791673394,18874368,3.106048107147217,False
two_single_0,27,0,0,"[2, 0, 0, 0]",1,False,False,4940535802087810,4940535803716676,18874368,1.5821759700775146,False
scale_8_group,27,0,0,"[2, 2, 2, 2]",1,False,False,4940535814111150,4940535817271210,18874368,3.104736089706421,False
two_pair_2_3,27,0,0,"[0, 0, 1, 1]",1,False,False,4940535827686923,4940535827753089,0,0,False
concurrency_2_rank,27,0,0,"[4, 4, 3, 3]",2,False,False,4940535839846702,4940535846132149,37748736,6.19814395904541,False
scale_6_rank,27,0,0,"[2, 2, 1, 1]",1,False,False,4940535856530978,4940535859687800,18874368,3.106112003326416,False
scale_50_group,27,0,0,"[12, 13, 12, 13]",1,False,False,4940535869990038,4940535888377184,113246208,18.331584930419922,False
two_single_1,27,0,0,"[0, 2, 0, 0]",1,False,False,4940535899757971,4940535899840940,0,0,False
scale_62_group,27,0,0,"[15, 16, 15, 16]",1,False,False,4940535911774865,4940535934960789,141557760,23.11827278137207,False
two_pair_0_1,27,0,0,"[1, 1, 0, 0]",1,False,False,4940535946268874,4940535947914503,9437184,1.5905920267105103,False
concurrency_4_group,27,0,0,"[3, 4, 3, 4]",4,False,False,4940535958249814,4940535963019070,28311552,4.672351837158203,False
six_0,27,0,0,"[2, 2, 1, 1]",1,False,False,4940535974179233,4940535977350844,18874368,3.1176960468292236,False
remote_1,27,0,0,"[1, 2, 1, 2]",1,True,False,4940535987715229,4940535989358605,9437184,1.590880036354065,False
scale_50_rank,28,0,0,"[13, 13, 12, 12]",1,False,False,4940536000486428,4940536020544065,122683392,19.999391555786133,False
remote_3,28,0,0,"[1, 0, 1, 0]",1,True,False,4940536030820719,4940536031683172,9437184,0.8144320249557495,False
scale_62_rank,28,0,0,"[16, 16, 15, 15]",1,False,False,4940536041936759,4940536066626268,150994944,24.644224166870117,False
two_pair_0_3,28,0,0,"[1, 0, 0, 1]",1,False,False,4940536076967566,4940536077825246,9437184,0.8128960132598877,False
scale_6_rank,28,0,0,"[2, 2, 1, 1]",1,False,False,4940536088152711,4940536091299305,18874368,3.1025919914245605,False
two_single_3,28,0,0,"[0, 0, 0, 2]",1,False,False,4940536101627815,4940536101695928,0,0,False
scale_10_rank,28,0,0,"[3, 3, 2, 2]",1,False,False,4940536113713470,4940536118437000,28311552,4.665823936462402,False
scale_4_group,28,0,0,"[1, 1, 1, 1]",1,False,False,4940536128801255,4940536130426583,9437184,1.579200029373169,False
two_pair_0_1,28,0,0,"[1, 1, 0, 0]",1,False,False,4940536140781404,4940536142393912,9437184,1.5695040225982666,False
scale_4_rank,28,0,0,"[1, 1, 1, 1]",1,False,False,4940536152768716,4940536154379460,9437184,1.5674560070037842,False
two_single_2,28,0,0,"[0, 0, 2, 0]",1,False,False,4940536164716978,4940536164784368,0,0,False
remote_0,28,0,0,"[2, 2, 1, 1]",1,True,False,4940536176919867,4940536180084432,18874368,3.0995841026306152,False
scale_2_rank,28,0,0,"[1, 1, 0, 0]",1,False,False,4940536190441242,4940536192065340,9437184,1.5762239694595337,False
two_single_0,28,0,0,"[2, 0, 0, 0]",1,False,False,4940536202429098,4940536204075055,18874368,1.5870399475097656,False
two_single_1,28,0,0,"[0, 2, 0, 0]",1,False,False,4940536214430012,4940536214494441,0,0,False
scale_14_rank,28,0,0,"[4, 4, 3, 3]",1,False,False,4940536226375488,4940536232620490,37748736,6.18284797668457,False
six_0,28,0,0,"[2, 2, 1, 1]",1,False,False,4940536242880764,4940536246041715,18874368,3.1135358810424805,False
scale_6_group,28,0,0,"[1, 2, 1, 2]",1,False,False,4940536256437801,4940536258065095,9437184,1.579360008239746,False
scale_2_group,28,0,0,"[0, 1, 0, 1]",1,False,False,4940536269207611,4940536269271139,0,0,False
concurrency_2_group,28,0,0,"[3, 4, 3, 4]",2,False,False,4940536280595605,4940536285345104,28311552,4.659423828125,False
scale_10_group,28,0,0,"[2, 3, 2, 3]",1,False,False,4940536296377468,4940536299567168,18874368,3.1224958896636963,False
two_pair_2_3,28,0,0,"[0, 0, 1, 1]",1,False,False,4940536310619789,4940536310689608,0,0,False
scale_62_group,28,0,0,"[15, 16, 15, 16]",1,False,False,4940536322540560,4940536345694774,141557760,23.0916805267334,False
six_2,28,0,0,"[2, 1, 2, 1]",1,False,False,4940536356766547,4940536359156221,18874368,2.341088056564331,False
concurrency_2_rank,28,0,0,"[4, 4, 3, 3]",2,False,False,4940536369507727,4940536375741775,37748736,6.16102409362793,False
concurrency_4_rank,28,0,0,"[4, 4, 3, 3]",4,False,False,4940536386172511,4940536392445516,37748736,6.16860818862915,False
scale_8_rank,28,0,0,"[2, 2, 2, 2]",1,False,False,4940536402701575,4940536405858637,18874368,3.110208034515381,False
six_3,28,0,0,"[1, 1, 2, 2]",1,False,False,4940536416210144,4940536417827902,9437184,1.5675840377807617,False
remote_1,28,0,0,"[1, 2, 1, 2]",1,True,False,4940536429774104,4940536431420807,9437184,1.585536003112793,False
two_pair_1_2,28,0,0,"[0, 1, 1, 0]",1,False,False,4940536442462236,4940536442537009,0,0,False
scale_14_group,28,0,0,"[3, 4, 3, 4]",1,False,False,4940536453626905,4940536458329371,28311552,4.652095794677734,False
scale_50_group,28,0,0,"[12, 13, 12, 13]",1,False,False,4940536469367694,4940536487915651,113246208,18.49068832397461,False
remote_2,28,0,0,"[1, 1, 0, 0]",1,True,False,4940536498960711,4940536500586909,9437184,1.5780479907989502,False
concurrency_4_group,28,0,0,"[3, 4, 3, 4]",4,False,False,4940536510834436,4940536515592764,28311552,4.665215969085693,False
two_pair_1_3,28,0,0,"[0, 1, 0, 1]",1,False,False,4940536526763496,4940536526833418,0,0,False
two_pair_0_2,28,0,0,"[1, 0, 1, 0]",1,False,False,4940536538028224,4940536538887013,9437184,0.8139200210571289,False
six_1,28,0,0,"[1, 2, 1, 2]",1,False,False,4940536549205102,4940536550828803,9437184,1.5736639499664307,False
scale_8_group,28,0,0,"[2, 2, 2, 2]",1,False,False,4940536561991302,4940536565145338,18874368,3.1075520515441895,False
two_pair_2_3,29,0,0,"[0, 0, 1, 1]",1,False,False,4940536575526841,4940536575599092,0,0,False
scale_4_group,29,0,0,"[1, 1, 1, 1]",1,False,False,4940536587646631,4940536589291631,9437184,1.584831953048706,False
two_single_1,29,0,0,"[0, 2, 0, 0]",1,False,False,4940536599673077,4940536599742036,0,0,False
scale_6_rank,29,0,0,"[2, 2, 1, 1]",1,False,False,4940536611775792,4940536614925953,18874368,3.0847361087799072,False
two_pair_0_2,29,0,0,"[1, 0, 1, 0]",1,False,False,4940536625350403,4940536626215846,9437184,0.8134400248527527,False
two_pair_1_2,29,0,0,"[0, 1, 1, 0]",1,False,False,4940536636549357,4940536636619621,0,0,False
remote_1,29,0,0,"[1, 2, 1, 2]",1,True,False,4940536647729953,4940536649355340,9437184,1.5785599946975708,False
remote_3,29,0,0,"[1, 0, 1, 0]",1,True,False,4940536660447693,4940536661304758,9437184,0.8124799728393555,False
scale_4_rank,29,0,0,"[1, 1, 1, 1]",1,False,False,4940536671551706,4940536673173033,9437184,1.5730880498886108,False
remote_2,29,0,0,"[1, 1, 0, 0]",1,True,False,4940536683540788,4940536685158078,9437184,1.569375991821289,False
two_single_3,29,0,0,"[0, 0, 0, 2]",1,False,False,4940536695542633,4940536695609258,0,0,False
remote_0,29,0,0,"[2, 2, 1, 1]",1,True,False,4940536707687388,4940536710863360,18874368,3.1168320178985596,False
scale_2_group,29,0,0,"[0, 1, 0, 1]",1,False,False,4940536721209395,4940536721279050,0,0,False
concurrency_2_group,29,0,0,"[3, 4, 3, 4]",2,False,False,4940536732374283,4940536737094999,28311552,4.650176048278809,False
scale_10_rank,29,0,0,"[3, 3, 2, 2]",1,False,False,4940536748227839,4940536752917041,28311552,4.642560005187988,False
two_pair_0_1,29,0,0,"[1, 1, 0, 0]",1,False,False,4940536763163365,4940536764777108,9437184,1.5686719417572021,False
six_2,29,0,0,"[2, 1, 2, 1]",1,False,False,4940536775004100,4940536777388607,18874368,2.3172800540924072,False
two_pair_1_3,29,0,0,"[0, 1, 0, 1]",1,False,False,4940536787698428,4940536787798402,0,0,False
two_single_0,29,0,0,"[2, 0, 0, 0]",1,False,False,4940536798868480,4940536800496622,18874368,1.5811840295791626,False
two_single_2,29,0,0,"[0, 0, 2, 0]",1,False,False,4940536810707866,4940536810775608,0,0,False
scale_50_rank,29,0,0,"[13, 13, 12, 12]",1,False,False,4940536822549275,4940536842577253,122683392,19.97750473022461,False
six_1,29,0,0,"[1, 2, 1, 2]",1,False,False,4940536852988614,4940536854623156,9437184,1.582527995109558,False
scale_6_group,29,0,0,"[1, 2, 1, 2]",1,False,False,4940536865693838,4940536867334268,9437184,1.5895999670028687,False
scale_62_rank,29,0,0,"[16, 16, 15, 15]",1,False,False,4940536878379804,4940536903033024,150994944,24.604991912841797,False
scale_14_rank,29,0,0,"[4, 4, 3, 3]",1,False,False,4940536913379370,4940536919600393,37748736,6.172863960266113,False
six_3,29,0,0,"[1, 1, 2, 2]",1,False,False,4940536929926048,4940536931538965,9437184,1.5661439895629883,False
six_0,29,0,0,"[2, 2, 1, 1]",1,False,False,4940536943502087,4940536946681127,18874368,3.1206400394439697,False
scale_8_rank,29,0,0,"[2, 2, 2, 2]",1,False,False,4940536957022133,4940536960174324,18874368,3.1037120819091797,False
scale_62_group,29,0,0,"[15, 16, 15, 16]",1,False,False,4940536970479154,4940536993624780,141557760,23.09667205810547,False
scale_14_group,29,0,0,"[3, 4, 3, 4]",1,False,False,4940537004805584,4940537009520988,28311552,4.659327983856201,False
concurrency_4_group,29,0,0,"[3, 4, 3, 4]",4,False,False,4940537020633594,4940537025388991,28311552,4.660863876342773,False
concurrency_4_rank,29,0,0,"[4, 4, 3, 3]",4,False,False,4940537036486723,4940537042759422,37748736,6.171264171600342,False
concurrency_2_rank,29,0,0,"[4, 4, 3, 3]",2,False,False,4940537053126145,4940537059369046,37748736,6.177023887634277,False
two_pair_0_3,29,0,0,"[1, 0, 0, 1]",1,False,False,4940537069654754,4940537070510989,9437184,0.8114240169525146,False
scale_10_group,29,0,0,"[2, 3, 2, 3]",1,False,False,4940537080872826,4940537084045020,18874368,3.124864101409912,False
scale_8_group,29,0,0,"[2, 2, 2, 2]",1,False,False,4940537095117637,4940537098278904,18874368,3.1165759563446045,False
scale_50_group,29,0,0,"[12, 13, 12, 13]",1,False,False,4940537108610667,4940537127155599,113246208,18.492511749267578,False
scale_2_rank,29,0,0,"[1, 1, 0, 0]",1,False,False,4940537138298273,4940537139946448,9437184,1.5912319421768188,False
overlap_1,-5,0,0,"[1, 2, 1, 2]",1,False,True,4940558531026748,4940558870264371,9437184,2.8559999465942383,True
overlap_0,-5,0,0,"[2, 2, 1, 1]",1,False,True,4940558882612552,4940558887383407,18874368,4.504767894744873,True
overlap_2,-5,0,0,"[2, 1, 2, 1]",1,False,True,4940558898026100,4940558901968661,18874368,3.7588160037994385,True
overlap_0,-4,0,0,"[2, 2, 1, 1]",1,False,True,4940558912458180,4940558917146716,18874368,4.5562238693237305,True
overlap_1,-4,0,0,"[1, 2, 1, 2]",1,False,True,4940558927628698,4940558930513413,9437184,2.7125439643859863,True
overlap_2,-4,0,0,"[2, 1, 2, 1]",1,False,True,4940558941984865,4940558945918258,18874368,3.7897279262542725,True
overlap_2,-3,0,0,"[2, 1, 2, 1]",1,False,True,4940558956389759,4940558960278534,18874368,3.7442240715026855,True
overlap_1,-3,0,0,"[1, 2, 1, 2]",1,False,True,4940558970673318,4940558973697957,9437184,2.8063039779663086,True
overlap_0,-3,0,0,"[2, 2, 1, 1]",1,False,True,4940558985089513,4940558989788455,18874368,4.538047790527344,True
overlap_2,-2,0,0,"[2, 1, 2, 1]",1,False,True,4940559000312256,4940559004232812,18874368,3.768480062484741,True
overlap_0,-2,0,0,"[2, 2, 1, 1]",1,False,True,4940559014695438,4940559019395379,18874368,4.558527946472168,True
overlap_1,-2,0,0,"[1, 2, 1, 2]",1,False,True,4940559029948970,4940559032850706,9437184,2.7499520778656006,True
overlap_1,-1,0,0,"[1, 2, 1, 2]",1,False,True,4940559044327990,4940559047310635,9437184,2.8313279151916504,True
overlap_2,-1,0,0,"[2, 1, 2, 1]",1,False,True,4940559059009406,4940559062922303,18874368,3.766592025756836,True
overlap_0,-1,0,0,"[2, 2, 1, 1]",1,False,True,4940559073467016,4940559078128233,18874368,4.529727935791016,True
overlap_0,0,0,0,"[2, 2, 1, 1]",1,False,True,4940559088639452,4940559093294800,18874368,4.534207820892334,True
overlap_2,0,0,0,"[2, 1, 2, 1]",1,False,True,4940559103649986,4940559107549092,18874368,3.767807960510254,True
overlap_1,0,0,0,"[1, 2, 1, 2]",1,False,True,4940559117956721,4940559120774745,9437184,2.692512035369873,True
overlap_2,1,0,0,"[2, 1, 2, 1]",1,False,True,4940559132253147,4940559136136895,18874368,3.7773759365081787,True
overlap_1,1,0,0,"[1, 2, 1, 2]",1,False,True,4940559146564058,4940559149326714,9437184,2.6333119869232178,True
overlap_0,1,0,0,"[2, 2, 1, 1]",1,False,True,4940559160834275,4940559165484060,18874368,4.521823883056641,True
overlap_0,2,0,0,"[2, 2, 1, 1]",1,False,True,4940559175934093,4940559180629004,18874368,4.570112228393555,True
overlap_2,2,0,0,"[2, 1, 2, 1]",1,False,True,4940559191049635,4940559194950616,18874368,3.783967971801758,True
overlap_1,2,0,0,"[1, 2, 1, 2]",1,False,True,4940559205381986,4940559208314823,9437184,2.79801607131958,True
overlap_1,3,0,0,"[1, 2, 1, 2]",1,False,True,4940559219707990,4940559222649510,9437184,2.8065600395202637,True
overlap_2,3,0,0,"[2, 1, 2, 1]",1,False,True,4940559233950902,4940559237849002,18874368,3.776031970977783,True
overlap_0,3,0,0,"[2, 2, 1, 1]",1,False,True,4940559248266649,4940559252896241,18874368,4.512320041656494,True
overlap_0,4,0,0,"[2, 2, 1, 1]",1,False,True,4940559263297036,4940559267983442,18874368,4.568607807159424,True
overlap_1,4,0,0,"[1, 2, 1, 2]",1,False,True,4940559278342222,4940559281228049,9437184,2.7523200511932373,True
overlap_2,4,0,0,"[2, 1, 2, 1]",1,False,True,4940559292738810,4940559296667211,18874368,3.7792320251464844,True
overlap_1,5,0,0,"[1, 2, 1, 2]",1,False,True,4940559307067159,4940559309990141,9437184,2.789504051208496,True
overlap_2,5,0,0,"[2, 1, 2, 1]",1,False,True,4940559321369892,4940559325283910,18874368,3.787231922149658,True
overlap_0,5,0,0,"[2, 2, 1, 1]",1,False,True,4940559335703973,4940559340396595,18874368,4.519040107727051,True
overlap_2,6,0,0,"[2, 1, 2, 1]",1,False,True,4940559350814400,4940559354731706,18874368,3.7709760665893555,True
overlap_0,6,0,0,"[2, 2, 1, 1]",1,False,True,4940559365071467,4940559369771162,18874368,4.552544116973877,True
overlap_1,6,0,0,"[1, 2, 1, 2]",1,False,True,4940559380192776,4940559383039359,9437184,2.702303886413574,True
overlap_0,7,0,0,"[2, 2, 1, 1]",1,False,True,4940559394411586,4940559399067830,18874368,4.537439823150635,True
overlap_2,7,0,0,"[2, 1, 2, 1]",1,False,True,4940559409456587,4940559413337191,18874368,3.7734720706939697,True
overlap_1,7,0,0,"[1, 2, 1, 2]",1,False,True,4940559423746698,4940559426768910,9437184,2.864959955215454,True
overlap_0,8,0,0,"[2, 2, 1, 1]",1,False,True,4940559438012265,4940559442676001,18874368,4.532159805297852,True
overlap_2,8,0,0,"[2, 1, 2, 1]",1,False,True,4940559453130751,4940559457047423,18874368,3.7537600994110107,True
overlap_1,8,0,0,"[1, 2, 1, 2]",1,False,True,4940559467419515,4940559470313757,9437184,2.7611520290374756,True
overlap_0,9,0,0,"[2, 2, 1, 1]",1,False,True,4940559481686618,4940559486318211,18874368,4.520895957946777,True
overlap_2,9,0,0,"[2, 1, 2, 1]",1,False,True,4940559496749086,4940559500669935,18874368,3.7701759338378906,True
overlap_1,9,0,0,"[1, 2, 1, 2]",1,False,True,4940559511012706,4940559513813395,9437184,2.6610560417175293,True
overlap_2,10,0,0,"[2, 1, 2, 1]",1,False,True,4940559525334741,4940559529247442,18874368,3.7798080444335938,True
overlap_0,10,0,0,"[2, 2, 1, 1]",1,False,True,4940559539692512,4940559544392864,18874368,4.539135932922363,True
overlap_1,10,0,0,"[1, 2, 1, 2]",1,False,True,4940559554797955,4940559557696076,9437184,2.7488958835601807,True
overlap_0,11,0,0,"[2, 2, 1, 1]",1,False,True,4940559569074313,4940559573752206,18874368,4.55452823638916,True
overlap_1,11,0,0,"[1, 2, 1, 2]",1,False,True,4940559584238418,4940559587132268,9437184,2.7501120567321777,True
overlap_2,11,0,0,"[2, 1, 2, 1]",1,False,True,4940559598473960,4940559602378720,18874368,3.7503039836883545,True
overlap_0,12,0,0,"[2, 2, 1, 1]",1,False,True,4940559612796920,4940559617473787,18874368,4.518688201904297,True
overlap_1,12,0,0,"[1, 2, 1, 2]",1,False,True,4940559627907673,4940559630801720,9437184,2.7280640602111816,True
overlap_2,12,0,0,"[2, 1, 2, 1]",1,False,True,4940559642132984,4940559646033163,18874368,3.761215925216675,True
overlap_2,13,0,0,"[2, 1, 2, 1]",1,False,True,4940559656409038,4940559660330194,18874368,3.7631359100341797,True
overlap_0,13,0,0,"[2, 2, 1, 1]",1,False,True,4940559670746729,4940559675471849,18874368,4.517568111419678,True
overlap_1,13,0,0,"[1, 2, 1, 2]",1,False,True,4940559685922599,4940559688928931,9437184,2.8044159412384033,True
overlap_0,14,0,0,"[2, 2, 1, 1]",1,False,True,4940559700263849,4940559704946172,18874368,4.521791934967041,True
overlap_1,14,0,0,"[1, 2, 1, 2]",1,False,True,4940559715306343,4940559718190075,9437184,2.7399039268493652,True
overlap_2,14,0,0,"[2, 1, 2, 1]",1,False,True,4940559729556506,4940559733436166,18874368,3.761888027191162,True
overlap_2,15,0,0,"[2, 1, 2, 1]",1,False,True,4940559743797270,4940559747686221,18874368,3.774847984313965,True
overlap_0,15,0,0,"[2, 2, 1, 1]",1,False,True,4940559758044454,4940559762703159,18874368,4.550784111022949,True
overlap_1,15,0,0,"[1, 2, 1, 2]",1,False,True,4940559773166024,4940559776078664,9437184,2.7701120376586914,True
overlap_2,16,0,0,"[2, 1, 2, 1]",1,False,True,4940559787410327,4940559791302403,18874368,3.7837119102478027,True
overlap_1,16,0,0,"[1, 2, 1, 2]",1,False,True,4940559801680387,4940559804596023,9437184,2.7808640003204346,True
overlap_0,16,0,0,"[2, 2, 1, 1]",1,False,True,4940559815893527,4940559820545726,18874368,4.538879871368408,True
overlap_2,17,0,0,"[2, 1, 2, 1]",1,False,True,4940559830891228,4940559834809630,18874368,3.7737278938293457,True
overlap_0,17,0,0,"[2, 2, 1, 1]",1,False,True,4940559845162849,4940559849828167,18874368,4.544960021972656,True
overlap_1,17,0,0,"[1, 2, 1, 2]",1,False,True,4940559860238028,4940559863132429,9437184,2.7629759311676025,True
overlap_2,18,0,0,"[2, 1, 2, 1]",1,False,True,4940559874509782,4940559878429937,18874368,3.8024959564208984,True
overlap_1,18,0,0,"[1, 2, 1, 2]",1,False,True,4940559888784742,4940559891693961,9437184,2.773695945739746,True
overlap_0,18,0,0,"[2, 2, 1, 1]",1,False,True,4940559903042511,4940559907711250,18874368,4.5543999671936035,True
overlap_2,19,0,0,"[2, 1, 2, 1]",1,False,True,4940559918157438,4940559922067949,18874368,3.795423984527588,True
overlap_0,19,0,0,"[2, 2, 1, 1]",1,False,True,4940559932478813,4940559937153519,18874368,4.553247928619385,True
overlap_1,19,0,0,"[1, 2, 1, 2]",1,False,True,4940559947622617,4940559950491171,9437184,2.734208106994629,True
overlap_2,20,0,0,"[2, 1, 2, 1]",1,False,True,4940559961975512,4940559965870709,18874368,3.78387188911438,True
overlap_1,20,0,0,"[1, 2, 1, 2]",1,False,True,4940559976239876,4940559979121718,9437184,2.753664016723633,True
overlap_0,20,0,0,"[2, 2, 1, 1]",1,False,True,4940559990444471,4940559995071733,18874368,4.5141119956970215,True
overlap_1,21,0,0,"[1, 2, 1, 2]",1,False,True,4940560005597458,4940560008563378,9437184,2.7935359477996826,True
overlap_0,21,0,0,"[2, 2, 1, 1]",1,False,True,4940560019877059,4940560024549002,18874368,4.555488109588623,True
overlap_2,21,0,0,"[2, 1, 2, 1]",1,False,True,4940560034868056,4940560038759310,18874368,3.7557120323181152,True
overlap_2,22,0,0,"[2, 1, 2, 1]",1,False,True,4940560049211798,4940560053075193,18874368,3.755743980407715,True
overlap_1,22,0,0,"[1, 2, 1, 2]",1,False,True,4940560063466123,4940560066377429,9437184,2.7803521156311035,True
overlap_0,22,0,0,"[2, 2, 1, 1]",1,False,True,4940560077738323,4940560082420296,18874368,4.571904182434082,True
overlap_0,23,0,0,"[2, 2, 1, 1]",1,False,True,4940560092868115,4940560097507895,18874368,4.505856037139893,True
overlap_1,23,0,0,"[1, 2, 1, 2]",1,False,True,4940560107926586,4940560110893955,9437184,2.8252480030059814,True
overlap_2,23,0,0,"[2, 1, 2, 1]",1,False,True,4940560122224461,4940560126111503,18874368,3.7760961055755615,True
overlap_0,24,0,0,"[2, 2, 1, 1]",1,False,True,4940560136535503,4940560141192903,18874368,4.5517120361328125,True
overlap_1,24,0,0,"[1, 2, 1, 2]",1,False,True,4940560151593121,4940560154479741,9437184,2.760159969329834,True
overlap_2,24,0,0,"[2, 1, 2, 1]",1,False,True,4940560165780394,4940560169651145,18874368,3.76476788520813,True
overlap_0,25,0,0,"[2, 2, 1, 1]",1,False,True,4940560180122805,4940560184778088,18874368,4.509920120239258,True
overlap_2,25,0,0,"[2, 1, 2, 1]",1,False,True,4940560195168962,4940560199070370,18874368,3.7905280590057373,True
overlap_1,25,0,0,"[1, 2, 1, 2]",1,False,True,4940560209471529,4940560212365206,9437184,2.7604479789733887,True
overlap_2,26,0,0,"[2, 1, 2, 1]",1,False,True,4940560223707630,4940560227609403,18874368,3.791775941848755,True
overlap_1,26,0,0,"[1, 2, 1, 2]",1,False,True,4940560237997380,4940560240989956,9437184,2.8644158840179443,True
overlap_0,26,0,0,"[2, 2, 1, 1]",1,False,True,4940560252221174,4940560256862444,18874368,4.5346879959106445,True
overlap_2,27,0,0,"[2, 1, 2, 1]",1,False,True,4940560267278091,4940560271158096,18874368,3.7726080417633057,True
overlap_0,27,0,0,"[2, 2, 1, 1]",1,False,True,4940560281520465,4940560286205706,18874368,4.582784175872803,True
overlap_1,27,0,0,"[1, 2, 1, 2]",1,False,True,4940560296626592,4940560299533184,9437184,2.7813758850097656,True
overlap_2,28,0,0,"[2, 1, 2, 1]",1,False,True,4940560310863811,4940560314759007,18874368,3.7874879837036133,True
overlap_0,28,0,0,"[2, 2, 1, 1]",1,False,True,4940560325110303,4940560329787966,18874368,4.569248199462891,True
overlap_1,28,0,0,"[1, 2, 1, 2]",1,False,True,4940560340206573,4940560343132669,9437184,2.7953920364379883,True
overlap_0,29,0,0,"[2, 2, 1, 1]",1,False,True,4940560354453156,4940560359146002,18874368,4.574336051940918,True
overlap_1,29,0,0,"[1, 2, 1, 2]",1,False,True,4940560369587886,4940560372431417,9437184,2.7174079418182373,True
overlap_2,29,0,0,"[2, 1, 2, 1]",1,False,True,4940560383835556,4940560387728533,18874368,3.7892799377441406,True
scale_4_rank,-5,1,1,"[1, 1, 1, 1]",1,False,False,4940516899328466,4940516901082287,9437184,1.6425600051879883,False
concurrency_4_group,-5,1,1,"[3, 4, 3, 4]",4,False,False,4940516957512371,4940516963168261,37748736,5.444640159606934,False
scale_6_group,-5,1,1,"[1, 2, 1, 2]",1,False,False,4940516974079998,4940516976529587,18874368,2.3727359771728516,False
two_single_2,-5,1,1,"[0, 0, 2, 0]",1,False,False,4940516986989667,4940516987065294,0,0,False
two_pair_0_1,-5,1,1,"[1, 1, 0, 0]",1,False,False,4940516999077790,4940517000725944,9437184,1.587712049484253,False
two_single_1,-5,1,1,"[0, 2, 0, 0]",1,False,False,4940517011193809,4940517012840883,18874368,1.595136046409607,False
six_1,-5,1,1,"[1, 2, 1, 2]",1,False,False,4940517023326258,4940517025745688,18874368,2.36627197265625,False
scale_62_rank,-5,1,1,"[16, 16, 15, 15]",1,False,False,4940517036291076,4940517060968823,150994944,24.626047134399414,False
concurrency_2_rank,-5,1,1,"[4, 4, 3, 3]",2,False,False,4940517072573842,4940517078838472,37748736,6.193759918212891,False
two_pair_0_3,-5,1,1,"[1, 0, 0, 1]",1,False,False,4940517089414276,4940517089494292,0,0,False
concurrency_2_group,-5,1,1,"[3, 4, 3, 4]",2,False,False,4940517100787673,4940517106295011,37748736,5.4148478507995605,False
scale_10_group,-5,1,1,"[2, 3, 2, 3]",1,False,False,4940517116750010,4940517120684806,28311552,3.8840959072113037,False
two_single_0,-5,1,1,"[2, 0, 0, 0]",1,False,False,4940517131389803,4940517131457845,0,0,False
scale_8_rank,-5,1,1,"[2, 2, 2, 2]",1,False,False,4940517143447742,4940517146613783,18874368,3.1170880794525146,False
six_3,-5,1,1,"[1, 1, 2, 2]",1,False,False,4940517157116359,4940517158744996,9437184,1.580448031425476,False
scale_2_group,-5,1,1,"[0, 1, 0, 1]",1,False,False,4940517170742425,4940517171619407,9437184,0.8206080198287964,False
scale_6_rank,-5,1,1,"[2, 2, 1, 1]",1,False,False,4940517182160233,4940517185314448,18874368,3.0930559635162354,False
concurrency_4_rank,-5,1,1,"[4, 4, 3, 3]",4,False,False,4940517195957122,4940517202268219,37748736,6.185887813568115,False
scale_4_group,-5,1,1,"[1, 1, 1, 1]",1,False,False,4940517212819971,4940517214476109,9437184,1.5944000482559204,False
two_pair_2_3,-5,1,1,"[0, 0, 1, 1]",1,False,False,4940517224999000,4940517225075290,0,0,False
six_0,-5,1,1,"[2, 2, 1, 1]",1,False,False,4940517237193286,4940517240348501,18874368,3.1084160804748535,False
scale_10_rank,-5,1,1,"[3, 3, 2, 2]",1,False,False,4940517250730598,4940517255439163,28311552,4.662464141845703,False
remote_1,-5,1,1,"[1, 2, 1, 2]",1,True,False,4940517265956853,4940517268373230,18874368,2.346656084060669,False
scale_14_rank,-5,1,1,"[4, 4, 3, 3]",1,False,False,4940517278832705,4940517285091336,37748736,6.196832180023193,False
remote_0,-5,1,1,"[2, 2, 1, 1]",1,True,False,4940517295574764,4940517298753059,18874368,3.1272640228271484,False
scale_2_rank,-5,1,1,"[1, 1, 0, 0]",1,False,False,4940517309232283,4940517310869752,9437184,1.5796799659729004,False
two_single_3,-5,1,1,"[0, 0, 0, 2]",1,False,False,4940517321284939,4940517321367388,0,0,False
two_pair_1_2,-5,1,1,"[0, 1, 1, 0]",1,False,False,4940517333380585,4940517334286338,9437184,0.8289600014686584,False
scale_14_group,-5,1,1,"[3, 4, 3, 4]",1,False,False,4940517344706244,4940517350194646,37748736,5.429632186889648,False
scale_50_group,-5,1,1,"[12, 13, 12, 13]",1,False,False,4940517360700927,4940517380012961,122683392,19.25814437866211,False
scale_50_rank,-5,1,1,"[13, 13, 12, 12]",1,False,False,4940517391105482,4940517411187845,122683392,20.017696380615234,False
remote_2,-5,1,1,"[1, 1, 0, 0]",1,True,False,4940517422296419,4940517423943110,9437184,1.5802559852600098,False
remote_3,-5,1,1,"[1, 0, 1, 0]",1,True,False,4940517434465266,4940517434541177,0,0,False
two_pair_0_2,-5,1,1,"[1, 0, 1, 0]",1,False,False,4940517445820464,4940517445899407,0,0,False
scale_8_group,-5,1,1,"[2, 2, 2, 2]",1,False,False,4940517457060893,4940517460232831,18874368,3.126431941986084,False
two_pair_1_3,-5,1,1,"[0, 1, 0, 1]",1,False,False,4940517470718816,4940517471611027,9437184,0.8260160088539124,False
scale_62_group,-5,1,1,"[15, 16, 15, 16]",1,False,False,4940517482044145,4940517505965661,150994944,23.853727340698242,False
six_2,-5,1,1,"[2, 1, 2, 1]",1,False,False,4940517519990809,4940517521663532,9437184,1.5950080156326294,False
two_pair_1_2,-4,1,1,"[0, 1, 1, 0]",1,False,False,4940517532947418,4940517533824570,9437184,0.8224959969520569,False
two_single_1,-4,1,1,"[0, 2, 0, 0]",1,False,False,4940517544375836,4940517546011143,18874368,1.5862720012664795,False
six_0,-4,1,1,"[2, 2, 1, 1]",1,False,False,4940517556577900,4940517559704201,18874368,3.0796799659729004,False
two_pair_0_2,-4,1,1,"[1, 0, 1, 0]",1,False,False,4940517570250435,4940517570316380,0,0,False
remote_2,-4,1,1,"[1, 1, 0, 0]",1,True,False,4940517581565431,4940517583201579,9437184,1.5722559690475464,False
two_pair_0_1,-4,1,1,"[1, 1, 0, 0]",1,False,False,4940517593658395,4940517595288514,9437184,1.5826879739761353,False
scale_6_group,-4,1,1,"[1, 2, 1, 2]",1,False,False,4940517605656797,4940517608064237,18874368,2.3548479080200195,False
concurrency_2_rank,-4,1,1,"[4, 4, 3, 3]",2,False,False,4940517618466911,4940517624722893,37748736,6.183231830596924,False
scale_8_rank,-4,1,1,"[2, 2, 2, 2]",1,False,False,4940517635196240,4940517638362207,18874368,3.1156160831451416,False
two_pair_1_3,-4,1,1,"[0, 1, 0, 1]",1,False,False,4940517648871359,4940517649775547,9437184,0.8312960267066956,False
scale_10_rank,-4,1,1,"[3, 3, 2, 2]",1,False,False,4940517660180419,4940517664894578,28311552,4.647903919219971,False
scale_2_rank,-4,1,1,"[1, 1, 0, 0]",1,False,False,4940517675285537,4940517676932756,9437184,1.589792013168335,False
two_single_0,-4,1,1,"[2, 0, 0, 0]",1,False,False,4940517687411339,4940517687484282,0,0,False
two_pair_2_3,-4,1,1,"[0, 0, 1, 1]",1,False,False,4940517699563444,4940517699654753,0,0,False
scale_50_group,-4,1,1,"[12, 13, 12, 13]",1,False,False,4940517711759690,4940517731110484,122683392,19.25721549987793,False
scale_4_rank,-4,1,1,"[1, 1, 1, 1]",1,False,False,4940517742226509,4940517743880898,9437184,1.5817279815673828,False
scale_14_rank,-4,1,1,"[4, 4, 3, 3]",1,False,False,4940517754345549,4940517760591679,37748736,6.193183898925781,False
scale_62_rank,-4,1,1,"[16, 16, 15, 15]",1,False,False,4940517771095359,4940517795445662,150994944,24.29360008239746,False
two_single_3,-4,1,1,"[0, 0, 0, 2]",1,False,False,4940517807130506,4940517807201180,0,0,False
concurrency_4_group,-4,1,1,"[3, 4, 3, 4]",4,False,False,4940517819264169,4940517824819915,37748736,5.436607837677002,False
scale_14_group,-4,1,1,"[3, 4, 3, 4]",1,False,False,4940517835700755,4940517841170157,37748736,5.4219841957092285,False
six_3,-4,1,1,"[1, 1, 2, 2]",1,False,False,4940517851639927,4940517853257237,9437184,1.5723520517349243,False
six_1,-4,1,1,"[1, 2, 1, 2]",1,False,False,4940517865433918,4940517867845213,18874368,2.3480639457702637,False
remote_0,-4,1,1,"[2, 2, 1, 1]",1,True,False,4940517878312121,4940517881480975,18874368,3.118623971939087,False
scale_6_rank,-4,1,1,"[2, 2, 1, 1]",1,False,False,4940517891965923,4940517895135296,18874368,3.115679979324341,False
scale_4_group,-4,1,1,"[1, 1, 1, 1]",1,False,False,4940517905502606,4940517907141061,9437184,1.2701760530471802,False
scale_2_group,-4,1,1,"[0, 1, 0, 1]",1,False,False,4940517917829433,4940517918694259,9437184,0.8160640001296997,False
two_pair_0_3,-4,1,1,"[1, 0, 0, 1]",1,False,False,4940517929197046,4940517929266550,0,0,False
remote_3,-4,1,1,"[1, 0, 1, 0]",1,True,False,4940517940503091,4940517940588470,0,0,False
two_single_2,-4,1,1,"[0, 0, 2, 0]",1,False,False,4940517951820647,4940517951880576,0,0,False
concurrency_4_rank,-4,1,1,"[4, 4, 3, 3]",4,False,False,4940517964066200,4940517970383735,37748736,6.177023887634277,False
scale_50_rank,-4,1,1,"[13, 13, 12, 12]",1,False,False,4940517980938781,4940518000991088,122683392,20.00150489807129,False
concurrency_2_group,-4,1,1,"[3, 4, 3, 4]",2,False,False,4940518012096815,4940518017585291,37748736,5.422048091888428,False
six_2,-4,1,1,"[2, 1, 2, 1]",1,False,False,4940518028222453,4940518029849379,9437184,1.5746560096740723,False
scale_8_group,-4,1,1,"[2, 2, 2, 2]",1,False,False,4940518041040908,4940518044200245,18874368,3.1107521057128906,False
scale_10_group,-4,1,1,"[2, 3, 2, 3]",1,False,False,4940518054658852,4940518058604668,28311552,3.8918399810791016,False
scale_62_group,-4,1,1,"[15, 16, 15, 16]",1,False,False,4940518069062905,4940518092955261,150994944,23.84671974182129,False
remote_1,-4,1,1,"[1, 2, 1, 2]",1,True,False,4940518104168757,4940518106559155,18874368,2.3444159030914307,False
scale_10_group,-3,1,1,"[2, 3, 2, 3]",1,False,False,4940518117120881,4940518121077955,28311552,3.884927988052368,False
scale_2_rank,-3,1,1,"[1, 1, 0, 0]",1,False,False,4940518131558964,4940518133203098,9437184,1.5744960308074951,False
scale_50_rank,-3,1,1,"[13, 13, 12, 12]",1,False,False,4940518143653394,4940518163754371,122683392,20.03968048095703,False
two_pair_1_3,-3,1,1,"[0, 1, 0, 1]",1,False,False,4940518174758983,4940518175626677,9437184,0.818336009979248,False
scale_10_rank,-3,1,1,"[3, 3, 2, 2]",1,False,False,4940518186246844,4940518190965895,28311552,4.658336162567139,False
scale_2_group,-3,1,1,"[0, 1, 0, 1]",1,False,False,4940518201487227,4940518202349317,9437184,0.8156480193138123,False
six_3,-3,1,1,"[1, 1, 2, 2]",1,False,False,4940518212904075,4940518214505299,9437184,1.5526399612426758,False
two_pair_0_2,-3,1,1,"[1, 0, 1, 0]",1,False,False,4940518226468840,4940518226782668,0,0,False
scale_62_group,-3,1,1,"[15, 16, 15, 16]",1,False,False,4940518237827436,4940518261740054,150994944,23.816383361816406,False
six_0,-3,1,1,"[2, 2, 1, 1]",1,False,False,4940518272998431,4940518276169786,18874368,3.1209280490875244,False
scale_14_group,-3,1,1,"[3, 4, 3, 4]",1,False,False,4940518286581158,4940518292042799,37748736,5.417727947235107,False
scale_50_group,-3,1,1,"[12, 13, 12, 13]",1,False,False,4940518302502349,4940518321793175,122683392,19.242271423339844,False
scale_4_group,-3,1,1,"[1, 1, 1, 1]",1,False,False,4940518332933536,4940518334550534,9437184,1.566912055015564,False
remote_1,-3,1,1,"[1, 2, 1, 2]",1,True,False,4940518345059037,4940518347455631,18874368,2.353408098220825,False
concurrency_4_group,-3,1,1,"[3, 4, 3, 4]",4,False,False,4940518357932691,4940518363460565,37748736,5.425055980682373,False
remote_3,-3,1,1,"[1, 0, 1, 0]",1,True,False,4940518374039202,4940518374105074,0,0,False
two_pair_1_2,-3,1,1,"[0, 1, 1, 0]",1,False,False,4940518385329387,4940518386207365,9437184,0.8182399868965149,False
six_2,-3,1,1,"[2, 1, 2, 1]",1,False,False,4940518396684201,4940518398296650,9437184,1.5615999698638916,False
scale_6_rank,-3,1,1,"[2, 2, 1, 1]",1,False,False,4940518409537326,4940518412694021,18874368,3.1124799251556396,False
two_pair_0_1,-3,1,1,"[1, 1, 0, 0]",1,False,False,4940518423108862,4940518424760187,9437184,1.5885759592056274,False
remote_2,-3,1,1,"[1, 1, 0, 0]",1,True,False,4940518435145346,4940518436775305,9437184,1.580896019935608,False
scale_62_rank,-3,1,1,"[16, 16, 15, 15]",1,False,False,4940518447115386,4940518471783998,150994944,24.61347198486328,False
two_single_2,-3,1,1,"[0, 0, 2, 0]",1,False,False,4940518482944942,4940518483018760,0,0,False
concurrency_2_rank,-3,1,1,"[4, 4, 3, 3]",2,False,False,4940518494951599,4940518501238204,37748736,6.219232082366943,False
scale_6_group,-3,1,1,"[1, 2, 1, 2]",1,False,False,4940518511801227,4940518514197628,18874368,2.3494720458984375,False
concurrency_4_rank,-3,1,1,"[4, 4, 3, 3]",4,False,False,4940518524678991,4940518530990182,37748736,6.205088138580322,False
two_pair_2_3,-3,1,1,"[0, 0, 1, 1]",1,False,False,4940518541440105,4940518541505204,0,0,False
two_pair_0_3,-3,1,1,"[1, 0, 0, 1]",1,False,False,4940518553651414,4940518553737503,0,0,False
two_single_3,-3,1,1,"[0, 0, 0, 2]",1,False,False,4940518565066600,4940518565181453,0,0,False
concurrency_2_group,-3,1,1,"[3, 4, 3, 4]",2,False,False,4940518577243145,4940518582755728,37748736,5.426303863525391,False
scale_4_rank,-3,1,1,"[1, 1, 1, 1]",1,False,False,4940518593255571,4940518594878982,9437184,1.5779839754104614,False
scale_8_group,-3,1,1,"[2, 2, 2, 2]",1,False,False,4940518605296089,4940518608453939,18874368,3.11244797706604,False
scale_14_rank,-3,1,1,"[4, 4, 3, 3]",1,False,False,4940518618816968,4940518625055954,37748736,6.193312168121338,False
two_single_0,-3,1,1,"[2, 0, 0, 0]",1,False,False,4940518635521677,4940518635585853,0,0,False
two_single_1,-3,1,1,"[0, 2, 0, 0]",1,False,False,4940518647648377,4940518649319482,18874368,1.5955840349197388,False
remote_0,-3,1,1,"[2, 2, 1, 1]",1,True,False,4940518659822456,4940518662991534,18874368,3.1049599647521973,False
scale_8_rank,-3,1,1,"[2, 2, 2, 2]",1,False,False,4940518673461389,4940518676629714,18874368,3.1117119789123535,False
six_1,-3,1,1,"[1, 2, 1, 2]",1,False,False,4940518687103701,4940518689499996,18874368,2.3437440395355225,False
concurrency_4_group,-2,1,1,"[3, 4, 3, 4]",4,False,False,4940518699973267,4940518705516278,37748736,5.426527976989746,False
scale_2_group,-2,1,1,"[0, 1, 0, 1]",1,False,False,4940518715956971,4940518716853761,9437184,0.8278080224990845,False
six_2,-2,1,1,"[2, 1, 2, 1]",1,False,False,4940518727290422,4940518728949879,9437184,1.59660804271698,False
remote_1,-2,1,1,"[1, 2, 1, 2]",1,True,False,4940518740186960,4940518742606897,18874368,2.352479934692383,False
concurrency_2_rank,-2,1,1,"[4, 4, 3, 3]",2,False,False,4940518753025822,4940518759314540,37748736,6.207456111907959,False
scale_62_group,-2,1,1,"[15, 16, 15, 16]",1,False,False,4940518769865086,4940518793804618,150994944,23.876672744750977,False
two_pair_0_3,-2,1,1,"[1, 0, 0, 1]",1,False,False,4940518804954798,4940518805026656,0,0,False
two_single_0,-2,1,1,"[2, 0, 0, 0]",1,False,False,4940518816222293,4940518816300580,0,0,False
scale_62_rank,-2,1,1,"[16, 16, 15, 15]",1,False,False,4940518828272328,4940518852966206,150994944,24.64771270751953,False
scale_4_group,-2,1,1,"[1, 1, 1, 1]",1,False,False,4940518864222264,4940518865846690,9437184,1.5769599676132202,False
scale_6_group,-2,1,1,"[1, 2, 1, 2]",1,False,False,4940518876338125,4940518878733681,18874368,2.345247983932495,False
six_3,-2,1,1,"[1, 1, 2, 2]",1,False,False,4940518889140330,4940518890760527,9437184,1.5740159749984741,False
two_pair_2_3,-2,1,1,"[0, 0, 1, 1]",1,False,False,4940518902699826,4940518902776510,0,0,False
remote_0,-2,1,1,"[2, 2, 1, 1]",1,True,False,4940518914672916,4940518917840185,18874368,3.103327989578247,False
two_single_3,-2,1,1,"[0, 0, 0, 2]",1,False,False,4940518928238643,4940518928313298,0,0,False
scale_14_rank,-2,1,1,"[4, 4, 3, 3]",1,False,False,4940518940421598,4940518946636023,37748736,6.163871765136719,False
scale_2_rank,-2,1,1,"[1, 1, 0, 0]",1,False,False,4940518957158131,4940518958795093,9437184,1.5809279680252075,False
six_1,-2,1,1,"[1, 2, 1, 2]",1,False,False,4940518969232683,4940518971670483,18874368,2.3193600177764893,False
remote_2,-2,1,1,"[1, 1, 0, 0]",1,True,False,4940518982130484,4940518983777011,9437184,1.5825920104980469,False
scale_6_rank,-2,1,1,"[2, 2, 1, 1]",1,False,False,4940518994261089,4940518997423654,18874368,3.1040639877319336,False
scale_8_rank,-2,1,1,"[2, 2, 2, 2]",1,False,False,4940519007846097,4940519011018076,18874368,3.121056079864502,False
two_pair_0_1,-2,1,1,"[1, 1, 0, 0]",1,False,False,4940519021539240,4940519023176193,9437184,1.5832959413528442,False
two_single_1,-2,1,1,"[0, 2, 0, 0]",1,False,False,4940519033560409,4940519035208635,18874368,1.5916160345077515,False
scale_10_rank,-2,1,1,"[3, 3, 2, 2]",1,False,False,4940519045694581,4940519050398110,28311552,4.639584064483643,False
scale_4_rank,-2,1,1,"[1, 1, 1, 1]",1,False,False,4940519060852538,4940519062496282,9437184,1.587488055229187,False
scale_8_group,-2,1,1,"[2, 2, 2, 2]",1,False,False,4940519072964012,4940519076141105,18874368,3.1200640201568604,False
six_0,-2,1,1,"[2, 2, 1, 1]",1,False,False,4940519086598489,4940519089764534,18874368,3.1114559173583984,False
concurrency_4_rank,-2,1,1,"[4, 4, 3, 3]",4,False,False,4940519100142692,4940519106463904,37748736,6.20527982711792,False
scale_50_group,-2,1,1,"[12, 13, 12, 13]",1,False,False,4940519116941025,4940519136246213,122683392,19.248863220214844,False
scale_50_rank,-2,1,1,"[13, 13, 12, 12]",1,False,False,4940519147303027,4940519167373180,122683392,20.010143280029297,False
two_pair_0_2,-2,1,1,"[1, 0, 1, 0]",1,False,False,4940519178371944,4940519178462468,0,0,False
remote_3,-2,1,1,"[1, 0, 1, 0]",1,True,False,4940519189717498,4940519189793392,0,0,False
scale_10_group,-2,1,1,"[2, 3, 2, 3]",1,False,False,4940519201000504,4940519204944987,28311552,3.891968011856079,False
two_single_2,-2,1,1,"[0, 0, 2, 0]",1,False,False,4940519215442759,4940519215521832,0,0,False
two_pair_1_3,-2,1,1,"[0, 1, 0, 1]",1,False,False,4940519227555847,4940519228447021,9437184,0.8312960267066956,False
two_pair_1_2,-2,1,1,"[0, 1, 1, 0]",1,False,False,4940519238997060,4940519239875105,9437184,0.823199987411499,False
scale_14_group,-2,1,1,"[3, 4, 3, 4]",1,False,False,4940519250290682,4940519255777272,37748736,5.427680015563965,False
concurrency_2_group,-2,1,1,"[3, 4, 3, 4]",2,False,False,4940519266333478,4940519271837463,37748736,5.425920009613037,False
scale_50_group,-1,1,1,"[12, 13, 12, 13]",1,False,False,4940519282305972,4940519301598969,122683392,19.23798370361328,False
two_single_0,-1,1,1,"[2, 0, 0, 0]",1,False,False,4940519312680746,4940519312751837,0,0,False
six_3,-1,1,1,"[1, 1, 2, 2]",1,False,False,4940519324824186,4940519326447355,9437184,1.565824031829834,False
remote_1,-1,1,1,"[1, 2, 1, 2]",1,True,False,4940519338620178,4940519341022795,18874368,2.3512959480285645,False
six_1,-1,1,1,"[1, 2, 1, 2]",1,False,False,4940519351633075,4940519354033589,18874368,2.347935914993286,False
six_2,-1,1,1,"[2, 1, 2, 1]",1,False,False,4940519364663736,4940519366290879,9437184,1.5757759809494019,False
two_pair_0_1,-1,1,1,"[1, 1, 0, 0]",1,False,False,4940519377531245,4940519379152036,9437184,1.5755200386047363,False
two_pair_0_3,-1,1,1,"[1, 0, 0, 1]",1,False,False,4940519389604666,4940519389670529,0,0,False
scale_4_rank,-1,1,1,"[1, 1, 1, 1]",1,False,False,4940519401013431,4940519402637847,9437184,1.56985604763031,False
six_0,-1,1,1,"[2, 2, 1, 1]",1,False,False,4940519413091629,4940519416244038,18874368,3.1092801094055176,False
scale_6_rank,-1,1,1,"[2, 2, 1, 1]",1,False,False,4940519426640183,4940519429793403,18874368,3.1083199977874756,False
scale_6_group,-1,1,1,"[1, 2, 1, 2]",1,False,False,4940519440236542,4940519442635318,18874368,2.35263991355896,False
two_pair_1_3,-1,1,1,"[0, 1, 0, 1]",1,False,False,4940519453094853,4940519453947566,9437184,0.8103359937667847,False
two_pair_0_2,-1,1,1,"[1, 0, 1, 0]",1,False,False,4940519464480183,4940519464542268,0,0,False
scale_8_group,-1,1,1,"[2, 2, 2, 2]",1,False,False,4940519475780217,4940519478925147,18874368,3.104383945465088,False
two_pair_2_3,-1,1,1,"[0, 0, 1, 1]",1,False,False,4940519489405054,4940519489467862,0,0,False
concurrency_4_group,-1,1,1,"[3, 4, 3, 4]",4,False,False,4940519501585333,4940519507096871,37748736,5.414752006530762,False
two_single_2,-1,1,1,"[0, 0, 2, 0]",1,False,False,4940519517648395,4940519517711931,0,0,False
scale_50_rank,-1,1,1,"[13, 13, 12, 12]",1,False,False,4940519529839013,4940519549925300,122683392,20.04697608947754,False
scale_8_rank,-1,1,1,"[2, 2, 2, 2]",1,False,False,4940519560999968,4940519564167516,18874368,3.119488000869751,False
remote_3,-1,1,1,"[1, 0, 1, 0]",1,True,False,4940519574661288,4940519574726736,0,0,False
two_single_3,-1,1,1,"[0, 0, 0, 2]",1,False,False,4940519585943701,4940519586005640,0,0,False
remote_2,-1,1,1,"[1, 1, 0, 0]",1,True,False,4940519598062509,4940519599729278,9437184,1.5917119979858398,False
scale_4_group,-1,1,1,"[1, 1, 1, 1]",1,False,False,4940519610224955,4940519611859689,9437184,1.5822720527648926,False
two_pair_1_2,-1,1,1,"[0, 1, 1, 0]",1,False,False,4940519622296195,4940519623161540,9437184,0.8169280290603638,False
scale_62_group,-1,1,1,"[15, 16, 15, 16]",1,False,False,4940519633546180,4940519657451419,150994944,23.85126495361328,False
scale_10_group,-1,1,1,"[2, 3, 2, 3]",1,False,False,4940519668641232,4940519672605463,28311552,3.8986239433288574,False
scale_10_rank,-1,1,1,"[3, 3, 2, 2]",1,False,False,4940519683073129,4940519687787316,28311552,4.65561580657959,False
scale_2_rank,-1,1,1,"[1, 1, 0, 0]",1,False,False,4940519698212914,4940519699844738,9437184,1.5800960063934326,False
remote_0,-1,1,1,"[2, 2, 1, 1]",1,True,False,4940519710239745,4940519713399981,18874368,3.1116158962249756,False
concurrency_4_rank,-1,1,1,"[4, 4, 3, 3]",4,False,False,4940519723768288,4940519730052270,37748736,6.179264068603516,False
scale_14_group,-1,1,1,"[3, 4, 3, 4]",1,False,False,4940519740456506,4940519745915543,37748736,5.415808200836182,False
two_single_1,-1,1,1,"[0, 2, 0, 0]",1,False,False,4940519756425005,4940519758046800,18874368,1.5790079832077026,False
concurrency_2_group,-1,1,1,"[3, 4, 3, 4]",2,False,False,4940519768413661,4940519773892691,37748736,5.4159040451049805,False
scale_62_rank,-1,1,1,"[16, 16, 15, 15]",1,False,False,4940519784298479,4940519808990136,150994944,24.645536422729492,False
scale_14_rank,-1,1,1,"[4, 4, 3, 3]",1,False,False,4940519820143056,4940519826370409,37748736,6.182464122772217,False
concurrency_2_rank,-1,1,1,"[4, 4, 3, 3]",2,False,False,4940519836773153,4940519843009382,37748736,6.171743869781494,False
scale_2_group,-1,1,1,"[0, 1, 0, 1]",1,False,False,4940519853380099,4940519854245934,9437184,0.8158079981803894,False
two_single_2,0,1,1,"[0, 0, 2, 0]",1,False,False,4940519864857191,4940519864931834,0,0,False
six_1,0,1,1,"[1, 2, 1, 2]",1,False,False,4940519877032588,4940519879469193,18874368,2.3653759956359863,False
scale_14_rank,0,1,1,"[4, 4, 3, 3]",1,False,False,4940519889743939,4940519895972716,37748736,6.178463935852051,False
six_0,0,1,1,"[2, 2, 1, 1]",1,False,False,4940519906246373,4940519909385200,18874368,3.0927679538726807,False
concurrency_2_rank,0,1,1,"[4, 4, 3, 3]",2,False,False,4940519919677059,4940519925669419,37748736,5.923488140106201,False
concurrency_4_rank,0,1,1,"[4, 4, 3, 3]",4,False,False,4940519936203899,4940519942503831,37748736,6.178847789764404,False
two_pair_0_3,0,1,1,"[1, 0, 0, 1]",1,False,False,4940519952843579,4940519952903870,0,0,False
scale_6_group,0,1,1,"[1, 2, 1, 2]",1,False,False,4940519963973307,4940519966355278,18874368,2.3450241088867188,False
scale_2_group,0,1,1,"[0, 1, 0, 1]",1,False,False,4940519976651649,4940519977499043,9437184,0.8068159818649292,False
scale_62_rank,0,1,1,"[16, 16, 15, 15]",1,False,False,4940519987760923,4940520012446652,150994944,24.636159896850586,False
scale_50_group,0,1,1,"[12, 13, 12, 13]",1,False,False,4940520022804212,4940520042132059,122683392,19.238752365112305,False
scale_8_rank,0,1,1,"[2, 2, 2, 2]",1,False,False,4940520052626396,4940520055792514,18874368,3.10479998588562,False
concurrency_2_group,0,1,1,"[3, 4, 3, 4]",2,False,False,4940520066115225,4940520071609841,37748736,5.433663845062256,False
two_single_3,0,1,1,"[0, 0, 0, 2]",1,False,False,4940520081932628,4940520081995387,0,0,False
remote_2,0,1,1,"[1, 1, 0, 0]",1,True,False,4940520094077071,4940520095717709,9437184,1.5805120468139648,False
two_pair_1_2,0,1,1,"[0, 1, 1, 0]",1,False,False,4940520106091118,4940520106935367,9437184,0.8071039915084839,False
remote_1,0,1,1,"[1, 2, 1, 2]",1,True,False,4940520117268071,4940520119646852,18874368,2.342207908630371,False
two_pair_2_3,0,1,1,"[0, 0, 1, 1]",1,False,False,4940520129968848,4940520130024766,0,0,False
six_2,0,1,1,"[2, 1, 2, 1]",1,False,False,4940520142057844,4940520143667660,9437184,1.5602879524230957,False
scale_4_group,0,1,1,"[1, 1, 1, 1]",1,False,False,4940520154708438,4940520156374355,9437184,1.589184045791626,False
six_3,0,1,1,"[1, 1, 2, 2]",1,False,False,4940520166698808,4940520168336388,9437184,1.5830399990081787,False
scale_4_rank,0,1,1,"[1, 1, 1, 1]",1,False,False,4940520180293681,4940520181976362,9437184,1.5966720581054688,False
scale_6_rank,0,1,1,"[2, 2, 1, 1]",1,False,False,4940520192306484,4940520195465553,18874368,3.109312057495117,False
concurrency_4_group,0,1,1,"[3, 4, 3, 4]",4,False,False,4940520205901507,4940520211442502,37748736,5.433663845062256,False
two_pair_0_1,0,1,1,"[1, 1, 0, 0]",1,False,False,4940520221814300,4940520223433991,9437184,1.571295976638794,False
scale_2_rank,0,1,1,"[1, 1, 0, 0]",1,False,False,4940520233814418,4940520235432930,9437184,1.5728319883346558,False
scale_50_rank,0,1,1,"[13, 13, 12, 12]",1,False,False,4940520245751493,4940520265785267,122683392,19.991071701049805,False
scale_10_rank,0,1,1,"[3, 3, 2, 2]",1,False,False,4940520276165659,4940520280876766,28311552,4.666016101837158,False
two_single_1,0,1,1,"[0, 2, 0, 0]",1,False,False,4940520291194950,4940520292821226,18874368,1.580575942993164,False
remote_3,0,1,1,"[1, 0, 1, 0]",1,True,False,4940520303095671,4940520303162478,0,0,False
scale_62_group,0,1,1,"[15, 16, 15, 16]",1,False,False,4940520314303541,4940520338191731,150994944,23.84569549560547,False
scale_14_group,0,1,1,"[3, 4, 3, 4]",1,False,False,4940520348543181,4940520354006843,37748736,5.420447826385498,False
scale_8_group,0,1,1,"[2, 2, 2, 2]",1,False,False,4940520364380794,4940520367535926,18874368,3.1090879440307617,False
remote_0,0,1,1,"[2, 2, 1, 1]",1,True,False,4940520377914539,4940520381070588,18874368,3.109855890274048,False
scale_10_group,0,1,1,"[2, 3, 2, 3]",1,False,False,4940520391444656,4940520395374811,28311552,3.88918399810791,False
two_pair_1_3,0,1,1,"[0, 1, 0, 1]",1,False,False,4940520405703447,4940520406562453,9437184,0.8113600015640259,False
two_single_0,0,1,1,"[2, 0, 0, 0]",1,False,False,4940520416847308,4940520416925758,0,0,False
two_pair_0_2,0,1,1,"[1, 0, 1, 0]",1,False,False,4940520428678168,4940520428740352,0,0,False
six_1,1,1,1,"[1, 2, 1, 2]",1,False,False,4940520439987418,4940520442389562,18874368,2.353760004043579,False
concurrency_4_rank,1,1,1,"[4, 4, 3, 3]",4,False,False,4940520452694776,4940520458962949,37748736,6.166431903839111,False
scale_6_group,1,1,1,"[1, 2, 1, 2]",1,False,False,4940520469315404,4940520471703739,18874368,2.3445119857788086,False
scale_10_rank,1,1,1,"[3, 3, 2, 2]",1,False,False,4940520482121243,4940520486814331,28311552,4.646656036376953,False
concurrency_2_rank,1,1,1,"[4, 4, 3, 3]",2,False,False,4940520497220588,4940520503477349,37748736,6.190624237060547,False
six_0,1,1,1,"[2, 2, 1, 1]",1,False,False,4940520513882513,4940520517032934,18874368,3.1048319339752197,False
scale_2_group,1,1,1,"[0, 1, 0, 1]",1,False,False,4940520527384132,4940520528239750,9437184,0.8099520206451416,False
two_pair_0_2,1,1,1,"[1, 0, 1, 0]",1,False,False,4940520538513112,4940520538572093,0,0,False
two_single_2,1,1,1,"[0, 0, 2, 0]",1,False,False,4940520549711009,4940520549767446,0,0,False
two_single_0,1,1,1,"[2, 0, 0, 0]",1,False,False,4940520561758706,4940520561811453,0,0,False
two_pair_1_3,1,1,1,"[0, 1, 0, 1]",1,False,False,4940520573712682,4940520574589859,9437184,0.8178240060806274,False
two_single_1,1,1,1,"[0, 2, 0, 0]",1,False,False,4940520585078204,4940520586696174,18874368,1.5782400369644165,False
six_2,1,1,1,"[2, 1, 2, 1]",1,False,False,4940520597142933,4940520598738056,9437184,1.552575945854187,False
scale_10_group,1,1,1,"[2, 3, 2, 3]",1,False,False,4940520609842002,4940520613753442,28311552,3.87555193901062,False
remote_2,1,1,1,"[1, 1, 0, 0]",1,True,False,4940520624061595,4940520625658863,9437184,1.558143973350525,False
scale_8_rank,1,1,1,"[2, 2, 2, 2]",1,False,False,4940520635994678,4940520639123640,18874368,3.0869760513305664,False
remote_0,1,1,1,"[2, 2, 1, 1]",1,True,False,4940520649513933,4940520652658406,18874368,3.1006081104278564,False
two_single_3,1,1,1,"[0, 0, 0, 2]",1,False,False,4940520662943718,4940520663013545,0,0,False
scale_2_rank,1,1,1,"[1, 1, 0, 0]",1,False,False,4940520674841717,4940520676445922,9437184,1.5584319829940796,False
scale_50_group,1,1,1,"[12, 13, 12, 13]",1,False,False,4940520686734723,4940520706008237,122683392,19.23289680480957,False
concurrency_2_group,1,1,1,"[3, 4, 3, 4]",2,False,False,4940520716412782,4940520721896203,37748736,5.420608043670654,False
six_3,1,1,1,"[1, 1, 2, 2]",1,False,False,4940520732288972,4940520733910017,9437184,1.572991967201233,False
remote_1,1,1,1,"[1, 2, 1, 2]",1,True,False,4940520745969093,4940520748396656,18874368,2.3560640811920166,False
two_pair_2_3,1,1,1,"[0, 0, 1, 1]",1,False,False,4940520758692933,4940520758757655,0,0,False
scale_62_rank,1,1,1,"[16, 16, 15, 15]",1,False,False,4940520770586830,4940520795249991,150994944,24.619455337524414,False
two_pair_0_1,1,1,1,"[1, 1, 0, 0]",1,False,False,4940520805544180,4940520807161895,9437184,1.5711679458618164,False
remote_3,1,1,1,"[1, 0, 1, 0]",1,True,False,4940520817479159,4940520817538009,0,0,False
scale_14_group,1,1,1,"[3, 4, 3, 4]",1,False,False,4940520828685746,4940520834151294,37748736,5.429664134979248,False
concurrency_4_group,1,1,1,"[3, 4, 3, 4]",4,False,False,4940520844455329,4940520849976282,37748736,5.425216197967529,False
scale_50_rank,1,1,1,"[13, 13, 12, 12]",1,False,False,4940520860283600,4940520880339224,122683392,19.02444839477539,False
scale_4_rank,1,1,1,"[1, 1, 1, 1]",1,False,False,4940520890682748,4940520892303800,9437184,1.5752320289611816,False
two_pair_1_2,1,1,1,"[0, 1, 1, 0]",1,False,False,4940520902597303,4940520903446611,9437184,0.8108479976654053,False
scale_8_group,1,1,1,"[2, 2, 2, 2]",1,False,False,4940520913763732,4940520916912050,18874368,3.1068480014801025,False
two_pair_0_3,1,1,1,"[1, 0, 0, 1]",1,False,False,4940520927199015,4940520927263764,0,0,False
scale_14_rank,1,1,1,"[4, 4, 3, 3]",1,False,False,4940520938324528,4940520944546080,37748736,6.178271770477295,False
scale_6_rank,1,1,1,"[2, 2, 1, 1]",1,False,False,4940520954823028,4940520957964717,18874368,3.0992319583892822,False
scale_62_group,1,1,1,"[15, 16, 15, 16]",1,False,False,4940520968365195,4940520992244124,150994944,23.83964729309082,False
scale_4_group,1,1,1,"[1, 1, 1, 1]",1,False,False,4940521002551432,4940521004158037,9437184,1.5631359815597534,False
scale_8_rank,2,1,1,"[2, 2, 2, 2]",1,False,False,4940521014533299,4940521017691991,18874368,3.113663911819458,False
scale_10_group,2,1,1,"[2, 3, 2, 3]",1,False,False,4940521028023194,4940521031943181,28311552,3.8792641162872314,False
two_pair_1_2,2,1,1,"[0, 1, 1, 0]",1,False,False,4940521042268536,4940521043117633,9437184,0.8076800107955933,False
remote_0,2,1,1,"[2, 2, 1, 1]",1,True,False,4940521053404979,4940521056554239,18874368,3.1054720878601074,False
six_0,2,1,1,"[2, 2, 1, 1]",1,False,False,4940521066881634,4940521070019936,18874368,3.097248077392578,False
scale_8_group,2,1,1,"[2, 2, 2, 2]",1,False,False,4940521080350278,4940521083489602,18874368,3.0985279083251953,False
scale_4_group,2,1,1,"[1, 1, 1, 1]",1,False,False,4940521093883663,4940521095495064,9437184,1.5638079643249512,False
concurrency_2_rank,2,1,1,"[4, 4, 3, 3]",2,False,False,4940521105855169,4940521112098952,37748736,6.1756157875061035,False
two_single_2,2,1,1,"[0, 0, 2, 0]",1,False,False,4940521122360478,4940521122418345,0,0,False
six_1,2,1,1,"[1, 2, 1, 2]",1,False,False,4940521134297641,4940521136691605,18874368,2.334912061691284,False
remote_1,2,1,1,"[1, 2, 1, 2]",1,True,False,4940521146977146,4940521149360456,18874368,2.3438398838043213,False
two_pair_0_2,2,1,1,"[1, 0, 1, 0]",1,False,False,4940521159662030,4940521159723582,0,0,False
six_2,2,1,1,"[2, 1, 2, 1]",1,False,False,4940521170805282,4940521172441673,9437184,1.5846079587936401,False
scale_4_rank,2,1,1,"[1, 1, 1, 1]",1,False,False,4940521183519136,4940521185143496,9437184,1.5786880254745483,False
scale_6_group,2,1,1,"[1, 2, 1, 2]",1,False,False,4940521195496295,4940521197874869,18874368,2.340480089187622,False
scale_50_group,2,1,1,"[12, 13, 12, 13]",1,False,False,4940521208173562,4940521227458920,122683392,19.244863510131836,False
two_single_0,2,1,1,"[2, 0, 0, 0]",1,False,False,4940521237808741,4940521237867458,0,0,False
scale_50_rank,2,1,1,"[13, 13, 12, 12]",1,False,False,4940521249726692,4940521269774560,122683392,19.988704681396484,False
scale_2_group,2,1,1,"[0, 1, 0, 1]",1,False,False,4940521280197597,4940521281051850,9437184,0.810912013053894,False
remote_3,2,1,1,"[1, 0, 1, 0]",1,True,False,4940521291412294,4940521291470701,0,0,False
two_single_1,2,1,1,"[0, 2, 0, 0]",1,False,False,4940521302548824,4940521304163030,18874368,1.578495979309082,False
scale_2_rank,2,1,1,"[1, 1, 0, 0]",1,False,False,4940521314435289,4940521315999618,9437184,1.523136019706726,False
two_pair_1_3,2,1,1,"[0, 1, 0, 1]",1,False,False,4940521326301513,4940521327146988,9437184,0.8080000281333923,False
two_pair_0_1,2,1,1,"[1, 1, 0, 0]",1,False,False,4940521337497882,4940521339101742,9437184,1.5589439868927002,False
concurrency_4_group,2,1,1,"[3, 4, 3, 4]",4,False,False,4940521349377075,4940521354891205,37748736,5.416543960571289,False
scale_6_rank,2,1,1,"[2, 2, 1, 1]",1,False,False,4940521365237385,4940521368398692,18874368,3.113312005996704,False
remote_2,2,1,1,"[1, 1, 0, 0]",1,True,False,4940521378703182,4940521380337881,9437184,1.5810879468917847,False
concurrency_4_rank,2,1,1,"[4, 4, 3, 3]",4,False,False,4940521390605626,4940521396905569,37748736,6.198336124420166,False
scale_14_rank,2,1,1,"[4, 4, 3, 3]",1,False,False,4940521407188640,4940521413419938,37748736,5.957344055175781,False
scale_62_rank,2,1,1,"[16, 16, 15, 15]",1,False,False,4940521423913889,4940521448634367,150994944,24.673120498657227,False
six_3,2,1,1,"[1, 1, 2, 2]",1,False,False,4940521458932247,4940521460567051,9437184,1.5850239992141724,False
scale_10_rank,2,1,1,"[3, 3, 2, 2]",1,False,False,4940521472598898,4940521477316375,28311552,4.658495903015137,False
two_pair_2_3,2,1,1,"[0, 0, 1, 1]",1,False,False,4940521487762564,4940521487827588,0,0,False
scale_14_group,2,1,1,"[3, 4, 3, 4]",1,False,False,4940521499905522,4940521505383092,37748736,5.422304153442383,False
two_single_3,2,1,1,"[0, 0, 0, 2]",1,False,False,4940521515677412,4940521515736318,0,0,False
concurrency_2_group,2,1,1,"[3, 4, 3, 4]",2,False,False,4940521527768274,4940521533263171,37748736,5.4139838218688965,False
two_pair_0_3,2,1,1,"[1, 0, 0, 1]",1,False,False,4940521543644151,4940521543705361,0,0,False
scale_62_group,2,1,1,"[15, 16, 15, 16]",1,False,False,4940521554848422,4940521578746669,150994944,23.858144760131836,False
scale_10_rank,3,1,1,"[3, 3, 2, 2]",1,False,False,4940521589666939,4940521594356661,28311552,4.643680095672607,False
two_pair_0_3,3,1,1,"[1, 0, 0, 1]",1,False,False,4940521604625975,4940521604688492,0,0,False
scale_2_rank,3,1,1,"[1, 1, 0, 0]",1,False,False,4940521615811970,4940521617428663,9437184,1.5753920078277588,False
six_3,3,1,1,"[1, 1, 2, 2]",1,False,False,4940521627817921,4940521629427800,9437184,1.5694719552993774,False
scale_50_group,3,1,1,"[12, 13, 12, 13]",1,False,False,4940521641444533,4940521660731595,122683392,19.226879119873047,False
two_single_2,3,1,1,"[0, 0, 2, 0]",1,False,False,4940521671110973,4940521671183244,0,0,False
concurrency_2_group,3,1,1,"[3, 4, 3, 4]",2,False,False,4940521683086277,4940521688588313,37748736,5.433216094970703,False
scale_4_group,3,1,1,"[1, 1, 1, 1]",1,False,False,4940521698913824,4940521700556813,9437184,1.5868799686431885,False
six_0,3,1,1,"[2, 2, 1, 1]",1,False,False,4940521710892840,4940521714041815,18874368,3.104032039642334,False
two_pair_0_2,3,1,1,"[1, 0, 1, 0]",1,False,False,4940521724344114,4940521724402505,0,0,False
remote_1,3,1,1,"[1, 2, 1, 2]",1,True,False,4940521735480103,4940521737868095,18874368,2.3521599769592285,False
remote_0,3,1,1,"[2, 2, 1, 1]",1,True,False,4940521748234051,4940521751378873,18874368,3.102911949157715,False
scale_14_rank,3,1,1,"[4, 4, 3, 3]",1,False,False,4940521761720753,4940521767929250,37748736,6.167391777038574,False
concurrency_2_rank,3,1,1,"[4, 4, 3, 3]",2,False,False,4940521778284312,4940521784528260,37748736,6.176864147186279,False
scale_4_rank,3,1,1,"[1, 1, 1, 1]",1,False,False,4940521794791769,4940521796401495,9437184,1.564255952835083,False
two_pair_2_3,3,1,1,"[0, 0, 1, 1]",1,False,False,4940521806712366,4940521806772868,0,0,False
six_2,3,1,1,"[2, 1, 2, 1]",1,False,False,4940521818685254,4940521820312844,9437184,1.5781439542770386,False
two_single_3,3,1,1,"[0, 0, 0, 2]",1,False,False,4940521831367630,4940521831428117,0,0,False
two_single_0,3,1,1,"[2, 0, 0, 0]",1,False,False,4940521843474349,4940521843554953,0,0,False
remote_3,3,1,1,"[1, 0, 1, 0]",1,True,False,4940521855371740,4940521855450341,0,0,False
scale_50_rank,3,1,1,"[13, 13, 12, 12]",1,False,False,4940521866532864,4940521886600317,122683392,20.02886390686035,False
scale_10_group,3,1,1,"[2, 3, 2, 3]",1,False,False,4940521896927508,4940521900860229,28311552,3.8934080600738525,False
remote_2,3,1,1,"[1, 1, 0, 0]",1,True,False,4940521911218074,4940521912817385,9437184,1.5592319965362549,False
two_pair_1_3,3,1,1,"[0, 1, 0, 1]",1,False,False,4940521923095476,4940521923939097,9437184,0.8067839741706848,False
scale_6_rank,3,1,1,"[2, 2, 1, 1]",1,False,False,4940521934264755,4940521937412586,18874368,3.105247974395752,False
six_1,3,1,1,"[1, 2, 1, 2]",1,False,False,4940521947730368,4940521950108587,18874368,2.340672016143799,False
scale_8_rank,3,1,1,"[2, 2, 2, 2]",1,False,False,4940521960493968,4940521963640316,18874368,3.1062400341033936,False
scale_62_group,3,1,1,"[15, 16, 15, 16]",1,False,False,4940521974039287,4940521997926653,150994944,23.8504638671875,False
scale_62_rank,3,1,1,"[16, 16, 15, 15]",1,False,False,4940522008287811,4940522032967173,150994944,24.63408088684082,False
two_pair_0_1,3,1,1,"[1, 1, 0, 0]",1,False,False,4940522043276047,4940522044892356,9437184,1.5732799768447876,False
concurrency_4_group,3,1,1,"[3, 4, 3, 4]",4,False,False,4940522055231564,4940522060756362,37748736,5.418848037719727,False
two_single_1,3,1,1,"[0, 2, 0, 0]",1,False,False,4940522071063162,4940522072684417,18874368,1.5803840160369873,False
scale_2_group,3,1,1,"[0, 1, 0, 1]",1,False,False,4940522083060986,4940522083912099,9437184,0.8093439936637878,False
scale_6_group,3,1,1,"[1, 2, 1, 2]",1,False,False,4940522094305824,4940522096696687,18874368,2.3452799320220947,False
two_pair_1_2,3,1,1,"[0, 1, 1, 0]",1,False,False,4940522106994238,4940522107842267,9437184,0.8073920011520386,False
scale_8_group,3,1,1,"[2, 2, 2, 2]",1,False,False,4940522118251538,4940522121397226,18874368,3.105600118637085,False
concurrency_4_rank,3,1,1,"[4, 4, 3, 3]",4,False,False,4940522131859175,4940522138142042,37748736,6.1906561851501465,False
scale_14_group,3,1,1,"[3, 4, 3, 4]",1,False,False,4940522148504010,4940522153978686,37748736,5.407008171081543,False
scale_62_rank,4,1,1,"[16, 16, 15, 15]",1,False,False,4940522164373249,4940522189051188,150994944,24.59267234802246,False
scale_6_group,4,1,1,"[1, 2, 1, 2]",1,False,False,4940522199481556,4940522201903425,18874368,2.361311912536621,False
scale_62_group,4,1,1,"[15, 16, 15, 16]",1,False,False,4940522212414686,4940522236315783,150994944,23.855968475341797,False
scale_8_rank,4,1,1,"[2, 2, 2, 2]",1,False,False,4940522246649498,4940522249803377,18874368,3.1149439811706543,False
two_single_2,4,1,1,"[0, 0, 2, 0]",1,False,False,4940522260267777,4940522260325683,0,0,False
scale_2_rank,4,1,1,"[1, 1, 0, 0]",1,False,False,4940522272352295,4940522273973580,9437184,1.5553920269012451,False
remote_0,4,1,1,"[2, 2, 1, 1]",1,True,False,4940522284417325,4940522287565931,18874368,3.103584051132202,False
two_pair_0_1,4,1,1,"[1, 1, 0, 0]",1,False,False,4940522298029571,4940522299634169,9437184,1.562175989151001,False
six_2,4,1,1,"[2, 1, 2, 1]",1,False,False,4940522310076678,4940522311688611,9437184,1.5679359436035156,False
two_pair_0_2,4,1,1,"[1, 0, 1, 0]",1,False,False,4940522322789090,4940522322851574,0,0,False
scale_2_group,4,1,1,"[0, 1, 0, 1]",1,False,False,4940522333987100,4940522334830533,9437184,0.8088639974594116,False
concurrency_2_rank,4,1,1,"[4, 4, 3, 3]",2,False,False,4940522345185424,4940522351429940,37748736,6.179935932159424,False
scale_50_rank,4,1,1,"[13, 13, 12, 12]",1,False,False,4940522361854153,4940522381893560,122683392,19.99283218383789,False
concurrency_2_group,4,1,1,"[3, 4, 3, 4]",2,False,False,4940522392298229,4940522397777608,37748736,5.415616035461426,False
six_1,4,1,1,"[1, 2, 1, 2]",1,False,False,4940522408181859,4940522410566850,18874368,2.3415679931640625,False
remote_3,4,1,1,"[1, 0, 1, 0]",1,True,False,4940522420965992,4940522421024004,0,0,False
scale_6_rank,4,1,1,"[2, 2, 1, 1]",1,False,False,4940522432205664,4940522435348114,18874368,3.1005120277404785,False
scale_10_group,4,1,1,"[2, 3, 2, 3]",1,False,False,4940522445682185,4940522449608999,28311552,3.8828799724578857,False
two_single_0,4,1,1,"[2, 0, 0, 0]",1,False,False,4940522460141765,4940522460207933,0,0,False
concurrency_4_group,4,1,1,"[3, 4, 3, 4]",4,False,False,4940522472285392,4940522477802968,37748736,5.420383930206299,False
scale_4_rank,4,1,1,"[1, 1, 1, 1]",1,False,False,4940522488172441,4940522489780404,9437184,1.5647039413452148,False
six_0,4,1,1,"[2, 2, 1, 1]",1,False,False,4940522500173642,4940522503312550,18874368,3.098112106323242,False
remote_2,4,1,1,"[1, 1, 0, 0]",1,True,False,4940522513723080,4940522515333683,9437184,1.5680320262908936,False
scale_4_group,4,1,1,"[1, 1, 1, 1]",1,False,False,4940522525693976,4940522527301893,9437184,1.56876802444458,False
two_single_1,4,1,1,"[0, 2, 0, 0]",1,False,False,4940522537735585,4940522539352155,18874368,1.579360008239746,False
two_pair_2_3,4,1,1,"[0, 0, 1, 1]",1,False,False,4940522549672585,4940522549730323,0,0,False
remote_1,4,1,1,"[1, 2, 1, 2]",1,True,False,4940522561772364,4940522564150615,18874368,2.3426880836486816,False
two_pair_1_2,4,1,1,"[0, 1, 1, 0]",1,False,False,4940522574496929,4940522575342118,9437184,0.8076800107955933,False
scale_10_rank,4,1,1,"[3, 3, 2, 2]",1,False,False,4940522585696012,4940522590368318,28311552,4.631807804107666,False
two_pair_0_3,4,1,1,"[1, 0, 0, 1]",1,False,False,4940522600828086,4940522600887158,0,0,False
six_3,4,1,1,"[1, 1, 2, 2]",1,False,False,4940522612061977,4940522613676411,9437184,1.5696320533752441,False
two_pair_1_3,4,1,1,"[0, 1, 0, 1]",1,False,False,4940522625733907,4940522626617595,9437184,0.8170560002326965,False
two_single_3,4,1,1,"[0, 0, 0, 2]",1,False,False,4940522636930270,4940522636991744,0,0,False
scale_8_group,4,1,1,"[2, 2, 2, 2]",1,False,False,4940522649056012,4940522652249496,18874368,3.1267518997192383,False
scale_50_group,4,1,1,"[12, 13, 12, 13]",1,False,False,4940522662614242,4940522681910608,122683392,19.24345588684082,False
scale_14_group,4,1,1,"[3, 4, 3, 4]",1,False,False,4940522692335649,4940522697815432,37748736,5.429312229156494,False
concurrency_4_rank,4,1,1,"[4, 4, 3, 3]",4,False,False,4940522708162434,4940522714458420,37748736,6.195231914520264,False
scale_14_rank,4,1,1,"[4, 4, 3, 3]",1,False,False,4940522724846986,4940522731075784,37748736,6.181983947753906,False
scale_8_rank,5,1,1,"[2, 2, 2, 2]",1,False,False,4940522741536258,4940522744689858,18874368,3.1094720363616943,False
scale_10_rank,5,1,1,"[3, 3, 2, 2]",1,False,False,4940522755093933,4940522759788499,28311552,4.640768051147461,False
scale_2_rank,5,1,1,"[1, 1, 0, 0]",1,False,False,4940522770239641,4940522771849442,9437184,1.5648959875106812,False
two_pair_0_2,5,1,1,"[1, 0, 1, 0]",1,False,False,4940522782202854,4940522782266619,0,0,False
scale_10_group,5,1,1,"[2, 3, 2, 3]",1,False,False,4940522793403630,4940522797327474,28311552,3.883359909057617,False
remote_3,5,1,1,"[1, 0, 1, 0]",1,True,False,4940522807684944,4940522807753450,0,0,False
scale_6_rank,5,1,1,"[2, 2, 1, 1]",1,False,False,4940522818892669,4940522822058344,18874368,3.119231939315796,False
scale_4_rank,5,1,1,"[1, 1, 1, 1]",1,False,False,4940522832481156,4940522834102698,9437184,1.5767359733581543,False
scale_14_rank,5,1,1,"[4, 4, 3, 3]",1,False,False,4940522844461225,4940522850697951,37748736,6.188064098358154,False
six_2,5,1,1,"[2, 1, 2, 1]",1,False,False,4940522861124612,4940522862768147,9437184,1.5848000049591064,False
concurrency_2_rank,5,1,1,"[4, 4, 3, 3]",2,False,False,4940522873913193,4940522880186325,37748736,6.20249605178833,False
scale_62_group,5,1,1,"[15, 16, 15, 16]",1,False,False,4940522890528098,4940522914469257,150994944,23.890016555786133,False
concurrency_4_group,5,1,1,"[3, 4, 3, 4]",4,False,False,4940522924848779,4940522930403590,37748736,5.442495822906494,False
scale_2_group,5,1,1,"[0, 1, 0, 1]",1,False,False,4940522940769070,4940522941649741,9437184,0.8240640163421631,False
scale_4_group,5,1,1,"[1, 1, 1, 1]",1,False,False,4940522951955013,4940522953574085,9437184,1.5708160400390625,False
two_pair_2_3,5,1,1,"[0, 0, 1, 1]",1,False,False,4940522963886746,4940522963944392,0,0,False
six_1,5,1,1,"[1, 2, 1, 2]",1,False,False,4940522975812457,4940522978212215,18874368,2.353951930999756,False
scale_8_group,5,1,1,"[2, 2, 2, 2]",1,False,False,4940522988535820,4940522991679216,18874368,3.0918400287628174,False
two_pair_1_3,5,1,1,"[0, 1, 0, 1]",1,False,False,4940523002072558,4940523002933823,9437184,0.8140159845352173,False
two_pair_0_1,5,1,1,"[1, 1, 0, 0]",1,False,False,4940523013220551,4940523014845107,9437184,1.5734399557113647,False
scale_14_group,5,1,1,"[3, 4, 3, 4]",1,False,False,4940523025276998,4940523030733150,37748736,5.415167808532715,False
two_single_3,5,1,1,"[0, 0, 0, 2]",1,False,False,4940523041115393,4940523041175027,0,0,False
two_single_0,5,1,1,"[2, 0, 0, 0]",1,False,False,4940523053235070,4940523053315526,0,0,False
scale_6_group,5,1,1,"[1, 2, 1, 2]",1,False,False,4940523065246427,4940523067637739,18874368,2.356287956237793,False
concurrency_4_rank,5,1,1,"[4, 4, 3, 3]",4,False,False,4940523077966212,4940523084254330,37748736,6.191967964172363,False
two_single_1,5,1,1,"[0, 2, 0, 0]",1,False,False,4940523094595634,4940523096210732,18874368,1.5777599811553955,False
six_0,5,1,1,"[2, 2, 1, 1]",1,False,False,4940523106481450,4940523109622804,18874368,3.101855993270874,False
six_3,5,1,1,"[1, 1, 2, 2]",1,False,False,4940523120371962,4940523121905091,9437184,1.4895999431610107,False
remote_1,5,1,1,"[1, 2, 1, 2]",1,True,False,4940523133977388,4940523136363879,18874368,2.3496639728546143,False
two_pair_1_2,5,1,1,"[0, 1, 1, 0]",1,False,False,4940523146610458,4940523147456685,9437184,0.808351993560791,False
two_single_2,5,1,1,"[0, 0, 2, 0]",1,False,False,4940523157806433,4940523157864779,0,0,False
remote_0,5,1,1,"[2, 2, 1, 1]",1,True,False,4940523169879961,4940523173007634,18874368,3.0848000049591064,False
scale_62_rank,5,1,1,"[16, 16, 15, 15]",1,False,False,4940523183358783,4940523208053574,150994944,24.608640670776367,False
concurrency_2_group,5,1,1,"[3, 4, 3, 4]",2,False,False,4940523218776386,4940523224278668,37748736,5.40012788772583,False
scale_50_group,5,1,1,"[12, 13, 12, 13]",1,False,False,4940523234730638,4940523254026523,122683392,19.245023727416992,False
two_pair_0_3,5,1,1,"[1, 0, 0, 1]",1,False,False,4940523264469423,4940523264537096,0,0,False
scale_50_rank,5,1,1,"[13, 13, 12, 12]",1,False,False,4940523275715245,4940523295801935,122683392,20.034528732299805,False
remote_2,5,1,1,"[1, 1, 0, 0]",1,True,False,4940523306243163,4940523307876765,9437184,1.5861120223999023,False
scale_62_group,6,1,1,"[15, 16, 15, 16]",1,False,False,4940523318293934,4940523342226709,150994944,23.881792068481445,False
two_pair_2_3,6,1,1,"[0, 0, 1, 1]",1,False,False,4940523352662832,4940523352736036,0,0,False
two_single_3,6,1,1,"[0, 0, 0, 2]",1,False,False,4940523364829422,4940523364887900,0,0,False
two_single_0,6,1,1,"[2, 0, 0, 0]",1,False,False,4940523377053046,4940523377147329,0,0,False
six_0,6,1,1,"[2, 2, 1, 1]",1,False,False,4940523389137933,4940523392308825,18874368,3.127455949783325,False
scale_6_group,6,1,1,"[1, 2, 1, 2]",1,False,False,4940523402611800,4940523405008355,18874368,2.349695920944214,False
scale_2_group,6,1,1,"[0, 1, 0, 1]",1,False,False,4940523415600776,4940523416449899,9437184,0.8095359802246094,False
remote_1,6,1,1,"[1, 2, 1, 2]",1,True,False,4940523426764091,4940523429145741,18874368,2.343679904937744,False
scale_62_rank,6,1,1,"[16, 16, 15, 15]",1,False,False,4940523439679098,4940523464354127,150994944,24.61142349243164,False
two_pair_1_2,6,1,1,"[0, 1, 1, 0]",1,False,False,4940523474751166,4940523475607243,9437184,0.8128640055656433,False
concurrency_4_rank,6,1,1,"[4, 4, 3, 3]",4,False,False,4940523485956329,4940523492253427,37748736,6.182464122772217,False
scale_50_group,6,1,1,"[12, 13, 12, 13]",1,False,False,4940523502618569,4940523521931449,122683392,19.26246452331543,False
scale_2_rank,6,1,1,"[1, 1, 0, 0]",1,False,False,4940523532447322,4940523534055659,9437184,1.5607359409332275,False
remote_0,6,1,1,"[2, 2, 1, 1]",1,True,False,4940523544437543,4940523547600757,18874368,3.123392105102539,False
remote_3,6,1,1,"[1, 0, 1, 0]",1,True,False,4940523557910029,4940523557973935,0,0,False
scale_50_rank,6,1,1,"[13, 13, 12, 12]",1,False,False,4940523569119039,4940523589191858,122683392,20.030399322509766,False
two_single_1,6,1,1,"[0, 2, 0, 0]",1,False,False,4940523599593660,4940523601222248,18874368,1.5863360166549683,False
scale_4_rank,6,1,1,"[1, 1, 1, 1]",1,False,False,4940523611640576,4940523613230398,9437184,1.5427520275115967,False
scale_4_group,6,1,1,"[1, 1, 1, 1]",1,False,False,4940523623625543,4940523625262732,9437184,1.587007999420166,False
concurrency_2_rank,6,1,1,"[4, 4, 3, 3]",2,False,False,4940523635636202,4940523641902996,37748736,6.200128078460693,False
scale_8_group,6,1,1,"[2, 2, 2, 2]",1,False,False,4940523652272245,4940523655457999,18874368,3.1261439323425293,False
concurrency_4_group,6,1,1,"[3, 4, 3, 4]",4,False,False,4940523666012976,4940523671550120,37748736,5.430111885070801,False
scale_10_group,6,1,1,"[2, 3, 2, 3]",1,False,False,4940523681989701,4940523685935817,28311552,3.8969600200653076,False
scale_6_rank,6,1,1,"[2, 2, 1, 1]",1,False,False,4940523696350689,4940523699525936,18874368,3.120863914489746,False
six_1,6,1,1,"[1, 2, 1, 2]",1,False,False,4940523709989663,4940523712383134,18874368,2.347424030303955,False
concurrency_2_group,6,1,1,"[3, 4, 3, 4]",2,False,False,4940523722737916,4940523728212484,37748736,5.413856029510498,False
two_pair_0_1,6,1,1,"[1, 1, 0, 0]",1,False,False,4940523738594701,4940523740203997,9437184,1.565440058708191,False
scale_8_rank,6,1,1,"[2, 2, 2, 2]",1,False,False,4940523750526934,4940523753677215,18874368,3.097343921661377,False
scale_14_rank,6,1,1,"[4, 4, 3, 3]",1,False,False,4940523764036111,4940523770243811,37748736,6.165056228637695,False
two_pair_0_2,6,1,1,"[1, 0, 1, 0]",1,False,False,4940523780691242,4940523780750303,0,0,False
two_pair_1_3,6,1,1,"[0, 1, 0, 1]",1,False,False,4940523791880210,4940523792725086,9437184,0.8076159954071045,False
two_single_2,6,1,1,"[0, 0, 2, 0]",1,False,False,4940523803105683,4940523803165828,0,0,False
six_3,6,1,1,"[1, 1, 2, 2]",1,False,False,4940523815003597,4940523816607989,9437184,1.5629119873046875,False
scale_14_group,6,1,1,"[3, 4, 3, 4]",1,False,False,4940523828603539,4940523834071825,37748736,5.4268798828125,False
remote_2,6,1,1,"[1, 1, 0, 0]",1,True,False,4940523844415580,4940523846020116,9437184,1.5605759620666504,False
six_2,6,1,1,"[2, 1, 2, 1]",1,False,False,4940523856387312,4940523857991716,9437184,1.5608960390090942,False
two_pair_0_3,6,1,1,"[1, 0, 0, 1]",1,False,False,4940523869116262,4940523869173844,0,0,False
scale_10_rank,6,1,1,"[3, 3, 2, 2]",1,False,False,4940523880292618,4940523884978471,28311552,4.644351959228516,False
concurrency_4_rank,7,1,1,"[4, 4, 3, 3]",4,False,False,4940523895372971,4940523901640074,37748736,6.166175842285156,False
scale_10_rank,7,1,1,"[3, 3, 2, 2]",1,False,False,4940523912045071,4940523916759686,28311552,4.650784015655518,False
two_single_0,7,1,1,"[2, 0, 0, 0]",1,False,False,4940523927152277,4940523927215009,0,0,False
remote_0,7,1,1,"[2, 2, 1, 1]",1,True,False,4940523939017178,4940523942162957,18874368,3.105600118637085,False
scale_2_group,7,1,1,"[0, 1, 0, 1]",1,False,False,4940523952483576,4940523953333927,9437184,0.8081600069999695,False
two_pair_0_2,7,1,1,"[1, 0, 1, 0]",1,False,False,4940523963703285,4940523963763430,0,0,False
two_pair_1_3,7,1,1,"[0, 1, 0, 1]",1,False,False,4940523974876441,4940523975745520,9437184,0.8171839714050293,False
scale_4_group,7,1,1,"[1, 1, 1, 1]",1,False,False,4940523986180256,4940523987816788,9437184,1.579200029373169,False
six_2,7,1,1,"[2, 1, 2, 1]",1,False,False,4940523998285859,4940523999913631,9437184,1.5712640285491943,False
remote_3,7,1,1,"[1, 0, 1, 0]",1,True,False,4940524011021637,4940524011088858,0,0,False
concurrency_2_group,7,1,1,"[3, 4, 3, 4]",2,False,False,4940524022257982,4940524027740766,37748736,5.420351982116699,False
scale_6_rank,7,1,1,"[2, 2, 1, 1]",1,False,False,4940524038193570,4940524041368926,18874368,3.120703935623169,False
scale_4_rank,7,1,1,"[1, 1, 1, 1]",1,False,False,4940524051742165,4940524053371998,9437184,1.5733760595321655,False
six_1,7,1,1,"[1, 2, 1, 2]",1,False,False,4940524063752862,4940524066139003,18874368,2.3431360721588135,False
two_single_1,7,1,1,"[0, 2, 0, 0]",1,False,False,4940524076490269,4940524078113406,18874368,1.5782079696655273,False
six_0,7,1,1,"[2, 2, 1, 1]",1,False,False,4940524088662478,4940524091783077,18874368,3.074944019317627,False
scale_8_rank,7,1,1,"[2, 2, 2, 2]",1,False,False,4940524102206216,4940524105357723,18874368,3.1098880767822266,False
two_pair_0_1,7,1,1,"[1, 1, 0, 0]",1,False,False,4940524115783937,4940524117397152,9437184,1.5682560205459595,False
concurrency_2_rank,7,1,1,"[4, 4, 3, 3]",2,False,False,4940524127872094,4940524134127113,37748736,6.198944091796875,False
scale_62_rank,7,1,1,"[16, 16, 15, 15]",1,False,False,4940524144487686,4940524169144741,150994944,24.60883140563965,False
remote_2,7,1,1,"[1, 1, 0, 0]",1,True,False,4940524179598187,4940524181251660,9437184,1.5964800119400024,False
two_pair_2_3,7,1,1,"[0, 0, 1, 1]",1,False,False,4940524191688624,4940524191761010,0,0,False
two_single_3,7,1,1,"[0, 0, 0, 2]",1,False,False,4940524203854529,4940524203939815,0,0,False
scale_50_group,7,1,1,"[12, 13, 12, 13]",1,False,False,4940524215979345,4940524235322588,122683392,19.27846336364746,False
scale_6_group,7,1,1,"[1, 2, 1, 2]",1,False,False,4940524245759386,4940524248158436,18874368,2.355423927307129,False
scale_8_group,7,1,1,"[2, 2, 2, 2]",1,False,False,4940524258505504,4940524261670952,18874368,3.115231990814209,False
scale_50_rank,7,1,1,"[13, 13, 12, 12]",1,False,False,4940524272108949,4940524292161987,122683392,20.00111961364746,False
scale_62_group,7,1,1,"[15, 16, 15, 16]",1,False,False,4940524302519498,4940524326406919,150994944,23.841983795166016,False
remote_1,7,1,1,"[1, 2, 1, 2]",1,True,False,4940524336891973,4940524339305754,18874368,2.364543914794922,False
scale_14_rank,7,1,1,"[4, 4, 3, 3]",1,False,False,4940524349723724,4940524355946345,37748736,6.179520130157471,False
six_3,7,1,1,"[1, 1, 2, 2]",1,False,False,4940524366334836,4940524367949648,9437184,1.574463963508606,False
scale_14_group,7,1,1,"[3, 4, 3, 4]",1,False,False,4940524380046774,4940524385519206,37748736,5.419487953186035,False
concurrency_4_group,7,1,1,"[3, 4, 3, 4]",4,False,False,4940524395865598,4940524401401071,37748736,5.436160087585449,False
scale_10_group,7,1,1,"[2, 3, 2, 3]",1,False,False,4940524411780062,4940524415701894,28311552,3.881727933883667,False
two_pair_1_2,7,1,1,"[0, 1, 1, 0]",1,False,False,4940524426144585,4940524426997015,9437184,0.8096640110015869,False
scale_2_rank,7,1,1,"[1, 1, 0, 0]",1,False,False,4940524437346030,4940524438959671,9437184,1.5733439922332764,False
two_pair_0_3,7,1,1,"[1, 0, 0, 1]",1,False,False,4940524449349028,4940524449415438,0,0,False
two_single_2,7,1,1,"[0, 0, 2, 0]",1,False,False,4940524460578871,4940524460636203,0,0,False
scale_62_rank,8,1,1,"[16, 16, 15, 15]",1,False,False,4940524472781448,4940524497492862,150994944,24.651391983032227,False
scale_2_rank,8,1,1,"[1, 1, 0, 0]",1,False,False,4940524507832765,4940524509457848,9437184,1.580288052558899,False
two_pair_0_2,8,1,1,"[1, 0, 1, 0]",1,False,False,4940524519960562,4940524520025684,0,0,False
two_pair_2_3,8,1,1,"[0, 0, 1, 1]",1,False,False,4940524531128780,4940524531192420,0,0,False
two_single_0,8,1,1,"[2, 0, 0, 0]",1,False,False,4940524543070448,4940524543147900,0,0,False
two_single_1,8,1,1,"[0, 2, 0, 0]",1,False,False,4940524554954990,4940524556608620,18874368,1.592576026916504,False
scale_14_rank,8,1,1,"[4, 4, 3, 3]",1,False,False,4940524566976065,4940524573220450,37748736,6.202367782592773,False
scale_62_group,8,1,1,"[15, 16, 15, 16]",1,False,False,4940524583659396,4940524607560205,150994944,23.857088088989258,False
two_single_2,8,1,1,"[0, 0, 2, 0]",1,False,False,4940524618040525,4940524618110777,0,0,False
concurrency_2_group,8,1,1,"[3, 4, 3, 4]",2,False,False,4940524630160922,4940524635730065,37748736,5.453695774078369,False
two_pair_1_2,8,1,1,"[0, 1, 1, 0]",1,False,False,4940524646073750,4940524646956842,9437184,0.8248639702796936,False
scale_10_rank,8,1,1,"[3, 3, 2, 2]",1,False,False,4940524657264864,4940524661986358,28311552,4.644832134246826,False
scale_6_rank,8,1,1,"[2, 2, 1, 1]",1,False,False,4940524672304133,4940524675485268,18874368,3.123199939727783,False
scale_50_group,8,1,1,"[12, 13, 12, 13]",1,False,False,4940524685901271,4940524705249732,122683392,19.280704498291016,False
six_3,8,1,1,"[1, 1, 2, 2]",1,False,False,4940524715718132,4940524717382122,9437184,1.5970560312271118,False
remote_1,8,1,1,"[1, 2, 1, 2]",1,True,False,4940524729183369,4940524731618500,18874368,2.3635199069976807,False
two_single_3,8,1,1,"[0, 0, 0, 2]",1,False,False,4940524741828394,4940524741928910,0,0,False
six_2,8,1,1,"[2, 1, 2, 1]",1,False,False,4940524753782625,4940524755447290,9437184,1.5866880416870117,False
remote_3,8,1,1,"[1, 0, 1, 0]",1,True,False,4940524766414531,4940524766509698,0,0,False
two_pair_1_3,8,1,1,"[0, 1, 0, 1]",1,False,False,4940524777522584,4940524778380618,9437184,0.8133440017700195,False
six_1,8,1,1,"[1, 2, 1, 2]",1,False,False,4940524788607502,4940524791035101,18874368,2.3410561084747314,False
scale_4_rank,8,1,1,"[1, 1, 1, 1]",1,False,False,4940524801358937,4940524802977502,9437184,1.5542080402374268,False
concurrency_2_rank,8,1,1,"[4, 4, 3, 3]",2,False,False,4940524813273340,4940524819544099,37748736,6.190144062042236,False
remote_0,8,1,1,"[2, 2, 1, 1]",1,True,False,4940524829903044,4940524833176631,18874368,3.1292800903320312,False
scale_2_group,8,1,1,"[0, 1, 0, 1]",1,False,False,4940524843606002,4940524844552860,9437184,0.8564159870147705,False
remote_2,8,1,1,"[1, 1, 0, 0]",1,True,False,4940524854821090,4940524856440130,9437184,1.5494719743728638,False
scale_8_group,8,1,1,"[2, 2, 2, 2]",1,False,False,4940524866864766,4940524870096568,18874368,3.0740480422973633,False
concurrency_4_group,8,1,1,"[3, 4, 3, 4]",4,False,False,4940524880496750,4940524886078907,37748736,5.418047904968262,False
concurrency_4_rank,8,1,1,"[4, 4, 3, 3]",4,False,False,4940524896399733,4940524902726341,37748736,6.201536178588867,False
two_pair_0_1,8,1,1,"[1, 1, 0, 0]",1,False,False,4940524913123277,4940524914789614,9437184,1.5223360061645508,False
two_pair_0_3,8,1,1,"[1, 0, 0, 1]",1,False,False,4940524925152504,4940524925271340,0,0,False
scale_4_group,8,1,1,"[1, 1, 1, 1]",1,False,False,4940524936280900,4940524937914344,9437184,1.5875519514083862,False
scale_6_group,8,1,1,"[1, 2, 1, 2]",1,False,False,4940524948220107,4940524950602961,18874368,2.3463680744171143,False
scale_8_rank,8,1,1,"[2, 2, 2, 2]",1,False,False,4940524961033611,4940524964209244,18874368,3.1071040630340576,False
scale_10_group,8,1,1,"[2, 3, 2, 3]",1,False,False,4940524974575895,4940524978539446,28311552,3.9020800590515137,False
six_0,8,1,1,"[2, 2, 1, 1]",1,False,False,4940524988904333,4940524992059516,18874368,3.1016640663146973,False
scale_50_rank,8,1,1,"[13, 13, 12, 12]",1,False,False,4940525002366685,4940525022422164,122683392,20.005727767944336,False
scale_14_group,8,1,1,"[3, 4, 3, 4]",1,False,False,4940525032828695,4940525038286681,37748736,5.419040203094482,False
scale_14_group,9,1,1,"[3, 4, 3, 4]",1,False,False,4940525048689431,4940525054164050,37748736,5.410175800323486,False
six_1,9,1,1,"[1, 2, 1, 2]",1,False,False,4940525064540877,4940525066935403,18874368,2.3495359420776367,False
scale_50_rank,9,1,1,"[13, 13, 12, 12]",1,False,False,4940525077292494,4940525097348248,122683392,20.01043128967285,False
two_single_2,9,1,1,"[0, 0, 2, 0]",1,False,False,4940525107730590,4940525107790161,0,0,False
remote_1,9,1,1,"[1, 2, 1, 2]",1,True,False,4940525119881630,4940525122306040,18874368,2.358112096786499,False
scale_2_rank,9,1,1,"[1, 1, 0, 0]",1,False,False,4940525132702100,4940525134337300,9437184,1.5713599920272827,False
scale_14_rank,9,1,1,"[4, 4, 3, 3]",1,False,False,4940525144743506,4940525150968476,37748736,6.1820478439331055,False
two_single_3,9,1,1,"[0, 0, 0, 2]",1,False,False,4940525161387406,4940525161469990,0,0,False
concurrency_2_rank,9,1,1,"[4, 4, 3, 3]",2,False,False,4940525173406525,4940525179680434,37748736,6.172895908355713,False
two_pair_0_3,9,1,1,"[1, 0, 0, 1]",1,False,False,4940525190052131,4940525190116692,0,0,False
scale_6_rank,9,1,1,"[2, 2, 1, 1]",1,False,False,4940525201266399,4940525204415906,18874368,3.1140799522399902,False
scale_2_group,9,1,1,"[0, 1, 0, 1]",1,False,False,4940525214697479,4940525215589711,9437184,0.824288010597229,False
six_0,9,1,1,"[2, 2, 1, 1]",1,False,False,4940525225891254,4940525229047908,18874368,3.112351894378662,False
concurrency_4_rank,9,1,1,"[4, 4, 3, 3]",4,False,False,4940525239453543,4940525245744711,37748736,6.195487976074219,False
scale_62_rank,9,1,1,"[16, 16, 15, 15]",1,False,False,4940525256116952,4940525280796268,150994944,24.634111404418945,False
two_single_1,9,1,1,"[0, 2, 0, 0]",1,False,False,4940525291165097,4940525292804076,18874368,1.5872639417648315,False
two_pair_0_1,9,1,1,"[1, 1, 0, 0]",1,False,False,4940525303131006,4940525304759412,9437184,1.5618879795074463,False
two_pair_1_3,9,1,1,"[0, 1, 0, 1]",1,False,False,4940525315036627,4940525315898139,9437184,0.8165119886398315,False
scale_10_group,9,1,1,"[2, 3, 2, 3]",1,False,False,4940525326322166,4940525330249948,28311552,3.8871679306030273,False
scale_8_rank,9,1,1,"[2, 2, 2, 2]",1,False,False,4940525340650595,4940525343794467,18874368,3.100800037384033,False
two_pair_0_2,9,1,1,"[1, 0, 1, 0]",1,False,False,4940525354163129,4940525354501182,0,0,False
scale_4_rank,9,1,1,"[1, 1, 1, 1]",1,False,False,4940525365322980,4940525366946883,9437184,1.5792319774627686,False
remote_0,9,1,1,"[2, 2, 1, 1]",1,True,False,4940525377321403,4940525380474340,18874368,3.1119039058685303,False
six_2,9,1,1,"[2, 1, 2, 1]",1,False,False,4940525390794964,4940525392446331,9437184,1.5864959955215454,False
six_3,9,1,1,"[1, 1, 2, 2]",1,False,False,4940525403547415,4940525405165290,9437184,1.577407956123352,False
two_pair_1_2,9,1,1,"[0, 1, 1, 0]",1,False,False,4940525417149712,4940525418032688,9437184,0.8184639811515808,False
scale_8_group,9,1,1,"[2, 2, 2, 2]",1,False,False,4940525428329300,4940525431477299,18874368,3.1095681190490723,False
two_single_0,9,1,1,"[2, 0, 0, 0]",1,False,False,4940525441889050,4940525441969709,0,0,False
scale_4_group,9,1,1,"[1, 1, 1, 1]",1,False,False,4940525453947098,4940525455583977,9437184,1.5854079723358154,False
remote_2,9,1,1,"[1, 1, 0, 0]",1,True,False,4940525466028709,4940525467660008,9437184,1.5837440490722656,False
remote_3,9,1,1,"[1, 0, 1, 0]",1,True,False,4940525478125498,4940525478217392,0,0,False
scale_50_group,9,1,1,"[12, 13, 12, 13]",1,False,False,4940525489511465,4940525508807578,122683392,19.24665641784668,False
scale_62_group,9,1,1,"[15, 16, 15, 16]",1,False,False,4940525519237988,4940525543126996,150994944,23.84867286682129,False
scale_6_group,9,1,1,"[1, 2, 1, 2]",1,False,False,4940525553549297,4940525555953746,18874368,2.3560640811920166,False
concurrency_4_group,9,1,1,"[3, 4, 3, 4]",4,False,False,4940525566339231,4940525571882843,37748736,5.424704074859619,False
concurrency_2_group,9,1,1,"[3, 4, 3, 4]",2,False,False,4940525582265580,4940525587739849,37748736,5.4152960777282715,False
scale_10_rank,9,1,1,"[3, 3, 2, 2]",1,False,False,4940525598187288,4940525602852973,28311552,4.624063968658447,False
two_pair_2_3,9,1,1,"[0, 0, 1, 1]",1,False,False,4940525613278385,4940525613338903,0,0,False
scale_8_group,10,1,1,"[2, 2, 2, 2]",1,False,False,4940525625535698,4940525628714086,18874368,3.1169919967651367,False
two_pair_1_3,10,1,1,"[0, 1, 0, 1]",1,False,False,4940525639044868,4940525639944916,9437184,0.8306879997253418,False
six_2,10,1,1,"[2, 1, 2, 1]",1,False,False,4940525650242242,4940525651872745,9437184,1.5728960037231445,False
concurrency_2_group,10,1,1,"[3, 4, 3, 4]",2,False,False,4940525662981815,4940525668463980,37748736,5.416607856750488,False
scale_2_rank,10,1,1,"[1, 1, 0, 0]",1,False,False,4940525678836372,4940525680442580,9437184,1.5603519678115845,False
remote_0,10,1,1,"[2, 2, 1, 1]",1,True,False,4940525690760250,4940525693924509,18874368,3.1112959384918213,False
two_pair_2_3,10,1,1,"[0, 0, 1, 1]",1,False,False,4940525704318646,4940525704379725,0,0,False
two_pair_0_2,10,1,1,"[1, 0, 1, 0]",1,False,False,4940525716849896,4940525716905588,0,0,False
concurrency_4_group,10,1,1,"[3, 4, 3, 4]",4,False,False,4940525728099947,4940525733648693,37748736,5.4167680740356445,False
six_1,10,1,1,"[1, 2, 1, 2]",1,False,False,4940525744047968,4940525746439141,18874368,2.34716796875,False
two_single_2,10,1,1,"[0, 0, 2, 0]",1,False,False,4940525756811769,4940525756871447,0,0,False
scale_14_group,10,1,1,"[3, 4, 3, 4]",1,False,False,4940525768979572,4940525774481490,37748736,5.44214391708374,False
concurrency_2_rank,10,1,1,"[4, 4, 3, 3]",2,False,False,4940525784843987,4940525791082183,37748736,6.17628812789917,False
remote_3,10,1,1,"[1, 0, 1, 0]",1,True,False,4940525801517173,4940525801588154,0,0,False
six_3,10,1,1,"[1, 1, 2, 2]",1,False,False,4940525812764074,4940525814400268,9437184,1.5745600461959839,False
scale_4_group,10,1,1,"[1, 1, 1, 1]",1,False,False,4940525826437839,4940525828038016,9437184,1.5471680164337158,False
two_single_1,10,1,1,"[0, 2, 0, 0]",1,False,False,4940525838431031,4940525840055966,18874368,1.58297598361969,False
scale_4_rank,10,1,1,"[1, 1, 1, 1]",1,False,False,4940525850390844,4940525851955981,9437184,1.5217920541763306,False
two_pair_0_1,10,1,1,"[1, 1, 0, 0]",1,False,False,4940525862381677,4940525863975351,9437184,1.5474239587783813,False
remote_2,10,1,1,"[1, 1, 0, 0]",1,True,False,4940525874351868,4940525875945474,9437184,1.5515520572662354,False
scale_62_group,10,1,1,"[15, 16, 15, 16]",1,False,False,4940525886384395,4940525910297884,150994944,23.861183166503906,False
scale_10_group,10,1,1,"[2, 3, 2, 3]",1,False,False,4940525920773553,4940525924717254,28311552,3.8950719833374023,False
two_single_0,10,1,1,"[2, 0, 0, 0]",1,False,False,4940525935025161,4940525935083808,0,0,False
scale_14_rank,10,1,1,"[4, 4, 3, 3]",1,False,False,4940525946953364,4940525953170324,37748736,6.170271873474121,False
scale_6_group,10,1,1,"[1, 2, 1, 2]",1,False,False,4940525963630598,4940525966033253,18874368,2.35315203666687,False
scale_8_rank,10,1,1,"[2, 2, 2, 2]",1,False,False,4940525976445711,4940525979633585,18874368,3.1210238933563232,False
scale_10_rank,10,1,1,"[3, 3, 2, 2]",1,False,False,4940525989998468,4940525994714010,28311552,4.65180778503418,False
six_0,10,1,1,"[2, 2, 1, 1]",1,False,False,4940526005038044,4940526008168445,18874368,3.084831953048706,False
scale_50_group,10,1,1,"[12, 13, 12, 13]",1,False,False,4940526018520751,4940526037869061,122683392,19.30415916442871,False
two_single_3,10,1,1,"[0, 0, 0, 2]",1,False,False,4940526048266400,4940526048338208,0,0,False
scale_2_group,10,1,1,"[0, 1, 0, 1]",1,False,False,4940526060385347,4940526061273017,9437184,0.8245120048522949,False
scale_62_rank,10,1,1,"[16, 16, 15, 15]",1,False,False,4940526071585517,4940526096250814,150994944,24.616159439086914,False
scale_50_rank,10,1,1,"[13, 13, 12, 12]",1,False,False,4940526106583378,4940526126701407,122683392,20.060224533081055,False
scale_6_rank,10,1,1,"[2, 2, 1, 1]",1,False,False,4940526137124201,4940526140329247,18874368,3.1369919776916504,False
concurrency_4_rank,10,1,1,"[4, 4, 3, 3]",4,False,False,4940526150648557,4940526156971989,37748736,6.172287940979004,False
two_pair_1_2,10,1,1,"[0, 1, 1, 0]",1,False,False,4940526167288272,4940526168186752,9437184,0.8326399922370911,False
two_pair_0_3,10,1,1,"[1, 0, 0, 1]",1,False,False,4940526178528396,4940526178596246,0,0,False
remote_1,10,1,1,"[1, 2, 1, 2]",1,True,False,4940526189807528,4940526192206958,18874368,2.3572158813476562,False
scale_2_rank,11,1,1,"[1, 1, 0, 0]",1,False,False,4940526202555026,4940526204239201,9437184,1.6002559661865234,False
remote_3,11,1,1,"[1, 0, 1, 0]",1,True,False,4940526214546429,4940526214626580,0,0,False
two_pair_1_2,11,1,1,"[0, 1, 1, 0]",1,False,False,4940526225804466,4940526226712113,9437184,0.8326719999313354,False
six_2,11,1,1,"[2, 1, 2, 1]",1,False,False,4940526237033665,4940526238650867,9437184,1.5700160264968872,False
concurrency_2_rank,11,1,1,"[4, 4, 3, 3]",2,False,False,4940526249793284,4940526256028109,37748736,6.168543815612793,False
two_pair_0_2,11,1,1,"[1, 0, 1, 0]",1,False,False,4940526266355633,4940526266443044,0,0,False
scale_14_group,11,1,1,"[3, 4, 3, 4]",1,False,False,4940526277575070,4940526283055958,37748736,5.437376022338867,False
scale_2_group,11,1,1,"[0, 1, 0, 1]",1,False,False,4940526293459511,4940526294356175,9437184,0.8266879916191101,False
scale_14_rank,11,1,1,"[4, 4, 3, 3]",1,False,False,4940526304673631,4940526310904047,37748736,6.185472011566162,False
six_3,11,1,1,"[1, 1, 2, 2]",1,False,False,4940526321246184,4940526322864398,9437184,1.5777599811553955,False
scale_4_rank,11,1,1,"[1, 1, 1, 1]",1,False,False,4940526334784287,4940526336390380,9437184,1.5631999969482422,False
six_0,11,1,1,"[2, 2, 1, 1]",1,False,False,4940526346744685,4940526349882773,18874368,3.095616102218628,False
scale_6_group,11,1,1,"[1, 2, 1, 2]",1,False,False,4940526360285415,4940526362662622,18874368,2.3414080142974854,False
scale_50_rank,11,1,1,"[13, 13, 12, 12]",1,False,False,4940526373007341,4940526393089149,122683392,20.006975173950195,False
scale_6_rank,11,1,1,"[2, 2, 1, 1]",1,False,False,4940526403599101,4940526406751369,18874368,3.102047920227051,False
scale_62_rank,11,1,1,"[16, 16, 15, 15]",1,False,False,4940526417202867,4940526441912498,150994944,24.650463104248047,False
scale_10_group,11,1,1,"[2, 3, 2, 3]",1,False,False,4940526452368759,4940526456328489,28311552,3.9014720916748047,False
two_pair_0_1,11,1,1,"[1, 1, 0, 0]",1,False,False,4940526466669608,4940526468299429,9437184,1.5807679891586304,False
concurrency_4_rank,11,1,1,"[4, 4, 3, 3]",4,False,False,4940526478602389,4940526484885322,37748736,6.176544189453125,False
two_single_2,11,1,1,"[0, 0, 2, 0]",1,False,False,4940526495184898,4940526495244699,0,0,False
remote_0,11,1,1,"[2, 2, 1, 1]",1,True,False,4940526507109161,4940526510280357,18874368,3.1095359325408936,False
remote_2,11,1,1,"[1, 1, 0, 0]",1,True,False,4940526520654603,4940526522253392,9437184,1.5557119846343994,False
scale_10_rank,11,1,1,"[3, 3, 2, 2]",1,False,False,4940526532577212,4940526537248867,28311552,4.629439830780029,False
two_pair_0_3,11,1,1,"[1, 0, 0, 1]",1,False,False,4940526547607389,4940526547667973,0,0,False
scale_62_group,11,1,1,"[15, 16, 15, 16]",1,False,False,4940526558767679,4940526582683933,150994944,23.870336532592773,False
concurrency_2_group,11,1,1,"[3, 4, 3, 4]",2,False,False,4940526593063479,4940526598573526,37748736,5.414815902709961,False
scale_50_group,11,1,1,"[12, 13, 12, 13]",1,False,False,4940526608904103,4940526628216172,122683392,19.251680374145508,False
six_1,11,1,1,"[1, 2, 1, 2]",1,False,False,4940526638553754,4940526640986891,18874368,2.365823984146118,False
remote_1,11,1,1,"[1, 2, 1, 2]",1,True,False,4940526651239397,4940526653668898,18874368,2.260319948196411,False
two_single_1,11,1,1,"[0, 2, 0, 0]",1,False,False,4940526664003965,4940526665763861,18874368,1.638335943222046,False
concurrency_4_group,11,1,1,"[3, 4, 3, 4]",4,False,False,4940526676170413,4940526681745684,37748736,5.418367862701416,False
scale_8_group,11,1,1,"[2, 2, 2, 2]",1,False,False,4940526692021845,4940526695203796,18874368,3.1128640174865723,False
scale_8_rank,11,1,1,"[2, 2, 2, 2]",1,False,False,4940526705537298,4940526708726940,18874368,3.1132800579071045,False
scale_4_group,11,1,1,"[1, 1, 1, 1]",1,False,False,4940526719051180,4940526720694819,9437184,1.58406400680542,False
two_single_0,11,1,1,"[2, 0, 0, 0]",1,False,False,4940526730978278,4940526731058566,0,0,False
two_pair_2_3,11,1,1,"[0, 0, 1, 1]",1,False,False,4940526742821112,4940526742915748,0,0,False
two_single_3,11,1,1,"[0, 0, 0, 2]",1,False,False,4940526754710209,4940526754793269,0,0,False
two_pair_1_3,11,1,1,"[0, 1, 0, 1]",1,False,False,4940526766620772,4940526767515050,9437184,0.8419520258903503,False
concurrency_4_rank,12,1,1,"[4, 4, 3, 3]",4,False,False,4940526777767654,4940526784091859,37748736,6.203104019165039,False
scale_2_rank,12,1,1,"[1, 1, 0, 0]",1,False,False,4940526794408038,4940526796048883,9437184,1.5856000185012817,False
scale_2_group,12,1,1,"[0, 1, 0, 1]",1,False,False,4940526806335837,4940526807207857,9437184,0.8233919739723206,False
two_pair_1_2,12,1,1,"[0, 1, 1, 0]",1,False,False,4940526817477265,4940526818349535,9437184,0.8210880160331726,False
six_0,12,1,1,"[2, 2, 1, 1]",1,False,False,4940526828687937,4940526831840198,18874368,3.0959041118621826,False
scale_50_rank,12,1,1,"[13, 13, 12, 12]",1,False,False,4940526842219348,4940526862284459,122683392,20.010175704956055,False
scale_62_group,12,1,1,"[15, 16, 15, 16]",1,False,False,4940526872694799,4940526896643069,150994944,23.889184951782227,False
two_pair_2_3,12,1,1,"[0, 0, 1, 1]",1,False,False,4940526907320902,4940526907409055,0,0,False
six_3,12,1,1,"[1, 1, 2, 2]",1,False,False,4940526919254694,4940526920916961,9437184,1.5975680351257324,False
scale_10_rank,12,1,1,"[3, 3, 2, 2]",1,False,False,4940526932795307,4940526937523544,28311552,4.659359931945801,False
remote_1,12,1,1,"[1, 2, 1, 2]",1,True,False,4940526947890628,4940526950288815,18874368,2.35152006149292,False
scale_14_rank,12,1,1,"[4, 4, 3, 3]",1,False,False,4940526960663520,4940526966902639,37748736,6.18233585357666,False
scale_8_group,12,1,1,"[2, 2, 2, 2]",1,False,False,4940526977323715,4940526980488322,18874368,3.1076478958129883,False
scale_14_group,12,1,1,"[3, 4, 3, 4]",1,False,False,4940526990884199,4940526996360194,37748736,5.425504207611084,False
two_single_2,12,1,1,"[0, 0, 2, 0]",1,False,False,4940527006722910,4940527006807650,0,0,False
remote_2,12,1,1,"[1, 1, 0, 0]",1,True,False,4940527018627617,4940527020258454,9437184,1.5801279544830322,False
two_single_1,12,1,1,"[0, 2, 0, 0]",1,False,False,4940527030592296,4940527032225935,18874368,1.58896005153656,False
scale_4_group,12,1,1,"[1, 1, 1, 1]",1,False,False,4940527042512598,4940527044123368,9437184,1.5619839429855347,False
six_1,12,1,1,"[1, 2, 1, 2]",1,False,False,4940527054481793,4940527056868726,18874368,2.346560001373291,False
concurrency_2_rank,12,1,1,"[4, 4, 3, 3]",2,False,False,4940527067217028,4940527073450596,37748736,6.164192199707031,False
scale_8_rank,12,1,1,"[2, 2, 2, 2]",1,False,False,4940527083877040,4940527087025392,18874368,3.100735902786255,False
two_pair_1_3,12,1,1,"[0, 1, 0, 1]",1,False,False,4940527097505062,4940527098357588,9437184,0.8098559975624084,False
two_pair_0_3,12,1,1,"[1, 0, 0, 1]",1,False,False,4940527108681945,4940527108743175,0,0,False
scale_6_rank,12,1,1,"[2, 2, 1, 1]",1,False,False,4940527119880150,4940527123027970,18874368,3.1063361167907715,False
remote_3,12,1,1,"[1, 0, 1, 0]",1,True,False,4940527133497718,4940527133557364,0,0,False
six_2,12,1,1,"[2, 1, 2, 1]",1,False,False,4940527144696766,4940527146451360,9437184,1.6344000101089478,False
two_single_0,12,1,1,"[2, 0, 0, 0]",1,False,False,4940527157479227,4940527157594622,0,0,False
scale_50_group,12,1,1,"[12, 13, 12, 13]",1,False,False,4940527169599266,4940527188902852,122683392,19.215967178344727,False
scale_4_rank,12,1,1,"[1, 1, 1, 1]",1,False,False,4940527199322157,4940527200961374,9437184,1.5867520570755005,False
two_pair_0_2,12,1,1,"[1, 0, 1, 0]",1,False,False,4940527211300036,4940527211368969,0,0,False
two_single_3,12,1,1,"[0, 0, 0, 2]",1,False,False,4940527222507489,4940527222572225,0,0,False
scale_10_group,12,1,1,"[2, 3, 2, 3]",1,False,False,4940527234416237,4940527238344381,28311552,3.890399932861328,False
two_pair_0_1,12,1,1,"[1, 1, 0, 0]",1,False,False,4940527248696198,4940527250297765,9437184,1.5575040578842163,False
scale_6_group,12,1,1,"[1, 2, 1, 2]",1,False,False,4940527260725623,4940527263108118,18874368,2.3438398838043213,False
concurrency_2_group,12,1,1,"[3, 4, 3, 4]",2,False,False,4940527273525249,4940527279011038,37748736,5.417632102966309,False
remote_0,12,1,1,"[2, 2, 1, 1]",1,True,False,4940527289437414,4940527292581176,18874368,3.093280076980591,False
concurrency_4_group,12,1,1,"[3, 4, 3, 4]",4,False,False,4940527302882177,4940527308394050,37748736,5.411935806274414,False
scale_62_rank,12,1,1,"[16, 16, 15, 15]",1,False,False,4940527318709769,4940527343359471,150994944,24.59859275817871,False
scale_50_rank,13,1,1,"[13, 13, 12, 12]",1,False,False,4940527353867998,4940527373985927,122683392,20.04863929748535,False
two_single_2,13,1,1,"[0, 0, 2, 0]",1,False,False,4940527384442326,4940527384511205,0,0,False
scale_14_group,13,1,1,"[3, 4, 3, 4]",1,False,False,4940527396511561,4940527402014704,37748736,5.435999870300293,False
scale_10_rank,13,1,1,"[3, 3, 2, 2]",1,False,False,4940527412337746,4940527417030087,28311552,4.641727924346924,False
scale_2_rank,13,1,1,"[1, 1, 0, 0]",1,False,False,4940527427396399,4940527429002923,9437184,1.561344027519226,False
remote_3,13,1,1,"[1, 0, 1, 0]",1,True,False,4940527439271032,4940527439331282,0,0,False
concurrency_4_rank,13,1,1,"[4, 4, 3, 3]",4,False,False,4940527450445776,4940527456712411,37748736,6.1623358726501465,False
concurrency_2_group,13,1,1,"[3, 4, 3, 4]",2,False,False,4940527467047728,4940527472549037,37748736,5.42844820022583,False
scale_4_rank,13,1,1,"[1, 1, 1, 1]",1,False,False,4940527482836463,4940527484463682,9437184,1.5740480422973633,False
scale_8_rank,13,1,1,"[2, 2, 2, 2]",1,False,False,4940527494732632,4940527497877975,18874368,3.099839925765991,False
two_pair_1_2,13,1,1,"[0, 1, 1, 0]",1,False,False,4940527508244528,4940527509097824,9437184,0.8103359937667847,False
scale_8_group,13,1,1,"[2, 2, 2, 2]",1,False,False,4940527519369865,4940527522511763,18874368,3.0973761081695557,False
six_1,13,1,1,"[1, 2, 1, 2]",1,False,False,4940527532841616,4940527535222814,18874368,2.342400074005127,False
two_pair_0_2,13,1,1,"[1, 0, 1, 0]",1,False,False,4940527545587928,4940527545666859,0,0,False
concurrency_2_rank,13,1,1,"[4, 4, 3, 3]",2,False,False,4940527556714603,4940527562972316,37748736,6.187359809875488,False
scale_6_rank,13,1,1,"[2, 2, 1, 1]",1,False,False,4940527573208031,4940527576359238,18874368,3.1033599376678467,False
concurrency_4_group,13,1,1,"[3, 4, 3, 4]",4,False,False,4940527586612078,4940527592152149,37748736,5.426527976989746,False
two_single_1,13,1,1,"[0, 2, 0, 0]",1,False,False,4940527602476964,4940527604096231,18874368,1.5780800580978394,False
scale_6_group,13,1,1,"[1, 2, 1, 2]",1,False,False,4940527614334501,4940527616719236,18874368,2.3441920280456543,False
remote_0,13,1,1,"[2, 2, 1, 1]",1,True,False,4940527627001646,4940527630149786,18874368,3.104640007019043,False
scale_14_rank,13,1,1,"[4, 4, 3, 3]",1,False,False,4940527640492312,4940527646717063,37748736,6.179423809051514,False
scale_62_group,13,1,1,"[15, 16, 15, 16]",1,False,False,4940527657109146,4940527681013421,150994944,23.856351852416992,False
scale_2_group,13,1,1,"[0, 1, 0, 1]",1,False,False,4940527691459092,4940527692318759,9437184,0.8148800134658813,False
two_single_0,13,1,1,"[2, 0, 0, 0]",1,False,False,4940527702587586,4940527702650805,0,0,False
scale_4_group,13,1,1,"[1, 1, 1, 1]",1,False,False,4940527714438381,4940527716055018,9437184,1.5712319612503052,False
six_2,13,1,1,"[2, 1, 2, 1]",1,False,False,4940527726364293,4940527727965499,9437184,1.5575040578842163,False
scale_50_group,13,1,1,"[12, 13, 12, 13]",1,False,False,4940527739039129,4940527758335300,122683392,19.252384185791016,False
scale_62_rank,13,1,1,"[16, 16, 15, 15]",1,False,False,4940527768721483,4940527793402780,150994944,24.630943298339844,False
scale_10_group,13,1,1,"[2, 3, 2, 3]",1,False,False,4940527803831312,4940527807760837,28311552,3.882431983947754,False
remote_1,13,1,1,"[1, 2, 1, 2]",1,True,False,4940527818179245,4940527820583834,18874368,2.3521599769592285,False
two_pair_1_3,13,1,1,"[0, 1, 0, 1]",1,False,False,4940527830870669,4940527831720705,9437184,0.8092160224914551,False
two_pair_0_3,13,1,1,"[1, 0, 0, 1]",1,False,False,4940527841973935,4940527842040517,0,0,False
remote_2,13,1,1,"[1, 1, 0, 0]",1,True,False,4940527853064655,4940527854663664,9437184,1.558176040649414,False
two_single_3,13,1,1,"[0, 0, 0, 2]",1,False,False,4940527865084671,4940527865143438,0,0,False
six_0,13,1,1,"[2, 2, 1, 1]",1,False,False,4940527877105621,4940527880285378,18874368,3.118272066116333,False
two_pair_0_1,13,1,1,"[1, 1, 0, 0]",1,False,False,4940527890621948,4940527892257503,9437184,1.5781760215759277,False
two_pair_2_3,13,1,1,"[0, 0, 1, 1]",1,False,False,4940527902499810,4940527902562302,0,0,False
six_3,13,1,1,"[1, 1, 2, 2]",1,False,False,4940527914373721,4940527915971113,9437184,1.554144024848938,False
scale_2_rank,14,1,1,"[1, 1, 0, 0]",1,False,False,4940527927891144,4940527929500001,9437184,1.558624029159546,False
scale_62_group,14,1,1,"[15, 16, 15, 16]",1,False,False,4940527939919257,4940527963820689,150994944,23.85753631591797,False
concurrency_2_group,14,1,1,"[3, 4, 3, 4]",2,False,False,4940527974257177,4940527979761935,37748736,5.426623821258545,False
concurrency_4_group,14,1,1,"[3, 4, 3, 4]",4,False,False,4940527990179153,4940527995703282,37748736,5.421152114868164,False
six_3,14,1,1,"[1, 1, 2, 2]",1,False,False,4940528006053112,4940528007678722,9437184,1.572383999824524,False
concurrency_2_rank,14,1,1,"[4, 4, 3, 3]",2,False,False,4940528019698847,4940528025931241,37748736,6.166016101837158,False
remote_0,14,1,1,"[2, 2, 1, 1]",1,True,False,4940528036297959,4940528039499246,18874368,3.0387840270996094,False
two_pair_0_1,14,1,1,"[1, 1, 0, 0]",1,False,False,4940528049938995,4940528051594616,9437184,1.5718079805374146,False
scale_50_rank,14,1,1,"[13, 13, 12, 12]",1,False,False,4940528061911520,4940528082031744,122683392,20.059520721435547,False
scale_4_group,14,1,1,"[1, 1, 1, 1]",1,False,False,4940528092416451,4940528094057389,9437184,1.5819200277328491,False
six_2,14,1,1,"[2, 1, 2, 1]",1,False,False,4940528104494308,4940528106112965,9437184,1.5686399936676025,False
scale_62_rank,14,1,1,"[16, 16, 15, 15]",1,False,False,4940528117287517,4940528141993061,150994944,24.611167907714844,False
six_1,14,1,1,"[1, 2, 1, 2]",1,False,False,4940528152849535,4940528155288308,18874368,2.343424081802368,False
remote_3,14,1,1,"[1, 0, 1, 0]",1,True,False,4940528165651970,4940528165786244,0,0,False
scale_6_rank,14,1,1,"[2, 2, 1, 1]",1,False,False,4940528176879594,4940528180084681,18874368,3.133888006210327,False
two_pair_0_2,14,1,1,"[1, 0, 1, 0]",1,False,False,4940528190445923,4940528190531785,0,0,False
scale_50_group,14,1,1,"[12, 13, 12, 13]",1,False,False,4940528201690336,4940528221007581,122683392,19.258304595947266,False
scale_8_group,14,1,1,"[2, 2, 2, 2]",1,False,False,4940528231432337,4940528234655269,18874368,3.147007942199707,False
scale_14_group,14,1,1,"[3, 4, 3, 4]",1,False,False,4940528245097707,4940528250573471,37748736,5.424223899841309,False
scale_4_rank,14,1,1,"[1, 1, 1, 1]",1,False,False,4940528260924730,4940528262564424,9437184,1.5872000455856323,False
two_pair_1_3,14,1,1,"[0, 1, 0, 1]",1,False,False,4940528272983700,4940528273862654,9437184,0.8182719945907593,False
scale_14_rank,14,1,1,"[4, 4, 3, 3]",1,False,False,4940528284169769,4940528290405492,37748736,6.181119918823242,False
two_pair_1_2,14,1,1,"[0, 1, 1, 0]",1,False,False,4940528300845100,4940528301717123,9437184,0.8164479732513428,False
two_pair_2_3,14,1,1,"[0, 0, 1, 1]",1,False,False,4940528311997685,4940528312075881,0,0,False
two_single_1,14,1,1,"[0, 2, 0, 0]",1,False,False,4940528324183307,4940528325853475,18874368,1.5970560312271118,False
scale_8_rank,14,1,1,"[2, 2, 2, 2]",1,False,False,4940528336345335,4940528339484338,18874368,3.0814080238342285,False
scale_6_group,14,1,1,"[1, 2, 1, 2]",1,False,False,4940528349916690,4940528352323659,18874368,2.35427188873291,False
two_pair_0_3,14,1,1,"[1, 0, 0, 1]",1,False,False,4940528362715366,4940528362794203,0,0,False
scale_10_rank,14,1,1,"[3, 3, 2, 2]",1,False,False,4940528374235369,4940528378961579,28311552,4.666624069213867,False
concurrency_4_rank,14,1,1,"[4, 4, 3, 3]",4,False,False,4940528389369654,4940528395673269,37748736,6.18723201751709,False
two_single_3,14,1,1,"[0, 0, 0, 2]",1,False,False,4940528406155393,4940528406222349,0,0,False
remote_1,14,1,1,"[1, 2, 1, 2]",1,True,False,4940528418224384,4940528420632247,18874368,2.3347840309143066,False
six_0,14,1,1,"[2, 2, 1, 1]",1,False,False,4940528430965768,4940528434124023,18874368,3.1091198921203613,False
scale_10_group,14,1,1,"[2, 3, 2, 3]",1,False,False,4940528444545017,4940528448497542,28311552,3.891103982925415,False
two_single_2,14,1,1,"[0, 0, 2, 0]",1,False,False,4940528458868326,4940528458943930,0,0,False
two_single_0,14,1,1,"[2, 0, 0, 0]",1,False,False,4940528470762016,4940528470821185,0,0,False
scale_2_group,14,1,1,"[0, 1, 0, 1]",1,False,False,4940528482804413,4940528483694550,9437184,0.8233280181884766,False
remote_2,14,1,1,"[1, 1, 0, 0]",1,True,False,4940528494029997,4940528495643459,9437184,1.568160057067871,False
six_3,15,1,1,"[1, 1, 2, 2]",1,False,False,4940528506097841,4940528507695843,9437184,1.553536057472229,False
six_0,15,1,1,"[2, 2, 1, 1]",1,False,False,4940528519849986,4940528523040343,18874368,3.1206719875335693,False
scale_62_group,15,1,1,"[15, 16, 15, 16]",1,False,False,4940528533434482,4940528557334863,150994944,23.855520248413086,False
scale_6_group,15,1,1,"[1, 2, 1, 2]",1,False,False,4940528567764469,4940528570153376,18874368,2.34768009185791,False
scale_10_rank,15,1,1,"[3, 3, 2, 2]",1,False,False,4940528580549410,4940528585221710,28311552,4.623104095458984,False
scale_10_group,15,1,1,"[2, 3, 2, 3]",1,False,False,4940528595631901,4940528599547756,28311552,3.8778879642486572,False
scale_2_group,15,1,1,"[0, 1, 0, 1]",1,False,False,4940528609961025,4940528610829472,9437184,0.815168023109436,False
two_single_1,15,1,1,"[0, 2, 0, 0]",1,False,False,4940528621117137,4940528622735607,18874368,1.5784319639205933,False
six_2,15,1,1,"[2, 1, 2, 1]",1,False,False,4940528633228305,4940528634813206,9437184,1.542240023612976,False
scale_4_group,15,1,1,"[1, 1, 1, 1]",1,False,False,4940528645970662,4940528647563674,9437184,1.5504319667816162,False
scale_14_rank,15,1,1,"[4, 4, 3, 3]",1,False,False,4940528657958454,4940528664192405,37748736,6.187935829162598,False
scale_62_rank,15,1,1,"[16, 16, 15, 15]",1,False,False,4940528674470261,4940528699135912,150994944,24.61801528930664,False
concurrency_2_rank,15,1,1,"[4, 4, 3, 3]",2,False,False,4940528709509087,4940528715750668,37748736,6.174272060394287,False
remote_2,15,1,1,"[1, 1, 0, 0]",1,True,False,4940528726138879,4940528727747044,9437184,1.5603200197219849,False
two_pair_1_3,15,1,1,"[0, 1, 0, 1]",1,False,False,4940528738175838,4940528739023646,9437184,0.8082879781723022,False
remote_1,15,1,1,"[1, 2, 1, 2]",1,True,False,4940528749361646,4940528751753526,18874368,2.351583957672119,False
concurrency_2_group,15,1,1,"[3, 4, 3, 4]",2,False,False,4940528762223051,4940528767700240,37748736,5.4169921875,False
remote_0,15,1,1,"[2, 2, 1, 1]",1,True,False,4940528778109792,4940528781262608,18874368,3.099679946899414,False
scale_2_rank,15,1,1,"[1, 1, 0, 0]",1,False,False,4940528791709591,4940528793318514,9437184,1.563423991203308,False
two_pair_1_2,15,1,1,"[0, 1, 1, 0]",1,False,False,4940528803767386,4940528804614414,9437184,0.8075199723243713,False
concurrency_4_group,15,1,1,"[3, 4, 3, 4]",4,False,False,4940528814892180,4940528820403393,37748736,5.41487979888916,False
two_single_3,15,1,1,"[0, 0, 0, 2]",1,False,False,4940528830773267,4940528830833526,0,0,False
concurrency_4_rank,15,1,1,"[4, 4, 3, 3]",4,False,False,4940528842712407,4940528849004110,37748736,6.189023971557617,False
two_single_0,15,1,1,"[2, 0, 0, 0]",1,False,False,4940528859432748,4940528859508052,0,0,False
scale_8_rank,15,1,1,"[2, 2, 2, 2]",1,False,False,4940528871577226,4940528874759141,18874368,3.100735902786255,False
scale_8_group,15,1,1,"[2, 2, 2, 2]",1,False,False,4940528885144833,4940528888319758,18874368,3.1232640743255615,False
two_pair_0_2,15,1,1,"[1, 0, 1, 0]",1,False,False,4940528898655890,4940528898730931,0,0,False
scale_50_rank,15,1,1,"[13, 13, 12, 12]",1,False,False,4940528909830050,4940528929905725,122683392,20.025279998779297,False
scale_50_group,15,1,1,"[12, 13, 12, 13]",1,False,False,4940528940361144,4940528959669652,122683392,19.262367248535156,False
two_pair_0_3,15,1,1,"[1, 0, 0, 1]",1,False,False,4940528970165009,4940528970249790,0,0,False
two_pair_0_1,15,1,1,"[1, 1, 0, 0]",1,False,False,4940528981441393,4940528983146088,9437184,1.6051520109176636,False
two_single_2,15,1,1,"[0, 0, 2, 0]",1,False,False,4940528993633621,4940528993709651,0,0,False
scale_14_group,15,1,1,"[3, 4, 3, 4]",1,False,False,4940529005669727,4940529011189234,37748736,5.447711944580078,False
two_pair_2_3,15,1,1,"[0, 0, 1, 1]",1,False,False,4940529021557815,4940529021626671,0,0,False
scale_4_rank,15,1,1,"[1, 1, 1, 1]",1,False,False,4940529033722417,4940529035348984,9437184,1.5712319612503052,False
six_1,15,1,1,"[1, 2, 1, 2]",1,False,False,4940529045748582,4940529048166441,18874368,2.363584041595459,False
scale_6_rank,15,1,1,"[2, 2, 1, 1]",1,False,False,4940529058506542,4940529061679565,18874368,3.1189119815826416,False
remote_3,15,1,1,"[1, 0, 1, 0]",1,True,False,4940529072047222,4940529072111252,0,0,False
two_single_1,16,1,1,"[0, 2, 0, 0]",1,False,False,4940529083290758,4940529084913057,18874368,1.5817279815673828,False
six_0,16,1,1,"[2, 2, 1, 1]",1,False,False,4940529095192284,4940529098348746,18874368,3.107743978500366,False
two_pair_1_2,16,1,1,"[0, 1, 1, 0]",1,False,False,4940529108696048,4940529109549266,9437184,0.8108479976654053,False
remote_2,16,1,1,"[1, 1, 0, 0]",1,True,False,4940529119857827,4940529121490563,9437184,1.5803200006484985,False
two_pair_2_3,16,1,1,"[0, 0, 1, 1]",1,False,False,4940529131905757,4940529131969621,0,0,False
concurrency_4_group,16,1,1,"[3, 4, 3, 4]",4,False,False,4940529144056178,4940529149588785,37748736,5.437056064605713,False
scale_10_rank,16,1,1,"[3, 3, 2, 2]",1,False,False,4940529159995800,4940529164666661,28311552,4.6211838722229,False
scale_6_group,16,1,1,"[1, 2, 1, 2]",1,False,False,4940529175030429,4940529177431854,18874368,2.345088005065918,False
scale_14_rank,16,1,1,"[4, 4, 3, 3]",1,False,False,4940529187754135,4940529193975876,37748736,6.175583839416504,False
scale_62_rank,16,1,1,"[16, 16, 15, 15]",1,False,False,4940529204348330,4940529229040884,150994944,24.644256591796875,False
scale_10_group,16,1,1,"[2, 3, 2, 3]",1,False,False,4940529239477071,4940529243407381,28311552,3.8863039016723633,False
scale_50_rank,16,1,1,"[13, 13, 12, 12]",1,False,False,4940529253813107,4940529273851995,122683392,19.99228858947754,False
concurrency_2_group,16,1,1,"[3, 4, 3, 4]",2,False,False,4940529284286347,4940529289790459,37748736,5.434144020080566,False
two_single_0,16,1,1,"[2, 0, 0, 0]",1,False,False,4940529300177620,4940529300247658,0,0,False
scale_14_group,16,1,1,"[3, 4, 3, 4]",1,False,False,4940529312332676,4940529317807596,37748736,5.409599781036377,False
two_pair_1_3,16,1,1,"[0, 1, 0, 1]",1,False,False,4940529328310200,4940529329164554,9437184,0.8116160035133362,False
six_3,16,1,1,"[1, 1, 2, 2]",1,False,False,4940529339506229,4940529341112736,9437184,1.561951994895935,False
two_pair_0_1,16,1,1,"[1, 1, 0, 0]",1,False,False,4940529353082795,4940529354714155,9437184,1.5735360383987427,False
two_pair_0_2,16,1,1,"[1, 0, 1, 0]",1,False,False,4940529365131438,4940529365189690,0,0,False
scale_2_rank,16,1,1,"[1, 1, 0, 0]",1,False,False,4940529376301084,4940529377930912,9437184,1.58297598361969,False
scale_2_group,16,1,1,"[0, 1, 0, 1]",1,False,False,4940529388310116,4940529389173972,9437184,0.8176959753036499,False
scale_50_group,16,1,1,"[12, 13, 12, 13]",1,False,False,4940529399533120,4940529418817073,122683392,19.24492835998535,False
scale_4_group,16,1,1,"[1, 1, 1, 1]",1,False,False,4940529429189560,4940529430797769,9437184,1.5640640258789062,False
two_single_3,16,1,1,"[0, 0, 0, 2]",1,False,False,4940529441196131,4940529441275687,0,0,False
two_single_2,16,1,1,"[0, 0, 2, 0]",1,False,False,4940529453197582,4940529453256877,0,0,False
six_2,16,1,1,"[2, 1, 2, 1]",1,False,False,4940529465167998,4940529467019595,9437184,1.668895959854126,False
scale_62_group,16,1,1,"[15, 16, 15, 16]",1,False,False,4940529477897579,4940529501815907,150994944,23.82988739013672,False
remote_1,16,1,1,"[1, 2, 1, 2]",1,True,False,4940529512294790,4940529514712427,18874368,2.364799976348877,False
scale_6_rank,16,1,1,"[2, 2, 1, 1]",1,False,False,4940529525084323,4940529528258893,18874368,3.1191039085388184,False
remote_0,16,1,1,"[2, 2, 1, 1]",1,True,False,4940529538612580,4940529541798674,18874368,3.131455898284912,False
scale_8_group,16,1,1,"[2, 2, 2, 2]",1,False,False,4940529552191929,4940529555375608,18874368,3.1187520027160645,False
two_pair_0_3,16,1,1,"[1, 0, 0, 1]",1,False,False,4940529565781721,4940529565856239,0,0,False
scale_8_rank,16,1,1,"[2, 2, 2, 2]",1,False,False,4940529576959982,4940529580129625,18874368,3.122335910797119,False
concurrency_2_rank,16,1,1,"[4, 4, 3, 3]",2,False,False,4940529590489938,4940529596751447,37748736,6.170495986938477,False
six_1,16,1,1,"[1, 2, 1, 2]",1,False,False,4940529607084021,4940529609515040,18874368,2.365504026412964,False
scale_4_rank,16,1,1,"[1, 1, 1, 1]",1,False,False,4940529619856206,4940529621506477,9437184,1.5880639553070068,False
concurrency_4_rank,16,1,1,"[4, 4, 3, 3]",4,False,False,4940529631898477,4940529638193611,37748736,6.176576137542725,False
remote_3,16,1,1,"[1, 0, 1, 0]",1,True,False,4940529648587043,4940529648672400,0,0,False
six_3,17,1,1,"[1, 1, 2, 2]",1,False,False,4940529659808386,4940529661447713,9437184,1.5879360437393188,False
concurrency_4_group,17,1,1,"[3, 4, 3, 4]",4,False,False,4940529673469761,4940529679011403,37748736,5.428351879119873,False
two_single_3,17,1,1,"[0, 0, 0, 2]",1,False,False,4940529689409773,4940529689492141,0,0,False
two_pair_1_3,17,1,1,"[0, 1, 0, 1]",1,False,False,4940529701589987,4940529702466883,9437184,0.826304018497467,False
scale_2_rank,17,1,1,"[1, 1, 0, 0]",1,False,False,4940529712809086,4940529714418406,9437184,1.5631040334701538,False
scale_10_rank,17,1,1,"[3, 3, 2, 2]",1,False,False,4940529724791586,4940529729478843,28311552,4.64134407043457,False
two_pair_0_1,17,1,1,"[1, 1, 0, 0]",1,False,False,4940529739895704,4940529741502241,9437184,1.563264012336731,False
concurrency_2_rank,17,1,1,"[4, 4, 3, 3]",2,False,False,4940529751920697,4940529758162920,37748736,6.1742401123046875,False
scale_8_group,17,1,1,"[2, 2, 2, 2]",1,False,False,4940529768534941,4940529771679483,18874368,3.1007680892944336,False
six_2,17,1,1,"[2, 1, 2, 1]",1,False,False,4940529782109346,4940529783719503,9437184,1.5646079778671265,False
scale_14_rank,17,1,1,"[4, 4, 3, 3]",1,False,False,4940529794844451,4940529801092124,37748736,6.190432071685791,False
scale_50_rank,17,1,1,"[13, 13, 12, 12]",1,False,False,4940529811445302,4940529831506905,122683392,20.011327743530273,False
remote_1,17,1,1,"[1, 2, 1, 2]",1,True,False,4940529841929504,4940529844323363,18874368,2.3490560054779053,False
two_pair_0_3,17,1,1,"[1, 0, 0, 1]",1,False,False,4940529854701546,4940529854760647,0,0,False
concurrency_2_group,17,1,1,"[3, 4, 3, 4]",2,False,False,4940529865933510,4940529871405020,37748736,5.414976119995117,False
concurrency_4_rank,17,1,1,"[4, 4, 3, 3]",4,False,False,4940529881804411,4940529888082573,37748736,6.174655914306641,False
two_single_2,17,1,1,"[0, 0, 2, 0]",1,False,False,4940529898455840,4940529898525905,0,0,False
two_pair_2_3,17,1,1,"[0, 0, 1, 1]",1,False,False,4940529910333091,4940529910426668,0,0,False
two_pair_0_2,17,1,1,"[1, 0, 1, 0]",1,False,False,4940529922453919,4940529922528290,0,0,False
remote_3,17,1,1,"[1, 0, 1, 0]",1,True,False,4940529933688921,4940529933757701,0,0,False
two_single_0,17,1,1,"[2, 0, 0, 0]",1,False,False,4940529944878489,4940529944944343,0,0,False
scale_62_group,17,1,1,"[15, 16, 15, 16]",1,False,False,4940529956861460,4940529980783072,150994944,23.859615325927734,False
remote_0,17,1,1,"[2, 2, 1, 1]",1,True,False,4940529991144900,4940529994327035,18874368,3.116607904434204,False
scale_8_rank,17,1,1,"[2, 2, 2, 2]",1,False,False,4940530004734947,4940530007901181,18874368,3.1173760890960693,False
scale_50_group,17,1,1,"[12, 13, 12, 13]",1,False,False,4940530018303079,4940530037604633,122683392,19.252927780151367,False
scale_2_group,17,1,1,"[0, 1, 0, 1]",1,False,False,4940530048058001,4940530048926975,9437184,0.8175039887428284,False
remote_2,17,1,1,"[1, 1, 0, 0]",1,True,False,4940530059230753,4940530060872870,9437184,1.5733760595321655,False
six_1,17,1,1,"[1, 2, 1, 2]",1,False,False,4940530071184456,4940530073604393,18874368,2.365056037902832,False
scale_6_group,17,1,1,"[1, 2, 1, 2]",1,False,False,4940530083970958,4940530086366650,18874368,2.348576068878174,False
six_0,17,1,1,"[2, 2, 1, 1]",1,False,False,4940530096725085,4940530099867761,18874368,3.0912959575653076,False
scale_62_rank,17,1,1,"[16, 16, 15, 15]",1,False,False,4940530110305581,4940530134999319,150994944,24.63360023498535,False
scale_6_rank,17,1,1,"[2, 2, 1, 1]",1,False,False,4940530145489866,4940530148716994,18874368,3.1462080478668213,False
scale_4_rank,17,1,1,"[1, 1, 1, 1]",1,False,False,4940530159102973,4940530160757168,9437184,1.5822720527648926,False
two_single_1,17,1,1,"[0, 2, 0, 0]",1,False,False,4940530171134337,4940530172765759,18874368,1.58515202999115,False
scale_4_group,17,1,1,"[1, 1, 1, 1]",1,False,False,4940530183049179,4940530184674510,9437184,1.579200029373169,False
scale_10_group,17,1,1,"[2, 3, 2, 3]",1,False,False,4940530195039933,4940530198976552,28311552,3.887392044067383,False
two_pair_1_2,17,1,1,"[0, 1, 1, 0]",1,False,False,4940530209286725,4940530210133638,9437184,0.8065599799156189,False
scale_14_group,17,1,1,"[3, 4, 3, 4]",1,False,False,4940530220461206,4940530225911397,37748736,5.412992000579834,False
two_single_2,18,1,1,"[0, 0, 2, 0]",1,False,False,4940530236335989,4940530236422079,0,0,False
two_pair_0_2,18,1,1,"[1, 0, 1, 0]",1,False,False,4940530248398018,4940530248461895,0,0,False
scale_50_rank,18,1,1,"[13, 13, 12, 12]",1,False,False,4940530259588852,4940530279645273,122683392,20.013376235961914,False
scale_8_group,18,1,1,"[2, 2, 2, 2]",1,False,False,4940530290124539,4940530293295943,18874368,3.123552083969116,False
concurrency_4_group,18,1,1,"[3, 4, 3, 4]",4,False,False,4940530303666055,4940530309188422,37748736,5.423232078552246,False
six_0,18,1,1,"[2, 2, 1, 1]",1,False,False,4940530319553848,4940530322701749,18874368,3.099679946899414,False
concurrency_2_rank,18,1,1,"[4, 4, 3, 3]",2,False,False,4940530333083397,4940530339317425,37748736,6.169536113739014,False
scale_4_rank,18,1,1,"[1, 1, 1, 1]",1,False,False,4940530349717262,4940530351331779,9437184,1.5633920431137085,False
six_1,18,1,1,"[1, 2, 1, 2]",1,False,False,4940530361735625,4940530364117998,18874368,2.3445119857788086,False
scale_10_rank,18,1,1,"[3, 3, 2, 2]",1,False,False,4940530374466069,4940530379165470,28311552,4.649375915527344,False
six_3,18,1,1,"[1, 1, 2, 2]",1,False,False,4940530389551383,4940530391161807,9437184,1.565567970275879,False
scale_62_group,18,1,1,"[15, 16, 15, 16]",1,False,False,4940530403178422,4940530427095806,150994944,23.858144760131836,False
scale_2_rank,18,1,1,"[1, 1, 0, 0]",1,False,False,4940530437464837,4940530439095866,9437184,1.5821759700775146,False
scale_6_group,18,1,1,"[1, 2, 1, 2]",1,False,False,4940530449466308,4940530451868090,18874368,2.352544069290161,False
remote_1,18,1,1,"[1, 2, 1, 2]",1,True,False,4940530462313600,4940530464709018,18874368,2.3483519554138184,False
remote_2,18,1,1,"[1, 1, 0, 0]",1,True,False,4940530475101823,4940530476733319,9437184,1.5762879848480225,False
two_single_1,18,1,1,"[0, 2, 0, 0]",1,False,False,4940530487059207,4940530488732718,18874368,1.6009600162506104,False
scale_4_group,18,1,1,"[1, 1, 1, 1]",1,False,False,4940530499048703,4940530500681307,9437184,1.5708160400390625,False
scale_8_rank,18,1,1,"[2, 2, 2, 2]",1,False,False,4940530511056419,4940530514233039,18874368,3.1207358837127686,False
scale_50_group,18,1,1,"[12, 13, 12, 13]",1,False,False,4940530524633770,4940530543941578,122683392,19.25315284729004,False
remote_3,18,1,1,"[1, 0, 1, 0]",1,True,False,4940530554359138,4940530554430440,0,0,False
scale_10_group,18,1,1,"[2, 3, 2, 3]",1,False,False,4940530565557283,4940530569483700,28311552,3.887455940246582,False
scale_14_group,18,1,1,"[3, 4, 3, 4]",1,False,False,4940530579785490,4940530585252300,37748736,5.420415878295898,False
two_pair_2_3,18,1,1,"[0, 0, 1, 1]",1,False,False,4940530595576801,4940530595638040,0,0,False
concurrency_2_group,18,1,1,"[3, 4, 3, 4]",2,False,False,4940530607578956,4940530613068244,37748736,5.408512115478516,False
two_pair_0_3,18,1,1,"[1, 0, 0, 1]",1,False,False,4940530623382264,4940530623446468,0,0,False
scale_62_rank,18,1,1,"[16, 16, 15, 15]",1,False,False,4940530634564981,4940530659224252,150994944,24.606271743774414,False
scale_6_rank,18,1,1,"[2, 2, 1, 1]",1,False,False,4940530669662330,4940530672847960,18874368,3.124255895614624,False
remote_0,18,1,1,"[2, 2, 1, 1]",1,True,False,4940530683166166,4940530686338493,18874368,3.1209919452667236,False
six_2,18,1,1,"[2, 1, 2, 1]",1,False,False,4940530696723474,4940530698349610,9437184,1.5691519975662231,False
two_single_0,18,1,1,"[2, 0, 0, 0]",1,False,False,4940530709519392,4940530709581611,0,0,False
concurrency_4_rank,18,1,1,"[4, 4, 3, 3]",4,False,False,4940530721546175,4940530727850922,37748736,6.199584007263184,False
scale_2_group,18,1,1,"[0, 1, 0, 1]",1,False,False,4940530738290026,4940530739147164,9437184,0.8119999766349792,False
scale_14_rank,18,1,1,"[4, 4, 3, 3]",1,False,False,4940530749457645,4940530755673275,37748736,6.165503978729248,False
two_pair_0_1,18,1,1,"[1, 1, 0, 0]",1,False,False,4940530766047632,4940530767662935,9437184,1.5666240453720093,False
two_pair_1_2,18,1,1,"[0, 1, 1, 0]",1,False,False,4940530778044708,4940530778919296,9437184,0.8206080198287964,False
two_single_3,18,1,1,"[0, 0, 0, 2]",1,False,False,4940530789212578,4940530789282356,0,0,False
two_pair_1_3,18,1,1,"[0, 1, 0, 1]",1,False,False,4940530801247552,4940530802142808,9437184,0.8270080089569092,False
scale_10_rank,19,1,1,"[3, 3, 2, 2]",1,False,False,4940530812439715,4940530817129909,28311552,4.639135837554932,False
two_pair_0_1,19,1,1,"[1, 1, 0, 0]",1,False,False,4940530827530926,4940530829159118,9437184,1.5725760459899902,False
two_pair_0_2,19,1,1,"[1, 0, 1, 0]",1,False,False,4940530839547390,4940530839618015,0,0,False
scale_50_rank,19,1,1,"[13, 13, 12, 12]",1,False,False,4940530850705343,4940530870783955,122683392,20.0216007232666,False
two_pair_2_3,19,1,1,"[0, 0, 1, 1]",1,False,False,4940530881161082,4940530881242822,0,0,False
concurrency_4_rank,19,1,1,"[4, 4, 3, 3]",4,False,False,4940530893118550,4940530899445505,37748736,6.191648006439209,False
scale_50_group,19,1,1,"[12, 13, 12, 13]",1,False,False,4940530909835879,4940530929199502,122683392,19.29974365234375,False
remote_0,19,1,1,"[2, 2, 1, 1]",1,True,False,4940530939625440,4940530942810645,18874368,3.125152111053467,False
scale_4_rank,19,1,1,"[1, 1, 1, 1]",1,False,False,4940530953161864,4940530954794990,9437184,1.5792640447616577,False
six_3,19,1,1,"[1, 1, 2, 2]",1,False,False,4940530965182911,4940530966833240,9437184,1.572767972946167,False
concurrency_4_group,19,1,1,"[3, 4, 3, 4]",4,False,False,4940530978664738,4940530984208202,37748736,5.429759979248047,False
six_0,19,1,1,"[2, 2, 1, 1]",1,False,False,4940530994495292,4940530997676601,18874368,3.1255040168762207,False
two_single_2,19,1,1,"[0, 0, 2, 0]",1,False,False,4940531008030792,4940531008113158,0,0,False
scale_6_rank,19,1,1,"[2, 2, 1, 1]",1,False,False,4940531020048229,4940531023243746,18874368,3.122335910797119,False
scale_8_rank,19,1,1,"[2, 2, 2, 2]",1,False,False,4940531033633882,4940531036804135,18874368,3.122015953063965,False
scale_62_group,19,1,1,"[15, 16, 15, 16]",1,False,False,4940531047174455,4940531071100301,150994944,23.876800537109375,False
scale_62_rank,19,1,1,"[16, 16, 15, 15]",1,False,False,4940531081542867,4940531106093537,150994944,24.49407958984375,False
scale_2_group,19,1,1,"[0, 1, 0, 1]",1,False,False,4940531116629960,4940531117502640,9437184,0.8227840065956116,False
scale_4_group,19,1,1,"[1, 1, 1, 1]",1,False,False,4940531127892513,4940531129503307,9437184,1.563040018081665,False
two_pair_1_3,19,1,1,"[0, 1, 0, 1]",1,False,False,4940531139891063,4940531140749895,9437184,0.8143680095672607,False
scale_2_rank,19,1,1,"[1, 1, 0, 0]",1,False,False,4940531151065256,4940531152686310,9437184,1.5685759782791138,False
six_2,19,1,1,"[2, 1, 2, 1]",1,False,False,4940531163012194,4940531164636865,9437184,1.5712319612503052,False
two_single_0,19,1,1,"[2, 0, 0, 0]",1,False,False,4940531175765937,4940531175843027,0,0,False
scale_6_group,19,1,1,"[1, 2, 1, 2]",1,False,False,4940531187796732,4940531190225979,18874368,2.3390719890594482,False
two_single_3,19,1,1,"[0, 0, 0, 2]",1,False,False,4940531200661584,4940531200734311,0,0,False
six_1,19,1,1,"[1, 2, 1, 2]",1,False,False,4940531212754266,4940531215157665,18874368,2.3417279720306396,False
concurrency_2_group,19,1,1,"[3, 4, 3, 4]",2,False,False,4940531225563754,4940531231045834,37748736,5.419712066650391,False
remote_2,19,1,1,"[1, 1, 0, 0]",1,True,False,4940531241438371,4940531243055108,9437184,1.5710079669952393,False
scale_8_group,19,1,1,"[2, 2, 2, 2]",1,False,False,4940531253490777,4940531256642937,18874368,3.106015920639038,False
scale_14_rank,19,1,1,"[4, 4, 3, 3]",1,False,False,4940531266984543,4940531273221684,37748736,6.185120105743408,False
scale_10_group,19,1,1,"[2, 3, 2, 3]",1,False,False,4940531283653491,4940531287579838,28311552,3.882335901260376,False
two_single_1,19,1,1,"[0, 2, 0, 0]",1,False,False,4940531297997945,4940531299616868,18874368,1.5785919427871704,False
scale_14_group,19,1,1,"[3, 4, 3, 4]",1,False,False,4940531309947513,4940531315403366,37748736,5.414527893066406,False
remote_1,19,1,1,"[1, 2, 1, 2]",1,True,False,4940531325799319,4940531328187979,18874368,2.3461759090423584,False
concurrency_2_rank,19,1,1,"[4, 4, 3, 3]",2,False,False,4940531338489069,4940531344719681,37748736,6.166431903839111,False
two_pair_1_2,19,1,1,"[0, 1, 1, 0]",1,False,False,4940531355045292,4940531356056018,9437184,0.8151040077209473,False
two_pair_0_3,19,1,1,"[1, 0, 0, 1]",1,False,False,4940531366299820,4940531366357546,0,0,False
remote_3,19,1,1,"[1, 0, 1, 0]",1,True,False,4940531377508230,4940531377564685,0,0,False
concurrency_2_rank,20,1,1,"[4, 4, 3, 3]",2,False,False,4940531388716172,4940531394950719,37748736,6.171840190887451,False
six_2,20,1,1,"[2, 1, 2, 1]",1,False,False,4940531405352737,4940531406964309,9437184,1.5636800527572632,False
scale_6_group,20,1,1,"[1, 2, 1, 2]",1,False,False,4940531418124203,4940531420510834,18874368,2.3449599742889404,False
scale_8_rank,20,1,1,"[2, 2, 2, 2]",1,False,False,4940531430829606,4940531433988142,18874368,3.1085760593414307,False
remote_1,20,1,1,"[1, 2, 1, 2]",1,True,False,4940531444357980,4940531446750639,18874368,2.3466880321502686,False
two_single_3,20,1,1,"[0, 0, 0, 2]",1,False,False,4940531457089528,4940531457158067,0,0,False
concurrency_4_group,20,1,1,"[3, 4, 3, 4]",4,False,False,4940531469201501,4940531474763622,37748736,5.435776233673096,False
scale_4_group,20,1,1,"[1, 1, 1, 1]",1,False,False,4940531485104232,4940531486721624,9437184,1.5684479475021362,False
scale_14_rank,20,1,1,"[4, 4, 3, 3]",1,False,False,4940531497112944,4940531503343686,37748736,5.9534077644348145,False
two_single_1,20,1,1,"[0, 2, 0, 0]",1,False,False,4940531513927473,4940531515558225,18874368,1.5820480585098267,False
two_pair_2_3,20,1,1,"[0, 0, 1, 1]",1,False,False,4940531526087748,4940531526151086,0,0,False
six_3,20,1,1,"[1, 1, 2, 2]",1,False,False,4940531538134223,4940531539779047,9437184,1.5822399854660034,False
two_pair_1_2,20,1,1,"[0, 1, 1, 0]",1,False,False,4940531551697597,4940531552575062,9437184,0.8184319734573364,False
two_single_0,20,1,1,"[2, 0, 0, 0]",1,False,False,4940531562839833,4940531562902746,0,0,False
two_pair_0_1,20,1,1,"[1, 1, 0, 0]",1,False,False,4940531574726906,4940531576338843,9437184,1.5707199573516846,False
remote_2,20,1,1,"[1, 1, 0, 0]",1,True,False,4940531586667040,4940531588286216,9437184,1.5743039846420288,False
remote_3,20,1,1,"[1, 0, 1, 0]",1,True,False,4940531598570074,4940531598633375,0,0,False
scale_10_group,20,1,1,"[2, 3, 2, 3]",1,False,False,4940531609710734,4940531613638201,28311552,3.882080078125,False
remote_0,20,1,1,"[2, 2, 1, 1]",1,True,False,4940531624009549,4940531627162441,18874368,3.1086719036102295,False
six_1,20,1,1,"[1, 2, 1, 2]",1,False,False,4940531637539523,4940531639920692,18874368,2.340672016143799,False
scale_6_rank,20,1,1,"[2, 2, 1, 1]",1,False,False,4940531650287930,4940531653439362,18874368,3.1097280979156494,False
two_pair_0_3,20,1,1,"[1, 0, 0, 1]",1,False,False,4940531663857276,4940531663923586,0,0,False
six_0,20,1,1,"[2, 2, 1, 1]",1,False,False,4940531675050083,4940531678223178,18874368,3.1225600242614746,False
scale_2_rank,20,1,1,"[1, 1, 0, 0]",1,False,False,4940531688695292,4940531690314794,9437184,1.5674560070037842,False
scale_62_rank,20,1,1,"[16, 16, 15, 15]",1,False,False,4940531700742921,4940531725398289,150994944,24.607711791992188,False
concurrency_4_rank,20,1,1,"[4, 4, 3, 3]",4,False,False,4940531735798346,4940531742121315,37748736,6.207136154174805,False
scale_50_group,20,1,1,"[12, 13, 12, 13]",1,False,False,4940531752501497,4940531771828135,122683392,19.274303436279297,False
two_pair_0_2,20,1,1,"[1, 0, 1, 0]",1,False,False,4940531782259539,4940531782326062,0,0,False
scale_2_group,20,1,1,"[0, 1, 0, 1]",1,False,False,4940531793431810,4940531794281178,9437184,0.8104320168495178,False
two_single_2,20,1,1,"[0, 0, 2, 0]",1,False,False,4940531804614966,4940531804676848,0,0,False
scale_10_rank,20,1,1,"[3, 3, 2, 2]",1,False,False,4940531816705768,4940531821346263,28311552,4.597023963928223,False
scale_50_rank,20,1,1,"[13, 13, 12, 12]",1,False,False,4940531831850643,4940531851861928,122683392,19.969087600708008,False
scale_8_group,20,1,1,"[2, 2, 2, 2]",1,False,False,4940531862268452,4940531865458965,18874368,3.1254398822784424,False
concurrency_2_group,20,1,1,"[3, 4, 3, 4]",2,False,False,4940531875901696,4940531881399953,37748736,5.4303998947143555,False
scale_14_group,20,1,1,"[3, 4, 3, 4]",1,False,False,4940531891756733,4940531897220258,37748736,5.419839859008789,False
scale_62_group,20,1,1,"[15, 16, 15, 16]",1,False,False,4940531907579242,4940531931518736,150994944,23.896799087524414,False
two_pair_1_3,20,1,1,"[0, 1, 0, 1]",1,False,False,4940531941928800,4940531942803727,9437184,0.8246719837188721,False
scale_4_rank,20,1,1,"[1, 1, 1, 1]",1,False,False,4940531953119740,4940531954723203,9437184,1.553056001663208,False
scale_8_rank,21,1,1,"[2, 2, 2, 2]",1,False,False,4940531965143887,4940531968298107,18874368,3.1022400856018066,False
remote_0,21,1,1,"[2, 2, 1, 1]",1,True,False,4940531978681362,4940531981833201,18874368,3.1086080074310303,False
remote_1,21,1,1,"[1, 2, 1, 2]",1,True,False,4940531992209926,4940531994609921,18874368,2.358016014099121,False
six_3,21,1,1,"[1, 1, 2, 2]",1,False,False,4940532005031239,4940532006669691,9437184,1.5790400505065918,False
two_single_3,21,1,1,"[0, 0, 0, 2]",1,False,False,4940532018533551,4940532018648883,0,0,False
scale_62_rank,21,1,1,"[16, 16, 15, 15]",1,False,False,4940532030472389,4940532055259516,150994944,24.687360763549805,False
remote_3,21,1,1,"[1, 0, 1, 0]",1,True,False,4940532065727685,4940532065798427,0,0,False
scale_14_group,21,1,1,"[3, 4, 3, 4]",1,False,False,4940532076958042,4940532082432610,37748736,5.437344074249268,False
concurrency_4_group,21,1,1,"[3, 4, 3, 4]",4,False,False,4940532092796748,4940532098329999,37748736,5.431392192840576,False
scale_50_rank,21,1,1,"[13, 13, 12, 12]",1,False,False,4940532108693905,4940532128768336,122683392,20.02467155456543,False
concurrency_2_group,21,1,1,"[3, 4, 3, 4]",2,False,False,4940532139131112,4940532144614007,37748736,5.4170241355896,False
two_single_1,21,1,1,"[0, 2, 0, 0]",1,False,False,4940532155074386,4940532156692466,18874368,1.5779520273208618,False
scale_6_rank,21,1,1,"[2, 2, 1, 1]",1,False,False,4940532167008982,4940532170163879,18874368,3.1047680377960205,False
scale_2_group,21,1,1,"[0, 1, 0, 1]",1,False,False,4940532180521454,4940532181371398,9437184,0.8107200264930725,False
scale_6_group,21,1,1,"[1, 2, 1, 2]",1,False,False,4940532191815871,4940532194225921,18874368,2.359488010406494,False
two_pair_0_2,21,1,1,"[1, 0, 1, 0]",1,False,False,4940532204587703,4940532204666164,0,0,False
scale_8_group,21,1,1,"[2, 2, 2, 2]",1,False,False,4940532215801328,4940532218968681,18874368,3.1204159259796143,False
scale_10_group,21,1,1,"[2, 3, 2, 3]",1,False,False,4940532229384333,4940532233319669,28311552,3.88700795173645,False
six_1,21,1,1,"[1, 2, 1, 2]",1,False,False,4940532243725789,4940532246122371,18874368,2.3487679958343506,False
six_2,21,1,1,"[2, 1, 2, 1]",1,False,False,4940532256492564,4940532258100930,9437184,1.5563839673995972,False
concurrency_2_rank,21,1,1,"[4, 4, 3, 3]",2,False,False,4940532269280855,4940532275523785,37748736,6.173312187194824,False
remote_2,21,1,1,"[1, 1, 0, 0]",1,True,False,4940532286057861,4940532287670840,9437184,1.567903995513916,False
two_single_0,21,1,1,"[2, 0, 0, 0]",1,False,False,4940532298115457,4940532298173692,0,0,False
two_pair_2_3,21,1,1,"[0, 0, 1, 1]",1,False,False,4940532310235959,4940532310330503,0,0,False
scale_50_group,21,1,1,"[12, 13, 12, 13]",1,False,False,4940532322306538,4940532341635418,122683392,19.258527755737305,False
two_pair_1_3,21,1,1,"[0, 1, 0, 1]",1,False,False,4940532352015444,4940532352881767,9437184,0.8189759850502014,False
two_pair_1_2,21,1,1,"[0, 1, 1, 0]",1,False,False,4940532363191762,4940532364036420,9437184,0.8069440126419067,False
scale_62_group,21,1,1,"[15, 16, 15, 16]",1,False,False,4940532374367671,4940532398266269,150994944,23.861087799072266,False
scale_4_rank,21,1,1,"[1, 1, 1, 1]",1,False,False,4940532408853002,4940532410489856,9437184,1.5691200494766235,False
two_pair_0_1,21,1,1,"[1, 1, 0, 0]",1,False,False,4940532420919662,4940532422526354,9437184,1.5525120496749878,False
two_single_2,21,1,1,"[0, 0, 2, 0]",1,False,False,4940532432984656,4940532433043965,0,0,False
scale_10_rank,21,1,1,"[3, 3, 2, 2]",1,False,False,4940532445145695,4940532449897598,28311552,4.658592224121094,False
two_pair_0_3,21,1,1,"[1, 0, 0, 1]",1,False,False,4940532460286753,4940532460350895,0,0,False
scale_14_rank,21,1,1,"[4, 4, 3, 3]",1,False,False,4940532471545402,4940532477780741,37748736,6.169536113739014,False
concurrency_4_rank,21,1,1,"[4, 4, 3, 3]",4,False,False,4940532488235449,4940532494523203,37748736,6.173439979553223,False
scale_2_rank,21,1,1,"[1, 1, 0, 0]",1,False,False,4940532504859439,4940532506170764,9437184,1.2506879568099976,False
scale_4_group,21,1,1,"[1, 1, 1, 1]",1,False,False,4940532517069481,4940532518659411,9437184,1.5487359762191772,False
six_0,21,1,1,"[2, 2, 1, 1]",1,False,False,4940532529179258,4940532532317394,18874368,3.0974080562591553,False
concurrency_4_rank,22,1,1,"[4, 4, 3, 3]",4,False,False,4940532542691691,4940532548938983,37748736,6.150271892547607,False
two_single_0,22,1,1,"[2, 0, 0, 0]",1,False,False,4940532559276913,4940532559333510,0,0,False
scale_62_group,22,1,1,"[15, 16, 15, 16]",1,False,False,4940532571193165,4940532595117309,150994944,23.849824905395508,False
two_pair_2_3,22,1,1,"[0, 0, 1, 1]",1,False,False,4940532605549544,4940532605625900,0,0,False
two_single_3,22,1,1,"[0, 0, 0, 2]",1,False,False,4940532617647040,4940532617741235,0,0,False
scale_6_rank,22,1,1,"[2, 2, 1, 1]",1,False,False,4940532629791791,4940532632985767,18874368,3.133280038833618,False
two_pair_1_2,22,1,1,"[0, 1, 1, 0]",1,False,False,4940532643311212,4940532644165491,9437184,0.8141440153121948,False
six_1,22,1,1,"[1, 2, 1, 2]",1,False,False,4940532654447402,4940532656848420,18874368,2.3618879318237305,False
remote_0,22,1,1,"[2, 2, 1, 1]",1,True,False,4940532667204151,4940532670343186,18874368,3.0948479175567627,False
two_pair_0_3,22,1,1,"[1, 0, 0, 1]",1,False,False,4940532680776345,4940532680852054,0,0,False
scale_10_group,22,1,1,"[2, 3, 2, 3]",1,False,False,4940532691942227,4940532695877585,28311552,3.89302396774292,False
scale_14_group,22,1,1,"[3, 4, 3, 4]",1,False,False,4940532706269422,4940532711743514,37748736,5.422848224639893,False
scale_2_group,22,1,1,"[0, 1, 0, 1]",1,False,False,4940532722117053,4940532722971211,9437184,0.8106240034103394,False
scale_4_group,22,1,1,"[1, 1, 1, 1]",1,False,False,4940532733299943,4940532734899689,9437184,1.5565119981765747,False
scale_6_group,22,1,1,"[1, 2, 1, 2]",1,False,False,4940532745219266,4940532747603550,18874368,2.344223976135254,False
six_0,22,1,1,"[2, 2, 1, 1]",1,False,False,4940532757927884,4940532761064128,18874368,3.0883519649505615,False
scale_14_rank,22,1,1,"[4, 4, 3, 3]",1,False,False,4940532771439395,4940532777658529,37748736,6.177023887634277,False
two_pair_0_1,22,1,1,"[1, 1, 0, 0]",1,False,False,4940532788083969,4940532789712480,9437184,1.580672025680542,False
scale_10_rank,22,1,1,"[3, 3, 2, 2]",1,False,False,4940532800118320,4940532804808916,28311552,4.648384094238281,False
concurrency_4_group,22,1,1,"[3, 4, 3, 4]",4,False,False,4940532815089230,4940532820619572,37748736,5.426144123077393,False
remote_1,22,1,1,"[1, 2, 1, 2]",1,True,False,4940532830917442,4940532833299982,18874368,2.3427839279174805,False
scale_62_rank,22,1,1,"[16, 16, 15, 15]",1,False,False,4940532843634723,4940532868259547,150994944,24.583040237426758,False
scale_8_group,22,1,1,"[2, 2, 2, 2]",1,False,False,4940532878641435,4940532881772834,18874368,3.091200113296509,False
scale_50_rank,22,1,1,"[13, 13, 12, 12]",1,False,False,4940532892296598,4940532912324931,122683392,19.982816696166992,False
two_single_1,22,1,1,"[0, 2, 0, 0]",1,False,False,4940532922755063,4940532924390237,18874368,1.5888320207595825,False
two_pair_1_3,22,1,1,"[0, 1, 0, 1]",1,False,False,4940532934707235,4940532935554390,9437184,0.8087679743766785,False
six_2,22,1,1,"[2, 1, 2, 1]",1,False,False,4940532945919147,4940532947510027,9437184,1.549504041671753,False
remote_2,22,1,1,"[1, 1, 0, 0]",1,True,False,4940532958704686,4940532960309467,9437184,1.559008002281189,False
two_single_2,22,1,1,"[0, 0, 2, 0]",1,False,False,4940532970674109,4940532970730440,0,0,False
concurrency_2_rank,22,1,1,"[4, 4, 3, 3]",2,False,False,4940532982586218,4940532988822980,37748736,6.173759937286377,False
scale_4_rank,22,1,1,"[1, 1, 1, 1]",1,False,False,4940532999108287,4940533000704544,9437184,1.5517120361328125,False
scale_50_group,22,1,1,"[12, 13, 12, 13]",1,False,False,4940533011088169,4940533030399714,122683392,19.26838493347168,False
remote_3,22,1,1,"[1, 0, 1, 0]",1,True,False,4940533040818270,4940533040879493,0,0,False
scale_8_rank,22,1,1,"[2, 2, 2, 2]",1,False,False,4940533052007861,4940533055149079,18874368,3.0984320640563965,False
scale_2_rank,22,1,1,"[1, 1, 0, 0]",1,False,False,4940533065549005,4940533067156677,9437184,1.5633920431137085,False
two_pair_0_2,22,1,1,"[1, 0, 1, 0]",1,False,False,4940533077529819,4940533077587210,0,0,False
concurrency_2_group,22,1,1,"[3, 4, 3, 4]",2,False,False,4940533088728800,4940533094200753,37748736,5.414912223815918,False
six_3,22,1,1,"[1, 1, 2, 2]",1,False,False,4940533104614030,4940533106216183,9437184,1.554751992225647,False
two_single_0,23,1,1,"[2, 0, 0, 0]",1,False,False,4940533118288884,4940533118377448,0,0,False
two_single_3,23,1,1,"[0, 0, 0, 2]",1,False,False,4940533130287936,4940533130371791,0,0,False
two_pair_1_3,23,1,1,"[0, 1, 0, 1]",1,False,False,4940533142383252,4940533143288322,9437184,0.834272027015686,False
scale_62_rank,23,1,1,"[16, 16, 15, 15]",1,False,False,4940533153639625,4940533178326721,150994944,24.626047134399414,False
scale_4_rank,23,1,1,"[1, 1, 1, 1]",1,False,False,4940533188714013,4940533190329685,9437184,1.561568021774292,False
two_pair_2_3,23,1,1,"[0, 0, 1, 1]",1,False,False,4940533200804945,4940533200871585,0,0,False
scale_62_group,23,1,1,"[15, 16, 15, 16]",1,False,False,4940533212874738,4940533236845543,150994944,23.886207580566406,False
scale_4_group,23,1,1,"[1, 1, 1, 1]",1,False,False,4940533247206703,4940533248858946,9437184,1.5869120359420776,False
remote_0,23,1,1,"[2, 2, 1, 1]",1,True,False,4940533259221590,4940533262386394,18874368,3.115583896636963,False
six_0,23,1,1,"[2, 2, 1, 1]",1,False,False,4940533272758079,4940533275903728,18874368,3.100640058517456,False
two_single_1,23,1,1,"[0, 2, 0, 0]",1,False,False,4940533286277558,4940533287898154,18874368,1.577728033065796,False
scale_10_group,23,1,1,"[2, 3, 2, 3]",1,False,False,4940533298306687,4940533302222336,28311552,3.876768112182617,False
remote_1,23,1,1,"[1, 2, 1, 2]",1,True,False,4940533312538679,4940533314933840,18874368,2.349152088165283,False
remote_2,23,1,1,"[1, 1, 0, 0]",1,True,False,4940533325358830,4940533326981608,9437184,1.5696959495544434,False
two_pair_0_3,23,1,1,"[1, 0, 0, 1]",1,False,False,4940533337404669,4940533337463751,0,0,False
scale_14_group,23,1,1,"[3, 4, 3, 4]",1,False,False,4940533348640732,4940533354119440,37748736,5.419007778167725,False
six_2,23,1,1,"[2, 1, 2, 1]",1,False,False,4940533364537913,4940533366145909,9437184,1.560960054397583,False
scale_50_group,23,1,1,"[12, 13, 12, 13]",1,False,False,4940533377360116,4940533396649192,122683392,19.23027229309082,False
scale_8_group,23,1,1,"[2, 2, 2, 2]",1,False,False,4940533407081672,4940533410268935,18874368,3.127455949783325,False
scale_6_group,23,1,1,"[1, 2, 1, 2]",1,False,False,4940533420694286,4940533423092357,18874368,2.347264051437378,False
scale_14_rank,23,1,1,"[4, 4, 3, 3]",1,False,False,4940533433426529,4940533439640587,37748736,6.170559883117676,False
scale_2_rank,23,1,1,"[1, 1, 0, 0]",1,False,False,4940533450089464,4940533451715019,9437184,1.5730559825897217,False
two_pair_0_1,23,1,1,"[1, 1, 0, 0]",1,False,False,4940533462136511,4940533463740211,9437184,1.5558079481124878,False
scale_8_rank,23,1,1,"[2, 2, 2, 2]",1,False,False,4940533474160747,4940533477307551,18874368,3.099423885345459,False
two_pair_0_2,23,1,1,"[1, 0, 1, 0]",1,False,False,4940533487758919,4940533487832194,0,0,False
scale_50_rank,23,1,1,"[13, 13, 12, 12]",1,False,False,4940533498989844,4940533519084202,122683392,20.042144775390625,False
scale_10_rank,23,1,1,"[3, 3, 2, 2]",1,False,False,4940533529498877,4940533534186225,28311552,4.635776042938232,False
concurrency_2_rank,23,1,1,"[4, 4, 3, 3]",2,False,False,4940533544620746,4940533550844166,37748736,6.157599925994873,False
concurrency_4_group,23,1,1,"[3, 4, 3, 4]",4,False,False,4940533561319782,4940533566830422,37748736,5.414271831512451,False
six_3,23,1,1,"[1, 1, 2, 2]",1,False,False,4940533577259324,4940533578883233,9437184,1.5726399421691895,False
six_1,23,1,1,"[1, 2, 1, 2]",1,False,False,4940533590843983,4940533593228958,18874368,2.34550404548645,False
remote_3,23,1,1,"[1, 0, 1, 0]",1,True,False,4940533603621224,4940533603690443,0,0,False
scale_2_group,23,1,1,"[0, 1, 0, 1]",1,False,False,4940533614849237,4940533615699988,9437184,0.8098880052566528,False
two_single_2,23,1,1,"[0, 0, 2, 0]",1,False,False,4940533626060474,4940533626121716,0,0,False
concurrency_2_group,23,1,1,"[3, 4, 3, 4]",2,False,False,4940533638090061,4940533643567954,37748736,5.416927814483643,False
scale_6_rank,23,1,1,"[2, 2, 1, 1]",1,False,False,4940533653968811,4940533657095833,18874368,3.0824320316314697,False
two_pair_1_2,23,1,1,"[0, 1, 1, 0]",1,False,False,4940533667588750,4940533668450364,9437184,0.814079999923706,False
concurrency_4_rank,23,1,1,"[4, 4, 3, 3]",4,False,False,4940533678850641,4940533685109667,37748736,6.158751964569092,False
concurrency_2_rank,24,1,1,"[4, 4, 3, 3]",2,False,False,4940533695565177,4940533701802658,37748736,6.172383785247803,False
two_single_3,24,1,1,"[0, 0, 0, 2]",1,False,False,4940533712215003,4940533712279219,0,0,False
remote_3,24,1,1,"[1, 0, 1, 0]",1,True,False,4940533724384309,4940533724471063,0,0,False
scale_10_group,24,1,1,"[2, 3, 2, 3]",1,False,False,4940533735642968,4940533739565505,28311552,3.8853440284729004,False
scale_14_group,24,1,1,"[3, 4, 3, 4]",1,False,False,4940533750005109,4940533755473785,37748736,5.421855926513672,False
scale_50_rank,24,1,1,"[13, 13, 12, 12]",1,False,False,4940533765848651,4940533785880987,122683392,19.987071990966797,False
two_pair_0_3,24,1,1,"[1, 0, 0, 1]",1,False,False,4940533796371220,4940533796431938,0,0,False
two_single_2,24,1,1,"[0, 0, 2, 0]",1,False,False,4940533807565695,4940533807625047,0,0,False
scale_14_rank,24,1,1,"[4, 4, 3, 3]",1,False,False,4940533819703530,4940533825967124,37748736,6.201824188232422,False
remote_2,24,1,1,"[1, 1, 0, 0]",1,True,False,4940533836442541,4940533838071204,9437184,1.5788480043411255,False
six_3,24,1,1,"[1, 1, 2, 2]",1,False,False,4940533848502560,4940533850115904,9437184,1.5692479610443115,False
concurrency_4_group,24,1,1,"[3, 4, 3, 4]",4,False,False,4940533862087625,4940533867648199,37748736,5.435103893280029,False
scale_6_rank,24,1,1,"[2, 2, 1, 1]",1,False,False,4940533878112755,4940533881251120,18874368,3.0933120250701904,False
two_pair_1_2,24,1,1,"[0, 1, 1, 0]",1,False,False,4940533891654639,4940533892501126,9437184,0.8068479895591736,False
two_single_1,24,1,1,"[0, 2, 0, 0]",1,False,False,4940533902880693,4940533904498726,18874368,1.5778239965438843,False
scale_8_rank,24,1,1,"[2, 2, 2, 2]",1,False,False,4940533914797188,4940533917949956,18874368,3.0980799198150635,False
concurrency_2_group,24,1,1,"[3, 4, 3, 4]",2,False,False,4940533928378088,4940533933864866,37748736,5.417183876037598,False
scale_4_group,24,1,1,"[1, 1, 1, 1]",1,False,False,4940533944270075,4940533945864762,9437184,1.549280047416687,False
remote_0,24,1,1,"[2, 2, 1, 1]",1,True,False,4940533956251071,4940533959375306,18874368,3.083359956741333,False
six_2,24,1,1,"[2, 1, 2, 1]",1,False,False,4940533969754970,4940533971345843,9437184,1.5474879741668701,False
scale_4_rank,24,1,1,"[1, 1, 1, 1]",1,False,False,4940533982503388,4940533984103141,9437184,1.553279995918274,False
two_pair_0_1,24,1,1,"[1, 1, 0, 0]",1,False,False,4940533994483006,4940533996086827,9437184,1.560256004333496,False
six_0,24,1,1,"[2, 2, 1, 1]",1,False,False,4940534006473355,4940534009666553,18874368,3.117856025695801,False
scale_8_group,24,1,1,"[2, 2, 2, 2]",1,False,False,4940534020208081,4940534023368875,18874368,3.1071999073028564,False
scale_6_group,24,1,1,"[1, 2, 1, 2]",1,False,False,4940534033824004,4940534036221801,18874368,2.34934401512146,False
scale_2_rank,24,1,1,"[1, 1, 0, 0]",1,False,False,4940534046535793,4940534048155153,9437184,1.569983959197998,False
six_1,24,1,1,"[1, 2, 1, 2]",1,False,False,4940534058595736,4940534060990381,18874368,2.350399971008301,False
scale_50_group,24,1,1,"[12, 13, 12, 13]",1,False,False,4940534071315142,4940534090619193,122683392,19.260128021240234,False
remote_1,24,1,1,"[1, 2, 1, 2]",1,True,False,4940534101067386,4940534103481595,18874368,2.3601601123809814,False
two_pair_1_3,24,1,1,"[0, 1, 0, 1]",1,False,False,4940534113805685,4940534114667667,9437184,0.8170239925384521,False
scale_10_rank,24,1,1,"[3, 3, 2, 2]",1,False,False,4940534124971413,4940534129649828,28311552,4.633984088897705,False
two_single_0,24,1,1,"[2, 0, 0, 0]",1,False,False,4940534140055331,4940534140116890,0,0,False
scale_62_group,24,1,1,"[15, 16, 15, 16]",1,False,False,4940534152131866,4940534176103658,150994944,23.894943237304688,False
concurrency_4_rank,24,1,1,"[4, 4, 3, 3]",4,False,False,4940534186575668,4940534192973700,37748736,6.186111927032471,False
two_pair_0_2,24,1,1,"[1, 0, 1, 0]",1,False,False,4940534203426904,4940534203519582,0,0,False
scale_2_group,24,1,1,"[0, 1, 0, 1]",1,False,False,4940534214647728,4940534215561083,9437184,0.8381760120391846,False
scale_62_rank,24,1,1,"[16, 16, 15, 15]",1,False,False,4940534225839603,4940534250508990,150994944,24.61507225036621,False
two_pair_2_3,24,1,1,"[0, 0, 1, 1]",1,False,False,4940534260890302,4940534260982366,0,0,False
remote_0,25,1,1,"[2, 2, 1, 1]",1,True,False,4940534272903898,4940534276151213,18874368,3.1533761024475098,False
scale_62_group,25,1,1,"[15, 16, 15, 16]",1,False,False,4940534286461850,4940534310386481,150994944,23.867136001586914,False
remote_1,25,1,1,"[1, 2, 1, 2]",1,True,False,4940534320851819,4940534323264196,18874368,2.359935998916626,False
scale_8_group,25,1,1,"[2, 2, 2, 2]",1,False,False,4940534333603728,4940534336769953,18874368,3.11244797706604,False
six_0,25,1,1,"[2, 2, 1, 1]",1,False,False,4940534347132734,4940534350309999,18874368,3.1170880794525146,False
scale_4_rank,25,1,1,"[1, 1, 1, 1]",1,False,False,4940534360684755,4940534362298006,9437184,1.5645760297775269,False
scale_2_group,25,1,1,"[0, 1, 0, 1]",1,False,False,4940534372654919,4940534373526572,9437184,0.8165760040283203,False
scale_10_rank,25,1,1,"[3, 3, 2, 2]",1,False,False,4940534383851168,4940534388560935,28311552,4.648128032684326,False
scale_62_rank,25,1,1,"[16, 16, 15, 15]",1,False,False,4940534398867747,4940534423569384,150994944,24.635616302490234,False
concurrency_4_rank,25,1,1,"[4, 4, 3, 3]",4,False,False,4940534433985073,4940534440318840,37748736,6.210336208343506,False
concurrency_4_group,25,1,1,"[3, 4, 3, 4]",4,False,False,4940534450679175,4940534456228332,37748736,5.4376959800720215,False
two_pair_1_2,25,1,1,"[0, 1, 1, 0]",1,False,False,4940534466591714,4940534467462277,9437184,0.8197119832038879,False
six_2,25,1,1,"[2, 1, 2, 1]",1,False,False,4940534477724136,4940534479411492,9437184,1.6036159992218018,False
scale_6_group,25,1,1,"[1, 2, 1, 2]",1,False,False,4940534490492885,4940534492908830,18874368,2.3596160411834717,False
remote_3,25,1,1,"[1, 0, 1, 0]",1,True,False,4940534503216477,4940534503282854,0,0,False
two_single_0,25,1,1,"[2, 0, 0, 0]",1,False,False,4940534514406675,4940534514479949,0,0,False
two_single_3,25,1,1,"[0, 0, 0, 2]",1,False,False,4940534526346311,4940534526439341,0,0,False
scale_8_rank,25,1,1,"[2, 2, 2, 2]",1,False,False,4940534538305031,4940534541474994,18874368,3.112031936645508,False
concurrency_2_group,25,1,1,"[3, 4, 3, 4]",2,False,False,4940534551843217,4940534557322892,37748736,5.417823791503906,False
concurrency_2_rank,25,1,1,"[4, 4, 3, 3]",2,False,False,4940534567632877,4940534573856569,37748736,6.159103870391846,False
scale_10_group,25,1,1,"[2, 3, 2, 3]",1,False,False,4940534584233467,4940534588157929,28311552,3.8823680877685547,False
remote_2,25,1,1,"[1, 1, 0, 0]",1,True,False,4940534598483875,4940534600082190,9437184,1.5494400262832642,False
scale_14_group,25,1,1,"[3, 4, 3, 4]",1,False,False,4940534610397958,4940534615916257,37748736,5.45139217376709,False
scale_14_rank,25,1,1,"[4, 4, 3, 3]",1,False,False,4940534626266098,4940534632502382,37748736,6.179872035980225,False
two_pair_2_3,25,1,1,"[0, 0, 1, 1]",1,False,False,4940534642789912,4940534642858279,0,0,False
scale_6_rank,25,1,1,"[2, 2, 1, 1]",1,False,False,4940534654723494,4940534657892029,18874368,3.1139841079711914,False
two_pair_0_1,25,1,1,"[1, 1, 0, 0]",1,False,False,4940534668211325,4940534669829696,9437184,1.564479947090149,False
six_3,25,1,1,"[1, 1, 2, 2]",1,False,False,4940534680231413,4940534681855652,9437184,1.5803200006484985,False
scale_50_group,25,1,1,"[12, 13, 12, 13]",1,False,False,4940534693861965,4940534713223970,122683392,19.275392532348633,False
scale_50_rank,25,1,1,"[13, 13, 12, 12]",1,False,False,4940534723638846,4940534743725791,122683392,20.025375366210938,False
two_pair_0_2,25,1,1,"[1, 0, 1, 0]",1,False,False,4940534754171399,4940534754240874,0,0,False
six_1,25,1,1,"[1, 2, 1, 2]",1,False,False,4940534765317581,4940534767705205,18874368,2.3489599227905273,False
two_pair_0_3,25,1,1,"[1, 0, 0, 1]",1,False,False,4940534778082921,4940534778151692,0,0,False
two_single_1,25,1,1,"[0, 2, 0, 0]",1,False,False,4940534789225760,4940534790843895,18874368,1.5815999507904053,False
two_pair_1_3,25,1,1,"[0, 1, 0, 1]",1,False,False,4940534801281168,4940534802129826,9437184,0.8090879917144775,False
two_single_2,25,1,1,"[0, 0, 2, 0]",1,False,False,4940534812437361,4940534812496790,0,0,False
scale_2_rank,25,1,1,"[1, 1, 0, 0]",1,False,False,4940534824539208,4940534826180561,9437184,1.5800960063934326,False
scale_4_group,25,1,1,"[1, 1, 1, 1]",1,False,False,4940534836583727,4940534838189979,9437184,1.562656044960022,False
scale_14_rank,26,1,1,"[4, 4, 3, 3]",1,False,False,4940534848592494,4940534854812703,37748736,6.173439979553223,False
remote_3,26,1,1,"[1, 0, 1, 0]",1,True,False,4940534865199556,4940534865285093,0,0,False
scale_4_rank,26,1,1,"[1, 1, 1, 1]",1,False,False,4940534876394669,4940534877990141,9437184,1.541759967803955,False
six_3,26,1,1,"[1, 1, 2, 2]",1,False,False,4940534888362801,4940534889966068,9437184,1.5571520328521729,False
six_1,26,1,1,"[1, 2, 1, 2]",1,False,False,4940534901927900,4940534904350456,18874368,2.355135917663574,False
remote_0,26,1,1,"[2, 2, 1, 1]",1,True,False,4940534914640843,4940534917820028,18874368,3.1297919750213623,False
two_pair_0_2,26,1,1,"[1, 0, 1, 0]",1,False,False,4940534928167900,4940534928229403,0,0,False
six_0,26,1,1,"[2, 2, 1, 1]",1,False,False,4940534939324977,4940534942474076,18874368,3.111423969268799,False
scale_8_group,26,1,1,"[2, 2, 2, 2]",1,False,False,4940534952812193,4940534955974856,18874368,3.112895965576172,False
two_single_0,26,1,1,"[2, 0, 0, 0]",1,False,False,4940534966353201,4940534966416237,0,0,False
six_2,26,1,1,"[2, 1, 2, 1]",1,False,False,4940534978296517,4940534979948625,9437184,1.586303949356079,False
two_pair_2_3,26,1,1,"[0, 0, 1, 1]",1,False,False,4940534991050906,4940534991110973,0,0,False
concurrency_4_rank,26,1,1,"[4, 4, 3, 3]",4,False,False,4940535003063634,4940535009351323,37748736,6.182816028594971,False
scale_50_rank,26,1,1,"[13, 13, 12, 12]",1,False,False,4940535019661372,4940535039726676,122683392,20.01875114440918,False
scale_10_group,26,1,1,"[2, 3, 2, 3]",1,False,False,4940535050111937,4940535054053627,28311552,3.894752025604248,False
scale_6_rank,26,1,1,"[2, 2, 1, 1]",1,False,False,4940535064435161,4940535067582170,18874368,3.1031041145324707,False
scale_10_rank,26,1,1,"[3, 3, 2, 2]",1,False,False,4940535077943893,4940535082636594,28311552,4.649792194366455,False
scale_6_group,26,1,1,"[1, 2, 1, 2]",1,False,False,4940535092981697,4940535095368909,18874368,2.346143960952759,False
two_pair_0_3,26,1,1,"[1, 0, 0, 1]",1,False,False,4940535105736030,4940535105806961,0,0,False
two_pair_1_2,26,1,1,"[0, 1, 1, 0]",1,False,False,4940535116963857,4940535117812212,9437184,0.8100159764289856,False
concurrency_4_group,26,1,1,"[3, 4, 3, 4]",4,False,False,4940535128057214,4940535133564445,37748736,5.412320137023926,False
two_single_3,26,1,1,"[0, 0, 0, 2]",1,False,False,4940535143943629,4940535144005924,0,0,False
scale_62_rank,26,1,1,"[16, 16, 15, 15]",1,False,False,4940535155972313,4940535180687831,150994944,24.64201545715332,False
remote_1,26,1,1,"[1, 2, 1, 2]",1,True,False,4940535190986286,4940535193386565,18874368,2.3565120697021484,False
two_single_2,26,1,1,"[0, 0, 2, 0]",1,False,False,4940535203785574,4940535203847160,0,0,False
scale_4_group,26,1,1,"[1, 1, 1, 1]",1,False,False,4940535215827686,4940535217471513,9437184,1.5856959819793701,False
two_single_1,26,1,1,"[0, 2, 0, 0]",1,False,False,4940535227860652,4940535229483544,18874368,1.5816320180892944,False
scale_14_group,26,1,1,"[3, 4, 3, 4]",1,False,False,4940535239895412,4940535245348277,37748736,5.414495944976807,False
scale_2_group,26,1,1,"[0, 1, 0, 1]",1,False,False,4940535255658928,4940535256503701,9437184,0.8062400221824646,False
two_pair_1_3,26,1,1,"[0, 1, 0, 1]",1,False,False,4940535266780111,4940535267626024,9437184,0.8080319762229919,False
scale_8_rank,26,1,1,"[2, 2, 2, 2]",1,False,False,4940535277943567,4940535281084959,18874368,3.1006081104278564,False
two_pair_0_1,26,1,1,"[1, 1, 0, 0]",1,False,False,4940535291373769,4940535292981607,9437184,1.563040018081665,False
remote_2,26,1,1,"[1, 1, 0, 0]",1,True,False,4940535303263045,4940535304880924,9437184,1.5672639608383179,False
concurrency_2_rank,26,1,1,"[4, 4, 3, 3]",2,False,False,4940535315119037,4940535321356972,37748736,6.173439979553223,False
scale_50_group,26,1,1,"[12, 13, 12, 13]",1,False,False,4940535331684482,4940535350982926,122683392,19.243328094482422,False
scale_62_group,26,1,1,"[15, 16, 15, 16]",1,False,False,4940535361408816,4940535385369724,150994944,23.909664154052734,False
scale_2_rank,26,1,1,"[1, 1, 0, 0]",1,False,False,4940535395660168,4940535397285085,9437184,1.5763520002365112,False
concurrency_2_group,26,1,1,"[3, 4, 3, 4]",2,False,False,4940535407579804,4940535413061906,37748736,5.416959762573242,False
scale_2_rank,27,1,1,"[1, 1, 0, 0]",1,False,False,4940535423475609,4940535425091296,9437184,1.5692479610443115,False
concurrency_4_rank,27,1,1,"[4, 4, 3, 3]",4,False,False,4940535435352583,4940535441645979,37748736,6.189888000488281,False
six_3,27,1,1,"[1, 1, 2, 2]",1,False,False,4940535451932279,4940535453538021,9437184,1.5531200170516968,False
two_pair_1_3,27,1,1,"[0, 1, 0, 1]",1,False,False,4940535465528644,4940535466386529,9437184,0.8136640191078186,False
scale_8_rank,27,1,1,"[2, 2, 2, 2]",1,False,False,4940535476720252,4940535479850062,18874368,3.089184045791626,False
two_single_3,27,1,1,"[0, 0, 0, 2]",1,False,False,4940535490271392,4940535490329623,0,0,False
scale_14_rank,27,1,1,"[4, 4, 3, 3]",1,False,False,4940535502280009,4940535508552060,37748736,6.201183795928955,False
two_pair_0_2,27,1,1,"[1, 0, 1, 0]",1,False,False,4940535518955917,4940535519293385,0,0,False
six_1,27,1,1,"[1, 2, 1, 2]",1,False,False,4940535530255555,4940535532652736,18874368,2.3551039695739746,False
two_pair_1_2,27,1,1,"[0, 1, 1, 0]",1,False,False,4940535542980263,4940535543827308,9437184,0.8069440126419067,False
scale_6_group,27,1,1,"[1, 2, 1, 2]",1,False,False,4940535554207635,4940535556597089,18874368,2.3468480110168457,False
remote_3,27,1,1,"[1, 0, 1, 0]",1,True,False,4940535566995312,4940535567057438,0,0,False
two_single_2,27,1,1,"[0, 0, 2, 0]",1,False,False,4940535578283440,4940535578345473,0,0,False
scale_14_group,27,1,1,"[3, 4, 3, 4]",1,False,False,4940535590281773,4940535595780765,37748736,5.435808181762695,False
scale_62_rank,27,1,1,"[16, 16, 15, 15]",1,False,False,4940535606191715,4940535630876530,150994944,24.62873649597168,False
six_2,27,1,1,"[2, 1, 2, 1]",1,False,False,4940535641274463,4940535642885488,9437184,1.5627520084381104,False
concurrency_2_group,27,1,1,"[3, 4, 3, 4]",2,False,False,4940535653996861,4940535659483512,37748736,5.4203200340271,False
scale_50_rank,27,1,1,"[13, 13, 12, 12]",1,False,False,4940535669852558,4940535689950890,122683392,20.026527404785156,False
two_pair_0_3,27,1,1,"[1, 0, 0, 1]",1,False,False,4940535700396546,4940535700483924,0,0,False
scale_10_group,27,1,1,"[2, 3, 2, 3]",1,False,False,4940535711692282,4940535715701361,28311552,3.9178240299224854,False
scale_4_group,27,1,1,"[1, 1, 1, 1]",1,False,False,4940535726084873,4940535727688031,9437184,1.5438079833984375,False
scale_10_rank,27,1,1,"[3, 3, 2, 2]",1,False,False,4940535738153917,4940535742835922,28311552,4.6216959953308105,False
scale_2_group,27,1,1,"[0, 1, 0, 1]",1,False,False,4940535753223706,4940535754139587,9437184,0.843455970287323,False
scale_4_rank,27,1,1,"[1, 1, 1, 1]",1,False,False,4940535764489136,4940535766092454,9437184,1.5444159507751465,False
remote_2,27,1,1,"[1, 1, 0, 0]",1,True,False,4940535776513118,4940535778152075,9437184,1.5807360410690308,False
remote_0,27,1,1,"[2, 2, 1, 1]",1,True,False,4940535788520068,4940535791658931,18874368,3.0928640365600586,False
two_single_0,27,1,1,"[2, 0, 0, 0]",1,False,False,4940535802087810,4940535802147125,0,0,False
scale_8_group,27,1,1,"[2, 2, 2, 2]",1,False,False,4940535814111150,4940535817278974,18874368,3.1090879440307617,False
two_pair_2_3,27,1,1,"[0, 0, 1, 1]",1,False,False,4940535827686923,4940535827750768,0,0,False
concurrency_2_rank,27,1,1,"[4, 4, 3, 3]",2,False,False,4940535839846702,4940535846130661,37748736,6.1966400146484375,False
scale_6_rank,27,1,1,"[2, 2, 1, 1]",1,False,False,4940535856530978,4940535859677079,18874368,3.100224018096924,False
scale_50_group,27,1,1,"[12, 13, 12, 13]",1,False,False,4940535869990038,4940535889303426,122683392,19.17580795288086,False
two_single_1,27,1,1,"[0, 2, 0, 0]",1,False,False,4940535899757971,4940535901385730,18874368,1.5840320587158203,False
scale_62_group,27,1,1,"[15, 16, 15, 16]",1,False,False,4940535911774865,4940535935697618,150994944,23.87673568725586,False
two_pair_0_1,27,1,1,"[1, 1, 0, 0]",1,False,False,4940535946268874,4940535947913596,9437184,1.5935360193252563,False
concurrency_4_group,27,1,1,"[3, 4, 3, 4]",4,False,False,4940535958249814,4940535963778514,37748736,5.428127765655518,False
six_0,27,1,1,"[2, 2, 1, 1]",1,False,False,4940535974179233,4940535977347625,18874368,3.1148478984832764,False
remote_1,27,1,1,"[1, 2, 1, 2]",1,True,False,4940535987715229,4940535990112553,18874368,2.3550400733947754,False
scale_50_rank,28,1,1,"[13, 13, 12, 12]",1,False,False,4940536000486428,4940536020527185,122683392,19.99247932434082,False
remote_3,28,1,1,"[1, 0, 1, 0]",1,True,False,4940536030820719,4940536030882905,0,0,False
scale_62_rank,28,1,1,"[16, 16, 15, 15]",1,False,False,4940536041936759,4940536066619476,150994944,24.642431259155273,False
two_pair_0_3,28,1,1,"[1, 0, 0, 1]",1,False,False,4940536076967566,4940536077027115,0,0,False
scale_6_rank,28,1,1,"[2, 2, 1, 1]",1,False,False,4940536088152711,4940536091288705,18874368,3.0984959602355957,False
two_single_3,28,1,1,"[0, 0, 0, 2]",1,False,False,4940536101627815,4940536101690083,0,0,False
scale_10_rank,28,1,1,"[3, 3, 2, 2]",1,False,False,4940536113713470,4940536118435548,28311552,4.664480209350586,False
scale_4_group,28,1,1,"[1, 1, 1, 1]",1,False,False,4940536128801255,4940536130423624,9437184,1.5750720500946045,False
two_pair_0_1,28,1,1,"[1, 1, 0, 0]",1,False,False,4940536140781404,4940536142387324,9437184,1.5645439624786377,False
scale_4_rank,28,1,1,"[1, 1, 1, 1]",1,False,False,4940536152768716,4940536154370150,9437184,1.5620160102844238,False
two_single_2,28,1,1,"[0, 0, 2, 0]",1,False,False,4940536164716978,4940536164772746,0,0,False
remote_0,28,1,1,"[2, 2, 1, 1]",1,True,False,4940536176919867,4940536180062129,18874368,3.094496011734009,False
scale_2_rank,28,1,1,"[1, 1, 0, 0]",1,False,False,4940536190441242,4940536192062059,9437184,1.5746879577636719,False
two_single_0,28,1,1,"[2, 0, 0, 0]",1,False,False,4940536202429098,4940536202488144,0,0,False
two_single_1,28,1,1,"[0, 2, 0, 0]",1,False,False,4940536214430012,4940536216079288,18874368,1.588096022605896,False
scale_14_rank,28,1,1,"[4, 4, 3, 3]",1,False,False,4940536226375488,4940536232601224,37748736,6.175424098968506,False
six_0,28,1,1,"[2, 2, 1, 1]",1,False,False,4940536242880764,4940536246038644,18874368,3.1108479499816895,False
scale_6_group,28,1,1,"[1, 2, 1, 2]",1,False,False,4940536256437801,4940536258830914,18874368,2.349792003631592,False
scale_2_group,28,1,1,"[0, 1, 0, 1]",1,False,False,4940536269207611,4940536270053613,9437184,0.807200014591217,False
concurrency_2_group,28,1,1,"[3, 4, 3, 4]",2,False,False,4940536280595605,4940536286072701,37748736,5.419104099273682,False
scale_10_group,28,1,1,"[2, 3, 2, 3]",1,False,False,4940536296377468,4940536300300029,28311552,3.878848075866699,False
two_pair_2_3,28,1,1,"[0, 0, 1, 1]",1,False,False,4940536310619789,4940536310676003,0,0,False
scale_62_group,28,1,1,"[15, 16, 15, 16]",1,False,False,4940536322540560,4940536346432917,150994944,23.85487937927246,False
six_2,28,1,1,"[2, 1, 2, 1]",1,False,False,4940536356766547,4940536358376212,9437184,1.565824031829834,False
concurrency_2_rank,28,1,1,"[4, 4, 3, 3]",2,False,False,4940536369507727,4940536375718754,37748736,6.151968002319336,False
concurrency_4_rank,28,1,1,"[4, 4, 3, 3]",4,False,False,4940536386172511,4940536392433742,37748736,6.163072109222412,False
scale_8_rank,28,1,1,"[2, 2, 2, 2]",1,False,False,4940536402701575,4940536405854317,18874368,3.1072959899902344,False
six_3,28,1,1,"[1, 1, 2, 2]",1,False,False,4940536416210144,4940536417838293,9437184,1.572160005569458,False
remote_1,28,1,1,"[1, 2, 1, 2]",1,True,False,4940536429774104,4940536432181538,18874368,2.3505918979644775,False
two_pair_1_2,28,1,1,"[0, 1, 1, 0]",1,False,False,4940536442462236,4940536443311832,9437184,0.8087360262870789,False
scale_14_group,28,1,1,"[3, 4, 3, 4]",1,False,False,4940536453626905,4940536459079737,37748736,5.414368152618408,False
scale_50_group,28,1,1,"[12, 13, 12, 13]",1,False,False,4940536469367694,4940536488655701,122683392,19.249248504638672,False
remote_2,28,1,1,"[1, 1, 0, 0]",1,True,False,4940536498960711,4940536500583776,9437184,1.5754560232162476,False
concurrency_4_group,28,1,1,"[3, 4, 3, 4]",4,False,False,4940536510834436,4940536516364854,37748736,5.422624111175537,False
two_pair_1_3,28,1,1,"[0, 1, 0, 1]",1,False,False,4940536526763496,4940536527624243,9437184,0.8140479922294617,False
two_pair_0_2,28,1,1,"[1, 0, 1, 0]",1,False,False,4940536538028224,4940536538093983,0,0,False
six_1,28,1,1,"[1, 2, 1, 2]",1,False,False,4940536549205102,4940536551603033,18874368,2.3466880321502686,False
scale_8_group,28,1,1,"[2, 2, 2, 2]",1,False,False,4940536561991302,4940536565138579,18874368,3.1019198894500732,False
two_pair_2_3,29,1,1,"[0, 0, 1, 1]",1,False,False,4940536575526841,4940536575588434,0,0,False
scale_4_group,29,1,1,"[1, 1, 1, 1]",1,False,False,4940536587646631,4940536589290754,9437184,1.583583950996399,False
two_single_1,29,1,1,"[0, 2, 0, 0]",1,False,False,4940536599673077,4940536601294991,18874368,1.5791360139846802,False
scale_6_rank,29,1,1,"[2, 2, 1, 1]",1,False,False,4940536611775792,4940536614889963,18874368,3.071903944015503,False
two_pair_0_2,29,1,1,"[1, 0, 1, 0]",1,False,False,4940536625350403,4940536625410678,0,0,False
two_pair_1_2,29,1,1,"[0, 1, 1, 0]",1,False,False,4940536636549357,4940536637395214,9437184,0.8098880052566528,False
remote_1,29,1,1,"[1, 2, 1, 2]",1,True,False,4940536647729953,4940536650126109,18874368,2.348639965057373,False
remote_3,29,1,1,"[1, 0, 1, 0]",1,True,False,4940536660447693,4940536660505604,0,0,False
scale_4_rank,29,1,1,"[1, 1, 1, 1]",1,False,False,4940536671551706,4940536673166620,9437184,1.569375991821289,False
remote_2,29,1,1,"[1, 1, 0, 0]",1,True,False,4940536683540788,4940536685147881,9437184,1.5641920566558838,False
two_single_3,29,1,1,"[0, 0, 0, 2]",1,False,False,4940536695542633,4940536695597738,0,0,False
remote_0,29,1,1,"[2, 2, 1, 1]",1,True,False,4940536707687388,4940536710860086,18874368,3.1141440868377686,False
scale_2_group,29,1,1,"[0, 1, 0, 1]",1,False,False,4940536721209395,4940536722056495,9437184,0.807424008846283,False
concurrency_2_group,29,1,1,"[3, 4, 3, 4]",2,False,False,4940536732374283,4940536737847091,37748736,5.413087844848633,False
scale_10_rank,29,1,1,"[3, 3, 2, 2]",1,False,False,4940536748227839,4940536752909185,28311552,4.6372480392456055,False
two_pair_0_1,29,1,1,"[1, 1, 0, 0]",1,False,False,4940536763163365,4940536764768042,9437184,1.5619839429855347,False
six_2,29,1,1,"[2, 1, 2, 1]",1,False,False,4940536775004100,4940536776573886,9437184,1.5289599895477295,False
two_pair_1_3,29,1,1,"[0, 1, 0, 1]",1,False,False,4940536787698428,4940536788576154,9437184,0.8166400194168091,False
two_single_0,29,1,1,"[2, 0, 0, 0]",1,False,False,4940536798868480,4940536798928368,0,0,False
two_single_2,29,1,1,"[0, 0, 2, 0]",1,False,False,4940536810707866,4940536810762350,0,0,False
scale_50_rank,29,1,1,"[13, 13, 12, 12]",1,False,False,4940536822549275,4940536842604441,122683392,19.986656188964844,False
six_1,29,1,1,"[1, 2, 1, 2]",1,False,False,4940536852988614,4940536855383091,18874368,2.348576068878174,False
scale_6_group,29,1,1,"[1, 2, 1, 2]",1,False,False,4940536865693838,4940536868088841,18874368,2.3534719944000244,False
scale_62_rank,29,1,1,"[16, 16, 15, 15]",1,False,False,4940536878379804,4940536903025287,150994944,24.59984016418457,False
scale_14_rank,29,1,1,"[4, 4, 3, 3]",1,False,False,4940536913379370,4940536919588551,37748736,6.166751861572266,False
six_3,29,1,1,"[1, 1, 2, 2]",1,False,False,4940536929926048,4940536931525585,9437184,1.5576319694519043,False
six_0,29,1,1,"[2, 2, 1, 1]",1,False,False,4940536943502087,4940536946679368,18874368,3.1201279163360596,False
scale_8_rank,29,1,1,"[2, 2, 2, 2]",1,False,False,4940536957022133,4940536960162201,18874368,3.0971839427948,False
scale_62_group,29,1,1,"[15, 16, 15, 16]",1,False,False,4940536970479154,4940536994395591,150994944,23.870464324951172,False
scale_14_group,29,1,1,"[3, 4, 3, 4]",1,False,False,4940537004805584,4940537010270794,37748736,5.423007965087891,False
concurrency_4_group,29,1,1,"[3, 4, 3, 4]",4,False,False,4940537020633594,4940537026139434,37748736,5.411359786987305,False
concurrency_4_rank,29,1,1,"[4, 4, 3, 3]",4,False,False,4940537036486723,4940537042750452,37748736,6.166175842285156,False
concurrency_2_rank,29,1,1,"[4, 4, 3, 3]",2,False,False,4940537053126145,4940537059359446,37748736,6.171328067779541,False
two_pair_0_3,29,1,1,"[1, 0, 0, 1]",1,False,False,4940537069654754,4940537069716831,0,0,False
scale_10_group,29,1,1,"[2, 3, 2, 3]",1,False,False,4940537080872826,4940537084810553,28311552,3.895967960357666,False
scale_8_group,29,1,1,"[2, 2, 2, 2]",1,False,False,4940537095117637,4940537098276900,18874368,3.115936040878296,False
scale_50_group,29,1,1,"[12, 13, 12, 13]",1,False,False,4940537108610667,4940537127916438,122683392,19.2576961517334,False
scale_2_rank,29,1,1,"[1, 1, 0, 0]",1,False,False,4940537138298273,4940537139946685,9437184,1.5902719497680664,False
overlap_1,-5,1,1,"[1, 2, 1, 2]",1,False,True,4940558531026748,4940558871718736,18874368,4.763040065765381,True
overlap_0,-5,1,1,"[2, 2, 1, 1]",1,False,True,4940558882612552,4940558887393934,18874368,4.526271820068359,True
overlap_2,-5,1,1,"[2, 1, 2, 1]",1,False,True,4940558898026100,4940558901014691,9437184,2.792128086090088,True
overlap_0,-4,1,1,"[2, 2, 1, 1]",1,False,True,4940558912458180,4940558917135958,18874368,4.540383815765381,True
overlap_1,-4,1,1,"[1, 2, 1, 2]",1,False,True,4940558927628698,4940558931543016,18874368,3.7735679149627686,True
overlap_2,-4,1,1,"[2, 1, 2, 1]",1,False,True,4940558941984865,4940558944966491,9437184,2.8164479732513428,True
overlap_2,-3,1,1,"[2, 1, 2, 1]",1,False,True,4940558956389759,4940558959310746,9437184,2.7533440589904785,True
overlap_1,-3,1,1,"[1, 2, 1, 2]",1,False,True,4940558970673318,4940558974606828,18874368,3.7446720600128174,True
overlap_0,-3,1,1,"[2, 2, 1, 1]",1,False,True,4940558985089513,4940558989769275,18874368,4.515967845916748,True
overlap_2,-2,1,1,"[2, 1, 2, 1]",1,False,True,4940559000312256,4940559003189547,9437184,2.7159039974212646,True
overlap_0,-2,1,1,"[2, 2, 1, 1]",1,False,True,4940559014695438,4940559019405901,18874368,4.574016094207764,True
overlap_1,-2,1,1,"[1, 2, 1, 2]",1,False,True,4940559029948970,4940559033859372,18874368,3.785183906555176,True
overlap_1,-1,1,1,"[1, 2, 1, 2]",1,False,True,4940559044327990,4940559048265183,18874368,3.799743890762329,True
overlap_2,-1,1,1,"[2, 1, 2, 1]",1,False,True,4940559059009406,4940559061873291,9437184,2.698944091796875,True
overlap_0,-1,1,1,"[2, 2, 1, 1]",1,False,True,4940559073467016,4940559078145777,18874368,4.550015926361084,True
overlap_0,0,1,1,"[2, 2, 1, 1]",1,False,True,4940559088639452,4940559093278639,18874368,4.519199848175049,True
overlap_2,0,1,1,"[2, 1, 2, 1]",1,False,True,4940559103649986,4940559106478868,9437184,2.679744005203247,True
overlap_1,0,1,1,"[1, 2, 1, 2]",1,False,True,4940559117956721,4940559121860119,18874368,3.769023895263672,True
overlap_2,1,1,1,"[2, 1, 2, 1]",1,False,True,4940559132253147,4940559135133444,9437184,2.7230401039123535,True
overlap_1,1,1,1,"[1, 2, 1, 2]",1,False,True,4940559146564058,4940559150474471,18874368,3.7974720001220703,True
overlap_0,1,1,1,"[2, 2, 1, 1]",1,False,True,4940559160834275,4940559165508144,18874368,4.5483198165893555,True
overlap_0,2,1,1,"[2, 2, 1, 1]",1,False,True,4940559175934093,4940559180640364,18874368,4.5438079833984375,True
overlap_2,2,1,1,"[2, 1, 2, 1]",1,False,True,4940559191049635,4940559193912064,9437184,2.7226879596710205,True
overlap_1,2,1,1,"[1, 2, 1, 2]",1,False,True,4940559205381986,4940559209355557,18874368,3.6841280460357666,True
overlap_1,3,1,1,"[1, 2, 1, 2]",1,False,True,4940559219707990,4940559223599548,18874368,3.7168960571289062,True
overlap_2,3,1,1,"[2, 1, 2, 1]",1,False,True,4940559233950902,4940559236885120,9437184,2.7815680503845215,True
overlap_0,3,1,1,"[2, 2, 1, 1]",1,False,True,4940559248266649,4940559252921231,18874368,4.525856018066406,True
overlap_0,4,1,1,"[2, 2, 1, 1]",1,False,True,4940559263297036,4940559267983709,18874368,4.562687873840332,True
overlap_1,4,1,1,"[1, 2, 1, 2]",1,False,True,4940559278342222,4940559282226827,18874368,3.7625279426574707,True
overlap_2,4,1,1,"[2, 1, 2, 1]",1,False,True,4940559292738810,4940559295565426,9437184,2.682176113128662,True
overlap_1,5,1,1,"[1, 2, 1, 2]",1,False,True,4940559307067159,4940559310949960,18874368,3.7630720138549805,True
overlap_2,5,1,1,"[2, 1, 2, 1]",1,False,True,4940559321369892,4940559324214236,9437184,2.708159923553467,True
overlap_0,5,1,1,"[2, 2, 1, 1]",1,False,True,4940559335703973,4940559340413242,18874368,4.530496120452881,True
overlap_2,6,1,1,"[2, 1, 2, 1]",1,False,True,4940559350814400,4940559353733747,9437184,2.7574079036712646,True
overlap_0,6,1,1,"[2, 2, 1, 1]",1,False,True,4940559365071467,4940559369757682,18874368,4.536831855773926,True
overlap_1,6,1,1,"[1, 2, 1, 2]",1,False,True,4940559380192776,4940559384109058,18874368,3.7753279209136963,True
overlap_0,7,1,1,"[2, 2, 1, 1]",1,False,True,4940559394411586,4940559399089731,18874368,4.5490241050720215,True
overlap_2,7,1,1,"[2, 1, 2, 1]",1,False,True,4940559409456587,4940559412304778,9437184,2.7138240337371826,True
overlap_1,7,1,1,"[1, 2, 1, 2]",1,False,True,4940559423746698,4940559427651993,18874368,3.777247905731201,True
overlap_0,8,1,1,"[2, 2, 1, 1]",1,False,True,4940559438012265,4940559442655040,18874368,4.511231899261475,True
overlap_2,8,1,1,"[2, 1, 2, 1]",1,False,True,4940559453130751,4940559456064895,9437184,2.759648084640503,True
overlap_1,8,1,1,"[1, 2, 1, 2]",1,False,True,4940559467419515,4940559471310894,18874368,3.7673280239105225,True
overlap_0,9,1,1,"[2, 2, 1, 1]",1,False,True,4940559481686618,4940559486329417,18874368,4.524032115936279,True
overlap_2,9,1,1,"[2, 1, 2, 1]",1,False,True,4940559496749086,4940559499607082,9437184,2.7140159606933594,True
overlap_1,9,1,1,"[1, 2, 1, 2]",1,False,True,4940559511012706,4940559514899310,18874368,3.7698240280151367,True
overlap_2,10,1,1,"[2, 1, 2, 1]",1,False,True,4940559525334741,4940559528289350,9437184,2.80947208404541,True
overlap_0,10,1,1,"[2, 2, 1, 1]",1,False,True,4940559539692512,4940559544391621,18874368,4.5542402267456055,True
overlap_1,10,1,1,"[1, 2, 1, 2]",1,False,True,4940559554797955,4940559558707030,18874368,3.786303997039795,True
overlap_0,11,1,1,"[2, 2, 1, 1]",1,False,True,4940559569074313,4940559573710579,18874368,4.511104106903076,True
overlap_1,11,1,1,"[1, 2, 1, 2]",1,False,True,4940559584238418,4940559588127611,18874368,3.7702078819274902,True
overlap_2,11,1,1,"[2, 1, 2, 1]",1,False,True,4940559598473960,4940559601406307,9437184,2.754431962966919,True
overlap_0,12,1,1,"[2, 2, 1, 1]",1,False,True,4940559612796920,4940559617457514,18874368,4.506944179534912,True
overlap_1,12,1,1,"[1, 2, 1, 2]",1,False,True,4940559627907673,4940559631805483,18874368,3.753056049346924,True
overlap_2,12,1,1,"[2, 1, 2, 1]",1,False,True,4940559642132984,4940559645080742,9437184,2.801215887069702,True
overlap_2,13,1,1,"[2, 1, 2, 1]",1,False,True,4940559656409038,4940559659378495,9437184,2.8022079467773438,True
overlap_0,13,1,1,"[2, 2, 1, 1]",1,False,True,4940559670746729,4940559675416055,18874368,4.505983829498291,True
overlap_1,13,1,1,"[1, 2, 1, 2]",1,False,True,4940559685922599,4940559689864174,18874368,3.7610878944396973,True
overlap_0,14,1,1,"[2, 2, 1, 1]",1,False,True,4940559700263849,4940559704948994,18874368,4.53545618057251,True
overlap_1,14,1,1,"[1, 2, 1, 2]",1,False,True,4940559715306343,4940559719205503,18874368,3.7704319953918457,True
overlap_2,14,1,1,"[2, 1, 2, 1]",1,False,True,4940559729556506,4940559732454939,9437184,2.761023998260498,True
overlap_2,15,1,1,"[2, 1, 2, 1]",1,False,True,4940559743797270,4940559746708815,9437184,2.7713279724121094,True
overlap_0,15,1,1,"[2, 2, 1, 1]",1,False,True,4940559758044454,4940559762677924,18874368,4.513184070587158,True
overlap_1,15,1,1,"[1, 2, 1, 2]",1,False,True,4940559773166024,4940559777085284,18874368,3.790303945541382,True
overlap_2,16,1,1,"[2, 1, 2, 1]",1,False,True,4940559787410327,4940559790284886,9437184,2.740384101867676,True
overlap_1,16,1,1,"[1, 2, 1, 2]",1,False,True,4940559801680387,4940559805565101,18874368,3.7627201080322266,True
overlap_0,16,1,1,"[2, 2, 1, 1]",1,False,True,4940559815893527,4940559820493555,18874368,4.482783794403076,True
overlap_2,17,1,1,"[2, 1, 2, 1]",1,False,True,4940559830891228,4940559833717371,9437184,2.6735360622406006,True
overlap_0,17,1,1,"[2, 2, 1, 1]",1,False,True,4940559845162849,4940559849833117,18874368,4.547008037567139,True
overlap_1,17,1,1,"[1, 2, 1, 2]",1,False,True,4940559860238028,4940559864151172,18874368,3.793600082397461,True
overlap_2,18,1,1,"[2, 1, 2, 1]",1,False,True,4940559874509782,4940559877312821,9437184,2.6419520378112793,True
overlap_1,18,1,1,"[1, 2, 1, 2]",1,False,True,4940559888784742,4940559892707087,18874368,3.8079679012298584,True
overlap_0,18,1,1,"[2, 2, 1, 1]",1,False,True,4940559903042511,4940559907667640,18874368,4.499360084533691,True
overlap_2,19,1,1,"[2, 1, 2, 1]",1,False,True,4940559918157438,4940559921084208,9437184,2.787424087524414,True
overlap_0,19,1,1,"[2, 2, 1, 1]",1,False,True,4940559932478813,4940559937152585,18874368,4.546432018280029,True
overlap_1,19,1,1,"[1, 2, 1, 2]",1,False,True,4940559947622617,4940559951545648,18874368,3.799776077270508,True
overlap_2,20,1,1,"[2, 1, 2, 1]",1,False,True,4940559961975512,4940559964826751,9437184,2.7224318981170654,True
overlap_1,20,1,1,"[1, 2, 1, 2]",1,False,True,4940559976239876,4940559980112042,18874368,3.755552053451538,True
overlap_0,20,1,1,"[2, 2, 1, 1]",1,False,True,4940559990444471,4940559995100123,18874368,4.536831855773926,True
overlap_1,21,1,1,"[1, 2, 1, 2]",1,False,True,4940560005597458,4940560009504952,18874368,3.7590079307556152,True
overlap_0,21,1,1,"[2, 2, 1, 1]",1,False,True,4940560019877059,4940560024548049,18874368,4.550303936004639,True
overlap_2,21,1,1,"[2, 1, 2, 1]",1,False,True,4940560034868056,4940560037872749,9437184,2.860543966293335,True
overlap_2,22,1,1,"[2, 1, 2, 1]",1,False,True,4940560049211798,4940560052116939,9437184,2.7714240550994873,True
overlap_1,22,1,1,"[1, 2, 1, 2]",1,False,True,4940560063466123,4940560067357587,18874368,3.7711360454559326,True
overlap_0,22,1,1,"[2, 2, 1, 1]",1,False,True,4940560077738323,4940560082406792,18874368,4.5371198654174805,True
overlap_0,23,1,1,"[2, 2, 1, 1]",1,False,True,4940560092868115,4940560097508003,18874368,4.503456115722656,True
overlap_1,23,1,1,"[1, 2, 1, 2]",1,False,True,4940560107926586,4940560111816637,18874368,3.756704092025757,True
overlap_2,23,1,1,"[2, 1, 2, 1]",1,False,True,4940560122224461,4940560124985665,9437184,2.624511957168579,True
overlap_0,24,1,1,"[2, 2, 1, 1]",1,False,True,4940560136535503,4940560141181582,18874368,4.523903846740723,True
overlap_1,24,1,1,"[1, 2, 1, 2]",1,False,True,4940560151593121,4940560155467285,18874368,3.7598400115966797,True
overlap_2,24,1,1,"[2, 1, 2, 1]",1,False,True,4940560165780394,4940560168725107,9437184,2.8086400032043457,True
overlap_0,25,1,1,"[2, 2, 1, 1]",1,False,True,4940560180122805,4940560184802448,18874368,4.544640064239502,True
overlap_2,25,1,1,"[2, 1, 2, 1]",1,False,True,4940560195168962,4940560198117398,9437184,2.8122880458831787,True
overlap_1,25,1,1,"[1, 2, 1, 2]",1,False,True,4940560209471529,4940560213362816,18874368,3.765439987182617,True
overlap_2,26,1,1,"[2, 1, 2, 1]",1,False,True,4940560223707630,4940560226557894,9437184,2.721407890319824,True
overlap_1,26,1,1,"[1, 2, 1, 2]",1,False,True,4940560237997380,4940560241885859,18874368,3.7696640491485596,True
overlap_0,26,1,1,"[2, 2, 1, 1]",1,False,True,4940560252221174,4940560256876336,18874368,4.544032096862793,True
overlap_2,27,1,1,"[2, 1, 2, 1]",1,False,True,4940560267278091,4940560270210709,9437184,2.801408052444458,True
overlap_0,27,1,1,"[2, 2, 1, 1]",1,False,True,4940560281520465,4940560286198844,18874368,4.561471939086914,True
overlap_1,27,1,1,"[1, 2, 1, 2]",1,False,True,4940560296626592,4940560300521575,18874368,3.775871992111206,True
overlap_2,28,1,1,"[2, 1, 2, 1]",1,False,True,4940560310863811,4940560313685489,9437184,2.66483211517334,True
overlap_0,28,1,1,"[2, 2, 1, 1]",1,False,True,4940560325110303,4940560329766165,18874368,4.5390400886535645,True
overlap_1,28,1,1,"[1, 2, 1, 2]",1,False,True,4940560340206573,4940560344102424,18874368,3.77839994430542,True
overlap_0,29,1,1,"[2, 2, 1, 1]",1,False,True,4940560354453156,4940560359109492,18874368,4.536767959594727,True
overlap_1,29,1,1,"[1, 2, 1, 2]",1,False,True,4940560369587886,4940560373481087,18874368,3.78057599067688,True
overlap_2,29,1,1,"[2, 1, 2, 1]",1,False,True,4940560383835556,4940560386713676,9437184,2.7365760803222656,True
scale_4_rank,-5,2,4,"[1, 1, 1, 1]",1,False,False,4940516899328466,4940516901157167,9437184,1.6088639497756958,False
concurrency_4_group,-5,2,4,"[3, 4, 3, 4]",4,False,False,4940516957512371,4940516962377031,28311552,4.694943904876709,False
scale_6_group,-5,2,4,"[1, 2, 1, 2]",1,False,False,4940516974079998,4940516975715681,9437184,1.579103946685791,False
two_single_2,-5,2,4,"[0, 0, 2, 0]",1,False,False,4940516986989667,4940516988641207,18874368,1.5934079885482788,False
two_pair_0_1,-5,2,4,"[1, 1, 0, 0]",1,False,False,4940516999077790,4940516999164677,0,0,False
two_single_1,-5,2,4,"[0, 2, 0, 0]",1,False,False,4940517011193809,4940517011266904,0,0,False
six_1,-5,2,4,"[1, 2, 1, 2]",1,False,False,4940517023326258,4940517024979498,9437184,1.5921920537948608,False
scale_62_rank,-5,2,4,"[16, 16, 15, 15]",1,False,False,4940517036291076,4940517059489271,141557760,23.142879486083984,False
concurrency_2_rank,-5,2,4,"[4, 4, 3, 3]",2,False,False,4940517072573842,4940517077335414,28311552,4.665088176727295,False
two_pair_0_3,-5,2,4,"[1, 0, 0, 1]",1,False,False,4940517089414276,4940517089509130,0,0,False
concurrency_2_group,-5,2,4,"[3, 4, 3, 4]",2,False,False,4940517100787673,4940517105551581,28311552,4.675936222076416,False
scale_10_group,-5,2,4,"[2, 3, 2, 3]",1,False,False,4940517116750010,4940517119805352,18874368,2.9925758838653564,False
two_single_0,-5,2,4,"[2, 0, 0, 0]",1,False,False,4940517131389803,4940517131468936,0,0,False
scale_8_rank,-5,2,4,"[2, 2, 2, 2]",1,False,False,4940517143447742,4940517146597434,18874368,3.0954558849334717,False
six_3,-5,2,4,"[1, 1, 2, 2]",1,False,False,4940517157116359,4940517160296335,18874368,3.109247922897339,False
scale_2_group,-5,2,4,"[0, 1, 0, 1]",1,False,False,4940517170742425,4940517170848185,0,0,False
scale_6_rank,-5,2,4,"[2, 2, 1, 1]",1,False,False,4940517182160233,4940517183824932,9437184,1.5965440273284912,False
concurrency_4_rank,-5,2,4,"[4, 4, 3, 3]",4,False,False,4940517195957122,4940517200775826,28311552,4.6800642013549805,False
scale_4_group,-5,2,4,"[1, 1, 1, 1]",1,False,False,4940517212819971,4940517214475385,9437184,1.5913599729537964,False
two_pair_2_3,-5,2,4,"[0, 0, 1, 1]",1,False,False,4940517224999000,4940517226632265,9437184,1.5801600217819214,False
six_0,-5,2,4,"[2, 2, 1, 1]",1,False,False,4940517237193286,4940517238832205,9437184,1.5810879468917847,False
scale_10_rank,-5,2,4,"[3, 3, 2, 2]",1,False,False,4940517250730598,4940517253897090,18874368,3.116352081298828,False
remote_1,-5,2,4,"[1, 2, 1, 2]",1,True,False,4940517265956853,4940517267781734,9437184,1.6637120246887207,False
scale_14_rank,-5,2,4,"[4, 4, 3, 3]",1,False,False,4940517278832705,4940517283561373,28311552,4.623263835906982,False
remote_0,-5,2,4,"[2, 2, 1, 1]",1,True,False,4940517295574764,4940517297238726,9437184,1.5660480260849,False
scale_2_rank,-5,2,4,"[1, 1, 0, 0]",1,False,False,4940517309232283,4940517309331136,0,0,False
two_single_3,-5,2,4,"[0, 0, 0, 2]",1,False,False,4940517321284939,4940517321378204,0,0,False
two_pair_1_2,-5,2,4,"[0, 1, 1, 0]",1,False,False,4940517333380585,4940517334282423,9437184,0.8289920091629028,False
scale_14_group,-5,2,4,"[3, 4, 3, 4]",1,False,False,4940517344706244,4940517349419483,28311552,4.655680179595947,False
scale_50_group,-5,2,4,"[12, 13, 12, 13]",1,False,False,4940517360700927,4940517379290909,113246208,18.51955223083496,False
scale_50_rank,-5,2,4,"[13, 13, 12, 12]",1,False,False,4940517391105482,4940517409673623,113246208,18.508447647094727,False
remote_2,-5,2,4,"[1, 1, 0, 0]",1,True,False,4940517422296419,4940517422395497,0,0,False
remote_3,-5,2,4,"[1, 0, 1, 0]",1,True,False,4940517434465266,4940517435397354,9437184,0.843455970287323,False
two_pair_0_2,-5,2,4,"[1, 0, 1, 0]",1,False,False,4940517445820464,4940517446721774,9437184,0.8327040076255798,False
scale_8_group,-5,2,4,"[2, 2, 2, 2]",1,False,False,4940517457060893,4940517460244372,18874368,3.1267199516296387,False
two_pair_1_3,-5,2,4,"[0, 1, 0, 1]",1,False,False,4940517470718816,4940517470797991,0,0,False
scale_62_group,-5,2,4,"[15, 16, 15, 16]",1,False,False,4940517482044145,4940517505271560,141557760,23.142112731933594,False
six_2,-5,2,4,"[2, 1, 2, 1]",1,False,False,4940517519990809,4940517522429567,18874368,2.358720064163208,False
two_pair_1_2,-4,2,4,"[0, 1, 1, 0]",1,False,False,4940517532947418,4940517533842368,9437184,0.8306879997253418,False
two_single_1,-4,2,4,"[0, 2, 0, 0]",1,False,False,4940517544375836,4940517544475214,0,0,False
six_0,-4,2,4,"[2, 2, 1, 1]",1,False,False,4940517556577900,4940517558244212,9437184,1.6018879413604736,False
two_pair_0_2,-4,2,4,"[1, 0, 1, 0]",1,False,False,4940517570250435,4940517571148206,9437184,0.8282240033149719,False
remote_2,-4,2,4,"[1, 1, 0, 0]",1,True,False,4940517581565431,4940517581640771,0,0,False
two_pair_0_1,-4,2,4,"[1, 1, 0, 0]",1,False,False,4940517593658395,4940517593744840,0,0,False
scale_6_group,-4,2,4,"[1, 2, 1, 2]",1,False,False,4940517605656797,4940517607308022,9437184,1.5899840593338013,False
concurrency_2_rank,-4,2,4,"[4, 4, 3, 3]",2,False,False,4940517618466911,4940517623209719,28311552,4.664671897888184,False
scale_8_rank,-4,2,4,"[2, 2, 2, 2]",1,False,False,4940517635196240,4940517638406487,18874368,3.135744094848633,False
two_pair_1_3,-4,2,4,"[0, 1, 0, 1]",1,False,False,4940517648871359,4940517648948503,0,0,False
scale_10_rank,-4,2,4,"[3, 3, 2, 2]",1,False,False,4940517660180419,4940517663365407,18874368,3.104991912841797,False
scale_2_rank,-4,2,4,"[1, 1, 0, 0]",1,False,False,4940517675285537,4940517675379026,0,0,False
two_single_0,-4,2,4,"[2, 0, 0, 0]",1,False,False,4940517687411339,4940517687493167,0,0,False
two_pair_2_3,-4,2,4,"[0, 0, 1, 1]",1,False,False,4940517699563444,4940517701225196,9437184,1.5881919860839844,False
scale_50_group,-4,2,4,"[12, 13, 12, 13]",1,False,False,4940517711759690,4940517730356003,113246208,18.53308868408203,False
scale_4_rank,-4,2,4,"[1, 1, 1, 1]",1,False,False,4940517742226509,4940517743882551,9437184,1.5955519676208496,False
scale_14_rank,-4,2,4,"[4, 4, 3, 3]",1,False,False,4940517754345549,4940517759047697,28311552,4.654367923736572,False
scale_62_rank,-4,2,4,"[16, 16, 15, 15]",1,False,False,4940517771095359,4940517794383098,141557760,23.151039123535156,False
two_single_3,-4,2,4,"[0, 0, 0, 2]",1,False,False,4940517807130506,4940517807246516,0,0,False
concurrency_4_group,-4,2,4,"[3, 4, 3, 4]",4,False,False,4940517819264169,4940517822499023,28311552,3.1051840782165527,False
scale_14_group,-4,2,4,"[3, 4, 3, 4]",1,False,False,4940517835700755,4940517840462458,28311552,4.67849588394165,False
six_3,-4,2,4,"[1, 1, 2, 2]",1,False,False,4940517851639927,4940517854817492,18874368,3.1191999912261963,False
six_1,-4,2,4,"[1, 2, 1, 2]",1,False,False,4940517865433918,4940517867056342,9437184,1.5750080347061157,False
remote_0,-4,2,4,"[2, 2, 1, 1]",1,True,False,4940517878312121,4940517879945619,9437184,1.5840320587158203,False
scale_6_rank,-4,2,4,"[2, 2, 1, 1]",1,False,False,4940517891965923,4940517893619129,9437184,1.5887360572814941,False
scale_4_group,-4,2,4,"[1, 1, 1, 1]",1,False,False,4940517905502606,4940517907157156,9437184,1.58406400680542,False
scale_2_group,-4,2,4,"[0, 1, 0, 1]",1,False,False,4940517917829433,4940517917941870,0,0,False
two_pair_0_3,-4,2,4,"[1, 0, 0, 1]",1,False,False,4940517929197046,4940517929293258,0,0,False
remote_3,-4,2,4,"[1, 0, 1, 0]",1,True,False,4940517940503091,4940517941432959,9437184,0.8470720052719116,False
two_single_2,-4,2,4,"[0, 0, 2, 0]",1,False,False,4940517951820647,4940517953461256,18874368,1.5891519784927368,False
concurrency_4_rank,-4,2,4,"[4, 4, 3, 3]",4,False,False,4940517964066200,4940517968785820,28311552,4.630112171173096,False
scale_50_rank,-4,2,4,"[13, 13, 12, 12]",1,False,False,4940517980938781,4940517999540994,113246208,18.527616500854492,False
concurrency_2_group,-4,2,4,"[3, 4, 3, 4]",2,False,False,4940518012096815,4940518016854178,28311552,4.6730241775512695,False
six_2,-4,2,4,"[2, 1, 2, 1]",1,False,False,4940518028222453,4940518030623419,18874368,2.354048013687134,False
scale_8_group,-4,2,4,"[2, 2, 2, 2]",1,False,False,4940518041040908,4940518044204725,18874368,3.1151680946350098,False
scale_10_group,-4,2,4,"[2, 3, 2, 3]",1,False,False,4940518054658852,4940518057838775,18874368,3.1272640228271484,False
scale_62_group,-4,2,4,"[15, 16, 15, 16]",1,False,False,4940518069062905,4940518092246906,141557760,23.136064529418945,False
remote_1,-4,2,4,"[1, 2, 1, 2]",1,True,False,4940518104168757,4940518105791356,9437184,1.5784640312194824,False
scale_10_group,-3,2,4,"[2, 3, 2, 3]",1,False,False,4940518117120881,4940518120309879,18874368,3.1288959980010986,False
scale_2_rank,-3,2,4,"[1, 1, 0, 0]",1,False,False,4940518131558964,4940518131652139,0,0,False
scale_50_rank,-3,2,4,"[13, 13, 12, 12]",1,False,False,4940518143653394,4940518162294496,113246208,18.524032592773438,False
two_pair_1_3,-3,2,4,"[0, 1, 0, 1]",1,False,False,4940518174758983,4940518174851686,0,0,False
scale_10_rank,-3,2,4,"[3, 3, 2, 2]",1,False,False,4940518186246844,4940518189454976,18874368,3.140415906906128,False
scale_2_group,-3,2,4,"[0, 1, 0, 1]",1,False,False,4940518201487227,4940518201582954,0,0,False
six_3,-3,2,4,"[1, 1, 2, 2]",1,False,False,4940518212904075,4940518216085981,18874368,3.1154239177703857,False
two_pair_0_2,-3,2,4,"[1, 0, 1, 0]",1,False,False,4940518226468840,4940518227340173,9437184,0.8221120238304138,False
scale_62_group,-3,2,4,"[15, 16, 15, 16]",1,False,False,4940518237827436,4940518260998520,141557760,23.110687255859375,False
six_0,-3,2,4,"[2, 2, 1, 1]",1,False,False,4940518272998431,4940518274641493,9437184,1.5886399745941162,False
scale_14_group,-3,2,4,"[3, 4, 3, 4]",1,False,False,4940518286581158,4940518291266055,28311552,4.637216091156006,False
scale_50_group,-3,2,4,"[12, 13, 12, 13]",1,False,False,4940518302502349,4940518321064659,113246208,18.512096405029297,False
scale_4_group,-3,2,4,"[1, 1, 1, 1]",1,False,False,4940518332933536,4940518334568257,9437184,1.5871039628982544,False
remote_1,-3,2,4,"[1, 2, 1, 2]",1,True,False,4940518345059037,4940518346748192,9437184,1.608288049697876,False
concurrency_4_group,-3,2,4,"[3, 4, 3, 4]",4,False,False,4940518357932691,4940518362718916,28311552,4.691648006439209,False
remote_3,-3,2,4,"[1, 0, 1, 0]",1,True,False,4940518374039202,4940518374915778,9437184,0.8199999928474426,False
two_pair_1_2,-3,2,4,"[0, 1, 1, 0]",1,False,False,4940518385329387,4940518386182152,9437184,0.8096640110015869,False
six_2,-3,2,4,"[2, 1, 2, 1]",1,False,False,4940518396684201,4940518399081408,18874368,2.352288007736206,False
scale_6_rank,-3,2,4,"[2, 2, 1, 1]",1,False,False,4940518409537326,4940518411155065,9437184,1.5716480016708374,False
two_pair_0_1,-3,2,4,"[1, 1, 0, 0]",1,False,False,4940518423108862,4940518423201260,0,0,False
remote_2,-3,2,4,"[1, 1, 0, 0]",1,True,False,4940518435145346,4940518435261009,0,0,False
scale_62_rank,-3,2,4,"[16, 16, 15, 15]",1,False,False,4940518447115386,4940518470350640,141557760,23.170080184936523,False
two_single_2,-3,2,4,"[0, 0, 2, 0]",1,False,False,4940518482944942,4940518484604948,18874368,1.5972800254821777,False
concurrency_2_rank,-3,2,4,"[4, 4, 3, 3]",2,False,False,4940518494951599,4940518499680966,28311552,4.652895927429199,False
scale_6_group,-3,2,4,"[1, 2, 1, 2]",1,False,False,4940518511801227,4940518513462170,9437184,1.5928319692611694,False
concurrency_4_rank,-3,2,4,"[4, 4, 3, 3]",4,False,False,4940518524678991,4940518529443362,28311552,4.670400142669678,False
two_pair_2_3,-3,2,4,"[0, 0, 1, 1]",1,False,False,4940518541440105,4940518543099087,9437184,1.5925439596176147,False
two_pair_0_3,-3,2,4,"[1, 0, 0, 1]",1,False,False,4940518553651414,4940518553737840,0,0,False
two_single_3,-3,2,4,"[0, 0, 0, 2]",1,False,False,4940518565066600,4940518565158203,0,0,False
concurrency_2_group,-3,2,4,"[3, 4, 3, 4]",2,False,False,4940518577243145,4940518582009752,28311552,4.676896095275879,False
scale_4_rank,-3,2,4,"[1, 1, 1, 1]",1,False,False,4940518593255571,4940518594890310,9437184,1.5839359760284424,False
scale_8_group,-3,2,4,"[2, 2, 2, 2]",1,False,False,4940518605296089,4940518608469319,18874368,3.125920057296753,False
scale_14_rank,-3,2,4,"[4, 4, 3, 3]",1,False,False,4940518618816968,4940518623525523,28311552,4.656447887420654,False
two_single_0,-3,2,4,"[2, 0, 0, 0]",1,False,False,4940518635521677,4940518635612107,0,0,False
two_single_1,-3,2,4,"[0, 2, 0, 0]",1,False,False,4940518647648377,4940518647735178,0,0,False
remote_0,-3,2,4,"[2, 2, 1, 1]",1,True,False,4940518659822456,4940518661485049,9437184,1.5976320505142212,False
scale_8_rank,-3,2,4,"[2, 2, 2, 2]",1,False,False,4940518673461389,4940518676649505,18874368,3.1281919479370117,False
six_1,-3,2,4,"[1, 2, 1, 2]",1,False,False,4940518687103701,4940518688743145,9437184,1.5867840051651,False
concurrency_4_group,-2,2,4,"[3, 4, 3, 4]",4,False,False,4940518699973267,4940518704754582,28311552,4.6826558113098145,False
scale_2_group,-2,2,4,"[0, 1, 0, 1]",1,False,False,4940518715956971,4940518716038736,0,0,False
six_2,-2,2,4,"[2, 1, 2, 1]",1,False,False,4940518727290422,4940518729706057,18874368,2.344575881958008,False
remote_1,-2,2,4,"[1, 2, 1, 2]",1,True,False,4940518740186960,4940518741824008,9437184,1.5839680433273315,False
concurrency_2_rank,-2,2,4,"[4, 4, 3, 3]",2,False,False,4940518753025822,4940518757769667,28311552,4.636223793029785,False
scale_62_group,-2,2,4,"[15, 16, 15, 16]",1,False,False,4940518769865086,4940518793050020,141557760,23.116191864013672,False
two_pair_0_3,-2,2,4,"[1, 0, 0, 1]",1,False,False,4940518804954798,4940518805022815,0,0,False
two_single_0,-2,2,4,"[2, 0, 0, 0]",1,False,False,4940518816222293,4940518816308484,0,0,False
scale_62_rank,-2,2,4,"[16, 16, 15, 15]",1,False,False,4940518828272328,4940518851523498,141557760,23.175968170166016,False
scale_4_group,-2,2,4,"[1, 1, 1, 1]",1,False,False,4940518864222264,4940518865879025,9437184,1.591968059539795,False
scale_6_group,-2,2,4,"[1, 2, 1, 2]",1,False,False,4940518876338125,4940518878749378,9437184,1.1590720415115356,False
six_3,-2,2,4,"[1, 1, 2, 2]",1,False,False,4940518889140330,4940518892294838,18874368,3.1068480014801025,False
two_pair_2_3,-2,2,4,"[0, 0, 1, 1]",1,False,False,4940518902699826,4940518904313561,9437184,1.5679359436035156,False
remote_0,-2,2,4,"[2, 2, 1, 1]",1,True,False,4940518914672916,4940518916285378,9437184,1.5667840242385864,False
two_single_3,-2,2,4,"[0, 0, 0, 2]",1,False,False,4940518928238643,4940518928301813,0,0,False
scale_14_rank,-2,2,4,"[4, 4, 3, 3]",1,False,False,4940518940421598,4940518945104990,28311552,4.6440958976745605,False
scale_2_rank,-2,2,4,"[1, 1, 0, 0]",1,False,False,4940518957158131,4940518957245746,0,0,False
six_1,-2,2,4,"[1, 2, 1, 2]",1,False,False,4940518969232683,4940518970936176,9437184,1.6116160154342651,False
remote_2,-2,2,4,"[1, 1, 0, 0]",1,True,False,4940518982130484,4940518982203267,0,0,False
scale_6_rank,-2,2,4,"[2, 2, 1, 1]",1,False,False,4940518994261089,4940518995917846,9437184,1.5908160209655762,False
scale_8_rank,-2,2,4,"[2, 2, 2, 2]",1,False,False,4940519007846097,4940519011035980,18874368,3.0504000186920166,False
two_pair_0_1,-2,2,4,"[1, 1, 0, 0]",1,False,False,4940519021539240,4940519021665421,0,0,False
two_single_1,-2,2,4,"[0, 2, 0, 0]",1,False,False,4940519033560409,4940519033697885,0,0,False
scale_10_rank,-2,2,4,"[3, 3, 2, 2]",1,False,False,4940519045694581,4940519048918240,18874368,3.128351926803589,False
scale_4_rank,-2,2,4,"[1, 1, 1, 1]",1,False,False,4940519060852538,4940519062510956,9437184,1.588096022605896,False
scale_8_group,-2,2,4,"[2, 2, 2, 2]",1,False,False,4940519072964012,4940519076247962,18874368,3.1229119300842285,False
six_0,-2,2,4,"[2, 2, 1, 1]",1,False,False,4940519086598489,4940519088242850,9437184,1.5860480070114136,False
concurrency_4_rank,-2,2,4,"[4, 4, 3, 3]",4,False,False,4940519100142692,4940519104897077,28311552,4.655424118041992,False
scale_50_group,-2,2,4,"[12, 13, 12, 13]",1,False,False,4940519116941025,4940519135513836,113246208,18.484128952026367,False
scale_50_rank,-2,2,4,"[13, 13, 12, 12]",1,False,False,4940519147303027,4940519165840846,113246208,18.474239349365234,False
two_pair_0_2,-2,2,4,"[1, 0, 1, 0]",1,False,False,4940519178371944,4940519179267081,9437184,0.8267840147018433,False
remote_3,-2,2,4,"[1, 0, 1, 0]",1,True,False,4940519189717498,4940519190595288,9437184,0.8199040293693542,False
scale_10_group,-2,2,4,"[2, 3, 2, 3]",1,False,False,4940519201000504,4940519204167004,18874368,3.1057920455932617,False
two_single_2,-2,2,4,"[0, 0, 2, 0]",1,False,False,4940519215442759,4940519217087952,18874368,1.5882879495620728,False
two_pair_1_3,-2,2,4,"[0, 1, 0, 1]",1,False,False,4940519227555847,4940519227633323,0,0,False
two_pair_1_2,-2,2,4,"[0, 1, 1, 0]",1,False,False,4940519238997060,4940519239897151,9437184,0.8278399705886841,False
scale_14_group,-2,2,4,"[3, 4, 3, 4]",1,False,False,4940519250290682,4940519254983311,28311552,4.635712146759033,False
concurrency_2_group,-2,2,4,"[3, 4, 3, 4]",2,False,False,4940519266333478,4940519271058742,28311552,4.652959823608398,False
scale_50_group,-1,2,4,"[12, 13, 12, 13]",1,False,False,4940519282305972,4940519300845956,113246208,18.47871971130371,False
two_single_0,-1,2,4,"[2, 0, 0, 0]",1,False,False,4940519312680746,4940519312759169,0,0,False
six_3,-1,2,4,"[1, 1, 2, 2]",1,False,False,4940519324824186,4940519328064823,18874368,3.1529600620269775,False
remote_1,-1,2,4,"[1, 2, 1, 2]",1,True,False,4940519338620178,4940519340279577,9437184,1.5970879793167114,False
six_1,-1,2,4,"[1, 2, 1, 2]",1,False,False,4940519351633075,4940519353285838,9437184,1.5913920402526855,False
six_2,-1,2,4,"[2, 1, 2, 1]",1,False,False,4940519364663736,4940519367076534,18874368,2.3559999465942383,False
two_pair_0_1,-1,2,4,"[1, 1, 0, 0]",1,False,False,4940519377531245,4940519377615578,0,0,False
two_pair_0_3,-1,2,4,"[1, 0, 0, 1]",1,False,False,4940519389604666,4940519389720270,0,0,False
scale_4_rank,-1,2,4,"[1, 1, 1, 1]",1,False,False,4940519401013431,4940519402653307,9437184,1.5753920078277588,False
six_0,-1,2,4,"[2, 2, 1, 1]",1,False,False,4940519413091629,4940519414726625,9437184,1.5901440382003784,False
scale_6_rank,-1,2,4,"[2, 2, 1, 1]",1,False,False,4940519426640183,4940519428293871,9437184,1.5944639444351196,False
scale_6_group,-1,2,4,"[1, 2, 1, 2]",1,False,False,4940519440236542,4940519441893487,9437184,1.5891200304031372,False
two_pair_1_3,-1,2,4,"[0, 1, 0, 1]",1,False,False,4940519453094853,4940519453173997,0,0,False
two_pair_0_2,-1,2,4,"[1, 0, 1, 0]",1,False,False,4940519464480183,4940519465367044,9437184,0.8238720297813416,False
scale_8_group,-1,2,4,"[2, 2, 2, 2]",1,False,False,4940519475780217,4940519478920391,18874368,3.092223882675171,False
two_pair_2_3,-1,2,4,"[0, 0, 1, 1]",1,False,False,4940519489405054,4940519491033392,9437184,1.576416015625,False
concurrency_4_group,-1,2,4,"[3, 4, 3, 4]",4,False,False,4940519501585333,4940519506354629,28311552,4.679743766784668,False
two_single_2,-1,2,4,"[0, 0, 2, 0]",1,False,False,4940519517648395,4940519519281883,18874368,1.5862079858779907,False
scale_50_rank,-1,2,4,"[13, 13, 12, 12]",1,False,False,4940519529839013,4940519548394544,113246208,18.504703521728516,False
scale_8_rank,-1,2,4,"[2, 2, 2, 2]",1,False,False,4940519560999968,4940519564176706,18874368,3.1115520000457764,False
remote_3,-1,2,4,"[1, 0, 1, 0]",1,True,False,4940519574661288,4940519575531773,9437184,0.819648027420044,False
two_single_3,-1,2,4,"[0, 0, 0, 2]",1,False,False,4940519585943701,4940519586041692,0,0,False
remote_2,-1,2,4,"[1, 1, 0, 0]",1,True,False,4940519598062509,4940519598165386,0,0,False
scale_4_group,-1,2,4,"[1, 1, 1, 1]",1,False,False,4940519610224955,4940519611880005,9437184,1.5972479581832886,False
two_pair_1_2,-1,2,4,"[0, 1, 1, 0]",1,False,False,4940519622296195,4940519623164368,9437184,0.8195520043373108,False
scale_62_group,-1,2,4,"[15, 16, 15, 16]",1,False,False,4940519633546180,4940519656679270,141557760,23.0729923248291,False
scale_10_group,-1,2,4,"[2, 3, 2, 3]",1,False,False,4940519668641232,4940519671804532,18874368,3.1043519973754883,False
scale_10_rank,-1,2,4,"[3, 3, 2, 2]",1,False,False,4940519683073129,4940519686236313,18874368,3.1071040630340576,False
scale_2_rank,-1,2,4,"[1, 1, 0, 0]",1,False,False,4940519698212914,4940519698314998,0,0,False
remote_0,-1,2,4,"[2, 2, 1, 1]",1,True,False,4940519710239745,4940519711883054,9437184,1.5767359733581543,False
concurrency_4_rank,-1,2,4,"[4, 4, 3, 3]",4,False,False,4940519723768288,4940519728568462,28311552,4.685023784637451,False
scale_14_group,-1,2,4,"[3, 4, 3, 4]",1,False,False,4940519740456506,4940519745183312,28311552,4.6572160720825195,False
two_single_1,-1,2,4,"[0, 2, 0, 0]",1,False,False,4940519756425005,4940519756494566,0,0,False
concurrency_2_group,-1,2,4,"[3, 4, 3, 4]",2,False,False,4940519768413661,4940519773115729,28311552,4.639584064483643,False
scale_62_rank,-1,2,4,"[16, 16, 15, 15]",1,False,False,4940519784298479,4940519807463944,141557760,23.0850887298584,False
scale_14_rank,-1,2,4,"[4, 4, 3, 3]",1,False,False,4940519820143056,4940519824885019,28311552,4.6681599617004395,False
concurrency_2_rank,-1,2,4,"[4, 4, 3, 3]",2,False,False,4940519836773153,4940519841524138,28311552,4.656544208526611,False
scale_2_group,-1,2,4,"[0, 1, 0, 1]",1,False,False,4940519853380099,4940519853510808,0,0,False
two_single_2,0,2,4,"[0, 0, 2, 0]",1,False,False,4940519864857191,4940519866571390,18874368,1.6209280490875244,False
six_1,0,2,4,"[1, 2, 1, 2]",1,False,False,4940519877032588,4940519878653824,9437184,1.5658880472183228,False
scale_14_rank,0,2,4,"[4, 4, 3, 3]",1,False,False,4940519889743939,4940519894424014,28311552,4.635295867919922,False
six_0,0,2,4,"[2, 2, 1, 1]",1,False,False,4940519906246373,4940519907890357,9437184,1.5810240507125854,False
concurrency_2_rank,0,2,4,"[4, 4, 3, 3]",2,False,False,4940519919677059,4940519924443260,28311552,4.671807765960693,False
concurrency_4_rank,0,2,4,"[4, 4, 3, 3]",4,False,False,4940519936203899,4940519940969527,28311552,4.66048002243042,False
two_pair_0_3,0,2,4,"[1, 0, 0, 1]",1,False,False,4940519952843579,4940519952931111,0,0,False
scale_6_group,0,2,4,"[1, 2, 1, 2]",1,False,False,4940519963973307,4940519965609593,9437184,1.5881919860839844,False
scale_2_group,0,2,4,"[0, 1, 0, 1]",1,False,False,4940519976651649,4940519976827683,0,0,False
scale_62_rank,0,2,4,"[16, 16, 15, 15]",1,False,False,4940519987760923,4940520010931781,141557760,22.728384017944336,False
scale_50_group,0,2,4,"[12, 13, 12, 13]",1,False,False,4940520022804212,4940520041379439,113246208,18.507295608520508,False
scale_8_rank,0,2,4,"[2, 2, 2, 2]",1,False,False,4940520052626396,4940520055806002,18874368,3.126879930496216,False
concurrency_2_group,0,2,4,"[3, 4, 3, 4]",2,False,False,4940520066115225,4940520070880668,28311552,4.679327964782715,False
two_single_3,0,2,4,"[0, 0, 0, 2]",1,False,False,4940520081932628,4940520082007195,0,0,False
remote_2,0,2,4,"[1, 1, 0, 0]",1,True,False,4940520094077071,4940520094147862,0,0,False
two_pair_1_2,0,2,4,"[0, 1, 1, 0]",1,False,False,4940520106091118,4940520106958867,9437184,0.8206400275230408,False
remote_1,0,2,4,"[1, 2, 1, 2]",1,True,False,4940520117268071,4940520118916649,9437184,1.589408040046692,False
two_pair_2_3,0,2,4,"[0, 0, 1, 1]",1,False,False,4940520129968848,4940520131596368,9437184,1.5759040117263794,False
six_2,0,2,4,"[2, 1, 2, 1]",1,False,False,4940520142057844,4940520144471504,18874368,2.3547840118408203,False
scale_4_group,0,2,4,"[1, 1, 1, 1]",1,False,False,4940520154708438,4940520156356529,9437184,1.5763839483261108,False
six_3,0,2,4,"[1, 1, 2, 2]",1,False,False,4940520166698808,4940520169884861,18874368,3.126944065093994,False
scale_4_rank,0,2,4,"[1, 1, 1, 1]",1,False,False,4940520180293681,4940520181943793,9437184,1.5899200439453125,False
scale_6_rank,0,2,4,"[2, 2, 1, 1]",1,False,False,4940520192306484,4940520193941486,9437184,1.5842880010604858,False
concurrency_4_group,0,2,4,"[3, 4, 3, 4]",4,False,False,4940520205901507,4940520210631997,28311552,4.637983798980713,False
two_pair_0_1,0,2,4,"[1, 1, 0, 0]",1,False,False,4940520221814300,4940520221896790,0,0,False
scale_2_rank,0,2,4,"[1, 1, 0, 0]",1,False,False,4940520233814418,4940520233910759,0,0,False
scale_50_rank,0,2,4,"[13, 13, 12, 12]",1,False,False,4940520245751493,4940520264276302,113246208,18.46950340270996,False
scale_10_rank,0,2,4,"[3, 3, 2, 2]",1,False,False,4940520276165659,4940520279353410,18874368,3.1303999423980713,False
two_single_1,0,2,4,"[0, 2, 0, 0]",1,False,False,4940520291194950,4940520291265565,0,0,False
remote_3,0,2,4,"[1, 0, 1, 0]",1,True,False,4940520303095671,4940520303959155,9437184,0.8215039968490601,False
scale_62_group,0,2,4,"[15, 16, 15, 16]",1,False,False,4940520314303541,4940520337451039,141557760,23.086528778076172,False
scale_14_group,0,2,4,"[3, 4, 3, 4]",1,False,False,4940520348543181,4940520353262934,28311552,4.662303924560547,False
scale_8_group,0,2,4,"[2, 2, 2, 2]",1,False,False,4940520364380794,4940520367556971,18874368,3.117471933364868,False
remote_0,0,2,4,"[2, 2, 1, 1]",1,True,False,4940520377914539,4940520379562475,9437184,1.5954560041427612,False
scale_10_group,0,2,4,"[2, 3, 2, 3]",1,False,False,4940520391444656,4940520394593753,18874368,3.096640110015869,False
two_pair_1_3,0,2,4,"[0, 1, 0, 1]",1,False,False,4940520405703447,4940520405772810,0,0,False
two_single_0,0,2,4,"[2, 0, 0, 0]",1,False,False,4940520416847308,4940520416945097,0,0,False
two_pair_0_2,0,2,4,"[1, 0, 1, 0]",1,False,False,4940520428678168,4940520429576641,9437184,0.830623984336853,False
six_1,1,2,4,"[1, 2, 1, 2]",1,False,False,4940520439987418,4940520441638205,9437184,1.589087963104248,False
concurrency_4_rank,1,2,4,"[4, 4, 3, 3]",4,False,False,4940520452694776,4940520457471786,28311552,4.677824020385742,False
scale_6_group,1,2,4,"[1, 2, 1, 2]",1,False,False,4940520469315404,4940520470978522,9437184,1.5898560285568237,False
scale_10_rank,1,2,4,"[3, 3, 2, 2]",1,False,False,4940520482121243,4940520485295863,18874368,3.1198079586029053,False
concurrency_2_rank,1,2,4,"[4, 4, 3, 3]",2,False,False,4940520497220588,4940520501968163,28311552,4.6523518562316895,False
six_0,1,2,4,"[2, 2, 1, 1]",1,False,False,4940520513882513,4940520515540685,9437184,1.590399980545044,False
scale_2_group,1,2,4,"[0, 1, 0, 1]",1,False,False,4940520527384132,4940520527469338,0,0,False
two_pair_0_2,1,2,4,"[1, 0, 1, 0]",1,False,False,4940520538513112,4940520539384633,9437184,0.8224639892578125,False
two_single_2,1,2,4,"[0, 0, 2, 0]",1,False,False,4940520549711009,4940520551343144,18874368,1.5848640203475952,False
two_single_0,1,2,4,"[2, 0, 0, 0]",1,False,False,4940520561758706,4940520561830828,0,0,False
two_pair_1_3,1,2,4,"[0, 1, 0, 1]",1,False,False,4940520573712682,4940520574812320,0,0,False
two_single_1,1,2,4,"[0, 2, 0, 0]",1,False,False,4940520585078204,4940520585148642,0,0,False
six_2,1,2,4,"[2, 1, 2, 1]",1,False,False,4940520597142933,4940520599568012,18874368,2.3637120723724365,False
scale_10_group,1,2,4,"[2, 3, 2, 3]",1,False,False,4940520609842002,4940520613045563,18874368,3.1384639739990234,False
remote_2,1,2,4,"[1, 1, 0, 0]",1,True,False,4940520624061595,4940520624144538,0,0,False
scale_8_rank,1,2,4,"[2, 2, 2, 2]",1,False,False,4940520635994678,4940520639216934,18874368,3.1419200897216797,False
remote_0,1,2,4,"[2, 2, 1, 1]",1,True,False,4940520649513933,4940520651161262,9437184,1.5837759971618652,False
two_single_3,1,2,4,"[0, 0, 0, 2]",1,False,False,4940520662943718,4940520663016556,0,0,False
scale_2_rank,1,2,4,"[1, 1, 0, 0]",1,False,False,4940520674841717,4940520674912359,0,0,False
scale_50_group,1,2,4,"[12, 13, 12, 13]",1,False,False,4940520686734723,4940520705289902,113246208,18.493343353271484,False
concurrency_2_group,1,2,4,"[3, 4, 3, 4]",2,False,False,4940520716412782,4940520721174543,28311552,4.673567771911621,False
six_3,1,2,4,"[1, 1, 2, 2]",1,False,False,4940520732288972,4940520735514801,18874368,3.161855936050415,False
remote_1,1,2,4,"[1, 2, 1, 2]",1,True,False,4940520745969093,4940520747635562,9437184,1.598304033279419,False
two_pair_2_3,1,2,4,"[0, 0, 1, 1]",1,False,False,4940520758692933,4940520760331301,9437184,1.5828800201416016,False
scale_62_rank,1,2,4,"[16, 16, 15, 15]",1,False,False,4940520770586830,4940520793736559,141557760,23.0947208404541,False
two_pair_0_1,1,2,4,"[1, 1, 0, 0]",1,False,False,4940520805544180,4940520805617750,0,0,False
remote_3,1,2,4,"[1, 0, 1, 0]",1,True,False,4940520817479159,4940520818368110,9437184,0.8272320032119751,False
scale_14_group,1,2,4,"[3, 4, 3, 4]",1,False,False,4940520828685746,4940520833385843,28311552,4.653408050537109,False
concurrency_4_group,1,2,4,"[3, 4, 3, 4]",4,False,False,4940520844455329,4940520849227897,28311552,4.67849588394165,False
scale_50_rank,1,2,4,"[13, 13, 12, 12]",1,False,False,4940520860283600,4940520877787023,113246208,17.442304611206055,False
scale_4_rank,1,2,4,"[1, 1, 1, 1]",1,False,False,4940520890682748,4940520892329377,9437184,1.5848640203475952,False
two_pair_1_2,1,2,4,"[0, 1, 1, 0]",1,False,False,4940520902597303,4940520903462811,9437184,0.814624011516571,False
scale_8_group,1,2,4,"[2, 2, 2, 2]",1,False,False,4940520913763732,4940520916923814,18874368,3.107680082321167,False
two_pair_0_3,1,2,4,"[1, 0, 0, 1]",1,False,False,4940520927199015,4940520927267998,0,0,False
scale_14_rank,1,2,4,"[4, 4, 3, 3]",1,False,False,4940520938324528,4940520943027430,28311552,4.6533122062683105,False
scale_6_rank,1,2,4,"[2, 2, 1, 1]",1,False,False,4940520954823028,4940520956459730,9437184,1.570207953453064,False
scale_62_group,1,2,4,"[15, 16, 15, 16]",1,False,False,4940520968365195,4940520991518707,141557760,23.08460807800293,False
scale_4_group,1,2,4,"[1, 1, 1, 1]",1,False,False,4940521002551432,4940521004203205,9437184,1.5886399745941162,False
scale_8_rank,2,2,4,"[2, 2, 2, 2]",1,False,False,4940521014533299,4940521017705118,18874368,3.118272066116333,False
scale_10_group,2,2,4,"[2, 3, 2, 3]",1,False,False,4940521028023194,4940521031248618,18874368,3.135744094848633,False
two_pair_1_2,2,2,4,"[0, 1, 1, 0]",1,False,False,4940521042268536,4940521043170714,9437184,0.822048008441925,False
remote_0,2,2,4,"[2, 2, 1, 1]",1,True,False,4940521053404979,4940521055023903,9437184,1.5767040252685547,False
six_0,2,2,4,"[2, 2, 1, 1]",1,False,False,4940521066881634,4940521068483976,9437184,1.5552639961242676,False
scale_8_group,2,2,4,"[2, 2, 2, 2]",1,False,False,4940521080350278,4940521083537626,18874368,3.1185600757598877,False
scale_4_group,2,2,4,"[1, 1, 1, 1]",1,False,False,4940521093883663,4940521095520732,9437184,1.5839680433273315,False
concurrency_2_rank,2,2,4,"[4, 4, 3, 3]",2,False,False,4940521105855169,4940521110603858,28311552,4.663839817047119,False
two_single_2,2,2,4,"[0, 0, 2, 0]",1,False,False,4940521122360478,4940521123991227,18874368,1.582751989364624,False
six_1,2,2,4,"[1, 2, 1, 2]",1,False,False,4940521134297641,4940521135899407,9437184,1.5489920377731323,False
remote_1,2,2,4,"[1, 2, 1, 2]",1,True,False,4940521146977146,4940521148600024,9437184,1.5726720094680786,False
two_pair_0_2,2,2,4,"[1, 0, 1, 0]",1,False,False,4940521159662030,4940521160522697,9437184,0.8120319843292236,False
six_2,2,2,4,"[2, 1, 2, 1]",1,False,False,4940521170805282,4940521173204391,18874368,2.351072072982788,False
scale_4_rank,2,2,4,"[1, 1, 1, 1]",1,False,False,4940521183519136,4940521185142146,9437184,1.5725120306015015,False
scale_6_group,2,2,4,"[1, 2, 1, 2]",1,False,False,4940521195496295,4940521197116450,9437184,1.5718079805374146,False
scale_50_group,2,2,4,"[12, 13, 12, 13]",1,False,False,4940521208173562,4940521226745673,113246208,18.50828742980957,False
two_single_0,2,2,4,"[2, 0, 0, 0]",1,False,False,4940521237808741,4940521237886259,0,0,False
scale_50_rank,2,2,4,"[13, 13, 12, 12]",1,False,False,4940521249726692,4940521268262860,113246208,18.485279083251953,False
scale_2_group,2,2,4,"[0, 1, 0, 1]",1,False,False,4940521280197597,4940521280269096,0,0,False
remote_3,2,2,4,"[1, 0, 1, 0]",1,True,False,4940521291412294,4940521292276135,9437184,0.8201280236244202,False
two_single_1,2,2,4,"[0, 2, 0, 0]",1,False,False,4940521302548824,4940521302625979,0,0,False
scale_2_rank,2,2,4,"[1, 1, 0, 0]",1,False,False,4940521314435289,4940521314503522,0,0,False
two_pair_1_3,2,2,4,"[0, 1, 0, 1]",1,False,False,4940521326301513,4940521326363625,0,0,False
two_pair_0_1,2,2,4,"[1, 1, 0, 0]",1,False,False,4940521337497882,4940521337561409,0,0,False
concurrency_4_group,2,2,4,"[3, 4, 3, 4]",4,False,False,4940521349377075,4940521354159011,28311552,4.687007904052734,False
scale_6_rank,2,2,4,"[2, 2, 1, 1]",1,False,False,4940521365237385,4940521366865051,9437184,1.5741759538650513,False
remote_2,2,2,4,"[1, 1, 0, 0]",1,True,False,4940521378703182,4940521378776075,0,0,False
concurrency_4_rank,2,2,4,"[4, 4, 3, 3]",4,False,False,4940521390605626,4940521395362990,28311552,4.666848182678223,False
scale_14_rank,2,2,4,"[4, 4, 3, 3]",1,False,False,4940521407188640,4940521411943400,28311552,4.656767845153809,False
scale_62_rank,2,2,4,"[16, 16, 15, 15]",1,False,False,4940521423913889,4940521447108737,141557760,23.101951599121094,False
six_3,2,2,4,"[1, 1, 2, 2]",1,False,False,4940521458932247,4940521462120632,18874368,3.1300480365753174,False
scale_10_rank,2,2,4,"[3, 3, 2, 2]",1,False,False,4940521472598898,4940521475769910,18874368,3.119391918182373,False
two_pair_2_3,2,2,4,"[0, 0, 1, 1]",1,False,False,4940521487762564,4940521489445076,9437184,1.5974080562591553,False
scale_14_group,2,2,4,"[3, 4, 3, 4]",1,False,False,4940521499905522,4940521504658632,28311552,4.674975872039795,False
two_single_3,2,2,4,"[0, 0, 0, 2]",1,False,False,4940521515677412,4940521515759234,0,0,False
concurrency_2_group,2,2,4,"[3, 4, 3, 4]",2,False,False,4940521527768274,4940521532518359,28311552,4.660672187805176,False
two_pair_0_3,2,2,4,"[1, 0, 0, 1]",1,False,False,4940521543644151,4940521543724460,0,0,False
scale_62_group,2,2,4,"[15, 16, 15, 16]",1,False,False,4940521554848422,4940521578012662,141557760,23.10358428955078,False
scale_10_rank,3,2,4,"[3, 3, 2, 2]",1,False,False,4940521589666939,4940521592777580,18874368,3.0448639392852783,False
two_pair_0_3,3,2,4,"[1, 0, 0, 1]",1,False,False,4940521604625975,4940521604707024,0,0,False
scale_2_rank,3,2,4,"[1, 1, 0, 0]",1,False,False,4940521615811970,4940521615880991,0,0,False
six_3,3,2,4,"[1, 1, 2, 2]",1,False,False,4940521627817921,4940521631006626,18874368,3.1199679374694824,False
scale_50_group,3,2,4,"[12, 13, 12, 13]",1,False,False,4940521641444533,4940521660014096,113246208,18.501855850219727,False
two_single_2,3,2,4,"[0, 0, 2, 0]",1,False,False,4940521671110973,4940521672763179,18874368,1.5948480367660522,False
concurrency_2_group,3,2,4,"[3, 4, 3, 4]",2,False,False,4940521683086277,4940521687747586,28311552,4.584832191467285,False
scale_4_group,3,2,4,"[1, 1, 1, 1]",1,False,False,4940521698913824,4940521700553999,9437184,1.5885759592056274,False
six_0,3,2,4,"[2, 2, 1, 1]",1,False,False,4940521710892840,4940521712530840,9437184,1.5844160318374634,False
two_pair_0_2,3,2,4,"[1, 0, 1, 0]",1,False,False,4940521724344114,4940521725207537,9437184,0.8149440288543701,False
remote_1,3,2,4,"[1, 2, 1, 2]",1,True,False,4940521735480103,4940521737115885,9437184,1.5823359489440918,False
remote_0,3,2,4,"[2, 2, 1, 1]",1,True,False,4940521748234051,4940521749861181,9437184,1.576159954071045,False
scale_14_rank,3,2,4,"[4, 4, 3, 3]",1,False,False,4940521761720753,4940521766429651,28311552,4.65715217590332,False
concurrency_2_rank,3,2,4,"[4, 4, 3, 3]",2,False,False,4940521778284312,4940521782994156,28311552,4.633887767791748,False
scale_4_rank,3,2,4,"[1, 1, 1, 1]",1,False,False,4940521794791769,4940521796422673,9437184,1.5753920078277588,False
two_pair_2_3,3,2,4,"[0, 0, 1, 1]",1,False,False,4940521806712366,4940521808359749,9437184,1.5900479555130005,False
six_2,3,2,4,"[2, 1, 2, 1]",1,False,False,4940521818685254,4940521821087909,18874368,2.3516480922698975,False
two_single_3,3,2,4,"[0, 0, 0, 2]",1,False,False,4940521831367630,4940521831444298,0,0,False
two_single_0,3,2,4,"[2, 0, 0, 0]",1,False,False,4940521843474349,4940521843543051,0,0,False
remote_3,3,2,4,"[1, 0, 1, 0]",1,True,False,4940521855371740,4940521856245230,9437184,0.8234879970550537,False
scale_50_rank,3,2,4,"[13, 13, 12, 12]",1,False,False,4940521866532864,4940521885083737,113246208,18.49737548828125,False
scale_10_group,3,2,4,"[2, 3, 2, 3]",1,False,False,4940521896927508,4940521900101650,18874368,3.1124160289764404,False
remote_2,3,2,4,"[1, 1, 0, 0]",1,True,False,4940521911218074,4940521911299548,0,0,False
two_pair_1_3,3,2,4,"[0, 1, 0, 1]",1,False,False,4940521923095476,4940521923174519,0,0,False
scale_6_rank,3,2,4,"[2, 2, 1, 1]",1,False,False,4940521934264755,4940521935899435,9437184,1.5839359760284424,False
six_1,3,2,4,"[1, 2, 1, 2]",1,False,False,4940521947730368,4940521949363715,9437184,1.5711040496826172,False
scale_8_rank,3,2,4,"[2, 2, 2, 2]",1,False,False,4940521960493968,4940521963665140,18874368,3.1203839778900146,False
scale_62_group,3,2,4,"[15, 16, 15, 16]",1,False,False,4940521974039287,4940521997183524,141557760,23.084224700927734,False
scale_62_rank,3,2,4,"[16, 16, 15, 15]",1,False,False,4940522008287811,4940522031435934,141557760,23.087711334228516,False
two_pair_0_1,3,2,4,"[1, 1, 0, 0]",1,False,False,4940522043276047,4940522043353131,0,0,False
concurrency_4_group,3,2,4,"[3, 4, 3, 4]",4,False,False,4940522055231564,4940522059987108,28311552,4.662752151489258,False
two_single_1,3,2,4,"[0, 2, 0, 0]",1,False,False,4940522071063162,4940522071135294,0,0,False
scale_2_group,3,2,4,"[0, 1, 0, 1]",1,False,False,4940522083060986,4940522083129908,0,0,False
scale_6_group,3,2,4,"[1, 2, 1, 2]",1,False,False,4940522094305824,4940522095952720,9437184,1.5891200304031372,False
two_pair_1_2,3,2,4,"[0, 1, 1, 0]",1,False,False,4940522106994238,4940522107863900,9437184,0.8161600232124329,False
scale_8_group,3,2,4,"[2, 2, 2, 2]",1,False,False,4940522118251538,4940522121435412,18874368,3.126879930496216,False
concurrency_4_rank,3,2,4,"[4, 4, 3, 3]",4,False,False,4940522131859175,4940522136636976,28311552,4.682496070861816,False
scale_14_group,3,2,4,"[3, 4, 3, 4]",1,False,False,4940522148504010,4940522153226764,28311552,4.663328170776367,False
scale_62_rank,4,2,4,"[16, 16, 15, 15]",1,False,False,4940522164373249,4940522187519702,141557760,23.078975677490234,False
scale_6_group,4,2,4,"[1, 2, 1, 2]",1,False,False,4940522199481556,4940522201143419,9437184,1.5918079614639282,False
scale_62_group,4,2,4,"[15, 16, 15, 16]",1,False,False,4940522212414686,4940522235566977,141557760,23.088607788085938,False
scale_8_rank,4,2,4,"[2, 2, 2, 2]",1,False,False,4940522246649498,4940522249825204,18874368,3.118527889251709,False
two_single_2,4,2,4,"[0, 0, 2, 0]",1,False,False,4940522260267777,4940522261902522,18874368,1.5833920240402222,False
scale_2_rank,4,2,4,"[1, 1, 0, 0]",1,False,False,4940522272352295,4940522272421559,0,0,False
remote_0,4,2,4,"[2, 2, 1, 1]",1,True,False,4940522284417325,4940522286036077,9437184,1.566208004951477,False
two_pair_0_1,4,2,4,"[1, 1, 0, 0]",1,False,False,4940522298029571,4940522298107666,0,0,False
six_2,4,2,4,"[2, 1, 2, 1]",1,False,False,4940522310076678,4940522312481009,18874368,2.35699200630188,False
two_pair_0_2,4,2,4,"[1, 0, 1, 0]",1,False,False,4940522322789090,4940522323657712,9437184,0.8178880214691162,False
scale_2_group,4,2,4,"[0, 1, 0, 1]",1,False,False,4940522333987100,4940522334060733,0,0,False
concurrency_2_rank,4,2,4,"[4, 4, 3, 3]",2,False,False,4940522345185424,4940522349917312,28311552,4.661407947540283,False
scale_50_rank,4,2,4,"[13, 13, 12, 12]",1,False,False,4940522361854153,4940522380385043,113246208,18.474111557006836,False
concurrency_2_group,4,2,4,"[3, 4, 3, 4]",2,False,False,4940522392298229,4940522397068403,28311552,4.667391777038574,False
six_1,4,2,4,"[1, 2, 1, 2]",1,False,False,4940522408181859,4940522409849418,9437184,1.5962239503860474,False
remote_3,4,2,4,"[1, 0, 1, 0]",1,True,False,4940522420965992,4940522421838002,9437184,0.8174399733543396,False
scale_6_rank,4,2,4,"[2, 2, 1, 1]",1,False,False,4940522432205664,4940522433845294,9437184,1.5856640338897705,False
scale_10_group,4,2,4,"[2, 3, 2, 3]",1,False,False,4940522445682185,4940522448836896,18874368,3.100287914276123,False
two_single_0,4,2,4,"[2, 0, 0, 0]",1,False,False,4940522460141765,4940522460217341,0,0,False
concurrency_4_group,4,2,4,"[3, 4, 3, 4]",4,False,False,4940522472285392,4940522477054469,28311552,4.670656204223633,False
scale_4_rank,4,2,4,"[1, 1, 1, 1]",1,False,False,4940522488172441,4940522489828944,9437184,1.5868799686431885,False
six_0,4,2,4,"[2, 2, 1, 1]",1,False,False,4940522500173642,4940522501811378,9437184,1.5796799659729004,False
remote_2,4,2,4,"[1, 1, 0, 0]",1,True,False,4940522513723080,4940522513795979,0,0,False
scale_4_group,4,2,4,"[1, 1, 1, 1]",1,False,False,4940522525693976,4940522527315390,9437184,1.5709760189056396,False
two_single_1,4,2,4,"[0, 2, 0, 0]",1,False,False,4940522537735585,4940522537807875,0,0,False
two_pair_2_3,4,2,4,"[0, 0, 1, 1]",1,False,False,4940522549672585,4940522551300647,9437184,1.5763200521469116,False
remote_1,4,2,4,"[1, 2, 1, 2]",1,True,False,4940522561772364,4940522563412341,9437184,1.5862400531768799,False
two_pair_1_2,4,2,4,"[0, 1, 1, 0]",1,False,False,4940522574496929,4940522575359409,9437184,0.8127359747886658,False
scale_10_rank,4,2,4,"[3, 3, 2, 2]",1,False,False,4940522585696012,4940522588861328,18874368,3.1157119274139404,False
two_pair_0_3,4,2,4,"[1, 0, 0, 1]",1,False,False,4940522600828086,4940522600908431,0,0,False
six_3,4,2,4,"[1, 1, 2, 2]",1,False,False,4940522612061977,4940522615230777,18874368,3.1167678833007812,False
two_pair_1_3,4,2,4,"[0, 1, 0, 1]",1,False,False,4940522625733907,4940522625804134,0,0,False
two_single_3,4,2,4,"[0, 0, 0, 2]",1,False,False,4940522636930270,4940522636997101,0,0,False
scale_8_group,4,2,4,"[2, 2, 2, 2]",1,False,False,4940522649056012,4940522652223760,18874368,3.12060809135437,False
scale_50_group,4,2,4,"[12, 13, 12, 13]",1,False,False,4940522662614242,4940522681146242,113246208,18.47747230529785,False
scale_14_group,4,2,4,"[3, 4, 3, 4]",1,False,False,4940522692335649,4940522697059128,28311552,4.66048002243042,False
concurrency_4_rank,4,2,4,"[4, 4, 3, 3]",4,False,False,4940522708162434,4940522712914106,28311552,4.651552200317383,False
scale_14_rank,4,2,4,"[4, 4, 3, 3]",1,False,False,4940522724846986,4940522729547047,28311552,4.64412784576416,False
scale_8_rank,5,2,4,"[2, 2, 2, 2]",1,False,False,4940522741536258,4940522744707822,18874368,3.1069118976593018,False
scale_10_rank,5,2,4,"[3, 3, 2, 2]",1,False,False,4940522755093933,4940522758274680,18874368,3.1215360164642334,False
scale_2_rank,5,2,4,"[1, 1, 0, 0]",1,False,False,4940522770239641,4940522770315244,0,0,False
two_pair_0_2,5,2,4,"[1, 0, 1, 0]",1,False,False,4940522782202854,4940522783083268,9437184,0.8269760012626648,False
scale_10_group,5,2,4,"[2, 3, 2, 3]",1,False,False,4940522793403630,4940522796572522,18874368,3.109760046005249,False
remote_3,5,2,4,"[1, 0, 1, 0]",1,True,False,4940522807684944,4940522808553301,9437184,0.8167359828948975,False
scale_6_rank,5,2,4,"[2, 2, 1, 1]",1,False,False,4940522818892669,4940522820526400,9437184,1.5781760215759277,False
scale_4_rank,5,2,4,"[1, 1, 1, 1]",1,False,False,4940522832481156,4940522834103723,9437184,1.5686719417572021,False
scale_14_rank,5,2,4,"[4, 4, 3, 3]",1,False,False,4940522844461225,4940522849165411,28311552,4.651968002319336,False
six_2,5,2,4,"[2, 1, 2, 1]",1,False,False,4940522861124612,4940522863524681,18874368,2.3484160900115967,False
concurrency_2_rank,5,2,4,"[4, 4, 3, 3]",2,False,False,4940522873913193,4940522878634585,28311552,4.6533122062683105,False
scale_62_group,5,2,4,"[15, 16, 15, 16]",1,False,False,4940522890528098,4940522913673229,141557760,23.080608367919922,False
concurrency_4_group,5,2,4,"[3, 4, 3, 4]",4,False,False,4940522924848779,4940522929634960,28311552,4.6875200271606445,False
scale_2_group,5,2,4,"[0, 1, 0, 1]",1,False,False,4940522940769070,4940522940839551,0,0,False
scale_4_group,5,2,4,"[1, 1, 1, 1]",1,False,False,4940522951955013,4940522953607765,9437184,1.5011839866638184,False
two_pair_2_3,5,2,4,"[0, 0, 1, 1]",1,False,False,4940522963886746,4940522965535399,9437184,1.5477759838104248,False
six_1,5,2,4,"[1, 2, 1, 2]",1,False,False,4940522975812457,4940522977453286,9437184,1.5858880281448364,False
scale_8_group,5,2,4,"[2, 2, 2, 2]",1,False,False,4940522988535820,4940522991711001,18874368,3.1197760105133057,False
two_pair_1_3,5,2,4,"[0, 1, 0, 1]",1,False,False,4940523002072558,4940523002167154,0,0,False
two_pair_0_1,5,2,4,"[1, 1, 0, 0]",1,False,False,4940523013220551,4940523013286998,0,0,False
scale_14_group,5,2,4,"[3, 4, 3, 4]",1,False,False,4940523025276998,4940523030031095,28311552,4.674079895019531,False
two_single_3,5,2,4,"[0, 0, 0, 2]",1,False,False,4940523041115393,4940523041190727,0,0,False
two_single_0,5,2,4,"[2, 0, 0, 0]",1,False,False,4940523053235070,4940523053307901,0,0,False
scale_6_group,5,2,4,"[1, 2, 1, 2]",1,False,False,4940523065246427,4940523066910621,9437184,1.595296025276184,False
concurrency_4_rank,5,2,4,"[4, 4, 3, 3]",4,False,False,4940523077966212,4940523082746793,28311552,4.6862077713012695,False
two_single_1,5,2,4,"[0, 2, 0, 0]",1,False,False,4940523094595634,4940523094666615,0,0,False
six_0,5,2,4,"[2, 2, 1, 1]",1,False,False,4940523106481450,4940523108118647,9437184,1.5909440517425537,False
six_3,5,2,4,"[1, 1, 2, 2]",1,False,False,4940523120371962,4940523123548285,18874368,3.113823890686035,False
remote_1,5,2,4,"[1, 2, 1, 2]",1,True,False,4940523133977388,4940523135785315,9437184,1.6566400527954102,False
two_pair_1_2,5,2,4,"[0, 1, 1, 0]",1,False,False,4940523146610458,4940523147570241,9437184,0.8659840226173401,False
two_single_2,5,2,4,"[0, 0, 2, 0]",1,False,False,4940523157806433,4940523159469849,18874368,1.5961920022964478,False
remote_0,5,2,4,"[2, 2, 1, 1]",1,True,False,4940523169879961,4940523171495820,9437184,1.5519039630889893,False
scale_62_rank,5,2,4,"[16, 16, 15, 15]",1,False,False,4940523183358783,4940523206603335,141557760,23.15737533569336,False
concurrency_2_group,5,2,4,"[3, 4, 3, 4]",2,False,False,4940523218776386,4940523223564083,28311552,4.686431884765625,False
scale_50_group,5,2,4,"[12, 13, 12, 13]",1,False,False,4940523234730638,4940523253343000,113246208,18.53913688659668,False
two_pair_0_3,5,2,4,"[1, 0, 0, 1]",1,False,False,4940523264469423,4940523264824583,0,0,False
scale_50_rank,5,2,4,"[13, 13, 12, 12]",1,False,False,4940523275715245,4940523294317722,113246208,18.54150390625,False
remote_2,5,2,4,"[1, 1, 0, 0]",1,True,False,4940523306243163,4940523306328973,0,0,False
scale_62_group,6,2,4,"[15, 16, 15, 16]",1,False,False,4940523318293934,4940523341483470,141557760,23.129119873046875,False
two_pair_2_3,6,2,4,"[0, 0, 1, 1]",1,False,False,4940523352662832,4940523354313141,9437184,1.5945919752120972,False
two_single_3,6,2,4,"[0, 0, 0, 2]",1,False,False,4940523364829422,4940523364907625,0,0,False
two_single_0,6,2,4,"[2, 0, 0, 0]",1,False,False,4940523377053046,4940523377130476,0,0,False
six_0,6,2,4,"[2, 2, 1, 1]",1,False,False,4940523389137933,4940523390806171,9437184,1.6020159721374512,False
scale_6_group,6,2,4,"[1, 2, 1, 2]",1,False,False,4940523402611800,4940523404014628,9437184,1.3290879726409912,False
scale_2_group,6,2,4,"[0, 1, 0, 1]",1,False,False,4940523415600776,4940523415693522,0,0,False
remote_1,6,2,4,"[1, 2, 1, 2]",1,True,False,4940523426764091,4940523428419065,9437184,1.5978879928588867,False
scale_62_rank,6,2,4,"[16, 16, 15, 15]",1,False,False,4940523439679098,4940523462905796,141557760,23.165952682495117,False
two_pair_1_2,6,2,4,"[0, 1, 1, 0]",1,False,False,4940523474751166,4940523475630533,9437184,0.8192639946937561,False
concurrency_4_rank,6,2,4,"[4, 4, 3, 3]",4,False,False,4940523485956329,4940523490757565,28311552,4.692448139190674,False
scale_50_group,6,2,4,"[12, 13, 12, 13]",1,False,False,4940523502618569,4940523521236455,113246208,18.557376861572266,False
scale_2_rank,6,2,4,"[1, 1, 0, 0]",1,False,False,4940523532447322,4940523532534934,0,0,False
remote_0,6,2,4,"[2, 2, 1, 1]",1,True,False,4940523544437543,4940523546091860,9437184,1.592095971107483,False
remote_3,6,2,4,"[1, 0, 1, 0]",1,True,False,4940523557910029,4940523558797669,9437184,0.8230080008506775,False
scale_50_rank,6,2,4,"[13, 13, 12, 12]",1,False,False,4940523569119039,4940523587709482,113246208,18.532255172729492,False
two_single_1,6,2,4,"[0, 2, 0, 0]",1,False,False,4940523599593660,4940523599682556,0,0,False
scale_4_rank,6,2,4,"[1, 1, 1, 1]",1,False,False,4940523611640576,4940523613301853,9437184,1.5970879793167114,False
scale_4_group,6,2,4,"[1, 1, 1, 1]",1,False,False,4940523623625543,4940523625269832,9437184,1.5902080535888672,False
concurrency_2_rank,6,2,4,"[4, 4, 3, 3]",2,False,False,4940523635636202,4940523640378386,28311552,4.674272060394287,False
scale_8_group,6,2,4,"[2, 2, 2, 2]",1,False,False,4940523652272245,4940523655453976,18874368,3.1231679916381836,False
concurrency_4_group,6,2,4,"[3, 4, 3, 4]",4,False,False,4940523666012976,4940523670809170,28311552,4.6910080909729,False
scale_10_group,6,2,4,"[2, 3, 2, 3]",1,False,False,4940523681989701,4940523685186909,18874368,3.1346559524536133,False
scale_6_rank,6,2,4,"[2, 2, 1, 1]",1,False,False,4940523696350689,4940523698002576,9437184,1.5938880443572998,False
six_1,6,2,4,"[1, 2, 1, 2]",1,False,False,4940523709989663,4940523711595722,9437184,1.550271987915039,False
concurrency_2_group,6,2,4,"[3, 4, 3, 4]",2,False,False,4940523722737916,4940523727455365,28311552,4.643104076385498,False
two_pair_0_1,6,2,4,"[1, 1, 0, 0]",1,False,False,4940523738594701,4940523738665304,0,0,False
scale_8_rank,6,2,4,"[2, 2, 2, 2]",1,False,False,4940523750526934,4940523753713865,18874368,3.139039993286133,False
scale_14_rank,6,2,4,"[4, 4, 3, 3]",1,False,False,4940523764036111,4940523768773591,28311552,4.6757121086120605,False
two_pair_0_2,6,2,4,"[1, 0, 1, 0]",1,False,False,4940523780691242,4940523781569593,9437184,0.8210240006446838,False
two_pair_1_3,6,2,4,"[0, 1, 0, 1]",1,False,False,4940523791880210,4940523791961648,0,0,False
two_single_2,6,2,4,"[0, 0, 2, 0]",1,False,False,4940523803105683,4940523804742036,18874368,1.5894399881362915,False
six_3,6,2,4,"[1, 1, 2, 2]",1,False,False,4940523815003597,4940523818168909,18874368,3.1122560501098633,False
scale_14_group,6,2,4,"[3, 4, 3, 4]",1,False,False,4940523828603539,4940523833310982,28311552,4.656767845153809,False
remote_2,6,2,4,"[1, 1, 0, 0]",1,True,False,4940523844415580,4940523844484772,0,0,False
six_2,6,2,4,"[2, 1, 2, 1]",1,False,False,4940523856387312,4940523858787116,18874368,2.3567678928375244,False
two_pair_0_3,6,2,4,"[1, 0, 0, 1]",1,False,False,4940523869116262,4940523869182870,0,0,False
scale_10_rank,6,2,4,"[3, 3, 2, 2]",1,False,False,4940523880292618,4940523883456700,18874368,3.1179840564727783,False
concurrency_4_rank,7,2,4,"[4, 4, 3, 3]",4,False,False,4940523895372971,4940523900144620,28311552,4.670368194580078,False
scale_10_rank,7,2,4,"[3, 3, 2, 2]",1,False,False,4940523912045071,4940523915202794,18874368,3.1028800010681152,False
two_single_0,7,2,4,"[2, 0, 0, 0]",1,False,False,4940523927152277,4940523927266894,0,0,False
remote_0,7,2,4,"[2, 2, 1, 1]",1,True,False,4940523939017178,4940523940687513,9437184,1.6005120277404785,False
scale_2_group,7,2,4,"[0, 1, 0, 1]",1,False,False,4940523952483576,4940523952557846,0,0,False
two_pair_0_2,7,2,4,"[1, 0, 1, 0]",1,False,False,4940523963703285,4940523964584454,9437184,0.8264319896697998,False
two_pair_1_3,7,2,4,"[0, 1, 0, 1]",1,False,False,4940523974876441,4940523974953985,0,0,False
scale_4_group,7,2,4,"[1, 1, 1, 1]",1,False,False,4940523986180256,4940523987853774,9437184,1.6001280546188354,False
six_2,7,2,4,"[2, 1, 2, 1]",1,False,False,4940523998285859,4940524000696628,18874368,2.3590400218963623,False
remote_3,7,2,4,"[1, 0, 1, 0]",1,True,False,4940524011021637,4940524011910628,9437184,0.821727991104126,False
concurrency_2_group,7,2,4,"[3, 4, 3, 4]",2,False,False,4940524022257982,4940524026997515,28311552,4.6648640632629395,False
scale_6_rank,7,2,4,"[2, 2, 1, 1]",1,False,False,4940524038193570,4940524039821664,9437184,1.580064058303833,False
scale_4_rank,7,2,4,"[1, 1, 1, 1]",1,False,False,4940524051742165,4940524053363575,9437184,1.5629760026931763,False
six_1,7,2,4,"[1, 2, 1, 2]",1,False,False,4940524063752862,4940524065386479,9437184,1.5838079452514648,False
two_single_1,7,2,4,"[0, 2, 0, 0]",1,False,False,4940524076490269,4940524076552005,0,0,False
six_0,7,2,4,"[2, 2, 1, 1]",1,False,False,4940524088662478,4940524090285577,9437184,1.5648000240325928,False
scale_8_rank,7,2,4,"[2, 2, 2, 2]",1,False,False,4940524102206216,4940524105358247,18874368,3.1043200492858887,False
two_pair_0_1,7,2,4,"[1, 1, 0, 0]",1,False,False,4940524115783937,4940524115846773,0,0,False
concurrency_2_rank,7,2,4,"[4, 4, 3, 3]",2,False,False,4940524127872094,4940524132575628,28311552,4.636576175689697,False
scale_62_rank,7,2,4,"[16, 16, 15, 15]",1,False,False,4940524144487686,4940524167676264,141557760,23.13360023498535,False
remote_2,7,2,4,"[1, 1, 0, 0]",1,True,False,4940524179598187,4940524179705554,0,0,False
two_pair_2_3,7,2,4,"[0, 0, 1, 1]",1,False,False,4940524191688624,4940524193392278,9437184,1.6193280220031738,False
two_single_3,7,2,4,"[0, 0, 0, 2]",1,False,False,4940524203854529,4940524203930814,0,0,False
scale_50_group,7,2,4,"[12, 13, 12, 13]",1,False,False,4940524215979345,4940524234578540,113246208,18.528959274291992,False
scale_6_group,7,2,4,"[1, 2, 1, 2]",1,False,False,4940524245759386,4940524247414374,9437184,1.5992319583892822,False
scale_8_group,7,2,4,"[2, 2, 2, 2]",1,False,False,4940524258505504,4940524261685883,18874368,3.1276800632476807,False
scale_50_rank,7,2,4,"[13, 13, 12, 12]",1,False,False,4940524272108949,4940524290676337,113246208,18.513887405395508,False
scale_62_group,7,2,4,"[15, 16, 15, 16]",1,False,False,4940524302519498,4940524325717369,141557760,23.138080596923828,False
remote_1,7,2,4,"[1, 2, 1, 2]",1,True,False,4940524336891973,4940524338551255,9437184,1.6005760431289673,False
scale_14_rank,7,2,4,"[4, 4, 3, 3]",1,False,False,4940524349723724,4940524354427620,28311552,4.656415939331055,False
six_3,7,2,4,"[1, 1, 2, 2]",1,False,False,4940524366334836,4940524369494390,18874368,3.1053121089935303,False
scale_14_group,7,2,4,"[3, 4, 3, 4]",1,False,False,4940524380046774,4940524384768305,28311552,4.662911891937256,False
concurrency_4_group,7,2,4,"[3, 4, 3, 4]",4,False,False,4940524395865598,4940524400635809,28311552,4.673920154571533,False
scale_10_group,7,2,4,"[2, 3, 2, 3]",1,False,False,4940524411780062,4940524414964221,18874368,3.1291520595550537,False
two_pair_1_2,7,2,4,"[0, 1, 1, 0]",1,False,False,4940524426144585,4940524427007180,9437184,0.8141760230064392,False
scale_2_rank,7,2,4,"[1, 1, 0, 0]",1,False,False,4940524437346030,4940524437410575,0,0,False
two_pair_0_3,7,2,4,"[1, 0, 0, 1]",1,False,False,4940524449349028,4940524449413698,0,0,False
two_single_2,7,2,4,"[0, 0, 2, 0]",1,False,False,4940524460578871,4940524462220492,18874368,1.592128038406372,False
scale_62_rank,8,2,4,"[16, 16, 15, 15]",1,False,False,4940524472781448,4940524495965730,141557760,23.122783660888672,False
scale_2_rank,8,2,4,"[1, 1, 0, 0]",1,False,False,4940524507832765,4940524507922926,0,0,False
two_pair_0_2,8,2,4,"[1, 0, 1, 0]",1,False,False,4940524519960562,4940524520849165,9437184,0.8262720108032227,False
two_pair_2_3,8,2,4,"[0, 0, 1, 1]",1,False,False,4940524531128780,4940524532708389,9437184,1.5343040227890015,False
two_single_0,8,2,4,"[2, 0, 0, 0]",1,False,False,4940524543070448,4940524543134834,0,0,False
two_single_1,8,2,4,"[0, 2, 0, 0]",1,False,False,4940524554954990,4940524555017746,0,0,False
scale_14_rank,8,2,4,"[4, 4, 3, 3]",1,False,False,4940524566976065,4940524571704124,28311552,4.668543815612793,False
scale_62_group,8,2,4,"[15, 16, 15, 16]",1,False,False,4940524583659396,4940524606859847,141557760,23.14348793029785,False
two_single_2,8,2,4,"[0, 0, 2, 0]",1,False,False,4940524618040525,4940524619694900,18874368,1.6004480123519897,False
concurrency_2_group,8,2,4,"[3, 4, 3, 4]",2,False,False,4940524630160922,4940524634866353,28311552,4.633152008056641,False
two_pair_1_2,8,2,4,"[0, 1, 1, 0]",1,False,False,4940524646073750,4940524646944012,9437184,0.8207359910011292,False
scale_10_rank,8,2,4,"[3, 3, 2, 2]",1,False,False,4940524657264864,4940524660439345,18874368,3.126847982406616,False
scale_6_rank,8,2,4,"[2, 2, 1, 1]",1,False,False,4940524672304133,4940524673959227,9437184,1.5866559743881226,False
scale_50_group,8,2,4,"[12, 13, 12, 13]",1,False,False,4940524685901271,4940524704473240,113246208,18.495071411132812,False
six_3,8,2,4,"[1, 1, 2, 2]",1,False,False,4940524715718132,4940524718920965,18874368,3.124191999435425,False
remote_1,8,2,4,"[1, 2, 1, 2]",1,True,False,4940524729183369,4940524730853997,9437184,1.6011199951171875,False
two_single_3,8,2,4,"[0, 0, 0, 2]",1,False,False,4940524741828394,4940524741952911,0,0,False
six_2,8,2,4,"[2, 1, 2, 1]",1,False,False,4940524753782625,4940524756220539,18874368,2.3756160736083984,False
remote_3,8,2,4,"[1, 0, 1, 0]",1,True,False,4940524766414531,4940524767314987,9437184,0.83433598279953,False
two_pair_1_3,8,2,4,"[0, 1, 0, 1]",1,False,False,4940524777522584,4940524777594413,0,0,False
six_1,8,2,4,"[1, 2, 1, 2]",1,False,False,4940524788607502,4940524790304067,9437184,1.6062400341033936,False
scale_4_rank,8,2,4,"[1, 1, 1, 1]",1,False,False,4940524801358937,4940524803009729,9437184,1.5880639553070068,False
concurrency_2_rank,8,2,4,"[4, 4, 3, 3]",2,False,False,4940524813273340,4940524818005183,28311552,4.654176235198975,False
remote_0,8,2,4,"[2, 2, 1, 1]",1,True,False,4940524829903044,4940524831565273,9437184,1.5936959981918335,False
scale_2_group,8,2,4,"[0, 1, 0, 1]",1,False,False,4940524843606002,4940524843684985,0,0,False
remote_2,8,2,4,"[1, 1, 0, 0]",1,True,False,4940524854821090,4940524854898752,0,0,False
scale_8_group,8,2,4,"[2, 2, 2, 2]",1,False,False,4940524866864766,4940524870066377,18874368,3.138079881668091,False
concurrency_4_group,8,2,4,"[3, 4, 3, 4]",4,False,False,4940524880496750,4940524885263703,28311552,4.670656204223633,False
concurrency_4_rank,8,2,4,"[4, 4, 3, 3]",4,False,False,4940524896399733,4940524901201590,28311552,4.696896076202393,False
two_pair_0_1,8,2,4,"[1, 1, 0, 0]",1,False,False,4940524913123277,4940524913214308,0,0,False
two_pair_0_3,8,2,4,"[1, 0, 0, 1]",1,False,False,4940524925152504,4940524925238197,0,0,False
scale_4_group,8,2,4,"[1, 1, 1, 1]",1,False,False,4940524936280900,4940524937916011,9437184,1.589184045791626,False
scale_6_group,8,2,4,"[1, 2, 1, 2]",1,False,False,4940524948220107,4940524949853936,9437184,1.5788480043411255,False
scale_8_rank,8,2,4,"[2, 2, 2, 2]",1,False,False,4940524961033611,4940524964207625,18874368,3.1244800090789795,False
scale_10_group,8,2,4,"[2, 3, 2, 3]",1,False,False,4940524974575895,4940524977755835,18874368,3.125823974609375,False
six_0,8,2,4,"[2, 2, 1, 1]",1,False,False,4940524988904333,4940524990546589,9437184,1.5831999778747559,False
scale_50_rank,8,2,4,"[13, 13, 12, 12]",1,False,False,4940525002366685,4940525020941143,113246208,18.504352569580078,False
scale_14_group,8,2,4,"[3, 4, 3, 4]",1,False,False,4940525032828695,4940525037566025,28311552,4.677216053009033,False
scale_14_group,9,2,4,"[3, 4, 3, 4]",1,False,False,4940525048689431,4940525053421176,28311552,4.673503875732422,False
six_1,9,2,4,"[1, 2, 1, 2]",1,False,False,4940525064540877,4940525066187950,9437184,1.588320016860962,False
scale_50_rank,9,2,4,"[13, 13, 12, 12]",1,False,False,4940525077292494,4940525095868275,113246208,18.518112182617188,False
two_single_2,9,2,4,"[0, 0, 2, 0]",1,False,False,4940525107730590,4940525109387323,18874368,1.593183994293213,False
remote_1,9,2,4,"[1, 2, 1, 2]",1,True,False,4940525119881630,4940525121514835,9437184,1.5730880498886108,False
scale_2_rank,9,2,4,"[1, 1, 0, 0]",1,False,False,4940525132702100,4940525132771294,0,0,False
scale_14_rank,9,2,4,"[4, 4, 3, 3]",1,False,False,4940525144743506,4940525149417697,28311552,4.616960048675537,False
two_single_3,9,2,4,"[0, 0, 0, 2]",1,False,False,4940525161387406,4940525161475203,0,0,False
concurrency_2_rank,9,2,4,"[4, 4, 3, 3]",2,False,False,4940525173406525,4940525178150635,28311552,4.645631790161133,False
two_pair_0_3,9,2,4,"[1, 0, 0, 1]",1,False,False,4940525190052131,4940525190151366,0,0,False
scale_6_rank,9,2,4,"[2, 2, 1, 1]",1,False,False,4940525201266399,4940525202898452,9437184,1.5811519622802734,False
scale_2_group,9,2,4,"[0, 1, 0, 1]",1,False,False,4940525214697479,4940525214779275,0,0,False
six_0,9,2,4,"[2, 2, 1, 1]",1,False,False,4940525225891254,4940525227522240,9437184,1.5809600353240967,False
concurrency_4_rank,9,2,4,"[4, 4, 3, 3]",4,False,False,4940525239453543,4940525244224267,28311552,4.668032169342041,False
scale_62_rank,9,2,4,"[16, 16, 15, 15]",1,False,False,4940525256116952,4940525279304554,141557760,23.12335968017578,False
two_single_1,9,2,4,"[0, 2, 0, 0]",1,False,False,4940525291165097,4940525291253837,0,0,False
two_pair_0_1,9,2,4,"[1, 1, 0, 0]",1,False,False,4940525303131006,4940525303208661,0,0,False
two_pair_1_3,9,2,4,"[0, 1, 0, 1]",1,False,False,4940525315036627,4940525315110543,0,0,False
scale_10_group,9,2,4,"[2, 3, 2, 3]",1,False,False,4940525326322166,4940525329530328,18874368,3.145440101623535,False
scale_8_rank,9,2,4,"[2, 2, 2, 2]",1,False,False,4940525340650595,4940525343836131,18874368,3.1240639686584473,False
two_pair_0_2,9,2,4,"[1, 0, 1, 0]",1,False,False,4940525354163129,4940525355055948,9437184,0.8305919766426086,False
scale_4_rank,9,2,4,"[1, 1, 1, 1]",1,False,False,4940525365322980,4940525366987299,9437184,1.5966399908065796,False
remote_0,9,2,4,"[2, 2, 1, 1]",1,True,False,4940525377321403,4940525378975779,9437184,1.596351981163025,False
six_2,9,2,4,"[2, 1, 2, 1]",1,False,False,4940525390794964,4940525393226985,18874368,2.365247964859009,False
six_3,9,2,4,"[1, 1, 2, 2]",1,False,False,4940525403547415,4940525406741512,18874368,3.1345601081848145,False
two_pair_1_2,9,2,4,"[0, 1, 1, 0]",1,False,False,4940525417149712,4940525418026759,9437184,0.8229439854621887,False
scale_8_group,9,2,4,"[2, 2, 2, 2]",1,False,False,4940525428329300,4940525431513950,18874368,3.128959894180298,False
two_single_0,9,2,4,"[2, 0, 0, 0]",1,False,False,4940525441889050,4940525441966301,0,0,False
scale_4_group,9,2,4,"[1, 1, 1, 1]",1,False,False,4940525453947098,4940525455594666,9437184,1.5870399475097656,False
remote_2,9,2,4,"[1, 1, 0, 0]",1,True,False,4940525466028709,4940525466102641,0,0,False
remote_3,9,2,4,"[1, 0, 1, 0]",1,True,False,4940525478125498,4940525479167034,9437184,0.8939840197563171,False
scale_50_group,9,2,4,"[12, 13, 12, 13]",1,False,False,4940525489511465,4940525508145791,113246208,18.545568466186523,False
scale_62_group,9,2,4,"[15, 16, 15, 16]",1,False,False,4940525519237988,4940525542448786,141557760,23.140703201293945,False
scale_6_group,9,2,4,"[1, 2, 1, 2]",1,False,False,4940525553549297,4940525555181833,9437184,1.579103946685791,False
concurrency_4_group,9,2,4,"[3, 4, 3, 4]",4,False,False,4940525566339231,4940525571125603,28311552,4.688352108001709,False
concurrency_2_group,9,2,4,"[3, 4, 3, 4]",2,False,False,4940525582265580,4940525587011828,28311552,4.664192199707031,False
scale_10_rank,9,2,4,"[3, 3, 2, 2]",1,False,False,4940525598187288,4940525601359792,18874368,3.1177918910980225,False
two_pair_2_3,9,2,4,"[0, 0, 1, 1]",1,False,False,4940525613278385,4940525614947583,9437184,1.596832036972046,False
scale_8_group,10,2,4,"[2, 2, 2, 2]",1,False,False,4940525625535698,4940525628696810,18874368,3.1127359867095947,False
two_pair_1_3,10,2,4,"[0, 1, 0, 1]",1,False,False,4940525639044868,4940525639110722,0,0,False
six_2,10,2,4,"[2, 1, 2, 1]",1,False,False,4940525650242242,4940525652646012,18874368,2.348736047744751,False
concurrency_2_group,10,2,4,"[3, 4, 3, 4]",2,False,False,4940525662981815,4940525667751452,28311552,4.677279949188232,False
scale_2_rank,10,2,4,"[1, 1, 0, 0]",1,False,False,4940525678836372,4940525678921308,0,0,False
remote_0,10,2,4,"[2, 2, 1, 1]",1,True,False,4940525690760250,4940525692397593,9437184,1.5792959928512573,False
two_pair_2_3,10,2,4,"[0, 0, 1, 1]",1,False,False,4940525704318646,4940525706071356,9437184,0.9017599821090698,False
two_pair_0_2,10,2,4,"[1, 0, 1, 0]",1,False,False,4940525716849896,4940525717723389,9437184,0.8191360235214233,False
concurrency_4_group,10,2,4,"[3, 4, 3, 4]",4,False,False,4940525728099947,4940525732890872,28311552,4.685503959655762,False
six_1,10,2,4,"[1, 2, 1, 2]",1,False,False,4940525744047968,4940525745711417,9437184,1.5919040441513062,False
two_single_2,10,2,4,"[0, 0, 2, 0]",1,False,False,4940525756811769,4940525758446035,18874368,1.5841920375823975,False
scale_14_group,10,2,4,"[3, 4, 3, 4]",1,False,False,4940525768979572,4940525773749619,28311552,4.686367988586426,False
concurrency_2_rank,10,2,4,"[4, 4, 3, 3]",2,False,False,4940525784843987,4940525789590485,28311552,4.658656120300293,False
remote_3,10,2,4,"[1, 0, 1, 0]",1,True,False,4940525801517173,4940525802426126,9437184,0.8392959833145142,False
six_3,10,2,4,"[1, 1, 2, 2]",1,False,False,4940525812764074,4940525815947755,18874368,3.126944065093994,False
scale_4_group,10,2,4,"[1, 1, 1, 1]",1,False,False,4940525826437839,4940525828065777,9437184,1.5768959522247314,False
two_single_1,10,2,4,"[0, 2, 0, 0]",1,False,False,4940525838431031,4940525838498542,0,0,False
scale_4_rank,10,2,4,"[1, 1, 1, 1]",1,False,False,4940525850390844,4940525852026341,9437184,1.5721280574798584,False
two_pair_0_1,10,2,4,"[1, 1, 0, 0]",1,False,False,4940525862381677,4940525862448203,0,0,False
remote_2,10,2,4,"[1, 1, 0, 0]",1,True,False,4940525874351868,4940525874453271,0,0,False
scale_62_group,10,2,4,"[15, 16, 15, 16]",1,False,False,4940525886384395,4940525909617193,141557760,23.16035270690918,False
scale_10_group,10,2,4,"[2, 3, 2, 3]",1,False,False,4940525920773553,4940525923972966,18874368,3.1376640796661377,False
two_single_0,10,2,4,"[2, 0, 0, 0]",1,False,False,4940525935025161,4940525935090446,0,0,False
scale_14_rank,10,2,4,"[4, 4, 3, 3]",1,False,False,4940525946953364,4940525951668580,28311552,4.655360221862793,False
scale_6_group,10,2,4,"[1, 2, 1, 2]",1,False,False,4940525963630598,4940525965293186,9437184,1.5882240533828735,False
scale_8_rank,10,2,4,"[2, 2, 2, 2]",1,False,False,4940525976445711,4940525979609678,18874368,3.11244797706604,False
scale_10_rank,10,2,4,"[3, 3, 2, 2]",1,False,False,4940525989998468,4940525993180460,18874368,3.1252479553222656,False
six_0,10,2,4,"[2, 2, 1, 1]",1,False,False,4940526005038044,4940526006682082,9437184,1.5843839645385742,False
scale_50_group,10,2,4,"[12, 13, 12, 13]",1,False,False,4940526018520751,4940526037093562,113246208,18.516735076904297,False
two_single_3,10,2,4,"[0, 0, 0, 2]",1,False,False,4940526048266400,4940526048331727,0,0,False
scale_2_group,10,2,4,"[0, 1, 0, 1]",1,False,False,4940526060385347,4940526060473923,0,0,False
scale_62_rank,10,2,4,"[16, 16, 15, 15]",1,False,False,4940526071585517,4940526094785397,141557760,23.154815673828125,False
scale_50_rank,10,2,4,"[13, 13, 12, 12]",1,False,False,4940526106583378,4940526125165996,113246208,18.52195167541504,False
scale_6_rank,10,2,4,"[2, 2, 1, 1]",1,False,False,4940526137124201,4940526138787628,9437184,1.5977280139923096,False
concurrency_4_rank,10,2,4,"[4, 4, 3, 3]",4,False,False,4940526150648557,4940526155418780,28311552,4.6833600997924805,False
two_pair_1_2,10,2,4,"[0, 1, 1, 0]",1,False,False,4940526167288272,4940526168171135,9437184,0.8239679932594299,False
two_pair_0_3,10,2,4,"[1, 0, 0, 1]",1,False,False,4940526178528396,4940526178605192,0,0,False
remote_1,10,2,4,"[1, 2, 1, 2]",1,True,False,4940526189807528,4940526191495482,9437184,1.6058239936828613,False
scale_2_rank,11,2,4,"[1, 1, 0, 0]",1,False,False,4940526202555026,4940526202648998,0,0,False
remote_3,11,2,4,"[1, 0, 1, 0]",1,True,False,4940526214546429,4940526215445435,9437184,0.8363519906997681,False
two_pair_1_2,11,2,4,"[0, 1, 1, 0]",1,False,False,4940526225804466,4940526226709153,9437184,0.8325759768486023,False
six_2,11,2,4,"[2, 1, 2, 1]",1,False,False,4940526237033665,4940526239459562,18874368,2.3676159381866455,False
concurrency_2_rank,11,2,4,"[4, 4, 3, 3]",2,False,False,4940526249793284,4940526254538804,28311552,4.6630401611328125,False
two_pair_0_2,11,2,4,"[1, 0, 1, 0]",1,False,False,4940526266355633,4940526267248696,9437184,0.8252800107002258,False
scale_14_group,11,2,4,"[3, 4, 3, 4]",1,False,False,4940526277575070,4940526282299633,28311552,4.666560173034668,False
scale_2_group,11,2,4,"[0, 1, 0, 1]",1,False,False,4940526293459511,4940526293540708,0,0,False
scale_14_rank,11,2,4,"[4, 4, 3, 3]",1,False,False,4940526304673631,4940526309396972,28311552,4.657504081726074,False
six_3,11,2,4,"[1, 1, 2, 2]",1,False,False,4940526321246184,4940526324438750,18874368,3.130592107772827,False
scale_4_rank,11,2,4,"[1, 1, 1, 1]",1,False,False,4940526334784287,4940526336417925,9437184,1.5734399557113647,False
six_0,11,2,4,"[2, 2, 1, 1]",1,False,False,4940526346744685,4940526348377843,9437184,1.583359956741333,False
scale_6_group,11,2,4,"[1, 2, 1, 2]",1,False,False,4940526360285415,4940526361931468,9437184,1.587712049484253,False
scale_50_rank,11,2,4,"[13, 13, 12, 12]",1,False,False,4940526373007341,4940526391625684,113246208,18.55084800720215,False
scale_6_rank,11,2,4,"[2, 2, 1, 1]",1,False,False,4940526403599101,4940526405251906,9437184,1.5865600109100342,False
scale_62_rank,11,2,4,"[16, 16, 15, 15]",1,False,False,4940526417202867,4940526440408285,141557760,23.135936737060547,False
scale_10_group,11,2,4,"[2, 3, 2, 3]",1,False,False,4940526452368759,4940526455576638,18874368,3.134783983230591,False
two_pair_0_1,11,2,4,"[1, 1, 0, 0]",1,False,False,4940526466669608,4940526466752100,0,0,False
concurrency_4_rank,11,2,4,"[4, 4, 3, 3]",4,False,False,4940526478602389,4940526483363221,28311552,4.658976078033447,False
two_single_2,11,2,4,"[0, 0, 2, 0]",1,False,False,4940526495184898,4940526496843561,18874368,1.5950080156326294,False
remote_0,11,2,4,"[2, 2, 1, 1]",1,True,False,4940526507109161,4940526508749702,9437184,1.5798720121383667,False
remote_2,11,2,4,"[1, 1, 0, 0]",1,True,False,4940526520654603,4940526520747903,0,0,False
scale_10_rank,11,2,4,"[3, 3, 2, 2]",1,False,False,4940526532577212,4940526535758132,18874368,3.1246719360351562,False
two_pair_0_3,11,2,4,"[1, 0, 0, 1]",1,False,False,4940526547607389,4940526547686294,0,0,False
scale_62_group,11,2,4,"[15, 16, 15, 16]",1,False,False,4940526558767679,4940526581936897,141557760,23.112991333007812,False
concurrency_2_group,11,2,4,"[3, 4, 3, 4]",2,False,False,4940526593063479,4940526597813136,28311552,4.668447971343994,False
scale_50_group,11,2,4,"[12, 13, 12, 13]",1,False,False,4940526608904103,4940526627469698,113246208,18.511423110961914,False
six_1,11,2,4,"[1, 2, 1, 2]",1,False,False,4940526638553754,4940526640201993,9437184,1.5856640338897705,False
remote_1,11,2,4,"[1, 2, 1, 2]",1,True,False,4940526651239397,4940526652875242,9437184,1.5830399990081787,False
two_single_1,11,2,4,"[0, 2, 0, 0]",1,False,False,4940526664003965,4940526664087760,0,0,False
concurrency_4_group,11,2,4,"[3, 4, 3, 4]",4,False,False,4940526676170413,4940526680941540,28311552,4.671807765960693,False
scale_8_group,11,2,4,"[2, 2, 2, 2]",1,False,False,4940526692021845,4940526695187892,18874368,3.1040000915527344,False
scale_8_rank,11,2,4,"[2, 2, 2, 2]",1,False,False,4940526705537298,4940526708709218,18874368,3.125216007232666,False
scale_4_group,11,2,4,"[1, 1, 1, 1]",1,False,False,4940526719051180,4940526720699259,9437184,1.5962879657745361,False
two_single_0,11,2,4,"[2, 0, 0, 0]",1,False,False,4940526730978278,4940526731044742,0,0,False
two_pair_2_3,11,2,4,"[0, 0, 1, 1]",1,False,False,4940526742821112,4940526744456638,9437184,1.5870720148086548,False
two_single_3,11,2,4,"[0, 0, 0, 2]",1,False,False,4940526754710209,4940526754791128,0,0,False
two_pair_1_3,11,2,4,"[0, 1, 0, 1]",1,False,False,4940526766620772,4940526766707082,0,0,False
concurrency_4_rank,12,2,4,"[4, 4, 3, 3]",4,False,False,4940526777767654,4940526782523878,28311552,4.671072006225586,False
scale_2_rank,12,2,4,"[1, 1, 0, 0]",1,False,False,4940526794408038,4940526794508142,0,0,False
scale_2_group,12,2,4,"[0, 1, 0, 1]",1,False,False,4940526806335837,4940526806418046,0,0,False
two_pair_1_2,12,2,4,"[0, 1, 1, 0]",1,False,False,4940526817477265,4940526818383434,9437184,0.8389760255813599,False
six_0,12,2,4,"[2, 2, 1, 1]",1,False,False,4940526828687937,4940526830322885,9437184,1.5688960552215576,False
scale_50_rank,12,2,4,"[13, 13, 12, 12]",1,False,False,4940526842219348,4940526860815503,113246208,18.522207260131836,False
scale_62_group,12,2,4,"[15, 16, 15, 16]",1,False,False,4940526872694799,4940526895936386,141557760,23.160991668701172,False
two_pair_2_3,12,2,4,"[0, 0, 1, 1]",1,False,False,4940526907320902,4940526908996833,9437184,1.5638079643249512,False
six_3,12,2,4,"[1, 1, 2, 2]",1,False,False,4940526919254694,4940526922430903,18874368,3.1189119815826416,False
scale_10_rank,12,2,4,"[3, 3, 2, 2]",1,False,False,4940526932795307,4940526935960282,18874368,3.1140799522399902,False
remote_1,12,2,4,"[1, 2, 1, 2]",1,True,False,4940526947890628,4940526949538672,9437184,1.588927984237671,False
scale_14_rank,12,2,4,"[4, 4, 3, 3]",1,False,False,4940526960663520,4940526965370043,28311552,4.658944129943848,False
scale_8_group,12,2,4,"[2, 2, 2, 2]",1,False,False,4940526977323715,4940526980545454,18874368,3.1408960819244385,False
scale_14_group,12,2,4,"[3, 4, 3, 4]",1,False,False,4940526990884199,4940526995607631,28311552,4.665696144104004,False
two_single_2,12,2,4,"[0, 0, 2, 0]",1,False,False,4940527006722910,4940527008374033,18874368,1.5928000211715698,False
remote_2,12,2,4,"[1, 1, 0, 0]",1,True,False,4940527018627617,4940527018703494,0,0,False
two_single_1,12,2,4,"[0, 2, 0, 0]",1,False,False,4940527030592296,4940527030657346,0,0,False
scale_4_group,12,2,4,"[1, 1, 1, 1]",1,False,False,4940527042512598,4940527044148619,9437184,1.589568018913269,False
six_1,12,2,4,"[1, 2, 1, 2]",1,False,False,4940527054481793,4940527056130724,9437184,1.5930240154266357,False
concurrency_2_rank,12,2,4,"[4, 4, 3, 3]",2,False,False,4940527067217028,4940527071961164,28311552,4.669087886810303,False
scale_8_rank,12,2,4,"[2, 2, 2, 2]",1,False,False,4940527083877040,4940527087085506,18874368,3.138240098953247,False
two_pair_1_3,12,2,4,"[0, 1, 0, 1]",1,False,False,4940527097505062,4940527097577759,0,0,False
two_pair_0_3,12,2,4,"[1, 0, 0, 1]",1,False,False,4940527108681945,4940527108745409,0,0,False
scale_6_rank,12,2,4,"[2, 2, 1, 1]",1,False,False,4940527119880150,4940527121507499,9437184,1.5831680297851562,False
remote_3,12,2,4,"[1, 0, 1, 0]",1,True,False,4940527133497718,4940527134355826,9437184,0.814848005771637,False
six_2,12,2,4,"[2, 1, 2, 1]",1,False,False,4940527144696766,4940527147097000,18874368,2.354048013687134,False
two_single_0,12,2,4,"[2, 0, 0, 0]",1,False,False,4940527157479227,4940527157557607,0,0,False
scale_50_group,12,2,4,"[12, 13, 12, 13]",1,False,False,4940527169599266,4940527188175899,113246208,18.50934410095215,False
scale_4_rank,12,2,4,"[1, 1, 1, 1]",1,False,False,4940527199322157,4940527200973241,9437184,1.5931520462036133,False
two_pair_0_2,12,2,4,"[1, 0, 1, 0]",1,False,False,4940527211300036,4940527212162614,9437184,0.8154240250587463,False
two_single_3,12,2,4,"[0, 0, 0, 2]",1,False,False,4940527222507489,4940527222582356,0,0,False
scale_10_group,12,2,4,"[2, 3, 2, 3]",1,False,False,4940527234416237,4940527237611707,18874368,3.1288959980010986,False
two_pair_0_1,12,2,4,"[1, 1, 0, 0]",1,False,False,4940527248696198,4940527248770638,0,0,False
scale_6_group,12,2,4,"[1, 2, 1, 2]",1,False,False,4940527260725623,4940527262402527,9437184,1.602463960647583,False
concurrency_2_group,12,2,4,"[3, 4, 3, 4]",2,False,False,4940527273525249,4940527278257944,28311552,4.661151885986328,False
remote_0,12,2,4,"[2, 2, 1, 1]",1,True,False,4940527289437414,4940527291057581,9437184,1.5686719417572021,False
concurrency_4_group,12,2,4,"[3, 4, 3, 4]",4,False,False,4940527302882177,4940527307655450,28311552,4.674272060394287,False
scale_62_rank,12,2,4,"[16, 16, 15, 15]",1,False,False,4940527318709769,4940527341904518,141557760,23.138015747070312,False
scale_50_rank,13,2,4,"[13, 13, 12, 12]",1,False,False,4940527353867998,4940527372470260,113246208,18.521696090698242,False
two_single_2,13,2,4,"[0, 0, 2, 0]",1,False,False,4940527384442326,4940527386109385,18874368,1.5981440544128418,False
scale_14_group,13,2,4,"[3, 4, 3, 4]",1,False,False,4940527396511561,4940527401190481,28311552,4.628255844116211,False
scale_10_rank,13,2,4,"[3, 3, 2, 2]",1,False,False,4940527412337746,4940527415511929,18874368,3.124351978302002,False
scale_2_rank,13,2,4,"[1, 1, 0, 0]",1,False,False,4940527427396399,4940527427493355,0,0,False
remote_3,13,2,4,"[1, 0, 1, 0]",1,True,False,4940527439271032,4940527440186290,9437184,0.8407999873161316,False
concurrency_4_rank,13,2,4,"[4, 4, 3, 3]",4,False,False,4940527450445776,4940527455251784,28311552,4.699615955352783,False
concurrency_2_group,13,2,4,"[3, 4, 3, 4]",2,False,False,4940527467047728,4940527471812866,28311552,4.674304008483887,False
scale_4_rank,13,2,4,"[1, 1, 1, 1]",1,False,False,4940527482836463,4940527484480751,9437184,1.5656640529632568,False
scale_8_rank,13,2,4,"[2, 2, 2, 2]",1,False,False,4940527494732632,4940527497924814,18874368,3.138943910598755,False
two_pair_1_2,13,2,4,"[0, 1, 1, 0]",1,False,False,4940527508244528,4940527509121611,9437184,0.8199040293693542,False
scale_8_group,13,2,4,"[2, 2, 2, 2]",1,False,False,4940527519369865,4940527522539873,18874368,3.118720054626465,False
six_1,13,2,4,"[1, 2, 1, 2]",1,False,False,4940527532841616,4940527534485753,9437184,1.5853760242462158,False
two_pair_0_2,13,2,4,"[1, 0, 1, 0]",1,False,False,4940527545587928,4940527546458662,9437184,0.8164799809455872,False
concurrency_2_rank,13,2,4,"[4, 4, 3, 3]",2,False,False,4940527556714603,4940527561443604,28311552,4.658207893371582,False
scale_6_rank,13,2,4,"[2, 2, 1, 1]",1,False,False,4940527573208031,4940527574847184,9437184,1.5797120332717896,False
concurrency_4_group,13,2,4,"[3, 4, 3, 4]",4,False,False,4940527586612078,4940527591289927,28311552,4.585504055023193,False
two_single_1,13,2,4,"[0, 2, 0, 0]",1,False,False,4940527602476964,4940527602547562,0,0,False
scale_6_group,13,2,4,"[1, 2, 1, 2]",1,False,False,4940527614334501,4940527615953833,9437184,1.5692479610443115,False
remote_0,13,2,4,"[2, 2, 1, 1]",1,True,False,4940527627001646,4940527628625449,9437184,1.574944019317627,False
scale_14_rank,13,2,4,"[4, 4, 3, 3]",1,False,False,4940527640492312,4940527644918270,28311552,4.373983860015869,False
scale_62_group,13,2,4,"[15, 16, 15, 16]",1,False,False,4940527657109146,4940527680305557,141557760,23.13916778564453,False
scale_2_group,13,2,4,"[0, 1, 0, 1]",1,False,False,4940527691459092,4940527691538865,0,0,False
two_single_0,13,2,4,"[2, 0, 0, 0]",1,False,False,4940527702587586,4940527702660918,0,0,False
scale_4_group,13,2,4,"[1, 1, 1, 1]",1,False,False,4940527714438381,4940527716070924,9437184,1.5824320316314697,False
six_2,13,2,4,"[2, 1, 2, 1]",1,False,False,4940527726364293,4940527728754260,18874368,2.340672016143799,False
scale_50_group,13,2,4,"[12, 13, 12, 13]",1,False,False,4940527739039129,4940527757624619,113246208,18.531200408935547,False
scale_62_rank,13,2,4,"[16, 16, 15, 15]",1,False,False,4940527768721483,4940527791925687,141557760,23.135360717773438,False
scale_10_group,13,2,4,"[2, 3, 2, 3]",1,False,False,4940527803831312,4940527807032829,18874368,3.135040044784546,False
remote_1,13,2,4,"[1, 2, 1, 2]",1,True,False,4940527818179245,4940527819828978,9437184,1.5884159803390503,False
two_pair_1_3,13,2,4,"[0, 1, 0, 1]",1,False,False,4940527830870669,4940527830946297,0,0,False
two_pair_0_3,13,2,4,"[1, 0, 0, 1]",1,False,False,4940527841973935,4940527842039984,0,0,False
remote_2,13,2,4,"[1, 1, 0, 0]",1,True,False,4940527853064655,4940527853138094,0,0,False
two_single_3,13,2,4,"[0, 0, 0, 2]",1,False,False,4940527865084671,4940527865161701,0,0,False
six_0,13,2,4,"[2, 2, 1, 1]",1,False,False,4940527877105621,4940527878722709,9437184,1.5513919591903687,False
two_pair_0_1,13,2,4,"[1, 1, 0, 0]",1,False,False,4940527890621948,4940527890704421,0,0,False
two_pair_2_3,13,2,4,"[0, 0, 1, 1]",1,False,False,4940527902499810,4940527904125742,9437184,1.575103998184204,False
six_3,13,2,4,"[1, 1, 2, 2]",1,False,False,4940527914373721,4940527917537183,18874368,3.1104960441589355,False
scale_2_rank,14,2,4,"[1, 1, 0, 0]",1,False,False,4940527927891144,4940527927965025,0,0,False
scale_62_group,14,2,4,"[15, 16, 15, 16]",1,False,False,4940527939919257,4940527963137631,141557760,23.15260887145996,False
concurrency_2_group,14,2,4,"[3, 4, 3, 4]",2,False,False,4940527974257177,4940527979012142,28311552,4.667232036590576,False
concurrency_4_group,14,2,4,"[3, 4, 3, 4]",4,False,False,4940527990179153,4940527994964278,28311552,4.6836161613464355,False
six_3,14,2,4,"[1, 1, 2, 2]",1,False,False,4940528006053112,4940528009244600,18874368,3.1308159828186035,False
concurrency_2_rank,14,2,4,"[4, 4, 3, 3]",2,False,False,4940528019698847,4940528024434226,28311552,4.644000053405762,False
remote_0,14,2,4,"[2, 2, 1, 1]",1,True,False,4940528036297959,4940528037932940,9437184,1.576192021369934,False
two_pair_0_1,14,2,4,"[1, 1, 0, 0]",1,False,False,4940528049938995,4940528050029945,0,0,False
scale_50_rank,14,2,4,"[13, 13, 12, 12]",1,False,False,4940528061911520,4940528080539755,113246208,18.538463592529297,False
scale_4_group,14,2,4,"[1, 1, 1, 1]",1,False,False,4940528092416451,4940528094096944,9437184,1.6053440570831299,False
six_2,14,2,4,"[2, 1, 2, 1]",1,False,False,4940528104494308,4940528106898489,18874368,2.3432960510253906,False
scale_62_rank,14,2,4,"[16, 16, 15, 15]",1,False,False,4940528117287517,4940528140459025,141557760,23.115455627441406,False
six_1,14,2,4,"[1, 2, 1, 2]",1,False,False,4940528152849535,4940528154514414,9437184,1.5970879793167114,False
remote_3,14,2,4,"[1, 0, 1, 0]",1,True,False,4940528165651970,4940528166536328,9437184,0.8234239816665649,False
scale_6_rank,14,2,4,"[2, 2, 1, 1]",1,False,False,4940528176879594,4940528178547007,9437184,1.6032960414886475,False
two_pair_0_2,14,2,4,"[1, 0, 1, 0]",1,False,False,4940528190445923,4940528191334047,9437184,0.8231679797172546,False
scale_50_group,14,2,4,"[12, 13, 12, 13]",1,False,False,4940528201690336,4940528220267438,113246208,18.505056381225586,False
scale_8_group,14,2,4,"[2, 2, 2, 2]",1,False,False,4940528231432337,4940528234652353,18874368,3.136768102645874,False
scale_14_group,14,2,4,"[3, 4, 3, 4]",1,False,False,4940528245097707,4940528249834980,28311552,4.670048236846924,False
scale_4_rank,14,2,4,"[1, 1, 1, 1]",1,False,False,4940528260924730,4940528262561186,9437184,1.577728033065796,False
two_pair_1_3,14,2,4,"[0, 1, 0, 1]",1,False,False,4940528272983700,4940528273062639,0,0,False
scale_14_rank,14,2,4,"[4, 4, 3, 3]",1,False,False,4940528284169769,4940528288873999,28311552,4.657279968261719,False
two_pair_1_2,14,2,4,"[0, 1, 1, 0]",1,False,False,4940528300845100,4940528301718069,9437184,0.8185920119285583,False
two_pair_2_3,14,2,4,"[0, 0, 1, 1]",1,False,False,4940528311997685,4940528313635396,9437184,1.5809279680252075,False
two_single_1,14,2,4,"[0, 2, 0, 0]",1,False,False,4940528324183307,4940528324257324,0,0,False
scale_8_rank,14,2,4,"[2, 2, 2, 2]",1,False,False,4940528336345335,4940528339501039,18874368,3.099071979522705,False
scale_6_group,14,2,4,"[1, 2, 1, 2]",1,False,False,4940528349916690,4940528351582432,9437184,1.6062719821929932,False
two_pair_0_3,14,2,4,"[1, 0, 0, 1]",1,False,False,4940528362715366,4940528362794968,0,0,False
scale_10_rank,14,2,4,"[3, 3, 2, 2]",1,False,False,4940528374235369,4940528377423235,18874368,3.115135908126831,False
concurrency_4_rank,14,2,4,"[4, 4, 3, 3]",4,False,False,4940528389369654,4940528394130659,28311552,4.658143997192383,False
two_single_3,14,2,4,"[0, 0, 0, 2]",1,False,False,4940528406155393,4940528406241190,0,0,False
remote_1,14,2,4,"[1, 2, 1, 2]",1,True,False,4940528418224384,4940528419846992,9437184,1.5778239965438843,False
six_0,14,2,4,"[2, 2, 1, 1]",1,False,False,4940528430965768,4940528432593661,9437184,1.585055947303772,False
scale_10_group,14,2,4,"[2, 3, 2, 3]",1,False,False,4940528444545017,4940528447754693,18874368,3.136320114135742,False
two_single_2,14,2,4,"[0, 0, 2, 0]",1,False,False,4940528458868326,4940528460508488,18874368,1.5874240398406982,False
two_single_0,14,2,4,"[2, 0, 0, 0]",1,False,False,4940528470762016,4940528470832691,0,0,False
scale_2_group,14,2,4,"[0, 1, 0, 1]",1,False,False,4940528482804413,4940528482884801,0,0,False
remote_2,14,2,4,"[1, 1, 0, 0]",1,True,False,4940528494029997,4940528494090938,0,0,False
six_3,15,2,4,"[1, 1, 2, 2]",1,False,False,4940528506097841,4940528509308227,18874368,3.133280038833618,False
six_0,15,2,4,"[2, 2, 1, 1]",1,False,False,4940528519849986,4940528521498355,9437184,1.6030720472335815,False
scale_62_group,15,2,4,"[15, 16, 15, 16]",1,False,False,4940528533434482,4940528556645220,141557760,23.142847061157227,False
scale_6_group,15,2,4,"[1, 2, 1, 2]",1,False,False,4940528567764469,4940528569422946,9437184,1.5916800498962402,False
scale_10_rank,15,2,4,"[3, 3, 2, 2]",1,False,False,4940528580549410,4940528583713599,18874368,3.09987211227417,False
scale_10_group,15,2,4,"[2, 3, 2, 3]",1,False,False,4940528595631901,4940528598824098,18874368,3.12937593460083,False
scale_2_group,15,2,4,"[0, 1, 0, 1]",1,False,False,4940528609961025,4940528610029490,0,0,False
two_single_1,15,2,4,"[0, 2, 0, 0]",1,False,False,4940528621117137,4940528621177944,0,0,False
six_2,15,2,4,"[2, 1, 2, 1]",1,False,False,4940528633228305,4940528635631525,18874368,2.3350400924682617,False
scale_4_group,15,2,4,"[1, 1, 1, 1]",1,False,False,4940528645970662,4940528647590046,9437184,1.5727360248565674,False
scale_14_rank,15,2,4,"[4, 4, 3, 3]",1,False,False,4940528657958454,4940528662676642,28311552,4.667168140411377,False
scale_62_rank,15,2,4,"[16, 16, 15, 15]",1,False,False,4940528674470261,4940528697679958,141557760,23.159456253051758,False
concurrency_2_rank,15,2,4,"[4, 4, 3, 3]",2,False,False,4940528709509087,4940528714243207,28311552,4.645343780517578,False
remote_2,15,2,4,"[1, 1, 0, 0]",1,True,False,4940528726138879,4940528726245368,0,0,False
two_pair_1_3,15,2,4,"[0, 1, 0, 1]",1,False,False,4940528738175838,4940528738263123,0,0,False
remote_1,15,2,4,"[1, 2, 1, 2]",1,True,False,4940528749361646,4940528751014759,9437184,1.598688006401062,False
concurrency_2_group,15,2,4,"[3, 4, 3, 4]",2,False,False,4940528762223051,4940528766969668,28311552,4.673600196838379,False
remote_0,15,2,4,"[2, 2, 1, 1]",1,True,False,4940528778109792,4940528779735161,9437184,1.5582400560379028,False
scale_2_rank,15,2,4,"[1, 1, 0, 0]",1,False,False,4940528791709591,4940528791792361,0,0,False
two_pair_1_2,15,2,4,"[0, 1, 1, 0]",1,False,False,4940528803767386,4940528804649281,9437184,0.8223999738693237,False
concurrency_4_group,15,2,4,"[3, 4, 3, 4]",4,False,False,4940528814892180,4940528819627947,28311552,4.648191928863525,False
two_single_3,15,2,4,"[0, 0, 0, 2]",1,False,False,4940528830773267,4940528830854248,0,0,False
concurrency_4_rank,15,2,4,"[4, 4, 3, 3]",4,False,False,4940528842712407,4940528847485400,28311552,4.410528182983398,False
two_single_0,15,2,4,"[2, 0, 0, 0]",1,False,False,4940528859432748,4940528859523456,0,0,False
scale_8_rank,15,2,4,"[2, 2, 2, 2]",1,False,False,4940528871577226,4940528874763906,18874368,3.128416061401367,False
scale_8_group,15,2,4,"[2, 2, 2, 2]",1,False,False,4940528885144833,4940528888311945,18874368,3.123392105102539,False
two_pair_0_2,15,2,4,"[1, 0, 1, 0]",1,False,False,4940528898655890,4940528899509563,9437184,0.8125119805335999,False
scale_50_rank,15,2,4,"[13, 13, 12, 12]",1,False,False,4940528909830050,4940528928394680,113246208,18.512704849243164,False
scale_50_group,15,2,4,"[12, 13, 12, 13]",1,False,False,4940528940361144,4940528958993008,113246208,18.555072784423828,False
two_pair_0_3,15,2,4,"[1, 0, 0, 1]",1,False,False,4940528970165009,4940528970245472,0,0,False
two_pair_0_1,15,2,4,"[1, 1, 0, 0]",1,False,False,4940528981441393,4940528981565230,0,0,False
two_single_2,15,2,4,"[0, 0, 2, 0]",1,False,False,4940528993633621,4940528995341403,18874368,1.6255680322647095,False
scale_14_group,15,2,4,"[3, 4, 3, 4]",1,False,False,4940529005669727,4940529010367476,28311552,4.643968105316162,False
two_pair_2_3,15,2,4,"[0, 0, 1, 1]",1,False,False,4940529021557815,4940529023200315,9437184,1.5848000049591064,False
scale_4_rank,15,2,4,"[1, 1, 1, 1]",1,False,False,4940529033722417,4940529035342169,9437184,1.5790079832077026,False
six_1,15,2,4,"[1, 2, 1, 2]",1,False,False,4940529045748582,4940529047382594,9437184,1.5859839916229248,False
scale_6_rank,15,2,4,"[2, 2, 1, 1]",1,False,False,4940529058506542,4940529060135270,9437184,1.580191969871521,False
remote_3,15,2,4,"[1, 0, 1, 0]",1,True,False,4940529072047222,4940529072959617,9437184,0.8332800269126892,False
two_single_1,16,2,4,"[0, 2, 0, 0]",1,False,False,4940529083290758,4940529083355124,0,0,False
six_0,16,2,4,"[2, 2, 1, 1]",1,False,False,4940529095192284,4940529096847094,9437184,1.5937919616699219,False
two_pair_1_2,16,2,4,"[0, 1, 1, 0]",1,False,False,4940529108696048,4940529109575476,9437184,0.8198720216751099,False
remote_2,16,2,4,"[1, 1, 0, 0]",1,True,False,4940529119857827,4940529119939804,0,0,False
two_pair_2_3,16,2,4,"[0, 0, 1, 1]",1,False,False,4940529131905757,4940529133562928,9437184,1.5910719633102417,False
concurrency_4_group,16,2,4,"[3, 4, 3, 4]",4,False,False,4940529144056178,4940529148846614,28311552,4.691328048706055,False
scale_10_rank,16,2,4,"[3, 3, 2, 2]",1,False,False,4940529159995800,4940529163170323,18874368,3.117248058319092,False
scale_6_group,16,2,4,"[1, 2, 1, 2]",1,False,False,4940529175030429,4940529176692392,9437184,1.5966399908065796,False
scale_14_rank,16,2,4,"[4, 4, 3, 3]",1,False,False,4940529187754135,4940529192477422,28311552,4.663424015045166,False
scale_62_rank,16,2,4,"[16, 16, 15, 15]",1,False,False,4940529204348330,4940529227603331,141557760,23.177791595458984,False
scale_10_group,16,2,4,"[2, 3, 2, 3]",1,False,False,4940529239477071,4940529242687973,18874368,3.1410880088806152,False
scale_50_rank,16,2,4,"[13, 13, 12, 12]",1,False,False,4940529253813107,4940529272382722,113246208,18.51478385925293,False
concurrency_2_group,16,2,4,"[3, 4, 3, 4]",2,False,False,4940529284286347,4940529289006620,28311552,4.6457600593566895,False
two_single_0,16,2,4,"[2, 0, 0, 0]",1,False,False,4940529300177620,4940529300245936,0,0,False
scale_14_group,16,2,4,"[3, 4, 3, 4]",1,False,False,4940529312332676,4940529317074528,28311552,4.6708478927612305,False
two_pair_1_3,16,2,4,"[0, 1, 0, 1]",1,False,False,4940529328310200,4940529328392427,0,0,False
six_3,16,2,4,"[1, 1, 2, 2]",1,False,False,4940529339506229,4940529342681485,18874368,3.1244800090789795,False
two_pair_0_1,16,2,4,"[1, 1, 0, 0]",1,False,False,4940529353082795,4940529353159374,0,0,False
two_pair_0_2,16,2,4,"[1, 0, 1, 0]",1,False,False,4940529365131438,4940529366007072,9437184,0.8265600204467773,False
scale_2_rank,16,2,4,"[1, 1, 0, 0]",1,False,False,4940529376301084,4940529376371934,0,0,False
scale_2_group,16,2,4,"[0, 1, 0, 1]",1,False,False,4940529388310116,4940529388393583,0,0,False
scale_50_group,16,2,4,"[12, 13, 12, 13]",1,False,False,4940529399533120,4940529418185087,113246208,18.565343856811523,False
scale_4_group,16,2,4,"[1, 1, 1, 1]",1,False,False,4940529429189560,4940529430837862,9437184,1.595039963722229,False
two_single_3,16,2,4,"[0, 0, 0, 2]",1,False,False,4940529441196131,4940529441269537,0,0,False
two_single_2,16,2,4,"[0, 0, 2, 0]",1,False,False,4940529453197582,4940529454854085,18874368,1.5938559770584106,False
six_2,16,2,4,"[2, 1, 2, 1]",1,False,False,4940529465167998,4940529467567309,18874368,2.343008041381836,False
scale_62_group,16,2,4,"[15, 16, 15, 16]",1,False,False,4940529477897579,4940529501093399,141557760,23.13795280456543,False
remote_1,16,2,4,"[1, 2, 1, 2]",1,True,False,4940529512294790,4940529513938191,9437184,1.5885759592056274,False
scale_6_rank,16,2,4,"[2, 2, 1, 1]",1,False,False,4940529525084323,4940529526708418,9437184,1.568735957145691,False
remote_0,16,2,4,"[2, 2, 1, 1]",1,True,False,4940529538612580,4940529540240000,9437184,1.572543978691101,False
scale_8_group,16,2,4,"[2, 2, 2, 2]",1,False,False,4940529552191929,4940529555376198,18874368,3.1234560012817383,False
two_pair_0_3,16,2,4,"[1, 0, 0, 1]",1,False,False,4940529565781721,4940529565857723,0,0,False
scale_8_rank,16,2,4,"[2, 2, 2, 2]",1,False,False,4940529576959982,4940529580122057,18874368,3.116960048675537,False
concurrency_2_rank,16,2,4,"[4, 4, 3, 3]",2,False,False,4940529590489938,4940529595207706,28311552,4.651648044586182,False
six_1,16,2,4,"[1, 2, 1, 2]",1,False,False,4940529607084021,4940529608749473,9437184,1.593824028968811,False
scale_4_rank,16,2,4,"[1, 1, 1, 1]",1,False,False,4940529619856206,4940529621484396,9437184,1.564479947090149,False
concurrency_4_rank,16,2,4,"[4, 4, 3, 3]",4,False,False,4940529631898477,4940529636687206,28311552,4.694047927856445,False
remote_3,16,2,4,"[1, 0, 1, 0]",1,True,False,4940529648587043,4940529649503169,9437184,0.8336960077285767,False
six_3,17,2,4,"[1, 1, 2, 2]",1,False,False,4940529659808386,4940529662998150,18874368,3.124095916748047,False
concurrency_4_group,17,2,4,"[3, 4, 3, 4]",4,False,False,4940529673469761,4940529678306479,28311552,4.708255767822266,False
two_single_3,17,2,4,"[0, 0, 0, 2]",1,False,False,4940529689409773,4940529689505394,0,0,False
two_pair_1_3,17,2,4,"[0, 1, 0, 1]",1,False,False,4940529701589987,4940529701679716,0,0,False
scale_2_rank,17,2,4,"[1, 1, 0, 0]",1,False,False,4940529712809086,4940529712894190,0,0,False
scale_10_rank,17,2,4,"[3, 3, 2, 2]",1,False,False,4940529724791586,4940529727961698,18874368,3.09932804107666,False
two_pair_0_1,17,2,4,"[1, 1, 0, 0]",1,False,False,4940529739895704,4940529739995819,0,0,False
concurrency_2_rank,17,2,4,"[4, 4, 3, 3]",2,False,False,4940529751920697,4940529756713564,28311552,4.6906561851501465,False
scale_8_group,17,2,4,"[2, 2, 2, 2]",1,False,False,4940529768534941,4940529771729103,18874368,3.1234240531921387,False
six_2,17,2,4,"[2, 1, 2, 1]",1,False,False,4940529782109346,4940529784513566,18874368,2.3458240032196045,False
scale_14_rank,17,2,4,"[4, 4, 3, 3]",1,False,False,4940529794844451,4940529799560291,28311552,4.655007839202881,False
scale_50_rank,17,2,4,"[13, 13, 12, 12]",1,False,False,4940529811445302,4940529830087226,113246208,18.554719924926758,False
remote_1,17,2,4,"[1, 2, 1, 2]",1,True,False,4940529841929504,4940529843603861,9437184,1.6011199951171875,False
two_pair_0_3,17,2,4,"[1, 0, 0, 1]",1,False,False,4940529854701546,4940529854786424,0,0,False
concurrency_2_group,17,2,4,"[3, 4, 3, 4]",2,False,False,4940529865933510,4940529870679271,28311552,4.669312000274658,False
concurrency_4_rank,17,2,4,"[4, 4, 3, 3]",4,False,False,4940529881804411,4940529886574354,28311552,4.676864147186279,False
two_single_2,17,2,4,"[0, 0, 2, 0]",1,False,False,4940529898455840,4940529900101102,18874368,1.5900160074234009,False
two_pair_2_3,17,2,4,"[0, 0, 1, 1]",1,False,False,4940529910333091,4940529911962784,9437184,1.5817919969558716,False
two_pair_0_2,17,2,4,"[1, 0, 1, 0]",1,False,False,4940529922453919,4940529923335297,9437184,0.8208960294723511,False
remote_3,17,2,4,"[1, 0, 1, 0]",1,True,False,4940529933688921,4940529934544601,9437184,0.8134080171585083,False
two_single_0,17,2,4,"[2, 0, 0, 0]",1,False,False,4940529944878489,4940529944939494,0,0,False
scale_62_group,17,2,4,"[15, 16, 15, 16]",1,False,False,4940529956861460,4940529980082861,141557760,23.152767181396484,False
remote_0,17,2,4,"[2, 2, 1, 1]",1,True,False,4940529991144900,4940529992774121,9437184,1.5751680135726929,False
scale_8_rank,17,2,4,"[2, 2, 2, 2]",1,False,False,4940530004734947,4940530007936642,18874368,3.1259520053863525,False
scale_50_group,17,2,4,"[12, 13, 12, 13]",1,False,False,4940530018303079,4940530036962873,113246208,18.562175750732422,False
scale_2_group,17,2,4,"[0, 1, 0, 1]",1,False,False,4940530048058001,4940530048137500,0,0,False
remote_2,17,2,4,"[1, 1, 0, 0]",1,True,False,4940530059230753,4940530059295339,0,0,False
six_1,17,2,4,"[1, 2, 1, 2]",1,False,False,4940530071184456,4940530072859578,9437184,1.6017600297927856,False
scale_6_group,17,2,4,"[1, 2, 1, 2]",1,False,False,4940530083970958,4940530085609247,9437184,1.5880639553070068,False
six_0,17,2,4,"[2, 2, 1, 1]",1,False,False,4940530096725085,4940530098346341,9437184,1.579807996749878,False
scale_62_rank,17,2,4,"[16, 16, 15, 15]",1,False,False,4940530110305581,4940530133525254,141557760,23.14531135559082,False
scale_6_rank,17,2,4,"[2, 2, 1, 1]",1,False,False,4940530145489866,4940530147167924,9437184,1.6019519567489624,False
scale_4_rank,17,2,4,"[1, 1, 1, 1]",1,False,False,4940530159102973,4940530160750766,9437184,1.587007999420166,False
two_single_1,17,2,4,"[0, 2, 0, 0]",1,False,False,4940530171134337,4940530171208241,0,0,False
scale_4_group,17,2,4,"[1, 1, 1, 1]",1,False,False,4940530183049179,4940530184708857,9437184,1.597983956336975,False
scale_10_group,17,2,4,"[2, 3, 2, 3]",1,False,False,4940530195039933,4940530198221968,18874368,3.1259520053863525,False
two_pair_1_2,17,2,4,"[0, 1, 1, 0]",1,False,False,4940530209286725,4940530210158621,9437184,0.8190720081329346,False
scale_14_group,17,2,4,"[3, 4, 3, 4]",1,False,False,4940530220461206,4940530225189199,28311552,4.669439792633057,False
two_single_2,18,2,4,"[0, 0, 2, 0]",1,False,False,4940530236335989,4940530238054544,18874368,1.6249279975891113,False
two_pair_0_2,18,2,4,"[1, 0, 1, 0]",1,False,False,4940530248398018,4940530249284223,9437184,0.825984001159668,False
scale_50_rank,18,2,4,"[13, 13, 12, 12]",1,False,False,4940530259588852,4940530278161663,113246208,18.51366424560547,False
scale_8_group,18,2,4,"[2, 2, 2, 2]",1,False,False,4940530290124539,4940530293288137,18874368,3.111743927001953,False
concurrency_4_group,18,2,4,"[3, 4, 3, 4]",4,False,False,4940530303666055,4940530308423097,28311552,4.670815944671631,False
six_0,18,2,4,"[2, 2, 1, 1]",1,False,False,4940530319553848,4940530321180835,9437184,1.5745279788970947,False
concurrency_2_rank,18,2,4,"[4, 4, 3, 3]",2,False,False,4940530333083397,4940530337845668,28311552,4.67244815826416,False
scale_4_rank,18,2,4,"[1, 1, 1, 1]",1,False,False,4940530349717262,4940530351380086,9437184,1.5758399963378906,False
six_1,18,2,4,"[1, 2, 1, 2]",1,False,False,4940530361735625,4940530363366114,9437184,1.584447979927063,False
scale_10_rank,18,2,4,"[3, 3, 2, 2]",1,False,False,4940530374466069,4940530377626037,18874368,3.100831985473633,False
six_3,18,2,4,"[1, 1, 2, 2]",1,False,False,4940530389551383,4940530392733639,18874368,3.1200320720672607,False
scale_62_group,18,2,4,"[15, 16, 15, 16]",1,False,False,4940530403178422,4940530426371895,141557760,23.131839752197266,False
scale_2_rank,18,2,4,"[1, 1, 0, 0]",1,False,False,4940530437464837,4940530437558700,0,0,False
scale_6_group,18,2,4,"[1, 2, 1, 2]",1,False,False,4940530449466308,4940530451021058,9437184,1.4767999649047852,False
remote_1,18,2,4,"[1, 2, 1, 2]",1,True,False,4940530462313600,4940530464010788,9437184,1.6088639497756958,False
remote_2,18,2,4,"[1, 1, 0, 0]",1,True,False,4940530475101823,4940530475173284,0,0,False
two_single_1,18,2,4,"[0, 2, 0, 0]",1,False,False,4940530487059207,4940530487153423,0,0,False
scale_4_group,18,2,4,"[1, 1, 1, 1]",1,False,False,4940530499048703,4940530500690132,9437184,1.5947519540786743,False
scale_8_rank,18,2,4,"[2, 2, 2, 2]",1,False,False,4940530511056419,4940530514233462,18874368,3.121471881866455,False
scale_50_group,18,2,4,"[12, 13, 12, 13]",1,False,False,4940530524633770,4940530543199857,113246208,18.514368057250977,False
remote_3,18,2,4,"[1, 0, 1, 0]",1,True,False,4940530554359138,4940530555226933,9437184,0.8183680176734924,False
scale_10_group,18,2,4,"[2, 3, 2, 3]",1,False,False,4940530565557283,4940530568736710,18874368,3.1210238933563232,False
scale_14_group,18,2,4,"[3, 4, 3, 4]",1,False,False,4940530579785490,4940530584484039,28311552,4.651072025299072,False
two_pair_2_3,18,2,4,"[0, 0, 1, 1]",1,False,False,4940530595576801,4940530597195550,9437184,1.578719973564148,False
concurrency_2_group,18,2,4,"[3, 4, 3, 4]",2,False,False,4940530607578956,4940530612316651,28311552,4.660319805145264,False
two_pair_0_3,18,2,4,"[1, 0, 0, 1]",1,False,False,4940530623382264,4940530623447154,0,0,False
scale_62_rank,18,2,4,"[16, 16, 15, 15]",1,False,False,4940530634564981,4940530657762241,141557760,23.147615432739258,False
scale_6_rank,18,2,4,"[2, 2, 1, 1]",1,False,False,4940530669662330,4940530671318141,9437184,1.5933120250701904,False
remote_0,18,2,4,"[2, 2, 1, 1]",1,True,False,4940530683166166,4940530684811105,9437184,1.5823359489440918,False
six_2,18,2,4,"[2, 1, 2, 1]",1,False,False,4940530696723474,4940530699155158,18874368,2.3512001037597656,False
two_single_0,18,2,4,"[2, 0, 0, 0]",1,False,False,4940530709519392,4940530709588564,0,0,False
concurrency_4_rank,18,2,4,"[4, 4, 3, 3]",4,False,False,4940530721546175,4940530726316562,28311552,4.658336162567139,False
scale_2_group,18,2,4,"[0, 1, 0, 1]",1,False,False,4940530738290026,4940530738366611,0,0,False
scale_14_rank,18,2,4,"[4, 4, 3, 3]",1,False,False,4940530749457645,4940530754151957,28311552,4.650752067565918,False
two_pair_0_1,18,2,4,"[1, 1, 0, 0]",1,False,False,4940530766047632,4940530766140794,0,0,False
two_pair_1_2,18,2,4,"[0, 1, 1, 0]",1,False,False,4940530778044708,4940530778926030,9437184,0.8273599743843079,False
two_single_3,18,2,4,"[0, 0, 0, 2]",1,False,False,4940530789212578,4940530789284342,0,0,False
two_pair_1_3,18,2,4,"[0, 1, 0, 1]",1,False,False,4940530801247552,4940530801347403,0,0,False
scale_10_rank,19,2,4,"[3, 3, 2, 2]",1,False,False,4940530812439715,4940530815596077,18874368,3.1029438972473145,False
two_pair_0_1,19,2,4,"[1, 1, 0, 0]",1,False,False,4940530827530926,4940530827608562,0,0,False
two_pair_0_2,19,2,4,"[1, 0, 1, 0]",1,False,False,4940530839547390,4940530840442947,9437184,0.8293120265007019,False
scale_50_rank,19,2,4,"[13, 13, 12, 12]",1,False,False,4940530850705343,4940530869286357,113246208,18.512800216674805,False
two_pair_2_3,19,2,4,"[0, 0, 1, 1]",1,False,False,4940530881161082,4940530882826518,9437184,1.5957759618759155,False
concurrency_4_rank,19,2,4,"[4, 4, 3, 3]",4,False,False,4940530893118550,4940530897915354,28311552,4.691232204437256,False
scale_50_group,19,2,4,"[12, 13, 12, 13]",1,False,False,4940530909835879,4940530928480652,113246208,18.562015533447266,False
remote_0,19,2,4,"[2, 2, 1, 1]",1,True,False,4940530939625440,4940530941287587,9437184,1.5975040197372437,False
scale_4_rank,19,2,4,"[1, 1, 1, 1]",1,False,False,4940530953161864,4940530954815583,9437184,1.5917439460754395,False
six_3,19,2,4,"[1, 1, 2, 2]",1,False,False,4940530965182911,4940530968357268,18874368,3.1242239475250244,False
concurrency_4_group,19,2,4,"[3, 4, 3, 4]",4,False,False,4940530978664738,4940530983439326,28311552,4.685344219207764,False
six_0,19,2,4,"[2, 2, 1, 1]",1,False,False,4940530994495292,4940530996148299,9437184,1.591007947921753,False
two_single_2,19,2,4,"[0, 0, 2, 0]",1,False,False,4940531008030792,4940531009712758,18874368,1.6003199815750122,False
scale_6_rank,19,2,4,"[2, 2, 1, 1]",1,False,False,4940531020048229,4940531021627711,9437184,1.5154240131378174,False
scale_8_rank,19,2,4,"[2, 2, 2, 2]",1,False,False,4940531033633882,4940531036796716,18874368,3.097248077392578,False
scale_62_group,19,2,4,"[15, 16, 15, 16]",1,False,False,4940531047174455,4940531070430094,141557760,23.169343948364258,False
scale_62_rank,19,2,4,"[16, 16, 15, 15]",1,False,False,4940531081542867,4940531104757872,141557760,22.99942398071289,False
scale_2_group,19,2,4,"[0, 1, 0, 1]",1,False,False,4940531116629960,4940531116727627,0,0,False
scale_4_group,19,2,4,"[1, 1, 1, 1]",1,False,False,4940531127892513,4940531129530700,9437184,1.587488055229187,False
two_pair_1_3,19,2,4,"[0, 1, 0, 1]",1,False,False,4940531139891063,4940531139966684,0,0,False
scale_2_rank,19,2,4,"[1, 1, 0, 0]",1,False,False,4940531151065256,4940531151141087,0,0,False
six_2,19,2,4,"[2, 1, 2, 1]",1,False,False,4940531163012194,4940531165421055,18874368,2.355839967727661,False
two_single_0,19,2,4,"[2, 0, 0, 0]",1,False,False,4940531175765937,4940531175853174,0,0,False
scale_6_group,19,2,4,"[1, 2, 1, 2]",1,False,False,4940531187796732,4940531189513956,9437184,1.618783950805664,False
two_single_3,19,2,4,"[0, 0, 0, 2]",1,False,False,4940531200661584,4940531200750843,0,0,False
six_1,19,2,4,"[1, 2, 1, 2]",1,False,False,4940531212754266,4940531214426367,9437184,1.6014080047607422,False
concurrency_2_group,19,2,4,"[3, 4, 3, 4]",2,False,False,4940531225563754,4940531230317001,28311552,4.668000221252441,False
remote_2,19,2,4,"[1, 1, 0, 0]",1,True,False,4940531241438371,4940531241514839,0,0,False
scale_8_group,19,2,4,"[2, 2, 2, 2]",1,False,False,4940531253490777,4940531256659281,18874368,3.0984959602355957,False
scale_14_rank,19,2,4,"[4, 4, 3, 3]",1,False,False,4940531266984543,4940531271696343,28311552,4.629471778869629,False
scale_10_group,19,2,4,"[2, 3, 2, 3]",1,False,False,4940531283653491,4940531286844988,18874368,3.12390398979187,False
two_single_1,19,2,4,"[0, 2, 0, 0]",1,False,False,4940531297997945,4940531298070047,0,0,False
scale_14_group,19,2,4,"[3, 4, 3, 4]",1,False,False,4940531309947513,4940531314675546,28311552,4.664608001708984,False
remote_1,19,2,4,"[1, 2, 1, 2]",1,True,False,4940531325799319,4940531327441488,9437184,1.5849920511245728,False
concurrency_2_rank,19,2,4,"[4, 4, 3, 3]",2,False,False,4940531338489069,4940531343218723,28311552,4.660192012786865,False
two_pair_1_2,19,2,4,"[0, 1, 1, 0]",1,False,False,4940531355045292,4940531355928119,9437184,0.8203200101852417,False
two_pair_0_3,19,2,4,"[1, 0, 0, 1]",1,False,False,4940531366299820,4940531366373763,0,0,False
remote_3,19,2,4,"[1, 0, 1, 0]",1,True,False,4940531377508230,4940531378376530,9437184,0.8189759850502014,False
concurrency_2_rank,20,2,4,"[4, 4, 3, 3]",2,False,False,4940531388716172,4940531393459717,28311552,4.66048002243042,False
six_2,20,2,4,"[2, 1, 2, 1]",1,False,False,4940531405352737,4940531407784515,18874368,2.369472026824951,False
scale_6_group,20,2,4,"[1, 2, 1, 2]",1,False,False,4940531418124203,4940531419765176,9437184,1.5857280492782593,False
scale_8_rank,20,2,4,"[2, 2, 2, 2]",1,False,False,4940531430829606,4940531434000534,18874368,3.119744062423706,False
remote_1,20,2,4,"[1, 2, 1, 2]",1,True,False,4940531444357980,4940531445996040,9437184,1.5836479663848877,False
two_single_3,20,2,4,"[0, 0, 0, 2]",1,False,False,4940531457089528,4940531457162496,0,0,False
concurrency_4_group,20,2,4,"[3, 4, 3, 4]",4,False,False,4940531469201501,4940531474087673,28311552,4.708767890930176,False
scale_4_group,20,2,4,"[1, 1, 1, 1]",1,False,False,4940531485104232,4940531486737773,9437184,1.5693440437316895,False
scale_14_rank,20,2,4,"[4, 4, 3, 3]",1,False,False,4940531497112944,4940531501833621,28311552,4.659520149230957,False
two_single_1,20,2,4,"[0, 2, 0, 0]",1,False,False,4940531513927473,4940531514028784,0,0,False
two_pair_2_3,20,2,4,"[0, 0, 1, 1]",1,False,False,4940531526087748,4940531527747887,9437184,1.5956480503082275,False
six_3,20,2,4,"[1, 1, 2, 2]",1,False,False,4940531538134223,4940531541300066,18874368,3.1149439811706543,False
two_pair_1_2,20,2,4,"[0, 1, 1, 0]",1,False,False,4940531551697597,4940531552557425,9437184,0.8134080171585083,False
two_single_0,20,2,4,"[2, 0, 0, 0]",1,False,False,4940531562839833,4940531562909727,0,0,False
two_pair_0_1,20,2,4,"[1, 1, 0, 0]",1,False,False,4940531574726906,4940531574796690,0,0,False
remote_2,20,2,4,"[1, 1, 0, 0]",1,True,False,4940531586667040,4940531586747802,0,0,False
remote_3,20,2,4,"[1, 0, 1, 0]",1,True,False,4940531598570074,4940531599453716,9437184,0.8290240168571472,False
scale_10_group,20,2,4,"[2, 3, 2, 3]",1,False,False,4940531609710734,4940531612894443,18874368,3.1286399364471436,False
remote_0,20,2,4,"[2, 2, 1, 1]",1,True,False,4940531624009549,4940531625645202,9437184,1.5846079587936401,False
six_1,20,2,4,"[1, 2, 1, 2]",1,False,False,4940531637539523,4940531639190149,9437184,1.589792013168335,False
scale_6_rank,20,2,4,"[2, 2, 1, 1]",1,False,False,4940531650287930,4940531651916008,9437184,1.5794240236282349,False
two_pair_0_3,20,2,4,"[1, 0, 0, 1]",1,False,False,4940531663857276,4940531663953956,0,0,False
six_0,20,2,4,"[2, 2, 1, 1]",1,False,False,4940531675050083,4940531676678379,9437184,1.5558079481124878,False
scale_2_rank,20,2,4,"[1, 1, 0, 0]",1,False,False,4940531688695292,4940531688778782,0,0,False
scale_62_rank,20,2,4,"[16, 16, 15, 15]",1,False,False,4940531700742921,4940531723949931,141557760,23.144960403442383,False
concurrency_4_rank,20,2,4,"[4, 4, 3, 3]",4,False,False,4940531735798346,4940531740605971,28311552,4.700384140014648,False
scale_50_group,20,2,4,"[12, 13, 12, 13]",1,False,False,4940531752501497,4940531771139690,113246208,18.562496185302734,False
two_pair_0_2,20,2,4,"[1, 0, 1, 0]",1,False,False,4940531782259539,4940531783159694,9437184,0.8288319706916809,False
scale_2_group,20,2,4,"[0, 1, 0, 1]",1,False,False,4940531793431810,4940531793513286,0,0,False
two_single_2,20,2,4,"[0, 0, 2, 0]",1,False,False,4940531804614966,4940531806262998,18874368,1.5936000347137451,False
scale_10_rank,20,2,4,"[3, 3, 2, 2]",1,False,False,4940531816705768,4940531819864392,18874368,3.1022720336914062,False
scale_50_rank,20,2,4,"[13, 13, 12, 12]",1,False,False,4940531831850643,4940531850437620,113246208,18.520063400268555,False
scale_8_group,20,2,4,"[2, 2, 2, 2]",1,False,False,4940531862268452,4940531865445613,18874368,3.1032960414886475,False
concurrency_2_group,20,2,4,"[3, 4, 3, 4]",2,False,False,4940531875901696,4940531880722547,28311552,4.686880111694336,False
scale_14_group,20,2,4,"[3, 4, 3, 4]",1,False,False,4940531891756733,4940531896495858,28311552,4.669663906097412,False
scale_62_group,20,2,4,"[15, 16, 15, 16]",1,False,False,4940531907579242,4940531930798125,141557760,23.152544021606445,False
two_pair_1_3,20,2,4,"[0, 1, 0, 1]",1,False,False,4940531941928800,4940531942011531,0,0,False
scale_4_rank,20,2,4,"[1, 1, 1, 1]",1,False,False,4940531953119740,4940531954752214,9437184,1.5639679431915283,False
scale_8_rank,21,2,4,"[2, 2, 2, 2]",1,False,False,4940531965143887,4940531968313810,18874368,3.1145598888397217,False
remote_0,21,2,4,"[2, 2, 1, 1]",1,True,False,4940531978681362,4940531980317350,9437184,1.5738879442214966,False
remote_1,21,2,4,"[1, 2, 1, 2]",1,True,False,4940531992209926,4940531993872380,9437184,1.5946240425109863,False
six_3,21,2,4,"[1, 1, 2, 2]",1,False,False,4940532005031239,4940532008219700,18874368,3.125663995742798,False
two_single_3,21,2,4,"[0, 0, 0, 2]",1,False,False,4940532018533551,4940532018610390,0,0,False
scale_62_rank,21,2,4,"[16, 16, 15, 15]",1,False,False,4940532030472389,4940532053659975,141557760,23.13542366027832,False
remote_3,21,2,4,"[1, 0, 1, 0]",1,True,False,4940532065727685,4940532066630619,9437184,0.8312640190124512,False
scale_14_group,21,2,4,"[3, 4, 3, 4]",1,False,False,4940532076958042,4940532081731856,28311552,4.686367988586426,False
concurrency_4_group,21,2,4,"[3, 4, 3, 4]",4,False,False,4940532092796748,4940532097647309,28311552,4.704127788543701,False
scale_50_rank,21,2,4,"[13, 13, 12, 12]",1,False,False,4940532108693905,4940532127271335,113246208,18.49228858947754,False
concurrency_2_group,21,2,4,"[3, 4, 3, 4]",2,False,False,4940532139131112,4940532143716906,28311552,4.480800151824951,False
two_single_1,21,2,4,"[0, 2, 0, 0]",1,False,False,4940532155074386,4940532155168689,0,0,False
scale_6_rank,21,2,4,"[2, 2, 1, 1]",1,False,False,4940532167008982,4940532168678350,9437184,1.598912000656128,False
scale_2_group,21,2,4,"[0, 1, 0, 1]",1,False,False,4940532180521454,4940532180663334,0,0,False
scale_6_group,21,2,4,"[1, 2, 1, 2]",1,False,False,4940532191815871,4940532193503913,9437184,1.610368013381958,False
two_pair_0_2,21,2,4,"[1, 0, 1, 0]",1,False,False,4940532204587703,4940532205473993,9437184,0.8286719918251038,False
scale_8_group,21,2,4,"[2, 2, 2, 2]",1,False,False,4940532215801328,4940532218994305,18874368,3.132927894592285,False
scale_10_group,21,2,4,"[2, 3, 2, 3]",1,False,False,4940532229384333,4940532232577670,18874368,3.1349120140075684,False
six_1,21,2,4,"[1, 2, 1, 2]",1,False,False,4940532243725789,4940532245373236,9437184,1.579967975616455,False
six_2,21,2,4,"[2, 1, 2, 1]",1,False,False,4940532256492564,4940532258955526,18874368,2.375808000564575,False
concurrency_2_rank,21,2,4,"[4, 4, 3, 3]",2,False,False,4940532269280855,4940532273955638,28311552,4.577983856201172,False
remote_2,21,2,4,"[1, 1, 0, 0]",1,True,False,4940532286057861,4940532286152444,0,0,False
two_single_0,21,2,4,"[2, 0, 0, 0]",1,False,False,4940532298115457,4940532298202649,0,0,False
two_pair_2_3,21,2,4,"[0, 0, 1, 1]",1,False,False,4940532310235959,4940532311894622,9437184,1.5831680297851562,False
scale_50_group,21,2,4,"[12, 13, 12, 13]",1,False,False,4940532322306538,4940532340909030,113246208,18.527456283569336,False
two_pair_1_3,21,2,4,"[0, 1, 0, 1]",1,False,False,4940532352015444,4940532352099796,0,0,False
two_pair_1_2,21,2,4,"[0, 1, 1, 0]",1,False,False,4940532363191762,4940532364075344,9437184,0.8252800107002258,False
scale_62_group,21,2,4,"[15, 16, 15, 16]",1,False,False,4940532374367671,4940532397613898,141557760,23.169536590576172,False
scale_4_rank,21,2,4,"[1, 1, 1, 1]",1,False,False,4940532408853002,4940532410509843,9437184,1.5947840213775635,False
two_pair_0_1,21,2,4,"[1, 1, 0, 0]",1,False,False,4940532420919662,4940532420996507,0,0,False
two_single_2,21,2,4,"[0, 0, 2, 0]",1,False,False,4940532432984656,4940532434652613,18874368,1.6066559553146362,False
scale_10_rank,21,2,4,"[3, 3, 2, 2]",1,False,False,4940532445145695,4940532448328175,18874368,3.1284799575805664,False
two_pair_0_3,21,2,4,"[1, 0, 0, 1]",1,False,False,4940532460286753,4940532460384480,0,0,False
scale_14_rank,21,2,4,"[4, 4, 3, 3]",1,False,False,4940532471545402,4940532476279833,28311552,4.672736167907715,False
concurrency_4_rank,21,2,4,"[4, 4, 3, 3]",4,False,False,4940532488235449,4940532493060878,28311552,4.6978559494018555,False
scale_2_rank,21,2,4,"[1, 1, 0, 0]",1,False,False,4940532504859439,4940532504943038,0,0,False
scale_4_group,21,2,4,"[1, 1, 1, 1]",1,False,False,4940532517069481,4940532518716759,9437184,1.5592960119247437,False
six_0,21,2,4,"[2, 2, 1, 1]",1,False,False,4940532529179258,4940532530819195,9437184,1.582368016242981,False
concurrency_4_rank,22,2,4,"[4, 4, 3, 3]",4,False,False,4940532542691691,4940532547458633,28311552,4.684000015258789,False
two_single_0,22,2,4,"[2, 0, 0, 0]",1,False,False,4940532559276913,4940532559365664,0,0,False
scale_62_group,22,2,4,"[15, 16, 15, 16]",1,False,False,4940532571193165,4940532594399437,141557760,23.13929557800293,False
two_pair_2_3,22,2,4,"[0, 0, 1, 1]",1,False,False,4940532605549544,4940532607188884,9437184,1.58787202835083,False
two_single_3,22,2,4,"[0, 0, 0, 2]",1,False,False,4940532617647040,4940532617720539,0,0,False
scale_6_rank,22,2,4,"[2, 2, 1, 1]",1,False,False,4940532629791791,4940532631425854,9437184,1.5523840188980103,False
two_pair_1_2,22,2,4,"[0, 1, 1, 0]",1,False,False,4940532643311212,4940532644192236,9437184,0.8196799755096436,False
six_1,22,2,4,"[1, 2, 1, 2]",1,False,False,4940532654447402,4940532656091185,9437184,1.5867520570755005,False
remote_0,22,2,4,"[2, 2, 1, 1]",1,True,False,4940532667204151,4940532668845038,9437184,1.5838079452514648,False
two_pair_0_3,22,2,4,"[1, 0, 0, 1]",1,False,False,4940532680776345,4940532680863680,0,0,False
scale_10_group,22,2,4,"[2, 3, 2, 3]",1,False,False,4940532691942227,4940532695129226,18874368,3.1301119327545166,False
scale_14_group,22,2,4,"[3, 4, 3, 4]",1,False,False,4940532706269422,4940532710976991,28311552,4.654047966003418,False
scale_2_group,22,2,4,"[0, 1, 0, 1]",1,False,False,4940532722117053,4940532722201444,0,0,False
scale_4_group,22,2,4,"[1, 1, 1, 1]",1,False,False,4940532733299943,4940532734916066,9437184,1.5656640529632568,False
scale_6_group,22,2,4,"[1, 2, 1, 2]",1,False,False,4940532745219266,4940532746846623,9437184,1.5786559581756592,False
six_0,22,2,4,"[2, 2, 1, 1]",1,False,False,4940532757927884,4940532759558632,9437184,1.5736639499664307,False
scale_14_rank,22,2,4,"[4, 4, 3, 3]",1,False,False,4940532771439395,4940532776140949,28311552,4.64415979385376,False
two_pair_0_1,22,2,4,"[1, 1, 0, 0]",1,False,False,4940532788083969,4940532788173648,0,0,False
scale_10_rank,22,2,4,"[3, 3, 2, 2]",1,False,False,4940532800118320,4940532803286401,18874368,3.1068480014801025,False
concurrency_4_group,22,2,4,"[3, 4, 3, 4]",4,False,False,4940532815089230,4940532819868031,28311552,4.682559967041016,False
remote_1,22,2,4,"[1, 2, 1, 2]",1,True,False,4940532830917442,4940532832573151,9437184,1.5882560014724731,False
scale_62_rank,22,2,4,"[16, 16, 15, 15]",1,False,False,4940532843634723,4940532866770171,141557760,23.08176040649414,False
scale_8_group,22,2,4,"[2, 2, 2, 2]",1,False,False,4940532878641435,4940532881827521,18874368,3.1233599185943604,False
scale_50_rank,22,2,4,"[13, 13, 12, 12]",1,False,False,4940532892296598,4940532910873181,113246208,18.477792739868164,False
two_single_1,22,2,4,"[0, 2, 0, 0]",1,False,False,4940532922755063,4940532922925586,0,0,False
two_pair_1_3,22,2,4,"[0, 1, 0, 1]",1,False,False,4940532934707235,4940532934791325,0,0,False
six_2,22,2,4,"[2, 1, 2, 1]",1,False,False,4940532945919147,4940532948321218,18874368,2.2506558895111084,False
remote_2,22,2,4,"[1, 1, 0, 0]",1,True,False,4940532958704686,4940532958839112,0,0,False
two_single_2,22,2,4,"[0, 0, 2, 0]",1,False,False,4940532970674109,4940532972342415,18874368,1.603551983833313,False
concurrency_2_rank,22,2,4,"[4, 4, 3, 3]",2,False,False,4940532982586218,4940532987320248,28311552,4.650400161743164,False
scale_4_rank,22,2,4,"[1, 1, 1, 1]",1,False,False,4940532999108287,4940533000769592,9437184,1.5966399908065796,False
scale_50_group,22,2,4,"[12, 13, 12, 13]",1,False,False,4940533011088169,4940533029675657,113246208,18.517311096191406,False
remote_3,22,2,4,"[1, 0, 1, 0]",1,True,False,4940533040818270,4940533041714003,9437184,0.8352959752082825,False
scale_8_rank,22,2,4,"[2, 2, 2, 2]",1,False,False,4940533052007861,4940533055193891,18874368,3.129024028778076,False
scale_2_rank,22,2,4,"[1, 1, 0, 0]",1,False,False,4940533065549005,4940533065618081,0,0,False
two_pair_0_2,22,2,4,"[1, 0, 1, 0]",1,False,False,4940533077529819,4940533078442835,9437184,0.8459839820861816,False
concurrency_2_group,22,2,4,"[3, 4, 3, 4]",2,False,False,4940533088728800,4940533093472670,28311552,4.661087989807129,False
six_3,22,2,4,"[1, 1, 2, 2]",1,False,False,4940533104614030,4940533107786088,18874368,3.1170880794525146,False
two_single_0,23,2,4,"[2, 0, 0, 0]",1,False,False,4940533118288884,4940533118357599,0,0,False
two_single_3,23,2,4,"[0, 0, 0, 2]",1,False,False,4940533130287936,4940533130352613,0,0,False
two_pair_1_3,23,2,4,"[0, 1, 0, 1]",1,False,False,4940533142383252,4940533142452526,0,0,False
scale_62_rank,23,2,4,"[16, 16, 15, 15]",1,False,False,4940533153639625,4940533176692515,141557760,22.98080062866211,False
scale_4_rank,23,2,4,"[1, 1, 1, 1]",1,False,False,4940533188714013,4940533190386379,9437184,1.6034879684448242,False
two_pair_2_3,23,2,4,"[0, 0, 1, 1]",1,False,False,4940533200804945,4940533202436039,9437184,1.5802559852600098,False
scale_62_group,23,2,4,"[15, 16, 15, 16]",1,False,False,4940533212874738,4940533236087914,141557760,23.147808074951172,False
scale_4_group,23,2,4,"[1, 1, 1, 1]",1,False,False,4940533247206703,4940533248868930,9437184,1.599776029586792,False
remote_0,23,2,4,"[2, 2, 1, 1]",1,True,False,4940533259221590,4940533260871507,9437184,1.5861120223999023,False
six_0,23,2,4,"[2, 2, 1, 1]",1,False,False,4940533272758079,4940533274395853,9437184,1.5765440464019775,False
two_single_1,23,2,4,"[0, 2, 0, 0]",1,False,False,4940533286277558,4940533286352281,0,0,False
scale_10_group,23,2,4,"[2, 3, 2, 3]",1,False,False,4940533298306687,4940533301491506,18874368,3.127135992050171,False
remote_1,23,2,4,"[1, 2, 1, 2]",1,True,False,4940533312538679,4940533314180145,9437184,1.5890239477157593,False
remote_2,23,2,4,"[1, 1, 0, 0]",1,True,False,4940533325358830,4940533325439858,0,0,False
two_pair_0_3,23,2,4,"[1, 0, 0, 1]",1,False,False,4940533337404669,4940533337486200,0,0,False
scale_14_group,23,2,4,"[3, 4, 3, 4]",1,False,False,4940533348640732,4940533353351562,28311552,4.666399955749512,False
six_2,23,2,4,"[2, 1, 2, 1]",1,False,False,4940533364537913,4940533366938296,18874368,2.353951930999756,False
scale_50_group,23,2,4,"[12, 13, 12, 13]",1,False,False,4940533377360116,4940533395909538,113246208,18.50092887878418,False
scale_8_group,23,2,4,"[2, 2, 2, 2]",1,False,False,4940533407081672,4940533410246752,18874368,3.1139519214630127,False
scale_6_group,23,2,4,"[1, 2, 1, 2]",1,False,False,4940533420694286,4940533422333780,9437184,1.5858240127563477,False
scale_14_rank,23,2,4,"[4, 4, 3, 3]",1,False,False,4940533433426529,4940533438114792,28311552,4.643712043762207,False
scale_2_rank,23,2,4,"[1, 1, 0, 0]",1,False,False,4940533450089464,4940533450183687,0,0,False
two_pair_0_1,23,2,4,"[1, 1, 0, 0]",1,False,False,4940533462136511,4940533462233878,0,0,False
scale_8_rank,23,2,4,"[2, 2, 2, 2]",1,False,False,4940533474160747,4940533477336800,18874368,3.113663911819458,False
two_pair_0_2,23,2,4,"[1, 0, 1, 0]",1,False,False,4940533487758919,4940533488678163,9437184,0.842303991317749,False
scale_50_rank,23,2,4,"[13, 13, 12, 12]",1,False,False,4940533498989844,4940533517558558,113246208,18.50592041015625,False
scale_10_rank,23,2,4,"[3, 3, 2, 2]",1,False,False,4940533529498877,4940533532687750,18874368,3.114720106124878,False
concurrency_2_rank,23,2,4,"[4, 4, 3, 3]",2,False,False,4940533544620746,4940533549369764,28311552,4.653408050537109,False
concurrency_4_group,23,2,4,"[3, 4, 3, 4]",4,False,False,4940533561319782,4940533566118208,28311552,4.68009614944458,False
six_3,23,2,4,"[1, 1, 2, 2]",1,False,False,4940533577259324,4940533580421312,18874368,3.1160640716552734,False
six_1,23,2,4,"[1, 2, 1, 2]",1,False,False,4940533590843983,4940533592462646,9437184,1.5697920322418213,False
remote_3,23,2,4,"[1, 0, 1, 0]",1,True,False,4940533603621224,4940533604467393,9437184,0.8081279993057251,False
scale_2_group,23,2,4,"[0, 1, 0, 1]",1,False,False,4940533614849237,4940533614927457,0,0,False
two_single_2,23,2,4,"[0, 0, 2, 0]",1,False,False,4940533626060474,4940533627684562,18874368,1.585279941558838,False
concurrency_2_group,23,2,4,"[3, 4, 3, 4]",2,False,False,4940533638090061,4940533642811499,28311552,4.648575782775879,False
scale_6_rank,23,2,4,"[2, 2, 1, 1]",1,False,False,4940533653968811,4940533655584798,9437184,1.5710400342941284,False
two_pair_1_2,23,2,4,"[0, 1, 1, 0]",1,False,False,4940533667588750,4940533668503352,9437184,0.8320320248603821,False
concurrency_4_rank,23,2,4,"[4, 4, 3, 3]",4,False,False,4940533678850641,4940533683622719,28311552,4.681568145751953,False
concurrency_2_rank,24,2,4,"[4, 4, 3, 3]",2,False,False,4940533695565177,4940533700297335,28311552,4.609856128692627,False
two_single_3,24,2,4,"[0, 0, 0, 2]",1,False,False,4940533712215003,4940533712297883,0,0,False
remote_3,24,2,4,"[1, 0, 1, 0]",1,True,False,4940533724384309,4940533725265248,9437184,0.820576012134552,False
scale_10_group,24,2,4,"[2, 3, 2, 3]",1,False,False,4940533735642968,4940533738808858,18874368,3.11628794670105,False
scale_14_group,24,2,4,"[3, 4, 3, 4]",1,False,False,4940533750005109,4940533754715419,28311552,4.662144184112549,False
scale_50_rank,24,2,4,"[13, 13, 12, 12]",1,False,False,4940533765848651,4940533784413188,113246208,18.50841522216797,False
two_pair_0_3,24,2,4,"[1, 0, 0, 1]",1,False,False,4940533796371220,4940533796453692,0,0,False
two_single_2,24,2,4,"[0, 0, 2, 0]",1,False,False,4940533807565695,4940533809187833,18874368,1.5864959955215454,False
scale_14_rank,24,2,4,"[4, 4, 3, 3]",1,False,False,4940533819703530,4940533824393823,28311552,4.6472320556640625,False
remote_2,24,2,4,"[1, 1, 0, 0]",1,True,False,4940533836442541,4940533836542502,0,0,False
six_3,24,2,4,"[1, 1, 2, 2]",1,False,False,4940533848502560,4940533851688066,18874368,3.1137919425964355,False
concurrency_4_group,24,2,4,"[3, 4, 3, 4]",4,False,False,4940533862087625,4940533866875300,28311552,4.689631938934326,False
scale_6_rank,24,2,4,"[2, 2, 1, 1]",1,False,False,4940533878112755,4940533879754489,9437184,1.5712000131607056,False
two_pair_1_2,24,2,4,"[0, 1, 1, 0]",1,False,False,4940533891654639,4940533892537875,9437184,0.8198400139808655,False
two_single_1,24,2,4,"[0, 2, 0, 0]",1,False,False,4940533902880693,4940533903002024,0,0,False
scale_8_rank,24,2,4,"[2, 2, 2, 2]",1,False,False,4940533914797188,4940533917975789,18874368,3.113919973373413,False
concurrency_2_group,24,2,4,"[3, 4, 3, 4]",2,False,False,4940533928378088,4940533933110108,28311552,4.665760040283203,False
scale_4_group,24,2,4,"[1, 1, 1, 1]",1,False,False,4940533944270075,4940533945911632,9437184,1.5895040035247803,False
remote_0,24,2,4,"[2, 2, 1, 1]",1,True,False,4940533956251071,4940533957884928,9437184,1.5849599838256836,False
six_2,24,2,4,"[2, 1, 2, 1]",1,False,False,4940533969754970,4940533972159381,18874368,2.330336093902588,False
scale_4_rank,24,2,4,"[1, 1, 1, 1]",1,False,False,4940533982503388,4940533984136026,9437184,1.5852160453796387,False
two_pair_0_1,24,2,4,"[1, 1, 0, 0]",1,False,False,4940533994483006,4940533994547321,0,0,False
six_0,24,2,4,"[2, 2, 1, 1]",1,False,False,4940534006473355,4940534008112623,9437184,1.571552038192749,False
scale_8_group,24,2,4,"[2, 2, 2, 2]",1,False,False,4940534020208081,4940534023391245,18874368,3.115744113922119,False
scale_6_group,24,2,4,"[1, 2, 1, 2]",1,False,False,4940534033824004,4940534035457847,9437184,1.581055998802185,False
scale_2_rank,24,2,4,"[1, 1, 0, 0]",1,False,False,4940534046535793,4940534046597278,0,0,False
six_1,24,2,4,"[1, 2, 1, 2]",1,False,False,4940534058595736,4940534060268723,9437184,1.5966720581054688,False
scale_50_group,24,2,4,"[12, 13, 12, 13]",1,False,False,4940534071315142,4940534089951405,113246208,18.572032928466797,False
remote_1,24,2,4,"[1, 2, 1, 2]",1,True,False,4940534101067386,4940534102684346,9437184,1.5554560422897339,False
two_pair_1_3,24,2,4,"[0, 1, 0, 1]",1,False,False,4940534113805685,4940534113878548,0,0,False
scale_10_rank,24,2,4,"[3, 3, 2, 2]",1,False,False,4940534124971413,4940534128144735,18874368,3.12060809135437,False
two_single_0,24,2,4,"[2, 0, 0, 0]",1,False,False,4940534140055331,4940534140144366,0,0,False
scale_62_group,24,2,4,"[15, 16, 15, 16]",1,False,False,4940534152131866,4940534175381519,141557760,23.16694450378418,False
concurrency_4_rank,24,2,4,"[4, 4, 3, 3]",4,False,False,4940534186575668,4940534191430884,28311552,4.682079792022705,False
two_pair_0_2,24,2,4,"[1, 0, 1, 0]",1,False,False,4940534203426904,4940534204333924,9437184,0.8335040211677551,False
scale_2_group,24,2,4,"[0, 1, 0, 1]",1,False,False,4940534214647728,4940534214710948,0,0,False
scale_62_rank,24,2,4,"[16, 16, 15, 15]",1,False,False,4940534225839603,4940534249036516,141557760,23.144319534301758,False
two_pair_2_3,24,2,4,"[0, 0, 1, 1]",1,False,False,4940534260890302,4940534262545119,9437184,1.591040015220642,False
remote_0,25,2,4,"[2, 2, 1, 1]",1,True,False,4940534272903898,4940534274538026,9437184,1.5782719850540161,False
scale_62_group,25,2,4,"[15, 16, 15, 16]",1,False,False,4940534286461850,4940534309665928,141557760,23.133695602416992,False
remote_1,25,2,4,"[1, 2, 1, 2]",1,True,False,4940534320851819,4940534322503607,9437184,1.5911999940872192,False
scale_8_group,25,2,4,"[2, 2, 2, 2]",1,False,False,4940534333603728,4940534336791151,18874368,3.133120059967041,False
six_0,25,2,4,"[2, 2, 1, 1]",1,False,False,4940534347132734,4940534348769985,9437184,1.583583950996399,False
scale_4_rank,25,2,4,"[1, 1, 1, 1]",1,False,False,4940534360684755,4940534362333575,9437184,1.584704041481018,False
scale_2_group,25,2,4,"[0, 1, 0, 1]",1,False,False,4940534372654919,4940534372727303,0,0,False
scale_10_rank,25,2,4,"[3, 3, 2, 2]",1,False,False,4940534383851168,4940534387021859,18874368,3.120543956756592,False
scale_62_rank,25,2,4,"[16, 16, 15, 15]",1,False,False,4940534398867747,4940534422053636,141557760,23.128480911254883,False
concurrency_4_rank,25,2,4,"[4, 4, 3, 3]",4,False,False,4940534433985073,4940534438806287,28311552,4.701824188232422,False
concurrency_4_group,25,2,4,"[3, 4, 3, 4]",4,False,False,4940534450679175,4940534455475869,28311552,4.683455944061279,False
two_pair_1_2,25,2,4,"[0, 1, 1, 0]",1,False,False,4940534466591714,4940534467474944,9437184,0.833407998085022,False
six_2,25,2,4,"[2, 1, 2, 1]",1,False,False,4940534477724136,4940534480185172,18874368,2.3773438930511475,False
scale_6_group,25,2,4,"[1, 2, 1, 2]",1,False,False,4940534490492885,4940534492136853,9437184,1.5856640338897705,False
remote_3,25,2,4,"[1, 0, 1, 0]",1,True,False,4940534503216477,4940534504095766,9437184,0.8232319951057434,False
two_single_0,25,2,4,"[2, 0, 0, 0]",1,False,False,4940534514406675,4940534514484195,0,0,False
two_single_3,25,2,4,"[0, 0, 0, 2]",1,False,False,4940534526346311,4940534526460637,0,0,False
scale_8_rank,25,2,4,"[2, 2, 2, 2]",1,False,False,4940534538305031,4940534541498000,18874368,3.1080639362335205,False
concurrency_2_group,25,2,4,"[3, 4, 3, 4]",2,False,False,4940534551843217,4940534556601508,28311552,4.6808319091796875,False
concurrency_2_rank,25,2,4,"[4, 4, 3, 3]",2,False,False,4940534567632877,4940534572382686,28311552,4.672095775604248,False
scale_10_group,25,2,4,"[2, 3, 2, 3]",1,False,False,4940534584233467,4940534587442723,18874368,3.1372480392456055,False
remote_2,25,2,4,"[1, 1, 0, 0]",1,True,False,4940534598483875,4940534598564677,0,0,False
scale_14_group,25,2,4,"[3, 4, 3, 4]",1,False,False,4940534610397958,4940534615158053,28311552,4.678463935852051,False
scale_14_rank,25,2,4,"[4, 4, 3, 3]",1,False,False,4940534626266098,4940534630989457,28311552,4.660160064697266,False
two_pair_2_3,25,2,4,"[0, 0, 1, 1]",1,False,False,4940534642789912,4940534644430546,9437184,1.5866880416870117,False
scale_6_rank,25,2,4,"[2, 2, 1, 1]",1,False,False,4940534654723494,4940534656350907,9437184,1.573472023010254,False
two_pair_0_1,25,2,4,"[1, 1, 0, 0]",1,False,False,4940534668211325,4940534668292113,0,0,False
six_3,25,2,4,"[1, 1, 2, 2]",1,False,False,4940534680231413,4940534683444124,18874368,3.1408960819244385,False
scale_50_group,25,2,4,"[12, 13, 12, 13]",1,False,False,4940534693861965,4940534712450965,113246208,18.522111892700195,False
scale_50_rank,25,2,4,"[13, 13, 12, 12]",1,False,False,4940534723638846,4940534742207022,113246208,18.511615753173828,False
two_pair_0_2,25,2,4,"[1, 0, 1, 0]",1,False,False,4940534754171399,4940534755068215,9437184,0.8277119994163513,False
six_1,25,2,4,"[1, 2, 1, 2]",1,False,False,4940534765317581,4940534766938039,9437184,1.5739840269088745,False
two_pair_0_3,25,2,4,"[1, 0, 0, 1]",1,False,False,4940534778082921,4940534778140797,0,0,False
two_single_1,25,2,4,"[0, 2, 0, 0]",1,False,False,4940534789225760,4940534789280387,0,0,False
two_pair_1_3,25,2,4,"[0, 1, 0, 1]",1,False,False,4940534801281168,4940534801370777,0,0,False
two_single_2,25,2,4,"[0, 0, 2, 0]",1,False,False,4940534812437361,4940534814079625,18874368,1.5938880443572998,False
scale_2_rank,25,2,4,"[1, 1, 0, 0]",1,False,False,4940534824539208,4940534824600641,0,0,False
scale_4_group,25,2,4,"[1, 1, 1, 1]",1,False,False,4940534836583727,4940534838241643,9437184,1.590399980545044,False
scale_14_rank,26,2,4,"[4, 4, 3, 3]",1,False,False,4940534848592494,4940534853291688,28311552,4.653183937072754,False
remote_3,26,2,4,"[1, 0, 1, 0]",1,True,False,4940534865199556,4940534866080862,9437184,0.8215680122375488,False
scale_4_rank,26,2,4,"[1, 1, 1, 1]",1,False,False,4940534876394669,4940534878014943,9437184,1.5748480558395386,False
six_3,26,2,4,"[1, 1, 2, 2]",1,False,False,4940534888362801,4940534891527523,18874368,3.121824026107788,False
six_1,26,2,4,"[1, 2, 1, 2]",1,False,False,4940534901927900,4940534903571867,9437184,1.5867840051651,False
remote_0,26,2,4,"[2, 2, 1, 1]",1,True,False,4940534914640843,4940534916252438,9437184,1.5533119440078735,False
two_pair_0_2,26,2,4,"[1, 0, 1, 0]",1,False,False,4940534928167900,4940534929060041,9437184,0.8239039778709412,False
six_0,26,2,4,"[2, 2, 1, 1]",1,False,False,4940534939324977,4940534940947105,9437184,1.5786559581756592,False
scale_8_group,26,2,4,"[2, 2, 2, 2]",1,False,False,4940534952812193,4940534956011738,18874368,3.131903886795044,False
two_single_0,26,2,4,"[2, 0, 0, 0]",1,False,False,4940534966353201,4940534966435530,0,0,False
six_2,26,2,4,"[2, 1, 2, 1]",1,False,False,4940534978296517,4940534980764155,18874368,2.3802239894866943,False
two_pair_2_3,26,2,4,"[0, 0, 1, 1]",1,False,False,4940534991050906,4940534992762938,9437184,1.615839958190918,False
concurrency_4_rank,26,2,4,"[4, 4, 3, 3]",4,False,False,4940535003063634,4940535007918236,28311552,4.710720062255859,False
scale_50_rank,26,2,4,"[13, 13, 12, 12]",1,False,False,4940535019661372,4940535038311915,113246208,18.57699203491211,False
scale_10_group,26,2,4,"[2, 3, 2, 3]",1,False,False,4940535050111937,4940535053302922,18874368,3.1313600540161133,False
scale_6_rank,26,2,4,"[2, 2, 1, 1]",1,False,False,4940535064435161,4940535066065722,9437184,1.5794880390167236,False
scale_10_rank,26,2,4,"[3, 3, 2, 2]",1,False,False,4940535077943893,4940535081132413,18874368,3.125375986099243,False
scale_6_group,26,2,4,"[1, 2, 1, 2]",1,False,False,4940535092981697,4940535094637721,9437184,1.586303949356079,False
two_pair_0_3,26,2,4,"[1, 0, 0, 1]",1,False,False,4940535105736030,4940535105826561,0,0,False
two_pair_1_2,26,2,4,"[0, 1, 1, 0]",1,False,False,4940535116963857,4940535117836214,9437184,0.8196160197257996,False
concurrency_4_group,26,2,4,"[3, 4, 3, 4]",4,False,False,4940535128057214,4940535132824261,28311552,4.6638078689575195,False
two_single_3,26,2,4,"[0, 0, 0, 2]",1,False,False,4940535143943629,4940535144027937,0,0,False
scale_62_rank,26,2,4,"[16, 16, 15, 15]",1,False,False,4940535155972313,4940535179109052,141557760,23.064767837524414,False
remote_1,26,2,4,"[1, 2, 1, 2]",1,True,False,4940535190986286,4940535192651695,9437184,1.596351981163025,False
two_single_2,26,2,4,"[0, 0, 2, 0]",1,False,False,4940535203785574,4940535205451724,18874368,1.5986560583114624,False
scale_4_group,26,2,4,"[1, 1, 1, 1]",1,False,False,4940535215827686,4940535217439894,9437184,1.5599679946899414,False
two_single_1,26,2,4,"[0, 2, 0, 0]",1,False,False,4940535227860652,4940535227933356,0,0,False
scale_14_group,26,2,4,"[3, 4, 3, 4]",1,False,False,4940535239895412,4940535244635554,28311552,4.674464225769043,False
scale_2_group,26,2,4,"[0, 1, 0, 1]",1,False,False,4940535255658928,4940535255735344,0,0,False
two_pair_1_3,26,2,4,"[0, 1, 0, 1]",1,False,False,4940535266780111,4940535266844544,0,0,False
scale_8_rank,26,2,4,"[2, 2, 2, 2]",1,False,False,4940535277943567,4940535281096027,18874368,3.1028480529785156,False
two_pair_0_1,26,2,4,"[1, 1, 0, 0]",1,False,False,4940535291373769,4940535291442544,0,0,False
remote_2,26,2,4,"[1, 1, 0, 0]",1,True,False,4940535303263045,4940535303336116,0,0,False
concurrency_2_rank,26,2,4,"[4, 4, 3, 3]",2,False,False,4940535315119037,4940535319831683,28311552,4.641088008880615,False
scale_50_group,26,2,4,"[12, 13, 12, 13]",1,False,False,4940535331684482,4940535350252127,113246208,18.48627281188965,False
scale_62_group,26,2,4,"[15, 16, 15, 16]",1,False,False,4940535361408816,4940535384580854,141557760,23.11008071899414,False
scale_2_rank,26,2,4,"[1, 1, 0, 0]",1,False,False,4940535395660168,4940535395744971,0,0,False
concurrency_2_group,26,2,4,"[3, 4, 3, 4]",2,False,False,4940535407579804,4940535412309755,28311552,4.64793586730957,False
scale_2_rank,27,2,4,"[1, 1, 0, 0]",1,False,False,4940535423475609,4940535423565426,0,0,False
concurrency_4_rank,27,2,4,"[4, 4, 3, 3]",4,False,False,4940535435352583,4940535440199803,28311552,4.711455821990967,False
six_3,27,2,4,"[1, 1, 2, 2]",1,False,False,4940535451932279,4940535455158794,18874368,3.139616012573242,False
two_pair_1_3,27,2,4,"[0, 1, 0, 1]",1,False,False,4940535465528644,4940535465603370,0,0,False
scale_8_rank,27,2,4,"[2, 2, 2, 2]",1,False,False,4940535476720252,4940535479864332,18874368,3.096735954284668,False
two_single_3,27,2,4,"[0, 0, 0, 2]",1,False,False,4940535490271392,4940535490350417,0,0,False
scale_14_rank,27,2,4,"[4, 4, 3, 3]",1,False,False,4940535502280009,4940535507002294,28311552,4.6411519050598145,False
two_pair_0_2,27,2,4,"[1, 0, 1, 0]",1,False,False,4940535518955917,4940535519830997,9437184,0.8220800161361694,False
six_1,27,2,4,"[1, 2, 1, 2]",1,False,False,4940535530255555,4940535531836473,9437184,1.5323200225830078,False
two_pair_1_2,27,2,4,"[0, 1, 1, 0]",1,False,False,4940535542980263,4940535543829331,9437184,0.8104959726333618,False
scale_6_group,27,2,4,"[1, 2, 1, 2]",1,False,False,4940535554207635,4940535555833850,9437184,1.5774400234222412,False
remote_3,27,2,4,"[1, 0, 1, 0]",1,True,False,4940535566995312,4940535567874366,9437184,0.8249920010566711,False
two_single_2,27,2,4,"[0, 0, 2, 0]",1,False,False,4940535578283440,4940535579922129,18874368,1.5914560556411743,False
scale_14_group,27,2,4,"[3, 4, 3, 4]",1,False,False,4940535590281773,4940535594951509,28311552,4.620192050933838,False
scale_62_rank,27,2,4,"[16, 16, 15, 15]",1,False,False,4940535606191715,4940535629402548,141557760,23.13065528869629,False
six_2,27,2,4,"[2, 1, 2, 1]",1,False,False,4940535641274463,4940535643719951,18874368,2.3749120235443115,False
concurrency_2_group,27,2,4,"[3, 4, 3, 4]",2,False,False,4940535653996861,4940535658763828,28311552,4.679264068603516,False
scale_50_rank,27,2,4,"[13, 13, 12, 12]",1,False,False,4940535669852558,4940535688412360,113246208,18.514015197753906,False
two_pair_0_3,27,2,4,"[1, 0, 0, 1]",1,False,False,4940535700396546,4940535700516413,0,0,False
scale_10_group,27,2,4,"[2, 3, 2, 3]",1,False,False,4940535711692282,4940535715060593,18874368,3.2097599506378174,False
scale_4_group,27,2,4,"[1, 1, 1, 1]",1,False,False,4940535726084873,4940535727732325,9437184,1.579360008239746,False
scale_10_rank,27,2,4,"[3, 3, 2, 2]",1,False,False,4940535738153917,4940535741359272,18874368,3.1336638927459717,False
scale_2_group,27,2,4,"[0, 1, 0, 1]",1,False,False,4940535753223706,4940535753329359,0,0,False
scale_4_rank,27,2,4,"[1, 1, 1, 1]",1,False,False,4940535764489136,4940535766126120,9437184,1.5921599864959717,False
remote_2,27,2,4,"[1, 1, 0, 0]",1,True,False,4940535776513118,4940535776588884,0,0,False
remote_0,27,2,4,"[2, 2, 1, 1]",1,True,False,4940535788520068,4940535790177800,9437184,1.5728960037231445,False
two_single_0,27,2,4,"[2, 0, 0, 0]",1,False,False,4940535802087810,4940535802195203,0,0,False
scale_8_group,27,2,4,"[2, 2, 2, 2]",1,False,False,4940535814111150,4940535817327085,18874368,3.1466879844665527,False
two_pair_2_3,27,2,4,"[0, 0, 1, 1]",1,False,False,4940535827686923,4940535829321737,9437184,1.5900160074234009,False
concurrency_2_rank,27,2,4,"[4, 4, 3, 3]",2,False,False,4940535839846702,4940535844584063,28311552,4.668863773345947,False
scale_6_rank,27,2,4,"[2, 2, 1, 1]",1,False,False,4940535856530978,4940535858137443,9437184,1.557088017463684,False
scale_50_group,27,2,4,"[12, 13, 12, 13]",1,False,False,4940535869990038,4940535888584957,113246208,18.5263671875,False
two_single_1,27,2,4,"[0, 2, 0, 0]",1,False,False,4940535899757971,4940535899831526,0,0,False
scale_62_group,27,2,4,"[15, 16, 15, 16]",1,False,False,4940535911774865,4940535935174572,141557760,23.240352630615234,False
two_pair_0_1,27,2,4,"[1, 1, 0, 0]",1,False,False,4940535946268874,4940535946362695,0,0,False
concurrency_4_group,27,2,4,"[3, 4, 3, 4]",4,False,False,4940535958249814,4940535963047161,28311552,4.682496070861816,False
six_0,27,2,4,"[2, 2, 1, 1]",1,False,False,4940535974179233,4940535975821231,9437184,1.5845439434051514,False
remote_1,27,2,4,"[1, 2, 1, 2]",1,True,False,4940535987715229,4940535989373580,9437184,1.5905920267105103,False
scale_50_rank,28,2,4,"[13, 13, 12, 12]",1,False,False,4940536000486428,4940536019021623,113246208,18.47327995300293,False
remote_3,28,2,4,"[1, 0, 1, 0]",1,True,False,4940536030820719,4940536031696690,9437184,0.8214079737663269,False
scale_62_rank,28,2,4,"[16, 16, 15, 15]",1,False,False,4940536041936759,4940536065070076,141557760,23.07244873046875,False
two_pair_0_3,28,2,4,"[1, 0, 0, 1]",1,False,False,4940536076967566,4940536077067020,0,0,False
scale_6_rank,28,2,4,"[2, 2, 1, 1]",1,False,False,4940536088152711,4940536089786128,9437184,1.577407956123352,False
two_single_3,28,2,4,"[0, 0, 0, 2]",1,False,False,4940536101627815,4940536101721773,0,0,False
scale_10_rank,28,2,4,"[3, 3, 2, 2]",1,False,False,4940536113713470,4940536116899332,18874368,3.1051840782165527,False
scale_4_group,28,2,4,"[1, 1, 1, 1]",1,False,False,4940536128801255,4940536130444413,9437184,1.5677119493484497,False
two_pair_0_1,28,2,4,"[1, 1, 0, 0]",1,False,False,4940536140781404,4940536140879541,0,0,False
scale_4_rank,28,2,4,"[1, 1, 1, 1]",1,False,False,4940536152768716,4940536154417205,9437184,1.5800319910049438,False
two_single_2,28,2,4,"[0, 0, 2, 0]",1,False,False,4940536164716978,4940536166423244,18874368,1.6149439811706543,False
remote_0,28,2,4,"[2, 2, 1, 1]",1,True,False,4940536176919867,4940536178604728,9437184,1.6000959873199463,False
scale_2_rank,28,2,4,"[1, 1, 0, 0]",1,False,False,4940536190441242,4940536190533231,0,0,False
two_single_0,28,2,4,"[2, 0, 0, 0]",1,False,False,4940536202429098,4940536202516462,0,0,False
two_single_1,28,2,4,"[0, 2, 0, 0]",1,False,False,4940536214430012,4940536214517110,0,0,False
scale_14_rank,28,2,4,"[4, 4, 3, 3]",1,False,False,4940536226375488,4940536231128171,28311552,4.677567958831787,False
six_0,28,2,4,"[2, 2, 1, 1]",1,False,False,4940536242880764,4940536244545452,9437184,1.600000023841858,False
scale_6_group,28,2,4,"[1, 2, 1, 2]",1,False,False,4940536256437801,4940536258099361,9437184,1.5922880172729492,False
scale_2_group,28,2,4,"[0, 1, 0, 1]",1,False,False,4940536269207611,4940536269285873,0,0,False
concurrency_2_group,28,2,4,"[3, 4, 3, 4]",2,False,False,4940536280595605,4940536285335345,28311552,4.663296222686768,False
scale_10_group,28,2,4,"[2, 3, 2, 3]",1,False,False,4940536296377468,4940536299581981,18874368,3.131488084793091,False
two_pair_2_3,28,2,4,"[0, 0, 1, 1]",1,False,False,4940536310619789,4940536312262215,9437184,1.5859839916229248,False
scale_62_group,28,2,4,"[15, 16, 15, 16]",1,False,False,4940536322540560,4940536345710799,141557760,23.107648849487305,False
six_2,28,2,4,"[2, 1, 2, 1]",1,False,False,4940536356766547,4940536359179172,18874368,2.3598079681396484,False
concurrency_2_rank,28,2,4,"[4, 4, 3, 3]",2,False,False,4940536369507727,4940536374232018,28311552,4.656064033508301,False
concurrency_4_rank,28,2,4,"[4, 4, 3, 3]",4,False,False,4940536386172511,4940536390952851,28311552,4.664000034332275,False
scale_8_rank,28,2,4,"[2, 2, 2, 2]",1,False,False,4940536402701575,4940536405886467,18874368,3.1187520027160645,False
six_3,28,2,4,"[1, 1, 2, 2]",1,False,False,4940536416210144,4940536419378227,18874368,3.1133759021759033,False
remote_1,28,2,4,"[1, 2, 1, 2]",1,True,False,4940536429774104,4940536431410921,9437184,1.5819200277328491,False
two_pair_1_2,28,2,4,"[0, 1, 1, 0]",1,False,False,4940536442462236,4940536443324785,9437184,0.8133760094642639,False
scale_14_group,28,2,4,"[3, 4, 3, 4]",1,False,False,4940536453626905,4940536458331604,28311552,4.653696060180664,False
scale_50_group,28,2,4,"[12, 13, 12, 13]",1,False,False,4940536469367694,4940536487921517,113246208,18.485984802246094,False
remote_2,28,2,4,"[1, 1, 0, 0]",1,True,False,4940536498960711,4940536499055245,0,0,False
concurrency_4_group,28,2,4,"[3, 4, 3, 4]",4,False,False,4940536510834436,4940536515662255,28311552,4.693535804748535,False
two_pair_1_3,28,2,4,"[0, 1, 0, 1]",1,False,False,4940536526763496,4940536526853579,0,0,False
two_pair_0_2,28,2,4,"[1, 0, 1, 0]",1,False,False,4940536538028224,4940536538924463,9437184,0.8383679986000061,False
six_1,28,2,4,"[1, 2, 1, 2]",1,False,False,4940536549205102,4940536550834915,9437184,1.576159954071045,False
scale_8_group,28,2,4,"[2, 2, 2, 2]",1,False,False,4940536561991302,4940536565155261,18874368,3.114784002304077,False
two_pair_2_3,29,2,4,"[0, 0, 1, 1]",1,False,False,4940536575526841,4940536577151105,9437184,1.5676159858703613,False
scale_4_group,29,2,4,"[1, 1, 1, 1]",1,False,False,4940536587646631,4940536589267726,9437184,1.5712000131607056,False
two_single_1,29,2,4,"[0, 2, 0, 0]",1,False,False,4940536599673077,4940536599742844,0,0,False
scale_6_rank,29,2,4,"[2, 2, 1, 1]",1,False,False,4940536611775792,4940536613437475,9437184,1.5944960117340088,False
two_pair_0_2,29,2,4,"[1, 0, 1, 0]",1,False,False,4940536625350403,4940536626227706,9437184,0.8173760175704956,False
two_pair_1_2,29,2,4,"[0, 1, 1, 0]",1,False,False,4940536636549357,4940536637410039,9437184,0.8139839768409729,False
remote_1,29,2,4,"[1, 2, 1, 2]",1,True,False,4940536647729953,4940536649337625,9437184,1.5580159425735474,False
remote_3,29,2,4,"[1, 0, 1, 0]",1,True,False,4940536660447693,4940536661307432,9437184,0.8126400113105774,False
scale_4_rank,29,2,4,"[1, 1, 1, 1]",1,False,False,4940536671551706,4940536673158778,9437184,1.555232048034668,False
remote_2,29,2,4,"[1, 1, 0, 0]",1,True,False,4940536683540788,4940536683610311,0,0,False
two_single_3,29,2,4,"[0, 0, 0, 2]",1,False,False,4940536695542633,4940536695643022,0,0,False
remote_0,29,2,4,"[2, 2, 1, 1]",1,True,False,4940536707687388,4940536709349135,9437184,1.5945600271224976,False
scale_2_group,29,2,4,"[0, 1, 0, 1]",1,False,False,4940536721209395,4940536721292051,0,0,False
concurrency_2_group,29,2,4,"[3, 4, 3, 4]",2,False,False,4940536732374283,4940536737067395,28311552,4.619584083557129,False
scale_10_rank,29,2,4,"[3, 3, 2, 2]",1,False,False,4940536748227839,4940536751403714,18874368,3.1256320476531982,False
two_pair_0_1,29,2,4,"[1, 1, 0, 0]",1,False,False,4940536763163365,4940536763234580,0,0,False
six_2,29,2,4,"[2, 1, 2, 1]",1,False,False,4940536775004100,4940536777411252,18874368,2.354367971420288,False
two_pair_1_3,29,2,4,"[0, 1, 0, 1]",1,False,False,4940536787698428,4940536787767108,0,0,False
two_single_0,29,2,4,"[2, 0, 0, 0]",1,False,False,4940536798868480,4940536798936975,0,0,False
two_single_2,29,2,4,"[0, 0, 2, 0]",1,False,False,4940536810707866,4940536812345632,18874368,1.5889919996261597,False
scale_50_rank,29,2,4,"[13, 13, 12, 12]",1,False,False,4940536822549275,4940536841050049,113246208,18.447616577148438,False
six_1,29,2,4,"[1, 2, 1, 2]",1,False,False,4940536852988614,4940536854647574,9437184,1.5954240560531616,False
scale_6_group,29,2,4,"[1, 2, 1, 2]",1,False,False,4940536865693838,4940536867329411,9437184,1.5824639797210693,False
scale_62_rank,29,2,4,"[16, 16, 15, 15]",1,False,False,4940536878379804,4940536901557931,141557760,23.119199752807617,False
scale_14_rank,29,2,4,"[4, 4, 3, 3]",1,False,False,4940536913379370,4940536918110470,28311552,4.664031982421875,False
six_3,29,2,4,"[1, 1, 2, 2]",1,False,False,4940536929926048,4940536933112855,18874368,3.120192050933838,False
six_0,29,2,4,"[2, 2, 1, 1]",1,False,False,4940536943502087,4940536945131652,9437184,1.570304036140442,False
scale_8_rank,29,2,4,"[2, 2, 2, 2]",1,False,False,4940536957022133,4940536960216030,18874368,3.124095916748047,False
scale_62_group,29,2,4,"[15, 16, 15, 16]",1,False,False,4940536970479154,4940536993689482,141557760,23.145151138305664,False
scale_14_group,29,2,4,"[3, 4, 3, 4]",1,False,False,4940537004805584,4940537009544137,28311552,4.67471981048584,False
concurrency_4_group,29,2,4,"[3, 4, 3, 4]",4,False,False,4940537020633594,4940537025425808,28311552,4.690464019775391,False
concurrency_4_rank,29,2,4,"[4, 4, 3, 3]",4,False,False,4940537036486723,4940537041250796,28311552,4.676032066345215,False
concurrency_2_rank,29,2,4,"[4, 4, 3, 3]",2,False,False,4940537053126145,4940537057882773,28311552,4.673600196838379,False
two_pair_0_3,29,2,4,"[1, 0, 0, 1]",1,False,False,4940537069654754,4940537069746136,0,0,False
scale_10_group,29,2,4,"[2, 3, 2, 3]",1,False,False,4940537080872826,4940537084065947,18874368,3.135103940963745,False
scale_8_group,29,2,4,"[2, 2, 2, 2]",1,False,False,4940537095117637,4940537098299235,18874368,3.1268160343170166,False
scale_50_group,29,2,4,"[12, 13, 12, 13]",1,False,False,4940537108610667,4940537127167408,113246208,18.495840072631836,False
scale_2_rank,29,2,4,"[1, 1, 0, 0]",1,False,False,4940537138298273,4940537138372773,0,0,False
overlap_1,-5,2,4,"[1, 2, 1, 2]",1,False,True,4940558531026748,4940558870027906,9437184,3.032576084136963,True
overlap_0,-5,2,4,"[2, 2, 1, 1]",1,False,True,4940558882612552,4940558885626234,9437184,2.796031951904297,True
overlap_2,-5,2,4,"[2, 1, 2, 1]",1,False,True,4940558898026100,4940558902002674,18874368,3.7497920989990234,True
overlap_0,-4,2,4,"[2, 2, 1, 1]",1,False,True,4940558912458180,4940558915494297,9437184,2.8418240547180176,True
overlap_1,-4,2,4,"[1, 2, 1, 2]",1,False,True,4940558927628698,4940558930571910,9437184,2.7717440128326416,True
overlap_2,-4,2,4,"[2, 1, 2, 1]",1,False,True,4940558941984865,4940558945896727,18874368,3.7568960189819336,True
overlap_2,-3,2,4,"[2, 1, 2, 1]",1,False,True,4940558956389759,4940558960302031,18874368,3.761823892593384,True
overlap_1,-3,2,4,"[1, 2, 1, 2]",1,False,True,4940558970673318,4940558973598042,9437184,2.7520639896392822,True
overlap_0,-3,2,4,"[2, 2, 1, 1]",1,False,True,4940558985089513,4940558988104600,9437184,2.8501760959625244,True
overlap_2,-2,2,4,"[2, 1, 2, 1]",1,False,True,4940559000312256,4940559004238739,18874368,3.7413759231567383,True
overlap_0,-2,2,4,"[2, 2, 1, 1]",1,False,True,4940559014695438,4940559017626222,9437184,2.753119945526123,True
overlap_1,-2,2,4,"[1, 2, 1, 2]",1,False,True,4940559029948970,4940559032934975,9437184,2.793503999710083,True
overlap_1,-1,2,4,"[1, 2, 1, 2]",1,False,True,4940559044327990,4940559047240771,9437184,2.707360029220581,True
overlap_2,-1,2,4,"[2, 1, 2, 1]",1,False,True,4940559059009406,4940559062931465,18874368,3.7540481090545654,True
overlap_0,-1,2,4,"[2, 2, 1, 1]",1,False,True,4940559073467016,4940559076409705,9437184,2.770080089569092,True
overlap_0,0,2,4,"[2, 2, 1, 1]",1,False,True,4940559088639452,4940559091543240,9437184,2.7400639057159424,True
overlap_2,0,2,4,"[2, 1, 2, 1]",1,False,True,4940559103649986,4940559107564212,18874368,3.760960102081299,True
overlap_1,0,2,4,"[1, 2, 1, 2]",1,False,True,4940559117956721,4940559120891913,9437184,2.7600319385528564,True
overlap_2,1,2,4,"[2, 1, 2, 1]",1,False,True,4940559132253147,4940559136164595,18874368,3.7730560302734375,True
overlap_1,1,2,4,"[1, 2, 1, 2]",1,False,True,4940559146564058,4940559149475150,9437184,2.7531840801239014,True
overlap_0,1,2,4,"[2, 2, 1, 1]",1,False,True,4940559160834275,4940559163694988,9437184,2.6970880031585693,True
overlap_0,2,2,4,"[2, 2, 1, 1]",1,False,True,4940559175934093,4940559178840709,9437184,2.7123520374298096,True
overlap_2,2,2,4,"[2, 1, 2, 1]",1,False,True,4940559191049635,4940559194976939,18874368,3.726624011993408,True
overlap_1,2,2,4,"[1, 2, 1, 2]",1,False,True,4940559205381986,4940559208326626,9437184,2.7698240280151367,True
overlap_1,3,2,4,"[1, 2, 1, 2]",1,False,True,4940559219707990,4940559222635997,9437184,2.7670400142669678,True
overlap_2,3,2,4,"[2, 1, 2, 1]",1,False,True,4940559233950902,4940559237848808,18874368,3.7816319465637207,True
overlap_0,3,2,4,"[2, 2, 1, 1]",1,False,True,4940559248266649,4940559251202914,9437184,2.82096004486084,True
overlap_0,4,2,4,"[2, 2, 1, 1]",1,False,True,4940559263297036,4940559266217375,9437184,2.745471954345703,True
overlap_1,4,2,4,"[1, 2, 1, 2]",1,False,True,4940559278342222,4940559281232460,9437184,2.7251200675964355,True
overlap_2,4,2,4,"[2, 1, 2, 1]",1,False,True,4940559292738810,4940559296654382,18874368,3.7883520126342773,True
overlap_1,5,2,4,"[1, 2, 1, 2]",1,False,True,4940559307067159,4940559310032500,9437184,2.816927909851074,True
overlap_2,5,2,4,"[2, 1, 2, 1]",1,False,True,4940559321369892,4940559325265813,18874368,3.7704319953918457,True
overlap_0,5,2,4,"[2, 2, 1, 1]",1,False,True,4940559335703973,4940559338573486,9437184,2.670975923538208,True
overlap_2,6,2,4,"[2, 1, 2, 1]",1,False,True,4940559350814400,4940559354752008,18874368,3.794015884399414,True
overlap_0,6,2,4,"[2, 2, 1, 1]",1,False,True,4940559365071467,4940559367942146,9437184,2.7320640087127686,True
overlap_1,6,2,4,"[1, 2, 1, 2]",1,False,True,4940559380192776,4940559383226356,9437184,2.870975971221924,True
overlap_0,7,2,4,"[2, 2, 1, 1]",1,False,True,4940559394411586,4940559397224285,9437184,2.664544105529785,True
overlap_2,7,2,4,"[2, 1, 2, 1]",1,False,True,4940559409456587,4940559413364869,18874368,3.7717440128326416,True
overlap_1,7,2,4,"[1, 2, 1, 2]",1,False,True,4940559423746698,4940559426670106,9437184,2.7905919551849365,True
overlap_0,8,2,4,"[2, 2, 1, 1]",1,False,True,4940559438012265,4940559440912210,9437184,2.7673280239105225,True
overlap_2,8,2,4,"[2, 1, 2, 1]",1,False,True,4940559453130751,4940559457046534,18874368,3.7753279209136963,True
overlap_1,8,2,4,"[1, 2, 1, 2]",1,False,True,4940559467419515,4940559470275159,9437184,2.696255922317505,True
overlap_0,9,2,4,"[2, 2, 1, 1]",1,False,True,4940559481686618,4940559484656106,9437184,2.830751895904541,True
overlap_2,9,2,4,"[2, 1, 2, 1]",1,False,True,4940559496749086,4940559500672527,18874368,3.766848087310791,True
overlap_1,9,2,4,"[1, 2, 1, 2]",1,False,True,4940559511012706,4940559513951422,9437184,2.787616014480591,True
overlap_2,10,2,4,"[2, 1, 2, 1]",1,False,True,4940559525334741,4940559529249614,18874368,3.790015935897827,True
overlap_0,10,2,4,"[2, 2, 1, 1]",1,False,True,4940559539692512,4940559542577645,9437184,2.7520320415496826,True
overlap_1,10,2,4,"[1, 2, 1, 2]",1,False,True,4940559554797955,4940559557743823,9437184,2.8087680339813232,True
overlap_0,11,2,4,"[2, 2, 1, 1]",1,False,True,4940559569074313,4940559572057933,9437184,2.8324480056762695,True
overlap_1,11,2,4,"[1, 2, 1, 2]",1,False,True,4940559584238418,4940559587094545,9437184,2.675935983657837,True
overlap_2,11,2,4,"[2, 1, 2, 1]",1,False,True,4940559598473960,4940559602398045,18874368,3.78873610496521,True
overlap_0,12,2,4,"[2, 2, 1, 1]",1,False,True,4940559612796920,4940559615719904,9437184,2.778815984725952,True
overlap_1,12,2,4,"[1, 2, 1, 2]",1,False,True,4940559627907673,4940559630840375,9437184,2.7406399250030518,True
overlap_2,12,2,4,"[2, 1, 2, 1]",1,False,True,4940559642132984,4940559646037468,18874368,3.758336067199707,True
overlap_2,13,2,4,"[2, 1, 2, 1]",1,False,True,4940559656409038,4940559660326292,18874368,3.7771520614624023,True
overlap_0,13,2,4,"[2, 2, 1, 1]",1,False,True,4940559670746729,4940559673656474,9437184,2.7016639709472656,True
overlap_1,13,2,4,"[1, 2, 1, 2]",1,False,True,4940559685922599,4940559688866028,9437184,2.7338879108428955,True
overlap_0,14,2,4,"[2, 2, 1, 1]",1,False,True,4940559700263849,4940559703189408,9437184,2.7475199699401855,True
overlap_1,14,2,4,"[1, 2, 1, 2]",1,False,True,4940559715306343,4940559718283696,9437184,2.8138880729675293,True
overlap_2,14,2,4,"[2, 1, 2, 1]",1,False,True,4940559729556506,4940559733457879,18874368,3.774912118911743,True
overlap_2,15,2,4,"[2, 1, 2, 1]",1,False,True,4940559743797270,4940559747694393,18874368,3.7694718837738037,True
overlap_0,15,2,4,"[2, 2, 1, 1]",1,False,True,4940559758044454,4940559761000426,9437184,2.805824041366577,True
overlap_1,15,2,4,"[1, 2, 1, 2]",1,False,True,4940559773166024,4940559776084187,9437184,2.745055913925171,True
overlap_2,16,2,4,"[2, 1, 2, 1]",1,False,True,4940559787410327,4940559791317339,18874368,3.766239881515503,True
overlap_1,16,2,4,"[1, 2, 1, 2]",1,False,True,4940559801680387,4940559804584132,9437184,2.761823892593384,True
overlap_0,16,2,4,"[2, 2, 1, 1]",1,False,True,4940559815893527,4940559818822846,9437184,2.789088010787964,True
overlap_2,17,2,4,"[2, 1, 2, 1]",1,False,True,4940559830891228,4940559834791399,18874368,3.7719359397888184,True
overlap_0,17,2,4,"[2, 2, 1, 1]",1,False,True,4940559845162849,4940559848007228,9437184,2.6903040409088135,True
overlap_1,17,2,4,"[1, 2, 1, 2]",1,False,True,4940559860238028,4940559863127915,9437184,2.6918399333953857,True
overlap_2,18,2,4,"[2, 1, 2, 1]",1,False,True,4940559874509782,4940559878439745,18874368,3.7719039916992188,True
overlap_1,18,2,4,"[1, 2, 1, 2]",1,False,True,4940559888784742,4940559891684283,9437184,2.7287039756774902,True
overlap_0,18,2,4,"[2, 2, 1, 1]",1,False,True,4940559903042511,4940559905895375,9437184,2.6967999935150146,True
overlap_2,19,2,4,"[2, 1, 2, 1]",1,False,True,4940559918157438,4940559922112713,18874368,3.7999680042266846,True
overlap_0,19,2,4,"[2, 2, 1, 1]",1,False,True,4940559932478813,4940559935331294,9437184,2.6862080097198486,True
overlap_1,19,2,4,"[1, 2, 1, 2]",1,False,True,4940559947622617,4940559950537123,9437184,2.7517759799957275,True
overlap_2,20,2,4,"[2, 1, 2, 1]",1,False,True,4940559961975512,4940559965885685,18874368,3.759488105773926,True
overlap_1,20,2,4,"[1, 2, 1, 2]",1,False,True,4940559976239876,4940559979108973,9437184,2.725696086883545,True
overlap_0,20,2,4,"[2, 2, 1, 1]",1,False,True,4940559990444471,4940559993264631,9437184,2.6668479442596436,True
overlap_1,21,2,4,"[1, 2, 1, 2]",1,False,True,4940560005597458,4940560008522505,9437184,2.7662079334259033,True
overlap_0,21,2,4,"[2, 2, 1, 1]",1,False,True,4940560019877059,4940560022841820,9437184,2.8199679851531982,True
overlap_2,21,2,4,"[2, 1, 2, 1]",1,False,True,4940560034868056,4940560038780130,18874368,3.7855679988861084,True
overlap_2,22,2,4,"[2, 1, 2, 1]",1,False,True,4940560049211798,4940560053106144,18874368,3.7795519828796387,True
overlap_1,22,2,4,"[1, 2, 1, 2]",1,False,True,4940560063466123,4940560066269661,9437184,2.662463903427124,True
overlap_0,22,2,4,"[2, 2, 1, 1]",1,False,True,4940560077738323,4940560080634298,9437184,2.7428159713745117,True
overlap_0,23,2,4,"[2, 2, 1, 1]",1,False,True,4940560092868115,4940560095761167,9437184,2.739840030670166,True
overlap_1,23,2,4,"[1, 2, 1, 2]",1,False,True,4940560107926586,4940560110791160,9437184,2.7061119079589844,True
overlap_2,23,2,4,"[2, 1, 2, 1]",1,False,True,4940560122224461,4940560126109077,18874368,3.7672319412231445,True
overlap_0,24,2,4,"[2, 2, 1, 1]",1,False,True,4940560136535503,4940560139396924,9437184,2.7206718921661377,True
overlap_1,24,2,4,"[1, 2, 1, 2]",1,False,True,4940560151593121,4940560154385620,9437184,2.6462080478668213,True
overlap_2,24,2,4,"[2, 1, 2, 1]",1,False,True,4940560165780394,4940560169678124,18874368,3.7670719623565674,True
overlap_0,25,2,4,"[2, 2, 1, 1]",1,False,True,4940560180122805,4940560183082785,9437184,2.784543991088867,True
overlap_2,25,2,4,"[2, 1, 2, 1]",1,False,True,4940560195168962,4940560199058400,18874368,3.7418880462646484,True
overlap_1,25,2,4,"[1, 2, 1, 2]",1,False,True,4940560209471529,4940560212287169,9437184,2.6644480228424072,True
overlap_2,26,2,4,"[2, 1, 2, 1]",1,False,True,4940560223707630,4940560227607624,18874368,3.7701759338378906,True
overlap_1,26,2,4,"[1, 2, 1, 2]",1,False,True,4940560237997380,4940560240881427,9437184,2.736032009124756,True
overlap_0,26,2,4,"[2, 2, 1, 1]",1,False,True,4940560252221174,4940560255158010,9437184,2.790112018585205,True
overlap_2,27,2,4,"[2, 1, 2, 1]",1,False,True,4940560267278091,4940560271182694,18874368,3.783519983291626,True
overlap_0,27,2,4,"[2, 2, 1, 1]",1,False,True,4940560281520465,4940560284419166,9437184,2.746432065963745,True
overlap_1,27,2,4,"[1, 2, 1, 2]",1,False,True,4940560296626592,4940560299458967,9437184,2.6825919151306152,True
overlap_2,28,2,4,"[2, 1, 2, 1]",1,False,True,4940560310863811,4940560314772818,18874368,3.77673602104187,True
overlap_0,28,2,4,"[2, 2, 1, 1]",1,False,True,4940560325110303,4940560328018998,9437184,2.764928102493286,True
overlap_1,28,2,4,"[1, 2, 1, 2]",1,False,True,4940560340206573,4940560342988508,9437184,2.629631996154785,True
overlap_0,29,2,4,"[2, 2, 1, 1]",1,False,True,4940560354453156,4940560357276752,9437184,2.6639039516448975,True
overlap_1,29,2,4,"[1, 2, 1, 2]",1,False,True,4940560369587886,4940560372433704,9437184,2.6646080017089844,True
overlap_2,29,2,4,"[2, 1, 2, 1]",1,False,True,4940560383835556,4940560387739933,18874368,3.7531518936157227,True
scale_4_rank,-5,3,5,"[1, 1, 1, 1]",1,False,False,4940516899328466,4940516900896578,9437184,1.4637759923934937,False
concurrency_4_group,-5,3,5,"[3, 4, 3, 4]",4,False,False,4940516957512371,4940516963172366,37748736,5.448800086975098,False
scale_6_group,-5,3,5,"[1, 2, 1, 2]",1,False,False,4940516974079998,4940516976494634,18874368,2.3532159328460693,False
two_single_2,-5,3,5,"[0, 0, 2, 0]",1,False,False,4940516986989667,4940516987072489,0,0,False
two_pair_0_1,-5,3,5,"[1, 1, 0, 0]",1,False,False,4940516999077790,4940516999177863,0,0,False
two_single_1,-5,3,5,"[0, 2, 0, 0]",1,False,False,4940517011193809,4940517011295229,0,0,False
six_1,-5,3,5,"[1, 2, 1, 2]",1,False,False,4940517023326258,4940517025752431,18874368,2.366528034210205,False
scale_62_rank,-5,3,5,"[16, 16, 15, 15]",1,False,False,4940517036291076,4940517059489340,141557760,23.1496639251709,False
concurrency_2_rank,-5,3,5,"[4, 4, 3, 3]",2,False,False,4940517072573842,4940517077325307,28311552,4.656799793243408,False
two_pair_0_3,-5,3,5,"[1, 0, 0, 1]",1,False,False,4940517089414276,4940517090311487,9437184,0.827072024345398,False
concurrency_2_group,-5,3,5,"[3, 4, 3, 4]",2,False,False,4940517100787673,4940517106290520,37748736,5.430463790893555,False
scale_10_group,-5,3,5,"[2, 3, 2, 3]",1,False,False,4940517116750010,4940517120723755,28311552,3.8234879970550537,False
two_single_0,-5,3,5,"[2, 0, 0, 0]",1,False,False,4940517131389803,4940517131518155,0,0,False
scale_8_rank,-5,3,5,"[2, 2, 2, 2]",1,False,False,4940517143447742,4940517146627643,18874368,3.100287914276123,False
six_3,-5,3,5,"[1, 1, 2, 2]",1,False,False,4940517157116359,4940517160264640,18874368,3.0930240154266357,False
scale_2_group,-5,3,5,"[0, 1, 0, 1]",1,False,False,4940517170742425,4940517171654867,9437184,0.8499839901924133,False
scale_6_rank,-5,3,5,"[2, 2, 1, 1]",1,False,False,4940517182160233,4940517183814412,9437184,1.5854079723358154,False
concurrency_4_rank,-5,3,5,"[4, 4, 3, 3]",4,False,False,4940517195957122,4940517200755907,28311552,4.665311813354492,False
scale_4_group,-5,3,5,"[1, 1, 1, 1]",1,False,False,4940517212819971,4940517214479182,9437184,1.5887360572814941,False
two_pair_2_3,-5,3,5,"[0, 0, 1, 1]",1,False,False,4940517224999000,4940517226630132,9437184,1.5765119791030884,False
six_0,-5,3,5,"[2, 2, 1, 1]",1,False,False,4940517237193286,4940517238839254,9437184,1.5831999778747559,False
scale_10_rank,-5,3,5,"[3, 3, 2, 2]",1,False,False,4940517250730598,4940517253897496,18874368,3.1187520027160645,False
remote_1,-5,3,5,"[1, 2, 1, 2]",1,True,False,4940517265956853,4940517268389196,18874368,2.3602240085601807,False
scale_14_rank,-5,3,5,"[4, 4, 3, 3]",1,False,False,4940517278832705,4940517283476314,28311552,4.583168029785156,False
remote_0,-5,3,5,"[2, 2, 1, 1]",1,True,False,4940517295574764,4940517297189971,9437184,1.5428160429000854,False
scale_2_rank,-5,3,5,"[1, 1, 0, 0]",1,False,False,4940517309232283,4940517309316664,0,0,False
two_single_3,-5,3,5,"[0, 0, 0, 2]",1,False,False,4940517321284939,4940517322950515,18874368,1.5987839698791504,False
two_pair_1_2,-5,3,5,"[0, 1, 1, 0]",1,False,False,4940517333380585,4940517333457641,0,0,False
scale_14_group,-5,3,5,"[3, 4, 3, 4]",1,False,False,4940517344706244,4940517350198460,37748736,5.431295871734619,False
scale_50_group,-5,3,5,"[12, 13, 12, 13]",1,False,False,4940517360700927,4940517380052257,122683392,19.289823532104492,False
scale_50_rank,-5,3,5,"[13, 13, 12, 12]",1,False,False,4940517391105482,4940517409672663,113246208,18.50979232788086,False
remote_2,-5,3,5,"[1, 1, 0, 0]",1,True,False,4940517422296419,4940517422381847,0,0,False
remote_3,-5,3,5,"[1, 0, 1, 0]",1,True,False,4940517434465266,4940517434583238,0,0,False
two_pair_0_2,-5,3,5,"[1, 0, 1, 0]",1,False,False,4940517445820464,4940517445914437,0,0,False
scale_8_group,-5,3,5,"[2, 2, 2, 2]",1,False,False,4940517457060893,4940517460246698,18874368,3.1403520107269287,False
two_pair_1_3,-5,3,5,"[0, 1, 0, 1]",1,False,False,4940517470718816,4940517471594536,9437184,0.8242239952087402,False
scale_62_group,-5,3,5,"[15, 16, 15, 16]",1,False,False,4940517482044145,4940517505999666,150994944,23.904735565185547,False
six_2,-5,3,5,"[2, 1, 2, 1]",1,False,False,4940517519990809,4940517521639919,9437184,1.5819200277328491,False
two_pair_1_2,-4,3,5,"[0, 1, 1, 0]",1,False,False,4940517532947418,4940517533031365,0,0,False
two_single_1,-4,3,5,"[0, 2, 0, 0]",1,False,False,4940517544375836,4940517544484560,0,0,False
six_0,-4,3,5,"[2, 2, 1, 1]",1,False,False,4940517556577900,4940517558246227,9437184,1.6042239665985107,False
two_pair_0_2,-4,3,5,"[1, 0, 1, 0]",1,False,False,4940517570250435,4940517570347093,0,0,False
remote_2,-4,3,5,"[1, 1, 0, 0]",1,True,False,4940517581565431,4940517581650402,0,0,False
two_pair_0_1,-4,3,5,"[1, 1, 0, 0]",1,False,False,4940517593658395,4940517593747622,0,0,False
scale_6_group,-4,3,5,"[1, 2, 1, 2]",1,False,False,4940517605656797,4940517608082604,18874368,2.36627197265625,False
concurrency_2_rank,-4,3,5,"[4, 4, 3, 3]",2,False,False,4940517618466911,4940517623219593,28311552,4.671199798583984,False
scale_8_rank,-4,3,5,"[2, 2, 2, 2]",1,False,False,4940517635196240,4940517638405095,18874368,3.1356160640716553,False
two_pair_1_3,-4,3,5,"[0, 1, 0, 1]",1,False,False,4940517648871359,4940517649743257,9437184,0.8192960023880005,False
scale_10_rank,-4,3,5,"[3, 3, 2, 2]",1,False,False,4940517660180419,4940517663336139,18874368,3.0977280139923096,False
scale_2_rank,-4,3,5,"[1, 1, 0, 0]",1,False,False,4940517675285537,4940517675375293,0,0,False
two_single_0,-4,3,5,"[2, 0, 0, 0]",1,False,False,4940517687411339,4940517687496552,0,0,False
two_pair_2_3,-4,3,5,"[0, 0, 1, 1]",1,False,False,4940517699563444,4940517701198317,9437184,1.5730880498886108,False
scale_50_group,-4,3,5,"[12, 13, 12, 13]",1,False,False,4940517711759690,4940517731109139,122683392,19.29849624633789,False
scale_4_rank,-4,3,5,"[1, 1, 1, 1]",1,False,False,4940517742226509,4940517743882539,9437184,1.59552001953125,False
scale_14_rank,-4,3,5,"[4, 4, 3, 3]",1,False,False,4940517754345549,4940517759052651,28311552,4.657919883728027,False
scale_62_rank,-4,3,5,"[16, 16, 15, 15]",1,False,False,4940517771095359,4940517794301153,141557760,23.155136108398438,False
two_single_3,-4,3,5,"[0, 0, 0, 2]",1,False,False,4940517807130506,4940517808778935,18874368,1.5894720554351807,False
concurrency_4_group,-4,3,5,"[3, 4, 3, 4]",4,False,False,4940517819264169,4940517824898505,37748736,3.8650240898132324,False
scale_14_group,-4,3,5,"[3, 4, 3, 4]",1,False,False,4940517835700755,4940517841198376,37748736,5.439680099487305,False
six_3,-4,3,5,"[1, 1, 2, 2]",1,False,False,4940517851639927,4940517854808531,18874368,3.1147520542144775,False
six_1,-4,3,5,"[1, 2, 1, 2]",1,False,False,4940517865433918,4940517867830940,18874368,2.349152088165283,False
remote_0,-4,3,5,"[2, 2, 1, 1]",1,True,False,4940517878312121,4940517879942335,9437184,1.5800960063934326,False
scale_6_rank,-4,3,5,"[2, 2, 1, 1]",1,False,False,4940517891965923,4940517893620019,9437184,1.5888320207595825,False
scale_4_group,-4,3,5,"[1, 1, 1, 1]",1,False,False,4940517905502606,4940517907142261,9437184,1.5741759538650513,False
scale_2_group,-4,3,5,"[0, 1, 0, 1]",1,False,False,4940517917829433,4940517918694478,9437184,0.8159040212631226,False
two_pair_0_3,-4,3,5,"[1, 0, 0, 1]",1,False,False,4940517929197046,4940517930051439,9437184,0.8122559785842896,False
remote_3,-4,3,5,"[1, 0, 1, 0]",1,True,False,4940517940503091,4940517940582718,0,0,False
two_single_2,-4,3,5,"[0, 0, 2, 0]",1,False,False,4940517951820647,4940517951916889,0,0,False
concurrency_4_rank,-4,3,5,"[4, 4, 3, 3]",4,False,False,4940517964066200,4940517968828805,28311552,4.647264003753662,False
scale_50_rank,-4,3,5,"[13, 13, 12, 12]",1,False,False,4940517980938781,4940517999535562,113246208,18.523359298706055,False
concurrency_2_group,-4,3,5,"[3, 4, 3, 4]",2,False,False,4940518012096815,4940518017626716,37748736,5.443840026855469,False
six_2,-4,3,5,"[2, 1, 2, 1]",1,False,False,4940518028222453,4940518029877140,9437184,1.5900160074234009,False
scale_8_group,-4,3,5,"[2, 2, 2, 2]",1,False,False,4940518041040908,4940518044209287,18874368,3.1189119815826416,False
scale_10_group,-4,3,5,"[2, 3, 2, 3]",1,False,False,4940518054658852,4940518058610289,28311552,3.899775981903076,False
scale_62_group,-4,3,5,"[15, 16, 15, 16]",1,False,False,4940518069062905,4940518093009691,150994944,23.90287971496582,False
remote_1,-4,3,5,"[1, 2, 1, 2]",1,True,False,4940518104168757,4940518106565363,18874368,2.3516480922698975,False
scale_10_group,-3,3,5,"[2, 3, 2, 3]",1,False,False,4940518117120881,4940518121083745,28311552,3.8992960453033447,False
scale_2_rank,-3,3,5,"[1, 1, 0, 0]",1,False,False,4940518131558964,4940518131648437,0,0,False
scale_50_rank,-3,3,5,"[13, 13, 12, 12]",1,False,False,4940518143653394,4940518162256654,113246208,18.505983352661133,False
two_pair_1_3,-3,3,5,"[0, 1, 0, 1]",1,False,False,4940518174758983,4940518175692036,9437184,0.8441600203514099,False
scale_10_rank,-3,3,5,"[3, 3, 2, 2]",1,False,False,4940518186246844,4940518189451283,18874368,3.132607936859131,False
scale_2_group,-3,3,5,"[0, 1, 0, 1]",1,False,False,4940518201487227,4940518202386925,9437184,0.8304640054702759,False
six_3,-3,3,5,"[1, 1, 2, 2]",1,False,False,4940518212904075,4940518216061922,18874368,3.1026880741119385,False
two_pair_0_2,-3,3,5,"[1, 0, 1, 0]",1,False,False,4940518226468840,4940518226555934,0,0,False
scale_62_group,-3,3,5,"[15, 16, 15, 16]",1,False,False,4940518237827436,4940518261794565,150994944,23.888063430786133,False
six_0,-3,3,5,"[2, 2, 1, 1]",1,False,False,4940518272998431,4940518274644962,9437184,1.5881279706954956,False
scale_14_group,-3,3,5,"[3, 4, 3, 4]",1,False,False,4940518286581158,4940518292056144,37748736,5.416384220123291,False
scale_50_group,-3,3,5,"[12, 13, 12, 13]",1,False,False,4940518302502349,4940518321847949,122683392,19.290271759033203,False
scale_4_group,-3,3,5,"[1, 1, 1, 1]",1,False,False,4940518332933536,4940518334570811,9437184,1.5860480070114136,False
remote_1,-3,3,5,"[1, 2, 1, 2]",1,True,False,4940518345059037,4940518347468030,18874368,2.3580799102783203,False
concurrency_4_group,-3,3,5,"[3, 4, 3, 4]",4,False,False,4940518357932691,4940518363489792,37748736,5.447167873382568,False
remote_3,-3,3,5,"[1, 0, 1, 0]",1,True,False,4940518374039202,4940518374119186,0,0,False
two_pair_1_2,-3,3,5,"[0, 1, 1, 0]",1,False,False,4940518385329387,4940518385389263,0,0,False
six_2,-3,3,5,"[2, 1, 2, 1]",1,False,False,4940518396684201,4940518398322703,9437184,1.5884480476379395,False
scale_6_rank,-3,3,5,"[2, 2, 1, 1]",1,False,False,4940518409537326,4940518411161359,9437184,1.5762879848480225,False
two_pair_0_1,-3,3,5,"[1, 1, 0, 0]",1,False,False,4940518423108862,4940518423220772,0,0,False
remote_2,-3,3,5,"[1, 1, 0, 0]",1,True,False,4940518435145346,4940518435265269,0,0,False
scale_62_rank,-3,3,5,"[16, 16, 15, 15]",1,False,False,4940518447115386,4940518470352770,141557760,23.174528121948242,False
two_single_2,-3,3,5,"[0, 0, 2, 0]",1,False,False,4940518482944942,4940518483014348,0,0,False
concurrency_2_rank,-3,3,5,"[4, 4, 3, 3]",2,False,False,4940518494951599,4940518499671811,28311552,4.658783912658691,False
scale_6_group,-3,3,5,"[1, 2, 1, 2]",1,False,False,4940518511801227,4940518514212280,18874368,2.361248016357422,False
concurrency_4_rank,-3,3,5,"[4, 4, 3, 3]",4,False,False,4940518524678991,4940518529439356,28311552,4.6684160232543945,False
two_pair_2_3,-3,3,5,"[0, 0, 1, 1]",1,False,False,4940518541440105,4940518543098539,9437184,1.5930559635162354,False
two_pair_0_3,-3,3,5,"[1, 0, 0, 1]",1,False,False,4940518553651414,4940518554520060,9437184,0.819487988948822,False
two_single_3,-3,3,5,"[0, 0, 0, 2]",1,False,False,4940518565066600,4940518566716970,18874368,1.5940159559249878,False
concurrency_2_group,-3,3,5,"[3, 4, 3, 4]",2,False,False,4940518577243145,4940518582744864,37748736,5.437664031982422,False
scale_4_rank,-3,3,5,"[1, 1, 1, 1]",1,False,False,4940518593255571,4940518594886907,9437184,1.5806080102920532,False
scale_8_group,-3,3,5,"[2, 2, 2, 2]",1,False,False,4940518605296089,4940518608466719,18874368,3.124160051345825,False
scale_14_rank,-3,3,5,"[4, 4, 3, 3]",1,False,False,4940518618816968,4940518623521072,28311552,4.653439998626709,False
two_single_0,-3,3,5,"[2, 0, 0, 0]",1,False,False,4940518635521677,4940518635609351,0,0,False
two_single_1,-3,3,5,"[0, 2, 0, 0]",1,False,False,4940518647648377,4940518647733278,0,0,False
remote_0,-3,3,5,"[2, 2, 1, 1]",1,True,False,4940518659822456,4940518661482102,9437184,1.5954879522323608,False
scale_8_rank,-3,3,5,"[2, 2, 2, 2]",1,False,False,4940518673461389,4940518676646935,18874368,3.1262080669403076,False
six_1,-3,3,5,"[1, 2, 1, 2]",1,False,False,4940518687103701,4940518689512796,18874368,2.3580799102783203,False
concurrency_4_group,-2,3,5,"[3, 4, 3, 4]",4,False,False,4940518699973267,4940518705528996,37748736,5.439487934112549,False
scale_2_group,-2,3,5,"[0, 1, 0, 1]",1,False,False,4940518715956971,4940518716834361,9437184,0.8201599717140198,False
six_2,-2,3,5,"[2, 1, 2, 1]",1,False,False,4940518727290422,4940518728918774,9437184,1.5696640014648438,False
remote_1,-2,3,5,"[1, 2, 1, 2]",1,True,False,4940518740186960,4940518742600072,18874368,2.359328031539917,False
concurrency_2_rank,-2,3,5,"[4, 4, 3, 3]",2,False,False,4940518753025822,4940518757712037,28311552,4.606751918792725,False
scale_62_group,-2,3,5,"[15, 16, 15, 16]",1,False,False,4940518769865086,4940518793814334,150994944,23.88719940185547,False
two_pair_0_3,-2,3,5,"[1, 0, 0, 1]",1,False,False,4940518804954798,4940518805821095,9437184,0.8160319924354553,False
two_single_0,-2,3,5,"[2, 0, 0, 0]",1,False,False,4940518816222293,4940518816296141,0,0,False
scale_62_rank,-2,3,5,"[16, 16, 15, 15]",1,False,False,4940518828272328,4940518851526773,141557760,23.171104431152344,False
scale_4_group,-2,3,5,"[1, 1, 1, 1]",1,False,False,4940518864222264,4940518865879670,9437184,1.5926400423049927,False
scale_6_group,-2,3,5,"[1, 2, 1, 2]",1,False,False,4940518876338125,4940518878313485,18874368,1.9169600009918213,False
six_3,-2,3,5,"[1, 1, 2, 2]",1,False,False,4940518889140330,4940518892304686,18874368,3.110527992248535,False
two_pair_2_3,-2,3,5,"[0, 0, 1, 1]",1,False,False,4940518902699826,4940518904322435,9437184,1.571552038192749,False
remote_0,-2,3,5,"[2, 2, 1, 1]",1,True,False,4940518914672916,4940518916296795,9437184,1.5720640420913696,False
two_single_3,-2,3,5,"[0, 0, 0, 2]",1,False,False,4940518928238643,4940518929898542,18874368,1.5928640365600586,False
scale_14_rank,-2,3,5,"[4, 4, 3, 3]",1,False,False,4940518940421598,4940518945122268,28311552,4.648064136505127,False
scale_2_rank,-2,3,5,"[1, 1, 0, 0]",1,False,False,4940518957158131,4940518957242160,0,0,False
six_1,-2,3,5,"[1, 2, 1, 2]",1,False,False,4940518969232683,4940518971652547,18874368,2.3604159355163574,False
remote_2,-2,3,5,"[1, 1, 0, 0]",1,True,False,4940518982130484,4940518982203193,0,0,False
scale_6_rank,-2,3,5,"[2, 2, 1, 1]",1,False,False,4940518994261089,4940518995918788,9437184,1.591040015220642,False
scale_8_rank,-2,3,5,"[2, 2, 2, 2]",1,False,False,4940519007846097,4940519010876526,18874368,2.9677441120147705,False
two_pair_0_1,-2,3,5,"[1, 1, 0, 0]",1,False,False,4940519021539240,4940519021619997,0,0,False
two_single_1,-2,3,5,"[0, 2, 0, 0]",1,False,False,4940519033560409,4940519033655524,0,0,False
scale_10_rank,-2,3,5,"[3, 3, 2, 2]",1,False,False,4940519045694581,4940519049522088,18874368,3.1170239448547363,False
scale_4_rank,-2,3,5,"[1, 1, 1, 1]",1,False,False,4940519060852538,4940519062514116,9437184,1.589311957359314,False
scale_8_group,-2,3,5,"[2, 2, 2, 2]",1,False,False,4940519072964012,4940519076146622,18874368,3.1243200302124023,False
six_0,-2,3,5,"[2, 2, 1, 1]",1,False,False,4940519086598489,4940519088244265,9437184,1.5861760377883911,False
concurrency_4_rank,-2,3,5,"[4, 4, 3, 3]",4,False,False,4940519100142692,4940519104909273,28311552,4.658527851104736,False
scale_50_group,-2,3,5,"[12, 13, 12, 13]",1,False,False,4940519116941025,4940519136250318,122683392,19.24825668334961,False
scale_50_rank,-2,3,5,"[13, 13, 12, 12]",1,False,False,4940519147303027,4940519165838882,113246208,18.474655151367188,False
two_pair_0_2,-2,3,5,"[1, 0, 1, 0]",1,False,False,4940519178371944,4940519178476560,0,0,False
remote_3,-2,3,5,"[1, 0, 1, 0]",1,True,False,4940519189717498,4940519189802809,0,0,False
scale_10_group,-2,3,5,"[2, 3, 2, 3]",1,False,False,4940519201000504,4940519204946425,28311552,3.8899199962615967,False
two_single_2,-2,3,5,"[0, 0, 2, 0]",1,False,False,4940519215442759,4940519215525260,0,0,False
two_pair_1_3,-2,3,5,"[0, 1, 0, 1]",1,False,False,4940519227555847,4940519228446656,9437184,0.8316479921340942,False
two_pair_1_2,-2,3,5,"[0, 1, 1, 0]",1,False,False,4940519238997060,4940519239084285,0,0,False
scale_14_group,-2,3,5,"[3, 4, 3, 4]",1,False,False,4940519250290682,4940519255774141,37748736,5.416895866394043,False
concurrency_2_group,-2,3,5,"[3, 4, 3, 4]",2,False,False,4940519266333478,4940519271826915,37748736,5.424543857574463,False
scale_50_group,-1,3,5,"[12, 13, 12, 13]",1,False,False,4940519282305972,4940519301601808,122683392,19.24505615234375,False
two_single_0,-1,3,5,"[2, 0, 0, 0]",1,False,False,4940519312680746,4940519312758942,0,0,False
six_3,-1,3,5,"[1, 1, 2, 2]",1,False,False,4940519324824186,4940519328064113,18874368,3.1502718925476074,False
remote_1,-1,3,5,"[1, 2, 1, 2]",1,True,False,4940519338620178,4940519341046877,18874368,2.367583990097046,False
six_1,-1,3,5,"[1, 2, 1, 2]",1,False,False,4940519351633075,4940519354051357,18874368,2.3613440990448,False
six_2,-1,3,5,"[2, 1, 2, 1]",1,False,False,4940519364663736,4940519366306474,9437184,1.5870720148086548,False
two_pair_0_1,-1,3,5,"[1, 1, 0, 0]",1,False,False,4940519377531245,4940519377611362,0,0,False
two_pair_0_3,-1,3,5,"[1, 0, 0, 1]",1,False,False,4940519389604666,4940519390531647,9437184,0.8406720161437988,False
scale_4_rank,-1,3,5,"[1, 1, 1, 1]",1,False,False,4940519401013431,4940519402632072,9437184,1.5632319450378418,False
six_0,-1,3,5,"[2, 2, 1, 1]",1,False,False,4940519413091629,4940519414724363,9437184,1.5876799821853638,False
scale_6_rank,-1,3,5,"[2, 2, 1, 1]",1,False,False,4940519426640183,4940519428294554,9437184,1.5979520082473755,False
scale_6_group,-1,3,5,"[1, 2, 1, 2]",1,False,False,4940519440236542,4940519442636010,18874368,2.352224111557007,False
two_pair_1_3,-1,3,5,"[0, 1, 0, 1]",1,False,False,4940519453094853,4940519453994472,9437184,0.8263360261917114,False
two_pair_0_2,-1,3,5,"[1, 0, 1, 0]",1,False,False,4940519464480183,4940519464547204,0,0,False
scale_8_group,-1,3,5,"[2, 2, 2, 2]",1,False,False,4940519475780217,4940519478943599,18874368,3.09987211227417,False
two_pair_2_3,-1,3,5,"[0, 0, 1, 1]",1,False,False,4940519489405054,4940519491040002,9437184,1.581055998802185,False
concurrency_4_group,-1,3,5,"[3, 4, 3, 4]",4,False,False,4940519501585333,4940519507126725,37748736,5.432864189147949,False
two_single_2,-1,3,5,"[0, 0, 2, 0]",1,False,False,4940519517648395,4940519517718523,0,0,False
scale_50_rank,-1,3,5,"[13, 13, 12, 12]",1,False,False,4940519529839013,4940519548430612,113246208,18.516639709472656,False
scale_8_rank,-1,3,5,"[2, 2, 2, 2]",1,False,False,4940519560999968,4940519564196917,18874368,3.1176960468292236,False
remote_3,-1,3,5,"[1, 0, 1, 0]",1,True,False,4940519574661288,4940519574741260,0,0,False
two_single_3,-1,3,5,"[0, 0, 0, 2]",1,False,False,4940519585943701,4940519587595297,18874368,1.5982400178909302,False
remote_2,-1,3,5,"[1, 1, 0, 0]",1,True,False,4940519598062509,4940519598142365,0,0,False
scale_4_group,-1,3,5,"[1, 1, 1, 1]",1,False,False,4940519610224955,4940519611881334,9437184,1.5959680080413818,False
two_pair_1_2,-1,3,5,"[0, 1, 1, 0]",1,False,False,4940519622296195,4940519622379523,0,0,False
scale_62_group,-1,3,5,"[15, 16, 15, 16]",1,False,False,4940519633546180,4940519657460712,150994944,23.850624084472656,False
scale_10_group,-1,3,5,"[2, 3, 2, 3]",1,False,False,4940519668641232,4940519672597588,28311552,3.8815999031066895,False
scale_10_rank,-1,3,5,"[3, 3, 2, 2]",1,False,False,4940519683073129,4940519686247202,18874368,3.1122560501098633,False
scale_2_rank,-1,3,5,"[1, 1, 0, 0]",1,False,False,4940519698212914,4940519698314687,0,0,False
remote_0,-1,3,5,"[2, 2, 1, 1]",1,True,False,4940519710239745,4940519711866017,9437184,1.5778559446334839,False
concurrency_4_rank,-1,3,5,"[4, 4, 3, 3]",4,False,False,4940519723768288,4940519728571957,28311552,4.685279846191406,False
scale_14_group,-1,3,5,"[3, 4, 3, 4]",1,False,False,4940519740456506,4940519745947472,37748736,5.428256034851074,False
two_single_1,-1,3,5,"[0, 2, 0, 0]",1,False,False,4940519756425005,4940519756498528,0,0,False
concurrency_2_group,-1,3,5,"[3, 4, 3, 4]",2,False,False,4940519768413661,4940519773899732,37748736,5.415840148925781,False
scale_62_rank,-1,3,5,"[16, 16, 15, 15]",1,False,False,4940519784298479,4940519807423603,141557760,23.063199996948242,False
scale_14_rank,-1,3,5,"[4, 4, 3, 3]",1,False,False,4940519820143056,4940519824883555,28311552,4.669216156005859,False
concurrency_2_rank,-1,3,5,"[4, 4, 3, 3]",2,False,False,4940519836773153,4940519841515159,28311552,4.656191825866699,False
scale_2_group,-1,3,5,"[0, 1, 0, 1]",1,False,False,4940519853380099,4940519854313845,9437184,0.846015989780426,False
two_single_2,0,3,5,"[0, 0, 2, 0]",1,False,False,4940519864857191,4940519864933804,0,0,False
six_1,0,3,5,"[1, 2, 1, 2]",1,False,False,4940519877032588,4940519879442883,18874368,2.337536096572876,False
scale_14_rank,0,3,5,"[4, 4, 3, 3]",1,False,False,4940519889743939,4940519894437510,28311552,4.642335891723633,False
six_0,0,3,5,"[2, 2, 1, 1]",1,False,False,4940519906246373,4940519907886235,9437184,1.5781760215759277,False
concurrency_2_rank,0,3,5,"[4, 4, 3, 3]",2,False,False,4940519919677059,4940519924444985,28311552,4.67193603515625,False
concurrency_4_rank,0,3,5,"[4, 4, 3, 3]",4,False,False,4940519936203899,4940519940979189,28311552,4.665823936462402,False
two_pair_0_3,0,3,5,"[1, 0, 0, 1]",1,False,False,4940519952843579,4940519953727178,9437184,0.8211519718170166,False
scale_6_group,0,3,5,"[1, 2, 1, 2]",1,False,False,4940519963973307,4940519966364208,18874368,2.3474879264831543,False
scale_2_group,0,3,5,"[0, 1, 0, 1]",1,False,False,4940519976651649,4940519977501735,9437184,0.8095359802246094,False
scale_62_rank,0,3,5,"[16, 16, 15, 15]",1,False,False,4940519987760923,4940520010372578,141557760,22.56528091430664,False
scale_50_group,0,3,5,"[12, 13, 12, 13]",1,False,False,4940520022804212,4940520042129064,122683392,19.270687103271484,False
scale_8_rank,0,3,5,"[2, 2, 2, 2]",1,False,False,4940520052626396,4940520055810909,18874368,3.12937593460083,False
concurrency_2_group,0,3,5,"[3, 4, 3, 4]",2,False,False,4940520066115225,4940520071650121,37748736,5.4521918296813965,False
two_single_3,0,3,5,"[0, 0, 0, 2]",1,False,False,4940520081932628,4940520083565285,18874368,1.585055947303772,False
remote_2,0,3,5,"[1, 1, 0, 0]",1,True,False,4940520094077071,4940520094143098,0,0,False
two_pair_1_2,0,3,5,"[0, 1, 1, 0]",1,False,False,4940520106091118,4940520106182410,0,0,False
remote_1,0,3,5,"[1, 2, 1, 2]",1,True,False,4940520117268071,4940520119688944,18874368,2.3624000549316406,False
two_pair_2_3,0,3,5,"[0, 0, 1, 1]",1,False,False,4940520129968848,4940520131601761,9437184,1.5797120332717896,False
six_2,0,3,5,"[2, 1, 2, 1]",1,False,False,4940520142057844,4940520143945651,9437184,1.6457279920578003,False
scale_4_group,0,3,5,"[1, 1, 1, 1]",1,False,False,4940520154708438,4940520156373202,9437184,1.5807679891586304,False
six_3,0,3,5,"[1, 1, 2, 2]",1,False,False,4940520166698808,4940520169886451,18874368,3.12937593460083,False
scale_4_rank,0,3,5,"[1, 1, 1, 1]",1,False,False,4940520180293681,4940520181942860,9437184,1.589951992034912,False
scale_6_rank,0,3,5,"[2, 2, 1, 1]",1,False,False,4940520192306484,4940520193937953,9437184,1.5811840295791626,False
concurrency_4_group,0,3,5,"[3, 4, 3, 4]",4,False,False,4940520205901507,4940520211432884,37748736,5.403295993804932,False
two_pair_0_1,0,3,5,"[1, 1, 0, 0]",1,False,False,4940520221814300,4940520221897344,0,0,False
scale_2_rank,0,3,5,"[1, 1, 0, 0]",1,False,False,4940520233814418,4940520233912974,0,0,False
scale_50_rank,0,3,5,"[13, 13, 12, 12]",1,False,False,4940520245751493,4940520264297953,113246208,18.46950340270996,False
scale_10_rank,0,3,5,"[3, 3, 2, 2]",1,False,False,4940520276165659,4940520279359903,18874368,3.1282238960266113,False
two_single_1,0,3,5,"[0, 2, 0, 0]",1,False,False,4940520291194950,4940520291282855,0,0,False
remote_3,0,3,5,"[1, 0, 1, 0]",1,True,False,4940520303095671,4940520303181984,0,0,False
scale_62_group,0,3,5,"[15, 16, 15, 16]",1,False,False,4940520314303541,4940520338211131,150994944,23.860671997070312,False
scale_14_group,0,3,5,"[3, 4, 3, 4]",1,False,False,4940520348543181,4940520354036594,37748736,5.4345598220825195,False
scale_8_group,0,3,5,"[2, 2, 2, 2]",1,False,False,4940520364380794,4940520367564115,18874368,3.1222400665283203,False
remote_0,0,3,5,"[2, 2, 1, 1]",1,True,False,4940520377914539,4940520379563370,9437184,1.5945919752120972,False
scale_10_group,0,3,5,"[2, 3, 2, 3]",1,False,False,4940520391444656,4940520395381245,28311552,3.8729920387268066,False
two_pair_1_3,0,3,5,"[0, 1, 0, 1]",1,False,False,4940520405703447,4940520406570794,9437184,0.8159040212631226,False
two_single_0,0,3,5,"[2, 0, 0, 0]",1,False,False,4940520416847308,4940520416928152,0,0,False
two_pair_0_2,0,3,5,"[1, 0, 1, 0]",1,False,False,4940520428678168,4940520428752660,0,0,False
six_1,1,3,5,"[1, 2, 1, 2]",1,False,False,4940520439987418,4940520442410460,18874368,2.363744020462036,False
concurrency_4_rank,1,3,5,"[4, 4, 3, 3]",4,False,False,4940520452694776,4940520457474705,28311552,4.67958402633667,False
scale_6_group,1,3,5,"[1, 2, 1, 2]",1,False,False,4940520469315404,4940520471734425,18874368,2.3553600311279297,False
scale_10_rank,1,3,5,"[3, 3, 2, 2]",1,False,False,4940520482121243,4940520485294477,18874368,3.1204159259796143,False
concurrency_2_rank,1,3,5,"[4, 4, 3, 3]",2,False,False,4940520497220588,4940520501962835,28311552,4.6528000831604,False
six_0,1,3,5,"[2, 2, 1, 1]",1,False,False,4940520513882513,4940520515538816,9437184,1.589311957359314,False
scale_2_group,1,3,5,"[0, 1, 0, 1]",1,False,False,4940520527384132,4940520528265331,9437184,0.8246080279350281,False
two_pair_0_2,1,3,5,"[1, 0, 1, 0]",1,False,False,4940520538513112,4940520538585158,0,0,False
two_single_2,1,3,5,"[0, 0, 2, 0]",1,False,False,4940520549711009,4940520549780797,0,0,False
two_single_0,1,3,5,"[2, 0, 0, 0]",1,False,False,4940520561758706,4940520561846174,0,0,False
two_pair_1_3,1,3,5,"[0, 1, 0, 1]",1,False,False,4940520573712682,4940520574602276,9437184,0.8261439800262451,False
two_single_1,1,3,5,"[0, 2, 0, 0]",1,False,False,4940520585078204,4940520585151079,0,0,False
six_2,1,3,5,"[2, 1, 2, 1]",1,False,False,4940520597142933,4940520598805858,9437184,1.5993599891662598,False
scale_10_group,1,3,5,"[2, 3, 2, 3]",1,False,False,4940520609842002,4940520613803597,28311552,3.904831886291504,False
remote_2,1,3,5,"[1, 1, 0, 0]",1,True,False,4940520624061595,4940520624135432,0,0,False
scale_8_rank,1,3,5,"[2, 2, 2, 2]",1,False,False,4940520635994678,4940520639219079,18874368,3.1424319744110107,False
remote_0,1,3,5,"[2, 2, 1, 1]",1,True,False,4940520649513933,4940520651156906,9437184,1.581279993057251,False
two_single_3,1,3,5,"[0, 0, 0, 2]",1,False,False,4940520662943718,4940520664577112,18874368,1.5822720527648926,False
scale_2_rank,1,3,5,"[1, 1, 0, 0]",1,False,False,4940520674841717,4940520674926818,0,0,False
scale_50_group,1,3,5,"[12, 13, 12, 13]",1,False,False,4940520686734723,4940520706063531,122683392,19.26140785217285,False
concurrency_2_group,1,3,5,"[3, 4, 3, 4]",2,False,False,4940520716412782,4940520721938741,37748736,5.443424224853516,False
six_3,1,3,5,"[1, 1, 2, 2]",1,False,False,4940520732288972,4940520735511861,18874368,3.158400058746338,False
remote_1,1,3,5,"[1, 2, 1, 2]",1,True,False,4940520745969093,4940520748400817,18874368,2.3666560649871826,False
two_pair_2_3,1,3,5,"[0, 0, 1, 1]",1,False,False,4940520758692933,4940520760328084,9437184,1.5780800580978394,False
scale_62_rank,1,3,5,"[16, 16, 15, 15]",1,False,False,4940520770586830,4940520793732788,141557760,23.09280014038086,False
two_pair_0_1,1,3,5,"[1, 1, 0, 0]",1,False,False,4940520805544180,4940520805630488,0,0,False
remote_3,1,3,5,"[1, 0, 1, 0]",1,True,False,4940520817479159,4940520817546862,0,0,False
scale_14_group,1,3,5,"[3, 4, 3, 4]",1,False,False,4940520828685746,4940520834157378,37748736,5.432608127593994,False
concurrency_4_group,1,3,5,"[3, 4, 3, 4]",4,False,False,4940520844455329,4940520849999465,37748736,5.435135841369629,False
scale_50_rank,1,3,5,"[13, 13, 12, 12]",1,False,False,4940520860283600,4940520878832141,113246208,17.446752548217773,False
scale_4_rank,1,3,5,"[1, 1, 1, 1]",1,False,False,4940520890682748,4940520892332231,9437184,1.5875519514083862,False
two_pair_1_2,1,3,5,"[0, 1, 1, 0]",1,False,False,4940520902597303,4940520902671413,0,0,False
scale_8_group,1,3,5,"[2, 2, 2, 2]",1,False,False,4940520913763732,4940520916931382,18874368,3.116096019744873,False
two_pair_0_3,1,3,5,"[1, 0, 0, 1]",1,False,False,4940520927199015,4940520928064551,9437184,0.815392017364502,False
scale_14_rank,1,3,5,"[4, 4, 3, 3]",1,False,False,4940520938324528,4940520943029489,28311552,4.654304027557373,False
scale_6_rank,1,3,5,"[2, 2, 1, 1]",1,False,False,4940520954823028,4940520956445056,9437184,1.5660799741744995,False
scale_62_group,1,3,5,"[15, 16, 15, 16]",1,False,False,4940520968365195,4940520992267278,150994944,23.84988784790039,False
scale_4_group,1,3,5,"[1, 1, 1, 1]",1,False,False,4940521002551432,4940521004203649,9437184,1.5880000591278076,False
scale_8_rank,2,3,5,"[2, 2, 2, 2]",1,False,False,4940521014533299,4940521017703951,18874368,3.119391918182373,False
scale_10_group,2,3,5,"[2, 3, 2, 3]",1,False,False,4940521028023194,4940521031966163,28311552,3.8908801078796387,False
two_pair_1_2,2,3,5,"[0, 1, 1, 0]",1,False,False,4940521042268536,4940521042339982,0,0,False
remote_0,2,3,5,"[2, 2, 1, 1]",1,True,False,4940521053404979,4940521055021812,9437184,1.579103946685791,False
six_0,2,3,5,"[2, 2, 1, 1]",1,False,False,4940521066881634,4940521068503594,9437184,1.5641599893569946,False
scale_8_group,2,3,5,"[2, 2, 2, 2]",1,False,False,4940521080350278,4940521083541536,18874368,3.122368097305298,False
scale_4_group,2,3,5,"[1, 1, 1, 1]",1,False,False,4940521093883663,4940521095519665,9437184,1.5825599431991577,False
concurrency_2_rank,2,3,5,"[4, 4, 3, 3]",2,False,False,4940521105855169,4940521110602422,28311552,4.665760040283203,False
two_single_2,2,3,5,"[0, 0, 2, 0]",1,False,False,4940521122360478,4940521122435322,0,0,False
six_1,2,3,5,"[1, 2, 1, 2]",1,False,False,4940521134297641,4940521136698488,18874368,2.3304319381713867,False
remote_1,2,3,5,"[1, 2, 1, 2]",1,True,False,4940521146977146,4940521149382246,18874368,2.350399971008301,False
two_pair_0_2,2,3,5,"[1, 0, 1, 0]",1,False,False,4940521159662030,4940521159736327,0,0,False
six_2,2,3,5,"[2, 1, 2, 1]",1,False,False,4940521170805282,4940521172449167,9437184,1.5880000591278076,False
scale_4_rank,2,3,5,"[1, 1, 1, 1]",1,False,False,4940521183519136,4940521185147480,9437184,1.576799988746643,False
scale_6_group,2,3,5,"[1, 2, 1, 2]",1,False,False,4940521195496295,4940521197891903,18874368,2.345088005065918,False
scale_50_group,2,3,5,"[12, 13, 12, 13]",1,False,False,4940521208173562,4940521227508347,122683392,19.27497673034668,False
two_single_0,2,3,5,"[2, 0, 0, 0]",1,False,False,4940521237808741,4940521237887640,0,0,False
scale_50_rank,2,3,5,"[13, 13, 12, 12]",1,False,False,4940521249726692,4940521268280777,113246208,18.485919952392578,False
scale_2_group,2,3,5,"[0, 1, 0, 1]",1,False,False,4940521280197597,4940521281097437,9437184,0.8316479921340942,False
remote_3,2,3,5,"[1, 0, 1, 0]",1,True,False,4940521291412294,4940521291486793,0,0,False
two_single_1,2,3,5,"[0, 2, 0, 0]",1,False,False,4940521302548824,4940521302628320,0,0,False
scale_2_rank,2,3,5,"[1, 1, 0, 0]",1,False,False,4940521314435289,4940521314506314,0,0,False
two_pair_1_3,2,3,5,"[0, 1, 0, 1]",1,False,False,4940521326301513,4940521327174993,9437184,0.8256319761276245,False
two_pair_0_1,2,3,5,"[1, 1, 0, 0]",1,False,False,4940521337497882,4940521337567166,0,0,False
concurrency_4_group,2,3,5,"[3, 4, 3, 4]",4,False,False,4940521349377075,4940521354937531,37748736,5.4273600578308105,False
scale_6_rank,2,3,5,"[2, 2, 1, 1]",1,False,False,4940521365237385,4940521366874925,9437184,1.5763200521469116,False
remote_2,2,3,5,"[1, 1, 0, 0]",1,True,False,4940521378703182,4940521378782953,0,0,False
concurrency_4_rank,2,3,5,"[4, 4, 3, 3]",4,False,False,4940521390605626,4940521395369868,28311552,4.668032169342041,False
scale_14_rank,2,3,5,"[4, 4, 3, 3]",1,False,False,4940521407188640,4940521411908780,28311552,4.658592224121094,False
scale_62_rank,2,3,5,"[16, 16, 15, 15]",1,False,False,4940521423913889,4940521447045475,141557760,23.06399917602539,False
six_3,2,3,5,"[1, 1, 2, 2]",1,False,False,4940521458932247,4940521462123208,18874368,3.131295919418335,False
scale_10_rank,2,3,5,"[3, 3, 2, 2]",1,False,False,4940521472598898,4940521475772064,18874368,3.119999885559082,False
two_pair_2_3,2,3,5,"[0, 0, 1, 1]",1,False,False,4940521487762564,4940521489446443,9437184,1.600160002708435,False
scale_14_group,2,3,5,"[3, 4, 3, 4]",1,False,False,4940521499905522,4940521505417776,37748736,5.442560195922852,False
two_single_3,2,3,5,"[0, 0, 0, 2]",1,False,False,4940521515677412,4940521517320068,18874368,1.5856959819793701,False
concurrency_2_group,2,3,5,"[3, 4, 3, 4]",2,False,False,4940521527768274,4940521533265885,37748736,5.422368049621582,False
two_pair_0_3,2,3,5,"[1, 0, 0, 1]",1,False,False,4940521543644151,4940521544511843,9437184,0.8128640055656433,False
scale_62_group,2,3,5,"[15, 16, 15, 16]",1,False,False,4940521554848422,4940521578813578,150994944,23.866783142089844,False
scale_10_rank,3,3,5,"[3, 3, 2, 2]",1,False,False,4940521589666939,4940521592859658,18874368,3.089184045791626,False
two_pair_0_3,3,3,5,"[1, 0, 0, 1]",1,False,False,4940521604625975,4940521605521502,9437184,0.825439989566803,False
scale_2_rank,3,3,5,"[1, 1, 0, 0]",1,False,False,4940521615811970,4940521615891695,0,0,False
six_3,3,3,5,"[1, 1, 2, 2]",1,False,False,4940521627817921,4940521631019957,18874368,3.119744062423706,False
scale_50_group,3,3,5,"[12, 13, 12, 13]",1,False,False,4940521641444533,4940521660773458,122683392,19.263423919677734,False
two_single_2,3,3,5,"[0, 0, 2, 0]",1,False,False,4940521671110973,4940521671191053,0,0,False
concurrency_2_group,3,3,5,"[3, 4, 3, 4]",2,False,False,4940521683086277,4940521688578933,37748736,5.376319885253906,False
scale_4_group,3,3,5,"[1, 1, 1, 1]",1,False,False,4940521698913824,4940521700554296,9437184,1.5928000211715698,False
six_0,3,3,5,"[2, 2, 1, 1]",1,False,False,4940521710892840,4940521712530811,9437184,1.5860480070114136,False
two_pair_0_2,3,3,5,"[1, 0, 1, 0]",1,False,False,4940521724344114,4940521724431705,0,0,False
remote_1,3,3,5,"[1, 2, 1, 2]",1,True,False,4940521735480103,4940521737895979,18874368,2.3631041049957275,False
remote_0,3,3,5,"[2, 2, 1, 1]",1,True,False,4940521748234051,4940521749864225,9437184,1.5804799795150757,False
scale_14_rank,3,3,5,"[4, 4, 3, 3]",1,False,False,4940521761720753,4940521766431430,28311552,4.660863876342773,False
concurrency_2_rank,3,3,5,"[4, 4, 3, 3]",2,False,False,4940521778284312,4940521783010802,28311552,4.63804817199707,False
scale_4_rank,3,3,5,"[1, 1, 1, 1]",1,False,False,4940521794791769,4940521796428985,9437184,1.5792640447616577,False
two_pair_2_3,3,3,5,"[0, 0, 1, 1]",1,False,False,4940521806712366,4940521808357878,9437184,1.5854079723358154,False
six_2,3,3,5,"[2, 1, 2, 1]",1,False,False,4940521818685254,4940521820324412,9437184,1.5848959684371948,False
two_single_3,3,3,5,"[0, 0, 0, 2]",1,False,False,4940521831367630,4940521833012045,18874368,1.5915199518203735,False
two_single_0,3,3,5,"[2, 0, 0, 0]",1,False,False,4940521843474349,4940521843544274,0,0,False
remote_3,3,3,5,"[1, 0, 1, 0]",1,True,False,4940521855371740,4940521855468341,0,0,False
scale_50_rank,3,3,5,"[13, 13, 12, 12]",1,False,False,4940521866532864,4940521885090038,113246208,18.50124740600586,False
scale_10_group,3,3,5,"[2, 3, 2, 3]",1,False,False,4940521896927508,4940521900893142,28311552,3.8855679035186768,False
remote_2,3,3,5,"[1, 1, 0, 0]",1,True,False,4940521911218074,4940521911293878,0,0,False
two_pair_1_3,3,3,5,"[0, 1, 0, 1]",1,False,False,4940521923095476,4940521923982552,9437184,0.8308159708976746,False
scale_6_rank,3,3,5,"[2, 2, 1, 1]",1,False,False,4940521934264755,4940521935888777,9437184,1.5734080076217651,False
six_1,3,3,5,"[1, 2, 1, 2]",1,False,False,4940521947730368,4940521950151879,18874368,2.344320058822632,False
scale_8_rank,3,3,5,"[2, 2, 2, 2]",1,False,False,4940521960493968,4940521963666059,18874368,3.1216320991516113,False
scale_62_group,3,3,5,"[15, 16, 15, 16]",1,False,False,4940521974039287,4940521997936155,150994944,23.850208282470703,False
scale_62_rank,3,3,5,"[16, 16, 15, 15]",1,False,False,4940522008287811,4940522031437638,141557760,23.087936401367188,False
two_pair_0_1,3,3,5,"[1, 1, 0, 0]",1,False,False,4940522043276047,4940522043357478,0,0,False
concurrency_4_group,3,3,5,"[3, 4, 3, 4]",4,False,False,4940522055231564,4940522060770482,37748736,5.413887977600098,False
two_single_1,3,3,5,"[0, 2, 0, 0]",1,False,False,4940522071063162,4940522071135695,0,0,False
scale_2_group,3,3,5,"[0, 1, 0, 1]",1,False,False,4940522083060986,4940522083929592,9437184,0.8210240006446838,False
scale_6_group,3,3,5,"[1, 2, 1, 2]",1,False,False,4940522094305824,4940522096724162,18874368,2.3559679985046387,False
two_pair_1_2,3,3,5,"[0, 1, 1, 0]",1,False,False,4940522106994238,4940522107065520,0,0,False
scale_8_group,3,3,5,"[2, 2, 2, 2]",1,False,False,4940522118251538,4940522121437127,18874368,3.129631996154785,False
concurrency_4_rank,3,3,5,"[4, 4, 3, 3]",4,False,False,4940522131859175,4940522136638353,28311552,4.684447765350342,False
scale_14_group,3,3,5,"[3, 4, 3, 4]",1,False,False,4940522148504010,4940522153989147,37748736,5.426271915435791,False
scale_62_rank,4,3,5,"[16, 16, 15, 15]",1,False,False,4940522164373249,4940522187521992,141557760,23.082143783569336,False
scale_6_group,4,3,5,"[1, 2, 1, 2]",1,False,False,4940522199481556,4940522201910735,18874368,2.3647680282592773,False
scale_62_group,4,3,5,"[15, 16, 15, 16]",1,False,False,4940522212414686,4940522236323655,150994944,23.85491180419922,False
scale_8_rank,4,3,5,"[2, 2, 2, 2]",1,False,False,4940522246649498,4940522249821673,18874368,3.1213440895080566,False
two_single_2,4,3,5,"[0, 0, 2, 0]",1,False,False,4940522260267777,4940522260337268,0,0,False
scale_2_rank,4,3,5,"[1, 1, 0, 0]",1,False,False,4940522272352295,4940522272438356,0,0,False
remote_0,4,3,5,"[2, 2, 1, 1]",1,True,False,4940522284417325,4940522286051012,9437184,1.5720319747924805,False
two_pair_0_1,4,3,5,"[1, 1, 0, 0]",1,False,False,4940522298029571,4940522298131811,0,0,False
six_2,4,3,5,"[2, 1, 2, 1]",1,False,False,4940522310076678,4940522311726321,9437184,1.593440055847168,False
two_pair_0_2,4,3,5,"[1, 0, 1, 0]",1,False,False,4940522322789090,4940522322867780,0,0,False
scale_2_group,4,3,5,"[0, 1, 0, 1]",1,False,False,4940522333987100,4940522334861783,9437184,0.8231679797172546,False
concurrency_2_rank,4,3,5,"[4, 4, 3, 3]",2,False,False,4940522345185424,4940522349917565,28311552,4.660768032073975,False
scale_50_rank,4,3,5,"[13, 13, 12, 12]",1,False,False,4940522361854153,4940522380395803,113246208,18.48044776916504,False
concurrency_2_group,4,3,5,"[3, 4, 3, 4]",2,False,False,4940522392298229,4940522397826894,37748736,5.433343887329102,False
six_1,4,3,5,"[1, 2, 1, 2]",1,False,False,4940522408181859,4940522410612557,18874368,2.3651840686798096,False
remote_3,4,3,5,"[1, 0, 1, 0]",1,True,False,4940522420965992,4940522421042240,0,0,False
scale_6_rank,4,3,5,"[2, 2, 1, 1]",1,False,False,4940522432205664,4940522433847270,9437184,1.5901119709014893,False
scale_10_group,4,3,5,"[2, 3, 2, 3]",1,False,False,4940522445682185,4940522449623957,28311552,3.879456043243408,False
two_single_0,4,3,5,"[2, 0, 0, 0]",1,False,False,4940522460141765,4940522460222091,0,0,False
concurrency_4_group,4,3,5,"[3, 4, 3, 4]",4,False,False,4940522472285392,4940522477846939,37748736,5.426239967346191,False
scale_4_rank,4,3,5,"[1, 1, 1, 1]",1,False,False,4940522488172441,4940522489826600,9437184,1.5875200033187866,False
six_0,4,3,5,"[2, 2, 1, 1]",1,False,False,4940522500173642,4940522501822808,9437184,1.5795199871063232,False
remote_2,4,3,5,"[1, 1, 0, 0]",1,True,False,4940522513723080,4940522513801302,0,0,False
scale_4_group,4,3,5,"[1, 1, 1, 1]",1,False,False,4940522525693976,4940522527327566,9437184,1.574944019317627,False
two_single_1,4,3,5,"[0, 2, 0, 0]",1,False,False,4940522537735585,4940522537809728,0,0,False
two_pair_2_3,4,3,5,"[0, 0, 1, 1]",1,False,False,4940522549672585,4940522551309080,9437184,1.5785919427871704,False
remote_1,4,3,5,"[1, 2, 1, 2]",1,True,False,4940522561772364,4940522564173929,18874368,2.3541440963745117,False
two_pair_1_2,4,3,5,"[0, 1, 1, 0]",1,False,False,4940522574496929,4940522574564398,0,0,False
scale_10_rank,4,3,5,"[3, 3, 2, 2]",1,False,False,4940522585696012,4940522588858884,18874368,3.1177279949188232,False
two_pair_0_3,4,3,5,"[1, 0, 0, 1]",1,False,False,4940522600828086,4940522601715824,9437184,0.8206080198287964,False
six_3,4,3,5,"[1, 1, 2, 2]",1,False,False,4940522612061977,4940522615233165,18874368,3.116640090942383,False
two_pair_1_3,4,3,5,"[0, 1, 0, 1]",1,False,False,4940522625733907,4940522626595382,9437184,0.811519980430603,False
two_single_3,4,3,5,"[0, 0, 0, 2]",1,False,False,4940522636930270,4940522638561594,18874368,1.5817919969558716,False
scale_8_group,4,3,5,"[2, 2, 2, 2]",1,False,False,4940522649056012,4940522652220049,18874368,3.1134719848632812,False
scale_50_group,4,3,5,"[12, 13, 12, 13]",1,False,False,4940522662614242,4940522681902801,122683392,19.239295959472656,False
scale_14_group,4,3,5,"[3, 4, 3, 4]",1,False,False,4940522692335649,4940522697819158,37748736,5.427264213562012,False
concurrency_4_rank,4,3,5,"[4, 4, 3, 3]",4,False,False,4940522708162434,4940522712927737,28311552,4.65561580657959,False
scale_14_rank,4,3,5,"[4, 4, 3, 3]",1,False,False,4940522724846986,4940522729559166,28311552,4.647744178771973,False
scale_8_rank,5,3,5,"[2, 2, 2, 2]",1,False,False,4940522741536258,4940522744725488,18874368,3.1122241020202637,False
scale_10_rank,5,3,5,"[3, 3, 2, 2]",1,False,False,4940522755093933,4940522758276052,18874368,3.122591972351074,False
scale_2_rank,5,3,5,"[1, 1, 0, 0]",1,False,False,4940522770239641,4940522770324293,0,0,False
two_pair_0_2,5,3,5,"[1, 0, 1, 0]",1,False,False,4940522782202854,4940522782304371,0,0,False
scale_10_group,5,3,5,"[2, 3, 2, 3]",1,False,False,4940522793403630,4940522797348636,28311552,3.889024019241333,False
remote_3,5,3,5,"[1, 0, 1, 0]",1,True,False,4940522807684944,4940522807760321,0,0,False
scale_6_rank,5,3,5,"[2, 2, 1, 1]",1,False,False,4940522818892669,4940522820531487,9437184,1.586527943611145,False
scale_4_rank,5,3,5,"[1, 1, 1, 1]",1,False,False,4940522832481156,4940522834115062,9437184,1.5739200115203857,False
scale_14_rank,5,3,5,"[4, 4, 3, 3]",1,False,False,4940522844461225,4940522849166663,28311552,4.654719829559326,False
six_2,5,3,5,"[2, 1, 2, 1]",1,False,False,4940522861124612,4940522862771978,9437184,1.5840959548950195,False
concurrency_2_rank,5,3,5,"[4, 4, 3, 3]",2,False,False,4940522873913193,4940522878635385,28311552,4.651391983032227,False
scale_62_group,5,3,5,"[15, 16, 15, 16]",1,False,False,4940522890528098,4940522914456688,150994944,23.85366439819336,False
concurrency_4_group,5,3,5,"[3, 4, 3, 4]",4,False,False,4940522924848779,4940522930406639,37748736,5.438752174377441,False
scale_2_group,5,3,5,"[0, 1, 0, 1]",1,False,False,4940522940769070,4940522941634379,9437184,0.8145920038223267,False
scale_4_group,5,3,5,"[1, 1, 1, 1]",1,False,False,4940522951955013,4940522953456369,9437184,1.4389760494232178,False
two_pair_2_3,5,3,5,"[0, 0, 1, 1]",1,False,False,4940522963886746,4940522965447464,9437184,1.5045759677886963,False
six_1,5,3,5,"[1, 2, 1, 2]",1,False,False,4940522975812457,4940522978214537,18874368,2.351871967315674,False
scale_8_group,5,3,5,"[2, 2, 2, 2]",1,False,False,4940522988535820,4940522991711702,18874368,3.1202878952026367,False
two_pair_1_3,5,3,5,"[0, 1, 0, 1]",1,False,False,4940523002072558,4940523002962858,9437184,0.8273919820785522,False
two_pair_0_1,5,3,5,"[1, 1, 0, 0]",1,False,False,4940523013220551,4940523013296720,0,0,False
scale_14_group,5,3,5,"[3, 4, 3, 4]",1,False,False,4940523025276998,4940523030791224,37748736,5.437568187713623,False
two_single_3,5,3,5,"[0, 0, 0, 2]",1,False,False,4940523041115393,4940523042761462,18874368,1.5882560014724731,False
two_single_0,5,3,5,"[2, 0, 0, 0]",1,False,False,4940523053235070,4940523053306020,0,0,False
scale_6_group,5,3,5,"[1, 2, 1, 2]",1,False,False,4940523065246427,4940523067670033,18874368,2.360991954803467,False
concurrency_4_rank,5,3,5,"[4, 4, 3, 3]",4,False,False,4940523077966212,4940523082746819,28311552,4.685215950012207,False
two_single_1,5,3,5,"[0, 2, 0, 0]",1,False,False,4940523094595634,4940523094670432,0,0,False
six_0,5,3,5,"[2, 2, 1, 1]",1,False,False,4940523106481450,4940523108124208,9437184,1.5901119709014893,False
six_3,5,3,5,"[1, 1, 2, 2]",1,False,False,4940523120371962,4940523123538927,18874368,3.1106879711151123,False
remote_1,5,3,5,"[1, 2, 1, 2]",1,True,False,4940523133977388,4940523136367890,18874368,2.34768009185791,False
two_pair_1_2,5,3,5,"[0, 1, 1, 0]",1,False,False,4940523146610458,4940523146674600,0,0,False
two_single_2,5,3,5,"[0, 0, 2, 0]",1,False,False,4940523157806433,4940523157872322,0,0,False
remote_0,5,3,5,"[2, 2, 1, 1]",1,True,False,4940523169879961,4940523171529142,9437184,1.5653760433197021,False
scale_62_rank,5,3,5,"[16, 16, 15, 15]",1,False,False,4940523183358783,4940523206609065,141557760,23.1595516204834,False
concurrency_2_group,5,3,5,"[3, 4, 3, 4]",2,False,False,4940523218776386,4940523224336690,37748736,5.4594879150390625,False
scale_50_group,5,3,5,"[12, 13, 12, 13]",1,False,False,4940523234730638,4940523254104055,122683392,19.309120178222656,False
two_pair_0_3,5,3,5,"[1, 0, 0, 1]",1,False,False,4940523264469423,4940523265356206,9437184,0.8267199993133545,False
scale_50_rank,5,3,5,"[13, 13, 12, 12]",1,False,False,4940523275715245,4940523294270063,113246208,18.494112014770508,False
remote_2,5,3,5,"[1, 1, 0, 0]",1,True,False,4940523306243163,4940523306325193,0,0,False
scale_62_group,6,3,5,"[15, 16, 15, 16]",1,False,False,4940523318293934,4940523342260286,150994944,23.897247314453125,False
two_pair_2_3,6,3,5,"[0, 0, 1, 1]",1,False,False,4940523352662832,4940523354313421,9437184,1.5976639986038208,False
two_single_3,6,3,5,"[0, 0, 0, 2]",1,False,False,4940523364829422,4940523366482222,18874368,1.597983956336975,False
two_single_0,6,3,5,"[2, 0, 0, 0]",1,False,False,4940523377053046,4940523377128881,0,0,False
six_0,6,3,5,"[2, 2, 1, 1]",1,False,False,4940523389137933,4940523390809152,9437184,1.5976320505142212,False
scale_6_group,6,3,5,"[1, 2, 1, 2]",1,False,False,4940523402611800,4940523405054586,18874368,2.181056022644043,False
scale_2_group,6,3,5,"[0, 1, 0, 1]",1,False,False,4940523415600776,4940523416480556,9437184,0.8210560083389282,False
remote_1,6,3,5,"[1, 2, 1, 2]",1,True,False,4940523426764091,4940523429175465,18874368,2.3606081008911133,False
scale_62_rank,6,3,5,"[16, 16, 15, 15]",1,False,False,4940523439679098,4940523462891712,141557760,23.161216735839844,False
two_pair_1_2,6,3,5,"[0, 1, 1, 0]",1,False,False,4940523474751166,4940523474821644,0,0,False
concurrency_4_rank,6,3,5,"[4, 4, 3, 3]",4,False,False,4940523485956329,4940523490757010,28311552,4.69868803024292,False
scale_50_group,6,3,5,"[12, 13, 12, 13]",1,False,False,4940523502618569,4940523522014972,122683392,19.334815979003906,False
scale_2_rank,6,3,5,"[1, 1, 0, 0]",1,False,False,4940523532447322,4940523532522245,0,0,False
remote_0,6,3,5,"[2, 2, 1, 1]",1,True,False,4940523544437543,4940523546094047,9437184,1.5962560176849365,False
remote_3,6,3,5,"[1, 0, 1, 0]",1,True,False,4940523557910029,4940523557998537,0,0,False
scale_50_rank,6,3,5,"[13, 13, 12, 12]",1,False,False,4940523569119039,4940523587711250,113246208,18.54038429260254,False
two_single_1,6,3,5,"[0, 2, 0, 0]",1,False,False,4940523599593660,4940523599680945,0,0,False
scale_4_rank,6,3,5,"[1, 1, 1, 1]",1,False,False,4940523611640576,4940523613302228,9437184,1.5997120141983032,False
scale_4_group,6,3,5,"[1, 1, 1, 1]",1,False,False,4940523623625543,4940523625267472,9437184,1.5888639688491821,False
concurrency_2_rank,6,3,5,"[4, 4, 3, 3]",2,False,False,4940523635636202,4940523640378842,28311552,4.671743869781494,False
scale_8_group,6,3,5,"[2, 2, 2, 2]",1,False,False,4940523652272245,4940523655465802,18874368,3.1201601028442383,False
concurrency_4_group,6,3,5,"[3, 4, 3, 4]",4,False,False,4940523666012976,4940523671583471,37748736,5.450463771820068,False
scale_10_group,6,3,5,"[2, 3, 2, 3]",1,False,False,4940523681989701,4940523685957041,28311552,3.9040000438690186,False
scale_6_rank,6,3,5,"[2, 2, 1, 1]",1,False,False,4940523696350689,4940523698002526,9437184,1.5927040576934814,False
six_1,6,3,5,"[1, 2, 1, 2]",1,False,False,4940523709989663,4940523712407298,18874368,2.34550404548645,False
concurrency_2_group,6,3,5,"[3, 4, 3, 4]",2,False,False,4940523722737916,4940523728248924,37748736,5.422719955444336,False
two_pair_0_1,6,3,5,"[1, 1, 0, 0]",1,False,False,4940523738594701,4940523738665748,0,0,False
scale_8_rank,6,3,5,"[2, 2, 2, 2]",1,False,False,4940523750526934,4940523753714482,18874368,3.138592004776001,False
scale_14_rank,6,3,5,"[4, 4, 3, 3]",1,False,False,4940523764036111,4940523768773653,28311552,4.675807952880859,False
two_pair_0_2,6,3,5,"[1, 0, 1, 0]",1,False,False,4940523780691242,4940523780786765,0,0,False
two_pair_1_3,6,3,5,"[0, 1, 0, 1]",1,False,False,4940523791880210,4940523792768672,9437184,0.8288000226020813,False
two_single_2,6,3,5,"[0, 0, 2, 0]",1,False,False,4940523803105683,4940523803179325,0,0,False
six_3,6,3,5,"[1, 1, 2, 2]",1,False,False,4940523815003597,4940523818176810,18874368,3.120800018310547,False
scale_14_group,6,3,5,"[3, 4, 3, 4]",1,False,False,4940523828603539,4940523834086113,37748736,5.432159900665283,False
remote_2,6,3,5,"[1, 1, 0, 0]",1,True,False,4940523844415580,4940523844487098,0,0,False
six_2,6,3,5,"[2, 1, 2, 1]",1,False,False,4940523856387312,4940523858042805,9437184,1.5927679538726807,False
two_pair_0_3,6,3,5,"[1, 0, 0, 1]",1,False,False,4940523869116262,4940523869985770,9437184,0.8183680176734924,False
scale_10_rank,6,3,5,"[3, 3, 2, 2]",1,False,False,4940523880292618,4940523883460128,18874368,3.1196160316467285,False
concurrency_4_rank,7,3,5,"[4, 4, 3, 3]",4,False,False,4940523895372971,4940523900151584,28311552,4.673408031463623,False
scale_10_rank,7,3,5,"[3, 3, 2, 2]",1,False,False,4940523912045071,4940523915221021,18874368,3.1088640689849854,False
two_single_0,7,3,5,"[2, 0, 0, 0]",1,False,False,4940523927152277,4940523927239925,0,0,False
remote_0,7,3,5,"[2, 2, 1, 1]",1,True,False,4940523939017178,4940523940685713,9437184,1.6032639741897583,False
scale_2_group,7,3,5,"[0, 1, 0, 1]",1,False,False,4940523952483576,4940523953378487,9437184,0.8268799781799316,False
two_pair_0_2,7,3,5,"[1, 0, 1, 0]",1,False,False,4940523963703285,4940523963781039,0,0,False
two_pair_1_3,7,3,5,"[0, 1, 0, 1]",1,False,False,4940523974876441,4940523975759942,9437184,0.8271999955177307,False
scale_4_group,7,3,5,"[1, 1, 1, 1]",1,False,False,4940523986180256,4940523987859593,9437184,1.5996479988098145,False
six_2,7,3,5,"[2, 1, 2, 1]",1,False,False,4940523998285859,4940523999922092,9437184,1.5847680568695068,False
remote_3,7,3,5,"[1, 0, 1, 0]",1,True,False,4940524011021637,4940524011091371,0,0,False
concurrency_2_group,7,3,5,"[3, 4, 3, 4]",2,False,False,4940524022257982,4940524027757019,37748736,5.436704158782959,False
scale_6_rank,7,3,5,"[2, 2, 1, 1]",1,False,False,4940524038193570,4940524039818084,9437184,1.5784000158309937,False
scale_4_rank,7,3,5,"[1, 1, 1, 1]",1,False,False,4940524051742165,4940524053383597,9437184,1.571295976638794,False
six_1,7,3,5,"[1, 2, 1, 2]",1,False,False,4940524063752862,4940524066144472,18874368,2.351583957672119,False
two_single_1,7,3,5,"[0, 2, 0, 0]",1,False,False,4940524076490269,4940524076551606,0,0,False
six_0,7,3,5,"[2, 2, 1, 1]",1,False,False,4940524088662478,4940524090308864,9437184,1.5699199438095093,False
scale_8_rank,7,3,5,"[2, 2, 2, 2]",1,False,False,4940524102206216,4940524105375183,18874368,3.1092801094055176,False
two_pair_0_1,7,3,5,"[1, 1, 0, 0]",1,False,False,4940524115783937,4940524115844721,0,0,False
concurrency_2_rank,7,3,5,"[4, 4, 3, 3]",2,False,False,4940524127872094,4940524132599889,28311552,4.642079830169678,False
scale_62_rank,7,3,5,"[16, 16, 15, 15]",1,False,False,4940524144487686,4940524167691742,141557760,23.14009666442871,False
remote_2,7,3,5,"[1, 1, 0, 0]",1,True,False,4940524179598187,4940524179727322,0,0,False
two_pair_2_3,7,3,5,"[0, 0, 1, 1]",1,False,False,4940524191688624,4940524193391133,9437184,1.617087960243225,False
two_single_3,7,3,5,"[0, 0, 0, 2]",1,False,False,4940524203854529,4940524205499256,18874368,1.5918079614639282,False
scale_50_group,7,3,5,"[12, 13, 12, 13]",1,False,False,4940524215979345,4940524235326227,122683392,19.286304473876953,False
scale_6_group,7,3,5,"[1, 2, 1, 2]",1,False,False,4940524245759386,4940524248180251,18874368,2.3644800186157227,False
scale_8_group,7,3,5,"[2, 2, 2, 2]",1,False,False,4940524258505504,4940524261684610,18874368,3.125983953475952,False
scale_50_rank,7,3,5,"[13, 13, 12, 12]",1,False,False,4940524272108949,4940524290676876,113246208,18.515871047973633,False
scale_62_group,7,3,5,"[15, 16, 15, 16]",1,False,False,4940524302519498,4940524326479466,150994944,23.90540885925293,False
remote_1,7,3,5,"[1, 2, 1, 2]",1,True,False,4940524336891973,4940524339332405,18874368,2.377376079559326,False
scale_14_rank,7,3,5,"[4, 4, 3, 3]",1,False,False,4940524349723724,4940524354430675,28311552,4.659552097320557,False
six_3,7,3,5,"[1, 1, 2, 2]",1,False,False,4940524366334836,4940524369510470,18874368,3.11244797706604,False
scale_14_group,7,3,5,"[3, 4, 3, 4]",1,False,False,4940524380046774,4940524385541392,37748736,5.43612813949585,False
concurrency_4_group,7,3,5,"[3, 4, 3, 4]",4,False,False,4940524395865598,4940524401413043,37748736,5.4317121505737305,False
scale_10_group,7,3,5,"[2, 3, 2, 3]",1,False,False,4940524411780062,4940524415727295,28311552,3.8960320949554443,False
two_pair_1_2,7,3,5,"[0, 1, 1, 0]",1,False,False,4940524426144585,4940524426218245,0,0,False
scale_2_rank,7,3,5,"[1, 1, 0, 0]",1,False,False,4940524437346030,4940524437411583,0,0,False
two_pair_0_3,7,3,5,"[1, 0, 0, 1]",1,False,False,4940524449349028,4940524450244413,9437184,0.8262720108032227,False
two_single_2,7,3,5,"[0, 0, 2, 0]",1,False,False,4940524460578871,4940524460657138,0,0,False
scale_62_rank,8,3,5,"[16, 16, 15, 15]",1,False,False,4940524472781448,4940524495981502,141557760,23.127424240112305,False
scale_2_rank,8,3,5,"[1, 1, 0, 0]",1,False,False,4940524507832765,4940524507917497,0,0,False
two_pair_0_2,8,3,5,"[1, 0, 1, 0]",1,False,False,4940524519960562,4940524520044265,0,0,False
two_pair_2_3,8,3,5,"[0, 0, 1, 1]",1,False,False,4940524531128780,4940524532754998,9437184,1.560960054397583,False
two_single_0,8,3,5,"[2, 0, 0, 0]",1,False,False,4940524543070448,4940524543144211,0,0,False
two_single_1,8,3,5,"[0, 2, 0, 0]",1,False,False,4940524554954990,4940524555015465,0,0,False
scale_14_rank,8,3,5,"[4, 4, 3, 3]",1,False,False,4940524566976065,4940524571696698,28311552,4.671167850494385,False
scale_62_group,8,3,5,"[15, 16, 15, 16]",1,False,False,4940524583659396,4940524607638508,150994944,23.91417694091797,False
two_single_2,8,3,5,"[0, 0, 2, 0]",1,False,False,4940524618040525,4940524618111584,0,0,False
concurrency_2_group,8,3,5,"[3, 4, 3, 4]",2,False,False,4940524630160922,4940524635660768,37748736,5.415103912353516,False
two_pair_1_2,8,3,5,"[0, 1, 1, 0]",1,False,False,4940524646073750,4940524646137875,0,0,False
scale_10_rank,8,3,5,"[3, 3, 2, 2]",1,False,False,4940524657264864,4940524660439554,18874368,3.1324479579925537,False
scale_6_rank,8,3,5,"[2, 2, 1, 1]",1,False,False,4940524672304133,4940524673976133,9437184,1.586143970489502,False
scale_50_group,8,3,5,"[12, 13, 12, 13]",1,False,False,4940524685901271,4940524705273711,122683392,19.275327682495117,False
six_3,8,3,5,"[1, 1, 2, 2]",1,False,False,4940524715718132,4940524718943535,18874368,3.12937593460083,False
remote_1,8,3,5,"[1, 2, 1, 2]",1,True,False,4940524729183369,4940524731630929,18874368,2.3711678981781006,False
two_single_3,8,3,5,"[0, 0, 0, 2]",1,False,False,4940524741828394,4940524743557458,18874368,1.6420480012893677,False
six_2,8,3,5,"[2, 1, 2, 1]",1,False,False,4940524753782625,4940524755458695,9437184,1.6039040088653564,False
remote_3,8,3,5,"[1, 0, 1, 0]",1,True,False,4940524766414531,4940524766524347,0,0,False
two_pair_1_3,8,3,5,"[0, 1, 0, 1]",1,False,False,4940524777522584,4940524778403320,9437184,0.8276479840278625,False
six_1,8,3,5,"[1, 2, 1, 2]",1,False,False,4940524788607502,4940524791058081,18874368,2.3775360584259033,False
scale_4_rank,8,3,5,"[1, 1, 1, 1]",1,False,False,4940524801358937,4940524803006680,9437184,1.5866559743881226,False
concurrency_2_rank,8,3,5,"[4, 4, 3, 3]",2,False,False,4940524813273340,4940524817999078,28311552,4.649600028991699,False
remote_0,8,3,5,"[2, 2, 1, 1]",1,True,False,4940524829903044,4940524831565308,9437184,1.5936959981918335,False
scale_2_group,8,3,5,"[0, 1, 0, 1]",1,False,False,4940524843606002,4940524844499481,9437184,0.8225280046463013,False
remote_2,8,3,5,"[1, 1, 0, 0]",1,True,False,4940524854821090,4940524854906169,0,0,False
scale_8_group,8,3,5,"[2, 2, 2, 2]",1,False,False,4940524866864766,4940524870064831,18874368,3.138144016265869,False
concurrency_4_group,8,3,5,"[3, 4, 3, 4]",4,False,False,4940524880496750,4940524886043072,37748736,5.427648067474365,False
concurrency_4_rank,8,3,5,"[4, 4, 3, 3]",4,False,False,4940524896399733,4940524901200733,28311552,4.696288108825684,False
two_pair_0_1,8,3,5,"[1, 1, 0, 0]",1,False,False,4940524913123277,4940524913214537,0,0,False
two_pair_0_3,8,3,5,"[1, 0, 0, 1]",1,False,False,4940524925152504,4940524926028773,9437184,0.8244159817695618,False
scale_4_group,8,3,5,"[1, 1, 1, 1]",1,False,False,4940524936280900,4940524937913131,9437184,1.5813440084457397,False
scale_6_group,8,3,5,"[1, 2, 1, 2]",1,False,False,4940524948220107,4940524950631332,18874368,2.352384090423584,False
scale_8_rank,8,3,5,"[2, 2, 2, 2]",1,False,False,4940524961033611,4940524964204521,18874368,3.1224958896636963,False
scale_10_group,8,3,5,"[2, 3, 2, 3]",1,False,False,4940524974575895,4940524978526755,28311552,3.8997440338134766,False
six_0,8,3,5,"[2, 2, 1, 1]",1,False,False,4940524988904333,4940524990542458,9437184,1.580672025680542,False
scale_50_rank,8,3,5,"[13, 13, 12, 12]",1,False,False,4940525002366685,4940525020923568,113246208,18.499135971069336,False
scale_14_group,8,3,5,"[3, 4, 3, 4]",1,False,False,4940525032828695,4940525038338109,37748736,5.4497599601745605,False
scale_14_group,9,3,5,"[3, 4, 3, 4]",1,False,False,4940525048689431,4940525054174653,37748736,5.433279991149902,False
six_1,9,3,5,"[1, 2, 1, 2]",1,False,False,4940525064540877,4940525066948827,18874368,2.3562240600585938,False
scale_50_rank,9,3,5,"[13, 13, 12, 12]",1,False,False,4940525077292494,4940525095864129,113246208,18.516447067260742,False
two_single_2,9,3,5,"[0, 0, 2, 0]",1,False,False,4940525107730590,4940525107820569,0,0,False
remote_1,9,3,5,"[1, 2, 1, 2]",1,True,False,4940525119881630,4940525122300415,18874368,2.3511040210723877,False
scale_2_rank,9,3,5,"[1, 1, 0, 0]",1,False,False,4940525132702100,4940525132775167,0,0,False
scale_14_rank,9,3,5,"[4, 4, 3, 3]",1,False,False,4940525144743506,4940525149461675,28311552,4.639840126037598,False
two_single_3,9,3,5,"[0, 0, 0, 2]",1,False,False,4940525161387406,4940525163041855,18874368,1.5924160480499268,False
concurrency_2_rank,9,3,5,"[4, 4, 3, 3]",2,False,False,4940525173406525,4940525178120153,28311552,4.638976097106934,False
two_pair_0_3,9,3,5,"[1, 0, 0, 1]",1,False,False,4940525190052131,4940525190967774,9437184,0.8324159979820251,False
scale_6_rank,9,3,5,"[2, 2, 1, 1]",1,False,False,4940525201266399,4940525202885898,9437184,1.5679359436035156,False
scale_2_group,9,3,5,"[0, 1, 0, 1]",1,False,False,4940525214697479,4940525215587921,9437184,0.8232640027999878,False
six_0,9,3,5,"[2, 2, 1, 1]",1,False,False,4940525225891254,4940525227511912,9437184,1.5712640285491943,False
concurrency_4_rank,9,3,5,"[4, 4, 3, 3]",4,False,False,4940525239453543,4940525244252774,28311552,4.669087886810303,False
scale_62_rank,9,3,5,"[16, 16, 15, 15]",1,False,False,4940525256116952,4940525279317051,141557760,23.12873649597168,False
two_single_1,9,3,5,"[0, 2, 0, 0]",1,False,False,4940525291165097,4940525291269285,0,0,False
two_pair_0_1,9,3,5,"[1, 1, 0, 0]",1,False,False,4940525303131006,4940525303199338,0,0,False
two_pair_1_3,9,3,5,"[0, 1, 0, 1]",1,False,False,4940525315036627,4940525315945279,9437184,0.8376320004463196,False
scale_10_group,9,3,5,"[2, 3, 2, 3]",1,False,False,4940525326322166,4940525330281086,28311552,3.9055678844451904,False
scale_8_rank,9,3,5,"[2, 2, 2, 2]",1,False,False,4940525340650595,4940525343823482,18874368,3.1190719604492188,False
two_pair_0_2,9,3,5,"[1, 0, 1, 0]",1,False,False,4940525354163129,4940525354268098,0,0,False
scale_4_rank,9,3,5,"[1, 1, 1, 1]",1,False,False,4940525365322980,4940525366988427,9437184,1.6005439758300781,False
remote_0,9,3,5,"[2, 2, 1, 1]",1,True,False,4940525377321403,4940525378975941,9437184,1.5951039791107178,False
six_2,9,3,5,"[2, 1, 2, 1]",1,False,False,4940525390794964,4940525392466141,9437184,1.5973440408706665,False
six_3,9,3,5,"[1, 1, 2, 2]",1,False,False,4940525403547415,4940525406741605,18874368,3.1353280544281006,False
two_pair_1_2,9,3,5,"[0, 1, 1, 0]",1,False,False,4940525417149712,4940525417228421,0,0,False
scale_8_group,9,3,5,"[2, 2, 2, 2]",1,False,False,4940525428329300,4940525431514620,18874368,3.132607936859131,False
two_single_0,9,3,5,"[2, 0, 0, 0]",1,False,False,4940525441889050,4940525441962003,0,0,False
scale_4_group,9,3,5,"[1, 1, 1, 1]",1,False,False,4940525453947098,4940525455597515,9437184,1.5902719497680664,False
remote_2,9,3,5,"[1, 1, 0, 0]",1,True,False,4940525466028709,4940525466103041,0,0,False
remote_3,9,3,5,"[1, 0, 1, 0]",1,True,False,4940525478125498,4940525478212928,0,0,False
scale_50_group,9,3,5,"[12, 13, 12, 13]",1,False,False,4940525489511465,4940525508861546,122683392,19.29529571533203,False
scale_62_group,9,3,5,"[15, 16, 15, 16]",1,False,False,4940525519237988,4940525543196721,150994944,23.90656089782715,False
scale_6_group,9,3,5,"[1, 2, 1, 2]",1,False,False,4940525553549297,4940525555980825,18874368,2.3690879344940186,False
concurrency_4_group,9,3,5,"[3, 4, 3, 4]",4,False,False,4940525566339231,4940525571891624,37748736,5.4457597732543945,False
concurrency_2_group,9,3,5,"[3, 4, 3, 4]",2,False,False,4940525582265580,4940525587766340,37748736,5.430208206176758,False
scale_10_rank,9,3,5,"[3, 3, 2, 2]",1,False,False,4940525598187288,4940525601352950,18874368,3.1136960983276367,False
two_pair_2_3,9,3,5,"[0, 0, 1, 1]",1,False,False,4940525613278385,4940525614944712,9437184,1.593951940536499,False
scale_8_group,10,3,5,"[2, 2, 2, 2]",1,False,False,4940525625535698,4940525628704259,18874368,3.1155200004577637,False
two_pair_1_3,10,3,5,"[0, 1, 0, 1]",1,False,False,4940525639044868,4940525639908618,9437184,0.8167679905891418,False
six_2,10,3,5,"[2, 1, 2, 1]",1,False,False,4940525650242242,4940525651868408,9437184,1.573472023010254,False
concurrency_2_group,10,3,5,"[3, 4, 3, 4]",2,False,False,4940525662981815,4940525668480327,37748736,5.429503917694092,False
scale_2_rank,10,3,5,"[1, 1, 0, 0]",1,False,False,4940525678836372,4940525678909461,0,0,False
remote_0,10,3,5,"[2, 2, 1, 1]",1,True,False,4940525690760250,4940525692387044,9437184,1.5773760080337524,False
two_pair_2_3,10,3,5,"[0, 0, 1, 1]",1,False,False,4940525704318646,4940525705197705,9437184,0.820032000541687,False
two_pair_0_2,10,3,5,"[1, 0, 1, 0]",1,False,False,4940525716849896,4940525716940101,0,0,False
concurrency_4_group,10,3,5,"[3, 4, 3, 4]",4,False,False,4940525728099947,4940525733652062,37748736,5.44271993637085,False
six_1,10,3,5,"[1, 2, 1, 2]",1,False,False,4940525744047968,4940525746465669,18874368,2.360352039337158,False
two_single_2,10,3,5,"[0, 0, 2, 0]",1,False,False,4940525756811769,4940525756900802,0,0,False
scale_14_group,10,3,5,"[3, 4, 3, 4]",1,False,False,4940525768979572,4940525774492072,37748736,5.4457597732543945,False
concurrency_2_rank,10,3,5,"[4, 4, 3, 3]",2,False,False,4940525784843987,4940525789581307,28311552,4.6578240394592285,False
remote_3,10,3,5,"[1, 0, 1, 0]",1,True,False,4940525801517173,4940525801607794,0,0,False
six_3,10,3,5,"[1, 1, 2, 2]",1,False,False,4940525812764074,4940525815946495,18874368,3.1321918964385986,False
scale_4_group,10,3,5,"[1, 1, 1, 1]",1,False,False,4940525826437839,4940525828069141,9437184,1.5816320180892944,False
two_single_1,10,3,5,"[0, 2, 0, 0]",1,False,False,4940525838431031,4940525838501862,0,0,False
scale_4_rank,10,3,5,"[1, 1, 1, 1]",1,False,False,4940525850390844,4940525852008655,9437184,1.5678720474243164,False
two_pair_0_1,10,3,5,"[1, 1, 0, 0]",1,False,False,4940525862381677,4940525862450272,0,0,False
remote_2,10,3,5,"[1, 1, 0, 0]",1,True,False,4940525874351868,4940525874421336,0,0,False
scale_62_group,10,3,5,"[15, 16, 15, 16]",1,False,False,4940525886384395,4940525910388755,150994944,23.937055587768555,False
scale_10_group,10,3,5,"[2, 3, 2, 3]",1,False,False,4940525920773553,4940525924733816,28311552,3.904031991958618,False
two_single_0,10,3,5,"[2, 0, 0, 0]",1,False,False,4940525935025161,4940525935097166,0,0,False
scale_14_rank,10,3,5,"[4, 4, 3, 3]",1,False,False,4940525946953364,4940525951658146,28311552,4.6552958488464355,False
scale_6_group,10,3,5,"[1, 2, 1, 2]",1,False,False,4940525963630598,4940525966069358,18874368,2.364255905151367,False
scale_8_rank,10,3,5,"[2, 2, 2, 2]",1,False,False,4940525976445711,4940525979622372,18874368,3.1185600757598877,False
scale_10_rank,10,3,5,"[3, 3, 2, 2]",1,False,False,4940525989998468,4940525993183982,18874368,3.129055976867676,False
six_0,10,3,5,"[2, 2, 1, 1]",1,False,False,4940526005038044,4940526006684262,9437184,1.5871039628982544,False
scale_50_group,10,3,5,"[12, 13, 12, 13]",1,False,False,4940526018520751,4940526037865101,122683392,19.289087295532227,False
two_single_3,10,3,5,"[0, 0, 0, 2]",1,False,False,4940526048266400,4940526049900927,18874368,1.5841599702835083,False
scale_2_group,10,3,5,"[0, 1, 0, 1]",1,False,False,4940526060385347,4940526061243176,9437184,0.8124799728393555,False
scale_62_rank,10,3,5,"[16, 16, 15, 15]",1,False,False,4940526071585517,4940526094782033,141557760,23.14726448059082,False
scale_50_rank,10,3,5,"[13, 13, 12, 12]",1,False,False,4940526106583378,4940526125164372,113246208,18.51862335205078,False
scale_6_rank,10,3,5,"[2, 2, 1, 1]",1,False,False,4940526137124201,4940526138789140,9437184,1.599071979522705,False
concurrency_4_rank,10,3,5,"[4, 4, 3, 3]",4,False,False,4940526150648557,4940526155421999,28311552,4.681824207305908,False
two_pair_1_2,10,3,5,"[0, 1, 1, 0]",1,False,False,4940526167288272,4940526167381890,0,0,False
two_pair_0_3,10,3,5,"[1, 0, 0, 1]",1,False,False,4940526178528396,4940526179422428,9437184,0.8337600231170654,False
remote_1,10,3,5,"[1, 2, 1, 2]",1,True,False,4940526189807528,4940526192235484,18874368,2.3724799156188965,False
scale_2_rank,11,3,5,"[1, 1, 0, 0]",1,False,False,4940526202555026,4940526202636787,0,0,False
remote_3,11,3,5,"[1, 0, 1, 0]",1,True,False,4940526214546429,4940526214620282,0,0,False
two_pair_1_2,11,3,5,"[0, 1, 1, 0]",1,False,False,4940526225804466,4940526225876922,0,0,False
six_2,11,3,5,"[2, 1, 2, 1]",1,False,False,4940526237033665,4940526238693018,9437184,1.605855941772461,False
concurrency_2_rank,11,3,5,"[4, 4, 3, 3]",2,False,False,4940526249793284,4940526254534968,28311552,4.665760040283203,False
two_pair_0_2,11,3,5,"[1, 0, 1, 0]",1,False,False,4940526266355633,4940526266429207,0,0,False
scale_14_group,11,3,5,"[3, 4, 3, 4]",1,False,False,4940526277575070,4940526283071368,37748736,5.445087909698486,False
scale_2_group,11,3,5,"[0, 1, 0, 1]",1,False,False,4940526293459511,4940526294333222,9437184,0.820032000541687,False
scale_14_rank,11,3,5,"[4, 4, 3, 3]",1,False,False,4940526304673631,4940526309379000,28311552,4.649951934814453,False
six_3,11,3,5,"[1, 1, 2, 2]",1,False,False,4940526321246184,4940526324437739,18874368,3.1315839290618896,False
scale_4_rank,11,3,5,"[1, 1, 1, 1]",1,False,False,4940526334784287,4940526336404274,9437184,1.5675519704818726,False
six_0,11,3,5,"[2, 2, 1, 1]",1,False,False,4940526346744685,4940526348376162,9437184,1.580575942993164,False
scale_6_group,11,3,5,"[1, 2, 1, 2]",1,False,False,4940526360285415,4940526362706308,18874368,2.362175941467285,False
scale_50_rank,11,3,5,"[13, 13, 12, 12]",1,False,False,4940526373007341,4940526391625641,113246208,18.55423927307129,False
scale_6_rank,11,3,5,"[2, 2, 1, 1]",1,False,False,4940526403599101,4940526405245062,9437184,1.578752040863037,False
scale_62_rank,11,3,5,"[16, 16, 15, 15]",1,False,False,4940526417202867,4940526440406400,141557760,23.13158416748047,False
scale_10_group,11,3,5,"[2, 3, 2, 3]",1,False,False,4940526452368759,4940526456338305,28311552,3.903968095779419,False
two_pair_0_1,11,3,5,"[1, 1, 0, 0]",1,False,False,4940526466669608,4940526466733361,0,0,False
concurrency_4_rank,11,3,5,"[4, 4, 3, 3]",4,False,False,4940526478602389,4940526483348180,28311552,4.656191825866699,False
two_single_2,11,3,5,"[0, 0, 2, 0]",1,False,False,4940526495184898,4940526495261321,0,0,False
remote_0,11,3,5,"[2, 2, 1, 1]",1,True,False,4940526507109161,4940526508756763,9437184,1.5825599431991577,False
remote_2,11,3,5,"[1, 1, 0, 0]",1,True,False,4940526520654603,4940526520747061,0,0,False
scale_10_rank,11,3,5,"[3, 3, 2, 2]",1,False,False,4940526532577212,4940526535759729,18874368,3.1255359649658203,False
two_pair_0_3,11,3,5,"[1, 0, 0, 1]",1,False,False,4940526547607389,4940526548480544,9437184,0.8167359828948975,False
scale_62_group,11,3,5,"[15, 16, 15, 16]",1,False,False,4940526558767679,4940526582697104,150994944,23.877504348754883,False
concurrency_2_group,11,3,5,"[3, 4, 3, 4]",2,False,False,4940526593063479,4940526598571823,37748736,5.436192035675049,False
scale_50_group,11,3,5,"[12, 13, 12, 13]",1,False,False,4940526608904103,4940526628219854,122683392,19.274112701416016,False
six_1,11,3,5,"[1, 2, 1, 2]",1,False,False,4940526638553754,4940526640945564,18874368,2.3510079383850098,False
remote_1,11,3,5,"[1, 2, 1, 2]",1,True,False,4940526651239397,4940526653624196,18874368,2.3453121185302734,False
two_single_1,11,3,5,"[0, 2, 0, 0]",1,False,False,4940526664003965,4940526664075464,0,0,False
concurrency_4_group,11,3,5,"[3, 4, 3, 4]",4,False,False,4940526676170413,4940526681720158,37748736,5.422719955444336,False
scale_8_group,11,3,5,"[2, 2, 2, 2]",1,False,False,4940526692021845,4940526695168475,18874368,3.096895933151245,False
scale_8_rank,11,3,5,"[2, 2, 2, 2]",1,False,False,4940526705537298,4940526708701378,18874368,3.12009596824646,False
scale_4_group,11,3,5,"[1, 1, 1, 1]",1,False,False,4940526719051180,4940526720699938,9437184,1.5958720445632935,False
two_single_0,11,3,5,"[2, 0, 0, 0]",1,False,False,4940526730978278,4940526731048534,0,0,False
two_pair_2_3,11,3,5,"[0, 0, 1, 1]",1,False,False,4940526742821112,4940526744454390,9437184,1.5861760377883911,False
two_single_3,11,3,5,"[0, 0, 0, 2]",1,False,False,4940526754710209,4940526756345873,18874368,1.588096022605896,False
two_pair_1_3,11,3,5,"[0, 1, 0, 1]",1,False,False,4940526766620772,4940526767489561,9437184,0.8199999928474426,False
concurrency_4_rank,12,3,5,"[4, 4, 3, 3]",4,False,False,4940526777767654,4940526782541598,28311552,4.667327880859375,False
scale_2_rank,12,3,5,"[1, 1, 0, 0]",1,False,False,4940526794408038,4940526794503567,0,0,False
scale_2_group,12,3,5,"[0, 1, 0, 1]",1,False,False,4940526806335837,4940526807236802,9437184,0.8332800269126892,False
two_pair_1_2,12,3,5,"[0, 1, 1, 0]",1,False,False,4940526817477265,4940526817542602,0,0,False
six_0,12,3,5,"[2, 2, 1, 1]",1,False,False,4940526828687937,4940526830292846,9437184,1.5622400045394897,False
scale_50_rank,12,3,5,"[13, 13, 12, 12]",1,False,False,4940526842219348,4940526860811856,113246208,18.520736694335938,False
scale_62_group,12,3,5,"[15, 16, 15, 16]",1,False,False,4940526872694799,4940526896696790,150994944,23.926912307739258,False
two_pair_2_3,12,3,5,"[0, 0, 1, 1]",1,False,False,4940526907320902,4940526908920978,9437184,1.5289280414581299,False
six_3,12,3,5,"[1, 1, 2, 2]",1,False,False,4940526919254694,4940526922413806,18874368,3.109920024871826,False
scale_10_rank,12,3,5,"[3, 3, 2, 2]",1,False,False,4940526932795307,4940526935951868,18874368,3.1095681190490723,False
remote_1,12,3,5,"[1, 2, 1, 2]",1,True,False,4940526947890628,4940526950310037,18874368,2.3603200912475586,False
scale_14_rank,12,3,5,"[4, 4, 3, 3]",1,False,False,4940526960663520,4940526965366781,28311552,4.6566081047058105,False
scale_8_group,12,3,5,"[2, 2, 2, 2]",1,False,False,4940526977323715,4940526980543817,18874368,3.1382079124450684,False
scale_14_group,12,3,5,"[3, 4, 3, 4]",1,False,False,4940526990884199,4940526996361892,37748736,5.43071985244751,False
two_single_2,12,3,5,"[0, 0, 2, 0]",1,False,False,4940527006722910,4940527006799224,0,0,False
remote_2,12,3,5,"[1, 1, 0, 0]",1,True,False,4940527018627617,4940527018691626,0,0,False
two_single_1,12,3,5,"[0, 2, 0, 0]",1,False,False,4940527030592296,4940527030677872,0,0,False
scale_4_group,12,3,5,"[1, 1, 1, 1]",1,False,False,4940527042512598,4940527044146106,9437184,1.5930240154266357,False
six_1,12,3,5,"[1, 2, 1, 2]",1,False,False,4940527054481793,4940527056890460,18874368,2.3616960048675537,False
concurrency_2_rank,12,3,5,"[4, 4, 3, 3]",2,False,False,4940527067217028,4940527071952591,28311552,4.664351940155029,False
scale_8_rank,12,3,5,"[2, 2, 2, 2]",1,False,False,4940527083877040,4940527087080018,18874368,3.1268160343170166,False
two_pair_1_3,12,3,5,"[0, 1, 0, 1]",1,False,False,4940527097505062,4940527098359257,9437184,0.810912013053894,False
two_pair_0_3,12,3,5,"[1, 0, 0, 1]",1,False,False,4940527108681945,4940527109537388,9437184,0.8124799728393555,False
scale_6_rank,12,3,5,"[2, 2, 1, 1]",1,False,False,4940527119880150,4940527121503541,9437184,1.5749119520187378,False
remote_3,12,3,5,"[1, 0, 1, 0]",1,True,False,4940527133497718,4940527133598127,0,0,False
six_2,12,3,5,"[2, 1, 2, 1]",1,False,False,4940527144696766,4940527146335545,9437184,1.5944000482559204,False
two_single_0,12,3,5,"[2, 0, 0, 0]",1,False,False,4940527157479227,4940527157552289,0,0,False
scale_50_group,12,3,5,"[12, 13, 12, 13]",1,False,False,4940527169599266,4940527188968950,122683392,19.280799865722656,False
scale_4_rank,12,3,5,"[1, 1, 1, 1]",1,False,False,4940527199322157,4940527200976233,9437184,1.5948480367660522,False
two_pair_0_2,12,3,5,"[1, 0, 1, 0]",1,False,False,4940527211300036,4940527211369160,0,0,False
two_single_3,12,3,5,"[0, 0, 0, 2]",1,False,False,4940527222507489,4940527224142378,18874368,1.5930240154266357,False
scale_10_group,12,3,5,"[2, 3, 2, 3]",1,False,False,4940527234416237,4940527238348394,28311552,3.8909120559692383,False
two_pair_0_1,12,3,5,"[1, 1, 0, 0]",1,False,False,4940527248696198,4940527248759868,0,0,False
scale_6_group,12,3,5,"[1, 2, 1, 2]",1,False,False,4940527260725623,4940527263159230,18874368,2.364192008972168,False
concurrency_2_group,12,3,5,"[3, 4, 3, 4]",2,False,False,4940527273525249,4940527279014336,37748736,5.427519798278809,False
remote_0,12,3,5,"[2, 2, 1, 1]",1,True,False,4940527289437414,4940527291041632,9437184,1.5623040199279785,False
concurrency_4_group,12,3,5,"[3, 4, 3, 4]",4,False,False,4940527302882177,4940527308409593,37748736,5.427680015563965,False
scale_62_rank,12,3,5,"[16, 16, 15, 15]",1,False,False,4940527318709769,4940527341893810,141557760,23.131071090698242,False
scale_50_rank,13,3,5,"[13, 13, 12, 12]",1,False,False,4940527353867998,4940527372470829,113246208,18.52524757385254,False
two_single_2,13,3,5,"[0, 0, 2, 0]",1,False,False,4940527384442326,4940527384538866,0,0,False
scale_14_group,13,3,5,"[3, 4, 3, 4]",1,False,False,4940527396511561,4940527401989897,37748736,5.416031837463379,False
scale_10_rank,13,3,5,"[3, 3, 2, 2]",1,False,False,4940527412337746,4940527415515376,18874368,3.130847930908203,False
scale_2_rank,13,3,5,"[1, 1, 0, 0]",1,False,False,4940527427396399,4940527427491224,0,0,False
remote_3,13,3,5,"[1, 0, 1, 0]",1,True,False,4940527439271032,4940527439371946,0,0,False
concurrency_4_rank,13,3,5,"[4, 4, 3, 3]",4,False,False,4940527450445776,4940527455249823,28311552,4.7063679695129395,False
concurrency_2_group,13,3,5,"[3, 4, 3, 4]",2,False,False,4940527467047728,4940527472561054,37748736,5.436192035675049,False
scale_4_rank,13,3,5,"[1, 1, 1, 1]",1,False,False,4940527482836463,4940527484453760,9437184,1.5596799850463867,False
scale_8_rank,13,3,5,"[2, 2, 2, 2]",1,False,False,4940527494732632,4940527497920032,18874368,3.133888006210327,False
two_pair_1_2,13,3,5,"[0, 1, 1, 0]",1,False,False,4940527508244528,4940527508310431,0,0,False
scale_8_group,13,3,5,"[2, 2, 2, 2]",1,False,False,4940527519369865,4940527522535929,18874368,3.1184000968933105,False
six_1,13,3,5,"[1, 2, 1, 2]",1,False,False,4940527532841616,4940527535236171,18874368,2.348543882369995,False
two_pair_0_2,13,3,5,"[1, 0, 1, 0]",1,False,False,4940527545587928,4940527545651344,0,0,False
concurrency_2_rank,13,3,5,"[4, 4, 3, 3]",2,False,False,4940527556714603,4940527561439561,28311552,4.657919883728027,False
scale_6_rank,13,3,5,"[2, 2, 1, 1]",1,False,False,4940527573208031,4940527574865676,9437184,1.5873600244522095,False
concurrency_4_group,13,3,5,"[3, 4, 3, 4]",4,False,False,4940527586612078,4940527592150959,37748736,5.358399868011475,False
two_single_1,13,3,5,"[0, 2, 0, 0]",1,False,False,4940527602476964,4940527602544216,0,0,False
scale_6_group,13,3,5,"[1, 2, 1, 2]",1,False,False,4940527614334501,4940527616737336,18874368,2.3431038856506348,False
remote_0,13,3,5,"[2, 2, 1, 1]",1,True,False,4940527627001646,4940527628617410,9437184,1.5715839862823486,False
scale_14_rank,13,3,5,"[4, 4, 3, 3]",1,False,False,4940527640492312,4940527645214982,28311552,4.461472034454346,False
scale_62_group,13,3,5,"[15, 16, 15, 16]",1,False,False,4940527657109146,4940527681090860,150994944,23.91539192199707,False
scale_2_group,13,3,5,"[0, 1, 0, 1]",1,False,False,4940527691459092,4940527692321518,9437184,0.8176640272140503,False
two_single_0,13,3,5,"[2, 0, 0, 0]",1,False,False,4940527702587586,4940527702646166,0,0,False
scale_4_group,13,3,5,"[1, 1, 1, 1]",1,False,False,4940527714438381,4940527716081510,9437184,1.581055998802185,False
six_2,13,3,5,"[2, 1, 2, 1]",1,False,False,4940527726364293,4940527727970693,9437184,1.5648319721221924,False
scale_50_group,13,3,5,"[12, 13, 12, 13]",1,False,False,4940527739039129,4940527758374094,122683392,19.2959041595459,False
scale_62_rank,13,3,5,"[16, 16, 15, 15]",1,False,False,4940527768721483,4940527791913028,141557760,23.132959365844727,False
scale_10_group,13,3,5,"[2, 3, 2, 3]",1,False,False,4940527803831312,4940527807804374,28311552,3.9075839519500732,False
remote_1,13,3,5,"[1, 2, 1, 2]",1,True,False,4940527818179245,4940527820586584,18874368,2.361599922180176,False
two_pair_1_3,13,3,5,"[0, 1, 0, 1]",1,False,False,4940527830870669,4940527831721219,9437184,0.8109440207481384,False
two_pair_0_3,13,3,5,"[1, 0, 0, 1]",1,False,False,4940527841973935,4940527842819759,9437184,0.8088639974594116,False
remote_2,13,3,5,"[1, 1, 0, 0]",1,True,False,4940527853064655,4940527853128898,0,0,False
two_single_3,13,3,5,"[0, 0, 0, 2]",1,False,False,4940527865084671,4940527866709308,18874368,1.5870399475097656,False
six_0,13,3,5,"[2, 2, 1, 1]",1,False,False,4940527877105621,4940527878677804,9437184,1.5307519435882568,False
two_pair_0_1,13,3,5,"[1, 1, 0, 0]",1,False,False,4940527890621948,4940527890689938,0,0,False
two_pair_2_3,13,3,5,"[0, 0, 1, 1]",1,False,False,4940527902499810,4940527904108098,9437184,1.5657919645309448,False
six_3,13,3,5,"[1, 1, 2, 2]",1,False,False,4940527914373721,4940527917518988,18874368,3.1010560989379883,False
scale_2_rank,14,3,5,"[1, 1, 0, 0]",1,False,False,4940527927891144,4940527927951421,0,0,False
scale_62_group,14,3,5,"[15, 16, 15, 16]",1,False,False,4940527939919257,4940527963898506,150994944,23.916799545288086,False
concurrency_2_group,14,3,5,"[3, 4, 3, 4]",2,False,False,4940527974257177,4940527979771306,37748736,5.43936014175415,False
concurrency_4_group,14,3,5,"[3, 4, 3, 4]",4,False,False,4940527990179153,4940527995723452,37748736,5.437727928161621,False
six_3,14,3,5,"[1, 1, 2, 2]",1,False,False,4940528006053112,4940528009245236,18874368,3.132607936859131,False
concurrency_2_rank,14,3,5,"[4, 4, 3, 3]",2,False,False,4940528019698847,4940528024409142,28311552,4.63753604888916,False
remote_0,14,3,5,"[2, 2, 1, 1]",1,True,False,4940528036297959,4940528037947952,9437184,1.579967975616455,False
two_pair_0_1,14,3,5,"[1, 1, 0, 0]",1,False,False,4940528049938995,4940528050035073,0,0,False
scale_50_rank,14,3,5,"[13, 13, 12, 12]",1,False,False,4940528061911520,4940528080538463,113246208,18.53968048095703,False
scale_4_group,14,3,5,"[1, 1, 1, 1]",1,False,False,4940528092416451,4940528094098418,9437184,1.605407953262329,False
six_2,14,3,5,"[2, 1, 2, 1]",1,False,False,4940528104494308,4940528106110039,9437184,1.5662720203399658,False
scale_62_rank,14,3,5,"[16, 16, 15, 15]",1,False,False,4940528117287517,4940528140442046,141557760,23.108736038208008,False
six_1,14,3,5,"[1, 2, 1, 2]",1,False,False,4940528152849535,4940528155285532,18874368,2.367583990097046,False
remote_3,14,3,5,"[1, 0, 1, 0]",1,True,False,4940528165651970,4940528165724863,0,0,False
scale_6_rank,14,3,5,"[2, 2, 1, 1]",1,False,False,4940528176879594,4940528178541215,9437184,1.606719970703125,False
two_pair_0_2,14,3,5,"[1, 0, 1, 0]",1,False,False,4940528190445923,4940528190536961,0,0,False
scale_50_group,14,3,5,"[12, 13, 12, 13]",1,False,False,4940528201690336,4940528221043997,122683392,19.286624908447266,False
scale_8_group,14,3,5,"[2, 2, 2, 2]",1,False,False,4940528231432337,4940528234642299,18874368,3.137216091156006,False
scale_14_group,14,3,5,"[3, 4, 3, 4]",1,False,False,4940528245097707,4940528250592193,37748736,5.43936014175415,False
scale_4_rank,14,3,5,"[1, 1, 1, 1]",1,False,False,4940528260924730,4940528262547046,9437184,1.571679949760437,False
two_pair_1_3,14,3,5,"[0, 1, 0, 1]",1,False,False,4940528272983700,4940528273847726,9437184,0.8141760230064392,False
scale_14_rank,14,3,5,"[4, 4, 3, 3]",1,False,False,4940528284169769,4940528288868165,28311552,4.6495680809021,False
two_pair_1_2,14,3,5,"[0, 1, 1, 0]",1,False,False,4940528300845100,4940528300918305,0,0,False
two_pair_2_3,14,3,5,"[0, 0, 1, 1]",1,False,False,4940528311997685,4940528313632144,9437184,1.5831999778747559,False
two_single_1,14,3,5,"[0, 2, 0, 0]",1,False,False,4940528324183307,4940528324245372,0,0,False
scale_8_rank,14,3,5,"[2, 2, 2, 2]",1,False,False,4940528336345335,4940528339530609,18874368,3.105855941772461,False
scale_6_group,14,3,5,"[1, 2, 1, 2]",1,False,False,4940528349916690,4940528352343125,18874368,2.3767359256744385,False
two_pair_0_3,14,3,5,"[1, 0, 0, 1]",1,False,False,4940528362715366,4940528363757350,9437184,0.8942400217056274,False
scale_10_rank,14,3,5,"[3, 3, 2, 2]",1,False,False,4940528374235369,4940528377443190,18874368,3.123136043548584,False
concurrency_4_rank,14,3,5,"[4, 4, 3, 3]",4,False,False,4940528389369654,4940528394117021,28311552,4.653759956359863,False
two_single_3,14,3,5,"[0, 0, 0, 2]",1,False,False,4940528406155393,4940528407811129,18874368,1.5917760133743286,False
remote_1,14,3,5,"[1, 2, 1, 2]",1,True,False,4940528418224384,4940528420629057,18874368,2.347872018814087,False
six_0,14,3,5,"[2, 2, 1, 1]",1,False,False,4940528430965768,4940528432591246,9437184,1.5784000158309937,False
scale_10_group,14,3,5,"[2, 3, 2, 3]",1,False,False,4940528444545017,4940528448517016,28311552,3.900736093521118,False
two_single_2,14,3,5,"[0, 0, 2, 0]",1,False,False,4940528458868326,4940528458936691,0,0,False
two_single_0,14,3,5,"[2, 0, 0, 0]",1,False,False,4940528470762016,4940528470822304,0,0,False
scale_2_group,14,3,5,"[0, 1, 0, 1]",1,False,False,4940528482804413,4940528483683002,9437184,0.8242560029029846,False
remote_2,14,3,5,"[1, 1, 0, 0]",1,True,False,4940528494029997,4940528494091654,0,0,False
six_3,15,3,5,"[1, 1, 2, 2]",1,False,False,4940528506097841,4940528509305115,18874368,3.1305599212646484,False
six_0,15,3,5,"[2, 2, 1, 1]",1,False,False,4940528519849986,4940528521499442,9437184,1.6032320261001587,False
scale_62_group,15,3,5,"[15, 16, 15, 16]",1,False,False,4940528533434482,4940528557416976,150994944,23.914207458496094,False
scale_6_group,15,3,5,"[1, 2, 1, 2]",1,False,False,4940528567764469,4940528570172369,18874368,2.357952117919922,False
scale_10_rank,15,3,5,"[3, 3, 2, 2]",1,False,False,4940528580549410,4940528583684132,18874368,3.0889599323272705,False
scale_10_group,15,3,5,"[2, 3, 2, 3]",1,False,False,4940528595631901,4940528599594929,28311552,3.901279926300049,False
scale_2_group,15,3,5,"[0, 1, 0, 1]",1,False,False,4940528609961025,4940528610841011,9437184,0.818943977355957,False
two_single_1,15,3,5,"[0, 2, 0, 0]",1,False,False,4940528621117137,4940528621178347,0,0,False
six_2,15,3,5,"[2, 1, 2, 1]",1,False,False,4940528633228305,4940528634832585,9437184,1.556928038597107,False
scale_4_group,15,3,5,"[1, 1, 1, 1]",1,False,False,4940528645970662,4940528647580091,9437184,1.5689599514007568,False
scale_14_rank,15,3,5,"[4, 4, 3, 3]",1,False,False,4940528657958454,4940528662673915,28311552,4.665472030639648,False
scale_62_rank,15,3,5,"[16, 16, 15, 15]",1,False,False,4940528674470261,4940528697676140,141557760,23.15705680847168,False
concurrency_2_rank,15,3,5,"[4, 4, 3, 3]",2,False,False,4940528709509087,4940528714226097,28311552,4.643455982208252,False
remote_2,15,3,5,"[1, 1, 0, 0]",1,True,False,4940528726138879,4940528726211026,0,0,False
two_pair_1_3,15,3,5,"[0, 1, 0, 1]",1,False,False,4940528738175838,4940528739040870,9437184,0.821183979511261,False
remote_1,15,3,5,"[1, 2, 1, 2]",1,True,False,4940528749361646,4940528751752429,18874368,2.352191925048828,False
concurrency_2_group,15,3,5,"[3, 4, 3, 4]",2,False,False,4940528762223051,4940528767716257,37748736,5.4331841468811035,False
remote_0,15,3,5,"[2, 2, 1, 1]",1,True,False,4940528778109792,4940528779703485,9437184,1.5454399585723877,False
scale_2_rank,15,3,5,"[1, 1, 0, 0]",1,False,False,4940528791709591,4940528791796526,0,0,False
two_pair_1_2,15,3,5,"[0, 1, 1, 0]",1,False,False,4940528803767386,4940528803851731,0,0,False
concurrency_4_group,15,3,5,"[3, 4, 3, 4]",4,False,False,4940528814892180,4940528820427339,37748736,5.416543960571289,False
two_single_3,15,3,5,"[0, 0, 0, 2]",1,False,False,4940528830773267,4940528832423991,18874368,1.5958399772644043,False
concurrency_4_rank,15,3,5,"[4, 4, 3, 3]",4,False,False,4940528842712407,4940528847131360,28311552,4.317791938781738,False
two_single_0,15,3,5,"[2, 0, 0, 0]",1,False,False,4940528859432748,4940528859498783,0,0,False
scale_8_rank,15,3,5,"[2, 2, 2, 2]",1,False,False,4940528871577226,4940528874773219,18874368,3.1246719360351562,False
scale_8_group,15,3,5,"[2, 2, 2, 2]",1,False,False,4940528885144833,4940528888310104,18874368,3.1217598915100098,False
two_pair_0_2,15,3,5,"[1, 0, 1, 0]",1,False,False,4940528898655890,4940528898713634,0,0,False
scale_50_rank,15,3,5,"[13, 13, 12, 12]",1,False,False,4940528909830050,4940528928390290,113246208,18.511072158813477,False
scale_50_group,15,3,5,"[12, 13, 12, 13]",1,False,False,4940528940361144,4940528959764634,122683392,19.327360153198242,False
two_pair_0_3,15,3,5,"[1, 0, 0, 1]",1,False,False,4940528970165009,4940528971039448,9437184,0.8199040293693542,False
two_pair_0_1,15,3,5,"[1, 1, 0, 0]",1,False,False,4940528981441393,4940528981511197,0,0,False
two_single_2,15,3,5,"[0, 0, 2, 0]",1,False,False,4940528993633621,4940528993730594,0,0,False
scale_14_group,15,3,5,"[3, 4, 3, 4]",1,False,False,4940529005669727,4940529011170123,37748736,5.424255847930908,False
two_pair_2_3,15,3,5,"[0, 0, 1, 1]",1,False,False,4940529021557815,4940529023207517,9437184,1.5888320207595825,False
scale_4_rank,15,3,5,"[1, 1, 1, 1]",1,False,False,4940529033722417,4940529035339702,9437184,1.5766079425811768,False
six_1,15,3,5,"[1, 2, 1, 2]",1,False,False,4940529045748582,4940529048148248,18874368,2.355520009994507,False
scale_6_rank,15,3,5,"[2, 2, 1, 1]",1,False,False,4940529058506542,4940529060133196,9437184,1.5802240371704102,False
remote_3,15,3,5,"[1, 0, 1, 0]",1,True,False,4940529072047222,4940529072112769,0,0,False
two_single_1,16,3,5,"[0, 2, 0, 0]",1,False,False,4940529083290758,4940529083352068,0,0,False
six_0,16,3,5,"[2, 2, 1, 1]",1,False,False,4940529095192284,4940529096847289,9437184,1.5935039520263672,False
two_pair_1_2,16,3,5,"[0, 1, 1, 0]",1,False,False,4940529108696048,4940529108780370,0,0,False
remote_2,16,3,5,"[1, 1, 0, 0]",1,True,False,4940529119857827,4940529119920194,0,0,False
two_pair_2_3,16,3,5,"[0, 0, 1, 1]",1,False,False,4940529131905757,4940529133568833,9437184,1.5972479581832886,False
concurrency_4_group,16,3,5,"[3, 4, 3, 4]",4,False,False,4940529144056178,4940529149613201,37748736,5.451168060302734,False
scale_10_rank,16,3,5,"[3, 3, 2, 2]",1,False,False,4940529159995800,4940529163162656,18874368,3.11411190032959,False
scale_6_group,16,3,5,"[1, 2, 1, 2]",1,False,False,4940529175030429,4940529177456914,18874368,2.3655359745025635,False
scale_14_rank,16,3,5,"[4, 4, 3, 3]",1,False,False,4940529187754135,4940529192470779,28311552,4.657599925994873,False
scale_62_rank,16,3,5,"[16, 16, 15, 15]",1,False,False,4940529204348330,4940529227603317,141557760,23.17308807373047,False
scale_10_group,16,3,5,"[2, 3, 2, 3]",1,False,False,4940529239477071,4940529243459022,28311552,3.911936044692993,False
scale_50_rank,16,3,5,"[13, 13, 12, 12]",1,False,False,4940529253813107,4940529272378866,113246208,18.51398468017578,False
concurrency_2_group,16,3,5,"[3, 4, 3, 4]",2,False,False,4940529284286347,4940529289798218,37748736,5.420544147491455,False
two_single_0,16,3,5,"[2, 0, 0, 0]",1,False,False,4940529300177620,4940529300245478,0,0,False
scale_14_group,16,3,5,"[3, 4, 3, 4]",1,False,False,4940529312332676,4940529317834894,37748736,5.437344074249268,False
two_pair_1_3,16,3,5,"[0, 1, 0, 1]",1,False,False,4940529328310200,4940529329174020,9437184,0.814848005771637,False
six_3,16,3,5,"[1, 1, 2, 2]",1,False,False,4940529339506229,4940529342667414,18874368,3.114016056060791,False
two_pair_0_1,16,3,5,"[1, 1, 0, 0]",1,False,False,4940529353082795,4940529353148508,0,0,False
two_pair_0_2,16,3,5,"[1, 0, 1, 0]",1,False,False,4940529365131438,4940529365222625,0,0,False
scale_2_rank,16,3,5,"[1, 1, 0, 0]",1,False,False,4940529376301084,4940529376359054,0,0,False
scale_2_group,16,3,5,"[0, 1, 0, 1]",1,False,False,4940529388310116,4940529389198302,9437184,0.828000009059906,False
scale_50_group,16,3,5,"[12, 13, 12, 13]",1,False,False,4940529399533120,4940529418877476,122683392,19.29897689819336,False
scale_4_group,16,3,5,"[1, 1, 1, 1]",1,False,False,4940529429189560,4940529430839918,9437184,1.5971519947052002,False
two_single_3,16,3,5,"[0, 0, 0, 2]",1,False,False,4940529441196131,4940529442831437,18874368,1.5937600135803223,False
two_single_2,16,3,5,"[0, 0, 2, 0]",1,False,False,4940529453197582,4940529453258662,0,0,False
six_2,16,3,5,"[2, 1, 2, 1]",1,False,False,4940529465167998,4940529466778713,9437184,1.5669759511947632,False
scale_62_group,16,3,5,"[15, 16, 15, 16]",1,False,False,4940529477897579,4940529501846354,150994944,23.902496337890625,False
remote_1,16,3,5,"[1, 2, 1, 2]",1,True,False,4940529512294790,4940529514698552,18874368,2.359391927719116,False
scale_6_rank,16,3,5,"[2, 2, 1, 1]",1,False,False,4940529525084323,4940529526691552,9437184,1.5601919889450073,False
remote_0,16,3,5,"[2, 2, 1, 1]",1,True,False,4940529538612580,4940529540229045,9437184,1.5678399801254272,False
scale_8_group,16,3,5,"[2, 2, 2, 2]",1,False,False,4940529552191929,4940529555378185,18874368,3.1256000995635986,False
two_pair_0_3,16,3,5,"[1, 0, 0, 1]",1,False,False,4940529565781721,4940529566630052,9437184,0.8080319762229919,False
scale_8_rank,16,3,5,"[2, 2, 2, 2]",1,False,False,4940529576959982,4940529580110600,18874368,3.10915207862854,False
concurrency_2_rank,16,3,5,"[4, 4, 3, 3]",2,False,False,4940529590489938,4940529595203437,28311552,4.646912097930908,False
six_1,16,3,5,"[1, 2, 1, 2]",1,False,False,4940529607084021,4940529609518284,18874368,2.3678719997406006,False
scale_4_rank,16,3,5,"[1, 1, 1, 1]",1,False,False,4940529619856206,4940529621507114,9437184,1.5782719850540161,False
concurrency_4_rank,16,3,5,"[4, 4, 3, 3]",4,False,False,4940529631898477,4940529636688466,28311552,4.694399833679199,False
remote_3,16,3,5,"[1, 0, 1, 0]",1,True,False,4940529648587043,4940529648667520,0,0,False
six_3,17,3,5,"[1, 1, 2, 2]",1,False,False,4940529659808386,4940529662990065,18874368,3.1242239475250244,False
concurrency_4_group,17,3,5,"[3, 4, 3, 4]",4,False,False,4940529673469761,4940529679078791,37748736,5.4628801345825195,False
two_single_3,17,3,5,"[0, 0, 0, 2]",1,False,False,4940529689409773,4940529691080187,18874368,1.6023999452590942,False
two_pair_1_3,17,3,5,"[0, 1, 0, 1]",1,False,False,4940529701589987,4940529702454759,9437184,0.8161919713020325,False
scale_2_rank,17,3,5,"[1, 1, 0, 0]",1,False,False,4940529712809086,4940529712877068,0,0,False
scale_10_rank,17,3,5,"[3, 3, 2, 2]",1,False,False,4940529724791586,4940529727920651,18874368,3.08569598197937,False
two_pair_0_1,17,3,5,"[1, 1, 0, 0]",1,False,False,4940529739895704,4940529740004098,0,0,False
concurrency_2_rank,17,3,5,"[4, 4, 3, 3]",2,False,False,4940529751920697,4940529756712040,28311552,4.6899518966674805,False
scale_8_group,17,3,5,"[2, 2, 2, 2]",1,False,False,4940529768534941,4940529771714050,18874368,3.1198720932006836,False
six_2,17,3,5,"[2, 1, 2, 1]",1,False,False,4940529782109346,4940529783726571,9437184,1.5672639608383179,False
scale_14_rank,17,3,5,"[4, 4, 3, 3]",1,False,False,4940529794844451,4940529799545615,28311552,4.650112152099609,False
scale_50_rank,17,3,5,"[13, 13, 12, 12]",1,False,False,4940529811445302,4940529830092140,113246208,18.55958366394043,False
remote_1,17,3,5,"[1, 2, 1, 2]",1,True,False,4940529841929504,4940529844379349,18874368,2.373152017593384,False
two_pair_0_3,17,3,5,"[1, 0, 0, 1]",1,False,False,4940529854701546,4940529855573301,9437184,0.8198720216751099,False
concurrency_2_group,17,3,5,"[3, 4, 3, 4]",2,False,False,4940529865933510,4940529871432405,37748736,5.430528163909912,False
concurrency_4_rank,17,3,5,"[4, 4, 3, 3]",4,False,False,4940529881804411,4940529886571020,28311552,4.673791885375977,False
two_single_2,17,3,5,"[0, 0, 2, 0]",1,False,False,4940529898455840,4940529898544083,0,0,False
two_pair_2_3,17,3,5,"[0, 0, 1, 1]",1,False,False,4940529910333091,4940529911962038,9437184,1.586527943611145,False
two_pair_0_2,17,3,5,"[1, 0, 1, 0]",1,False,False,4940529922453919,4940529922525820,0,0,False
remote_3,17,3,5,"[1, 0, 1, 0]",1,True,False,4940529933688921,4940529933784794,0,0,False
two_single_0,17,3,5,"[2, 0, 0, 0]",1,False,False,4940529944878489,4940529944940465,0,0,False
scale_62_group,17,3,5,"[15, 16, 15, 16]",1,False,False,4940529956861460,4940529980856451,150994944,23.932159423828125,False
remote_0,17,3,5,"[2, 2, 1, 1]",1,True,False,4940529991144900,4940529992764261,9437184,1.5711679458618164,False
scale_8_rank,17,3,5,"[2, 2, 2, 2]",1,False,False,4940530004734947,4940530007936282,18874368,3.1301119327545166,False
scale_50_group,17,3,5,"[12, 13, 12, 13]",1,False,False,4940530018303079,4940530037684867,122683392,19.313312530517578,False
scale_2_group,17,3,5,"[0, 1, 0, 1]",1,False,False,4940530048058001,4940530048942221,9437184,0.8273280262947083,False
remote_2,17,3,5,"[1, 1, 0, 0]",1,True,False,4940530059230753,4940530059297329,0,0,False
six_1,17,3,5,"[1, 2, 1, 2]",1,False,False,4940530071184456,4940530073618425,18874368,2.3656320571899414,False
scale_6_group,17,3,5,"[1, 2, 1, 2]",1,False,False,4940530083970958,4940530086368060,18874368,2.354048013687134,False
six_0,17,3,5,"[2, 2, 1, 1]",1,False,False,4940530096725085,4940530098344481,9437184,1.5753920078277588,False
scale_62_rank,17,3,5,"[16, 16, 15, 15]",1,False,False,4940530110305581,4940530133524701,141557760,23.142879486083984,False
scale_6_rank,17,3,5,"[2, 2, 1, 1]",1,False,False,4940530145489866,4940530147168372,9437184,1.6015039682388306,False
scale_4_rank,17,3,5,"[1, 1, 1, 1]",1,False,False,4940530159102973,4940530160748146,9437184,1.5841920375823975,False
two_single_1,17,3,5,"[0, 2, 0, 0]",1,False,False,4940530171134337,4940530171208298,0,0,False
scale_4_group,17,3,5,"[1, 1, 1, 1]",1,False,False,4940530183049179,4940530184707901,9437184,1.6000959873199463,False
scale_10_group,17,3,5,"[2, 3, 2, 3]",1,False,False,4940530195039933,4940530198976809,28311552,3.8934719562530518,False
two_pair_1_2,17,3,5,"[0, 1, 1, 0]",1,False,False,4940530209286725,4940530209359830,0,0,False
scale_14_group,17,3,5,"[3, 4, 3, 4]",1,False,False,4940530220461206,4940530225948413,37748736,5.437920093536377,False
two_single_2,18,3,5,"[0, 0, 2, 0]",1,False,False,4940530236335989,4940530236438162,0,0,False
two_pair_0_2,18,3,5,"[1, 0, 1, 0]",1,False,False,4940530248398018,4940530248481006,0,0,False
scale_50_rank,18,3,5,"[13, 13, 12, 12]",1,False,False,4940530259588852,4940530278162541,113246208,18.527679443359375,False
scale_8_group,18,3,5,"[2, 2, 2, 2]",1,False,False,4940530290124539,4940530293300135,18874368,3.1167678833007812,False
concurrency_4_group,18,3,5,"[3, 4, 3, 4]",4,False,False,4940530303666055,4940530309199996,37748736,5.429120063781738,False
six_0,18,3,5,"[2, 2, 1, 1]",1,False,False,4940530319553848,4940530321188619,9437184,1.5779199600219727,False
concurrency_2_rank,18,3,5,"[4, 4, 3, 3]",2,False,False,4940530333083397,4940530337844724,28311552,4.67091178894043,False
scale_4_rank,18,3,5,"[1, 1, 1, 1]",1,False,False,4940530349717262,4940530351361760,9437184,1.5731840133666992,False
six_1,18,3,5,"[1, 2, 1, 2]",1,False,False,4940530361735625,4940530364137243,18874368,2.357503890991211,False
scale_10_rank,18,3,5,"[3, 3, 2, 2]",1,False,False,4940530374466069,4940530377602707,18874368,3.0918080806732178,False
six_3,18,3,5,"[1, 1, 2, 2]",1,False,False,4940530389551383,4940530392736157,18874368,3.123487949371338,False
scale_62_group,18,3,5,"[15, 16, 15, 16]",1,False,False,4940530403178422,4940530427126400,150994944,23.898656845092773,False
scale_2_rank,18,3,5,"[1, 1, 0, 0]",1,False,False,4940530437464837,4940530437560728,0,0,False
scale_6_group,18,3,5,"[1, 2, 1, 2]",1,False,False,4940530449466308,4940530451925225,18874368,2.306943893432617,False
remote_1,18,3,5,"[1, 2, 1, 2]",1,True,False,4940530462313600,4940530464775814,18874368,2.3798398971557617,False
remote_2,18,3,5,"[1, 1, 0, 0]",1,True,False,4940530475101823,4940530475165385,0,0,False
two_single_1,18,3,5,"[0, 2, 0, 0]",1,False,False,4940530487059207,4940530487123899,0,0,False
scale_4_group,18,3,5,"[1, 1, 1, 1]",1,False,False,4940530499048703,4940530500689298,9437184,1.6027840375900269,False
scale_8_rank,18,3,5,"[2, 2, 2, 2]",1,False,False,4940530511056419,4940530514224999,18874368,3.1182079315185547,False
scale_50_group,18,3,5,"[12, 13, 12, 13]",1,False,False,4940530524633770,4940530543975946,122683392,19.28816032409668,False
remote_3,18,3,5,"[1, 0, 1, 0]",1,True,False,4940530554359138,4940530554439186,0,0,False
scale_10_group,18,3,5,"[2, 3, 2, 3]",1,False,False,4940530565557283,4940530569510178,28311552,3.8963520526885986,False
scale_14_group,18,3,5,"[3, 4, 3, 4]",1,False,False,4940530579785490,4940530585258552,37748736,5.425343990325928,False
two_pair_2_3,18,3,5,"[0, 0, 1, 1]",1,False,False,4940530595576801,4940530597194492,9437184,1.5780479907989502,False
concurrency_2_group,18,3,5,"[3, 4, 3, 4]",2,False,False,4940530607578956,4940530613065714,37748736,5.424799919128418,False
two_pair_0_3,18,3,5,"[1, 0, 0, 1]",1,False,False,4940530623382264,4940530624236864,9437184,0.811680018901825,False
scale_62_rank,18,3,5,"[16, 16, 15, 15]",1,False,False,4940530634564981,4940530657757156,141557760,23.143871307373047,False
scale_6_rank,18,3,5,"[2, 2, 1, 1]",1,False,False,4940530669662330,4940530671318427,9437184,1.5922240018844604,False
remote_0,18,3,5,"[2, 2, 1, 1]",1,True,False,4940530683166166,4940530684805965,9437184,1.5800960063934326,False
six_2,18,3,5,"[2, 1, 2, 1]",1,False,False,4940530696723474,4940530698370261,9437184,1.5747519731521606,False
two_single_0,18,3,5,"[2, 0, 0, 0]",1,False,False,4940530709519392,4940530709596768,0,0,False
concurrency_4_rank,18,3,5,"[4, 4, 3, 3]",4,False,False,4940530721546175,4940530726295719,28311552,4.658559799194336,False
scale_2_group,18,3,5,"[0, 1, 0, 1]",1,False,False,4940530738290026,4940530739174187,9437184,0.8228480219841003,False
scale_14_rank,18,3,5,"[4, 4, 3, 3]",1,False,False,4940530749457645,4940530754140749,28311552,4.641983985900879,False
two_pair_0_1,18,3,5,"[1, 1, 0, 0]",1,False,False,4940530766047632,4940530766139310,0,0,False
two_pair_1_2,18,3,5,"[0, 1, 1, 0]",1,False,False,4940530778044708,4940530778131707,0,0,False
two_single_3,18,3,5,"[0, 0, 0, 2]",1,False,False,4940530789212578,4940530790844070,18874368,1.5944000482559204,False
two_pair_1_3,18,3,5,"[0, 1, 0, 1]",1,False,False,4940530801247552,4940530802102948,9437184,0.8128640055656433,False
scale_10_rank,19,3,5,"[3, 3, 2, 2]",1,False,False,4940530812439715,4940530815568053,18874368,3.0869760513305664,False
two_pair_0_1,19,3,5,"[1, 1, 0, 0]",1,False,False,4940530827530926,4940530827619180,0,0,False
two_pair_0_2,19,3,5,"[1, 0, 1, 0]",1,False,False,4940530839547390,4940530839638031,0,0,False
scale_50_rank,19,3,5,"[13, 13, 12, 12]",1,False,False,4940530850705343,4940530869270265,113246208,18.518463134765625,False
two_pair_2_3,19,3,5,"[0, 0, 1, 1]",1,False,False,4940530881161082,4940530882828952,9437184,1.5985280275344849,False
concurrency_4_rank,19,3,5,"[4, 4, 3, 3]",4,False,False,4940530893118550,4940530897919750,28311552,4.695744037628174,False
scale_50_group,19,3,5,"[12, 13, 12, 13]",1,False,False,4940530909835879,4940530929255038,122683392,19.338560104370117,False
remote_0,19,3,5,"[2, 2, 1, 1]",1,True,False,4940530939625440,4940530941288123,9437184,1.6022720336914062,False
scale_4_rank,19,3,5,"[1, 1, 1, 1]",1,False,False,4940530953161864,4940530954814882,9437184,1.5911680459976196,False
six_3,19,3,5,"[1, 1, 2, 2]",1,False,False,4940530965182911,4940530968356350,18874368,3.125119924545288,False
concurrency_4_group,19,3,5,"[3, 4, 3, 4]",4,False,False,4940530978664738,4940530984212884,37748736,5.441887855529785,False
six_0,19,3,5,"[2, 2, 1, 1]",1,False,False,4940530994495292,4940530996145189,9437184,1.5908160209655762,False
two_single_2,19,3,5,"[0, 0, 2, 0]",1,False,False,4940531008030792,4940531008213467,0,0,False
scale_6_rank,19,3,5,"[2, 2, 1, 1]",1,False,False,4940531020048229,4940531021699527,9437184,1.5517120361328125,False
scale_8_rank,19,3,5,"[2, 2, 2, 2]",1,False,False,4940531033633882,4940531036826012,18874368,3.1144959926605225,False
scale_62_group,19,3,5,"[15, 16, 15, 16]",1,False,False,4940531047174455,4940531071143094,150994944,23.9204158782959,False
scale_62_rank,19,3,5,"[16, 16, 15, 15]",1,False,False,4940531081542867,4940531104602300,141557760,22.9998722076416,False
scale_2_group,19,3,5,"[0, 1, 0, 1]",1,False,False,4940531116629960,4940531117535398,9437184,0.8324480056762695,False
scale_4_group,19,3,5,"[1, 1, 1, 1]",1,False,False,4940531127892513,4940531129526378,9437184,1.5804799795150757,False
two_pair_1_3,19,3,5,"[0, 1, 0, 1]",1,False,False,4940531139891063,4940531140756123,9437184,0.8184000253677368,False
scale_2_rank,19,3,5,"[1, 1, 0, 0]",1,False,False,4940531151065256,4940531151132238,0,0,False
six_2,19,3,5,"[2, 1, 2, 1]",1,False,False,4940531163012194,4940531164640405,9437184,1.5802240371704102,False
two_single_0,19,3,5,"[2, 0, 0, 0]",1,False,False,4940531175765937,4940531175845829,0,0,False
scale_6_group,19,3,5,"[1, 2, 1, 2]",1,False,False,4940531187796732,4940531190277716,18874368,2.3857920169830322,False
two_single_3,19,3,5,"[0, 0, 0, 2]",1,False,False,4940531200661584,4940531202315734,18874368,1.5932799577713013,False
six_1,19,3,5,"[1, 2, 1, 2]",1,False,False,4940531212754266,4940531215154858,18874368,2.3532800674438477,False
concurrency_2_group,19,3,5,"[3, 4, 3, 4]",2,False,False,4940531225563754,4940531231055937,37748736,5.427584171295166,False
remote_2,19,3,5,"[1, 1, 0, 0]",1,True,False,4940531241438371,4940531241500431,0,0,False
scale_8_group,19,3,5,"[2, 2, 2, 2]",1,False,False,4940531253490777,4940531256692053,18874368,3.112031936645508,False
scale_14_rank,19,3,5,"[4, 4, 3, 3]",1,False,False,4940531266984543,4940531271638854,28311552,4.605055809020996,False
scale_10_group,19,3,5,"[2, 3, 2, 3]",1,False,False,4940531283653491,4940531287618710,28311552,3.89683198928833,False
two_single_1,19,3,5,"[0, 2, 0, 0]",1,False,False,4940531297997945,4940531298063459,0,0,False
scale_14_group,19,3,5,"[3, 4, 3, 4]",1,False,False,4940531309947513,4940531315448442,37748736,5.436672210693359,False
remote_1,19,3,5,"[1, 2, 1, 2]",1,True,False,4940531325799319,4940531328194406,18874368,2.3511040210723877,False
concurrency_2_rank,19,3,5,"[4, 4, 3, 3]",2,False,False,4940531338489069,4940531343208834,28311552,4.655776023864746,False
two_pair_1_2,19,3,5,"[0, 1, 1, 0]",1,False,False,4940531355045292,4940531355285654,0,0,False
two_pair_0_3,19,3,5,"[1, 0, 0, 1]",1,False,False,4940531366299820,4940531367164987,9437184,0.8227199912071228,False
remote_3,19,3,5,"[1, 0, 1, 0]",1,True,False,4940531377508230,4940531377571243,0,0,False
concurrency_2_rank,20,3,5,"[4, 4, 3, 3]",2,False,False,4940531388716172,4940531393453845,28311552,4.659711837768555,False
six_2,20,3,5,"[2, 1, 2, 1]",1,False,False,4940531405352737,4940531407013422,9437184,1.591647982597351,False
scale_6_group,20,3,5,"[1, 2, 1, 2]",1,False,False,4940531418124203,4940531420538263,18874368,2.3590080738067627,False
scale_8_rank,20,3,5,"[2, 2, 2, 2]",1,False,False,4940531430829606,4940531433997444,18874368,3.1165120601654053,False
remote_1,20,3,5,"[1, 2, 1, 2]",1,True,False,4940531444357980,4940531446753050,18874368,2.3505918979644775,False
two_single_3,20,3,5,"[0, 0, 0, 2]",1,False,False,4940531457089528,4940531458765977,18874368,1.6029119491577148,False
concurrency_4_group,20,3,5,"[3, 4, 3, 4]",4,False,False,4940531469201501,4940531474734072,37748736,5.42848014831543,False
scale_4_group,20,3,5,"[1, 1, 1, 1]",1,False,False,4940531485104232,4940531486719486,9437184,1.5628479719161987,False
scale_14_rank,20,3,5,"[4, 4, 3, 3]",1,False,False,4940531497112944,4940531501824095,28311552,4.656256198883057,False
two_single_1,20,3,5,"[0, 2, 0, 0]",1,False,False,4940531513927473,4940531514027664,0,0,False
two_pair_2_3,20,3,5,"[0, 0, 1, 1]",1,False,False,4940531526087748,4940531527749653,9437184,1.5975359678268433,False
six_3,20,3,5,"[1, 1, 2, 2]",1,False,False,4940531538134223,4940531541289633,18874368,3.1103999614715576,False
two_pair_1_2,20,3,5,"[0, 1, 1, 0]",1,False,False,4940531551697597,4940531551754467,0,0,False
two_single_0,20,3,5,"[2, 0, 0, 0]",1,False,False,4940531562839833,4940531562893328,0,0,False
two_pair_0_1,20,3,5,"[1, 1, 0, 0]",1,False,False,4940531574726906,4940531574792295,0,0,False
remote_2,20,3,5,"[1, 1, 0, 0]",1,True,False,4940531586667040,4940531586733741,0,0,False
remote_3,20,3,5,"[1, 0, 1, 0]",1,True,False,4940531598570074,4940531598660788,0,0,False
scale_10_group,20,3,5,"[2, 3, 2, 3]",1,False,False,4940531609710734,4940531613666404,28311552,3.9075520038604736,False
remote_0,20,3,5,"[2, 2, 1, 1]",1,True,False,4940531624009549,4940531625641787,9437184,1.5849920511245728,False
six_1,20,3,5,"[1, 2, 1, 2]",1,False,False,4940531637539523,4940531639963681,18874368,2.3606719970703125,False
scale_6_rank,20,3,5,"[2, 2, 1, 1]",1,False,False,4940531650287930,4940531651912638,9437184,1.5765759944915771,False
two_pair_0_3,20,3,5,"[1, 0, 0, 1]",1,False,False,4940531663857276,4940531664743720,9437184,0.821183979511261,False
six_0,20,3,5,"[2, 2, 1, 1]",1,False,False,4940531675050083,4940531676635922,9437184,1.5405759811401367,False
scale_2_rank,20,3,5,"[1, 1, 0, 0]",1,False,False,4940531688695292,4940531688785008,0,0,False
scale_62_rank,20,3,5,"[16, 16, 15, 15]",1,False,False,4940531700742921,4940531723948417,141557760,23.13884735107422,False
concurrency_4_rank,20,3,5,"[4, 4, 3, 3]",4,False,False,4940531735798346,4940531740606007,28311552,4.693759918212891,False
scale_50_group,20,3,5,"[12, 13, 12, 13]",1,False,False,4940531752501497,4940531771901950,122683392,19.330591201782227,False
two_pair_0_2,20,3,5,"[1, 0, 1, 0]",1,False,False,4940531782259539,4940531782342639,0,0,False
scale_2_group,20,3,5,"[0, 1, 0, 1]",1,False,False,4940531793431810,4940531794293783,9437184,0.8197439908981323,False
two_single_2,20,3,5,"[0, 0, 2, 0]",1,False,False,4940531804614966,4940531804685276,0,0,False
scale_10_rank,20,3,5,"[3, 3, 2, 2]",1,False,False,4940531816705768,4940531819886803,18874368,3.110975980758667,False
scale_50_rank,20,3,5,"[13, 13, 12, 12]",1,False,False,4940531831850643,4940531850437907,113246208,18.523040771484375,False
scale_8_group,20,3,5,"[2, 2, 2, 2]",1,False,False,4940531862268452,4940531865476389,18874368,3.117664098739624,False
concurrency_2_group,20,3,5,"[3, 4, 3, 4]",2,False,False,4940531875901696,4940531881431213,37748736,5.451104164123535,False
scale_14_group,20,3,5,"[3, 4, 3, 4]",1,False,False,4940531891756733,4940531897257210,37748736,5.443583965301514,False
scale_62_group,20,3,5,"[15, 16, 15, 16]",1,False,False,4940531907579242,4940531931558717,150994944,23.923200607299805,False
two_pair_1_3,20,3,5,"[0, 1, 0, 1]",1,False,False,4940531941928800,4940531942803370,9437184,0.8244479894638062,False
scale_4_rank,20,3,5,"[1, 1, 1, 1]",1,False,False,4940531953119740,4940531954718435,9437184,1.5523840188980103,False
scale_8_rank,21,3,5,"[2, 2, 2, 2]",1,False,False,4940531965143887,4940531968300761,18874368,3.110624074935913,False
remote_0,21,3,5,"[2, 2, 1, 1]",1,True,False,4940531978681362,4940531980300076,9437184,1.5673919916152954,False
remote_1,21,3,5,"[1, 2, 1, 2]",1,True,False,4940531992209926,4940531994628053,18874368,2.3621439933776855,False
six_3,21,3,5,"[1, 1, 2, 2]",1,False,False,4940532005031239,4940532008213411,18874368,3.1234560012817383,False
two_single_3,21,3,5,"[0, 0, 0, 2]",1,False,False,4940532018533551,4940532020165563,18874368,1.588927984237671,False
scale_62_rank,21,3,5,"[16, 16, 15, 15]",1,False,False,4940532030472389,4940532053640184,141557760,23.121824264526367,False
remote_3,21,3,5,"[1, 0, 1, 0]",1,True,False,4940532065727685,4940532065841987,0,0,False
scale_14_group,21,3,5,"[3, 4, 3, 4]",1,False,False,4940532076958042,4940532082466240,37748736,5.448160171508789,False
concurrency_4_group,21,3,5,"[3, 4, 3, 4]",4,False,False,4940532092796748,4940532098337801,37748736,5.4352641105651855,False
scale_50_rank,21,3,5,"[13, 13, 12, 12]",1,False,False,4940532108693905,4940532127215736,113246208,18.47279930114746,False
concurrency_2_group,21,3,5,"[3, 4, 3, 4]",2,False,False,4940532139131112,4940532144682089,37748736,5.315968036651611,False
two_single_1,21,3,5,"[0, 2, 0, 0]",1,False,False,4940532155074386,4940532155169603,0,0,False
scale_6_rank,21,3,5,"[2, 2, 1, 1]",1,False,False,4940532167008982,4940532168672778,9437184,1.6000319719314575,False
scale_2_group,21,3,5,"[0, 1, 0, 1]",1,False,False,4940532180521454,4940532181449358,9437184,0.8442239761352539,False
scale_6_group,21,3,5,"[1, 2, 1, 2]",1,False,False,4940532191815871,4940532194245808,18874368,2.3696320056915283,False
two_pair_0_2,21,3,5,"[1, 0, 1, 0]",1,False,False,4940532204587703,4940532204666137,0,0,False
scale_8_group,21,3,5,"[2, 2, 2, 2]",1,False,False,4940532215801328,4940532219000192,18874368,3.137216091156006,False
scale_10_group,21,3,5,"[2, 3, 2, 3]",1,False,False,4940532229384333,4940532233347019,28311552,3.9053759574890137,False
six_1,21,3,5,"[1, 2, 1, 2]",1,False,False,4940532243725789,4940532246158196,18874368,2.356127977371216,False
six_2,21,3,5,"[2, 1, 2, 1]",1,False,False,4940532256492564,4940532258241743,9437184,1.6332160234451294,False
concurrency_2_rank,21,3,5,"[4, 4, 3, 3]",2,False,False,4940532269280855,4940532274049786,28311552,4.60975980758667,False
remote_2,21,3,5,"[1, 1, 0, 0]",1,True,False,4940532286057861,4940532286133704,0,0,False
two_single_0,21,3,5,"[2, 0, 0, 0]",1,False,False,4940532298115457,4940532298186615,0,0,False
two_pair_2_3,21,3,5,"[0, 0, 1, 1]",1,False,False,4940532310235959,4940532311871837,9437184,1.5818560123443604,False
scale_50_group,21,3,5,"[12, 13, 12, 13]",1,False,False,4940532322306538,4940532341649151,122683392,19.292768478393555,False
two_pair_1_3,21,3,5,"[0, 1, 0, 1]",1,False,False,4940532352015444,4940532352884484,9437184,0.821727991104126,False
two_pair_1_2,21,3,5,"[0, 1, 1, 0]",1,False,False,4940532363191762,4940532363266893,0,0,False
scale_62_group,21,3,5,"[15, 16, 15, 16]",1,False,False,4940532374367671,4940532398368920,150994944,23.94710350036621,False
scale_4_rank,21,3,5,"[1, 1, 1, 1]",1,False,False,4940532408853002,4940532410507854,9437184,1.597216010093689,False
two_pair_0_1,21,3,5,"[1, 1, 0, 0]",1,False,False,4940532420919662,4940532420992179,0,0,False
two_single_2,21,3,5,"[0, 0, 2, 0]",1,False,False,4940532432984656,4940532433051140,0,0,False
scale_10_rank,21,3,5,"[3, 3, 2, 2]",1,False,False,4940532445145695,4940532448331999,18874368,3.1366078853607178,False
two_pair_0_3,21,3,5,"[1, 0, 0, 1]",1,False,False,4940532460286753,4940532461186747,9437184,0.8339200019836426,False
scale_14_rank,21,3,5,"[4, 4, 3, 3]",1,False,False,4940532471545402,4940532476280689,28311552,4.669119834899902,False
concurrency_4_rank,21,3,5,"[4, 4, 3, 3]",4,False,False,4940532488235449,4940532493060660,28311552,4.703648090362549,False
scale_2_rank,21,3,5,"[1, 1, 0, 0]",1,False,False,4940532504859439,4940532504945074,0,0,False
scale_4_group,21,3,5,"[1, 1, 1, 1]",1,False,False,4940532517069481,4940532518653661,9437184,1.5356800556182861,False
six_0,21,3,5,"[2, 2, 1, 1]",1,False,False,4940532529179258,4940532530809380,9437184,1.5769280195236206,False
concurrency_4_rank,22,3,5,"[4, 4, 3, 3]",4,False,False,4940532542691691,4940532547460726,28311552,4.684639930725098,False
two_single_0,22,3,5,"[2, 0, 0, 0]",1,False,False,4940532559276913,4940532559369872,0,0,False
scale_62_group,22,3,5,"[15, 16, 15, 16]",1,False,False,4940532571193165,4940532595158651,150994944,23.90483283996582,False
two_pair_2_3,22,3,5,"[0, 0, 1, 1]",1,False,False,4940532605549544,4940532607189931,9437184,1.5886720418930054,False
two_single_3,22,3,5,"[0, 0, 0, 2]",1,False,False,4940532617647040,4940532619283077,18874368,1.5852479934692383,False
scale_6_rank,22,3,5,"[2, 2, 1, 1]",1,False,False,4940532629791791,4940532631385447,9437184,1.5405759811401367,False
two_pair_1_2,22,3,5,"[0, 1, 1, 0]",1,False,False,4940532643311212,4940532643376614,0,0,False
six_1,22,3,5,"[1, 2, 1, 2]",1,False,False,4940532654447402,4940532656848570,18874368,2.35369610786438,False
remote_0,22,3,5,"[2, 2, 1, 1]",1,True,False,4940532667204151,4940532668840222,9437184,1.5809279680252075,False
two_pair_0_3,22,3,5,"[1, 0, 0, 1]",1,False,False,4940532680776345,4940532681658617,9437184,0.820576012134552,False
scale_10_group,22,3,5,"[2, 3, 2, 3]",1,False,False,4940532691942227,4940532695877970,28311552,3.8882880210876465,False
scale_14_group,22,3,5,"[3, 4, 3, 4]",1,False,False,4940532706269422,4940532711733391,37748736,5.418879985809326,False
scale_2_group,22,3,5,"[0, 1, 0, 1]",1,False,False,4940532722117053,4940532722971937,9437184,0.8095679879188538,False
scale_4_group,22,3,5,"[1, 1, 1, 1]",1,False,False,4940532733299943,4940532734899926,9437184,1.556928038597107,False
scale_6_group,22,3,5,"[1, 2, 1, 2]",1,False,False,4940532745219266,4940532747607132,18874368,2.3475520610809326,False
six_0,22,3,5,"[2, 2, 1, 1]",1,False,False,4940532757927884,4940532759550497,9437184,1.5691519975662231,False
scale_14_rank,22,3,5,"[4, 4, 3, 3]",1,False,False,4940532771439395,4940532776127215,28311552,4.637663841247559,False
two_pair_0_1,22,3,5,"[1, 1, 0, 0]",1,False,False,4940532788083969,4940532788157335,0,0,False
scale_10_rank,22,3,5,"[3, 3, 2, 2]",1,False,False,4940532800118320,4940532803266898,18874368,3.101759910583496,False
concurrency_4_group,22,3,5,"[3, 4, 3, 4]",4,False,False,4940532815089230,4940532820632939,37748736,5.4383039474487305,False
remote_1,22,3,5,"[1, 2, 1, 2]",1,True,False,4940532830917442,4940532833318638,18874368,2.351327896118164,False
scale_62_rank,22,3,5,"[16, 16, 15, 15]",1,False,False,4940532843634723,4940532866767780,141557760,23.080448150634766,False
scale_8_group,22,3,5,"[2, 2, 2, 2]",1,False,False,4940532878641435,4940532881837442,18874368,3.126847982406616,False
scale_50_rank,22,3,5,"[13, 13, 12, 12]",1,False,False,4940532892296598,4940532910838614,113246208,18.48294448852539,False
two_single_1,22,3,5,"[0, 2, 0, 0]",1,False,False,4940532922755063,4940532922833858,0,0,False
two_pair_1_3,22,3,5,"[0, 1, 0, 1]",1,False,False,4940532934707235,4940532935584125,9437184,0.8286719918251038,False
six_2,22,3,5,"[2, 1, 2, 1]",1,False,False,4940532945919147,4940532947242402,9437184,1.2736320495605469,False
remote_2,22,3,5,"[1, 1, 0, 0]",1,True,False,4940532958704686,4940532958783268,0,0,False
two_single_2,22,3,5,"[0, 0, 2, 0]",1,False,False,4940532970674109,4940532970740441,0,0,False
concurrency_2_rank,22,3,5,"[4, 4, 3, 3]",2,False,False,4940532982586218,4940532987312938,28311552,4.655200004577637,False
scale_4_rank,22,3,5,"[1, 1, 1, 1]",1,False,False,4940532999108287,4940533000770603,9437184,1.596735954284668,False
scale_50_group,22,3,5,"[12, 13, 12, 13]",1,False,False,4940533011088169,4940533030434204,122683392,19.284351348876953,False
remote_3,22,3,5,"[1, 0, 1, 0]",1,True,False,4940533040818270,4940533040893787,0,0,False
scale_8_rank,22,3,5,"[2, 2, 2, 2]",1,False,False,4940533052007861,4940533055198955,18874368,3.139904022216797,False
scale_2_rank,22,3,5,"[1, 1, 0, 0]",1,False,False,4940533065549005,4940533065615144,0,0,False
two_pair_0_2,22,3,5,"[1, 0, 1, 0]",1,False,False,4940533077529819,4940533077596417,0,0,False
concurrency_2_group,22,3,5,"[3, 4, 3, 4]",2,False,False,4940533088728800,4940533094255528,37748736,5.440032005310059,False
six_3,22,3,5,"[1, 1, 2, 2]",1,False,False,4940533104614030,4940533107780060,18874368,3.1175999641418457,False
two_single_0,23,3,5,"[2, 0, 0, 0]",1,False,False,4940533118288884,4940533118353044,0,0,False
two_single_3,23,3,5,"[0, 0, 0, 2]",1,False,False,4940533130287936,4940533131945130,18874368,1.5944960117340088,False
two_pair_1_3,23,3,5,"[0, 1, 0, 1]",1,False,False,4940533142383252,4940533143235816,9437184,0.8114879727363586,False
scale_62_rank,23,3,5,"[16, 16, 15, 15]",1,False,False,4940533153639625,4940533176855711,141557760,23.007488250732422,False
scale_4_rank,23,3,5,"[1, 1, 1, 1]",1,False,False,4940533188714013,4940533190385757,9437184,1.6049920320510864,False
two_pair_2_3,23,3,5,"[0, 0, 1, 1]",1,False,False,4940533200804945,4940533202432308,9437184,1.5774400234222412,False
scale_62_group,23,3,5,"[15, 16, 15, 16]",1,False,False,4940533212874738,4940533236835291,150994944,23.912063598632812,False
scale_4_group,23,3,5,"[1, 1, 1, 1]",1,False,False,4940533247206703,4940533248867930,9437184,1.5993280410766602,False
remote_0,23,3,5,"[2, 2, 1, 1]",1,True,False,4940533259221590,4940533260867116,9437184,1.588927984237671,False
six_0,23,3,5,"[2, 2, 1, 1]",1,False,False,4940533272758079,4940533274382807,9437184,1.5726399421691895,False
two_single_1,23,3,5,"[0, 2, 0, 0]",1,False,False,4940533286277558,4940533286343980,0,0,False
scale_10_group,23,3,5,"[2, 3, 2, 3]",1,False,False,4940533298306687,4940533302250723,28311552,3.9002559185028076,False
remote_1,23,3,5,"[1, 2, 1, 2]",1,True,False,4940533312538679,4940533314947185,18874368,2.3586881160736084,False
remote_2,23,3,5,"[1, 1, 0, 0]",1,True,False,4940533325358830,4940533325422617,0,0,False
two_pair_0_3,23,3,5,"[1, 0, 0, 1]",1,False,False,4940533337404669,4940533338262518,9437184,0.8160960078239441,False
scale_14_group,23,3,5,"[3, 4, 3, 4]",1,False,False,4940533348640732,4940533354124810,37748736,5.433536052703857,False
six_2,23,3,5,"[2, 1, 2, 1]",1,False,False,4940533364537913,4940533366181451,9437184,1.5869439840316772,False
scale_50_group,23,3,5,"[12, 13, 12, 13]",1,False,False,4940533377360116,4940533396690796,122683392,19.27996826171875,False
scale_8_group,23,3,5,"[2, 2, 2, 2]",1,False,False,4940533407081672,4940533410256513,18874368,3.118016004562378,False
scale_6_group,23,3,5,"[1, 2, 1, 2]",1,False,False,4940533420694286,4940533423103985,18874368,2.357343912124634,False
scale_14_rank,23,3,5,"[4, 4, 3, 3]",1,False,False,4940533433426529,4940533438127436,28311552,4.648863792419434,False
scale_2_rank,23,3,5,"[1, 1, 0, 0]",1,False,False,4940533450089464,4940533450161687,0,0,False
two_pair_0_1,23,3,5,"[1, 1, 0, 0]",1,False,False,4940533462136511,4940533462201290,0,0,False
scale_8_rank,23,3,5,"[2, 2, 2, 2]",1,False,False,4940533474160747,4940533477313787,18874368,3.1054720878601074,False
two_pair_0_2,23,3,5,"[1, 0, 1, 0]",1,False,False,4940533487758919,4940533487825672,0,0,False
scale_50_rank,23,3,5,"[13, 13, 12, 12]",1,False,False,4940533498989844,4940533517541629,113246208,18.50182342529297,False
scale_10_rank,23,3,5,"[3, 3, 2, 2]",1,False,False,4940533529498877,4940533532668453,18874368,3.11081600189209,False
concurrency_2_rank,23,3,5,"[4, 4, 3, 3]",2,False,False,4940533544620746,4940533549355393,28311552,4.65008020401001,False
concurrency_4_group,23,3,5,"[3, 4, 3, 4]",4,False,False,4940533561319782,4940533566870839,37748736,5.433919906616211,False
six_3,23,3,5,"[1, 1, 2, 2]",1,False,False,4940533577259324,4940533580424949,18874368,3.1187520027160645,False
six_1,23,3,5,"[1, 2, 1, 2]",1,False,False,4940533590843983,4940533593239250,18874368,2.3477120399475098,False
remote_3,23,3,5,"[1, 0, 1, 0]",1,True,False,4940533603621224,4940533603689389,0,0,False
scale_2_group,23,3,5,"[0, 1, 0, 1]",1,False,False,4940533614849237,4940533615707934,9437184,0.8134400248527527,False
two_single_2,23,3,5,"[0, 0, 2, 0]",1,False,False,4940533626060474,4940533626124905,0,0,False
concurrency_2_group,23,3,5,"[3, 4, 3, 4]",2,False,False,4940533638090061,4940533643590205,37748736,5.429632186889648,False
scale_6_rank,23,3,5,"[2, 2, 1, 1]",1,False,False,4940533653968811,4940533655591477,9437184,1.5757440328598022,False
two_pair_1_2,23,3,5,"[0, 1, 1, 0]",1,False,False,4940533667588750,4940533667665865,0,0,False
concurrency_4_rank,23,3,5,"[4, 4, 3, 3]",4,False,False,4940533678850641,4940533683625454,28311552,4.687744140625,False
concurrency_2_rank,24,3,5,"[4, 4, 3, 3]",2,False,False,4940533695565177,4940533700224906,28311552,4.5867838859558105,False
two_single_3,24,3,5,"[0, 0, 0, 2]",1,False,False,4940533712215003,4940533713845948,18874368,1.5844160318374634,False
remote_3,24,3,5,"[1, 0, 1, 0]",1,True,False,4940533724384309,4940533724447988,0,0,False
scale_10_group,24,3,5,"[2, 3, 2, 3]",1,False,False,4940533735642968,4940533739584278,28311552,3.8904318809509277,False
scale_14_group,24,3,5,"[3, 4, 3, 4]",1,False,False,4940533750005109,4940533755487300,37748736,5.434751987457275,False
scale_50_rank,24,3,5,"[13, 13, 12, 12]",1,False,False,4940533765848651,4940533784416269,113246208,18.512191772460938,False
two_pair_0_3,24,3,5,"[1, 0, 0, 1]",1,False,False,4940533796371220,4940533797231112,9437184,0.813152015209198,False
two_single_2,24,3,5,"[0, 0, 2, 0]",1,False,False,4940533807565695,4940533807633511,0,0,False
scale_14_rank,24,3,5,"[4, 4, 3, 3]",1,False,False,4940533819703530,4940533824401514,28311552,4.654719829559326,False
remote_2,24,3,5,"[1, 1, 0, 0]",1,True,False,4940533836442541,4940533836514531,0,0,False
six_3,24,3,5,"[1, 1, 2, 2]",1,False,False,4940533848502560,4940533851657589,18874368,3.105407953262329,False
concurrency_4_group,24,3,5,"[3, 4, 3, 4]",4,False,False,4940533862087625,4940533867638851,37748736,5.443007946014404,False
scale_6_rank,24,3,5,"[2, 2, 1, 1]",1,False,False,4940533878112755,4940533879734270,9437184,1.5660799741744995,False
two_pair_1_2,24,3,5,"[0, 1, 1, 0]",1,False,False,4940533891654639,4940533891734883,0,0,False
two_single_1,24,3,5,"[0, 2, 0, 0]",1,False,False,4940533902880693,4940533902975037,0,0,False
scale_8_rank,24,3,5,"[2, 2, 2, 2]",1,False,False,4940533914797188,4940533917957394,18874368,3.111135959625244,False
concurrency_2_group,24,3,5,"[3, 4, 3, 4]",2,False,False,4940533928378088,4940533933881575,37748736,5.438079833984375,False
scale_4_group,24,3,5,"[1, 1, 1, 1]",1,False,False,4940533944270075,4940533945912509,9437184,1.5911359786987305,False
remote_0,24,3,5,"[2, 2, 1, 1]",1,True,False,4940533956251071,4940533957885598,9437184,1.586527943611145,False
six_2,24,3,5,"[2, 1, 2, 1]",1,False,False,4940533969754970,4940533971360085,9437184,1.5529600381851196,False
scale_4_rank,24,3,5,"[1, 1, 1, 1]",1,False,False,4940533982503388,4940533984137435,9437184,1.5862079858779907,False
two_pair_0_1,24,3,5,"[1, 1, 0, 0]",1,False,False,4940533994483006,4940533994546805,0,0,False
six_0,24,3,5,"[2, 2, 1, 1]",1,False,False,4940534006473355,4940534008095388,9437184,1.5688960552215576,False
scale_8_group,24,3,5,"[2, 2, 2, 2]",1,False,False,4940534020208081,4940534023374365,18874368,3.108799934387207,False
scale_6_group,24,3,5,"[1, 2, 1, 2]",1,False,False,4940534033824004,4940534036232546,18874368,2.3565759658813477,False
scale_2_rank,24,3,5,"[1, 1, 0, 0]",1,False,False,4940534046535793,4940534046604841,0,0,False
six_1,24,3,5,"[1, 2, 1, 2]",1,False,False,4940534058595736,4940534061006861,18874368,2.360896110534668,False
scale_50_group,24,3,5,"[12, 13, 12, 13]",1,False,False,4940534071315142,4940534090705765,122683392,19.340511322021484,False
remote_1,24,3,5,"[1, 2, 1, 2]",1,True,False,4940534101067386,4940534103495408,18874368,2.349792003631592,False
two_pair_1_3,24,3,5,"[0, 1, 0, 1]",1,False,False,4940534113805685,4940534114673555,9437184,0.8177599906921387,False
scale_10_rank,24,3,5,"[3, 3, 2, 2]",1,False,False,4940534124971413,4940534128139450,18874368,3.1153600215911865,False
two_single_0,24,3,5,"[2, 0, 0, 0]",1,False,False,4940534140055331,4940534140145610,0,0,False
scale_62_group,24,3,5,"[15, 16, 15, 16]",1,False,False,4940534152131866,4940534176155123,150994944,23.94086456298828,False
concurrency_4_rank,24,3,5,"[4, 4, 3, 3]",4,False,False,4940534186575668,4940534191382724,28311552,4.6684160232543945,False
two_pair_0_2,24,3,5,"[1, 0, 1, 0]",1,False,False,4940534203426904,4940534203526017,0,0,False
scale_2_group,24,3,5,"[0, 1, 0, 1]",1,False,False,4940534214647728,4940534215524975,9437184,0.8278080224990845,False
scale_62_rank,24,3,5,"[16, 16, 15, 15]",1,False,False,4940534225839603,4940534249035368,141557760,23.13987159729004,False
two_pair_2_3,24,3,5,"[0, 0, 1, 1]",1,False,False,4940534260890302,4940534262553718,9437184,1.5915199518203735,False
remote_0,25,3,5,"[2, 2, 1, 1]",1,True,False,4940534272903898,4940534274552916,9437184,1.581055998802185,False
scale_62_group,25,3,5,"[15, 16, 15, 16]",1,False,False,4940534286461850,4940534310452104,150994944,23.909151077270508,False
remote_1,25,3,5,"[1, 2, 1, 2]",1,True,False,4940534320851819,4940534323276038,18874368,2.365504026412964,False
scale_8_group,25,3,5,"[2, 2, 2, 2]",1,False,False,4940534333603728,4940534336789831,18874368,3.131488084793091,False
six_0,25,3,5,"[2, 2, 1, 1]",1,False,False,4940534347132734,4940534348766111,9437184,1.5822720527648926,False
scale_4_rank,25,3,5,"[1, 1, 1, 1]",1,False,False,4940534360684755,4940534362336653,9437184,1.5878080129623413,False
scale_2_group,25,3,5,"[0, 1, 0, 1]",1,False,False,4940534372654919,4940534373532568,9437184,0.8183040022850037,False
scale_10_rank,25,3,5,"[3, 3, 2, 2]",1,False,False,4940534383851168,4940534387024431,18874368,3.1216320991516113,False
scale_62_rank,25,3,5,"[16, 16, 15, 15]",1,False,False,4940534398867747,4940534422049953,141557760,23.124895095825195,False
concurrency_4_rank,25,3,5,"[4, 4, 3, 3]",4,False,False,4940534433985073,4940534438807560,28311552,4.700960159301758,False
concurrency_4_group,25,3,5,"[3, 4, 3, 4]",4,False,False,4940534450679175,4940534456237271,37748736,5.442240238189697,False
two_pair_1_2,25,3,5,"[0, 1, 1, 0]",1,False,False,4940534466591714,4940534466662121,0,0,False
six_2,25,3,5,"[2, 1, 2, 1]",1,False,False,4940534477724136,4940534479421424,9437184,1.610111951828003,False
scale_6_group,25,3,5,"[1, 2, 1, 2]",1,False,False,4940534490492885,4940534492911014,18874368,2.3553600311279297,False
remote_3,25,3,5,"[1, 0, 1, 0]",1,True,False,4940534503216477,4940534503296845,0,0,False
two_single_0,25,3,5,"[2, 0, 0, 0]",1,False,False,4940534514406675,4940534514505610,0,0,False
two_single_3,25,3,5,"[0, 0, 0, 2]",1,False,False,4940534526346311,4940534528043029,18874368,1.6115200519561768,False
scale_8_rank,25,3,5,"[2, 2, 2, 2]",1,False,False,4940534538305031,4940534541464874,18874368,3.0938239097595215,False
concurrency_2_group,25,3,5,"[3, 4, 3, 4]",2,False,False,4940534551843217,4940534557367237,37748736,5.448448181152344,False
concurrency_2_rank,25,3,5,"[4, 4, 3, 3]",2,False,False,4940534567632877,4940534572381521,28311552,4.666975975036621,False
scale_10_group,25,3,5,"[2, 3, 2, 3]",1,False,False,4940534584233467,4940534588206920,28311552,3.9034879207611084,False
remote_2,25,3,5,"[1, 1, 0, 0]",1,True,False,4940534598483875,4940534598556826,0,0,False
scale_14_group,25,3,5,"[3, 4, 3, 4]",1,False,False,4940534610397958,4940534615896175,37748736,5.447167873382568,False
scale_14_rank,25,3,5,"[4, 4, 3, 3]",1,False,False,4940534626266098,4940534630979744,28311552,4.659359931945801,False
two_pair_2_3,25,3,5,"[0, 0, 1, 1]",1,False,False,4940534642789912,4940534644427982,9437184,1.5854400396347046,False
scale_6_rank,25,3,5,"[2, 2, 1, 1]",1,False,False,4940534654723494,4940534656338557,9437184,1.567903995513916,False
two_pair_0_1,25,3,5,"[1, 1, 0, 0]",1,False,False,4940534668211325,4940534668284108,0,0,False
six_3,25,3,5,"[1, 1, 2, 2]",1,False,False,4940534680231413,4940534683442734,18874368,3.136352062225342,False
scale_50_group,25,3,5,"[12, 13, 12, 13]",1,False,False,4940534693861965,4940534713217576,122683392,19.290943145751953,False
scale_50_rank,25,3,5,"[13, 13, 12, 12]",1,False,False,4940534723638846,4940534742211968,113246208,18.513792037963867,False
two_pair_0_2,25,3,5,"[1, 0, 1, 0]",1,False,False,4940534754171399,4940534754269633,0,0,False
six_1,25,3,5,"[1, 2, 1, 2]",1,False,False,4940534765317581,4940534767715889,18874368,2.355776071548462,False
two_pair_0_3,25,3,5,"[1, 0, 0, 1]",1,False,False,4940534778082921,4940534778937292,9437184,0.8109760284423828,False
two_single_1,25,3,5,"[0, 2, 0, 0]",1,False,False,4940534789225760,4940534789286068,0,0,False
two_pair_1_3,25,3,5,"[0, 1, 0, 1]",1,False,False,4940534801281168,4940534802130038,9437184,0.8132479786872864,False
two_single_2,25,3,5,"[0, 0, 2, 0]",1,False,False,4940534812437361,4940534812498670,0,0,False
scale_2_rank,25,3,5,"[1, 1, 0, 0]",1,False,False,4940534824539208,4940534824599689,0,0,False
scale_4_group,25,3,5,"[1, 1, 1, 1]",1,False,False,4940534836583727,4940534838243885,9437184,1.5929919481277466,False
scale_14_rank,26,3,5,"[4, 4, 3, 3]",1,False,False,4940534848592494,4940534853297236,28311552,4.657055854797363,False
remote_3,26,3,5,"[1, 0, 1, 0]",1,True,False,4940534865199556,4940534865286153,0,0,False
scale_4_rank,26,3,5,"[1, 1, 1, 1]",1,False,False,4940534876394669,4940534878018983,9437184,1.583583950996399,False
six_3,26,3,5,"[1, 1, 2, 2]",1,False,False,4940534888362801,4940534891529392,18874368,3.1254079341888428,False
six_1,26,3,5,"[1, 2, 1, 2]",1,False,False,4940534901927900,4940534904325254,18874368,2.352191925048828,False
remote_0,26,3,5,"[2, 2, 1, 1]",1,True,False,4940534914640843,4940534916286438,9437184,1.5712000131607056,False
two_pair_0_2,26,3,5,"[1, 0, 1, 0]",1,False,False,4940534928167900,4940534928256634,0,0,False
six_0,26,3,5,"[2, 2, 1, 1]",1,False,False,4940534939324977,4940534940950562,9437184,1.5853760242462158,False
scale_8_group,26,3,5,"[2, 2, 2, 2]",1,False,False,4940534952812193,4940534956013206,18874368,3.131808042526245,False
two_single_0,26,3,5,"[2, 0, 0, 0]",1,False,False,4940534966353201,4940534966426919,0,0,False
six_2,26,3,5,"[2, 1, 2, 1]",1,False,False,4940534978296517,4940534979999008,9437184,1.609055995941162,False
two_pair_2_3,26,3,5,"[0, 0, 1, 1]",1,False,False,4940534991050906,4940534992762660,9437184,1.614143967628479,False
concurrency_4_rank,26,3,5,"[4, 4, 3, 3]",4,False,False,4940535003063634,4940535007916303,28311552,4.712831974029541,False
scale_50_rank,26,3,5,"[13, 13, 12, 12]",1,False,False,4940535019661372,4940535038309273,113246208,18.57321548461914,False
scale_10_group,26,3,5,"[2, 3, 2, 3]",1,False,False,4940535050111937,4940535054073251,28311552,3.89737606048584,False
scale_6_rank,26,3,5,"[2, 2, 1, 1]",1,False,False,4940535064435161,4940535066062545,9437184,1.5785599946975708,False
scale_10_rank,26,3,5,"[3, 3, 2, 2]",1,False,False,4940535077943893,4940535081134004,18874368,3.125760078430176,False
scale_6_group,26,3,5,"[1, 2, 1, 2]",1,False,False,4940535092981697,4940535095408949,18874368,2.3577919006347656,False
two_pair_0_3,26,3,5,"[1, 0, 0, 1]",1,False,False,4940535105736030,4940535106628776,9437184,0.8264639973640442,False
two_pair_1_2,26,3,5,"[0, 1, 1, 0]",1,False,False,4940535116963857,4940535117029058,0,0,False
concurrency_4_group,26,3,5,"[3, 4, 3, 4]",4,False,False,4940535128057214,4940535133602678,37748736,5.41923189163208,False
two_single_3,26,3,5,"[0, 0, 0, 2]",1,False,False,4940535143943629,4940535145581475,18874368,1.5875200033187866,False
scale_62_rank,26,3,5,"[16, 16, 15, 15]",1,False,False,4940535155972313,4940535179079767,141557760,23.053152084350586,False
remote_1,26,3,5,"[1, 2, 1, 2]",1,True,False,4940535190986286,4940535193396614,18874368,2.3584320545196533,False
two_single_2,26,3,5,"[0, 0, 2, 0]",1,False,False,4940535203785574,4940535203865088,0,0,False
scale_4_group,26,3,5,"[1, 1, 1, 1]",1,False,False,4940535215827686,4940535217458347,9437184,1.568384051322937,False
two_single_1,26,3,5,"[0, 2, 0, 0]",1,False,False,4940535227860652,4940535227928994,0,0,False
scale_14_group,26,3,5,"[3, 4, 3, 4]",1,False,False,4940535239895412,4940535245404948,37748736,5.4429121017456055,False
scale_2_group,26,3,5,"[0, 1, 0, 1]",1,False,False,4940535255658928,4940535256514542,9437184,0.8110719919204712,False
two_pair_1_3,26,3,5,"[0, 1, 0, 1]",1,False,False,4940535266780111,4940535267621327,9437184,0.8052480220794678,False
scale_8_rank,26,3,5,"[2, 2, 2, 2]",1,False,False,4940535277943567,4940535281078393,18874368,3.0910398960113525,False
two_pair_0_1,26,3,5,"[1, 1, 0, 0]",1,False,False,4940535291373769,4940535291433863,0,0,False
remote_2,26,3,5,"[1, 1, 0, 0]",1,True,False,4940535303263045,4940535303364282,0,0,False
concurrency_2_rank,26,3,5,"[4, 4, 3, 3]",2,False,False,4940535315119037,4940535319854496,28311552,4.643167972564697,False
scale_50_group,26,3,5,"[12, 13, 12, 13]",1,False,False,4940535331684482,4940535351008715,122683392,19.255647659301758,False
scale_62_group,26,3,5,"[15, 16, 15, 16]",1,False,False,4940535361408816,4940535385345009,150994944,23.87945556640625,False
scale_2_rank,26,3,5,"[1, 1, 0, 0]",1,False,False,4940535395660168,4940535395742013,0,0,False
concurrency_2_group,26,3,5,"[3, 4, 3, 4]",2,False,False,4940535407579804,4940535413101794,37748736,5.413760185241699,False
scale_2_rank,27,3,5,"[1, 1, 0, 0]",1,False,False,4940535423475609,4940535423567669,0,0,False
concurrency_4_rank,27,3,5,"[4, 4, 3, 3]",4,False,False,4940535435352583,4940535440199310,28311552,4.709887981414795,False
six_3,27,3,5,"[1, 1, 2, 2]",1,False,False,4940535451932279,4940535455160552,18874368,3.1419520378112793,False
two_pair_1_3,27,3,5,"[0, 1, 0, 1]",1,False,False,4940535465528644,4940535466396702,9437184,0.8187519907951355,False
scale_8_rank,27,3,5,"[2, 2, 2, 2]",1,False,False,4940535476720252,4940535479885773,18874368,3.1002559661865234,False
two_single_3,27,3,5,"[0, 0, 0, 2]",1,False,False,4940535490271392,4940535491909862,18874368,1.5856959819793701,False
scale_14_rank,27,3,5,"[4, 4, 3, 3]",1,False,False,4940535502280009,4940535506965957,28311552,4.628223896026611,False
two_pair_0_2,27,3,5,"[1, 0, 1, 0]",1,False,False,4940535518955917,4940535519045034,0,0,False
six_1,27,3,5,"[1, 2, 1, 2]",1,False,False,4940535530255555,4940535532652318,18874368,2.3183999061584473,False
two_pair_1_2,27,3,5,"[0, 1, 1, 0]",1,False,False,4940535542980263,4940535543049252,0,0,False
scale_6_group,27,3,5,"[1, 2, 1, 2]",1,False,False,4940535554207635,4940535556616832,18874368,2.361056089401245,False
remote_3,27,3,5,"[1, 0, 1, 0]",1,True,False,4940535566995312,4940535567073700,0,0,False
two_single_2,27,3,5,"[0, 0, 2, 0]",1,False,False,4940535578283440,4940535578350055,0,0,False
scale_14_group,27,3,5,"[3, 4, 3, 4]",1,False,False,4940535590281773,4940535595775148,37748736,5.41596794128418,False
scale_62_rank,27,3,5,"[16, 16, 15, 15]",1,False,False,4940535606191715,4940535629384887,141557760,23.12998390197754,False
six_2,27,3,5,"[2, 1, 2, 1]",1,False,False,4940535641274463,4940535642955220,9437184,1.6051199436187744,False
concurrency_2_group,27,3,5,"[3, 4, 3, 4]",2,False,False,4940535653996861,4940535659506808,37748736,5.445087909698486,False
scale_50_rank,27,3,5,"[13, 13, 12, 12]",1,False,False,4940535669852558,4940535688410554,113246208,18.511999130249023,False
two_pair_0_3,27,3,5,"[1, 0, 0, 1]",1,False,False,4940535700396546,4940535701332423,9437184,0.8429120182991028,False
scale_10_group,27,3,5,"[2, 3, 2, 3]",1,False,False,4940535711692282,4940535715651871,28311552,3.9018239974975586,False
scale_4_group,27,3,5,"[1, 1, 1, 1]",1,False,False,4940535726084873,4940535727712614,9437184,1.5653760433197021,False
scale_10_rank,27,3,5,"[3, 3, 2, 2]",1,False,False,4940535738153917,4940535741363616,18874368,3.1328001022338867,False
scale_2_group,27,3,5,"[0, 1, 0, 1]",1,False,False,4940535753223706,4940535754138215,9437184,0.8355839848518372,False
scale_4_rank,27,3,5,"[1, 1, 1, 1]",1,False,False,4940535764489136,4940535766121422,9437184,1.581055998802185,False
remote_2,27,3,5,"[1, 1, 0, 0]",1,True,False,4940535776513118,4940535776584941,0,0,False
remote_0,27,3,5,"[2, 2, 1, 1]",1,True,False,4940535788520068,4940535790148581,9437184,1.5678720474243164,False
two_single_0,27,3,5,"[2, 0, 0, 0]",1,False,False,4940535802087810,4940535802195371,0,0,False
scale_8_group,27,3,5,"[2, 2, 2, 2]",1,False,False,4940535814111150,4940535817324887,18874368,3.1473278999328613,False
two_pair_2_3,27,3,5,"[0, 0, 1, 1]",1,False,False,4940535827686923,4940535829322876,9437184,1.590432047843933,False
concurrency_2_rank,27,3,5,"[4, 4, 3, 3]",2,False,False,4940535839846702,4940535844584939,28311552,4.669983863830566,False
scale_6_rank,27,3,5,"[2, 2, 1, 1]",1,False,False,4940535856530978,4940535858160931,9437184,1.5655039548873901,False
scale_50_group,27,3,5,"[12, 13, 12, 13]",1,False,False,4940535869990038,4940535889347814,122683392,19.294048309326172,False
two_single_1,27,3,5,"[0, 2, 0, 0]",1,False,False,4940535899757971,4940535899832259,0,0,False
scale_62_group,27,3,5,"[15, 16, 15, 16]",1,False,False,4940535911774865,4940535935799166,150994944,23.934207916259766,False
two_pair_0_1,27,3,5,"[1, 1, 0, 0]",1,False,False,4940535946268874,4940535946357612,0,0,False
concurrency_4_group,27,3,5,"[3, 4, 3, 4]",4,False,False,4940535958249814,4940535963797361,37748736,5.441823959350586,False
six_0,27,3,5,"[2, 2, 1, 1]",1,False,False,4940535974179233,4940535975814994,9437184,1.5822399854660034,False
remote_1,27,3,5,"[1, 2, 1, 2]",1,True,False,4940535987715229,4940535990113445,18874368,2.351871967315674,False
scale_50_rank,28,3,5,"[13, 13, 12, 12]",1,False,False,4940536000486428,4940536019014735,113246208,18.47020721435547,False
remote_3,28,3,5,"[1, 0, 1, 0]",1,True,False,4940536030820719,4940536030888200,0,0,False
scale_62_rank,28,3,5,"[16, 16, 15, 15]",1,False,False,4940536041936759,4940536065054747,141557760,23.069599151611328,False
two_pair_0_3,28,3,5,"[1, 0, 0, 1]",1,False,False,4940536076967566,4940536077867345,9437184,0.8275840282440186,False
scale_6_rank,28,3,5,"[2, 2, 1, 1]",1,False,False,4940536088152711,4940536089773640,9437184,1.5675840377807617,False
two_single_3,28,3,5,"[0, 0, 0, 2]",1,False,False,4940536101627815,4940536103290022,18874368,1.5920000076293945,False
scale_10_rank,28,3,5,"[3, 3, 2, 2]",1,False,False,4940536113713470,4940536116865759,18874368,3.0920960903167725,False
scale_4_group,28,3,5,"[1, 1, 1, 1]",1,False,False,4940536128801255,4940536130415834,9437184,1.5580159425735474,False
two_pair_0_1,28,3,5,"[1, 1, 0, 0]",1,False,False,4940536140781404,4940536140877127,0,0,False
scale_4_rank,28,3,5,"[1, 1, 1, 1]",1,False,False,4940536152768716,4940536154433521,9437184,1.5807360410690308,False
two_single_2,28,3,5,"[0, 0, 2, 0]",1,False,False,4940536164716978,4940536164797742,0,0,False
remote_0,28,3,5,"[2, 2, 1, 1]",1,True,False,4940536176919867,4940536178611724,9437184,1.6010240316390991,False
scale_2_rank,28,3,5,"[1, 1, 0, 0]",1,False,False,4940536190441242,4940536190537821,0,0,False
two_single_0,28,3,5,"[2, 0, 0, 0]",1,False,False,4940536202429098,4940536202523035,0,0,False
two_single_1,28,3,5,"[0, 2, 0, 0]",1,False,False,4940536214430012,4940536214518616,0,0,False
scale_14_rank,28,3,5,"[4, 4, 3, 3]",1,False,False,4940536226375488,4940536231129543,28311552,4.679935932159424,False
six_0,28,3,5,"[2, 2, 1, 1]",1,False,False,4940536242880764,4940536244544279,9437184,1.5968639850616455,False
scale_6_group,28,3,5,"[1, 2, 1, 2]",1,False,False,4940536256437801,4940536258860406,18874368,2.3555519580841064,False
scale_2_group,28,3,5,"[0, 1, 0, 1]",1,False,False,4940536269207611,4940536270198200,9437184,0.8687999844551086,False
concurrency_2_group,28,3,5,"[3, 4, 3, 4]",2,False,False,4940536280595605,4940536286089652,37748736,5.424895763397217,False
scale_10_group,28,3,5,"[2, 3, 2, 3]",1,False,False,4940536296377468,4940536300341431,28311552,3.9004480838775635,False
two_pair_2_3,28,3,5,"[0, 0, 1, 1]",1,False,False,4940536310619789,4940536312259693,9437184,1.5852479934692383,False
scale_62_group,28,3,5,"[15, 16, 15, 16]",1,False,False,4940536322540560,4940536346474794,150994944,23.875743865966797,False
six_2,28,3,5,"[2, 1, 2, 1]",1,False,False,4940536356766547,4940536358418671,9437184,1.5959680080413818,False
concurrency_2_rank,28,3,5,"[4, 4, 3, 3]",2,False,False,4940536369507727,4940536374231585,28311552,4.658207893371582,False
concurrency_4_rank,28,3,5,"[4, 4, 3, 3]",4,False,False,4940536386172511,4940536390942611,28311552,4.661503791809082,False
scale_8_rank,28,3,5,"[2, 2, 2, 2]",1,False,False,4940536402701575,4940536405877823,18874368,3.112704038619995,False
six_3,28,3,5,"[1, 1, 2, 2]",1,False,False,4940536416210144,4940536419373966,18874368,3.1120638847351074,False
remote_1,28,3,5,"[1, 2, 1, 2]",1,True,False,4940536429774104,4940536432170056,18874368,2.3489599227905273,False
two_pair_1_2,28,3,5,"[0, 1, 1, 0]",1,False,False,4940536442462236,4940536442523252,0,0,False
scale_14_group,28,3,5,"[3, 4, 3, 4]",1,False,False,4940536453626905,4940536459084518,37748736,5.419871807098389,False
scale_50_group,28,3,5,"[12, 13, 12, 13]",1,False,False,4940536469367694,4940536488672546,122683392,19.25484848022461,False
remote_2,28,3,5,"[1, 1, 0, 0]",1,True,False,4940536498960711,4940536499043749,0,0,False
concurrency_4_group,28,3,5,"[3, 4, 3, 4]",4,False,False,4940536510834436,4940536516403062,37748736,5.447328090667725,False
two_pair_1_3,28,3,5,"[0, 1, 0, 1]",1,False,False,4940536526763496,4940536527689006,9437184,0.8422719836235046,False
two_pair_0_2,28,3,5,"[1, 0, 1, 0]",1,False,False,4940536538028224,4940536538132117,0,0,False
six_1,28,3,5,"[1, 2, 1, 2]",1,False,False,4940536549205102,4940536551610514,18874368,2.353856086730957,False
scale_8_group,28,3,5,"[2, 2, 2, 2]",1,False,False,4940536561991302,4940536565157614,18874368,3.1124160289764404,False
two_pair_2_3,29,3,5,"[0, 0, 1, 1]",1,False,False,4940536575526841,4940536577170257,9437184,1.582144021987915,False
scale_4_group,29,3,5,"[1, 1, 1, 1]",1,False,False,4940536587646631,4940536589272011,9437184,1.5765440464019775,False
two_single_1,29,3,5,"[0, 2, 0, 0]",1,False,False,4940536599673077,4940536599763140,0,0,False
scale_6_rank,29,3,5,"[2, 2, 1, 1]",1,False,False,4940536611775792,4940536613437634,9437184,1.5947200059890747,False
two_pair_0_2,29,3,5,"[1, 0, 1, 0]",1,False,False,4940536625350403,4940536625442642,0,0,False
two_pair_1_2,29,3,5,"[0, 1, 1, 0]",1,False,False,4940536636549357,4940536636633191,0,0,False
remote_1,29,3,5,"[1, 2, 1, 2]",1,True,False,4940536647729953,4940536650127926,18874368,2.341088056564331,False
remote_3,29,3,5,"[1, 0, 1, 0]",1,True,False,4940536660447693,4940536660531905,0,0,False
scale_4_rank,29,3,5,"[1, 1, 1, 1]",1,False,False,4940536671551706,4940536673180474,9437184,1.5674560070037842,False
remote_2,29,3,5,"[1, 1, 0, 0]",1,True,False,4940536683540788,4940536683619510,0,0,False
two_single_3,29,3,5,"[0, 0, 0, 2]",1,False,False,4940536695542633,4940536697251321,18874368,1.6138880252838135,False
remote_0,29,3,5,"[2, 2, 1, 1]",1,True,False,4940536707687388,4940536709348063,9437184,1.5930240154266357,False
scale_2_group,29,3,5,"[0, 1, 0, 1]",1,False,False,4940536721209395,4940536722087997,9437184,0.8191360235214233,False
concurrency_2_group,29,3,5,"[3, 4, 3, 4]",2,False,False,4940536732374283,4940536737868857,37748736,5.396096229553223,False
scale_10_rank,29,3,5,"[3, 3, 2, 2]",1,False,False,4940536748227839,4940536751404558,18874368,3.1255040168762207,False
two_pair_0_1,29,3,5,"[1, 1, 0, 0]",1,False,False,4940536763163365,4940536763246566,0,0,False
six_2,29,3,5,"[2, 1, 2, 1]",1,False,False,4940536775004100,4940536776671397,9437184,1.5971519947052002,False
two_pair_1_3,29,3,5,"[0, 1, 0, 1]",1,False,False,4940536787698428,4940536788558758,9437184,0.8155840039253235,False
two_single_0,29,3,5,"[2, 0, 0, 0]",1,False,False,4940536798868480,4940536798933484,0,0,False
two_single_2,29,3,5,"[0, 0, 2, 0]",1,False,False,4940536810707866,4940536810808300,0,0,False
scale_50_rank,29,3,5,"[13, 13, 12, 12]",1,False,False,4940536822549275,4940536841078098,113246208,18.45903968811035,False
six_1,29,3,5,"[1, 2, 1, 2]",1,False,False,4940536852988614,4940536855418028,18874368,2.3665919303894043,False
scale_6_group,29,3,5,"[1, 2, 1, 2]",1,False,False,4940536865693838,4940536868097003,18874368,2.3520638942718506,False
scale_62_rank,29,3,5,"[16, 16, 15, 15]",1,False,False,4940536878379804,4940536901570161,141557760,23.12611198425293,False
scale_14_rank,29,3,5,"[4, 4, 3, 3]",1,False,False,4940536913379370,4940536918117550,28311552,4.667136192321777,False
six_3,29,3,5,"[1, 1, 2, 2]",1,False,False,4940536929926048,4940536933120671,18874368,3.122783899307251,False
six_0,29,3,5,"[2, 2, 1, 1]",1,False,False,4940536943502087,4940536945145686,9437184,1.5765759944915771,False
scale_8_rank,29,3,5,"[2, 2, 2, 2]",1,False,False,4940536957022133,4940536960218733,18874368,3.1275839805603027,False
scale_62_group,29,3,5,"[15, 16, 15, 16]",1,False,False,4940536970479154,4940536994453702,150994944,23.914527893066406,False
scale_14_group,29,3,5,"[3, 4, 3, 4]",1,False,False,4940537004805584,4940537010323555,37748736,5.448448181152344,False
concurrency_4_group,29,3,5,"[3, 4, 3, 4]",4,False,False,4940537020633594,4940537026205529,37748736,5.454304218292236,False
concurrency_4_rank,29,3,5,"[4, 4, 3, 3]",4,False,False,4940537036486723,4940537041246994,28311552,4.673984050750732,False
concurrency_2_rank,29,3,5,"[4, 4, 3, 3]",2,False,False,4940537053126145,4940537057882567,28311552,4.6754560470581055,False
two_pair_0_3,29,3,5,"[1, 0, 0, 1]",1,False,False,4940537069654754,4940537070548742,9437184,0.8242560029029846,False
scale_10_group,29,3,5,"[2, 3, 2, 3]",1,False,False,4940537080872826,4940537084825557,28311552,3.898911952972412,False
scale_8_group,29,3,5,"[2, 2, 2, 2]",1,False,False,4940537095117637,4940537098294548,18874368,3.1220479011535645,False
scale_50_group,29,3,5,"[12, 13, 12, 13]",1,False,False,4940537108610667,4940537127921998,122683392,19.25926399230957,False
scale_2_rank,29,3,5,"[1, 1, 0, 0]",1,False,False,4940537138298273,4940537138369682,0,0,False
overlap_1,-5,3,5,"[1, 2, 1, 2]",1,False,True,4940558531026748,4940558871618285,18874368,4.842624187469482,True
overlap_0,-5,3,5,"[2, 2, 1, 1]",1,False,True,4940558882612552,4940558885623267,9437184,2.7904319763183594,True
overlap_2,-5,3,5,"[2, 1, 2, 1]",1,False,True,4940558898026100,4940558901010258,9437184,2.788480043411255,True
overlap_0,-4,3,5,"[2, 2, 1, 1]",1,False,True,4940558912458180,4940558915295431,9437184,2.667680025100708,True
overlap_1,-4,3,5,"[1, 2, 1, 2]",1,False,True,4940558927628698,4940558931535949,18874368,3.7670719623565674,True
overlap_2,-4,3,5,"[2, 1, 2, 1]",1,False,True,4940558941984865,4940558944961631,9437184,2.830080032348633,True
overlap_2,-3,3,5,"[2, 1, 2, 1]",1,False,True,4940558956389759,4940558959331681,9437184,2.788032054901123,True
overlap_1,-3,3,5,"[1, 2, 1, 2]",1,False,True,4940558970673318,4940558974603628,18874368,3.776671886444092,True
overlap_0,-3,3,5,"[2, 2, 1, 1]",1,False,True,4940558985089513,4940558988050046,9437184,2.794975996017456,True
overlap_2,-2,3,5,"[2, 1, 2, 1]",1,False,True,4940559000312256,4940559003162307,9437184,2.6522879600524902,True
overlap_0,-2,3,5,"[2, 2, 1, 1]",1,False,True,4940559014695438,4940559017566979,9437184,2.70032000541687,True
overlap_1,-2,3,5,"[1, 2, 1, 2]",1,False,True,4940559029948970,4940559033853942,18874368,3.755392074584961,True
overlap_1,-1,3,5,"[1, 2, 1, 2]",1,False,True,4940559044327990,4940559048241034,18874368,3.764319896697998,True
overlap_2,-1,3,5,"[2, 1, 2, 1]",1,False,True,4940559059009406,4940559061985256,9437184,2.8019840717315674,True
overlap_0,-1,3,5,"[2, 2, 1, 1]",1,False,True,4940559073467016,4940559076481589,9437184,2.8511040210723877,True
overlap_0,0,3,5,"[2, 2, 1, 1]",1,False,True,4940559088639452,4940559091523291,9437184,2.7211201190948486,True
overlap_2,0,3,5,"[2, 1, 2, 1]",1,False,True,4940559103649986,4940559106641958,9437184,2.821120023727417,True
overlap_1,0,3,5,"[1, 2, 1, 2]",1,False,True,4940559117956721,4940559121864085,18874368,3.7661759853363037,True
overlap_2,1,3,5,"[2, 1, 2, 1]",1,False,True,4940559132253147,4940559135156281,9437184,2.7425920963287354,True
overlap_1,1,3,5,"[1, 2, 1, 2]",1,False,True,4940559146564058,4940559150461918,18874368,3.7706239223480225,True
overlap_0,1,3,5,"[2, 2, 1, 1]",1,False,True,4940559160834275,4940559163720293,9437184,2.7379519939422607,True
overlap_0,2,3,5,"[2, 2, 1, 1]",1,False,True,4940559175934093,4940559178936946,9437184,2.786400079727173,True
overlap_2,2,3,5,"[2, 1, 2, 1]",1,False,True,4940559191049635,4940559193977119,9437184,2.723968029022217,True
overlap_1,2,3,5,"[1, 2, 1, 2]",1,False,True,4940559205381986,4940559209298316,18874368,3.7711360454559326,True
overlap_1,3,3,5,"[1, 2, 1, 2]",1,False,True,4940559219707990,4940559223616855,18874368,3.7788479328155518,True
overlap_2,3,3,5,"[2, 1, 2, 1]",1,False,True,4940559233950902,4940559236868070,9437184,2.76908802986145,True
overlap_0,3,3,5,"[2, 2, 1, 1]",1,False,True,4940559248266649,4940559251183059,9437184,2.7708799839019775,True
overlap_0,4,3,5,"[2, 2, 1, 1]",1,False,True,4940559263297036,4940559266241432,9437184,2.7890560626983643,True
overlap_1,4,3,5,"[1, 2, 1, 2]",1,False,True,4940559278342222,4940559282250026,18874368,3.7756800651550293,True
overlap_2,4,3,5,"[2, 1, 2, 1]",1,False,True,4940559292738810,4940559295616966,9437184,2.7321600914001465,True
overlap_1,5,3,5,"[1, 2, 1, 2]",1,False,True,4940559307067159,4940559310964875,18874368,3.765984058380127,True
overlap_2,5,3,5,"[2, 1, 2, 1]",1,False,True,4940559321369892,4940559324294019,9437184,2.773632049560547,True
overlap_0,5,3,5,"[2, 2, 1, 1]",1,False,True,4940559335703973,4940559338608356,9437184,2.704224109649658,True
overlap_2,6,3,5,"[2, 1, 2, 1]",1,False,True,4940559350814400,4940559353717070,9437184,2.7341439723968506,True
overlap_0,6,3,5,"[2, 2, 1, 1]",1,False,True,4940559365071467,4940559367874868,9437184,2.6467199325561523,True
overlap_1,6,3,5,"[1, 2, 1, 2]",1,False,True,4940559380192776,4940559384089121,18874368,3.7476799488067627,True
overlap_0,7,3,5,"[2, 2, 1, 1]",1,False,True,4940559394411586,4940559397255120,9437184,2.6880319118499756,True
overlap_2,7,3,5,"[2, 1, 2, 1]",1,False,True,4940559409456587,4940559412331338,9437184,2.7125120162963867,True
overlap_1,7,3,5,"[1, 2, 1, 2]",1,False,True,4940559423746698,4940559427649807,18874368,3.7768640518188477,True
overlap_0,8,3,5,"[2, 2, 1, 1]",1,False,True,4940559438012265,4940559440862249,9437184,2.702239990234375,True
overlap_2,8,3,5,"[2, 1, 2, 1]",1,False,True,4940559453130751,4940559456033172,9437184,2.7425599098205566,True
overlap_1,8,3,5,"[1, 2, 1, 2]",1,False,True,4940559467419515,4940559471316253,18874368,3.7344961166381836,True
overlap_0,9,3,5,"[2, 2, 1, 1]",1,False,True,4940559481686618,4940559484560602,9437184,2.7231040000915527,True
overlap_2,9,3,5,"[2, 1, 2, 1]",1,False,True,4940559496749086,4940559499655921,9437184,2.7343039512634277,True
overlap_1,9,3,5,"[1, 2, 1, 2]",1,False,True,4940559511012706,4940559514912429,18874368,3.774048089981079,True
overlap_2,10,3,5,"[2, 1, 2, 1]",1,False,True,4940559525334741,4940559528230818,9437184,2.7559680938720703,True
overlap_0,10,3,5,"[2, 2, 1, 1]",1,False,True,4940559539692512,4940559542588133,9437184,2.7252800464630127,True
overlap_1,10,3,5,"[1, 2, 1, 2]",1,False,True,4940559554797955,4940559558706903,18874368,3.7678720951080322,True
overlap_0,11,3,5,"[2, 2, 1, 1]",1,False,True,4940559569074313,4940559571938861,9437184,2.707200050354004,True
overlap_1,11,3,5,"[1, 2, 1, 2]",1,False,True,4940559584238418,4940559588146142,18874368,3.7369279861450195,True
overlap_2,11,3,5,"[2, 1, 2, 1]",1,False,True,4940559598473960,4940559601442515,9437184,2.792543888092041,True
overlap_0,12,3,5,"[2, 2, 1, 1]",1,False,True,4940559612796920,4940559615755991,9437184,2.7911999225616455,True
overlap_1,12,3,5,"[1, 2, 1, 2]",1,False,True,4940559627907673,4940559631824317,18874368,3.7688000202178955,True
overlap_2,12,3,5,"[2, 1, 2, 1]",1,False,True,4940559642132984,4940559644971467,9437184,2.6735680103302,True
overlap_2,13,3,5,"[2, 1, 2, 1]",1,False,True,4940559656409038,4940559659265230,9437184,2.6929919719696045,True
overlap_0,13,3,5,"[2, 2, 1, 1]",1,False,True,4940559670746729,4940559673660606,9437184,2.705087900161743,True
overlap_1,13,3,5,"[1, 2, 1, 2]",1,False,True,4940559685922599,4940559689878055,18874368,3.7673919200897217,True
overlap_0,14,3,5,"[2, 2, 1, 1]",1,False,True,4940559700263849,4940559703114695,9437184,2.6679680347442627,True
overlap_1,14,3,5,"[1, 2, 1, 2]",1,False,True,4940559715306343,4940559719210796,18874368,3.7477760314941406,True
overlap_2,14,3,5,"[2, 1, 2, 1]",1,False,True,4940559729556506,4940559732494562,9437184,2.7877440452575684,True
overlap_2,15,3,5,"[2, 1, 2, 1]",1,False,True,4940559743797270,4940559746641774,9437184,2.707520008087158,True
overlap_0,15,3,5,"[2, 2, 1, 1]",1,False,True,4940559758044454,4940559760975145,9437184,2.7676479816436768,True
overlap_1,15,3,5,"[1, 2, 1, 2]",1,False,True,4940559773166024,4940559777070089,18874368,3.7519679069519043,True
overlap_2,16,3,5,"[2, 1, 2, 1]",1,False,True,4940559787410327,4940559790311587,9437184,2.7357120513916016,True
overlap_1,16,3,5,"[1, 2, 1, 2]",1,False,True,4940559801680387,4940559805593043,18874368,3.78767991065979,True
overlap_0,16,3,5,"[2, 2, 1, 1]",1,False,True,4940559815893527,4940559818799869,9437184,2.7544960975646973,True
overlap_2,17,3,5,"[2, 1, 2, 1]",1,False,True,4940559830891228,4940559833817949,9437184,2.775808095932007,True
overlap_0,17,3,5,"[2, 2, 1, 1]",1,False,True,4940559845162849,4940559848051078,9437184,2.742527961730957,True
overlap_1,17,3,5,"[1, 2, 1, 2]",1,False,True,4940559860238028,4940559864149826,18874368,3.7273600101470947,True
overlap_2,18,3,5,"[2, 1, 2, 1]",1,False,True,4940559874509782,4940559877454509,9437184,2.7511680126190186,True
overlap_1,18,3,5,"[1, 2, 1, 2]",1,False,True,4940559888784742,4940559892692802,18874368,3.74399995803833,True
overlap_0,18,3,5,"[2, 2, 1, 1]",1,False,True,4940559903042511,4940559905995763,9437184,2.790656089782715,True
overlap_2,19,3,5,"[2, 1, 2, 1]",1,False,True,4940559918157438,4940559921087771,9437184,2.755647897720337,True
overlap_0,19,3,5,"[2, 2, 1, 1]",1,False,True,4940559932478813,4940559935369903,9437184,2.7397758960723877,True
overlap_1,19,3,5,"[1, 2, 1, 2]",1,False,True,4940559947622617,4940559951535465,18874368,3.764672040939331,True
overlap_2,20,3,5,"[2, 1, 2, 1]",1,False,True,4940559961975512,4940559964861075,9437184,2.715264081954956,True
overlap_1,20,3,5,"[1, 2, 1, 2]",1,False,True,4940559976239876,4940559980129843,18874368,3.75763201713562,True
overlap_0,20,3,5,"[2, 2, 1, 1]",1,False,True,4940559990444471,4940559993303614,9437184,2.70796799659729,True
overlap_1,21,3,5,"[1, 2, 1, 2]",1,False,True,4940560005597458,4940560009507873,18874368,3.7634239196777344,True
overlap_0,21,3,5,"[2, 2, 1, 1]",1,False,True,4940560019877059,4940560022793252,9437184,2.7568960189819336,True
overlap_2,21,3,5,"[2, 1, 2, 1]",1,False,True,4940560034868056,4940560037753954,9437184,2.7416958808898926,True
overlap_2,22,3,5,"[2, 1, 2, 1]",1,False,True,4940560049211798,4940560052107327,9437184,2.7550079822540283,True
overlap_1,22,3,5,"[1, 2, 1, 2]",1,False,True,4940560063466123,4940560067371886,18874368,3.7760000228881836,True
overlap_0,22,3,5,"[2, 2, 1, 1]",1,False,True,4940560077738323,4940560080603063,9437184,2.717344045639038,True
overlap_0,23,3,5,"[2, 2, 1, 1]",1,False,True,4940560092868115,4940560095717662,9437184,2.69980788230896,True
overlap_1,23,3,5,"[1, 2, 1, 2]",1,False,True,4940560107926586,4940560111832398,18874368,3.7517759799957275,True
overlap_2,23,3,5,"[2, 1, 2, 1]",1,False,True,4940560122224461,4940560125090912,9437184,2.723072052001953,True
overlap_0,24,3,5,"[2, 2, 1, 1]",1,False,True,4940560136535503,4940560139372669,9437184,2.702399969100952,True
overlap_1,24,3,5,"[1, 2, 1, 2]",1,False,True,4940560151593121,4940560155486201,18874368,3.7405760288238525,True
overlap_2,24,3,5,"[2, 1, 2, 1]",1,False,True,4940560165780394,4940560168687922,9437184,2.7487359046936035,True
overlap_0,25,3,5,"[2, 2, 1, 1]",1,False,True,4940560180122805,4940560183042278,9437184,2.729599952697754,True
overlap_2,25,3,5,"[2, 1, 2, 1]",1,False,True,4940560195168962,4940560197987041,9437184,2.6445438861846924,True
overlap_1,25,3,5,"[1, 2, 1, 2]",1,False,True,4940560209471529,4940560213361006,18874368,3.7583680152893066,True
overlap_2,26,3,5,"[2, 1, 2, 1]",1,False,True,4940560223707630,4940560226535848,9437184,2.6677119731903076,True
overlap_1,26,3,5,"[1, 2, 1, 2]",1,False,True,4940560237997380,4940560241886682,18874368,3.7482240200042725,True
overlap_0,26,3,5,"[2, 2, 1, 1]",1,False,True,4940560252221174,4940560255092583,9437184,2.7173120975494385,True
overlap_2,27,3,5,"[2, 1, 2, 1]",1,False,True,4940560267278091,4940560270192572,9437184,2.7777600288391113,True
overlap_0,27,3,5,"[2, 2, 1, 1]",1,False,True,4940560281520465,4940560284437093,9437184,2.7631680965423584,True
overlap_1,27,3,5,"[1, 2, 1, 2]",1,False,True,4940560296626592,4940560300519314,18874368,3.7459518909454346,True
overlap_2,28,3,5,"[2, 1, 2, 1]",1,False,True,4940560310863811,4940560313825112,9437184,2.798624038696289,True
overlap_0,28,3,5,"[2, 2, 1, 1]",1,False,True,4940560325110303,4940560328007138,9437184,2.7555840015411377,True
overlap_1,28,3,5,"[1, 2, 1, 2]",1,False,True,4940560340206573,4940560344106875,18874368,3.7723519802093506,True
overlap_0,29,3,5,"[2, 2, 1, 1]",1,False,True,4940560354453156,4940560357377160,9437184,2.752671957015991,True
overlap_1,29,3,5,"[1, 2, 1, 2]",1,False,True,4940560369587886,4940560373489725,18874368,3.7370240688323975,True
overlap_2,29,3,5,"[2, 1, 2, 1]",1,False,True,4940560383835556,4940560386627667,9437184,2.6204800605773926,True
